schema_version,experiment_id,strategy_id,direction_filter,first_target_points,stop_points,runner_target_points,runner_stop_mode,input_signal_rows,input_candidates,evaluated_trades,full_stops,first_target_hits,runner_target_hits,runner_stop_exits,end_of_session_exits,other_exits,positive_net_trades,positive_net_rate,gross_usd,net_usd,average_net_usd,long_trades,short_trades,notes
1,signal_scaled_scalp:strategy=random_25_per_day:direction=all:first_target_points=0.5:stop_points=1:runner_target_points=1.5:runner_stop_mode=breakeven,random_25_per_day,all,0.5,1,1.5,breakeven,294,294,294,162,132,75,57,0,0,132,0.44897959,-7275,-9333,-31.74489796,150,144,"two-contract post-signal scalp: one contract exits at first target, one runner uses selected stop mode and runner target"
1,signal_scaled_scalp:strategy=random_25_per_day:direction=all:first_target_points=0.5:stop_points=1:runner_target_points=1.5:runner_stop_mode=initial,random_25_per_day,all,0.5,1,1.5,initial,294,294,294,162,132,95,37,0,0,95,0.32312925,-7625,-9683,-32.93537415,150,144,"two-contract post-signal scalp: one contract exits at first target, one runner uses selected stop mode and runner target"
1,signal_scaled_scalp:strategy=random_25_per_day:direction=all:first_target_points=0.5:stop_points=1:runner_target_points=2:runner_stop_mode=breakeven,random_25_per_day,all,0.5,1,2,breakeven,294,294,294,162,132,54,78,0,0,132,0.44897959,-7500,-9558,-32.51020408,150,144,"two-contract post-signal scalp: one contract exits at first target, one runner uses selected stop mode and runner target"
1,signal_scaled_scalp:strategy=random_25_per_day:direction=all:first_target_points=0.5:stop_points=1:runner_target_points=2:runner_stop_mode=initial,random_25_per_day,all,0.5,1,2,initial,294,294,294,162,132,80,52,0,0,80,0.27210884,-7500,-9558,-32.51020408,150,144,"two-contract post-signal scalp: one contract exits at first target, one runner uses selected stop mode and runner target"
1,signal_scaled_scalp:strategy=random_25_per_day:direction=all:first_target_points=0.5:stop_points=1:runner_target_points=3:runner_stop_mode=breakeven,random_25_per_day,all,0.5,1,3,breakeven,294,294,294,162,132,38,94,0,0,132,0.44897959,-7200,-9258,-31.48979592,150,144,"two-contract post-signal scalp: one contract exits at first target, one runner uses selected stop mode and runner target"
1,signal_scaled_scalp:strategy=random_25_per_day:direction=all:first_target_points=0.5:stop_points=1:runner_target_points=3:runner_stop_mode=initial,random_25_per_day,all,0.5,1,3,initial,294,294,294,162,132,62,70,0,0,62,0.21088435,-7100,-9158,-31.14965986,150,144,"two-contract post-signal scalp: one contract exits at first target, one runner uses selected stop mode and runner target"
1,signal_scaled_scalp:strategy=random_25_per_day:direction=all:first_target_points=0.5:stop_points=1:runner_target_points=5:runner_stop_mode=breakeven,random_25_per_day,all,0.5,1,5,breakeven,294,294,294,162,132,25,107,0,0,132,0.44897959,-6650,-8708,-29.61904762,150,144,"two-contract post-signal scalp: one contract exits at first target, one runner uses selected stop mode and runner target"
1,signal_scaled_scalp:strategy=random_25_per_day:direction=all:first_target_points=0.5:stop_points=1:runner_target_points=5:runner_stop_mode=initial,random_25_per_day,all,0.5,1,5,initial,294,294,294,162,132,40,92,0,0,40,0.13605442,-7500,-9558,-32.51020408,150,144,"two-contract post-signal scalp: one contract exits at first target, one runner uses selected stop mode and runner target"
1,signal_scaled_scalp:strategy=random_25_per_day:direction=all:first_target_points=0.5:stop_points=1.5:runner_target_points=1.5:runner_stop_mode=breakeven,random_25_per_day,all,0.5,1.5,1.5,breakeven,294,294,294,144,150,79,71,0,0,150,0.51020408,-11925,-13983,-47.56122449,150,144,"two-contract post-signal scalp: one contract exits at first target, one runner uses selected stop mode and runner target"
1,signal_scaled_scalp:strategy=random_25_per_day:direction=all:first_target_points=0.5:stop_points=1.5:runner_target_points=1.5:runner_stop_mode=initial,random_25_per_day,all,0.5,1.5,1.5,initial,294,294,294,144,150,111,39,0,0,111,0.37755102,-12450,-14508,-49.34693878,150,144,"two-contract post-signal scalp: one contract exits at first target, one runner uses selected stop mode and runner target"
1,signal_scaled_scalp:strategy=random_25_per_day:direction=all:first_target_points=0.5:stop_points=1.5:runner_target_points=2:runner_stop_mode=breakeven,random_25_per_day,all,0.5,1.5,2,breakeven,294,294,294,144,150,57,93,0,0,150,0.51020408,-12150,-14208,-48.32653061,150,144,"two-contract post-signal scalp: one contract exits at first target, one runner uses selected stop mode and runner target"
1,signal_scaled_scalp:strategy=random_25_per_day:direction=all:first_target_points=0.5:stop_points=1.5:runner_target_points=2:runner_stop_mode=initial,random_25_per_day,all,0.5,1.5,2,initial,294,294,294,144,150,94,56,0,0,94,0.31972789,-12650,-14708,-50.02721088,150,144,"two-contract post-signal scalp: one contract exits at first target, one runner uses selected stop mode and runner target"
1,signal_scaled_scalp:strategy=random_25_per_day:direction=all:first_target_points=0.5:stop_points=1.5:runner_target_points=3:runner_stop_mode=breakeven,random_25_per_day,all,0.5,1.5,3,breakeven,294,294,294,144,150,40,110,0,0,150,0.51020408,-11850,-13908,-47.30612245,150,144,"two-contract post-signal scalp: one contract exits at first target, one runner uses selected stop mode and runner target"
1,signal_scaled_scalp:strategy=random_25_per_day:direction=all:first_target_points=0.5:stop_points=1.5:runner_target_points=3:runner_stop_mode=initial,random_25_per_day,all,0.5,1.5,3,initial,294,294,294,144,150,72,78,0,0,72,0.24489796,-12900,-14958,-50.87755102,150,144,"two-contract post-signal scalp: one contract exits at first target, one runner uses selected stop mode and runner target"
1,signal_scaled_scalp:strategy=random_25_per_day:direction=all:first_target_points=0.5:stop_points=1.5:runner_target_points=5:runner_stop_mode=breakeven,random_25_per_day,all,0.5,1.5,5,breakeven,294,294,294,144,150,26,124,0,0,150,0.51020408,-11350,-13408,-45.60544218,150,144,"two-contract post-signal scalp: one contract exits at first target, one runner uses selected stop mode and runner target"
1,signal_scaled_scalp:strategy=random_25_per_day:direction=all:first_target_points=0.5:stop_points=1.5:runner_target_points=5:runner_stop_mode=initial,random_25_per_day,all,0.5,1.5,5,initial,294,294,294,144,150,49,101,0,0,49,0.16666667,-13175,-15233,-51.81292517,150,144,"two-contract post-signal scalp: one contract exits at first target, one runner uses selected stop mode and runner target"
1,signal_scaled_scalp:strategy=random_25_per_day:direction=all:first_target_points=0.5:stop_points=2:runner_target_points=1.5:runner_stop_mode=breakeven,random_25_per_day,all,0.5,2,1.5,breakeven,294,294,294,124,170,82,88,0,0,170,0.57823129,-14400,-16458,-55.97959184,150,144,"two-contract post-signal scalp: one contract exits at first target, one runner uses selected stop mode and runner target"
1,signal_scaled_scalp:strategy=random_25_per_day:direction=all:first_target_points=0.5:stop_points=2:runner_target_points=1.5:runner_stop_mode=initial,random_25_per_day,all,0.5,2,1.5,initial,294,294,294,124,170,127,43,0,0,127,0.43197279,-15325,-17383,-59.12585034,150,144,"two-contract post-signal scalp: one contract exits at first target, one runner uses selected stop mode and runner target"
1,signal_scaled_scalp:strategy=random_25_per_day:direction=all:first_target_points=0.5:stop_points=2:runner_target_points=2:runner_stop_mode=breakeven,random_25_per_day,all,0.5,2,2,breakeven,294,294,294,124,170,60,110,0,0,170,0.57823129,-14550,-16608,-56.48979592,150,144,"two-contract post-signal scalp: one contract exits at first target, one runner uses selected stop mode and runner target"
1,signal_scaled_scalp:strategy=random_25_per_day:direction=all:first_target_points=0.5:stop_points=2:runner_target_points=2:runner_stop_mode=initial,random_25_per_day,all,0.5,2,2,initial,294,294,294,124,170,107,63,0,0,107,0.36394558,-16150,-18208,-61.93197279,150,144,"two-contract post-signal scalp: one contract exits at first target, one runner uses selected stop mode and runner target"
1,signal_scaled_scalp:strategy=random_25_per_day:direction=all:first_target_points=0.5:stop_points=2:runner_target_points=3:runner_stop_mode=breakeven,random_25_per_day,all,0.5,2,3,breakeven,294,294,294,124,170,43,127,0,0,170,0.57823129,-14100,-16158,-54.95918367,150,144,"two-contract post-signal scalp: one contract exits at first target, one runner uses selected stop mode and runner target"
1,signal_scaled_scalp:strategy=random_25_per_day:direction=all:first_target_points=0.5:stop_points=2:runner_target_points=3:runner_stop_mode=initial,random_25_per_day,all,0.5,2,3,initial,294,294,294,124,170,84,86,0,0,84,0.28571429,-16550,-18608,-63.29251701,150,144,"two-contract post-signal scalp: one contract exits at first target, one runner uses selected stop mode and runner target"
1,signal_scaled_scalp:strategy=random_25_per_day:direction=all:first_target_points=0.5:stop_points=2:runner_target_points=5:runner_stop_mode=breakeven,random_25_per_day,all,0.5,2,5,breakeven,294,294,294,124,170,28,142,0,0,170,0.57823129,-13550,-15608,-53.08843537,150,144,"two-contract post-signal scalp: one contract exits at first target, one runner uses selected stop mode and runner target"
1,signal_scaled_scalp:strategy=random_25_per_day:direction=all:first_target_points=0.5:stop_points=2:runner_target_points=5:runner_stop_mode=initial,random_25_per_day,all,0.5,2,5,initial,294,294,294,124,170,61,109,0,0,61,0.20748299,-16200,-18258,-62.10204082,150,144,"two-contract post-signal scalp: one contract exits at first target, one runner uses selected stop mode and runner target"
1,signal_scaled_scalp:strategy=random_25_per_day:direction=all:first_target_points=1:stop_points=1:runner_target_points=1.5:runner_stop_mode=breakeven,random_25_per_day,all,1,1,1.5,breakeven,294,294,294,177,117,83,34,0,0,117,0.39795918,-5625,-7683,-26.13265306,150,144,"two-contract post-signal scalp: one contract exits at first target, one runner uses selected stop mode and runner target"
1,signal_scaled_scalp:strategy=random_25_per_day:direction=all:first_target_points=1:stop_points=1:runner_target_points=1.5:runner_stop_mode=initial,random_25_per_day,all,1,1,1.5,initial,294,294,294,177,117,95,22,0,0,95,0.32312925,-5825,-7883,-26.81292517,150,144,"two-contract post-signal scalp: one contract exits at first target, one runner uses selected stop mode and runner target"
1,signal_scaled_scalp:strategy=random_25_per_day:direction=all:first_target_points=1:stop_points=1:runner_target_points=2:runner_stop_mode=breakeven,random_25_per_day,all,1,1,2,breakeven,294,294,294,177,117,60,57,0,0,117,0.39795918,-5850,-7908,-26.89795918,150,144,"two-contract post-signal scalp: one contract exits at first target, one runner uses selected stop mode and runner target"
1,signal_scaled_scalp:strategy=random_25_per_day:direction=all:first_target_points=1:stop_points=1:runner_target_points=2:runner_stop_mode=initial,random_25_per_day,all,1,1,2,initial,294,294,294,177,117,80,37,0,0,80,0.27210884,-5700,-7758,-26.3877551,150,144,"two-contract post-signal scalp: one contract exits at first target, one runner uses selected stop mode and runner target"
1,signal_scaled_scalp:strategy=random_25_per_day:direction=all:first_target_points=1:stop_points=1:runner_target_points=3:runner_stop_mode=breakeven,random_25_per_day,all,1,1,3,breakeven,294,294,294,177,117,40,77,0,0,117,0.39795918,-5850,-7908,-26.89795918,150,144,"two-contract post-signal scalp: one contract exits at first target, one runner uses selected stop mode and runner target"
1,signal_scaled_scalp:strategy=random_25_per_day:direction=all:first_target_points=1:stop_points=1:runner_target_points=3:runner_stop_mode=initial,random_25_per_day,all,1,1,3,initial,294,294,294,177,117,62,55,0,0,62,0.21088435,-5300,-7358,-25.02721088,150,144,"two-contract post-signal scalp: one contract exits at first target, one runner uses selected stop mode and runner target"
1,signal_scaled_scalp:strategy=random_25_per_day:direction=all:first_target_points=1:stop_points=1:runner_target_points=5:runner_stop_mode=breakeven,random_25_per_day,all,1,1,5,breakeven,294,294,294,177,117,26,91,0,0,117,0.39795918,-5350,-7408,-25.19727891,150,144,"two-contract post-signal scalp: one contract exits at first target, one runner uses selected stop mode and runner target"
1,signal_scaled_scalp:strategy=random_25_per_day:direction=all:first_target_points=1:stop_points=1:runner_target_points=5:runner_stop_mode=initial,random_25_per_day,all,1,1,5,initial,294,294,294,177,117,40,77,0,0,40,0.13605442,-5700,-7758,-26.3877551,150,144,"two-contract post-signal scalp: one contract exits at first target, one runner uses selected stop mode and runner target"
1,signal_scaled_scalp:strategy=random_25_per_day:direction=all:first_target_points=1:stop_points=1.5:runner_target_points=1.5:runner_stop_mode=breakeven,random_25_per_day,all,1,1.5,1.5,breakeven,294,294,294,156,138,95,43,0,0,138,0.46938776,-9375,-11433,-38.8877551,150,144,"two-contract post-signal scalp: one contract exits at first target, one runner uses selected stop mode and runner target"
1,signal_scaled_scalp:strategy=random_25_per_day:direction=all:first_target_points=1:stop_points=1.5:runner_target_points=1.5:runner_stop_mode=initial,random_25_per_day,all,1,1.5,1.5,initial,294,294,294,156,138,111,27,0,0,111,0.37755102,-10200,-12258,-41.69387755,150,144,"two-contract post-signal scalp: one contract exits at first target, one runner uses selected stop mode and runner target"
1,signal_scaled_scalp:strategy=random_25_per_day:direction=all:first_target_points=1:stop_points=1.5:runner_target_points=2:runner_stop_mode=breakeven,random_25_per_day,all,1,1.5,2,breakeven,294,294,294,156,138,70,68,0,0,138,0.46938776,-9500,-11558,-39.31292517,150,144,"two-contract post-signal scalp: one contract exits at first target, one runner uses selected stop mode and runner target"
1,signal_scaled_scalp:strategy=random_25_per_day:direction=all:first_target_points=1:stop_points=1.5:runner_target_points=2:runner_stop_mode=initial,random_25_per_day,all,1,1.5,2,initial,294,294,294,156,138,94,44,0,0,94,0.31972789,-10400,-12458,-42.37414966,150,144,"two-contract post-signal scalp: one contract exits at first target, one runner uses selected stop mode and runner target"
1,signal_scaled_scalp:strategy=random_25_per_day:direction=all:first_target_points=1:stop_points=1.5:runner_target_points=3:runner_stop_mode=breakeven,random_25_per_day,all,1,1.5,3,breakeven,294,294,294,156,138,43,95,0,0,138,0.46938776,-10050,-12108,-41.18367347,150,144,"two-contract post-signal scalp: one contract exits at first target, one runner uses selected stop mode and runner target"
1,signal_scaled_scalp:strategy=random_25_per_day:direction=all:first_target_points=1:stop_points=1.5:runner_target_points=3:runner_stop_mode=initial,random_25_per_day,all,1,1.5,3,initial,294,294,294,156,138,72,66,0,0,72,0.24489796,-10650,-12708,-43.2244898,150,144,"two-contract post-signal scalp: one contract exits at first target, one runner uses selected stop mode and runner target"
1,signal_scaled_scalp:strategy=random_25_per_day:direction=all:first_target_points=1:stop_points=1.5:runner_target_points=5:runner_stop_mode=breakeven,random_25_per_day,all,1,1.5,5,breakeven,294,294,294,156,138,27,111,0,0,138,0.46938776,-9750,-11808,-40.16326531,150,144,"two-contract post-signal scalp: one contract exits at first target, one runner uses selected stop mode and runner target"
1,signal_scaled_scalp:strategy=random_25_per_day:direction=all:first_target_points=1:stop_points=1.5:runner_target_points=5:runner_stop_mode=initial,random_25_per_day,all,1,1.5,5,initial,294,294,294,156,138,49,89,0,0,49,0.16666667,-10925,-12983,-44.15986395,150,144,"two-contract post-signal scalp: one contract exits at first target, one runner uses selected stop mode and runner target"
1,signal_scaled_scalp:strategy=random_25_per_day:direction=all:first_target_points=1:stop_points=2:runner_target_points=1.5:runner_stop_mode=breakeven,random_25_per_day,all,1,2,1.5,breakeven,294,294,294,137,157,103,54,0,0,157,0.53401361,-11825,-13883,-47.22108844,150,144,"two-contract post-signal scalp: one contract exits at first target, one runner uses selected stop mode and runner target"
1,signal_scaled_scalp:strategy=random_25_per_day:direction=all:first_target_points=1:stop_points=2:runner_target_points=1.5:runner_stop_mode=initial,random_25_per_day,all,1,2,1.5,initial,294,294,294,137,157,127,30,0,0,127,0.43197279,-13025,-15083,-51.30272109,150,144,"two-contract post-signal scalp: one contract exits at first target, one runner uses selected stop mode and runner target"
1,signal_scaled_scalp:strategy=random_25_per_day:direction=all:first_target_points=1:stop_points=2:runner_target_points=2:runner_stop_mode=breakeven,random_25_per_day,all,1,2,2,breakeven,294,294,294,137,157,75,82,0,0,157,0.53401361,-12050,-14108,-47.98639456,150,144,"two-contract post-signal scalp: one contract exits at first target, one runner uses selected stop mode and runner target"
1,signal_scaled_scalp:strategy=random_25_per_day:direction=all:first_target_points=1:stop_points=2:runner_target_points=2:runner_stop_mode=initial,random_25_per_day,all,1,2,2,initial,294,294,294,137,157,107,50,0,0,107,0.36394558,-13850,-15908,-54.10884354,150,144,"two-contract post-signal scalp: one contract exits at first target, one runner uses selected stop mode and runner target"
1,signal_scaled_scalp:strategy=random_25_per_day:direction=all:first_target_points=1:stop_points=2:runner_target_points=3:runner_stop_mode=breakeven,random_25_per_day,all,1,2,3,breakeven,294,294,294,137,157,46,111,0,0,157,0.53401361,-12650,-14708,-50.02721088,150,144,"two-contract post-signal scalp: one contract exits at first target, one runner uses selected stop mode and runner target"
1,signal_scaled_scalp:strategy=random_25_per_day:direction=all:first_target_points=1:stop_points=2:runner_target_points=3:runner_stop_mode=initial,random_25_per_day,all,1,2,3,initial,294,294,294,137,157,84,73,0,0,84,0.28571429,-14250,-16308,-55.46938776,150,144,"two-contract post-signal scalp: one contract exits at first target, one runner uses selected stop mode and runner target"
1,signal_scaled_scalp:strategy=random_25_per_day:direction=all:first_target_points=1:stop_points=2:runner_target_points=5:runner_stop_mode=breakeven,random_25_per_day,all,1,2,5,breakeven,294,294,294,137,157,29,128,0,0,157,0.53401361,-12300,-14358,-48.83673469,150,144,"two-contract post-signal scalp: one contract exits at first target, one runner uses selected stop mode and runner target"
1,signal_scaled_scalp:strategy=random_25_per_day:direction=all:first_target_points=1:stop_points=2:runner_target_points=5:runner_stop_mode=initial,random_25_per_day,all,1,2,5,initial,294,294,294,137,157,61,96,0,0,61,0.20748299,-13900,-15958,-54.27891156,150,144,"two-contract post-signal scalp: one contract exits at first target, one runner uses selected stop mode and runner target"
1,signal_scaled_scalp:strategy=random_25_per_day:direction=all:first_target_points=1.5:stop_points=1:runner_target_points=2:runner_stop_mode=breakeven,random_25_per_day,all,1.5,1,2,breakeven,294,294,294,199,95,69,26,0,0,95,0.32312925,-5875,-7933,-26.9829932,150,144,"two-contract post-signal scalp: one contract exits at first target, one runner uses selected stop mode and runner target"
1,signal_scaled_scalp:strategy=random_25_per_day:direction=all:first_target_points=1.5:stop_points=1:runner_target_points=2:runner_stop_mode=initial,random_25_per_day,all,1.5,1,2,initial,294,294,294,199,95,80,15,0,0,95,0.32312925,-5525,-7583,-25.79251701,150,144,"two-contract post-signal scalp: one contract exits at first target, one runner uses selected stop mode and runner target"
1,signal_scaled_scalp:strategy=random_25_per_day:direction=all:first_target_points=1.5:stop_points=1:runner_target_points=3:runner_stop_mode=breakeven,random_25_per_day,all,1.5,1,3,breakeven,294,294,294,199,95,46,49,0,0,95,0.32312925,-5875,-7933,-26.9829932,150,144,"two-contract post-signal scalp: one contract exits at first target, one runner uses selected stop mode and runner target"
1,signal_scaled_scalp:strategy=random_25_per_day:direction=all:first_target_points=1.5:stop_points=1:runner_target_points=3:runner_stop_mode=initial,random_25_per_day,all,1.5,1,3,initial,294,294,294,199,95,62,33,0,0,95,0.32312925,-5125,-7183,-24.43197279,150,144,"two-contract post-signal scalp: one contract exits at first target, one runner uses selected stop mode and runner target"
1,signal_scaled_scalp:strategy=random_25_per_day:direction=all:first_target_points=1.5:stop_points=1:runner_target_points=5:runner_stop_mode=breakeven,random_25_per_day,all,1.5,1,5,breakeven,294,294,294,199,95,29,66,0,0,95,0.32312925,-5525,-7583,-25.79251701,150,144,"two-contract post-signal scalp: one contract exits at first target, one runner uses selected stop mode and runner target"
1,signal_scaled_scalp:strategy=random_25_per_day:direction=all:first_target_points=1.5:stop_points=1:runner_target_points=5:runner_stop_mode=initial,random_25_per_day,all,1.5,1,5,initial,294,294,294,199,95,40,55,0,0,95,0.32312925,-5525,-7583,-25.79251701,150,144,"two-contract post-signal scalp: one contract exits at first target, one runner uses selected stop mode and runner target"
1,signal_scaled_scalp:strategy=random_25_per_day:direction=all:first_target_points=1.5:stop_points=1.5:runner_target_points=2:runner_stop_mode=breakeven,random_25_per_day,all,1.5,1.5,2,breakeven,294,294,294,183,111,82,29,0,0,111,0.37755102,-10925,-12983,-44.15986395,150,144,"two-contract post-signal scalp: one contract exits at first target, one runner uses selected stop mode and runner target"
1,signal_scaled_scalp:strategy=random_25_per_day:direction=all:first_target_points=1.5:stop_points=1.5:runner_target_points=2:runner_stop_mode=initial,random_25_per_day,all,1.5,1.5,2,initial,294,294,294,183,111,94,17,0,0,94,0.31972789,-11000,-13058,-44.41496599,150,144,"two-contract post-signal scalp: one contract exits at first target, one runner uses selected stop mode and runner target"
1,signal_scaled_scalp:strategy=random_25_per_day:direction=all:first_target_points=1.5:stop_points=1.5:runner_target_points=3:runner_stop_mode=breakeven,random_25_per_day,all,1.5,1.5,3,breakeven,294,294,294,183,111,50,61,0,0,111,0.37755102,-11625,-13683,-46.54081633,150,144,"two-contract post-signal scalp: one contract exits at first target, one runner uses selected stop mode and runner target"
1,signal_scaled_scalp:strategy=random_25_per_day:direction=all:first_target_points=1.5:stop_points=1.5:runner_target_points=3:runner_stop_mode=initial,random_25_per_day,all,1.5,1.5,3,initial,294,294,294,183,111,72,39,0,0,72,0.24489796,-11250,-13308,-45.26530612,150,144,"two-contract post-signal scalp: one contract exits at first target, one runner uses selected stop mode and runner target"
1,signal_scaled_scalp:strategy=random_25_per_day:direction=all:first_target_points=1.5:stop_points=1.5:runner_target_points=5:runner_stop_mode=breakeven,random_25_per_day,all,1.5,1.5,5,breakeven,294,294,294,183,111,30,81,0,0,111,0.37755102,-11625,-13683,-46.54081633,150,144,"two-contract post-signal scalp: one contract exits at first target, one runner uses selected stop mode and runner target"
1,signal_scaled_scalp:strategy=random_25_per_day:direction=all:first_target_points=1.5:stop_points=1.5:runner_target_points=5:runner_stop_mode=initial,random_25_per_day,all,1.5,1.5,5,initial,294,294,294,183,111,49,62,0,0,49,0.16666667,-11525,-13583,-46.20068027,150,144,"two-contract post-signal scalp: one contract exits at first target, one runner uses selected stop mode and runner target"
1,signal_scaled_scalp:strategy=random_25_per_day:direction=all:first_target_points=1.5:stop_points=2:runner_target_points=2:runner_stop_mode=breakeven,random_25_per_day,all,1.5,2,2,breakeven,294,294,294,167,127,94,33,0,0,127,0.43197279,-14475,-16533,-56.23469388,150,144,"two-contract post-signal scalp: one contract exits at first target, one runner uses selected stop mode and runner target"
1,signal_scaled_scalp:strategy=random_25_per_day:direction=all:first_target_points=1.5:stop_points=2:runner_target_points=2:runner_stop_mode=initial,random_25_per_day,all,1.5,2,2,initial,294,294,294,167,127,107,20,0,0,107,0.36394558,-15175,-17233,-58.61564626,150,144,"two-contract post-signal scalp: one contract exits at first target, one runner uses selected stop mode and runner target"
1,signal_scaled_scalp:strategy=random_25_per_day:direction=all:first_target_points=1.5:stop_points=2:runner_target_points=3:runner_stop_mode=breakeven,random_25_per_day,all,1.5,2,3,breakeven,294,294,294,167,127,58,69,0,0,127,0.43197279,-15175,-17233,-58.61564626,150,144,"two-contract post-signal scalp: one contract exits at first target, one runner uses selected stop mode and runner target"
1,signal_scaled_scalp:strategy=random_25_per_day:direction=all:first_target_points=1.5:stop_points=2:runner_target_points=3:runner_stop_mode=initial,random_25_per_day,all,1.5,2,3,initial,294,294,294,167,127,84,43,0,0,84,0.28571429,-15575,-17633,-59.97619048,150,144,"two-contract post-signal scalp: one contract exits at first target, one runner uses selected stop mode and runner target"
1,signal_scaled_scalp:strategy=random_25_per_day:direction=all:first_target_points=1.5:stop_points=2:runner_target_points=5:runner_stop_mode=breakeven,random_25_per_day,all,1.5,2,5,breakeven,294,294,294,167,127,36,91,0,0,127,0.43197279,-14875,-16933,-57.5952381,150,144,"two-contract post-signal scalp: one contract exits at first target, one runner uses selected stop mode and runner target"
1,signal_scaled_scalp:strategy=random_25_per_day:direction=all:first_target_points=1.5:stop_points=2:runner_target_points=5:runner_stop_mode=initial,random_25_per_day,all,1.5,2,5,initial,294,294,294,167,127,61,66,0,0,61,0.20748299,-15225,-17283,-58.78571429,150,144,"two-contract post-signal scalp: one contract exits at first target, one runner uses selected stop mode and runner target"
1,signal_scaled_scalp:strategy=vwap_extension_fade_1pt:direction=all:first_target_points=0.5:stop_points=1:runner_target_points=1.5:runner_stop_mode=breakeven,vwap_extension_fade_1pt,all,0.5,1,1.5,breakeven,217,217,217,119,98,54,44,0,0,98,0.4516129,-5400,-6919,-31.88479263,112,105,"two-contract post-signal scalp: one contract exits at first target, one runner uses selected stop mode and runner target"
1,signal_scaled_scalp:strategy=vwap_extension_fade_1pt:direction=all:first_target_points=0.5:stop_points=1:runner_target_points=1.5:runner_stop_mode=initial,vwap_extension_fade_1pt,all,0.5,1,1.5,initial,217,217,217,119,98,69,29,0,0,69,0.31797235,-5725,-7244,-33.38248848,112,105,"two-contract post-signal scalp: one contract exits at first target, one runner uses selected stop mode and runner target"
1,signal_scaled_scalp:strategy=vwap_extension_fade_1pt:direction=all:first_target_points=0.5:stop_points=1:runner_target_points=2:runner_stop_mode=breakeven,vwap_extension_fade_1pt,all,0.5,1,2,breakeven,217,217,217,119,98,44,54,0,0,98,0.4516129,-5050,-6569,-30.2718894,112,105,"two-contract post-signal scalp: one contract exits at first target, one runner uses selected stop mode and runner target"
1,signal_scaled_scalp:strategy=vwap_extension_fade_1pt:direction=all:first_target_points=0.5:stop_points=1:runner_target_points=2:runner_stop_mode=initial,vwap_extension_fade_1pt,all,0.5,1,2,initial,217,217,217,119,98,62,36,0,0,62,0.28571429,-5050,-6569,-30.2718894,112,105,"two-contract post-signal scalp: one contract exits at first target, one runner uses selected stop mode and runner target"
1,signal_scaled_scalp:strategy=vwap_extension_fade_1pt:direction=all:first_target_points=0.5:stop_points=1:runner_target_points=3:runner_stop_mode=breakeven,vwap_extension_fade_1pt,all,0.5,1,3,breakeven,217,217,217,119,98,30,68,0,0,98,0.4516129,-4950,-6469,-29.81105991,112,105,"two-contract post-signal scalp: one contract exits at first target, one runner uses selected stop mode and runner target"
1,signal_scaled_scalp:strategy=vwap_extension_fade_1pt:direction=all:first_target_points=0.5:stop_points=1:runner_target_points=3:runner_stop_mode=initial,vwap_extension_fade_1pt,all,0.5,1,3,initial,217,217,217,119,98,51,47,0,0,51,0.23502304,-4150,-5669,-26.12442396,112,105,"two-contract post-signal scalp: one contract exits at first target, one runner uses selected stop mode and runner target"
1,signal_scaled_scalp:strategy=vwap_extension_fade_1pt:direction=all:first_target_points=0.5:stop_points=1:runner_target_points=5:runner_stop_mode=breakeven,vwap_extension_fade_1pt,all,0.5,1,5,breakeven,217,217,217,119,98,20,78,0,0,98,0.4516129,-4450,-5969,-27.50691244,112,105,"two-contract post-signal scalp: one contract exits at first target, one runner uses selected stop mode and runner target"
1,signal_scaled_scalp:strategy=vwap_extension_fade_1pt:direction=all:first_target_points=0.5:stop_points=1:runner_target_points=5:runner_stop_mode=initial,vwap_extension_fade_1pt,all,0.5,1,5,initial,217,217,217,119,98,37,61,0,0,37,0.17050691,-3250,-4769,-21.97695853,112,105,"two-contract post-signal scalp: one contract exits at first target, one runner uses selected stop mode and runner target"
1,signal_scaled_scalp:strategy=vwap_extension_fade_1pt:direction=all:first_target_points=0.5:stop_points=1.5:runner_target_points=1.5:runner_stop_mode=breakeven,vwap_extension_fade_1pt,all,0.5,1.5,1.5,breakeven,217,217,217,110,107,59,48,0,0,107,0.49308756,-9400,-10919,-50.31797235,112,105,"two-contract post-signal scalp: one contract exits at first target, one runner uses selected stop mode and runner target"
1,signal_scaled_scalp:strategy=vwap_extension_fade_1pt:direction=all:first_target_points=0.5:stop_points=1.5:runner_target_points=1.5:runner_stop_mode=initial,vwap_extension_fade_1pt,all,0.5,1.5,1.5,initial,217,217,217,110,107,82,25,0,0,82,0.37788018,-9550,-11069,-51.00921659,112,105,"two-contract post-signal scalp: one contract exits at first target, one runner uses selected stop mode and runner target"
1,signal_scaled_scalp:strategy=vwap_extension_fade_1pt:direction=all:first_target_points=0.5:stop_points=1.5:runner_target_points=2:runner_stop_mode=breakeven,vwap_extension_fade_1pt,all,0.5,1.5,2,breakeven,217,217,217,110,107,48,59,0,0,107,0.49308756,-9025,-10544,-48.58986175,112,105,"two-contract post-signal scalp: one contract exits at first target, one runner uses selected stop mode and runner target"
1,signal_scaled_scalp:strategy=vwap_extension_fade_1pt:direction=all:first_target_points=0.5:stop_points=1.5:runner_target_points=2:runner_stop_mode=initial,vwap_extension_fade_1pt,all,0.5,1.5,2,initial,217,217,217,110,107,74,33,0,0,74,0.34101382,-8900,-10419,-48.01382488,112,105,"two-contract post-signal scalp: one contract exits at first target, one runner uses selected stop mode and runner target"
1,signal_scaled_scalp:strategy=vwap_extension_fade_1pt:direction=all:first_target_points=0.5:stop_points=1.5:runner_target_points=3:runner_stop_mode=breakeven,vwap_extension_fade_1pt,all,0.5,1.5,3,breakeven,217,217,217,110,107,34,73,0,0,107,0.49308756,-8725,-10244,-47.20737327,112,105,"two-contract post-signal scalp: one contract exits at first target, one runner uses selected stop mode and runner target"
1,signal_scaled_scalp:strategy=vwap_extension_fade_1pt:direction=all:first_target_points=0.5:stop_points=1.5:runner_target_points=3:runner_stop_mode=initial,vwap_extension_fade_1pt,all,0.5,1.5,3,initial,217,217,217,110,107,62,45,0,0,62,0.28571429,-7900,-9419,-43.40552995,112,105,"two-contract post-signal scalp: one contract exits at first target, one runner uses selected stop mode and runner target"
1,signal_scaled_scalp:strategy=vwap_extension_fade_1pt:direction=all:first_target_points=0.5:stop_points=1.5:runner_target_points=5:runner_stop_mode=breakeven,vwap_extension_fade_1pt,all,0.5,1.5,5,breakeven,217,217,217,110,107,24,83,0,0,107,0.49308756,-7825,-9344,-43.05990783,112,105,"two-contract post-signal scalp: one contract exits at first target, one runner uses selected stop mode and runner target"
1,signal_scaled_scalp:strategy=vwap_extension_fade_1pt:direction=all:first_target_points=0.5:stop_points=1.5:runner_target_points=5:runner_stop_mode=initial,vwap_extension_fade_1pt,all,0.5,1.5,5,initial,217,217,217,110,107,47,60,0,0,47,0.21658986,-6575,-8094,-37.29953917,112,105,"two-contract post-signal scalp: one contract exits at first target, one runner uses selected stop mode and runner target"
1,signal_scaled_scalp:strategy=vwap_extension_fade_1pt:direction=all:first_target_points=0.5:stop_points=2:runner_target_points=1.5:runner_stop_mode=breakeven,vwap_extension_fade_1pt,all,0.5,2,1.5,breakeven,217,217,217,97,120,63,57,0,0,120,0.55299539,-11675,-13194,-60.80184332,112,105,"two-contract post-signal scalp: one contract exits at first target, one runner uses selected stop mode and runner target"
1,signal_scaled_scalp:strategy=vwap_extension_fade_1pt:direction=all:first_target_points=0.5:stop_points=2:runner_target_points=1.5:runner_stop_mode=initial,vwap_extension_fade_1pt,all,0.5,2,1.5,initial,217,217,217,97,120,97,23,0,0,97,0.44700461,-11425,-12944,-59.64976959,112,105,"two-contract post-signal scalp: one contract exits at first target, one runner uses selected stop mode and runner target"
1,signal_scaled_scalp:strategy=vwap_extension_fade_1pt:direction=all:first_target_points=0.5:stop_points=2:runner_target_points=2:runner_stop_mode=breakeven,vwap_extension_fade_1pt,all,0.5,2,2,breakeven,217,217,217,97,120,52,68,0,0,120,0.55299539,-11200,-12719,-58.61290323,112,105,"two-contract post-signal scalp: one contract exits at first target, one runner uses selected stop mode and runner target"
1,signal_scaled_scalp:strategy=vwap_extension_fade_1pt:direction=all:first_target_points=0.5:stop_points=2:runner_target_points=2:runner_stop_mode=initial,vwap_extension_fade_1pt,all,0.5,2,2,initial,217,217,217,97,120,90,30,0,0,90,0.41474654,-10400,-11919,-54.92626728,112,105,"two-contract post-signal scalp: one contract exits at first target, one runner uses selected stop mode and runner target"
1,signal_scaled_scalp:strategy=vwap_extension_fade_1pt:direction=all:first_target_points=0.5:stop_points=2:runner_target_points=3:runner_stop_mode=breakeven,vwap_extension_fade_1pt,all,0.5,2,3,breakeven,217,217,217,97,120,37,83,0,0,120,0.55299539,-10850,-12369,-57,112,105,"two-contract post-signal scalp: one contract exits at first target, one runner uses selected stop mode and runner target"
1,signal_scaled_scalp:strategy=vwap_extension_fade_1pt:direction=all:first_target_points=0.5:stop_points=2:runner_target_points=3:runner_stop_mode=initial,vwap_extension_fade_1pt,all,0.5,2,3,initial,217,217,217,97,120,76,44,0,0,76,0.35023041,-9400,-10919,-50.31797235,112,105,"two-contract post-signal scalp: one contract exits at first target, one runner uses selected stop mode and runner target"
1,signal_scaled_scalp:strategy=vwap_extension_fade_1pt:direction=all:first_target_points=0.5:stop_points=2:runner_target_points=5:runner_stop_mode=breakeven,vwap_extension_fade_1pt,all,0.5,2,5,breakeven,217,217,217,97,120,26,94,0,0,120,0.55299539,-9900,-11419,-52.62211982,112,105,"two-contract post-signal scalp: one contract exits at first target, one runner uses selected stop mode and runner target"
1,signal_scaled_scalp:strategy=vwap_extension_fade_1pt:direction=all:first_target_points=0.5:stop_points=2:runner_target_points=5:runner_stop_mode=initial,vwap_extension_fade_1pt,all,0.5,2,5,initial,217,217,217,97,120,59,61,0,0,59,0.2718894,-7750,-9269,-42.71428571,112,105,"two-contract post-signal scalp: one contract exits at first target, one runner uses selected stop mode and runner target"
1,signal_scaled_scalp:strategy=vwap_extension_fade_1pt:direction=all:first_target_points=1:stop_points=1:runner_target_points=1.5:runner_stop_mode=breakeven,vwap_extension_fade_1pt,all,1,1,1.5,breakeven,217,217,217,131,86,61,25,0,0,86,0.39631336,-4225,-5744,-26.47004608,112,105,"two-contract post-signal scalp: one contract exits at first target, one runner uses selected stop mode and runner target"
1,signal_scaled_scalp:strategy=vwap_extension_fade_1pt:direction=all:first_target_points=1:stop_points=1:runner_target_points=1.5:runner_stop_mode=initial,vwap_extension_fade_1pt,all,1,1,1.5,initial,217,217,217,131,86,69,17,0,0,69,0.31797235,-4475,-5994,-27.62211982,112,105,"two-contract post-signal scalp: one contract exits at first target, one runner uses selected stop mode and runner target"
1,signal_scaled_scalp:strategy=vwap_extension_fade_1pt:direction=all:first_target_points=1:stop_points=1:runner_target_points=2:runner_stop_mode=breakeven,vwap_extension_fade_1pt,all,1,1,2,breakeven,217,217,217,131,86,50,36,0,0,86,0.39631336,-3800,-5319,-24.51152074,112,105,"two-contract post-signal scalp: one contract exits at first target, one runner uses selected stop mode and runner target"
1,signal_scaled_scalp:strategy=vwap_extension_fade_1pt:direction=all:first_target_points=1:stop_points=1:runner_target_points=2:runner_stop_mode=initial,vwap_extension_fade_1pt,all,1,1,2,initial,217,217,217,131,86,62,24,0,0,62,0.28571429,-3800,-5319,-24.51152074,112,105,"two-contract post-signal scalp: one contract exits at first target, one runner uses selected stop mode and runner target"
1,signal_scaled_scalp:strategy=vwap_extension_fade_1pt:direction=all:first_target_points=1:stop_points=1:runner_target_points=3:runner_stop_mode=breakeven,vwap_extension_fade_1pt,all,1,1,3,breakeven,217,217,217,131,86,36,50,0,0,86,0.39631336,-3400,-4919,-22.66820276,112,105,"two-contract post-signal scalp: one contract exits at first target, one runner uses selected stop mode and runner target"
1,signal_scaled_scalp:strategy=vwap_extension_fade_1pt:direction=all:first_target_points=1:stop_points=1:runner_target_points=3:runner_stop_mode=initial,vwap_extension_fade_1pt,all,1,1,3,initial,217,217,217,131,86,51,35,0,0,51,0.23502304,-2900,-4419,-20.3640553,112,105,"two-contract post-signal scalp: one contract exits at first target, one runner uses selected stop mode and runner target"
1,signal_scaled_scalp:strategy=vwap_extension_fade_1pt:direction=all:first_target_points=1:stop_points=1:runner_target_points=5:runner_stop_mode=breakeven,vwap_extension_fade_1pt,all,1,1,5,breakeven,217,217,217,131,86,22,64,0,0,86,0.39631336,-3300,-4819,-22.20737327,112,105,"two-contract post-signal scalp: one contract exits at first target, one runner uses selected stop mode and runner target"
1,signal_scaled_scalp:strategy=vwap_extension_fade_1pt:direction=all:first_target_points=1:stop_points=1:runner_target_points=5:runner_stop_mode=initial,vwap_extension_fade_1pt,all,1,1,5,initial,217,217,217,131,86,37,49,0,0,37,0.17050691,-2000,-3519,-16.21658986,112,105,"two-contract post-signal scalp: one contract exits at first target, one runner uses selected stop mode and runner target"
1,signal_scaled_scalp:strategy=vwap_extension_fade_1pt:direction=all:first_target_points=1:stop_points=1.5:runner_target_points=1.5:runner_stop_mode=breakeven,vwap_extension_fade_1pt,all,1,1.5,1.5,breakeven,217,217,217,122,95,67,28,0,0,95,0.43778802,-8525,-10044,-46.28571429,112,105,"two-contract post-signal scalp: one contract exits at first target, one runner uses selected stop mode and runner target"
1,signal_scaled_scalp:strategy=vwap_extension_fade_1pt:direction=all:first_target_points=1:stop_points=1.5:runner_target_points=1.5:runner_stop_mode=initial,vwap_extension_fade_1pt,all,1,1.5,1.5,initial,217,217,217,122,95,82,13,0,0,82,0.37788018,-8375,-9894,-45.59447005,112,105,"two-contract post-signal scalp: one contract exits at first target, one runner uses selected stop mode and runner target"
1,signal_scaled_scalp:strategy=vwap_extension_fade_1pt:direction=all:first_target_points=1:stop_points=1.5:runner_target_points=2:runner_stop_mode=breakeven,vwap_extension_fade_1pt,all,1,1.5,2,breakeven,217,217,217,122,95,54,41,0,0,95,0.43778802,-8150,-9669,-44.55760369,112,105,"two-contract post-signal scalp: one contract exits at first target, one runner uses selected stop mode and runner target"
1,signal_scaled_scalp:strategy=vwap_extension_fade_1pt:direction=all:first_target_points=1:stop_points=1.5:runner_target_points=2:runner_stop_mode=initial,vwap_extension_fade_1pt,all,1,1.5,2,initial,217,217,217,122,95,74,21,0,0,74,0.34101382,-7725,-9244,-42.59907834,112,105,"two-contract post-signal scalp: one contract exits at first target, one runner uses selected stop mode and runner target"
1,signal_scaled_scalp:strategy=vwap_extension_fade_1pt:direction=all:first_target_points=1:stop_points=1.5:runner_target_points=3:runner_stop_mode=breakeven,vwap_extension_fade_1pt,all,1,1.5,3,breakeven,217,217,217,122,95,40,55,0,0,95,0.43778802,-7550,-9069,-41.79262673,112,105,"two-contract post-signal scalp: one contract exits at first target, one runner uses selected stop mode and runner target"
1,signal_scaled_scalp:strategy=vwap_extension_fade_1pt:direction=all:first_target_points=1:stop_points=1.5:runner_target_points=3:runner_stop_mode=initial,vwap_extension_fade_1pt,all,1,1.5,3,initial,217,217,217,122,95,62,33,0,0,62,0.28571429,-6725,-8244,-37.99078341,112,105,"two-contract post-signal scalp: one contract exits at first target, one runner uses selected stop mode and runner target"
1,signal_scaled_scalp:strategy=vwap_extension_fade_1pt:direction=all:first_target_points=1:stop_points=1.5:runner_target_points=5:runner_stop_mode=breakeven,vwap_extension_fade_1pt,all,1,1.5,5,breakeven,217,217,217,122,95,26,69,0,0,95,0.43778802,-7050,-8569,-39.48847926,112,105,"two-contract post-signal scalp: one contract exits at first target, one runner uses selected stop mode and runner target"
1,signal_scaled_scalp:strategy=vwap_extension_fade_1pt:direction=all:first_target_points=1:stop_points=1.5:runner_target_points=5:runner_stop_mode=initial,vwap_extension_fade_1pt,all,1,1.5,5,initial,217,217,217,122,95,47,48,0,0,47,0.21658986,-5400,-6919,-31.88479263,112,105,"two-contract post-signal scalp: one contract exits at first target, one runner uses selected stop mode and runner target"
1,signal_scaled_scalp:strategy=vwap_extension_fade_1pt:direction=all:first_target_points=1:stop_points=2:runner_target_points=1.5:runner_stop_mode=breakeven,vwap_extension_fade_1pt,all,1,2,1.5,breakeven,217,217,217,108,109,76,33,0,0,109,0.50230415,-10450,-11969,-55.15668203,112,105,"two-contract post-signal scalp: one contract exits at first target, one runner uses selected stop mode and runner target"
1,signal_scaled_scalp:strategy=vwap_extension_fade_1pt:direction=all:first_target_points=1:stop_points=2:runner_target_points=1.5:runner_stop_mode=initial,vwap_extension_fade_1pt,all,1,2,1.5,initial,217,217,217,108,109,97,12,0,0,97,0.44700461,-10075,-11594,-53.42857143,112,105,"two-contract post-signal scalp: one contract exits at first target, one runner uses selected stop mode and runner target"
1,signal_scaled_scalp:strategy=vwap_extension_fade_1pt:direction=all:first_target_points=1:stop_points=2:runner_target_points=2:runner_stop_mode=breakeven,vwap_extension_fade_1pt,all,1,2,2,breakeven,217,217,217,108,109,62,47,0,0,109,0.50230415,-9950,-11469,-52.85253456,112,105,"two-contract post-signal scalp: one contract exits at first target, one runner uses selected stop mode and runner target"
1,signal_scaled_scalp:strategy=vwap_extension_fade_1pt:direction=all:first_target_points=1:stop_points=2:runner_target_points=2:runner_stop_mode=initial,vwap_extension_fade_1pt,all,1,2,2,initial,217,217,217,108,109,90,19,0,0,90,0.41474654,-9050,-10569,-48.70506912,112,105,"two-contract post-signal scalp: one contract exits at first target, one runner uses selected stop mode and runner target"
1,signal_scaled_scalp:strategy=vwap_extension_fade_1pt:direction=all:first_target_points=1:stop_points=2:runner_target_points=3:runner_stop_mode=breakeven,vwap_extension_fade_1pt,all,1,2,3,breakeven,217,217,217,108,109,43,66,0,0,109,0.50230415,-9700,-11219,-51.70046083,112,105,"two-contract post-signal scalp: one contract exits at first target, one runner uses selected stop mode and runner target"
1,signal_scaled_scalp:strategy=vwap_extension_fade_1pt:direction=all:first_target_points=1:stop_points=2:runner_target_points=3:runner_stop_mode=initial,vwap_extension_fade_1pt,all,1,2,3,initial,217,217,217,108,109,76,33,0,0,76,0.35023041,-8050,-9569,-44.09677419,112,105,"two-contract post-signal scalp: one contract exits at first target, one runner uses selected stop mode and runner target"
1,signal_scaled_scalp:strategy=vwap_extension_fade_1pt:direction=all:first_target_points=1:stop_points=2:runner_target_points=5:runner_stop_mode=breakeven,vwap_extension_fade_1pt,all,1,2,5,breakeven,217,217,217,108,109,28,81,0,0,109,0.50230415,-9150,-10669,-49.16589862,112,105,"two-contract post-signal scalp: one contract exits at first target, one runner uses selected stop mode and runner target"
1,signal_scaled_scalp:strategy=vwap_extension_fade_1pt:direction=all:first_target_points=1:stop_points=2:runner_target_points=5:runner_stop_mode=initial,vwap_extension_fade_1pt,all,1,2,5,initial,217,217,217,108,109,59,50,0,0,59,0.2718894,-6400,-7919,-36.49308756,112,105,"two-contract post-signal scalp: one contract exits at first target, one runner uses selected stop mode and runner target"
1,signal_scaled_scalp:strategy=vwap_extension_fade_1pt:direction=all:first_target_points=1.5:stop_points=1:runner_target_points=2:runner_stop_mode=breakeven,vwap_extension_fade_1pt,all,1.5,1,2,breakeven,217,217,217,148,69,54,15,0,0,69,0.31797235,-4225,-5744,-26.47004608,112,105,"two-contract post-signal scalp: one contract exits at first target, one runner uses selected stop mode and runner target"
1,signal_scaled_scalp:strategy=vwap_extension_fade_1pt:direction=all:first_target_points=1.5:stop_points=1:runner_target_points=2:runner_stop_mode=initial,vwap_extension_fade_1pt,all,1.5,1,2,initial,217,217,217,148,69,62,7,0,0,69,0.31797235,-3775,-5294,-24.39631336,112,105,"two-contract post-signal scalp: one contract exits at first target, one runner uses selected stop mode and runner target"
1,signal_scaled_scalp:strategy=vwap_extension_fade_1pt:direction=all:first_target_points=1.5:stop_points=1:runner_target_points=3:runner_stop_mode=breakeven,vwap_extension_fade_1pt,all,1.5,1,3,breakeven,217,217,217,148,69,38,31,0,0,69,0.31797235,-3925,-5444,-25.0875576,112,105,"two-contract post-signal scalp: one contract exits at first target, one runner uses selected stop mode and runner target"
1,signal_scaled_scalp:strategy=vwap_extension_fade_1pt:direction=all:first_target_points=1.5:stop_points=1:runner_target_points=3:runner_stop_mode=initial,vwap_extension_fade_1pt,all,1.5,1,3,initial,217,217,217,148,69,51,18,0,0,69,0.31797235,-2875,-4394,-20.24884793,112,105,"two-contract post-signal scalp: one contract exits at first target, one runner uses selected stop mode and runner target"
1,signal_scaled_scalp:strategy=vwap_extension_fade_1pt:direction=all:first_target_points=1.5:stop_points=1:runner_target_points=5:runner_stop_mode=breakeven,vwap_extension_fade_1pt,all,1.5,1,5,breakeven,217,217,217,148,69,24,45,0,0,69,0.31797235,-3625,-5144,-23.70506912,112,105,"two-contract post-signal scalp: one contract exits at first target, one runner uses selected stop mode and runner target"
1,signal_scaled_scalp:strategy=vwap_extension_fade_1pt:direction=all:first_target_points=1.5:stop_points=1:runner_target_points=5:runner_stop_mode=initial,vwap_extension_fade_1pt,all,1.5,1,5,initial,217,217,217,148,69,37,32,0,0,69,0.31797235,-1975,-3494,-16.10138249,112,105,"two-contract post-signal scalp: one contract exits at first target, one runner uses selected stop mode and runner target"
1,signal_scaled_scalp:strategy=vwap_extension_fade_1pt:direction=all:first_target_points=1.5:stop_points=1.5:runner_target_points=2:runner_stop_mode=breakeven,vwap_extension_fade_1pt,all,1.5,1.5,2,breakeven,217,217,217,135,82,64,18,0,0,82,0.37788018,-7700,-9219,-42.48387097,112,105,"two-contract post-signal scalp: one contract exits at first target, one runner uses selected stop mode and runner target"
1,signal_scaled_scalp:strategy=vwap_extension_fade_1pt:direction=all:first_target_points=1.5:stop_points=1.5:runner_target_points=2:runner_stop_mode=initial,vwap_extension_fade_1pt,all,1.5,1.5,2,initial,217,217,217,135,82,74,8,0,0,74,0.34101382,-7300,-8819,-40.640553,112,105,"two-contract post-signal scalp: one contract exits at first target, one runner uses selected stop mode and runner target"
1,signal_scaled_scalp:strategy=vwap_extension_fade_1pt:direction=all:first_target_points=1.5:stop_points=1.5:runner_target_points=3:runner_stop_mode=breakeven,vwap_extension_fade_1pt,all,1.5,1.5,3,breakeven,217,217,217,135,82,47,35,0,0,82,0.37788018,-7050,-8569,-39.48847926,112,105,"two-contract post-signal scalp: one contract exits at first target, one runner uses selected stop mode and runner target"
1,signal_scaled_scalp:strategy=vwap_extension_fade_1pt:direction=all:first_target_points=1.5:stop_points=1.5:runner_target_points=3:runner_stop_mode=initial,vwap_extension_fade_1pt,all,1.5,1.5,3,initial,217,217,217,135,82,62,20,0,0,62,0.28571429,-6300,-7819,-36.03225806,112,105,"two-contract post-signal scalp: one contract exits at first target, one runner uses selected stop mode and runner target"
1,signal_scaled_scalp:strategy=vwap_extension_fade_1pt:direction=all:first_target_points=1.5:stop_points=1.5:runner_target_points=5:runner_stop_mode=breakeven,vwap_extension_fade_1pt,all,1.5,1.5,5,breakeven,217,217,217,135,82,33,49,0,0,82,0.37788018,-5850,-7369,-33.95852535,112,105,"two-contract post-signal scalp: one contract exits at first target, one runner uses selected stop mode and runner target"
1,signal_scaled_scalp:strategy=vwap_extension_fade_1pt:direction=all:first_target_points=1.5:stop_points=1.5:runner_target_points=5:runner_stop_mode=initial,vwap_extension_fade_1pt,all,1.5,1.5,5,initial,217,217,217,135,82,47,35,0,0,47,0.21658986,-4975,-6494,-29.92626728,112,105,"two-contract post-signal scalp: one contract exits at first target, one runner uses selected stop mode and runner target"
1,signal_scaled_scalp:strategy=vwap_extension_fade_1pt:direction=all:first_target_points=1.5:stop_points=2:runner_target_points=2:runner_stop_mode=breakeven,vwap_extension_fade_1pt,all,1.5,2,2,breakeven,217,217,217,120,97,76,21,0,0,97,0.44700461,-9125,-10644,-49.05069124,112,105,"two-contract post-signal scalp: one contract exits at first target, one runner uses selected stop mode and runner target"
1,signal_scaled_scalp:strategy=vwap_extension_fade_1pt:direction=all:first_target_points=1.5:stop_points=2:runner_target_points=2:runner_stop_mode=initial,vwap_extension_fade_1pt,all,1.5,2,2,initial,217,217,217,120,97,90,7,0,0,90,0.41474654,-8425,-9944,-45.82488479,112,105,"two-contract post-signal scalp: one contract exits at first target, one runner uses selected stop mode and runner target"
1,signal_scaled_scalp:strategy=vwap_extension_fade_1pt:direction=all:first_target_points=1.5:stop_points=2:runner_target_points=3:runner_stop_mode=breakeven,vwap_extension_fade_1pt,all,1.5,2,3,breakeven,217,217,217,120,97,52,45,0,0,97,0.44700461,-8925,-10444,-48.12903226,112,105,"two-contract post-signal scalp: one contract exits at first target, one runner uses selected stop mode and runner target"
1,signal_scaled_scalp:strategy=vwap_extension_fade_1pt:direction=all:first_target_points=1.5:stop_points=2:runner_target_points=3:runner_stop_mode=initial,vwap_extension_fade_1pt,all,1.5,2,3,initial,217,217,217,120,97,76,21,0,0,76,0.35023041,-7425,-8944,-41.21658986,112,105,"two-contract post-signal scalp: one contract exits at first target, one runner uses selected stop mode and runner target"
1,signal_scaled_scalp:strategy=vwap_extension_fade_1pt:direction=all:first_target_points=1.5:stop_points=2:runner_target_points=5:runner_stop_mode=breakeven,vwap_extension_fade_1pt,all,1.5,2,5,breakeven,217,217,217,120,97,36,61,0,0,97,0.44700461,-7725,-9244,-42.59907834,112,105,"two-contract post-signal scalp: one contract exits at first target, one runner uses selected stop mode and runner target"
1,signal_scaled_scalp:strategy=vwap_extension_fade_1pt:direction=all:first_target_points=1.5:stop_points=2:runner_target_points=5:runner_stop_mode=initial,vwap_extension_fade_1pt,all,1.5,2,5,initial,217,217,217,120,97,59,38,0,0,59,0.2718894,-5775,-7294,-33.61290323,112,105,"two-contract post-signal scalp: one contract exits at first target, one runner uses selected stop mode and runner target"
1,signal_scaled_scalp:strategy=vwap_extension_fade_2pt:direction=all:first_target_points=0.5:stop_points=1:runner_target_points=1.5:runner_stop_mode=breakeven,vwap_extension_fade_2pt,all,0.5,1,1.5,breakeven,219,219,219,113,106,56,50,0,0,106,0.48401826,-4450,-5983,-27.3196347,112,107,"two-contract post-signal scalp: one contract exits at first target, one runner uses selected stop mode and runner target"
1,signal_scaled_scalp:strategy=vwap_extension_fade_2pt:direction=all:first_target_points=0.5:stop_points=1:runner_target_points=1.5:runner_stop_mode=initial,vwap_extension_fade_2pt,all,0.5,1,1.5,initial,219,219,219,113,106,71,35,0,0,71,0.32420091,-5075,-6608,-30.17351598,112,107,"two-contract post-signal scalp: one contract exits at first target, one runner uses selected stop mode and runner target"
1,signal_scaled_scalp:strategy=vwap_extension_fade_2pt:direction=all:first_target_points=0.5:stop_points=1:runner_target_points=2:runner_stop_mode=breakeven,vwap_extension_fade_2pt,all,0.5,1,2,breakeven,219,219,219,113,106,51,55,0,0,106,0.48401826,-3550,-5083,-23.21004566,112,107,"two-contract post-signal scalp: one contract exits at first target, one runner uses selected stop mode and runner target"
1,signal_scaled_scalp:strategy=vwap_extension_fade_2pt:direction=all:first_target_points=0.5:stop_points=1:runner_target_points=2:runner_stop_mode=initial,vwap_extension_fade_2pt,all,0.5,1,2,initial,219,219,219,113,106,67,39,0,0,67,0.30593607,-3900,-5433,-24.80821918,112,107,"two-contract post-signal scalp: one contract exits at first target, one runner uses selected stop mode and runner target"
1,signal_scaled_scalp:strategy=vwap_extension_fade_2pt:direction=all:first_target_points=0.5:stop_points=1:runner_target_points=3:runner_stop_mode=breakeven,vwap_extension_fade_2pt,all,0.5,1,3,breakeven,219,219,219,113,106,36,70,0,0,106,0.48401826,-3250,-4783,-21.84018265,112,107,"two-contract post-signal scalp: one contract exits at first target, one runner uses selected stop mode and runner target"
1,signal_scaled_scalp:strategy=vwap_extension_fade_2pt:direction=all:first_target_points=0.5:stop_points=1:runner_target_points=3:runner_stop_mode=initial,vwap_extension_fade_2pt,all,0.5,1,3,initial,219,219,219,113,106,54,52,0,0,54,0.24657534,-3150,-4683,-21.38356164,112,107,"two-contract post-signal scalp: one contract exits at first target, one runner uses selected stop mode and runner target"
1,signal_scaled_scalp:strategy=vwap_extension_fade_2pt:direction=all:first_target_points=0.5:stop_points=1:runner_target_points=5:runner_stop_mode=breakeven,vwap_extension_fade_2pt,all,0.5,1,5,breakeven,219,219,219,113,106,23,83,0,0,106,0.48401826,-2900,-4433,-20.24200913,112,107,"two-contract post-signal scalp: one contract exits at first target, one runner uses selected stop mode and runner target"
1,signal_scaled_scalp:strategy=vwap_extension_fade_2pt:direction=all:first_target_points=0.5:stop_points=1:runner_target_points=5:runner_stop_mode=initial,vwap_extension_fade_2pt,all,0.5,1,5,initial,219,219,219,113,106,40,66,0,0,40,0.1826484,-1950,-3483,-15.90410959,112,107,"two-contract post-signal scalp: one contract exits at first target, one runner uses selected stop mode and runner target"
1,signal_scaled_scalp:strategy=vwap_extension_fade_2pt:direction=all:first_target_points=0.5:stop_points=1.5:runner_target_points=1.5:runner_stop_mode=breakeven,vwap_extension_fade_2pt,all,0.5,1.5,1.5,breakeven,219,219,219,95,124,60,64,0,0,124,0.56621005,-6650,-8183,-37.3652968,112,107,"two-contract post-signal scalp: one contract exits at first target, one runner uses selected stop mode and runner target"
1,signal_scaled_scalp:strategy=vwap_extension_fade_2pt:direction=all:first_target_points=0.5:stop_points=1.5:runner_target_points=1.5:runner_stop_mode=initial,vwap_extension_fade_2pt,all,0.5,1.5,1.5,initial,219,219,219,95,124,87,37,0,0,87,0.39726027,-7400,-8933,-40.78995434,112,107,"two-contract post-signal scalp: one contract exits at first target, one runner uses selected stop mode and runner target"
1,signal_scaled_scalp:strategy=vwap_extension_fade_2pt:direction=all:first_target_points=0.5:stop_points=1.5:runner_target_points=2:runner_stop_mode=breakeven,vwap_extension_fade_2pt,all,0.5,1.5,2,breakeven,219,219,219,95,124,55,69,0,0,124,0.56621005,-5650,-7183,-32.79908676,112,107,"two-contract post-signal scalp: one contract exits at first target, one runner uses selected stop mode and runner target"
1,signal_scaled_scalp:strategy=vwap_extension_fade_2pt:direction=all:first_target_points=0.5:stop_points=1.5:runner_target_points=2:runner_stop_mode=initial,vwap_extension_fade_2pt,all,0.5,1.5,2,initial,219,219,219,95,124,82,42,0,0,82,0.37442922,-6100,-7633,-34.85388128,112,107,"two-contract post-signal scalp: one contract exits at first target, one runner uses selected stop mode and runner target"
1,signal_scaled_scalp:strategy=vwap_extension_fade_2pt:direction=all:first_target_points=0.5:stop_points=1.5:runner_target_points=3:runner_stop_mode=breakeven,vwap_extension_fade_2pt,all,0.5,1.5,3,breakeven,219,219,219,95,124,40,84,0,0,124,0.56621005,-5150,-6683,-30.51598174,112,107,"two-contract post-signal scalp: one contract exits at first target, one runner uses selected stop mode and runner target"
1,signal_scaled_scalp:strategy=vwap_extension_fade_2pt:direction=all:first_target_points=0.5:stop_points=1.5:runner_target_points=3:runner_stop_mode=initial,vwap_extension_fade_2pt,all,0.5,1.5,3,initial,219,219,219,95,124,68,56,0,0,68,0.31050228,-5150,-6683,-30.51598174,112,107,"two-contract post-signal scalp: one contract exits at first target, one runner uses selected stop mode and runner target"
1,signal_scaled_scalp:strategy=vwap_extension_fade_2pt:direction=all:first_target_points=0.5:stop_points=1.5:runner_target_points=5:runner_stop_mode=breakeven,vwap_extension_fade_2pt,all,0.5,1.5,5,breakeven,219,219,219,95,124,27,97,0,0,124,0.56621005,-4400,-5933,-27.0913242,112,107,"two-contract post-signal scalp: one contract exits at first target, one runner uses selected stop mode and runner target"
1,signal_scaled_scalp:strategy=vwap_extension_fade_2pt:direction=all:first_target_points=0.5:stop_points=1.5:runner_target_points=5:runner_stop_mode=initial,vwap_extension_fade_2pt,all,0.5,1.5,5,initial,219,219,219,95,124,51,73,0,0,51,0.23287671,-3875,-5408,-24.69406393,112,107,"two-contract post-signal scalp: one contract exits at first target, one runner uses selected stop mode and runner target"
1,signal_scaled_scalp:strategy=vwap_extension_fade_2pt:direction=all:first_target_points=0.5:stop_points=2:runner_target_points=1.5:runner_stop_mode=breakeven,vwap_extension_fade_2pt,all,0.5,2,1.5,breakeven,219,219,219,80,139,64,75,0,0,139,0.6347032,-7725,-9258,-42.2739726,112,107,"two-contract post-signal scalp: one contract exits at first target, one runner uses selected stop mode and runner target"
1,signal_scaled_scalp:strategy=vwap_extension_fade_2pt:direction=all:first_target_points=0.5:stop_points=2:runner_target_points=1.5:runner_stop_mode=initial,vwap_extension_fade_2pt,all,0.5,2,1.5,initial,219,219,219,80,139,105,34,0,0,105,0.47945205,-8050,-9583,-43.75799087,112,107,"two-contract post-signal scalp: one contract exits at first target, one runner uses selected stop mode and runner target"
1,signal_scaled_scalp:strategy=vwap_extension_fade_2pt:direction=all:first_target_points=0.5:stop_points=2:runner_target_points=2:runner_stop_mode=breakeven,vwap_extension_fade_2pt,all,0.5,2,2,breakeven,219,219,219,80,139,59,80,0,0,139,0.6347032,-6625,-8158,-37.25114155,112,107,"two-contract post-signal scalp: one contract exits at first target, one runner uses selected stop mode and runner target"
1,signal_scaled_scalp:strategy=vwap_extension_fade_2pt:direction=all:first_target_points=0.5:stop_points=2:runner_target_points=2:runner_stop_mode=initial,vwap_extension_fade_2pt,all,0.5,2,2,initial,219,219,219,80,139,101,38,0,0,101,0.46118721,-6225,-7758,-35.42465753,112,107,"two-contract post-signal scalp: one contract exits at first target, one runner uses selected stop mode and runner target"
1,signal_scaled_scalp:strategy=vwap_extension_fade_2pt:direction=all:first_target_points=0.5:stop_points=2:runner_target_points=3:runner_stop_mode=breakeven,vwap_extension_fade_2pt,all,0.5,2,3,breakeven,219,219,219,80,139,43,96,0,0,139,0.6347032,-6075,-7608,-34.73972603,112,107,"two-contract post-signal scalp: one contract exits at first target, one runner uses selected stop mode and runner target"
1,signal_scaled_scalp:strategy=vwap_extension_fade_2pt:direction=all:first_target_points=0.5:stop_points=2:runner_target_points=3:runner_stop_mode=initial,vwap_extension_fade_2pt,all,0.5,2,3,initial,219,219,219,80,139,81,58,0,0,81,0.36986301,-6175,-7708,-35.19634703,112,107,"two-contract post-signal scalp: one contract exits at first target, one runner uses selected stop mode and runner target"
1,signal_scaled_scalp:strategy=vwap_extension_fade_2pt:direction=all:first_target_points=0.5:stop_points=2:runner_target_points=5:runner_stop_mode=breakeven,vwap_extension_fade_2pt,all,0.5,2,5,breakeven,219,219,219,80,139,29,110,0,0,139,0.6347032,-5275,-6808,-31.08675799,112,107,"two-contract post-signal scalp: one contract exits at first target, one runner uses selected stop mode and runner target"
1,signal_scaled_scalp:strategy=vwap_extension_fade_2pt:direction=all:first_target_points=0.5:stop_points=2:runner_target_points=5:runner_stop_mode=initial,vwap_extension_fade_2pt,all,0.5,2,5,initial,219,219,219,80,139,64,75,0,0,64,0.29223744,-4025,-5558,-25.37899543,112,107,"two-contract post-signal scalp: one contract exits at first target, one runner uses selected stop mode and runner target"
1,signal_scaled_scalp:strategy=vwap_extension_fade_2pt:direction=all:first_target_points=1:stop_points=1:runner_target_points=1.5:runner_stop_mode=breakeven,vwap_extension_fade_2pt,all,1,1,1.5,breakeven,219,219,219,124,95,63,32,0,0,95,0.43378995,-2925,-4458,-20.35616438,112,107,"two-contract post-signal scalp: one contract exits at first target, one runner uses selected stop mode and runner target"
1,signal_scaled_scalp:strategy=vwap_extension_fade_2pt:direction=all:first_target_points=1:stop_points=1:runner_target_points=1.5:runner_stop_mode=initial,vwap_extension_fade_2pt,all,1,1,1.5,initial,219,219,219,124,95,71,24,0,0,71,0.32420091,-3525,-5058,-23.09589041,112,107,"two-contract post-signal scalp: one contract exits at first target, one runner uses selected stop mode and runner target"
1,signal_scaled_scalp:strategy=vwap_extension_fade_2pt:direction=all:first_target_points=1:stop_points=1:runner_target_points=2:runner_stop_mode=breakeven,vwap_extension_fade_2pt,all,1,1,2,breakeven,219,219,219,124,95,57,38,0,0,95,0.43378995,-1950,-3483,-15.90410959,112,107,"two-contract post-signal scalp: one contract exits at first target, one runner uses selected stop mode and runner target"
1,signal_scaled_scalp:strategy=vwap_extension_fade_2pt:direction=all:first_target_points=1:stop_points=1:runner_target_points=2:runner_stop_mode=initial,vwap_extension_fade_2pt,all,1,1,2,initial,219,219,219,124,95,67,28,0,0,67,0.30593607,-2350,-3883,-17.73059361,112,107,"two-contract post-signal scalp: one contract exits at first target, one runner uses selected stop mode and runner target"
1,signal_scaled_scalp:strategy=vwap_extension_fade_2pt:direction=all:first_target_points=1:stop_points=1:runner_target_points=3:runner_stop_mode=breakeven,vwap_extension_fade_2pt,all,1,1,3,breakeven,219,219,219,124,95,42,53,0,0,95,0.43378995,-1350,-2883,-13.16438356,112,107,"two-contract post-signal scalp: one contract exits at first target, one runner uses selected stop mode and runner target"
1,signal_scaled_scalp:strategy=vwap_extension_fade_2pt:direction=all:first_target_points=1:stop_points=1:runner_target_points=3:runner_stop_mode=initial,vwap_extension_fade_2pt,all,1,1,3,initial,219,219,219,124,95,54,41,0,0,54,0.24657534,-1600,-3133,-14.30593607,112,107,"two-contract post-signal scalp: one contract exits at first target, one runner uses selected stop mode and runner target"
1,signal_scaled_scalp:strategy=vwap_extension_fade_2pt:direction=all:first_target_points=1:stop_points=1:runner_target_points=5:runner_stop_mode=breakeven,vwap_extension_fade_2pt,all,1,1,5,breakeven,219,219,219,124,95,28,67,0,0,95,0.43378995,-650,-2183,-9.96803653,112,107,"two-contract post-signal scalp: one contract exits at first target, one runner uses selected stop mode and runner target"
1,signal_scaled_scalp:strategy=vwap_extension_fade_2pt:direction=all:first_target_points=1:stop_points=1:runner_target_points=5:runner_stop_mode=initial,vwap_extension_fade_2pt,all,1,1,5,initial,219,219,219,124,95,40,55,0,0,40,0.1826484,-400,-1933,-8.82648402,112,107,"two-contract post-signal scalp: one contract exits at first target, one runner uses selected stop mode and runner target"
1,signal_scaled_scalp:strategy=vwap_extension_fade_2pt:direction=all:first_target_points=1:stop_points=1.5:runner_target_points=1.5:runner_stop_mode=breakeven,vwap_extension_fade_2pt,all,1,1.5,1.5,breakeven,219,219,219,110,109,70,39,0,0,109,0.49771689,-5800,-7333,-33.48401826,112,107,"two-contract post-signal scalp: one contract exits at first target, one runner uses selected stop mode and runner target"
1,signal_scaled_scalp:strategy=vwap_extension_fade_2pt:direction=all:first_target_points=1:stop_points=1.5:runner_target_points=1.5:runner_stop_mode=initial,vwap_extension_fade_2pt,all,1,1.5,1.5,initial,219,219,219,110,109,87,22,0,0,87,0.39726027,-6175,-7708,-35.19634703,112,107,"two-contract post-signal scalp: one contract exits at first target, one runner uses selected stop mode and runner target"
1,signal_scaled_scalp:strategy=vwap_extension_fade_2pt:direction=all:first_target_points=1:stop_points=1.5:runner_target_points=2:runner_stop_mode=breakeven,vwap_extension_fade_2pt,all,1,1.5,2,breakeven,219,219,219,110,109,62,47,0,0,109,0.49771689,-4850,-6383,-29.14611872,112,107,"two-contract post-signal scalp: one contract exits at first target, one runner uses selected stop mode and runner target"
1,signal_scaled_scalp:strategy=vwap_extension_fade_2pt:direction=all:first_target_points=1:stop_points=1.5:runner_target_points=2:runner_stop_mode=initial,vwap_extension_fade_2pt,all,1,1.5,2,initial,219,219,219,110,109,82,27,0,0,82,0.37442922,-4875,-6408,-29.26027397,112,107,"two-contract post-signal scalp: one contract exits at first target, one runner uses selected stop mode and runner target"
1,signal_scaled_scalp:strategy=vwap_extension_fade_2pt:direction=all:first_target_points=1:stop_points=1.5:runner_target_points=3:runner_stop_mode=breakeven,vwap_extension_fade_2pt,all,1,1.5,3,breakeven,219,219,219,110,109,47,62,0,0,109,0.49771689,-4000,-5533,-25.26484018,112,107,"two-contract post-signal scalp: one contract exits at first target, one runner uses selected stop mode and runner target"
1,signal_scaled_scalp:strategy=vwap_extension_fade_2pt:direction=all:first_target_points=1:stop_points=1.5:runner_target_points=3:runner_stop_mode=initial,vwap_extension_fade_2pt,all,1,1.5,3,initial,219,219,219,110,109,68,41,0,0,68,0.31050228,-3925,-5458,-24.92237443,112,107,"two-contract post-signal scalp: one contract exits at first target, one runner uses selected stop mode and runner target"
1,signal_scaled_scalp:strategy=vwap_extension_fade_2pt:direction=all:first_target_points=1:stop_points=1.5:runner_target_points=5:runner_stop_mode=breakeven,vwap_extension_fade_2pt,all,1,1.5,5,breakeven,219,219,219,110,109,32,77,0,0,109,0.49771689,-3050,-4583,-20.92694064,112,107,"two-contract post-signal scalp: one contract exits at first target, one runner uses selected stop mode and runner target"
1,signal_scaled_scalp:strategy=vwap_extension_fade_2pt:direction=all:first_target_points=1:stop_points=1.5:runner_target_points=5:runner_stop_mode=initial,vwap_extension_fade_2pt,all,1,1.5,5,initial,219,219,219,110,109,51,58,0,0,51,0.23287671,-2650,-4183,-19.10045662,112,107,"two-contract post-signal scalp: one contract exits at first target, one runner uses selected stop mode and runner target"
1,signal_scaled_scalp:strategy=vwap_extension_fade_2pt:direction=all:first_target_points=1:stop_points=2:runner_target_points=1.5:runner_stop_mode=breakeven,vwap_extension_fade_2pt,all,1,2,1.5,breakeven,219,219,219,93,126,82,44,0,0,126,0.57534247,-6150,-7683,-35.08219178,112,107,"two-contract post-signal scalp: one contract exits at first target, one runner uses selected stop mode and runner target"
1,signal_scaled_scalp:strategy=vwap_extension_fade_2pt:direction=all:first_target_points=1:stop_points=2:runner_target_points=1.5:runner_stop_mode=initial,vwap_extension_fade_2pt,all,1,2,1.5,initial,219,219,219,93,126,105,21,0,0,105,0.47945205,-6525,-8058,-36.79452055,112,107,"two-contract post-signal scalp: one contract exits at first target, one runner uses selected stop mode and runner target"
1,signal_scaled_scalp:strategy=vwap_extension_fade_2pt:direction=all:first_target_points=1:stop_points=2:runner_target_points=2:runner_stop_mode=breakeven,vwap_extension_fade_2pt,all,1,2,2,breakeven,219,219,219,93,126,72,54,0,0,126,0.57534247,-5100,-6633,-30.28767123,112,107,"two-contract post-signal scalp: one contract exits at first target, one runner uses selected stop mode and runner target"
1,signal_scaled_scalp:strategy=vwap_extension_fade_2pt:direction=all:first_target_points=1:stop_points=2:runner_target_points=2:runner_stop_mode=initial,vwap_extension_fade_2pt,all,1,2,2,initial,219,219,219,93,126,101,25,0,0,101,0.46118721,-4700,-6233,-28.46118721,112,107,"two-contract post-signal scalp: one contract exits at first target, one runner uses selected stop mode and runner target"
1,signal_scaled_scalp:strategy=vwap_extension_fade_2pt:direction=all:first_target_points=1:stop_points=2:runner_target_points=3:runner_stop_mode=breakeven,vwap_extension_fade_2pt,all,1,2,3,breakeven,219,219,219,93,126,52,74,0,0,126,0.57534247,-4500,-6033,-27.54794521,112,107,"two-contract post-signal scalp: one contract exits at first target, one runner uses selected stop mode and runner target"
1,signal_scaled_scalp:strategy=vwap_extension_fade_2pt:direction=all:first_target_points=1:stop_points=2:runner_target_points=3:runner_stop_mode=initial,vwap_extension_fade_2pt,all,1,2,3,initial,219,219,219,93,126,81,45,0,0,81,0.36986301,-4650,-6183,-28.23287671,112,107,"two-contract post-signal scalp: one contract exits at first target, one runner uses selected stop mode and runner target"
1,signal_scaled_scalp:strategy=vwap_extension_fade_2pt:direction=all:first_target_points=1:stop_points=2:runner_target_points=5:runner_stop_mode=breakeven,vwap_extension_fade_2pt,all,1,2,5,breakeven,219,219,219,93,126,36,90,0,0,126,0.57534247,-3300,-4833,-22.06849315,112,107,"two-contract post-signal scalp: one contract exits at first target, one runner uses selected stop mode and runner target"
1,signal_scaled_scalp:strategy=vwap_extension_fade_2pt:direction=all:first_target_points=1:stop_points=2:runner_target_points=5:runner_stop_mode=initial,vwap_extension_fade_2pt,all,1,2,5,initial,219,219,219,93,126,64,62,0,0,64,0.29223744,-2500,-4033,-18.41552511,112,107,"two-contract post-signal scalp: one contract exits at first target, one runner uses selected stop mode and runner target"
1,signal_scaled_scalp:strategy=vwap_extension_fade_2pt:direction=all:first_target_points=1.5:stop_points=1:runner_target_points=2:runner_stop_mode=breakeven,vwap_extension_fade_2pt,all,1.5,1,2,breakeven,219,219,219,148,71,63,8,0,0,71,0.32420091,-3175,-4708,-21.49771689,112,107,"two-contract post-signal scalp: one contract exits at first target, one runner uses selected stop mode and runner target"
1,signal_scaled_scalp:strategy=vwap_extension_fade_2pt:direction=all:first_target_points=1.5:stop_points=1:runner_target_points=2:runner_stop_mode=initial,vwap_extension_fade_2pt,all,1.5,1,2,initial,219,219,219,148,71,67,4,0,0,71,0.32420091,-2975,-4508,-20.58447489,112,107,"two-contract post-signal scalp: one contract exits at first target, one runner uses selected stop mode and runner target"
1,signal_scaled_scalp:strategy=vwap_extension_fade_2pt:direction=all:first_target_points=1.5:stop_points=1:runner_target_points=3:runner_stop_mode=breakeven,vwap_extension_fade_2pt,all,1.5,1,3,breakeven,219,219,219,148,71,46,25,0,0,71,0.32420091,-2575,-4108,-18.75799087,112,107,"two-contract post-signal scalp: one contract exits at first target, one runner uses selected stop mode and runner target"
1,signal_scaled_scalp:strategy=vwap_extension_fade_2pt:direction=all:first_target_points=1.5:stop_points=1:runner_target_points=3:runner_stop_mode=initial,vwap_extension_fade_2pt,all,1.5,1,3,initial,219,219,219,148,71,54,17,0,0,71,0.32420091,-2225,-3758,-17.15981735,112,107,"two-contract post-signal scalp: one contract exits at first target, one runner uses selected stop mode and runner target"
1,signal_scaled_scalp:strategy=vwap_extension_fade_2pt:direction=all:first_target_points=1.5:stop_points=1:runner_target_points=5:runner_stop_mode=breakeven,vwap_extension_fade_2pt,all,1.5,1,5,breakeven,219,219,219,148,71,31,40,0,0,71,0.32420091,-1725,-3258,-14.87671233,112,107,"two-contract post-signal scalp: one contract exits at first target, one runner uses selected stop mode and runner target"
1,signal_scaled_scalp:strategy=vwap_extension_fade_2pt:direction=all:first_target_points=1.5:stop_points=1:runner_target_points=5:runner_stop_mode=initial,vwap_extension_fade_2pt,all,1.5,1,5,initial,219,219,219,148,71,40,31,0,0,71,0.32420091,-1025,-2558,-11.6803653,112,107,"two-contract post-signal scalp: one contract exits at first target, one runner uses selected stop mode and runner target"
1,signal_scaled_scalp:strategy=vwap_extension_fade_2pt:direction=all:first_target_points=1.5:stop_points=1.5:runner_target_points=2:runner_stop_mode=breakeven,vwap_extension_fade_2pt,all,1.5,1.5,2,breakeven,219,219,219,132,87,76,11,0,0,87,0.39726027,-5675,-7208,-32.91324201,112,107,"two-contract post-signal scalp: one contract exits at first target, one runner uses selected stop mode and runner target"
1,signal_scaled_scalp:strategy=vwap_extension_fade_2pt:direction=all:first_target_points=1.5:stop_points=1.5:runner_target_points=2:runner_stop_mode=initial,vwap_extension_fade_2pt,all,1.5,1.5,2,initial,219,219,219,132,87,82,5,0,0,82,0.37442922,-5450,-6983,-31.88584475,112,107,"two-contract post-signal scalp: one contract exits at first target, one runner uses selected stop mode and runner target"
1,signal_scaled_scalp:strategy=vwap_extension_fade_2pt:direction=all:first_target_points=1.5:stop_points=1.5:runner_target_points=3:runner_stop_mode=breakeven,vwap_extension_fade_2pt,all,1.5,1.5,3,breakeven,219,219,219,132,87,56,31,0,0,87,0.39726027,-4875,-6408,-29.26027397,112,107,"two-contract post-signal scalp: one contract exits at first target, one runner uses selected stop mode and runner target"
1,signal_scaled_scalp:strategy=vwap_extension_fade_2pt:direction=all:first_target_points=1.5:stop_points=1.5:runner_target_points=3:runner_stop_mode=initial,vwap_extension_fade_2pt,all,1.5,1.5,3,initial,219,219,219,132,87,68,19,0,0,68,0.31050228,-4500,-6033,-27.54794521,112,107,"two-contract post-signal scalp: one contract exits at first target, one runner uses selected stop mode and runner target"
1,signal_scaled_scalp:strategy=vwap_extension_fade_2pt:direction=all:first_target_points=1.5:stop_points=1.5:runner_target_points=5:runner_stop_mode=breakeven,vwap_extension_fade_2pt,all,1.5,1.5,5,breakeven,219,219,219,132,87,40,47,0,0,87,0.39726027,-3275,-4808,-21.9543379,112,107,"two-contract post-signal scalp: one contract exits at first target, one runner uses selected stop mode and runner target"
1,signal_scaled_scalp:strategy=vwap_extension_fade_2pt:direction=all:first_target_points=1.5:stop_points=1.5:runner_target_points=5:runner_stop_mode=initial,vwap_extension_fade_2pt,all,1.5,1.5,5,initial,219,219,219,132,87,51,36,0,0,51,0.23287671,-3225,-4758,-21.7260274,112,107,"two-contract post-signal scalp: one contract exits at first target, one runner uses selected stop mode and runner target"
1,signal_scaled_scalp:strategy=vwap_extension_fade_2pt:direction=all:first_target_points=1.5:stop_points=2:runner_target_points=2:runner_stop_mode=breakeven,vwap_extension_fade_2pt,all,1.5,2,2,breakeven,219,219,219,114,105,91,14,0,0,105,0.47945205,-5825,-7358,-33.59817352,112,107,"two-contract post-signal scalp: one contract exits at first target, one runner uses selected stop mode and runner target"
1,signal_scaled_scalp:strategy=vwap_extension_fade_2pt:direction=all:first_target_points=1.5:stop_points=2:runner_target_points=2:runner_stop_mode=initial,vwap_extension_fade_2pt,all,1.5,2,2,initial,219,219,219,114,105,101,4,0,0,101,0.46118721,-5225,-6758,-30.85844749,112,107,"two-contract post-signal scalp: one contract exits at first target, one runner uses selected stop mode and runner target"
1,signal_scaled_scalp:strategy=vwap_extension_fade_2pt:direction=all:first_target_points=1.5:stop_points=2:runner_target_points=3:runner_stop_mode=breakeven,vwap_extension_fade_2pt,all,1.5,2,3,breakeven,219,219,219,114,105,65,40,0,0,105,0.47945205,-5175,-6708,-30.63013699,112,107,"two-contract post-signal scalp: one contract exits at first target, one runner uses selected stop mode and runner target"
1,signal_scaled_scalp:strategy=vwap_extension_fade_2pt:direction=all:first_target_points=1.5:stop_points=2:runner_target_points=3:runner_stop_mode=initial,vwap_extension_fade_2pt,all,1.5,2,3,initial,219,219,219,114,105,81,24,0,0,81,0.36986301,-5175,-6708,-30.63013699,112,107,"two-contract post-signal scalp: one contract exits at first target, one runner uses selected stop mode and runner target"
1,signal_scaled_scalp:strategy=vwap_extension_fade_2pt:direction=all:first_target_points=1.5:stop_points=2:runner_target_points=5:runner_stop_mode=breakeven,vwap_extension_fade_2pt,all,1.5,2,5,breakeven,219,219,219,114,105,46,59,0,0,105,0.47945205,-3425,-4958,-22.63926941,112,107,"two-contract post-signal scalp: one contract exits at first target, one runner uses selected stop mode and runner target"
1,signal_scaled_scalp:strategy=vwap_extension_fade_2pt:direction=all:first_target_points=1.5:stop_points=2:runner_target_points=5:runner_stop_mode=initial,vwap_extension_fade_2pt,all,1.5,2,5,initial,219,219,219,114,105,64,41,0,0,64,0.29223744,-3025,-4558,-20.81278539,112,107,"two-contract post-signal scalp: one contract exits at first target, one runner uses selected stop mode and runner target"
1,signal_scaled_scalp:strategy=vwap_extension_fade_3pt:direction=all:first_target_points=0.5:stop_points=1:runner_target_points=1.5:runner_stop_mode=breakeven,vwap_extension_fade_3pt,all,0.5,1,1.5,breakeven,217,217,217,113,104,58,46,0,0,104,0.47926267,-4350,-5869,-27.04608295,111,106,"two-contract post-signal scalp: one contract exits at first target, one runner uses selected stop mode and runner target"
1,signal_scaled_scalp:strategy=vwap_extension_fade_3pt:direction=all:first_target_points=0.5:stop_points=1:runner_target_points=1.5:runner_stop_mode=initial,vwap_extension_fade_3pt,all,0.5,1,1.5,initial,217,217,217,113,104,75,29,0,0,75,0.34562212,-4525,-6044,-27.85253456,111,106,"two-contract post-signal scalp: one contract exits at first target, one runner uses selected stop mode and runner target"
1,signal_scaled_scalp:strategy=vwap_extension_fade_3pt:direction=all:first_target_points=0.5:stop_points=1:runner_target_points=2:runner_stop_mode=breakeven,vwap_extension_fade_3pt,all,0.5,1,2,breakeven,217,217,217,113,104,52,52,0,0,104,0.47926267,-3500,-5019,-23.12903226,111,106,"two-contract post-signal scalp: one contract exits at first target, one runner uses selected stop mode and runner target"
1,signal_scaled_scalp:strategy=vwap_extension_fade_3pt:direction=all:first_target_points=0.5:stop_points=1:runner_target_points=2:runner_stop_mode=initial,vwap_extension_fade_3pt,all,0.5,1,2,initial,217,217,217,113,104,69,35,0,0,69,0.31797235,-3550,-5069,-23.359447,111,106,"two-contract post-signal scalp: one contract exits at first target, one runner uses selected stop mode and runner target"
1,signal_scaled_scalp:strategy=vwap_extension_fade_3pt:direction=all:first_target_points=0.5:stop_points=1:runner_target_points=3:runner_stop_mode=breakeven,vwap_extension_fade_3pt,all,0.5,1,3,breakeven,217,217,217,113,104,34,70,0,0,104,0.47926267,-3600,-5119,-23.58986175,111,106,"two-contract post-signal scalp: one contract exits at first target, one runner uses selected stop mode and runner target"
1,signal_scaled_scalp:strategy=vwap_extension_fade_3pt:direction=all:first_target_points=0.5:stop_points=1:runner_target_points=3:runner_stop_mode=initial,vwap_extension_fade_3pt,all,0.5,1,3,initial,217,217,217,113,104,53,51,0,0,53,0.24423963,-3300,-4819,-22.20737327,111,106,"two-contract post-signal scalp: one contract exits at first target, one runner uses selected stop mode and runner target"
1,signal_scaled_scalp:strategy=vwap_extension_fade_3pt:direction=all:first_target_points=0.5:stop_points=1:runner_target_points=5:runner_stop_mode=breakeven,vwap_extension_fade_3pt,all,0.5,1,5,breakeven,217,217,217,113,104,23,81,0,0,104,0.47926267,-2950,-4469,-20.59447005,111,106,"two-contract post-signal scalp: one contract exits at first target, one runner uses selected stop mode and runner target"
1,signal_scaled_scalp:strategy=vwap_extension_fade_3pt:direction=all:first_target_points=0.5:stop_points=1:runner_target_points=5:runner_stop_mode=initial,vwap_extension_fade_3pt,all,0.5,1,5,initial,217,217,217,113,104,37,67,0,0,37,0.17050691,-2800,-4319,-19.90322581,111,106,"two-contract post-signal scalp: one contract exits at first target, one runner uses selected stop mode and runner target"
1,signal_scaled_scalp:strategy=vwap_extension_fade_3pt:direction=all:first_target_points=0.5:stop_points=1.5:runner_target_points=1.5:runner_stop_mode=breakeven,vwap_extension_fade_3pt,all,0.5,1.5,1.5,breakeven,217,217,217,94,123,63,60,0,0,123,0.56682028,-6300,-7819,-36.03225806,111,106,"two-contract post-signal scalp: one contract exits at first target, one runner uses selected stop mode and runner target"
1,signal_scaled_scalp:strategy=vwap_extension_fade_3pt:direction=all:first_target_points=0.5:stop_points=1.5:runner_target_points=1.5:runner_stop_mode=initial,vwap_extension_fade_3pt,all,0.5,1.5,1.5,initial,217,217,217,94,123,92,31,0,0,92,0.42396313,-6450,-7969,-36.7235023,111,106,"two-contract post-signal scalp: one contract exits at first target, one runner uses selected stop mode and runner target"
1,signal_scaled_scalp:strategy=vwap_extension_fade_3pt:direction=all:first_target_points=0.5:stop_points=1.5:runner_target_points=2:runner_stop_mode=breakeven,vwap_extension_fade_3pt,all,0.5,1.5,2,breakeven,217,217,217,94,123,57,66,0,0,123,0.56682028,-5325,-6844,-31.53917051,111,106,"two-contract post-signal scalp: one contract exits at first target, one runner uses selected stop mode and runner target"
1,signal_scaled_scalp:strategy=vwap_extension_fade_3pt:direction=all:first_target_points=0.5:stop_points=1.5:runner_target_points=2:runner_stop_mode=initial,vwap_extension_fade_3pt,all,0.5,1.5,2,initial,217,217,217,94,123,87,36,0,0,87,0.40092166,-5025,-6544,-30.15668203,111,106,"two-contract post-signal scalp: one contract exits at first target, one runner uses selected stop mode and runner target"
1,signal_scaled_scalp:strategy=vwap_extension_fade_3pt:direction=all:first_target_points=0.5:stop_points=1.5:runner_target_points=3:runner_stop_mode=breakeven,vwap_extension_fade_3pt,all,0.5,1.5,3,breakeven,217,217,217,94,123,38,85,0,0,123,0.56682028,-5325,-6844,-31.53917051,111,106,"two-contract post-signal scalp: one contract exits at first target, one runner uses selected stop mode and runner target"
1,signal_scaled_scalp:strategy=vwap_extension_fade_3pt:direction=all:first_target_points=0.5:stop_points=1.5:runner_target_points=3:runner_stop_mode=initial,vwap_extension_fade_3pt,all,0.5,1.5,3,initial,217,217,217,94,123,69,54,0,0,69,0.31797235,-4725,-6244,-28.77419355,111,106,"two-contract post-signal scalp: one contract exits at first target, one runner uses selected stop mode and runner target"
1,signal_scaled_scalp:strategy=vwap_extension_fade_3pt:direction=all:first_target_points=0.5:stop_points=1.5:runner_target_points=5:runner_stop_mode=breakeven,vwap_extension_fade_3pt,all,0.5,1.5,5,breakeven,217,217,217,94,123,26,97,0,0,123,0.56682028,-4525,-6044,-27.85253456,111,106,"two-contract post-signal scalp: one contract exits at first target, one runner uses selected stop mode and runner target"
1,signal_scaled_scalp:strategy=vwap_extension_fade_3pt:direction=all:first_target_points=0.5:stop_points=1.5:runner_target_points=5:runner_stop_mode=initial,vwap_extension_fade_3pt,all,0.5,1.5,5,initial,217,217,217,94,123,47,76,0,0,47,0.21658986,-4975,-6494,-29.92626728,111,106,"two-contract post-signal scalp: one contract exits at first target, one runner uses selected stop mode and runner target"
1,signal_scaled_scalp:strategy=vwap_extension_fade_3pt:direction=all:first_target_points=0.5:stop_points=2:runner_target_points=1.5:runner_stop_mode=breakeven,vwap_extension_fade_3pt,all,0.5,2,1.5,breakeven,217,217,217,77,140,67,73,0,0,140,0.64516129,-6875,-8394,-38.68202765,111,106,"two-contract post-signal scalp: one contract exits at first target, one runner uses selected stop mode and runner target"
1,signal_scaled_scalp:strategy=vwap_extension_fade_3pt:direction=all:first_target_points=0.5:stop_points=2:runner_target_points=1.5:runner_stop_mode=initial,vwap_extension_fade_3pt,all,0.5,2,1.5,initial,217,217,217,77,140,113,27,0,0,113,0.52073733,-6125,-7644,-35.22580645,111,106,"two-contract post-signal scalp: one contract exits at first target, one runner uses selected stop mode and runner target"
1,signal_scaled_scalp:strategy=vwap_extension_fade_3pt:direction=all:first_target_points=0.5:stop_points=2:runner_target_points=2:runner_stop_mode=breakeven,vwap_extension_fade_3pt,all,0.5,2,2,breakeven,217,217,217,77,140,60,80,0,0,140,0.64516129,-5900,-7419,-34.18894009,111,106,"two-contract post-signal scalp: one contract exits at first target, one runner uses selected stop mode and runner target"
1,signal_scaled_scalp:strategy=vwap_extension_fade_3pt:direction=all:first_target_points=0.5:stop_points=2:runner_target_points=2:runner_stop_mode=initial,vwap_extension_fade_3pt,all,0.5,2,2,initial,217,217,217,77,140,107,33,0,0,107,0.49308756,-4500,-6019,-27.73732719,111,106,"two-contract post-signal scalp: one contract exits at first target, one runner uses selected stop mode and runner target"
1,signal_scaled_scalp:strategy=vwap_extension_fade_3pt:direction=all:first_target_points=0.5:stop_points=2:runner_target_points=3:runner_stop_mode=breakeven,vwap_extension_fade_3pt,all,0.5,2,3,breakeven,217,217,217,77,140,40,100,0,0,140,0.64516129,-5900,-7419,-34.18894009,111,106,"two-contract post-signal scalp: one contract exits at first target, one runner uses selected stop mode and runner target"
1,signal_scaled_scalp:strategy=vwap_extension_fade_3pt:direction=all:first_target_points=0.5:stop_points=2:runner_target_points=3:runner_stop_mode=initial,vwap_extension_fade_3pt,all,0.5,2,3,initial,217,217,217,77,140,87,53,0,0,87,0.40092166,-4150,-5669,-26.12442396,111,106,"two-contract post-signal scalp: one contract exits at first target, one runner uses selected stop mode and runner target"
1,signal_scaled_scalp:strategy=vwap_extension_fade_3pt:direction=all:first_target_points=0.5:stop_points=2:runner_target_points=5:runner_stop_mode=breakeven,vwap_extension_fade_3pt,all,0.5,2,5,breakeven,217,217,217,77,140,27,113,0,0,140,0.64516129,-5150,-6669,-30.73271889,111,106,"two-contract post-signal scalp: one contract exits at first target, one runner uses selected stop mode and runner target"
1,signal_scaled_scalp:strategy=vwap_extension_fade_3pt:direction=all:first_target_points=0.5:stop_points=2:runner_target_points=5:runner_stop_mode=initial,vwap_extension_fade_3pt,all,0.5,2,5,initial,217,217,217,77,140,64,76,0,0,64,0.29493088,-3500,-5019,-23.12903226,111,106,"two-contract post-signal scalp: one contract exits at first target, one runner uses selected stop mode and runner target"
1,signal_scaled_scalp:strategy=vwap_extension_fade_3pt:direction=all:first_target_points=1:stop_points=1:runner_target_points=1.5:runner_stop_mode=breakeven,vwap_extension_fade_3pt,all,1,1,1.5,breakeven,217,217,217,125,92,65,27,0,0,92,0.42396313,-3025,-4544,-20.94009217,111,106,"two-contract post-signal scalp: one contract exits at first target, one runner uses selected stop mode and runner target"
1,signal_scaled_scalp:strategy=vwap_extension_fade_3pt:direction=all:first_target_points=1:stop_points=1:runner_target_points=1.5:runner_stop_mode=initial,vwap_extension_fade_3pt,all,1,1,1.5,initial,217,217,217,125,92,75,17,0,0,75,0.34562212,-3125,-4644,-21.40092166,111,106,"two-contract post-signal scalp: one contract exits at first target, one runner uses selected stop mode and runner target"
1,signal_scaled_scalp:strategy=vwap_extension_fade_3pt:direction=all:first_target_points=1:stop_points=1:runner_target_points=2:runner_stop_mode=breakeven,vwap_extension_fade_3pt,all,1,1,2,breakeven,217,217,217,125,92,58,34,0,0,92,0.42396313,-2100,-3619,-16.67741935,111,106,"two-contract post-signal scalp: one contract exits at first target, one runner uses selected stop mode and runner target"
1,signal_scaled_scalp:strategy=vwap_extension_fade_3pt:direction=all:first_target_points=1:stop_points=1:runner_target_points=2:runner_stop_mode=initial,vwap_extension_fade_3pt,all,1,1,2,initial,217,217,217,125,92,69,23,0,0,69,0.31797235,-2150,-3669,-16.9078341,111,106,"two-contract post-signal scalp: one contract exits at first target, one runner uses selected stop mode and runner target"
1,signal_scaled_scalp:strategy=vwap_extension_fade_3pt:direction=all:first_target_points=1:stop_points=1:runner_target_points=3:runner_stop_mode=breakeven,vwap_extension_fade_3pt,all,1,1,3,breakeven,217,217,217,125,92,40,52,0,0,92,0.42396313,-1900,-3419,-15.75576037,111,106,"two-contract post-signal scalp: one contract exits at first target, one runner uses selected stop mode and runner target"
1,signal_scaled_scalp:strategy=vwap_extension_fade_3pt:direction=all:first_target_points=1:stop_points=1:runner_target_points=3:runner_stop_mode=initial,vwap_extension_fade_3pt,all,1,1,3,initial,217,217,217,125,92,53,39,0,0,53,0.24423963,-1900,-3419,-15.75576037,111,106,"two-contract post-signal scalp: one contract exits at first target, one runner uses selected stop mode and runner target"
1,signal_scaled_scalp:strategy=vwap_extension_fade_3pt:direction=all:first_target_points=1:stop_points=1:runner_target_points=5:runner_stop_mode=breakeven,vwap_extension_fade_3pt,all,1,1,5,breakeven,217,217,217,125,92,28,64,0,0,92,0.42396313,-900,-2419,-11.14746544,111,106,"two-contract post-signal scalp: one contract exits at first target, one runner uses selected stop mode and runner target"
1,signal_scaled_scalp:strategy=vwap_extension_fade_3pt:direction=all:first_target_points=1:stop_points=1:runner_target_points=5:runner_stop_mode=initial,vwap_extension_fade_3pt,all,1,1,5,initial,217,217,217,125,92,37,55,0,0,37,0.17050691,-1400,-2919,-13.4516129,111,106,"two-contract post-signal scalp: one contract exits at first target, one runner uses selected stop mode and runner target"
1,signal_scaled_scalp:strategy=vwap_extension_fade_3pt:direction=all:first_target_points=1:stop_points=1.5:runner_target_points=1.5:runner_stop_mode=breakeven,vwap_extension_fade_3pt,all,1,1.5,1.5,breakeven,217,217,217,108,109,73,36,0,0,109,0.50230415,-5275,-6794,-31.30875576,111,106,"two-contract post-signal scalp: one contract exits at first target, one runner uses selected stop mode and runner target"
1,signal_scaled_scalp:strategy=vwap_extension_fade_3pt:direction=all:first_target_points=1:stop_points=1.5:runner_target_points=1.5:runner_stop_mode=initial,vwap_extension_fade_3pt,all,1,1.5,1.5,initial,217,217,217,108,109,92,17,0,0,92,0.42396313,-5125,-6644,-30.61751152,111,106,"two-contract post-signal scalp: one contract exits at first target, one runner uses selected stop mode and runner target"
1,signal_scaled_scalp:strategy=vwap_extension_fade_3pt:direction=all:first_target_points=1:stop_points=1.5:runner_target_points=2:runner_stop_mode=breakeven,vwap_extension_fade_3pt,all,1,1.5,2,breakeven,217,217,217,108,109,65,44,0,0,109,0.50230415,-4250,-5769,-26.58525346,111,106,"two-contract post-signal scalp: one contract exits at first target, one runner uses selected stop mode and runner target"
1,signal_scaled_scalp:strategy=vwap_extension_fade_3pt:direction=all:first_target_points=1:stop_points=1.5:runner_target_points=2:runner_stop_mode=initial,vwap_extension_fade_3pt,all,1,1.5,2,initial,217,217,217,108,109,87,22,0,0,87,0.40092166,-3700,-5219,-24.05069124,111,106,"two-contract post-signal scalp: one contract exits at first target, one runner uses selected stop mode and runner target"
1,signal_scaled_scalp:strategy=vwap_extension_fade_3pt:direction=all:first_target_points=1:stop_points=1.5:runner_target_points=3:runner_stop_mode=breakeven,vwap_extension_fade_3pt,all,1,1.5,3,breakeven,217,217,217,108,109,45,64,0,0,109,0.50230415,-4000,-5519,-25.43317972,111,106,"two-contract post-signal scalp: one contract exits at first target, one runner uses selected stop mode and runner target"
1,signal_scaled_scalp:strategy=vwap_extension_fade_3pt:direction=all:first_target_points=1:stop_points=1.5:runner_target_points=3:runner_stop_mode=initial,vwap_extension_fade_3pt,all,1,1.5,3,initial,217,217,217,108,109,69,40,0,0,69,0.31797235,-3400,-4919,-22.66820276,111,106,"two-contract post-signal scalp: one contract exits at first target, one runner uses selected stop mode and runner target"
1,signal_scaled_scalp:strategy=vwap_extension_fade_3pt:direction=all:first_target_points=1:stop_points=1.5:runner_target_points=5:runner_stop_mode=breakeven,vwap_extension_fade_3pt,all,1,1.5,5,breakeven,217,217,217,108,109,31,78,0,0,109,0.50230415,-3000,-4519,-20.82488479,111,106,"two-contract post-signal scalp: one contract exits at first target, one runner uses selected stop mode and runner target"
1,signal_scaled_scalp:strategy=vwap_extension_fade_3pt:direction=all:first_target_points=1:stop_points=1.5:runner_target_points=5:runner_stop_mode=initial,vwap_extension_fade_3pt,all,1,1.5,5,initial,217,217,217,108,109,47,62,0,0,47,0.21658986,-3650,-5169,-23.8202765,111,106,"two-contract post-signal scalp: one contract exits at first target, one runner uses selected stop mode and runner target"
1,signal_scaled_scalp:strategy=vwap_extension_fade_3pt:direction=all:first_target_points=1:stop_points=2:runner_target_points=1.5:runner_stop_mode=breakeven,vwap_extension_fade_3pt,all,1,2,1.5,breakeven,217,217,217,91,126,85,41,0,0,126,0.58064516,-5525,-7044,-32.46082949,111,106,"two-contract post-signal scalp: one contract exits at first target, one runner uses selected stop mode and runner target"
1,signal_scaled_scalp:strategy=vwap_extension_fade_3pt:direction=all:first_target_points=1:stop_points=2:runner_target_points=1.5:runner_stop_mode=initial,vwap_extension_fade_3pt,all,1,2,1.5,initial,217,217,217,91,126,113,13,0,0,113,0.52073733,-4725,-6244,-28.77419355,111,106,"two-contract post-signal scalp: one contract exits at first target, one runner uses selected stop mode and runner target"
1,signal_scaled_scalp:strategy=vwap_extension_fade_3pt:direction=all:first_target_points=1:stop_points=2:runner_target_points=2:runner_stop_mode=breakeven,vwap_extension_fade_3pt,all,1,2,2,breakeven,217,217,217,91,126,74,52,0,0,126,0.58064516,-4500,-6019,-27.73732719,111,106,"two-contract post-signal scalp: one contract exits at first target, one runner uses selected stop mode and runner target"
1,signal_scaled_scalp:strategy=vwap_extension_fade_3pt:direction=all:first_target_points=1:stop_points=2:runner_target_points=2:runner_stop_mode=initial,vwap_extension_fade_3pt,all,1,2,2,initial,217,217,217,91,126,107,19,0,0,107,0.49308756,-3100,-4619,-21.28571429,111,106,"two-contract post-signal scalp: one contract exits at first target, one runner uses selected stop mode and runner target"
1,signal_scaled_scalp:strategy=vwap_extension_fade_3pt:direction=all:first_target_points=1:stop_points=2:runner_target_points=3:runner_stop_mode=breakeven,vwap_extension_fade_3pt,all,1,2,3,breakeven,217,217,217,91,126,51,75,0,0,126,0.58064516,-4250,-5769,-26.58525346,111,106,"two-contract post-signal scalp: one contract exits at first target, one runner uses selected stop mode and runner target"
1,signal_scaled_scalp:strategy=vwap_extension_fade_3pt:direction=all:first_target_points=1:stop_points=2:runner_target_points=3:runner_stop_mode=initial,vwap_extension_fade_3pt,all,1,2,3,initial,217,217,217,91,126,87,39,0,0,87,0.40092166,-2750,-4269,-19.67281106,111,106,"two-contract post-signal scalp: one contract exits at first target, one runner uses selected stop mode and runner target"
1,signal_scaled_scalp:strategy=vwap_extension_fade_3pt:direction=all:first_target_points=1:stop_points=2:runner_target_points=5:runner_stop_mode=breakeven,vwap_extension_fade_3pt,all,1,2,5,breakeven,217,217,217,91,126,34,92,0,0,126,0.58064516,-3400,-4919,-22.66820276,111,106,"two-contract post-signal scalp: one contract exits at first target, one runner uses selected stop mode and runner target"
1,signal_scaled_scalp:strategy=vwap_extension_fade_3pt:direction=all:first_target_points=1:stop_points=2:runner_target_points=5:runner_stop_mode=initial,vwap_extension_fade_3pt,all,1,2,5,initial,217,217,217,91,126,64,62,0,0,64,0.29493088,-2100,-3619,-16.67741935,111,106,"two-contract post-signal scalp: one contract exits at first target, one runner uses selected stop mode and runner target"
1,signal_scaled_scalp:strategy=vwap_extension_fade_3pt:direction=all:first_target_points=1.5:stop_points=1:runner_target_points=2:runner_stop_mode=breakeven,vwap_extension_fade_3pt,all,1.5,1,2,breakeven,217,217,217,142,75,67,8,0,0,75,0.34562212,-1875,-3394,-15.640553,111,106,"two-contract post-signal scalp: one contract exits at first target, one runner uses selected stop mode and runner target"
1,signal_scaled_scalp:strategy=vwap_extension_fade_3pt:direction=all:first_target_points=1.5:stop_points=1:runner_target_points=2:runner_stop_mode=initial,vwap_extension_fade_3pt,all,1.5,1,2,initial,217,217,217,142,75,69,6,0,0,75,0.34562212,-1975,-3494,-16.10138249,111,106,"two-contract post-signal scalp: one contract exits at first target, one runner uses selected stop mode and runner target"
1,signal_scaled_scalp:strategy=vwap_extension_fade_3pt:direction=all:first_target_points=1.5:stop_points=1:runner_target_points=3:runner_stop_mode=breakeven,vwap_extension_fade_3pt,all,1.5,1,3,breakeven,217,217,217,142,75,45,30,0,0,75,0.34562212,-1825,-3344,-15.41013825,111,106,"two-contract post-signal scalp: one contract exits at first target, one runner uses selected stop mode and runner target"
1,signal_scaled_scalp:strategy=vwap_extension_fade_3pt:direction=all:first_target_points=1.5:stop_points=1:runner_target_points=3:runner_stop_mode=initial,vwap_extension_fade_3pt,all,1.5,1,3,initial,217,217,217,142,75,53,22,0,0,75,0.34562212,-1725,-3244,-14.94930876,111,106,"two-contract post-signal scalp: one contract exits at first target, one runner uses selected stop mode and runner target"
1,signal_scaled_scalp:strategy=vwap_extension_fade_3pt:direction=all:first_target_points=1.5:stop_points=1:runner_target_points=5:runner_stop_mode=breakeven,vwap_extension_fade_3pt,all,1.5,1,5,breakeven,217,217,217,142,75,30,45,0,0,75,0.34562212,-1075,-2594,-11.95391705,111,106,"two-contract post-signal scalp: one contract exits at first target, one runner uses selected stop mode and runner target"
1,signal_scaled_scalp:strategy=vwap_extension_fade_3pt:direction=all:first_target_points=1.5:stop_points=1:runner_target_points=5:runner_stop_mode=initial,vwap_extension_fade_3pt,all,1.5,1,5,initial,217,217,217,142,75,37,38,0,0,75,0.34562212,-1225,-2744,-12.64516129,111,106,"two-contract post-signal scalp: one contract exits at first target, one runner uses selected stop mode and runner target"
1,signal_scaled_scalp:strategy=vwap_extension_fade_3pt:direction=all:first_target_points=1.5:stop_points=1.5:runner_target_points=2:runner_stop_mode=breakeven,vwap_extension_fade_3pt,all,1.5,1.5,2,breakeven,217,217,217,125,92,83,9,0,0,92,0.42396313,-3550,-5069,-23.359447,111,106,"two-contract post-signal scalp: one contract exits at first target, one runner uses selected stop mode and runner target"
1,signal_scaled_scalp:strategy=vwap_extension_fade_3pt:direction=all:first_target_points=1.5:stop_points=1.5:runner_target_points=2:runner_stop_mode=initial,vwap_extension_fade_3pt,all,1.5,1.5,2,initial,217,217,217,125,92,87,5,0,0,87,0.40092166,-3525,-5044,-23.24423963,111,106,"two-contract post-signal scalp: one contract exits at first target, one runner uses selected stop mode and runner target"
1,signal_scaled_scalp:strategy=vwap_extension_fade_3pt:direction=all:first_target_points=1.5:stop_points=1.5:runner_target_points=3:runner_stop_mode=breakeven,vwap_extension_fade_3pt,all,1.5,1.5,3,breakeven,217,217,217,125,92,56,36,0,0,92,0.42396313,-3450,-4969,-22.89861751,111,106,"two-contract post-signal scalp: one contract exits at first target, one runner uses selected stop mode and runner target"
1,signal_scaled_scalp:strategy=vwap_extension_fade_3pt:direction=all:first_target_points=1.5:stop_points=1.5:runner_target_points=3:runner_stop_mode=initial,vwap_extension_fade_3pt,all,1.5,1.5,3,initial,217,217,217,125,92,69,23,0,0,69,0.31797235,-3225,-4744,-21.86175115,111,106,"two-contract post-signal scalp: one contract exits at first target, one runner uses selected stop mode and runner target"
1,signal_scaled_scalp:strategy=vwap_extension_fade_3pt:direction=all:first_target_points=1.5:stop_points=1.5:runner_target_points=5:runner_stop_mode=breakeven,vwap_extension_fade_3pt,all,1.5,1.5,5,breakeven,217,217,217,125,92,38,54,0,0,92,0.42396313,-2350,-3869,-17.82949309,111,106,"two-contract post-signal scalp: one contract exits at first target, one runner uses selected stop mode and runner target"
1,signal_scaled_scalp:strategy=vwap_extension_fade_3pt:direction=all:first_target_points=1.5:stop_points=1.5:runner_target_points=5:runner_stop_mode=initial,vwap_extension_fade_3pt,all,1.5,1.5,5,initial,217,217,217,125,92,47,45,0,0,47,0.21658986,-3475,-4994,-23.01382488,111,106,"two-contract post-signal scalp: one contract exits at first target, one runner uses selected stop mode and runner target"
1,signal_scaled_scalp:strategy=vwap_extension_fade_3pt:direction=all:first_target_points=1.5:stop_points=2:runner_target_points=2:runner_stop_mode=breakeven,vwap_extension_fade_3pt,all,1.5,2,2,breakeven,217,217,217,104,113,98,15,0,0,113,0.52073733,-2525,-4044,-18.6359447,111,106,"two-contract post-signal scalp: one contract exits at first target, one runner uses selected stop mode and runner target"
1,signal_scaled_scalp:strategy=vwap_extension_fade_3pt:direction=all:first_target_points=1.5:stop_points=2:runner_target_points=2:runner_stop_mode=initial,vwap_extension_fade_3pt,all,1.5,2,2,initial,217,217,217,104,113,107,6,0,0,107,0.49308756,-2225,-3744,-17.25345622,111,106,"two-contract post-signal scalp: one contract exits at first target, one runner uses selected stop mode and runner target"
1,signal_scaled_scalp:strategy=vwap_extension_fade_3pt:direction=all:first_target_points=1.5:stop_points=2:runner_target_points=3:runner_stop_mode=breakeven,vwap_extension_fade_3pt,all,1.5,2,3,breakeven,217,217,217,104,113,67,46,0,0,113,0.52073733,-2275,-3794,-17.48387097,111,106,"two-contract post-signal scalp: one contract exits at first target, one runner uses selected stop mode and runner target"
1,signal_scaled_scalp:strategy=vwap_extension_fade_3pt:direction=all:first_target_points=1.5:stop_points=2:runner_target_points=3:runner_stop_mode=initial,vwap_extension_fade_3pt,all,1.5,2,3,initial,217,217,217,104,113,87,26,0,0,87,0.40092166,-1875,-3394,-15.640553,111,106,"two-contract post-signal scalp: one contract exits at first target, one runner uses selected stop mode and runner target"
1,signal_scaled_scalp:strategy=vwap_extension_fade_3pt:direction=all:first_target_points=1.5:stop_points=2:runner_target_points=5:runner_stop_mode=breakeven,vwap_extension_fade_3pt,all,1.5,2,5,breakeven,217,217,217,104,113,44,69,0,0,113,0.52073733,-1325,-2844,-13.10599078,111,106,"two-contract post-signal scalp: one contract exits at first target, one runner uses selected stop mode and runner target"
1,signal_scaled_scalp:strategy=vwap_extension_fade_3pt:direction=all:first_target_points=1.5:stop_points=2:runner_target_points=5:runner_stop_mode=initial,vwap_extension_fade_3pt,all,1.5,2,5,initial,217,217,217,104,113,64,49,0,0,64,0.29493088,-1225,-2744,-12.64516129,111,106,"two-contract post-signal scalp: one contract exits at first target, one runner uses selected stop mode and runner target"
1,signal_scaled_scalp:strategy=vwap_extension_fade_4pt:direction=all:first_target_points=0.5:stop_points=1:runner_target_points=1.5:runner_stop_mode=breakeven,vwap_extension_fade_4pt,all,0.5,1,1.5,breakeven,209,209,209,109,100,51,49,0,0,100,0.4784689,-4575,-6038,-28.88995215,107,102,"two-contract post-signal scalp: one contract exits at first target, one runner uses selected stop mode and runner target"
1,signal_scaled_scalp:strategy=vwap_extension_fade_4pt:direction=all:first_target_points=0.5:stop_points=1:runner_target_points=1.5:runner_stop_mode=initial,vwap_extension_fade_4pt,all,0.5,1,1.5,initial,209,209,209,109,100,66,34,0,0,66,0.31578947,-5150,-6613,-31.64114833,107,102,"two-contract post-signal scalp: one contract exits at first target, one runner uses selected stop mode and runner target"
1,signal_scaled_scalp:strategy=vwap_extension_fade_4pt:direction=all:first_target_points=0.5:stop_points=1:runner_target_points=2:runner_stop_mode=breakeven,vwap_extension_fade_4pt,all,0.5,1,2,breakeven,209,209,209,109,100,45,55,0,0,100,0.4784689,-3900,-5363,-25.66028708,107,102,"two-contract post-signal scalp: one contract exits at first target, one runner uses selected stop mode and runner target"
1,signal_scaled_scalp:strategy=vwap_extension_fade_4pt:direction=all:first_target_points=0.5:stop_points=1:runner_target_points=2:runner_stop_mode=initial,vwap_extension_fade_4pt,all,0.5,1,2,initial,209,209,209,109,100,61,39,0,0,61,0.29186603,-4250,-5713,-27.33492823,107,102,"two-contract post-signal scalp: one contract exits at first target, one runner uses selected stop mode and runner target"
1,signal_scaled_scalp:strategy=vwap_extension_fade_4pt:direction=all:first_target_points=0.5:stop_points=1:runner_target_points=3:runner_stop_mode=breakeven,vwap_extension_fade_4pt,all,0.5,1,3,breakeven,209,209,209,109,100,31,69,0,0,100,0.4784689,-3750,-5213,-24.94258373,107,102,"two-contract post-signal scalp: one contract exits at first target, one runner uses selected stop mode and runner target"
1,signal_scaled_scalp:strategy=vwap_extension_fade_4pt:direction=all:first_target_points=0.5:stop_points=1:runner_target_points=3:runner_stop_mode=initial,vwap_extension_fade_4pt,all,0.5,1,3,initial,209,209,209,109,100,48,52,0,0,48,0.22966507,-3800,-5263,-25.18181818,107,102,"two-contract post-signal scalp: one contract exits at first target, one runner uses selected stop mode and runner target"
1,signal_scaled_scalp:strategy=vwap_extension_fade_4pt:direction=all:first_target_points=0.5:stop_points=1:runner_target_points=5:runner_stop_mode=breakeven,vwap_extension_fade_4pt,all,0.5,1,5,breakeven,209,209,209,109,100,18,82,0,0,100,0.4784689,-3900,-5363,-25.66028708,107,102,"two-contract post-signal scalp: one contract exits at first target, one runner uses selected stop mode and runner target"
1,signal_scaled_scalp:strategy=vwap_extension_fade_4pt:direction=all:first_target_points=0.5:stop_points=1:runner_target_points=5:runner_stop_mode=initial,vwap_extension_fade_4pt,all,0.5,1,5,initial,209,209,209,109,100,32,68,0,0,32,0.15311005,-3800,-5263,-25.18181818,107,102,"two-contract post-signal scalp: one contract exits at first target, one runner uses selected stop mode and runner target"
1,signal_scaled_scalp:strategy=vwap_extension_fade_4pt:direction=all:first_target_points=0.5:stop_points=1.5:runner_target_points=1.5:runner_stop_mode=breakeven,vwap_extension_fade_4pt,all,0.5,1.5,1.5,breakeven,209,209,209,95,114,54,60,0,0,114,0.54545455,-7350,-8813,-42.16746411,107,102,"two-contract post-signal scalp: one contract exits at first target, one runner uses selected stop mode and runner target"
1,signal_scaled_scalp:strategy=vwap_extension_fade_4pt:direction=all:first_target_points=0.5:stop_points=1.5:runner_target_points=1.5:runner_stop_mode=initial,vwap_extension_fade_4pt,all,0.5,1.5,1.5,initial,209,209,209,95,114,79,35,0,0,79,0.37799043,-8100,-9563,-45.75598086,107,102,"two-contract post-signal scalp: one contract exits at first target, one runner uses selected stop mode and runner target"
1,signal_scaled_scalp:strategy=vwap_extension_fade_4pt:direction=all:first_target_points=0.5:stop_points=1.5:runner_target_points=2:runner_stop_mode=breakeven,vwap_extension_fade_4pt,all,0.5,1.5,2,breakeven,209,209,209,95,114,48,66,0,0,114,0.54545455,-6600,-8063,-38.57894737,107,102,"two-contract post-signal scalp: one contract exits at first target, one runner uses selected stop mode and runner target"
1,signal_scaled_scalp:strategy=vwap_extension_fade_4pt:direction=all:first_target_points=0.5:stop_points=1.5:runner_target_points=2:runner_stop_mode=initial,vwap_extension_fade_4pt,all,0.5,1.5,2,initial,209,209,209,95,114,74,40,0,0,74,0.35406699,-7000,-8463,-40.49282297,107,102,"two-contract post-signal scalp: one contract exits at first target, one runner uses selected stop mode and runner target"
1,signal_scaled_scalp:strategy=vwap_extension_fade_4pt:direction=all:first_target_points=0.5:stop_points=1.5:runner_target_points=3:runner_stop_mode=breakeven,vwap_extension_fade_4pt,all,0.5,1.5,3,breakeven,209,209,209,95,114,33,81,0,0,114,0.54545455,-6450,-7913,-37.86124402,107,102,"two-contract post-signal scalp: one contract exits at first target, one runner uses selected stop mode and runner target"
1,signal_scaled_scalp:strategy=vwap_extension_fade_4pt:direction=all:first_target_points=0.5:stop_points=1.5:runner_target_points=3:runner_stop_mode=initial,vwap_extension_fade_4pt,all,0.5,1.5,3,initial,209,209,209,95,114,60,54,0,0,60,0.28708134,-6450,-7913,-37.86124402,107,102,"two-contract post-signal scalp: one contract exits at first target, one runner uses selected stop mode and runner target"
1,signal_scaled_scalp:strategy=vwap_extension_fade_4pt:direction=all:first_target_points=0.5:stop_points=1.5:runner_target_points=5:runner_stop_mode=breakeven,vwap_extension_fade_4pt,all,0.5,1.5,5,breakeven,209,209,209,95,114,19,95,0,0,114,0.54545455,-6650,-8113,-38.81818182,107,102,"two-contract post-signal scalp: one contract exits at first target, one runner uses selected stop mode and runner target"
1,signal_scaled_scalp:strategy=vwap_extension_fade_4pt:direction=all:first_target_points=0.5:stop_points=1.5:runner_target_points=5:runner_stop_mode=initial,vwap_extension_fade_4pt,all,0.5,1.5,5,initial,209,209,209,95,114,40,74,0,0,40,0.19138756,-6950,-8413,-40.25358852,107,102,"two-contract post-signal scalp: one contract exits at first target, one runner uses selected stop mode and runner target"
1,signal_scaled_scalp:strategy=vwap_extension_fade_4pt:direction=all:first_target_points=0.5:stop_points=2:runner_target_points=1.5:runner_stop_mode=breakeven,vwap_extension_fade_4pt,all,0.5,2,1.5,breakeven,209,209,209,79,130,58,72,0,0,130,0.62200957,-8200,-9663,-46.23444976,107,102,"two-contract post-signal scalp: one contract exits at first target, one runner uses selected stop mode and runner target"
1,signal_scaled_scalp:strategy=vwap_extension_fade_4pt:direction=all:first_target_points=0.5:stop_points=2:runner_target_points=1.5:runner_stop_mode=initial,vwap_extension_fade_4pt,all,0.5,2,1.5,initial,209,209,209,79,130,103,27,0,0,103,0.49282297,-7525,-8988,-43.00478469,107,102,"two-contract post-signal scalp: one contract exits at first target, one runner uses selected stop mode and runner target"
1,signal_scaled_scalp:strategy=vwap_extension_fade_4pt:direction=all:first_target_points=0.5:stop_points=2:runner_target_points=2:runner_stop_mode=breakeven,vwap_extension_fade_4pt,all,0.5,2,2,breakeven,209,209,209,79,130,52,78,0,0,130,0.62200957,-7350,-8813,-42.16746411,107,102,"two-contract post-signal scalp: one contract exits at first target, one runner uses selected stop mode and runner target"
1,signal_scaled_scalp:strategy=vwap_extension_fade_4pt:direction=all:first_target_points=0.5:stop_points=2:runner_target_points=2:runner_stop_mode=initial,vwap_extension_fade_4pt,all,0.5,2,2,initial,209,209,209,79,130,97,33,0,0,97,0.46411483,-6150,-7613,-36.42583732,107,102,"two-contract post-signal scalp: one contract exits at first target, one runner uses selected stop mode and runner target"
1,signal_scaled_scalp:strategy=vwap_extension_fade_4pt:direction=all:first_target_points=0.5:stop_points=2:runner_target_points=3:runner_stop_mode=breakeven,vwap_extension_fade_4pt,all,0.5,2,3,breakeven,209,209,209,79,130,36,94,0,0,130,0.62200957,-7150,-8613,-41.21052632,107,102,"two-contract post-signal scalp: one contract exits at first target, one runner uses selected stop mode and runner target"
1,signal_scaled_scalp:strategy=vwap_extension_fade_4pt:direction=all:first_target_points=0.5:stop_points=2:runner_target_points=3:runner_stop_mode=initial,vwap_extension_fade_4pt,all,0.5,2,3,initial,209,209,209,79,130,80,50,0,0,80,0.38277512,-5550,-7013,-33.55502392,107,102,"two-contract post-signal scalp: one contract exits at first target, one runner uses selected stop mode and runner target"
1,signal_scaled_scalp:strategy=vwap_extension_fade_4pt:direction=all:first_target_points=0.5:stop_points=2:runner_target_points=5:runner_stop_mode=breakeven,vwap_extension_fade_4pt,all,0.5,2,5,breakeven,209,209,209,79,130,20,110,0,0,130,0.62200957,-7550,-9013,-43.12440191,107,102,"two-contract post-signal scalp: one contract exits at first target, one runner uses selected stop mode and runner target"
1,signal_scaled_scalp:strategy=vwap_extension_fade_4pt:direction=all:first_target_points=0.5:stop_points=2:runner_target_points=5:runner_stop_mode=initial,vwap_extension_fade_4pt,all,0.5,2,5,initial,209,209,209,79,130,55,75,0,0,55,0.26315789,-6300,-7763,-37.14354067,107,102,"two-contract post-signal scalp: one contract exits at first target, one runner uses selected stop mode and runner target"
1,signal_scaled_scalp:strategy=vwap_extension_fade_4pt:direction=all:first_target_points=1:stop_points=1:runner_target_points=1.5:runner_stop_mode=breakeven,vwap_extension_fade_4pt,all,1,1,1.5,breakeven,209,209,209,123,86,57,29,0,0,86,0.41148325,-3725,-5188,-24.82296651,107,102,"two-contract post-signal scalp: one contract exits at first target, one runner uses selected stop mode and runner target"
1,signal_scaled_scalp:strategy=vwap_extension_fade_4pt:direction=all:first_target_points=1:stop_points=1:runner_target_points=1.5:runner_stop_mode=initial,vwap_extension_fade_4pt,all,1,1,1.5,initial,209,209,209,123,86,66,20,0,0,66,0.31578947,-4050,-5513,-26.37799043,107,102,"two-contract post-signal scalp: one contract exits at first target, one runner uses selected stop mode and runner target"
1,signal_scaled_scalp:strategy=vwap_extension_fade_4pt:direction=all:first_target_points=1:stop_points=1:runner_target_points=2:runner_stop_mode=breakeven,vwap_extension_fade_4pt,all,1,1,2,breakeven,209,209,209,123,86,50,36,0,0,86,0.41148325,-3000,-4463,-21.35406699,107,102,"two-contract post-signal scalp: one contract exits at first target, one runner uses selected stop mode and runner target"
1,signal_scaled_scalp:strategy=vwap_extension_fade_4pt:direction=all:first_target_points=1:stop_points=1:runner_target_points=2:runner_stop_mode=initial,vwap_extension_fade_4pt,all,1,1,2,initial,209,209,209,123,86,61,25,0,0,61,0.29186603,-3150,-4613,-22.07177033,107,102,"two-contract post-signal scalp: one contract exits at first target, one runner uses selected stop mode and runner target"
1,signal_scaled_scalp:strategy=vwap_extension_fade_4pt:direction=all:first_target_points=1:stop_points=1:runner_target_points=3:runner_stop_mode=breakeven,vwap_extension_fade_4pt,all,1,1,3,breakeven,209,209,209,123,86,35,51,0,0,86,0.41148325,-2750,-4213,-20.15789474,107,102,"two-contract post-signal scalp: one contract exits at first target, one runner uses selected stop mode and runner target"
1,signal_scaled_scalp:strategy=vwap_extension_fade_4pt:direction=all:first_target_points=1:stop_points=1:runner_target_points=3:runner_stop_mode=initial,vwap_extension_fade_4pt,all,1,1,3,initial,209,209,209,123,86,48,38,0,0,48,0.22966507,-2700,-4163,-19.91866029,107,102,"two-contract post-signal scalp: one contract exits at first target, one runner uses selected stop mode and runner target"
1,signal_scaled_scalp:strategy=vwap_extension_fade_4pt:direction=all:first_target_points=1:stop_points=1:runner_target_points=5:runner_stop_mode=breakeven,vwap_extension_fade_4pt,all,1,1,5,breakeven,209,209,209,123,86,21,65,0,0,86,0.41148325,-2750,-4213,-20.15789474,107,102,"two-contract post-signal scalp: one contract exits at first target, one runner uses selected stop mode and runner target"
1,signal_scaled_scalp:strategy=vwap_extension_fade_4pt:direction=all:first_target_points=1:stop_points=1:runner_target_points=5:runner_stop_mode=initial,vwap_extension_fade_4pt,all,1,1,5,initial,209,209,209,123,86,32,54,0,0,32,0.15311005,-2700,-4163,-19.91866029,107,102,"two-contract post-signal scalp: one contract exits at first target, one runner uses selected stop mode and runner target"
1,signal_scaled_scalp:strategy=vwap_extension_fade_4pt:direction=all:first_target_points=1:stop_points=1.5:runner_target_points=1.5:runner_stop_mode=breakeven,vwap_extension_fade_4pt,all,1,1.5,1.5,breakeven,209,209,209,111,98,63,35,0,0,98,0.46889952,-7025,-8488,-40.61244019,107,102,"two-contract post-signal scalp: one contract exits at first target, one runner uses selected stop mode and runner target"
1,signal_scaled_scalp:strategy=vwap_extension_fade_4pt:direction=all:first_target_points=1:stop_points=1.5:runner_target_points=1.5:runner_stop_mode=initial,vwap_extension_fade_4pt,all,1,1.5,1.5,initial,209,209,209,111,98,79,19,0,0,79,0.37799043,-7250,-8713,-41.68899522,107,102,"two-contract post-signal scalp: one contract exits at first target, one runner uses selected stop mode and runner target"
1,signal_scaled_scalp:strategy=vwap_extension_fade_4pt:direction=all:first_target_points=1:stop_points=1.5:runner_target_points=2:runner_stop_mode=breakeven,vwap_extension_fade_4pt,all,1,1.5,2,breakeven,209,209,209,111,98,55,43,0,0,98,0.46889952,-6250,-7713,-36.90430622,107,102,"two-contract post-signal scalp: one contract exits at first target, one runner uses selected stop mode and runner target"
1,signal_scaled_scalp:strategy=vwap_extension_fade_4pt:direction=all:first_target_points=1:stop_points=1.5:runner_target_points=2:runner_stop_mode=initial,vwap_extension_fade_4pt,all,1,1.5,2,initial,209,209,209,111,98,74,24,0,0,74,0.35406699,-6150,-7613,-36.42583732,107,102,"two-contract post-signal scalp: one contract exits at first target, one runner uses selected stop mode and runner target"
1,signal_scaled_scalp:strategy=vwap_extension_fade_4pt:direction=all:first_target_points=1:stop_points=1.5:runner_target_points=3:runner_stop_mode=breakeven,vwap_extension_fade_4pt,all,1,1.5,3,breakeven,209,209,209,111,98,39,59,0,0,98,0.46889952,-5900,-7363,-35.22966507,107,102,"two-contract post-signal scalp: one contract exits at first target, one runner uses selected stop mode and runner target"
1,signal_scaled_scalp:strategy=vwap_extension_fade_4pt:direction=all:first_target_points=1:stop_points=1.5:runner_target_points=3:runner_stop_mode=initial,vwap_extension_fade_4pt,all,1,1.5,3,initial,209,209,209,111,98,60,38,0,0,60,0.28708134,-5600,-7063,-33.79425837,107,102,"two-contract post-signal scalp: one contract exits at first target, one runner uses selected stop mode and runner target"
1,signal_scaled_scalp:strategy=vwap_extension_fade_4pt:direction=all:first_target_points=1:stop_points=1.5:runner_target_points=5:runner_stop_mode=breakeven,vwap_extension_fade_4pt,all,1,1.5,5,breakeven,209,209,209,111,98,23,75,0,0,98,0.46889952,-6000,-7463,-35.70813397,107,102,"two-contract post-signal scalp: one contract exits at first target, one runner uses selected stop mode and runner target"
1,signal_scaled_scalp:strategy=vwap_extension_fade_4pt:direction=all:first_target_points=1:stop_points=1.5:runner_target_points=5:runner_stop_mode=initial,vwap_extension_fade_4pt,all,1,1.5,5,initial,209,209,209,111,98,40,58,0,0,40,0.19138756,-6100,-7563,-36.18660287,107,102,"two-contract post-signal scalp: one contract exits at first target, one runner uses selected stop mode and runner target"
1,signal_scaled_scalp:strategy=vwap_extension_fade_4pt:direction=all:first_target_points=1:stop_points=2:runner_target_points=1.5:runner_stop_mode=breakeven,vwap_extension_fade_4pt,all,1,2,1.5,breakeven,209,209,209,91,118,78,40,0,0,118,0.5645933,-6450,-7913,-37.86124402,107,102,"two-contract post-signal scalp: one contract exits at first target, one runner uses selected stop mode and runner target"
1,signal_scaled_scalp:strategy=vwap_extension_fade_4pt:direction=all:first_target_points=1:stop_points=2:runner_target_points=1.5:runner_stop_mode=initial,vwap_extension_fade_4pt,all,1,2,1.5,initial,209,209,209,91,118,103,15,0,0,103,0.49282297,-6075,-7538,-36.06698565,107,102,"two-contract post-signal scalp: one contract exits at first target, one runner uses selected stop mode and runner target"
1,signal_scaled_scalp:strategy=vwap_extension_fade_4pt:direction=all:first_target_points=1:stop_points=2:runner_target_points=2:runner_stop_mode=breakeven,vwap_extension_fade_4pt,all,1,2,2,breakeven,209,209,209,91,118,67,51,0,0,118,0.5645933,-5600,-7063,-33.79425837,107,102,"two-contract post-signal scalp: one contract exits at first target, one runner uses selected stop mode and runner target"
1,signal_scaled_scalp:strategy=vwap_extension_fade_4pt:direction=all:first_target_points=1:stop_points=2:runner_target_points=2:runner_stop_mode=initial,vwap_extension_fade_4pt,all,1,2,2,initial,209,209,209,91,118,97,21,0,0,97,0.46411483,-4700,-6163,-29.48803828,107,102,"two-contract post-signal scalp: one contract exits at first target, one runner uses selected stop mode and runner target"
1,signal_scaled_scalp:strategy=vwap_extension_fade_4pt:direction=all:first_target_points=1:stop_points=2:runner_target_points=3:runner_stop_mode=breakeven,vwap_extension_fade_4pt,all,1,2,3,breakeven,209,209,209,91,118,48,70,0,0,118,0.5645933,-5100,-6563,-31.40191388,107,102,"two-contract post-signal scalp: one contract exits at first target, one runner uses selected stop mode and runner target"
1,signal_scaled_scalp:strategy=vwap_extension_fade_4pt:direction=all:first_target_points=1:stop_points=2:runner_target_points=3:runner_stop_mode=initial,vwap_extension_fade_4pt,all,1,2,3,initial,209,209,209,91,118,80,38,0,0,80,0.38277512,-4100,-5563,-26.61722488,107,102,"two-contract post-signal scalp: one contract exits at first target, one runner uses selected stop mode and runner target"
1,signal_scaled_scalp:strategy=vwap_extension_fade_4pt:direction=all:first_target_points=1:stop_points=2:runner_target_points=5:runner_stop_mode=breakeven,vwap_extension_fade_4pt,all,1,2,5,breakeven,209,209,209,91,118,28,90,0,0,118,0.5645933,-5300,-6763,-32.35885167,107,102,"two-contract post-signal scalp: one contract exits at first target, one runner uses selected stop mode and runner target"
1,signal_scaled_scalp:strategy=vwap_extension_fade_4pt:direction=all:first_target_points=1:stop_points=2:runner_target_points=5:runner_stop_mode=initial,vwap_extension_fade_4pt,all,1,2,5,initial,209,209,209,91,118,55,63,0,0,55,0.26315789,-4850,-6313,-30.20574163,107,102,"two-contract post-signal scalp: one contract exits at first target, one runner uses selected stop mode and runner target"
1,signal_scaled_scalp:strategy=vwap_extension_fade_4pt:direction=all:first_target_points=1.5:stop_points=1:runner_target_points=2:runner_stop_mode=breakeven,vwap_extension_fade_4pt,all,1.5,1,2,breakeven,209,209,209,143,66,58,8,0,0,66,0.31578947,-3550,-5013,-23.98564593,107,102,"two-contract post-signal scalp: one contract exits at first target, one runner uses selected stop mode and runner target"
1,signal_scaled_scalp:strategy=vwap_extension_fade_4pt:direction=all:first_target_points=1.5:stop_points=1:runner_target_points=2:runner_stop_mode=initial,vwap_extension_fade_4pt,all,1.5,1,2,initial,209,209,209,143,66,61,5,0,0,66,0.31578947,-3500,-4963,-23.74641148,107,102,"two-contract post-signal scalp: one contract exits at first target, one runner uses selected stop mode and runner target"
1,signal_scaled_scalp:strategy=vwap_extension_fade_4pt:direction=all:first_target_points=1.5:stop_points=1:runner_target_points=3:runner_stop_mode=breakeven,vwap_extension_fade_4pt,all,1.5,1,3,breakeven,209,209,209,143,66,39,27,0,0,66,0.31578947,-3500,-4963,-23.74641148,107,102,"two-contract post-signal scalp: one contract exits at first target, one runner uses selected stop mode and runner target"
1,signal_scaled_scalp:strategy=vwap_extension_fade_4pt:direction=all:first_target_points=1.5:stop_points=1:runner_target_points=3:runner_stop_mode=initial,vwap_extension_fade_4pt,all,1.5,1,3,initial,209,209,209,143,66,48,18,0,0,66,0.31578947,-3050,-4513,-21.59330144,107,102,"two-contract post-signal scalp: one contract exits at first target, one runner uses selected stop mode and runner target"
1,signal_scaled_scalp:strategy=vwap_extension_fade_4pt:direction=all:first_target_points=1.5:stop_points=1:runner_target_points=5:runner_stop_mode=breakeven,vwap_extension_fade_4pt,all,1.5,1,5,breakeven,209,209,209,143,66,23,43,0,0,66,0.31578947,-3600,-5063,-24.22488038,107,102,"two-contract post-signal scalp: one contract exits at first target, one runner uses selected stop mode and runner target"
1,signal_scaled_scalp:strategy=vwap_extension_fade_4pt:direction=all:first_target_points=1.5:stop_points=1:runner_target_points=5:runner_stop_mode=initial,vwap_extension_fade_4pt,all,1.5,1,5,initial,209,209,209,143,66,32,34,0,0,66,0.31578947,-3050,-4513,-21.59330144,107,102,"two-contract post-signal scalp: one contract exits at first target, one runner uses selected stop mode and runner target"
1,signal_scaled_scalp:strategy=vwap_extension_fade_4pt:direction=all:first_target_points=1.5:stop_points=1.5:runner_target_points=2:runner_stop_mode=breakeven,vwap_extension_fade_4pt,all,1.5,1.5,2,breakeven,209,209,209,130,79,70,9,0,0,79,0.37799043,-6575,-8038,-38.45933014,107,102,"two-contract post-signal scalp: one contract exits at first target, one runner uses selected stop mode and runner target"
1,signal_scaled_scalp:strategy=vwap_extension_fade_4pt:direction=all:first_target_points=1.5:stop_points=1.5:runner_target_points=2:runner_stop_mode=initial,vwap_extension_fade_4pt,all,1.5,1.5,2,initial,209,209,209,130,79,74,5,0,0,74,0.35406699,-6550,-8013,-38.33971292,107,102,"two-contract post-signal scalp: one contract exits at first target, one runner uses selected stop mode and runner target"
1,signal_scaled_scalp:strategy=vwap_extension_fade_4pt:direction=all:first_target_points=1.5:stop_points=1.5:runner_target_points=3:runner_stop_mode=breakeven,vwap_extension_fade_4pt,all,1.5,1.5,3,breakeven,209,209,209,130,79,47,32,0,0,79,0.37799043,-6525,-7988,-38.22009569,107,102,"two-contract post-signal scalp: one contract exits at first target, one runner uses selected stop mode and runner target"
1,signal_scaled_scalp:strategy=vwap_extension_fade_4pt:direction=all:first_target_points=1.5:stop_points=1.5:runner_target_points=3:runner_stop_mode=initial,vwap_extension_fade_4pt,all,1.5,1.5,3,initial,209,209,209,130,79,60,19,0,0,60,0.28708134,-6000,-7463,-35.70813397,107,102,"two-contract post-signal scalp: one contract exits at first target, one runner uses selected stop mode and runner target"
1,signal_scaled_scalp:strategy=vwap_extension_fade_4pt:direction=all:first_target_points=1.5:stop_points=1.5:runner_target_points=5:runner_stop_mode=breakeven,vwap_extension_fade_4pt,all,1.5,1.5,5,breakeven,209,209,209,130,79,27,52,0,0,79,0.37799043,-6825,-8288,-39.65550239,107,102,"two-contract post-signal scalp: one contract exits at first target, one runner uses selected stop mode and runner target"
1,signal_scaled_scalp:strategy=vwap_extension_fade_4pt:direction=all:first_target_points=1.5:stop_points=1.5:runner_target_points=5:runner_stop_mode=initial,vwap_extension_fade_4pt,all,1.5,1.5,5,initial,209,209,209,130,79,40,39,0,0,40,0.19138756,-6500,-7963,-38.10047847,107,102,"two-contract post-signal scalp: one contract exits at first target, one runner uses selected stop mode and runner target"
1,signal_scaled_scalp:strategy=vwap_extension_fade_4pt:direction=all:first_target_points=1.5:stop_points=2:runner_target_points=2:runner_stop_mode=breakeven,vwap_extension_fade_4pt,all,1.5,2,2,breakeven,209,209,209,106,103,88,15,0,0,103,0.49282297,-4675,-6138,-29.36842105,107,102,"two-contract post-signal scalp: one contract exits at first target, one runner uses selected stop mode and runner target"
1,signal_scaled_scalp:strategy=vwap_extension_fade_4pt:direction=all:first_target_points=1.5:stop_points=2:runner_target_points=2:runner_stop_mode=initial,vwap_extension_fade_4pt,all,1.5,2,2,initial,209,209,209,106,103,97,6,0,0,97,0.46411483,-4375,-5838,-27.93301435,107,102,"two-contract post-signal scalp: one contract exits at first target, one runner uses selected stop mode and runner target"
1,signal_scaled_scalp:strategy=vwap_extension_fade_4pt:direction=all:first_target_points=1.5:stop_points=2:runner_target_points=3:runner_stop_mode=breakeven,vwap_extension_fade_4pt,all,1.5,2,3,breakeven,209,209,209,106,103,59,44,0,0,103,0.49282297,-4625,-6088,-29.1291866,107,102,"two-contract post-signal scalp: one contract exits at first target, one runner uses selected stop mode and runner target"
1,signal_scaled_scalp:strategy=vwap_extension_fade_4pt:direction=all:first_target_points=1.5:stop_points=2:runner_target_points=3:runner_stop_mode=initial,vwap_extension_fade_4pt,all,1.5,2,3,initial,209,209,209,106,103,80,23,0,0,80,0.38277512,-3775,-5238,-25.06220096,107,102,"two-contract post-signal scalp: one contract exits at first target, one runner uses selected stop mode and runner target"
1,signal_scaled_scalp:strategy=vwap_extension_fade_4pt:direction=all:first_target_points=1.5:stop_points=2:runner_target_points=5:runner_stop_mode=breakeven,vwap_extension_fade_4pt,all,1.5,2,5,breakeven,209,209,209,106,103,35,68,0,0,103,0.49282297,-4725,-6188,-29.6076555,107,102,"two-contract post-signal scalp: one contract exits at first target, one runner uses selected stop mode and runner target"
1,signal_scaled_scalp:strategy=vwap_extension_fade_4pt:direction=all:first_target_points=1.5:stop_points=2:runner_target_points=5:runner_stop_mode=initial,vwap_extension_fade_4pt,all,1.5,2,5,initial,209,209,209,106,103,55,48,0,0,55,0.26315789,-4525,-5988,-28.6507177,107,102,"two-contract post-signal scalp: one contract exits at first target, one runner uses selected stop mode and runner target"
1,signal_scaled_scalp:strategy=impulse_fade_3bar_1.5pt:direction=all:first_target_points=0.5:stop_points=1:runner_target_points=1.5:runner_stop_mode=breakeven,impulse_fade_3bar_1.5pt,all,0.5,1,1.5,breakeven,246,246,246,141,105,58,47,0,0,105,0.42682927,-7125,-8847,-35.96341463,128,118,"two-contract post-signal scalp: one contract exits at first target, one runner uses selected stop mode and runner target"
1,signal_scaled_scalp:strategy=impulse_fade_3bar_1.5pt:direction=all:first_target_points=0.5:stop_points=1:runner_target_points=1.5:runner_stop_mode=initial,impulse_fade_3bar_1.5pt,all,0.5,1,1.5,initial,246,246,246,141,105,76,29,0,0,76,0.30894309,-7225,-8947,-36.3699187,128,118,"two-contract post-signal scalp: one contract exits at first target, one runner uses selected stop mode and runner target"
1,signal_scaled_scalp:strategy=impulse_fade_3bar_1.5pt:direction=all:first_target_points=0.5:stop_points=1:runner_target_points=2:runner_stop_mode=breakeven,impulse_fade_3bar_1.5pt,all,0.5,1,2,breakeven,246,246,246,141,105,45,60,0,0,105,0.42682927,-6975,-8697,-35.35365854,128,118,"two-contract post-signal scalp: one contract exits at first target, one runner uses selected stop mode and runner target"
1,signal_scaled_scalp:strategy=impulse_fade_3bar_1.5pt:direction=all:first_target_points=0.5:stop_points=1:runner_target_points=2:runner_stop_mode=initial,impulse_fade_3bar_1.5pt,all,0.5,1,2,initial,246,246,246,141,105,60,45,0,0,60,0.24390244,-7725,-9447,-38.40243902,128,118,"two-contract post-signal scalp: one contract exits at first target, one runner uses selected stop mode and runner target"
1,signal_scaled_scalp:strategy=impulse_fade_3bar_1.5pt:direction=all:first_target_points=0.5:stop_points=1:runner_target_points=3:runner_stop_mode=breakeven,impulse_fade_3bar_1.5pt,all,0.5,1,3,breakeven,246,246,246,141,105,35,70,0,0,105,0.42682927,-6225,-7947,-32.30487805,128,118,"two-contract post-signal scalp: one contract exits at first target, one runner uses selected stop mode and runner target"
1,signal_scaled_scalp:strategy=impulse_fade_3bar_1.5pt:direction=all:first_target_points=0.5:stop_points=1:runner_target_points=3:runner_stop_mode=initial,impulse_fade_3bar_1.5pt,all,0.5,1,3,initial,246,246,246,141,105,50,55,0,0,50,0.20325203,-6725,-8447,-34.33739837,128,118,"two-contract post-signal scalp: one contract exits at first target, one runner uses selected stop mode and runner target"
1,signal_scaled_scalp:strategy=impulse_fade_3bar_1.5pt:direction=all:first_target_points=0.5:stop_points=1:runner_target_points=5:runner_stop_mode=breakeven,impulse_fade_3bar_1.5pt,all,0.5,1,5,breakeven,246,246,246,141,105,29,76,0,0,105,0.42682927,-4225,-5947,-24.17479675,128,118,"two-contract post-signal scalp: one contract exits at first target, one runner uses selected stop mode and runner target"
1,signal_scaled_scalp:strategy=impulse_fade_3bar_1.5pt:direction=all:first_target_points=0.5:stop_points=1:runner_target_points=5:runner_stop_mode=initial,impulse_fade_3bar_1.5pt,all,0.5,1,5,initial,246,246,246,141,105,40,65,0,0,40,0.16260163,-4725,-6447,-26.20731707,128,118,"two-contract post-signal scalp: one contract exits at first target, one runner uses selected stop mode and runner target"
1,signal_scaled_scalp:strategy=impulse_fade_3bar_1.5pt:direction=all:first_target_points=0.5:stop_points=1.5:runner_target_points=1.5:runner_stop_mode=breakeven,impulse_fade_3bar_1.5pt,all,0.5,1.5,1.5,breakeven,246,246,246,126,120,61,59,0,0,120,0.48780488,-11325,-13047,-53.03658537,128,118,"two-contract post-signal scalp: one contract exits at first target, one runner uses selected stop mode and runner target"
1,signal_scaled_scalp:strategy=impulse_fade_3bar_1.5pt:direction=all:first_target_points=0.5:stop_points=1.5:runner_target_points=1.5:runner_stop_mode=initial,impulse_fade_3bar_1.5pt,all,0.5,1.5,1.5,initial,246,246,246,126,120,87,33,0,0,87,0.35365854,-11850,-13572,-55.17073171,128,118,"two-contract post-signal scalp: one contract exits at first target, one runner uses selected stop mode and runner target"
1,signal_scaled_scalp:strategy=impulse_fade_3bar_1.5pt:direction=all:first_target_points=0.5:stop_points=1.5:runner_target_points=2:runner_stop_mode=breakeven,impulse_fade_3bar_1.5pt,all,0.5,1.5,2,breakeven,246,246,246,126,120,46,74,0,0,120,0.48780488,-11300,-13022,-52.93495935,128,118,"two-contract post-signal scalp: one contract exits at first target, one runner uses selected stop mode and runner target"
1,signal_scaled_scalp:strategy=impulse_fade_3bar_1.5pt:direction=all:first_target_points=0.5:stop_points=1.5:runner_target_points=2:runner_stop_mode=initial,impulse_fade_3bar_1.5pt,all,0.5,1.5,2,initial,246,246,246,126,120,74,46,0,0,74,0.30081301,-11950,-13672,-55.57723577,128,118,"two-contract post-signal scalp: one contract exits at first target, one runner uses selected stop mode and runner target"
1,signal_scaled_scalp:strategy=impulse_fade_3bar_1.5pt:direction=all:first_target_points=0.5:stop_points=1.5:runner_target_points=3:runner_stop_mode=breakeven,impulse_fade_3bar_1.5pt,all,0.5,1.5,3,breakeven,246,246,246,126,120,36,84,0,0,120,0.48780488,-10500,-12222,-49.68292683,128,118,"two-contract post-signal scalp: one contract exits at first target, one runner uses selected stop mode and runner target"
1,signal_scaled_scalp:strategy=impulse_fade_3bar_1.5pt:direction=all:first_target_points=0.5:stop_points=1.5:runner_target_points=3:runner_stop_mode=initial,impulse_fade_3bar_1.5pt,all,0.5,1.5,3,initial,246,246,246,126,120,62,58,0,0,62,0.25203252,-10950,-12672,-51.51219512,128,118,"two-contract post-signal scalp: one contract exits at first target, one runner uses selected stop mode and runner target"
1,signal_scaled_scalp:strategy=impulse_fade_3bar_1.5pt:direction=all:first_target_points=0.5:stop_points=1.5:runner_target_points=5:runner_stop_mode=breakeven,impulse_fade_3bar_1.5pt,all,0.5,1.5,5,breakeven,246,246,246,126,120,29,91,0,0,120,0.48780488,-8650,-10372,-42.16260163,128,118,"two-contract post-signal scalp: one contract exits at first target, one runner uses selected stop mode and runner target"
1,signal_scaled_scalp:strategy=impulse_fade_3bar_1.5pt:direction=all:first_target_points=0.5:stop_points=1.5:runner_target_points=5:runner_stop_mode=initial,impulse_fade_3bar_1.5pt,all,0.5,1.5,5,initial,246,246,246,126,120,49,71,0,0,49,0.19918699,-8975,-10697,-43.48373984,128,118,"two-contract post-signal scalp: one contract exits at first target, one runner uses selected stop mode and runner target"
1,signal_scaled_scalp:strategy=impulse_fade_3bar_1.5pt:direction=all:first_target_points=0.5:stop_points=2:runner_target_points=1.5:runner_stop_mode=breakeven,impulse_fade_3bar_1.5pt,all,0.5,2,1.5,breakeven,246,246,246,110,136,65,71,0,0,136,0.55284553,-13725,-15447,-62.79268293,128,118,"two-contract post-signal scalp: one contract exits at first target, one runner uses selected stop mode and runner target"
1,signal_scaled_scalp:strategy=impulse_fade_3bar_1.5pt:direction=all:first_target_points=0.5:stop_points=2:runner_target_points=1.5:runner_stop_mode=initial,impulse_fade_3bar_1.5pt,all,0.5,2,1.5,initial,246,246,246,110,136,107,29,0,0,107,0.43495935,-13475,-15197,-61.77642276,128,118,"two-contract post-signal scalp: one contract exits at first target, one runner uses selected stop mode and runner target"
1,signal_scaled_scalp:strategy=impulse_fade_3bar_1.5pt:direction=all:first_target_points=0.5:stop_points=2:runner_target_points=2:runner_stop_mode=breakeven,impulse_fade_3bar_1.5pt,all,0.5,2,2,breakeven,246,246,246,110,136,50,86,0,0,136,0.55284553,-13600,-15322,-62.28455285,128,118,"two-contract post-signal scalp: one contract exits at first target, one runner uses selected stop mode and runner target"
1,signal_scaled_scalp:strategy=impulse_fade_3bar_1.5pt:direction=all:first_target_points=0.5:stop_points=2:runner_target_points=2:runner_stop_mode=initial,impulse_fade_3bar_1.5pt,all,0.5,2,2,initial,246,246,246,110,136,94,42,0,0,94,0.38211382,-13400,-15122,-61.47154472,128,118,"two-contract post-signal scalp: one contract exits at first target, one runner uses selected stop mode and runner target"
1,signal_scaled_scalp:strategy=impulse_fade_3bar_1.5pt:direction=all:first_target_points=0.5:stop_points=2:runner_target_points=3:runner_stop_mode=breakeven,impulse_fade_3bar_1.5pt,all,0.5,2,3,breakeven,246,246,246,110,136,38,98,0,0,136,0.55284553,-12900,-14622,-59.43902439,128,118,"two-contract post-signal scalp: one contract exits at first target, one runner uses selected stop mode and runner target"
1,signal_scaled_scalp:strategy=impulse_fade_3bar_1.5pt:direction=all:first_target_points=0.5:stop_points=2:runner_target_points=3:runner_stop_mode=initial,impulse_fade_3bar_1.5pt,all,0.5,2,3,initial,246,246,246,110,136,79,57,0,0,79,0.32113821,-12450,-14172,-57.6097561,128,118,"two-contract post-signal scalp: one contract exits at first target, one runner uses selected stop mode and runner target"
1,signal_scaled_scalp:strategy=impulse_fade_3bar_1.5pt:direction=all:first_target_points=0.5:stop_points=2:runner_target_points=5:runner_stop_mode=breakeven,impulse_fade_3bar_1.5pt,all,0.5,2,5,breakeven,246,246,246,110,136,30,106,0,0,136,0.55284553,-11100,-12822,-52.12195122,128,118,"two-contract post-signal scalp: one contract exits at first target, one runner uses selected stop mode and runner target"
1,signal_scaled_scalp:strategy=impulse_fade_3bar_1.5pt:direction=all:first_target_points=0.5:stop_points=2:runner_target_points=5:runner_stop_mode=initial,impulse_fade_3bar_1.5pt,all,0.5,2,5,initial,246,246,246,110,136,62,74,0,0,62,0.25203252,-10500,-12222,-49.68292683,128,118,"two-contract post-signal scalp: one contract exits at first target, one runner uses selected stop mode and runner target"
1,signal_scaled_scalp:strategy=impulse_fade_3bar_1.5pt:direction=all:first_target_points=1:stop_points=1:runner_target_points=1.5:runner_stop_mode=breakeven,impulse_fade_3bar_1.5pt,all,1,1,1.5,breakeven,246,246,246,156,90,61,29,0,0,90,0.36585366,-6525,-8247,-33.52439024,128,118,"two-contract post-signal scalp: one contract exits at first target, one runner uses selected stop mode and runner target"
1,signal_scaled_scalp:strategy=impulse_fade_3bar_1.5pt:direction=all:first_target_points=1:stop_points=1:runner_target_points=1.5:runner_stop_mode=initial,impulse_fade_3bar_1.5pt,all,1,1,1.5,initial,246,246,246,156,90,76,14,0,0,76,0.30894309,-6100,-7822,-31.79674797,128,118,"two-contract post-signal scalp: one contract exits at first target, one runner uses selected stop mode and runner target"
1,signal_scaled_scalp:strategy=impulse_fade_3bar_1.5pt:direction=all:first_target_points=1:stop_points=1:runner_target_points=2:runner_stop_mode=breakeven,impulse_fade_3bar_1.5pt,all,1,1,2,breakeven,246,246,246,156,90,47,43,0,0,90,0.36585366,-6400,-8122,-33.01626016,128,118,"two-contract post-signal scalp: one contract exits at first target, one runner uses selected stop mode and runner target"
1,signal_scaled_scalp:strategy=impulse_fade_3bar_1.5pt:direction=all:first_target_points=1:stop_points=1:runner_target_points=2:runner_stop_mode=initial,impulse_fade_3bar_1.5pt,all,1,1,2,initial,246,246,246,156,90,60,30,0,0,60,0.24390244,-6600,-8322,-33.82926829,128,118,"two-contract post-signal scalp: one contract exits at first target, one runner uses selected stop mode and runner target"
1,signal_scaled_scalp:strategy=impulse_fade_3bar_1.5pt:direction=all:first_target_points=1:stop_points=1:runner_target_points=3:runner_stop_mode=breakeven,impulse_fade_3bar_1.5pt,all,1,1,3,breakeven,246,246,246,156,90,37,53,0,0,90,0.36585366,-5550,-7272,-29.56097561,128,118,"two-contract post-signal scalp: one contract exits at first target, one runner uses selected stop mode and runner target"
1,signal_scaled_scalp:strategy=impulse_fade_3bar_1.5pt:direction=all:first_target_points=1:stop_points=1:runner_target_points=3:runner_stop_mode=initial,impulse_fade_3bar_1.5pt,all,1,1,3,initial,246,246,246,156,90,50,40,0,0,50,0.20325203,-5600,-7322,-29.76422764,128,118,"two-contract post-signal scalp: one contract exits at first target, one runner uses selected stop mode and runner target"
1,signal_scaled_scalp:strategy=impulse_fade_3bar_1.5pt:direction=all:first_target_points=1:stop_points=1:runner_target_points=5:runner_stop_mode=breakeven,impulse_fade_3bar_1.5pt,all,1,1,5,breakeven,246,246,246,156,90,30,60,0,0,90,0.36585366,-3600,-5322,-21.63414634,128,118,"two-contract post-signal scalp: one contract exits at first target, one runner uses selected stop mode and runner target"
1,signal_scaled_scalp:strategy=impulse_fade_3bar_1.5pt:direction=all:first_target_points=1:stop_points=1:runner_target_points=5:runner_stop_mode=initial,impulse_fade_3bar_1.5pt,all,1,1,5,initial,246,246,246,156,90,40,50,0,0,40,0.16260163,-3600,-5322,-21.63414634,128,118,"two-contract post-signal scalp: one contract exits at first target, one runner uses selected stop mode and runner target"
1,signal_scaled_scalp:strategy=impulse_fade_3bar_1.5pt:direction=all:first_target_points=1:stop_points=1.5:runner_target_points=1.5:runner_stop_mode=breakeven,impulse_fade_3bar_1.5pt,all,1,1.5,1.5,breakeven,246,246,246,148,98,64,34,0,0,98,0.39837398,-12500,-14222,-57.81300813,128,118,"two-contract post-signal scalp: one contract exits at first target, one runner uses selected stop mode and runner target"
1,signal_scaled_scalp:strategy=impulse_fade_3bar_1.5pt:direction=all:first_target_points=1:stop_points=1.5:runner_target_points=1.5:runner_stop_mode=initial,impulse_fade_3bar_1.5pt,all,1,1.5,1.5,initial,246,246,246,148,98,87,11,0,0,87,0.35365854,-11600,-13322,-54.15447154,128,118,"two-contract post-signal scalp: one contract exits at first target, one runner uses selected stop mode and runner target"
1,signal_scaled_scalp:strategy=impulse_fade_3bar_1.5pt:direction=all:first_target_points=1:stop_points=1.5:runner_target_points=2:runner_stop_mode=breakeven,impulse_fade_3bar_1.5pt,all,1,1.5,2,breakeven,246,246,246,148,98,48,50,0,0,98,0.39837398,-12500,-14222,-57.81300813,128,118,"two-contract post-signal scalp: one contract exits at first target, one runner uses selected stop mode and runner target"
1,signal_scaled_scalp:strategy=impulse_fade_3bar_1.5pt:direction=all:first_target_points=1:stop_points=1.5:runner_target_points=2:runner_stop_mode=initial,impulse_fade_3bar_1.5pt,all,1,1.5,2,initial,246,246,246,148,98,74,24,0,0,74,0.30081301,-11700,-13422,-54.56097561,128,118,"two-contract post-signal scalp: one contract exits at first target, one runner uses selected stop mode and runner target"
1,signal_scaled_scalp:strategy=impulse_fade_3bar_1.5pt:direction=all:first_target_points=1:stop_points=1.5:runner_target_points=3:runner_stop_mode=breakeven,impulse_fade_3bar_1.5pt,all,1,1.5,3,breakeven,246,246,246,148,98,38,60,0,0,98,0.39837398,-11600,-13322,-54.15447154,128,118,"two-contract post-signal scalp: one contract exits at first target, one runner uses selected stop mode and runner target"
1,signal_scaled_scalp:strategy=impulse_fade_3bar_1.5pt:direction=all:first_target_points=1:stop_points=1.5:runner_target_points=3:runner_stop_mode=initial,impulse_fade_3bar_1.5pt,all,1,1.5,3,initial,246,246,246,148,98,62,36,0,0,62,0.25203252,-10700,-12422,-50.49593496,128,118,"two-contract post-signal scalp: one contract exits at first target, one runner uses selected stop mode and runner target"
1,signal_scaled_scalp:strategy=impulse_fade_3bar_1.5pt:direction=all:first_target_points=1:stop_points=1.5:runner_target_points=5:runner_stop_mode=breakeven,impulse_fade_3bar_1.5pt,all,1,1.5,5,breakeven,246,246,246,148,98,30,68,0,0,98,0.39837398,-9800,-11522,-46.83739837,128,118,"two-contract post-signal scalp: one contract exits at first target, one runner uses selected stop mode and runner target"
1,signal_scaled_scalp:strategy=impulse_fade_3bar_1.5pt:direction=all:first_target_points=1:stop_points=1.5:runner_target_points=5:runner_stop_mode=initial,impulse_fade_3bar_1.5pt,all,1,1.5,5,initial,246,246,246,148,98,49,49,0,0,49,0.19918699,-8725,-10447,-42.46747967,128,118,"two-contract post-signal scalp: one contract exits at first target, one runner uses selected stop mode and runner target"
1,signal_scaled_scalp:strategy=impulse_fade_3bar_1.5pt:direction=all:first_target_points=1:stop_points=2:runner_target_points=1.5:runner_stop_mode=breakeven,impulse_fade_3bar_1.5pt,all,1,2,1.5,breakeven,246,246,246,128,118,80,38,0,0,118,0.4796748,-13700,-15422,-62.69105691,128,118,"two-contract post-signal scalp: one contract exits at first target, one runner uses selected stop mode and runner target"
1,signal_scaled_scalp:strategy=impulse_fade_3bar_1.5pt:direction=all:first_target_points=1:stop_points=2:runner_target_points=1.5:runner_stop_mode=initial,impulse_fade_3bar_1.5pt,all,1,2,1.5,initial,246,246,246,128,118,107,11,0,0,107,0.43495935,-12775,-14497,-58.93089431,128,118,"two-contract post-signal scalp: one contract exits at first target, one runner uses selected stop mode and runner target"
1,signal_scaled_scalp:strategy=impulse_fade_3bar_1.5pt:direction=all:first_target_points=1:stop_points=2:runner_target_points=2:runner_stop_mode=breakeven,impulse_fade_3bar_1.5pt,all,1,2,2,breakeven,246,246,246,128,118,61,57,0,0,118,0.4796748,-13600,-15322,-62.28455285,128,118,"two-contract post-signal scalp: one contract exits at first target, one runner uses selected stop mode and runner target"
1,signal_scaled_scalp:strategy=impulse_fade_3bar_1.5pt:direction=all:first_target_points=1:stop_points=2:runner_target_points=2:runner_stop_mode=initial,impulse_fade_3bar_1.5pt,all,1,2,2,initial,246,246,246,128,118,94,24,0,0,94,0.38211382,-12700,-14422,-58.62601626,128,118,"two-contract post-signal scalp: one contract exits at first target, one runner uses selected stop mode and runner target"
1,signal_scaled_scalp:strategy=impulse_fade_3bar_1.5pt:direction=all:first_target_points=1:stop_points=2:runner_target_points=3:runner_stop_mode=breakeven,impulse_fade_3bar_1.5pt,all,1,2,3,breakeven,246,246,246,128,118,46,72,0,0,118,0.4796748,-12800,-14522,-59.03252033,128,118,"two-contract post-signal scalp: one contract exits at first target, one runner uses selected stop mode and runner target"
1,signal_scaled_scalp:strategy=impulse_fade_3bar_1.5pt:direction=all:first_target_points=1:stop_points=2:runner_target_points=3:runner_stop_mode=initial,impulse_fade_3bar_1.5pt,all,1,2,3,initial,246,246,246,128,118,79,39,0,0,79,0.32113821,-11750,-13472,-54.76422764,128,118,"two-contract post-signal scalp: one contract exits at first target, one runner uses selected stop mode and runner target"
1,signal_scaled_scalp:strategy=impulse_fade_3bar_1.5pt:direction=all:first_target_points=1:stop_points=2:runner_target_points=5:runner_stop_mode=breakeven,impulse_fade_3bar_1.5pt,all,1,2,5,breakeven,246,246,246,128,118,35,83,0,0,118,0.4796748,-10950,-12672,-51.51219512,128,118,"two-contract post-signal scalp: one contract exits at first target, one runner uses selected stop mode and runner target"
1,signal_scaled_scalp:strategy=impulse_fade_3bar_1.5pt:direction=all:first_target_points=1:stop_points=2:runner_target_points=5:runner_stop_mode=initial,impulse_fade_3bar_1.5pt,all,1,2,5,initial,246,246,246,128,118,62,56,0,0,62,0.25203252,-9800,-11522,-46.83739837,128,118,"two-contract post-signal scalp: one contract exits at first target, one runner uses selected stop mode and runner target"
1,signal_scaled_scalp:strategy=impulse_fade_3bar_1.5pt:direction=all:first_target_points=1.5:stop_points=1:runner_target_points=2:runner_stop_mode=breakeven,impulse_fade_3bar_1.5pt,all,1.5,1,2,breakeven,246,246,246,170,76,57,19,0,0,76,0.30894309,-5600,-7322,-29.76422764,128,118,"two-contract post-signal scalp: one contract exits at first target, one runner uses selected stop mode and runner target"
1,signal_scaled_scalp:strategy=impulse_fade_3bar_1.5pt:direction=all:first_target_points=1.5:stop_points=1:runner_target_points=2:runner_stop_mode=initial,impulse_fade_3bar_1.5pt,all,1.5,1,2,initial,246,246,246,170,76,60,16,0,0,76,0.30894309,-6100,-7822,-31.79674797,128,118,"two-contract post-signal scalp: one contract exits at first target, one runner uses selected stop mode and runner target"
1,signal_scaled_scalp:strategy=impulse_fade_3bar_1.5pt:direction=all:first_target_points=1.5:stop_points=1:runner_target_points=3:runner_stop_mode=breakeven,impulse_fade_3bar_1.5pt,all,1.5,1,3,breakeven,246,246,246,170,76,43,33,0,0,76,0.30894309,-4850,-6572,-26.71544715,128,118,"two-contract post-signal scalp: one contract exits at first target, one runner uses selected stop mode and runner target"
1,signal_scaled_scalp:strategy=impulse_fade_3bar_1.5pt:direction=all:first_target_points=1.5:stop_points=1:runner_target_points=3:runner_stop_mode=initial,impulse_fade_3bar_1.5pt,all,1.5,1,3,initial,246,246,246,170,76,50,26,0,0,76,0.30894309,-5100,-6822,-27.73170732,128,118,"two-contract post-signal scalp: one contract exits at first target, one runner uses selected stop mode and runner target"
1,signal_scaled_scalp:strategy=impulse_fade_3bar_1.5pt:direction=all:first_target_points=1.5:stop_points=1:runner_target_points=5:runner_stop_mode=breakeven,impulse_fade_3bar_1.5pt,all,1.5,1,5,breakeven,246,246,246,170,76,35,41,0,0,76,0.30894309,-2550,-4272,-17.36585366,128,118,"two-contract post-signal scalp: one contract exits at first target, one runner uses selected stop mode and runner target"
1,signal_scaled_scalp:strategy=impulse_fade_3bar_1.5pt:direction=all:first_target_points=1.5:stop_points=1:runner_target_points=5:runner_stop_mode=initial,impulse_fade_3bar_1.5pt,all,1.5,1,5,initial,246,246,246,170,76,40,36,0,0,76,0.30894309,-3100,-4822,-19.60162602,128,118,"two-contract post-signal scalp: one contract exits at first target, one runner uses selected stop mode and runner target"
1,signal_scaled_scalp:strategy=impulse_fade_3bar_1.5pt:direction=all:first_target_points=1.5:stop_points=1.5:runner_target_points=2:runner_stop_mode=breakeven,impulse_fade_3bar_1.5pt,all,1.5,1.5,2,breakeven,246,246,246,159,87,66,21,0,0,87,0.35365854,-10725,-12447,-50.59756098,128,118,"two-contract post-signal scalp: one contract exits at first target, one runner uses selected stop mode and runner target"
1,signal_scaled_scalp:strategy=impulse_fade_3bar_1.5pt:direction=all:first_target_points=1.5:stop_points=1.5:runner_target_points=2:runner_stop_mode=initial,impulse_fade_3bar_1.5pt,all,1.5,1.5,2,initial,246,246,246,159,87,74,13,0,0,74,0.30081301,-10900,-12622,-51.30894309,128,118,"two-contract post-signal scalp: one contract exits at first target, one runner uses selected stop mode and runner target"
1,signal_scaled_scalp:strategy=impulse_fade_3bar_1.5pt:direction=all:first_target_points=1.5:stop_points=1.5:runner_target_points=3:runner_stop_mode=breakeven,impulse_fade_3bar_1.5pt,all,1.5,1.5,3,breakeven,246,246,246,159,87,50,37,0,0,87,0.35365854,-9825,-11547,-46.93902439,128,118,"two-contract post-signal scalp: one contract exits at first target, one runner uses selected stop mode and runner target"
1,signal_scaled_scalp:strategy=impulse_fade_3bar_1.5pt:direction=all:first_target_points=1.5:stop_points=1.5:runner_target_points=3:runner_stop_mode=initial,impulse_fade_3bar_1.5pt,all,1.5,1.5,3,initial,246,246,246,159,87,62,25,0,0,62,0.25203252,-9900,-11622,-47.24390244,128,118,"two-contract post-signal scalp: one contract exits at first target, one runner uses selected stop mode and runner target"
1,signal_scaled_scalp:strategy=impulse_fade_3bar_1.5pt:direction=all:first_target_points=1.5:stop_points=1.5:runner_target_points=5:runner_stop_mode=breakeven,impulse_fade_3bar_1.5pt,all,1.5,1.5,5,breakeven,246,246,246,159,87,40,47,0,0,87,0.35365854,-7325,-9047,-36.77642276,128,118,"two-contract post-signal scalp: one contract exits at first target, one runner uses selected stop mode and runner target"
1,signal_scaled_scalp:strategy=impulse_fade_3bar_1.5pt:direction=all:first_target_points=1.5:stop_points=1.5:runner_target_points=5:runner_stop_mode=initial,impulse_fade_3bar_1.5pt,all,1.5,1.5,5,initial,246,246,246,159,87,49,38,0,0,49,0.19918699,-7925,-9647,-39.21544715,128,118,"two-contract post-signal scalp: one contract exits at first target, one runner uses selected stop mode and runner target"
1,signal_scaled_scalp:strategy=impulse_fade_3bar_1.5pt:direction=all:first_target_points=1.5:stop_points=2:runner_target_points=2:runner_stop_mode=breakeven,impulse_fade_3bar_1.5pt,all,1.5,2,2,breakeven,246,246,246,139,107,82,25,0,0,107,0.43495935,-11575,-13297,-54.05284553,128,118,"two-contract post-signal scalp: one contract exits at first target, one runner uses selected stop mode and runner target"
1,signal_scaled_scalp:strategy=impulse_fade_3bar_1.5pt:direction=all:first_target_points=1.5:stop_points=2:runner_target_points=2:runner_stop_mode=initial,impulse_fade_3bar_1.5pt,all,1.5,2,2,initial,246,246,246,139,107,94,13,0,0,94,0.38211382,-11675,-13397,-54.45934959,128,118,"two-contract post-signal scalp: one contract exits at first target, one runner uses selected stop mode and runner target"
1,signal_scaled_scalp:strategy=impulse_fade_3bar_1.5pt:direction=all:first_target_points=1.5:stop_points=2:runner_target_points=3:runner_stop_mode=breakeven,impulse_fade_3bar_1.5pt,all,1.5,2,3,breakeven,246,246,246,139,107,60,47,0,0,107,0.43495935,-10775,-12497,-50.80081301,128,118,"two-contract post-signal scalp: one contract exits at first target, one runner uses selected stop mode and runner target"
1,signal_scaled_scalp:strategy=impulse_fade_3bar_1.5pt:direction=all:first_target_points=1.5:stop_points=2:runner_target_points=3:runner_stop_mode=initial,impulse_fade_3bar_1.5pt,all,1.5,2,3,initial,246,246,246,139,107,79,28,0,0,79,0.32113821,-10725,-12447,-50.59756098,128,118,"two-contract post-signal scalp: one contract exits at first target, one runner uses selected stop mode and runner target"
1,signal_scaled_scalp:strategy=impulse_fade_3bar_1.5pt:direction=all:first_target_points=1.5:stop_points=2:runner_target_points=5:runner_stop_mode=breakeven,impulse_fade_3bar_1.5pt,all,1.5,2,5,breakeven,246,246,246,139,107,47,60,0,0,107,0.43495935,-8025,-9747,-39.62195122,128,118,"two-contract post-signal scalp: one contract exits at first target, one runner uses selected stop mode and runner target"
1,signal_scaled_scalp:strategy=impulse_fade_3bar_1.5pt:direction=all:first_target_points=1.5:stop_points=2:runner_target_points=5:runner_stop_mode=initial,impulse_fade_3bar_1.5pt,all,1.5,2,5,initial,246,246,246,139,107,62,45,0,0,62,0.25203252,-8775,-10497,-42.67073171,128,118,"two-contract post-signal scalp: one contract exits at first target, one runner uses selected stop mode and runner target"
1,signal_scaled_scalp:strategy=impulse_continue_3bar_1.5pt:direction=all:first_target_points=0.5:stop_points=1:runner_target_points=1.5:runner_stop_mode=breakeven,impulse_continue_3bar_1.5pt,all,0.5,1,1.5,breakeven,220,220,220,109,111,68,43,0,0,111,0.50454545,-3025,-4565,-20.75,108,112,"two-contract post-signal scalp: one contract exits at first target, one runner uses selected stop mode and runner target"
1,signal_scaled_scalp:strategy=impulse_continue_3bar_1.5pt:direction=all:first_target_points=0.5:stop_points=1:runner_target_points=1.5:runner_stop_mode=initial,impulse_continue_3bar_1.5pt,all,0.5,1,1.5,initial,220,220,220,109,111,98,13,0,0,98,0.44545455,-1425,-2965,-13.47727273,108,112,"two-contract post-signal scalp: one contract exits at first target, one runner uses selected stop mode and runner target"
1,signal_scaled_scalp:strategy=impulse_continue_3bar_1.5pt:direction=all:first_target_points=0.5:stop_points=1:runner_target_points=2:runner_stop_mode=breakeven,impulse_continue_3bar_1.5pt,all,0.5,1,2,breakeven,220,220,220,109,111,51,60,0,0,111,0.50454545,-3025,-4565,-20.75,108,112,"two-contract post-signal scalp: one contract exits at first target, one runner uses selected stop mode and runner target"
1,signal_scaled_scalp:strategy=impulse_continue_3bar_1.5pt:direction=all:first_target_points=0.5:stop_points=1:runner_target_points=2:runner_stop_mode=initial,impulse_continue_3bar_1.5pt,all,0.5,1,2,initial,220,220,220,109,111,80,31,0,0,80,0.36363636,-1675,-3215,-14.61363636,108,112,"two-contract post-signal scalp: one contract exits at first target, one runner uses selected stop mode and runner target"
1,signal_scaled_scalp:strategy=impulse_continue_3bar_1.5pt:direction=all:first_target_points=0.5:stop_points=1:runner_target_points=3:runner_stop_mode=breakeven,impulse_continue_3bar_1.5pt,all,0.5,1,3,breakeven,220,220,220,109,111,41,70,0,0,111,0.50454545,-1975,-3515,-15.97727273,108,112,"two-contract post-signal scalp: one contract exits at first target, one runner uses selected stop mode and runner target"
1,signal_scaled_scalp:strategy=impulse_continue_3bar_1.5pt:direction=all:first_target_points=0.5:stop_points=1:runner_target_points=3:runner_stop_mode=initial,impulse_continue_3bar_1.5pt,all,0.5,1,3,initial,220,220,220,109,111,68,43,0,0,68,0.30909091,-75,-1615,-7.34090909,108,112,"two-contract post-signal scalp: one contract exits at first target, one runner uses selected stop mode and runner target"
1,signal_scaled_scalp:strategy=impulse_continue_3bar_1.5pt:direction=all:first_target_points=0.5:stop_points=1:runner_target_points=5:runner_stop_mode=breakeven,impulse_continue_3bar_1.5pt,all,0.5,1,5,breakeven,220,220,220,109,111,27,84,0,0,111,0.50454545,-1375,-2915,-13.25,108,112,"two-contract post-signal scalp: one contract exits at first target, one runner uses selected stop mode and runner target"
1,signal_scaled_scalp:strategy=impulse_continue_3bar_1.5pt:direction=all:first_target_points=0.5:stop_points=1:runner_target_points=5:runner_stop_mode=initial,impulse_continue_3bar_1.5pt,all,0.5,1,5,initial,220,220,220,109,111,51,60,0,0,51,0.23181818,1625,85,0.38636364,108,112,"two-contract post-signal scalp: one contract exits at first target, one runner uses selected stop mode and runner target"
1,signal_scaled_scalp:strategy=impulse_continue_3bar_1.5pt:direction=all:first_target_points=0.5:stop_points=1.5:runner_target_points=1.5:runner_stop_mode=breakeven,impulse_continue_3bar_1.5pt,all,0.5,1.5,1.5,breakeven,220,220,220,92,128,71,57,0,0,128,0.58181818,-5275,-6815,-30.97727273,108,112,"two-contract post-signal scalp: one contract exits at first target, one runner uses selected stop mode and runner target"
1,signal_scaled_scalp:strategy=impulse_continue_3bar_1.5pt:direction=all:first_target_points=0.5:stop_points=1.5:runner_target_points=1.5:runner_stop_mode=initial,impulse_continue_3bar_1.5pt,all,0.5,1.5,1.5,initial,220,220,220,92,128,109,19,0,0,109,0.49545455,-3850,-5390,-24.5,108,112,"two-contract post-signal scalp: one contract exits at first target, one runner uses selected stop mode and runner target"
1,signal_scaled_scalp:strategy=impulse_continue_3bar_1.5pt:direction=all:first_target_points=0.5:stop_points=1.5:runner_target_points=2:runner_stop_mode=breakeven,impulse_continue_3bar_1.5pt,all,0.5,1.5,2,breakeven,220,220,220,92,128,54,74,0,0,128,0.58181818,-5200,-6740,-30.63636364,108,112,"two-contract post-signal scalp: one contract exits at first target, one runner uses selected stop mode and runner target"
1,signal_scaled_scalp:strategy=impulse_continue_3bar_1.5pt:direction=all:first_target_points=0.5:stop_points=1.5:runner_target_points=2:runner_stop_mode=initial,impulse_continue_3bar_1.5pt,all,0.5,1.5,2,initial,220,220,220,92,128,90,38,0,0,90,0.40909091,-4450,-5990,-27.22727273,108,112,"two-contract post-signal scalp: one contract exits at first target, one runner uses selected stop mode and runner target"
1,signal_scaled_scalp:strategy=impulse_continue_3bar_1.5pt:direction=all:first_target_points=0.5:stop_points=1.5:runner_target_points=3:runner_stop_mode=breakeven,impulse_continue_3bar_1.5pt,all,0.5,1.5,3,breakeven,220,220,220,92,128,43,85,0,0,128,0.58181818,-4150,-5690,-25.86363636,108,112,"two-contract post-signal scalp: one contract exits at first target, one runner uses selected stop mode and runner target"
1,signal_scaled_scalp:strategy=impulse_continue_3bar_1.5pt:direction=all:first_target_points=0.5:stop_points=1.5:runner_target_points=3:runner_stop_mode=initial,impulse_continue_3bar_1.5pt,all,0.5,1.5,3,initial,220,220,220,92,128,77,51,0,0,77,0.35,-2875,-4415,-20.06818182,108,112,"two-contract post-signal scalp: one contract exits at first target, one runner uses selected stop mode and runner target"
1,signal_scaled_scalp:strategy=impulse_continue_3bar_1.5pt:direction=all:first_target_points=0.5:stop_points=1.5:runner_target_points=5:runner_stop_mode=breakeven,impulse_continue_3bar_1.5pt,all,0.5,1.5,5,breakeven,220,220,220,92,128,29,99,0,0,128,0.58181818,-3350,-4890,-22.22727273,108,112,"two-contract post-signal scalp: one contract exits at first target, one runner uses selected stop mode and runner target"
1,signal_scaled_scalp:strategy=impulse_continue_3bar_1.5pt:direction=all:first_target_points=0.5:stop_points=1.5:runner_target_points=5:runner_stop_mode=initial,impulse_continue_3bar_1.5pt,all,0.5,1.5,5,initial,220,220,220,92,128,59,69,0,0,59,0.26818182,-1025,-2565,-11.65909091,108,112,"two-contract post-signal scalp: one contract exits at first target, one runner uses selected stop mode and runner target"
1,signal_scaled_scalp:strategy=impulse_continue_3bar_1.5pt:direction=all:first_target_points=0.5:stop_points=2:runner_target_points=1.5:runner_stop_mode=breakeven,impulse_continue_3bar_1.5pt,all,0.5,2,1.5,breakeven,220,220,220,77,143,72,71,0,0,143,0.65,-6425,-7965,-36.20454545,108,112,"two-contract post-signal scalp: one contract exits at first target, one runner uses selected stop mode and runner target"
1,signal_scaled_scalp:strategy=impulse_continue_3bar_1.5pt:direction=all:first_target_points=0.5:stop_points=2:runner_target_points=1.5:runner_stop_mode=initial,impulse_continue_3bar_1.5pt,all,0.5,2,1.5,initial,220,220,220,77,143,122,21,0,0,122,0.55454545,-4775,-6315,-28.70454545,108,112,"two-contract post-signal scalp: one contract exits at first target, one runner uses selected stop mode and runner target"
1,signal_scaled_scalp:strategy=impulse_continue_3bar_1.5pt:direction=all:first_target_points=0.5:stop_points=2:runner_target_points=2:runner_stop_mode=breakeven,impulse_continue_3bar_1.5pt,all,0.5,2,2,breakeven,220,220,220,77,143,54,89,0,0,143,0.65,-6425,-7965,-36.20454545,108,112,"two-contract post-signal scalp: one contract exits at first target, one runner uses selected stop mode and runner target"
1,signal_scaled_scalp:strategy=impulse_continue_3bar_1.5pt:direction=all:first_target_points=0.5:stop_points=2:runner_target_points=2:runner_stop_mode=initial,impulse_continue_3bar_1.5pt,all,0.5,2,2,initial,220,220,220,77,143,104,39,0,0,104,0.47272727,-5325,-6865,-31.20454545,108,112,"two-contract post-signal scalp: one contract exits at first target, one runner uses selected stop mode and runner target"
1,signal_scaled_scalp:strategy=impulse_continue_3bar_1.5pt:direction=all:first_target_points=0.5:stop_points=2:runner_target_points=3:runner_stop_mode=breakeven,impulse_continue_3bar_1.5pt,all,0.5,2,3,breakeven,220,220,220,77,143,43,100,0,0,143,0.65,-5375,-6915,-31.43181818,108,112,"two-contract post-signal scalp: one contract exits at first target, one runner uses selected stop mode and runner target"
1,signal_scaled_scalp:strategy=impulse_continue_3bar_1.5pt:direction=all:first_target_points=0.5:stop_points=2:runner_target_points=3:runner_stop_mode=initial,impulse_continue_3bar_1.5pt,all,0.5,2,3,initial,220,220,220,77,143,88,55,0,0,88,0.4,-4125,-5665,-25.75,108,112,"two-contract post-signal scalp: one contract exits at first target, one runner uses selected stop mode and runner target"
1,signal_scaled_scalp:strategy=impulse_continue_3bar_1.5pt:direction=all:first_target_points=0.5:stop_points=2:runner_target_points=5:runner_stop_mode=breakeven,impulse_continue_3bar_1.5pt,all,0.5,2,5,breakeven,220,220,220,77,143,29,114,0,0,143,0.65,-4575,-6115,-27.79545455,108,112,"two-contract post-signal scalp: one contract exits at first target, one runner uses selected stop mode and runner target"
1,signal_scaled_scalp:strategy=impulse_continue_3bar_1.5pt:direction=all:first_target_points=0.5:stop_points=2:runner_target_points=5:runner_stop_mode=initial,impulse_continue_3bar_1.5pt,all,0.5,2,5,initial,220,220,220,77,143,66,77,0,0,66,0.3,-3025,-4565,-20.75,108,112,"two-contract post-signal scalp: one contract exits at first target, one runner uses selected stop mode and runner target"
1,signal_scaled_scalp:strategy=impulse_continue_3bar_1.5pt:direction=all:first_target_points=1:stop_points=1:runner_target_points=1.5:runner_stop_mode=breakeven,impulse_continue_3bar_1.5pt,all,1,1,1.5,breakeven,220,220,220,113,107,79,28,0,0,107,0.48636364,-25,-1565,-7.11363636,108,112,"two-contract post-signal scalp: one contract exits at first target, one runner uses selected stop mode and runner target"
1,signal_scaled_scalp:strategy=impulse_continue_3bar_1.5pt:direction=all:first_target_points=1:stop_points=1:runner_target_points=1.5:runner_stop_mode=initial,impulse_continue_3bar_1.5pt,all,1,1,1.5,initial,220,220,220,113,107,98,9,0,0,98,0.44545455,950,-590,-2.68181818,108,112,"two-contract post-signal scalp: one contract exits at first target, one runner uses selected stop mode and runner target"
1,signal_scaled_scalp:strategy=impulse_continue_3bar_1.5pt:direction=all:first_target_points=1:stop_points=1:runner_target_points=2:runner_stop_mode=breakeven,impulse_continue_3bar_1.5pt,all,1,1,2,breakeven,220,220,220,113,107,60,47,0,0,107,0.48636364,50,-1490,-6.77272727,108,112,"two-contract post-signal scalp: one contract exits at first target, one runner uses selected stop mode and runner target"
1,signal_scaled_scalp:strategy=impulse_continue_3bar_1.5pt:direction=all:first_target_points=1:stop_points=1:runner_target_points=2:runner_stop_mode=initial,impulse_continue_3bar_1.5pt,all,1,1,2,initial,220,220,220,113,107,80,27,0,0,80,0.36363636,700,-840,-3.81818182,108,112,"two-contract post-signal scalp: one contract exits at first target, one runner uses selected stop mode and runner target"
1,signal_scaled_scalp:strategy=impulse_continue_3bar_1.5pt:direction=all:first_target_points=1:stop_points=1:runner_target_points=3:runner_stop_mode=breakeven,impulse_continue_3bar_1.5pt,all,1,1,3,breakeven,220,220,220,113,107,48,59,0,0,107,0.48636364,1250,-290,-1.31818182,108,112,"two-contract post-signal scalp: one contract exits at first target, one runner uses selected stop mode and runner target"
1,signal_scaled_scalp:strategy=impulse_continue_3bar_1.5pt:direction=all:first_target_points=1:stop_points=1:runner_target_points=3:runner_stop_mode=initial,impulse_continue_3bar_1.5pt,all,1,1,3,initial,220,220,220,113,107,68,39,0,0,68,0.30909091,2300,760,3.45454545,108,112,"two-contract post-signal scalp: one contract exits at first target, one runner uses selected stop mode and runner target"
1,signal_scaled_scalp:strategy=impulse_continue_3bar_1.5pt:direction=all:first_target_points=1:stop_points=1:runner_target_points=5:runner_stop_mode=breakeven,impulse_continue_3bar_1.5pt,all,1,1,5,breakeven,220,220,220,113,107,30,77,0,0,107,0.48636364,1550,10,0.04545455,108,112,"two-contract post-signal scalp: one contract exits at first target, one runner uses selected stop mode and runner target"
1,signal_scaled_scalp:strategy=impulse_continue_3bar_1.5pt:direction=all:first_target_points=1:stop_points=1:runner_target_points=5:runner_stop_mode=initial,impulse_continue_3bar_1.5pt,all,1,1,5,initial,220,220,220,113,107,51,56,0,0,51,0.23181818,4000,2460,11.18181818,108,112,"two-contract post-signal scalp: one contract exits at first target, one runner uses selected stop mode and runner target"
1,signal_scaled_scalp:strategy=impulse_continue_3bar_1.5pt:direction=all:first_target_points=1:stop_points=1.5:runner_target_points=1.5:runner_stop_mode=breakeven,impulse_continue_3bar_1.5pt,all,1,1.5,1.5,breakeven,220,220,220,100,120,82,38,0,0,120,0.54545455,-2850,-4390,-19.95454545,108,112,"two-contract post-signal scalp: one contract exits at first target, one runner uses selected stop mode and runner target"
1,signal_scaled_scalp:strategy=impulse_continue_3bar_1.5pt:direction=all:first_target_points=1:stop_points=1.5:runner_target_points=1.5:runner_stop_mode=initial,impulse_continue_3bar_1.5pt,all,1,1.5,1.5,initial,220,220,220,100,120,109,11,0,0,109,0.49545455,-1650,-3190,-14.5,108,112,"two-contract post-signal scalp: one contract exits at first target, one runner uses selected stop mode and runner target"
1,signal_scaled_scalp:strategy=impulse_continue_3bar_1.5pt:direction=all:first_target_points=1:stop_points=1.5:runner_target_points=2:runner_stop_mode=breakeven,impulse_continue_3bar_1.5pt,all,1,1.5,2,breakeven,220,220,220,100,120,63,57,0,0,120,0.54545455,-2700,-4240,-19.27272727,108,112,"two-contract post-signal scalp: one contract exits at first target, one runner uses selected stop mode and runner target"
1,signal_scaled_scalp:strategy=impulse_continue_3bar_1.5pt:direction=all:first_target_points=1:stop_points=1.5:runner_target_points=2:runner_stop_mode=initial,impulse_continue_3bar_1.5pt,all,1,1.5,2,initial,220,220,220,100,120,90,30,0,0,90,0.40909091,-2250,-3790,-17.22727273,108,112,"two-contract post-signal scalp: one contract exits at first target, one runner uses selected stop mode and runner target"
1,signal_scaled_scalp:strategy=impulse_continue_3bar_1.5pt:direction=all:first_target_points=1:stop_points=1.5:runner_target_points=3:runner_stop_mode=breakeven,impulse_continue_3bar_1.5pt,all,1,1.5,3,breakeven,220,220,220,100,120,50,70,0,0,120,0.54545455,-1500,-3040,-13.81818182,108,112,"two-contract post-signal scalp: one contract exits at first target, one runner uses selected stop mode and runner target"
1,signal_scaled_scalp:strategy=impulse_continue_3bar_1.5pt:direction=all:first_target_points=1:stop_points=1.5:runner_target_points=3:runner_stop_mode=initial,impulse_continue_3bar_1.5pt,all,1,1.5,3,initial,220,220,220,100,120,77,43,0,0,77,0.35,-675,-2215,-10.06818182,108,112,"two-contract post-signal scalp: one contract exits at first target, one runner uses selected stop mode and runner target"
1,signal_scaled_scalp:strategy=impulse_continue_3bar_1.5pt:direction=all:first_target_points=1:stop_points=1.5:runner_target_points=5:runner_stop_mode=breakeven,impulse_continue_3bar_1.5pt,all,1,1.5,5,breakeven,220,220,220,100,120,32,88,0,0,120,0.54545455,-1000,-2540,-11.54545455,108,112,"two-contract post-signal scalp: one contract exits at first target, one runner uses selected stop mode and runner target"
1,signal_scaled_scalp:strategy=impulse_continue_3bar_1.5pt:direction=all:first_target_points=1:stop_points=1.5:runner_target_points=5:runner_stop_mode=initial,impulse_continue_3bar_1.5pt,all,1,1.5,5,initial,220,220,220,100,120,59,61,0,0,59,0.26818182,1175,-365,-1.65909091,108,112,"two-contract post-signal scalp: one contract exits at first target, one runner uses selected stop mode and runner target"
1,signal_scaled_scalp:strategy=impulse_continue_3bar_1.5pt:direction=all:first_target_points=1:stop_points=2:runner_target_points=1.5:runner_stop_mode=breakeven,impulse_continue_3bar_1.5pt,all,1,2,1.5,breakeven,220,220,220,85,135,88,47,0,0,135,0.61363636,-3650,-5190,-23.59090909,108,112,"two-contract post-signal scalp: one contract exits at first target, one runner uses selected stop mode and runner target"
1,signal_scaled_scalp:strategy=impulse_continue_3bar_1.5pt:direction=all:first_target_points=1:stop_points=2:runner_target_points=1.5:runner_stop_mode=initial,impulse_continue_3bar_1.5pt,all,1,2,1.5,initial,220,220,220,85,135,122,13,0,0,122,0.55454545,-2400,-3940,-17.90909091,108,112,"two-contract post-signal scalp: one contract exits at first target, one runner uses selected stop mode and runner target"
1,signal_scaled_scalp:strategy=impulse_continue_3bar_1.5pt:direction=all:first_target_points=1:stop_points=2:runner_target_points=2:runner_stop_mode=breakeven,impulse_continue_3bar_1.5pt,all,1,2,2,breakeven,220,220,220,85,135,66,69,0,0,135,0.61363636,-3650,-5190,-23.59090909,108,112,"two-contract post-signal scalp: one contract exits at first target, one runner uses selected stop mode and runner target"
1,signal_scaled_scalp:strategy=impulse_continue_3bar_1.5pt:direction=all:first_target_points=1:stop_points=2:runner_target_points=2:runner_stop_mode=initial,impulse_continue_3bar_1.5pt,all,1,2,2,initial,220,220,220,85,135,104,31,0,0,104,0.47272727,-2950,-4490,-20.40909091,108,112,"two-contract post-signal scalp: one contract exits at first target, one runner uses selected stop mode and runner target"
1,signal_scaled_scalp:strategy=impulse_continue_3bar_1.5pt:direction=all:first_target_points=1:stop_points=2:runner_target_points=3:runner_stop_mode=breakeven,impulse_continue_3bar_1.5pt,all,1,2,3,breakeven,220,220,220,85,135,53,82,0,0,135,0.61363636,-2300,-3840,-17.45454545,108,112,"two-contract post-signal scalp: one contract exits at first target, one runner uses selected stop mode and runner target"
1,signal_scaled_scalp:strategy=impulse_continue_3bar_1.5pt:direction=all:first_target_points=1:stop_points=2:runner_target_points=3:runner_stop_mode=initial,impulse_continue_3bar_1.5pt,all,1,2,3,initial,220,220,220,85,135,88,47,0,0,88,0.4,-1750,-3290,-14.95454545,108,112,"two-contract post-signal scalp: one contract exits at first target, one runner uses selected stop mode and runner target"
1,signal_scaled_scalp:strategy=impulse_continue_3bar_1.5pt:direction=all:first_target_points=1:stop_points=2:runner_target_points=5:runner_stop_mode=breakeven,impulse_continue_3bar_1.5pt,all,1,2,5,breakeven,220,220,220,85,135,33,102,0,0,135,0.61363636,-2000,-3540,-16.09090909,108,112,"two-contract post-signal scalp: one contract exits at first target, one runner uses selected stop mode and runner target"
1,signal_scaled_scalp:strategy=impulse_continue_3bar_1.5pt:direction=all:first_target_points=1:stop_points=2:runner_target_points=5:runner_stop_mode=initial,impulse_continue_3bar_1.5pt,all,1,2,5,initial,220,220,220,85,135,66,69,0,0,66,0.3,-650,-2190,-9.95454545,108,112,"two-contract post-signal scalp: one contract exits at first target, one runner uses selected stop mode and runner target"
1,signal_scaled_scalp:strategy=impulse_continue_3bar_1.5pt:direction=all:first_target_points=1.5:stop_points=1:runner_target_points=2:runner_stop_mode=breakeven,impulse_continue_3bar_1.5pt,all,1.5,1,2,breakeven,220,220,220,122,98,74,24,0,0,98,0.44545455,2550,1010,4.59090909,108,112,"two-contract post-signal scalp: one contract exits at first target, one runner uses selected stop mode and runner target"
1,signal_scaled_scalp:strategy=impulse_continue_3bar_1.5pt:direction=all:first_target_points=1.5:stop_points=1:runner_target_points=2:runner_stop_mode=initial,impulse_continue_3bar_1.5pt,all,1.5,1,2,initial,220,220,220,122,98,80,18,0,0,98,0.44545455,2250,710,3.22727273,108,112,"two-contract post-signal scalp: one contract exits at first target, one runner uses selected stop mode and runner target"
1,signal_scaled_scalp:strategy=impulse_continue_3bar_1.5pt:direction=all:first_target_points=1.5:stop_points=1:runner_target_points=3:runner_stop_mode=breakeven,impulse_continue_3bar_1.5pt,all,1.5,1,3,breakeven,220,220,220,122,98,58,40,0,0,98,0.44545455,3850,2310,10.5,108,112,"two-contract post-signal scalp: one contract exits at first target, one runner uses selected stop mode and runner target"
1,signal_scaled_scalp:strategy=impulse_continue_3bar_1.5pt:direction=all:first_target_points=1.5:stop_points=1:runner_target_points=3:runner_stop_mode=initial,impulse_continue_3bar_1.5pt,all,1.5,1,3,initial,220,220,220,122,98,68,30,0,0,98,0.44545455,3850,2310,10.5,108,112,"two-contract post-signal scalp: one contract exits at first target, one runner uses selected stop mode and runner target"
1,signal_scaled_scalp:strategy=impulse_continue_3bar_1.5pt:direction=all:first_target_points=1.5:stop_points=1:runner_target_points=5:runner_stop_mode=breakeven,impulse_continue_3bar_1.5pt,all,1.5,1,5,breakeven,220,220,220,122,98,36,62,0,0,98,0.44545455,4150,2610,11.86363636,108,112,"two-contract post-signal scalp: one contract exits at first target, one runner uses selected stop mode and runner target"
1,signal_scaled_scalp:strategy=impulse_continue_3bar_1.5pt:direction=all:first_target_points=1.5:stop_points=1:runner_target_points=5:runner_stop_mode=initial,impulse_continue_3bar_1.5pt,all,1.5,1,5,initial,220,220,220,122,98,51,47,0,0,98,0.44545455,5550,4010,18.22727273,108,112,"two-contract post-signal scalp: one contract exits at first target, one runner uses selected stop mode and runner target"
1,signal_scaled_scalp:strategy=impulse_continue_3bar_1.5pt:direction=all:first_target_points=1.5:stop_points=1.5:runner_target_points=2:runner_stop_mode=breakeven,impulse_continue_3bar_1.5pt,all,1.5,1.5,2,breakeven,220,220,220,111,109,83,26,0,0,109,0.49545455,-175,-1715,-7.79545455,108,112,"two-contract post-signal scalp: one contract exits at first target, one runner uses selected stop mode and runner target"
1,signal_scaled_scalp:strategy=impulse_continue_3bar_1.5pt:direction=all:first_target_points=1.5:stop_points=1.5:runner_target_points=2:runner_stop_mode=initial,impulse_continue_3bar_1.5pt,all,1.5,1.5,2,initial,220,220,220,111,109,90,19,0,0,90,0.40909091,-900,-2440,-11.09090909,108,112,"two-contract post-signal scalp: one contract exits at first target, one runner uses selected stop mode and runner target"
1,signal_scaled_scalp:strategy=impulse_continue_3bar_1.5pt:direction=all:first_target_points=1.5:stop_points=1.5:runner_target_points=3:runner_stop_mode=breakeven,impulse_continue_3bar_1.5pt,all,1.5,1.5,3,breakeven,220,220,220,111,109,63,46,0,0,109,0.49545455,975,-565,-2.56818182,108,112,"two-contract post-signal scalp: one contract exits at first target, one runner uses selected stop mode and runner target"
1,signal_scaled_scalp:strategy=impulse_continue_3bar_1.5pt:direction=all:first_target_points=1.5:stop_points=1.5:runner_target_points=3:runner_stop_mode=initial,impulse_continue_3bar_1.5pt,all,1.5,1.5,3,initial,220,220,220,111,109,77,32,0,0,77,0.35,675,-865,-3.93181818,108,112,"two-contract post-signal scalp: one contract exits at first target, one runner uses selected stop mode and runner target"
1,signal_scaled_scalp:strategy=impulse_continue_3bar_1.5pt:direction=all:first_target_points=1.5:stop_points=1.5:runner_target_points=5:runner_stop_mode=breakeven,impulse_continue_3bar_1.5pt,all,1.5,1.5,5,breakeven,220,220,220,111,109,40,69,0,0,109,0.49545455,1525,-15,-0.06818182,108,112,"two-contract post-signal scalp: one contract exits at first target, one runner uses selected stop mode and runner target"
1,signal_scaled_scalp:strategy=impulse_continue_3bar_1.5pt:direction=all:first_target_points=1.5:stop_points=1.5:runner_target_points=5:runner_stop_mode=initial,impulse_continue_3bar_1.5pt,all,1.5,1.5,5,initial,220,220,220,111,109,59,50,0,0,59,0.26818182,2525,985,4.47727273,108,112,"two-contract post-signal scalp: one contract exits at first target, one runner uses selected stop mode and runner target"
1,signal_scaled_scalp:strategy=impulse_continue_3bar_1.5pt:direction=all:first_target_points=1.5:stop_points=2:runner_target_points=2:runner_stop_mode=breakeven,impulse_continue_3bar_1.5pt,all,1.5,2,2,breakeven,220,220,220,98,122,91,31,0,0,122,0.55454545,-1350,-2890,-13.13636364,108,112,"two-contract post-signal scalp: one contract exits at first target, one runner uses selected stop mode and runner target"
1,signal_scaled_scalp:strategy=impulse_continue_3bar_1.5pt:direction=all:first_target_points=1.5:stop_points=2:runner_target_points=2:runner_stop_mode=initial,impulse_continue_3bar_1.5pt,all,1.5,2,2,initial,220,220,220,98,122,104,18,0,0,104,0.47272727,-1850,-3390,-15.40909091,108,112,"two-contract post-signal scalp: one contract exits at first target, one runner uses selected stop mode and runner target"
1,signal_scaled_scalp:strategy=impulse_continue_3bar_1.5pt:direction=all:first_target_points=1.5:stop_points=2:runner_target_points=3:runner_stop_mode=breakeven,impulse_continue_3bar_1.5pt,all,1.5,2,3,breakeven,220,220,220,98,122,68,54,0,0,122,0.55454545,-250,-1790,-8.13636364,108,112,"two-contract post-signal scalp: one contract exits at first target, one runner uses selected stop mode and runner target"
1,signal_scaled_scalp:strategy=impulse_continue_3bar_1.5pt:direction=all:first_target_points=1.5:stop_points=2:runner_target_points=3:runner_stop_mode=initial,impulse_continue_3bar_1.5pt,all,1.5,2,3,initial,220,220,220,98,122,88,34,0,0,88,0.4,-650,-2190,-9.95454545,108,112,"two-contract post-signal scalp: one contract exits at first target, one runner uses selected stop mode and runner target"
1,signal_scaled_scalp:strategy=impulse_continue_3bar_1.5pt:direction=all:first_target_points=1.5:stop_points=2:runner_target_points=5:runner_stop_mode=breakeven,impulse_continue_3bar_1.5pt,all,1.5,2,5,breakeven,220,220,220,98,122,42,80,0,0,122,0.55454545,50,-1490,-6.77272727,108,112,"two-contract post-signal scalp: one contract exits at first target, one runner uses selected stop mode and runner target"
1,signal_scaled_scalp:strategy=impulse_continue_3bar_1.5pt:direction=all:first_target_points=1.5:stop_points=2:runner_target_points=5:runner_stop_mode=initial,impulse_continue_3bar_1.5pt,all,1.5,2,5,initial,220,220,220,98,122,66,56,0,0,66,0.3,450,-1090,-4.95454545,108,112,"two-contract post-signal scalp: one contract exits at first target, one runner uses selected stop mode and runner target"
1,signal_scaled_scalp:strategy=impulse_fade_5bar_2pt:direction=all:first_target_points=0.5:stop_points=1:runner_target_points=1.5:runner_stop_mode=breakeven,impulse_fade_5bar_2pt,all,0.5,1,1.5,breakeven,248,248,248,142,106,46,60,0,0,106,0.42741935,-8100,-9836,-39.66129032,115,133,"two-contract post-signal scalp: one contract exits at first target, one runner uses selected stop mode and runner target"
1,signal_scaled_scalp:strategy=impulse_fade_5bar_2pt:direction=all:first_target_points=0.5:stop_points=1:runner_target_points=1.5:runner_stop_mode=initial,impulse_fade_5bar_2pt,all,0.5,1,1.5,initial,248,248,248,142,106,65,41,0,0,65,0.26209677,-8725,-10461,-42.18145161,115,133,"two-contract post-signal scalp: one contract exits at first target, one runner uses selected stop mode and runner target"
1,signal_scaled_scalp:strategy=impulse_fade_5bar_2pt:direction=all:first_target_points=0.5:stop_points=1:runner_target_points=2:runner_stop_mode=breakeven,impulse_fade_5bar_2pt,all,0.5,1,2,breakeven,248,248,248,142,106,37,69,0,0,106,0.42741935,-7850,-9586,-38.65322581,115,133,"two-contract post-signal scalp: one contract exits at first target, one runner uses selected stop mode and runner target"
1,signal_scaled_scalp:strategy=impulse_fade_5bar_2pt:direction=all:first_target_points=0.5:stop_points=1:runner_target_points=2:runner_stop_mode=initial,impulse_fade_5bar_2pt,all,0.5,1,2,initial,248,248,248,142,106,57,49,0,0,57,0.22983871,-8300,-10036,-40.46774194,115,133,"two-contract post-signal scalp: one contract exits at first target, one runner uses selected stop mode and runner target"
1,signal_scaled_scalp:strategy=impulse_fade_5bar_2pt:direction=all:first_target_points=0.5:stop_points=1:runner_target_points=3:runner_stop_mode=breakeven,impulse_fade_5bar_2pt,all,0.5,1,3,breakeven,248,248,248,142,106,23,83,0,0,106,0.42741935,-8100,-9836,-39.66129032,115,133,"two-contract post-signal scalp: one contract exits at first target, one runner uses selected stop mode and runner target"
1,signal_scaled_scalp:strategy=impulse_fade_5bar_2pt:direction=all:first_target_points=0.5:stop_points=1:runner_target_points=3:runner_stop_mode=initial,impulse_fade_5bar_2pt,all,0.5,1,3,initial,248,248,248,142,106,42,64,0,0,42,0.16935484,-8450,-10186,-41.07258065,115,133,"two-contract post-signal scalp: one contract exits at first target, one runner uses selected stop mode and runner target"
1,signal_scaled_scalp:strategy=impulse_fade_5bar_2pt:direction=all:first_target_points=0.5:stop_points=1:runner_target_points=5:runner_stop_mode=breakeven,impulse_fade_5bar_2pt,all,0.5,1,5,breakeven,248,248,248,142,106,15,91,0,0,106,0.42741935,-7800,-9536,-38.4516129,115,133,"two-contract post-signal scalp: one contract exits at first target, one runner uses selected stop mode and runner target"
1,signal_scaled_scalp:strategy=impulse_fade_5bar_2pt:direction=all:first_target_points=0.5:stop_points=1:runner_target_points=5:runner_stop_mode=initial,impulse_fade_5bar_2pt,all,0.5,1,5,initial,248,248,248,142,106,26,80,0,0,26,0.10483871,-9050,-10786,-43.49193548,115,133,"two-contract post-signal scalp: one contract exits at first target, one runner uses selected stop mode and runner target"
1,signal_scaled_scalp:strategy=impulse_fade_5bar_2pt:direction=all:first_target_points=0.5:stop_points=1.5:runner_target_points=1.5:runner_stop_mode=breakeven,impulse_fade_5bar_2pt,all,0.5,1.5,1.5,breakeven,248,248,248,128,120,50,70,0,0,120,0.48387097,-12450,-14186,-57.2016129,115,133,"two-contract post-signal scalp: one contract exits at first target, one runner uses selected stop mode and runner target"
1,signal_scaled_scalp:strategy=impulse_fade_5bar_2pt:direction=all:first_target_points=0.5:stop_points=1.5:runner_target_points=1.5:runner_stop_mode=initial,impulse_fade_5bar_2pt,all,0.5,1.5,1.5,initial,248,248,248,128,120,84,36,0,0,84,0.33870968,-12600,-14336,-57.80645161,115,133,"two-contract post-signal scalp: one contract exits at first target, one runner uses selected stop mode and runner target"
1,signal_scaled_scalp:strategy=impulse_fade_5bar_2pt:direction=all:first_target_points=0.5:stop_points=1.5:runner_target_points=2:runner_stop_mode=breakeven,impulse_fade_5bar_2pt,all,0.5,1.5,2,breakeven,248,248,248,128,120,41,79,0,0,120,0.48387097,-12100,-13836,-55.79032258,115,133,"two-contract post-signal scalp: one contract exits at first target, one runner uses selected stop mode and runner target"
1,signal_scaled_scalp:strategy=impulse_fade_5bar_2pt:direction=all:first_target_points=0.5:stop_points=1.5:runner_target_points=2:runner_stop_mode=initial,impulse_fade_5bar_2pt,all,0.5,1.5,2,initial,248,248,248,128,120,77,43,0,0,77,0.31048387,-11725,-13461,-54.27822581,115,133,"two-contract post-signal scalp: one contract exits at first target, one runner uses selected stop mode and runner target"
1,signal_scaled_scalp:strategy=impulse_fade_5bar_2pt:direction=all:first_target_points=0.5:stop_points=1.5:runner_target_points=3:runner_stop_mode=breakeven,impulse_fade_5bar_2pt,all,0.5,1.5,3,breakeven,248,248,248,128,120,27,93,0,0,120,0.48387097,-12150,-13886,-55.99193548,115,133,"two-contract post-signal scalp: one contract exits at first target, one runner uses selected stop mode and runner target"
1,signal_scaled_scalp:strategy=impulse_fade_5bar_2pt:direction=all:first_target_points=0.5:stop_points=1.5:runner_target_points=3:runner_stop_mode=initial,impulse_fade_5bar_2pt,all,0.5,1.5,3,initial,248,248,248,128,120,61,59,0,0,61,0.24596774,-11475,-13211,-53.27016129,115,133,"two-contract post-signal scalp: one contract exits at first target, one runner uses selected stop mode and runner target"
1,signal_scaled_scalp:strategy=impulse_fade_5bar_2pt:direction=all:first_target_points=0.5:stop_points=1.5:runner_target_points=5:runner_stop_mode=breakeven,impulse_fade_5bar_2pt,all,0.5,1.5,5,breakeven,248,248,248,128,120,17,103,0,0,120,0.48387097,-11950,-13686,-55.18548387,115,133,"two-contract post-signal scalp: one contract exits at first target, one runner uses selected stop mode and runner target"
1,signal_scaled_scalp:strategy=impulse_fade_5bar_2pt:direction=all:first_target_points=0.5:stop_points=1.5:runner_target_points=5:runner_stop_mode=initial,impulse_fade_5bar_2pt,all,0.5,1.5,5,initial,248,248,248,128,120,41,79,0,0,41,0.16532258,-11875,-13611,-54.88306452,115,133,"two-contract post-signal scalp: one contract exits at first target, one runner uses selected stop mode and runner target"
1,signal_scaled_scalp:strategy=impulse_fade_5bar_2pt:direction=all:first_target_points=0.5:stop_points=2:runner_target_points=1.5:runner_stop_mode=breakeven,impulse_fade_5bar_2pt,all,0.5,2,1.5,breakeven,248,248,248,111,137,52,85,0,0,137,0.55241935,-14875,-16611,-66.97983871,115,133,"two-contract post-signal scalp: one contract exits at first target, one runner uses selected stop mode and runner target"
1,signal_scaled_scalp:strategy=impulse_fade_5bar_2pt:direction=all:first_target_points=0.5:stop_points=2:runner_target_points=1.5:runner_stop_mode=initial,impulse_fade_5bar_2pt,all,0.5,2,1.5,initial,248,248,248,111,137,100,37,0,0,100,0.40322581,-14975,-16711,-67.38306452,115,133,"two-contract post-signal scalp: one contract exits at first target, one runner uses selected stop mode and runner target"
1,signal_scaled_scalp:strategy=impulse_fade_5bar_2pt:direction=all:first_target_points=0.5:stop_points=2:runner_target_points=2:runner_stop_mode=breakeven,impulse_fade_5bar_2pt,all,0.5,2,2,breakeven,248,248,248,111,137,42,95,0,0,137,0.55241935,-14575,-16311,-65.77016129,115,133,"two-contract post-signal scalp: one contract exits at first target, one runner uses selected stop mode and runner target"
1,signal_scaled_scalp:strategy=impulse_fade_5bar_2pt:direction=all:first_target_points=0.5:stop_points=2:runner_target_points=2:runner_stop_mode=initial,impulse_fade_5bar_2pt,all,0.5,2,2,initial,248,248,248,111,137,91,46,0,0,91,0.36693548,-14275,-16011,-64.56048387,115,133,"two-contract post-signal scalp: one contract exits at first target, one runner uses selected stop mode and runner target"
1,signal_scaled_scalp:strategy=impulse_fade_5bar_2pt:direction=all:first_target_points=0.5:stop_points=2:runner_target_points=3:runner_stop_mode=breakeven,impulse_fade_5bar_2pt,all,0.5,2,3,breakeven,248,248,248,111,137,27,110,0,0,137,0.55241935,-14725,-16461,-66.375,115,133,"two-contract post-signal scalp: one contract exits at first target, one runner uses selected stop mode and runner target"
1,signal_scaled_scalp:strategy=impulse_fade_5bar_2pt:direction=all:first_target_points=0.5:stop_points=2:runner_target_points=3:runner_stop_mode=initial,impulse_fade_5bar_2pt,all,0.5,2,3,initial,248,248,248,111,137,67,70,0,0,67,0.27016129,-15725,-17461,-70.40725806,115,133,"two-contract post-signal scalp: one contract exits at first target, one runner uses selected stop mode and runner target"
1,signal_scaled_scalp:strategy=impulse_fade_5bar_2pt:direction=all:first_target_points=0.5:stop_points=2:runner_target_points=5:runner_stop_mode=breakeven,impulse_fade_5bar_2pt,all,0.5,2,5,breakeven,248,248,248,111,137,17,120,0,0,137,0.55241935,-14525,-16261,-65.56854839,115,133,"two-contract post-signal scalp: one contract exits at first target, one runner uses selected stop mode and runner target"
1,signal_scaled_scalp:strategy=impulse_fade_5bar_2pt:direction=all:first_target_points=0.5:stop_points=2:runner_target_points=5:runner_stop_mode=initial,impulse_fade_5bar_2pt,all,0.5,2,5,initial,248,248,248,111,137,45,92,0,0,45,0.18145161,-16725,-18461,-74.43951613,115,133,"two-contract post-signal scalp: one contract exits at first target, one runner uses selected stop mode and runner target"
1,signal_scaled_scalp:strategy=impulse_fade_5bar_2pt:direction=all:first_target_points=1:stop_points=1:runner_target_points=1.5:runner_stop_mode=breakeven,impulse_fade_5bar_2pt,all,1,1,1.5,breakeven,248,248,248,158,90,50,40,0,0,90,0.36290323,-7550,-9286,-37.44354839,115,133,"two-contract post-signal scalp: one contract exits at first target, one runner uses selected stop mode and runner target"
1,signal_scaled_scalp:strategy=impulse_fade_5bar_2pt:direction=all:first_target_points=1:stop_points=1:runner_target_points=1.5:runner_stop_mode=initial,impulse_fade_5bar_2pt,all,1,1,1.5,initial,248,248,248,158,90,65,25,0,0,65,0.26209677,-7675,-9411,-37.94758065,115,133,"two-contract post-signal scalp: one contract exits at first target, one runner uses selected stop mode and runner target"
1,signal_scaled_scalp:strategy=impulse_fade_5bar_2pt:direction=all:first_target_points=1:stop_points=1:runner_target_points=2:runner_stop_mode=breakeven,impulse_fade_5bar_2pt,all,1,1,2,breakeven,248,248,248,158,90,41,49,0,0,90,0.36290323,-7200,-8936,-36.03225806,115,133,"two-contract post-signal scalp: one contract exits at first target, one runner uses selected stop mode and runner target"
1,signal_scaled_scalp:strategy=impulse_fade_5bar_2pt:direction=all:first_target_points=1:stop_points=1:runner_target_points=2:runner_stop_mode=initial,impulse_fade_5bar_2pt,all,1,1,2,initial,248,248,248,158,90,57,33,0,0,57,0.22983871,-7250,-8986,-36.23387097,115,133,"two-contract post-signal scalp: one contract exits at first target, one runner uses selected stop mode and runner target"
1,signal_scaled_scalp:strategy=impulse_fade_5bar_2pt:direction=all:first_target_points=1:stop_points=1:runner_target_points=3:runner_stop_mode=breakeven,impulse_fade_5bar_2pt,all,1,1,3,breakeven,248,248,248,158,90,27,63,0,0,90,0.36290323,-7250,-8986,-36.23387097,115,133,"two-contract post-signal scalp: one contract exits at first target, one runner uses selected stop mode and runner target"
1,signal_scaled_scalp:strategy=impulse_fade_5bar_2pt:direction=all:first_target_points=1:stop_points=1:runner_target_points=3:runner_stop_mode=initial,impulse_fade_5bar_2pt,all,1,1,3,initial,248,248,248,158,90,42,48,0,0,42,0.16935484,-7400,-9136,-36.83870968,115,133,"two-contract post-signal scalp: one contract exits at first target, one runner uses selected stop mode and runner target"
1,signal_scaled_scalp:strategy=impulse_fade_5bar_2pt:direction=all:first_target_points=1:stop_points=1:runner_target_points=5:runner_stop_mode=breakeven,impulse_fade_5bar_2pt,all,1,1,5,breakeven,248,248,248,158,90,19,71,0,0,90,0.36290323,-6550,-8286,-33.41129032,115,133,"two-contract post-signal scalp: one contract exits at first target, one runner uses selected stop mode and runner target"
1,signal_scaled_scalp:strategy=impulse_fade_5bar_2pt:direction=all:first_target_points=1:stop_points=1:runner_target_points=5:runner_stop_mode=initial,impulse_fade_5bar_2pt,all,1,1,5,initial,248,248,248,158,90,26,64,0,0,26,0.10483871,-8000,-9736,-39.25806452,115,133,"two-contract post-signal scalp: one contract exits at first target, one runner uses selected stop mode and runner target"
1,signal_scaled_scalp:strategy=impulse_fade_5bar_2pt:direction=all:first_target_points=1:stop_points=1.5:runner_target_points=1.5:runner_stop_mode=breakeven,impulse_fade_5bar_2pt,all,1,1.5,1.5,breakeven,248,248,248,142,106,57,49,0,0,106,0.42741935,-11725,-13461,-54.27822581,115,133,"two-contract post-signal scalp: one contract exits at first target, one runner uses selected stop mode and runner target"
1,signal_scaled_scalp:strategy=impulse_fade_5bar_2pt:direction=all:first_target_points=1:stop_points=1.5:runner_target_points=1.5:runner_stop_mode=initial,impulse_fade_5bar_2pt,all,1,1.5,1.5,initial,248,248,248,142,106,84,22,0,0,84,0.33870968,-11350,-13086,-52.76612903,115,133,"two-contract post-signal scalp: one contract exits at first target, one runner uses selected stop mode and runner target"
1,signal_scaled_scalp:strategy=impulse_fade_5bar_2pt:direction=all:first_target_points=1:stop_points=1.5:runner_target_points=2:runner_stop_mode=breakeven,impulse_fade_5bar_2pt,all,1,1.5,2,breakeven,248,248,248,142,106,48,58,0,0,106,0.42741935,-11200,-12936,-52.16129032,115,133,"two-contract post-signal scalp: one contract exits at first target, one runner uses selected stop mode and runner target"
1,signal_scaled_scalp:strategy=impulse_fade_5bar_2pt:direction=all:first_target_points=1:stop_points=1.5:runner_target_points=2:runner_stop_mode=initial,impulse_fade_5bar_2pt,all,1,1.5,2,initial,248,248,248,142,106,77,29,0,0,77,0.31048387,-10475,-12211,-49.23790323,115,133,"two-contract post-signal scalp: one contract exits at first target, one runner uses selected stop mode and runner target"
1,signal_scaled_scalp:strategy=impulse_fade_5bar_2pt:direction=all:first_target_points=1:stop_points=1.5:runner_target_points=3:runner_stop_mode=breakeven,impulse_fade_5bar_2pt,all,1,1.5,3,breakeven,248,248,248,142,106,33,73,0,0,106,0.42741935,-11050,-12786,-51.55645161,115,133,"two-contract post-signal scalp: one contract exits at first target, one runner uses selected stop mode and runner target"
1,signal_scaled_scalp:strategy=impulse_fade_5bar_2pt:direction=all:first_target_points=1:stop_points=1.5:runner_target_points=3:runner_stop_mode=initial,impulse_fade_5bar_2pt,all,1,1.5,3,initial,248,248,248,142,106,61,45,0,0,61,0.24596774,-10225,-11961,-48.22983871,115,133,"two-contract post-signal scalp: one contract exits at first target, one runner uses selected stop mode and runner target"
1,signal_scaled_scalp:strategy=impulse_fade_5bar_2pt:direction=all:first_target_points=1:stop_points=1.5:runner_target_points=5:runner_stop_mode=breakeven,impulse_fade_5bar_2pt,all,1,1.5,5,breakeven,248,248,248,142,106,23,83,0,0,106,0.42741935,-10250,-11986,-48.33064516,115,133,"two-contract post-signal scalp: one contract exits at first target, one runner uses selected stop mode and runner target"
1,signal_scaled_scalp:strategy=impulse_fade_5bar_2pt:direction=all:first_target_points=1:stop_points=1.5:runner_target_points=5:runner_stop_mode=initial,impulse_fade_5bar_2pt,all,1,1.5,5,initial,248,248,248,142,106,41,65,0,0,41,0.16532258,-10625,-12361,-49.84274194,115,133,"two-contract post-signal scalp: one contract exits at first target, one runner uses selected stop mode and runner target"
1,signal_scaled_scalp:strategy=impulse_fade_5bar_2pt:direction=all:first_target_points=1:stop_points=2:runner_target_points=1.5:runner_stop_mode=breakeven,impulse_fade_5bar_2pt,all,1,2,1.5,breakeven,248,248,248,126,122,65,57,0,0,122,0.49193548,-14225,-15961,-64.35887097,115,133,"two-contract post-signal scalp: one contract exits at first target, one runner uses selected stop mode and runner target"
1,signal_scaled_scalp:strategy=impulse_fade_5bar_2pt:direction=all:first_target_points=1:stop_points=2:runner_target_points=1.5:runner_stop_mode=initial,impulse_fade_5bar_2pt,all,1,2,1.5,initial,248,248,248,126,122,100,22,0,0,100,0.40322581,-13800,-15536,-62.64516129,115,133,"two-contract post-signal scalp: one contract exits at first target, one runner uses selected stop mode and runner target"
1,signal_scaled_scalp:strategy=impulse_fade_5bar_2pt:direction=all:first_target_points=1:stop_points=2:runner_target_points=2:runner_stop_mode=breakeven,impulse_fade_5bar_2pt,all,1,2,2,breakeven,248,248,248,126,122,51,71,0,0,122,0.49193548,-14000,-15736,-63.4516129,115,133,"two-contract post-signal scalp: one contract exits at first target, one runner uses selected stop mode and runner target"
1,signal_scaled_scalp:strategy=impulse_fade_5bar_2pt:direction=all:first_target_points=1:stop_points=2:runner_target_points=2:runner_stop_mode=initial,impulse_fade_5bar_2pt,all,1,2,2,initial,248,248,248,126,122,91,31,0,0,91,0.36693548,-13100,-14836,-59.82258065,115,133,"two-contract post-signal scalp: one contract exits at first target, one runner uses selected stop mode and runner target"
1,signal_scaled_scalp:strategy=impulse_fade_5bar_2pt:direction=all:first_target_points=1:stop_points=2:runner_target_points=3:runner_stop_mode=breakeven,impulse_fade_5bar_2pt,all,1,2,3,breakeven,248,248,248,126,122,34,88,0,0,122,0.49193548,-14000,-15736,-63.4516129,115,133,"two-contract post-signal scalp: one contract exits at first target, one runner uses selected stop mode and runner target"
1,signal_scaled_scalp:strategy=impulse_fade_5bar_2pt:direction=all:first_target_points=1:stop_points=2:runner_target_points=3:runner_stop_mode=initial,impulse_fade_5bar_2pt,all,1,2,3,initial,248,248,248,126,122,67,55,0,0,67,0.27016129,-14550,-16286,-65.66935484,115,133,"two-contract post-signal scalp: one contract exits at first target, one runner uses selected stop mode and runner target"
1,signal_scaled_scalp:strategy=impulse_fade_5bar_2pt:direction=all:first_target_points=1:stop_points=2:runner_target_points=5:runner_stop_mode=breakeven,impulse_fade_5bar_2pt,all,1,2,5,breakeven,248,248,248,126,122,24,98,0,0,122,0.49193548,-13100,-14836,-59.82258065,115,133,"two-contract post-signal scalp: one contract exits at first target, one runner uses selected stop mode and runner target"
1,signal_scaled_scalp:strategy=impulse_fade_5bar_2pt:direction=all:first_target_points=1:stop_points=2:runner_target_points=5:runner_stop_mode=initial,impulse_fade_5bar_2pt,all,1,2,5,initial,248,248,248,126,122,45,77,0,0,45,0.18145161,-15550,-17286,-69.7016129,115,133,"two-contract post-signal scalp: one contract exits at first target, one runner uses selected stop mode and runner target"
1,signal_scaled_scalp:strategy=impulse_fade_5bar_2pt:direction=all:first_target_points=1.5:stop_points=1:runner_target_points=2:runner_stop_mode=breakeven,impulse_fade_5bar_2pt,all,1.5,1,2,breakeven,248,248,248,183,65,54,11,0,0,65,0.26209677,-8025,-9761,-39.35887097,115,133,"two-contract post-signal scalp: one contract exits at first target, one runner uses selected stop mode and runner target"
1,signal_scaled_scalp:strategy=impulse_fade_5bar_2pt:direction=all:first_target_points=1.5:stop_points=1:runner_target_points=2:runner_stop_mode=initial,impulse_fade_5bar_2pt,all,1.5,1,2,initial,248,248,248,183,65,57,8,0,0,65,0.26209677,-8125,-9861,-39.76209677,115,133,"two-contract post-signal scalp: one contract exits at first target, one runner uses selected stop mode and runner target"
1,signal_scaled_scalp:strategy=impulse_fade_5bar_2pt:direction=all:first_target_points=1.5:stop_points=1:runner_target_points=3:runner_stop_mode=breakeven,impulse_fade_5bar_2pt,all,1.5,1,3,breakeven,248,248,248,183,65,35,30,0,0,65,0.26209677,-8175,-9911,-39.96370968,115,133,"two-contract post-signal scalp: one contract exits at first target, one runner uses selected stop mode and runner target"
1,signal_scaled_scalp:strategy=impulse_fade_5bar_2pt:direction=all:first_target_points=1.5:stop_points=1:runner_target_points=3:runner_stop_mode=initial,impulse_fade_5bar_2pt,all,1.5,1,3,initial,248,248,248,183,65,42,23,0,0,65,0.26209677,-8275,-10011,-40.36693548,115,133,"two-contract post-signal scalp: one contract exits at first target, one runner uses selected stop mode and runner target"
1,signal_scaled_scalp:strategy=impulse_fade_5bar_2pt:direction=all:first_target_points=1.5:stop_points=1:runner_target_points=5:runner_stop_mode=breakeven,impulse_fade_5bar_2pt,all,1.5,1,5,breakeven,248,248,248,183,65,21,44,0,0,65,0.26209677,-8175,-9911,-39.96370968,115,133,"two-contract post-signal scalp: one contract exits at first target, one runner uses selected stop mode and runner target"
1,signal_scaled_scalp:strategy=impulse_fade_5bar_2pt:direction=all:first_target_points=1.5:stop_points=1:runner_target_points=5:runner_stop_mode=initial,impulse_fade_5bar_2pt,all,1.5,1,5,initial,248,248,248,183,65,26,39,0,0,65,0.26209677,-8875,-10611,-42.78629032,115,133,"two-contract post-signal scalp: one contract exits at first target, one runner uses selected stop mode and runner target"
1,signal_scaled_scalp:strategy=impulse_fade_5bar_2pt:direction=all:first_target_points=1.5:stop_points=1.5:runner_target_points=2:runner_stop_mode=breakeven,impulse_fade_5bar_2pt,all,1.5,1.5,2,breakeven,248,248,248,164,84,72,12,0,0,84,0.33870968,-11100,-12836,-51.75806452,115,133,"two-contract post-signal scalp: one contract exits at first target, one runner uses selected stop mode and runner target"
1,signal_scaled_scalp:strategy=impulse_fade_5bar_2pt:direction=all:first_target_points=1.5:stop_points=1.5:runner_target_points=2:runner_stop_mode=initial,impulse_fade_5bar_2pt,all,1.5,1.5,2,initial,248,248,248,164,84,77,7,0,0,77,0.31048387,-11125,-12861,-51.85887097,115,133,"two-contract post-signal scalp: one contract exits at first target, one runner uses selected stop mode and runner target"
1,signal_scaled_scalp:strategy=impulse_fade_5bar_2pt:direction=all:first_target_points=1.5:stop_points=1.5:runner_target_points=3:runner_stop_mode=breakeven,impulse_fade_5bar_2pt,all,1.5,1.5,3,breakeven,248,248,248,164,84,49,35,0,0,84,0.33870968,-10950,-12686,-51.15322581,115,133,"two-contract post-signal scalp: one contract exits at first target, one runner uses selected stop mode and runner target"
1,signal_scaled_scalp:strategy=impulse_fade_5bar_2pt:direction=all:first_target_points=1.5:stop_points=1.5:runner_target_points=3:runner_stop_mode=initial,impulse_fade_5bar_2pt,all,1.5,1.5,3,initial,248,248,248,164,84,61,23,0,0,61,0.24596774,-10875,-12611,-50.85080645,115,133,"two-contract post-signal scalp: one contract exits at first target, one runner uses selected stop mode and runner target"
1,signal_scaled_scalp:strategy=impulse_fade_5bar_2pt:direction=all:first_target_points=1.5:stop_points=1.5:runner_target_points=5:runner_stop_mode=breakeven,impulse_fade_5bar_2pt,all,1.5,1.5,5,breakeven,248,248,248,164,84,29,55,0,0,84,0.33870968,-11050,-12786,-51.55645161,115,133,"two-contract post-signal scalp: one contract exits at first target, one runner uses selected stop mode and runner target"
1,signal_scaled_scalp:strategy=impulse_fade_5bar_2pt:direction=all:first_target_points=1.5:stop_points=1.5:runner_target_points=5:runner_stop_mode=initial,impulse_fade_5bar_2pt,all,1.5,1.5,5,initial,248,248,248,164,84,41,43,0,0,41,0.16532258,-11275,-13011,-52.46370968,115,133,"two-contract post-signal scalp: one contract exits at first target, one runner uses selected stop mode and runner target"
1,signal_scaled_scalp:strategy=impulse_fade_5bar_2pt:direction=all:first_target_points=1.5:stop_points=2:runner_target_points=2:runner_stop_mode=breakeven,impulse_fade_5bar_2pt,all,1.5,2,2,breakeven,248,248,248,148,100,81,19,0,0,100,0.40322581,-14000,-15736,-63.4516129,115,133,"two-contract post-signal scalp: one contract exits at first target, one runner uses selected stop mode and runner target"
1,signal_scaled_scalp:strategy=impulse_fade_5bar_2pt:direction=all:first_target_points=1.5:stop_points=2:runner_target_points=2:runner_stop_mode=initial,impulse_fade_5bar_2pt,all,1.5,2,2,initial,248,248,248,148,100,91,9,0,0,91,0.36693548,-13900,-15636,-63.0483871,115,133,"two-contract post-signal scalp: one contract exits at first target, one runner uses selected stop mode and runner target"
1,signal_scaled_scalp:strategy=impulse_fade_5bar_2pt:direction=all:first_target_points=1.5:stop_points=2:runner_target_points=3:runner_stop_mode=breakeven,impulse_fade_5bar_2pt,all,1.5,2,3,breakeven,248,248,248,148,100,53,47,0,0,100,0.40322581,-14150,-15886,-64.05645161,115,133,"two-contract post-signal scalp: one contract exits at first target, one runner uses selected stop mode and runner target"
1,signal_scaled_scalp:strategy=impulse_fade_5bar_2pt:direction=all:first_target_points=1.5:stop_points=2:runner_target_points=3:runner_stop_mode=initial,impulse_fade_5bar_2pt,all,1.5,2,3,initial,248,248,248,148,100,67,33,0,0,67,0.27016129,-15350,-17086,-68.89516129,115,133,"two-contract post-signal scalp: one contract exits at first target, one runner uses selected stop mode and runner target"
1,signal_scaled_scalp:strategy=impulse_fade_5bar_2pt:direction=all:first_target_points=1.5:stop_points=2:runner_target_points=5:runner_stop_mode=breakeven,impulse_fade_5bar_2pt,all,1.5,2,5,breakeven,248,248,248,148,100,31,69,0,0,100,0.40322581,-14350,-16086,-64.86290323,115,133,"two-contract post-signal scalp: one contract exits at first target, one runner uses selected stop mode and runner target"
1,signal_scaled_scalp:strategy=impulse_fade_5bar_2pt:direction=all:first_target_points=1.5:stop_points=2:runner_target_points=5:runner_stop_mode=initial,impulse_fade_5bar_2pt,all,1.5,2,5,initial,248,248,248,148,100,45,55,0,0,45,0.18145161,-16350,-18086,-72.92741935,115,133,"two-contract post-signal scalp: one contract exits at first target, one runner uses selected stop mode and runner target"
1,signal_scaled_scalp:strategy=impulse_continue_5bar_2pt:direction=all:first_target_points=0.5:stop_points=1:runner_target_points=1.5:runner_stop_mode=breakeven,impulse_continue_5bar_2pt,all,0.5,1,1.5,breakeven,206,206,206,93,113,63,50,0,0,113,0.54854369,-1750,-3192,-15.49514563,108,98,"two-contract post-signal scalp: one contract exits at first target, one runner uses selected stop mode and runner target"
1,signal_scaled_scalp:strategy=impulse_continue_5bar_2pt:direction=all:first_target_points=0.5:stop_points=1:runner_target_points=1.5:runner_stop_mode=initial,impulse_continue_5bar_2pt,all,0.5,1,1.5,initial,206,206,206,93,113,86,27,0,0,86,0.41747573,-1375,-2817,-13.67475728,108,98,"two-contract post-signal scalp: one contract exits at first target, one runner uses selected stop mode and runner target"
1,signal_scaled_scalp:strategy=impulse_continue_5bar_2pt:direction=all:first_target_points=0.5:stop_points=1:runner_target_points=2:runner_stop_mode=breakeven,impulse_continue_5bar_2pt,all,0.5,1,2,breakeven,206,206,206,93,113,52,61,0,0,113,0.54854369,-1275,-2717,-13.18932039,108,98,"two-contract post-signal scalp: one contract exits at first target, one runner uses selected stop mode and runner target"
1,signal_scaled_scalp:strategy=impulse_continue_5bar_2pt:direction=all:first_target_points=0.5:stop_points=1:runner_target_points=2:runner_stop_mode=initial,impulse_continue_5bar_2pt,all,0.5,1,2,initial,206,206,206,93,113,74,39,0,0,74,0.3592233,-1025,-2467,-11.97572816,108,98,"two-contract post-signal scalp: one contract exits at first target, one runner uses selected stop mode and runner target"
1,signal_scaled_scalp:strategy=impulse_continue_5bar_2pt:direction=all:first_target_points=0.5:stop_points=1:runner_target_points=3:runner_stop_mode=breakeven,impulse_continue_5bar_2pt,all,0.5,1,3,breakeven,206,206,206,93,113,29,84,0,0,113,0.54854369,-2125,-3567,-17.31553398,108,98,"two-contract post-signal scalp: one contract exits at first target, one runner uses selected stop mode and runner target"
1,signal_scaled_scalp:strategy=impulse_continue_5bar_2pt:direction=all:first_target_points=0.5:stop_points=1:runner_target_points=3:runner_stop_mode=initial,impulse_continue_5bar_2pt,all,0.5,1,3,initial,206,206,206,93,113,55,58,0,0,55,0.26699029,-1125,-2567,-12.46116505,108,98,"two-contract post-signal scalp: one contract exits at first target, one runner uses selected stop mode and runner target"
1,signal_scaled_scalp:strategy=impulse_continue_5bar_2pt:direction=all:first_target_points=0.5:stop_points=1:runner_target_points=5:runner_stop_mode=breakeven,impulse_continue_5bar_2pt,all,0.5,1,5,breakeven,206,206,206,93,113,14,99,0,0,113,0.54854369,-2975,-4417,-21.44174757,108,98,"two-contract post-signal scalp: one contract exits at first target, one runner uses selected stop mode and runner target"
1,signal_scaled_scalp:strategy=impulse_continue_5bar_2pt:direction=all:first_target_points=0.5:stop_points=1:runner_target_points=5:runner_stop_mode=initial,impulse_continue_5bar_2pt,all,0.5,1,5,initial,206,206,206,93,113,32,81,0,0,32,0.15533981,-2525,-3967,-19.25728155,108,98,"two-contract post-signal scalp: one contract exits at first target, one runner uses selected stop mode and runner target"
1,signal_scaled_scalp:strategy=impulse_continue_5bar_2pt:direction=all:first_target_points=0.5:stop_points=1.5:runner_target_points=1.5:runner_stop_mode=breakeven,impulse_continue_5bar_2pt,all,0.5,1.5,1.5,breakeven,206,206,206,68,138,68,70,0,0,138,0.66990291,-1650,-3092,-15.00970874,108,98,"two-contract post-signal scalp: one contract exits at first target, one runner uses selected stop mode and runner target"
1,signal_scaled_scalp:strategy=impulse_continue_5bar_2pt:direction=all:first_target_points=0.5:stop_points=1.5:runner_target_points=1.5:runner_stop_mode=initial,impulse_continue_5bar_2pt,all,0.5,1.5,1.5,initial,206,206,206,68,138,107,31,0,0,107,0.51941748,-1050,-2492,-12.09708738,108,98,"two-contract post-signal scalp: one contract exits at first target, one runner uses selected stop mode and runner target"
1,signal_scaled_scalp:strategy=impulse_continue_5bar_2pt:direction=all:first_target_points=0.5:stop_points=1.5:runner_target_points=2:runner_stop_mode=breakeven,impulse_continue_5bar_2pt,all,0.5,1.5,2,breakeven,206,206,206,68,138,57,81,0,0,138,0.66990291,-1050,-2492,-12.09708738,108,98,"two-contract post-signal scalp: one contract exits at first target, one runner uses selected stop mode and runner target"
1,signal_scaled_scalp:strategy=impulse_continue_5bar_2pt:direction=all:first_target_points=0.5:stop_points=1.5:runner_target_points=2:runner_stop_mode=initial,impulse_continue_5bar_2pt,all,0.5,1.5,2,initial,206,206,206,68,138,95,43,0,0,95,0.46116505,-475,-1917,-9.30582524,108,98,"two-contract post-signal scalp: one contract exits at first target, one runner uses selected stop mode and runner target"
1,signal_scaled_scalp:strategy=impulse_continue_5bar_2pt:direction=all:first_target_points=0.5:stop_points=1.5:runner_target_points=3:runner_stop_mode=breakeven,impulse_continue_5bar_2pt,all,0.5,1.5,3,breakeven,206,206,206,68,138,33,105,0,0,138,0.66990291,-1800,-3242,-15.73786408,108,98,"two-contract post-signal scalp: one contract exits at first target, one runner uses selected stop mode and runner target"
1,signal_scaled_scalp:strategy=impulse_continue_5bar_2pt:direction=all:first_target_points=0.5:stop_points=1.5:runner_target_points=3:runner_stop_mode=initial,impulse_continue_5bar_2pt,all,0.5,1.5,3,initial,206,206,206,68,138,77,61,0,0,77,0.37378641,225,-1217,-5.90776699,108,98,"two-contract post-signal scalp: one contract exits at first target, one runner uses selected stop mode and runner target"
1,signal_scaled_scalp:strategy=impulse_continue_5bar_2pt:direction=all:first_target_points=0.5:stop_points=1.5:runner_target_points=5:runner_stop_mode=breakeven,impulse_continue_5bar_2pt,all,0.5,1.5,5,breakeven,206,206,206,68,138,16,122,0,0,138,0.66990291,-2750,-4192,-20.34951456,108,98,"two-contract post-signal scalp: one contract exits at first target, one runner uses selected stop mode and runner target"
1,signal_scaled_scalp:strategy=impulse_continue_5bar_2pt:direction=all:first_target_points=0.5:stop_points=1.5:runner_target_points=5:runner_stop_mode=initial,impulse_continue_5bar_2pt,all,0.5,1.5,5,initial,206,206,206,68,138,50,88,0,0,50,0.24271845,-850,-2292,-11.12621359,108,98,"two-contract post-signal scalp: one contract exits at first target, one runner uses selected stop mode and runner target"
1,signal_scaled_scalp:strategy=impulse_continue_5bar_2pt:direction=all:first_target_points=0.5:stop_points=2:runner_target_points=1.5:runner_stop_mode=breakeven,impulse_continue_5bar_2pt,all,0.5,2,1.5,breakeven,206,206,206,60,146,71,75,0,0,146,0.70873786,-3025,-4467,-21.68446602,108,98,"two-contract post-signal scalp: one contract exits at first target, one runner uses selected stop mode and runner target"
1,signal_scaled_scalp:strategy=impulse_continue_5bar_2pt:direction=all:first_target_points=0.5:stop_points=2:runner_target_points=1.5:runner_stop_mode=initial,impulse_continue_5bar_2pt,all,0.5,2,1.5,initial,206,206,206,60,146,115,31,0,0,115,0.55825243,-2825,-4267,-20.71359223,108,98,"two-contract post-signal scalp: one contract exits at first target, one runner uses selected stop mode and runner target"
1,signal_scaled_scalp:strategy=impulse_continue_5bar_2pt:direction=all:first_target_points=0.5:stop_points=2:runner_target_points=2:runner_stop_mode=breakeven,impulse_continue_5bar_2pt,all,0.5,2,2,breakeven,206,206,206,60,146,59,87,0,0,146,0.70873786,-2450,-3892,-18.89320388,108,98,"two-contract post-signal scalp: one contract exits at first target, one runner uses selected stop mode and runner target"
1,signal_scaled_scalp:strategy=impulse_continue_5bar_2pt:direction=all:first_target_points=0.5:stop_points=2:runner_target_points=2:runner_stop_mode=initial,impulse_continue_5bar_2pt,all,0.5,2,2,initial,206,206,206,60,146,104,42,0,0,104,0.50485437,-2150,-3592,-17.4368932,108,98,"two-contract post-signal scalp: one contract exits at first target, one runner uses selected stop mode and runner target"
1,signal_scaled_scalp:strategy=impulse_continue_5bar_2pt:direction=all:first_target_points=0.5:stop_points=2:runner_target_points=3:runner_stop_mode=breakeven,impulse_continue_5bar_2pt,all,0.5,2,3,breakeven,206,206,206,60,146,34,112,0,0,146,0.70873786,-3250,-4692,-22.77669903,108,98,"two-contract post-signal scalp: one contract exits at first target, one runner uses selected stop mode and runner target"
1,signal_scaled_scalp:strategy=impulse_continue_5bar_2pt:direction=all:first_target_points=0.5:stop_points=2:runner_target_points=3:runner_stop_mode=initial,impulse_continue_5bar_2pt,all,0.5,2,3,initial,206,206,206,60,146,84,62,0,0,84,0.40776699,-1950,-3392,-16.46601942,108,98,"two-contract post-signal scalp: one contract exits at first target, one runner uses selected stop mode and runner target"
1,signal_scaled_scalp:strategy=impulse_continue_5bar_2pt:direction=all:first_target_points=0.5:stop_points=2:runner_target_points=5:runner_stop_mode=breakeven,impulse_continue_5bar_2pt,all,0.5,2,5,breakeven,206,206,206,60,146,17,129,0,0,146,0.70873786,-4100,-5542,-26.90291262,108,98,"two-contract post-signal scalp: one contract exits at first target, one runner uses selected stop mode and runner target"
1,signal_scaled_scalp:strategy=impulse_continue_5bar_2pt:direction=all:first_target_points=0.5:stop_points=2:runner_target_points=5:runner_stop_mode=initial,impulse_continue_5bar_2pt,all,0.5,2,5,initial,206,206,206,60,146,58,88,0,0,58,0.2815534,-2650,-4092,-19.86407767,108,98,"two-contract post-signal scalp: one contract exits at first target, one runner uses selected stop mode and runner target"
1,signal_scaled_scalp:strategy=impulse_continue_5bar_2pt:direction=all:first_target_points=1:stop_points=1:runner_target_points=1.5:runner_stop_mode=breakeven,impulse_continue_5bar_2pt,all,1,1,1.5,breakeven,206,206,206,104,102,73,29,0,0,102,0.49514563,175,-1267,-6.15048544,108,98,"two-contract post-signal scalp: one contract exits at first target, one runner uses selected stop mode and runner target"
1,signal_scaled_scalp:strategy=impulse_continue_5bar_2pt:direction=all:first_target_points=1:stop_points=1:runner_target_points=1.5:runner_stop_mode=initial,impulse_continue_5bar_2pt,all,1,1,1.5,initial,206,206,206,104,102,86,16,0,0,86,0.41747573,350,-1092,-5.30097087,108,98,"two-contract post-signal scalp: one contract exits at first target, one runner uses selected stop mode and runner target"
1,signal_scaled_scalp:strategy=impulse_continue_5bar_2pt:direction=all:first_target_points=1:stop_points=1:runner_target_points=2:runner_stop_mode=breakeven,impulse_continue_5bar_2pt,all,1,1,2,breakeven,206,206,206,104,102,59,43,0,0,102,0.49514563,600,-842,-4.08737864,108,98,"two-contract post-signal scalp: one contract exits at first target, one runner uses selected stop mode and runner target"
1,signal_scaled_scalp:strategy=impulse_continue_5bar_2pt:direction=all:first_target_points=1:stop_points=1:runner_target_points=2:runner_stop_mode=initial,impulse_continue_5bar_2pt,all,1,1,2,initial,206,206,206,104,102,74,28,0,0,74,0.3592233,700,-742,-3.60194175,108,98,"two-contract post-signal scalp: one contract exits at first target, one runner uses selected stop mode and runner target"
1,signal_scaled_scalp:strategy=impulse_continue_5bar_2pt:direction=all:first_target_points=1:stop_points=1:runner_target_points=3:runner_stop_mode=breakeven,impulse_continue_5bar_2pt,all,1,1,3,breakeven,206,206,206,104,102,36,66,0,0,102,0.49514563,100,-1342,-6.51456311,108,98,"two-contract post-signal scalp: one contract exits at first target, one runner uses selected stop mode and runner target"
1,signal_scaled_scalp:strategy=impulse_continue_5bar_2pt:direction=all:first_target_points=1:stop_points=1:runner_target_points=3:runner_stop_mode=initial,impulse_continue_5bar_2pt,all,1,1,3,initial,206,206,206,104,102,55,47,0,0,55,0.26699029,600,-842,-4.08737864,108,98,"two-contract post-signal scalp: one contract exits at first target, one runner uses selected stop mode and runner target"
1,signal_scaled_scalp:strategy=impulse_continue_5bar_2pt:direction=all:first_target_points=1:stop_points=1:runner_target_points=5:runner_stop_mode=breakeven,impulse_continue_5bar_2pt,all,1,1,5,breakeven,206,206,206,104,102,17,85,0,0,102,0.49514563,-1050,-2492,-12.09708738,108,98,"two-contract post-signal scalp: one contract exits at first target, one runner uses selected stop mode and runner target"
1,signal_scaled_scalp:strategy=impulse_continue_5bar_2pt:direction=all:first_target_points=1:stop_points=1:runner_target_points=5:runner_stop_mode=initial,impulse_continue_5bar_2pt,all,1,1,5,initial,206,206,206,104,102,32,70,0,0,32,0.15533981,-800,-2242,-10.88349515,108,98,"two-contract post-signal scalp: one contract exits at first target, one runner uses selected stop mode and runner target"
1,signal_scaled_scalp:strategy=impulse_continue_5bar_2pt:direction=all:first_target_points=1:stop_points=1.5:runner_target_points=1.5:runner_stop_mode=breakeven,impulse_continue_5bar_2pt,all,1,1.5,1.5,breakeven,206,206,206,81,125,84,41,0,0,125,0.60679612,400,-1042,-5.05825243,108,98,"two-contract post-signal scalp: one contract exits at first target, one runner uses selected stop mode and runner target"
1,signal_scaled_scalp:strategy=impulse_continue_5bar_2pt:direction=all:first_target_points=1:stop_points=1.5:runner_target_points=1.5:runner_stop_mode=initial,impulse_continue_5bar_2pt,all,1,1.5,1.5,initial,206,206,206,81,125,107,18,0,0,107,0.51941748,775,-667,-3.23786408,108,98,"two-contract post-signal scalp: one contract exits at first target, one runner uses selected stop mode and runner target"
1,signal_scaled_scalp:strategy=impulse_continue_5bar_2pt:direction=all:first_target_points=1:stop_points=1.5:runner_target_points=2:runner_stop_mode=breakeven,impulse_continue_5bar_2pt,all,1,1.5,2,breakeven,206,206,206,81,125,70,55,0,0,125,0.60679612,1100,-342,-1.66019417,108,98,"two-contract post-signal scalp: one contract exits at first target, one runner uses selected stop mode and runner target"
1,signal_scaled_scalp:strategy=impulse_continue_5bar_2pt:direction=all:first_target_points=1:stop_points=1.5:runner_target_points=2:runner_stop_mode=initial,impulse_continue_5bar_2pt,all,1,1.5,2,initial,206,206,206,81,125,95,30,0,0,95,0.46116505,1350,-92,-0.44660194,108,98,"two-contract post-signal scalp: one contract exits at first target, one runner uses selected stop mode and runner target"
1,signal_scaled_scalp:strategy=impulse_continue_5bar_2pt:direction=all:first_target_points=1:stop_points=1.5:runner_target_points=3:runner_stop_mode=breakeven,impulse_continue_5bar_2pt,all,1,1.5,3,breakeven,206,206,206,81,125,45,80,0,0,125,0.60679612,850,-592,-2.87378641,108,98,"two-contract post-signal scalp: one contract exits at first target, one runner uses selected stop mode and runner target"
1,signal_scaled_scalp:strategy=impulse_continue_5bar_2pt:direction=all:first_target_points=1:stop_points=1.5:runner_target_points=3:runner_stop_mode=initial,impulse_continue_5bar_2pt,all,1,1.5,3,initial,206,206,206,81,125,77,48,0,0,77,0.37378641,2050,608,2.95145631,108,98,"two-contract post-signal scalp: one contract exits at first target, one runner uses selected stop mode and runner target"
1,signal_scaled_scalp:strategy=impulse_continue_5bar_2pt:direction=all:first_target_points=1:stop_points=1.5:runner_target_points=5:runner_stop_mode=breakeven,impulse_continue_5bar_2pt,all,1,1.5,5,breakeven,206,206,206,81,125,23,102,0,0,125,0.60679612,-150,-1592,-7.72815534,108,98,"two-contract post-signal scalp: one contract exits at first target, one runner uses selected stop mode and runner target"
1,signal_scaled_scalp:strategy=impulse_continue_5bar_2pt:direction=all:first_target_points=1:stop_points=1.5:runner_target_points=5:runner_stop_mode=initial,impulse_continue_5bar_2pt,all,1,1.5,5,initial,206,206,206,81,125,50,75,0,0,50,0.24271845,975,-467,-2.26699029,108,98,"two-contract post-signal scalp: one contract exits at first target, one runner uses selected stop mode and runner target"
1,signal_scaled_scalp:strategy=impulse_continue_5bar_2pt:direction=all:first_target_points=1:stop_points=2:runner_target_points=1.5:runner_stop_mode=breakeven,impulse_continue_5bar_2pt,all,1,2,1.5,breakeven,206,206,206,72,134,90,44,0,0,134,0.65048544,-950,-2392,-11.61165049,108,98,"two-contract post-signal scalp: one contract exits at first target, one runner uses selected stop mode and runner target"
1,signal_scaled_scalp:strategy=impulse_continue_5bar_2pt:direction=all:first_target_points=1:stop_points=2:runner_target_points=1.5:runner_stop_mode=initial,impulse_continue_5bar_2pt,all,1,2,1.5,initial,206,206,206,72,134,115,19,0,0,115,0.55825243,-975,-2417,-11.73300971,108,98,"two-contract post-signal scalp: one contract exits at first target, one runner uses selected stop mode and runner target"
1,signal_scaled_scalp:strategy=impulse_continue_5bar_2pt:direction=all:first_target_points=1:stop_points=2:runner_target_points=2:runner_stop_mode=breakeven,impulse_continue_5bar_2pt,all,1,2,2,breakeven,206,206,206,72,134,73,61,0,0,134,0.65048544,-400,-1842,-8.94174757,108,98,"two-contract post-signal scalp: one contract exits at first target, one runner uses selected stop mode and runner target"
1,signal_scaled_scalp:strategy=impulse_continue_5bar_2pt:direction=all:first_target_points=1:stop_points=2:runner_target_points=2:runner_stop_mode=initial,impulse_continue_5bar_2pt,all,1,2,2,initial,206,206,206,72,134,104,30,0,0,104,0.50485437,-300,-1742,-8.45631068,108,98,"two-contract post-signal scalp: one contract exits at first target, one runner uses selected stop mode and runner target"
1,signal_scaled_scalp:strategy=impulse_continue_5bar_2pt:direction=all:first_target_points=1:stop_points=2:runner_target_points=3:runner_stop_mode=breakeven,impulse_continue_5bar_2pt,all,1,2,3,breakeven,206,206,206,72,134,46,88,0,0,134,0.65048544,-800,-2242,-10.88349515,108,98,"two-contract post-signal scalp: one contract exits at first target, one runner uses selected stop mode and runner target"
1,signal_scaled_scalp:strategy=impulse_continue_5bar_2pt:direction=all:first_target_points=1:stop_points=2:runner_target_points=3:runner_stop_mode=initial,impulse_continue_5bar_2pt,all,1,2,3,initial,206,206,206,72,134,84,50,0,0,84,0.40776699,-100,-1542,-7.48543689,108,98,"two-contract post-signal scalp: one contract exits at first target, one runner uses selected stop mode and runner target"
1,signal_scaled_scalp:strategy=impulse_continue_5bar_2pt:direction=all:first_target_points=1:stop_points=2:runner_target_points=5:runner_stop_mode=breakeven,impulse_continue_5bar_2pt,all,1,2,5,breakeven,206,206,206,72,134,24,110,0,0,134,0.65048544,-1700,-3142,-15.25242718,108,98,"two-contract post-signal scalp: one contract exits at first target, one runner uses selected stop mode and runner target"
1,signal_scaled_scalp:strategy=impulse_continue_5bar_2pt:direction=all:first_target_points=1:stop_points=2:runner_target_points=5:runner_stop_mode=initial,impulse_continue_5bar_2pt,all,1,2,5,initial,206,206,206,72,134,58,76,0,0,58,0.2815534,-800,-2242,-10.88349515,108,98,"two-contract post-signal scalp: one contract exits at first target, one runner uses selected stop mode and runner target"
1,signal_scaled_scalp:strategy=impulse_continue_5bar_2pt:direction=all:first_target_points=1.5:stop_points=1:runner_target_points=2:runner_stop_mode=breakeven,impulse_continue_5bar_2pt,all,1.5,1,2,breakeven,206,206,206,120,86,67,19,0,0,86,0.41747573,1150,-292,-1.41747573,108,98,"two-contract post-signal scalp: one contract exits at first target, one runner uses selected stop mode and runner target"
1,signal_scaled_scalp:strategy=impulse_continue_5bar_2pt:direction=all:first_target_points=1.5:stop_points=1:runner_target_points=2:runner_stop_mode=initial,impulse_continue_5bar_2pt,all,1.5,1,2,initial,206,206,206,120,86,74,12,0,0,86,0.41747573,1250,-192,-0.93203883,108,98,"two-contract post-signal scalp: one contract exits at first target, one runner uses selected stop mode and runner target"
1,signal_scaled_scalp:strategy=impulse_continue_5bar_2pt:direction=all:first_target_points=1.5:stop_points=1:runner_target_points=3:runner_stop_mode=breakeven,impulse_continue_5bar_2pt,all,1.5,1,3,breakeven,206,206,206,120,86,44,42,0,0,86,0.41747573,1050,-392,-1.90291262,108,98,"two-contract post-signal scalp: one contract exits at first target, one runner uses selected stop mode and runner target"
1,signal_scaled_scalp:strategy=impulse_continue_5bar_2pt:direction=all:first_target_points=1.5:stop_points=1:runner_target_points=3:runner_stop_mode=initial,impulse_continue_5bar_2pt,all,1.5,1,3,initial,206,206,206,120,86,55,31,0,0,86,0.41747573,1150,-292,-1.41747573,108,98,"two-contract post-signal scalp: one contract exits at first target, one runner uses selected stop mode and runner target"
1,signal_scaled_scalp:strategy=impulse_continue_5bar_2pt:direction=all:first_target_points=1.5:stop_points=1:runner_target_points=5:runner_stop_mode=breakeven,impulse_continue_5bar_2pt,all,1.5,1,5,breakeven,206,206,206,120,86,21,65,0,0,86,0.41747573,-300,-1742,-8.45631068,108,98,"two-contract post-signal scalp: one contract exits at first target, one runner uses selected stop mode and runner target"
1,signal_scaled_scalp:strategy=impulse_continue_5bar_2pt:direction=all:first_target_points=1.5:stop_points=1:runner_target_points=5:runner_stop_mode=initial,impulse_continue_5bar_2pt,all,1.5,1,5,initial,206,206,206,120,86,32,54,0,0,86,0.41747573,-250,-1692,-8.21359223,108,98,"two-contract post-signal scalp: one contract exits at first target, one runner uses selected stop mode and runner target"
1,signal_scaled_scalp:strategy=impulse_continue_5bar_2pt:direction=all:first_target_points=1.5:stop_points=1.5:runner_target_points=2:runner_stop_mode=breakeven,impulse_continue_5bar_2pt,all,1.5,1.5,2,breakeven,206,206,206,99,107,87,20,0,0,107,0.51941748,1875,433,2.10194175,108,98,"two-contract post-signal scalp: one contract exits at first target, one runner uses selected stop mode and runner target"
1,signal_scaled_scalp:strategy=impulse_continue_5bar_2pt:direction=all:first_target_points=1.5:stop_points=1.5:runner_target_points=2:runner_stop_mode=initial,impulse_continue_5bar_2pt,all,1.5,1.5,2,initial,206,206,206,99,107,95,12,0,0,95,0.46116505,1775,333,1.61650485,108,98,"two-contract post-signal scalp: one contract exits at first target, one runner uses selected stop mode and runner target"
1,signal_scaled_scalp:strategy=impulse_continue_5bar_2pt:direction=all:first_target_points=1.5:stop_points=1.5:runner_target_points=3:runner_stop_mode=breakeven,impulse_continue_5bar_2pt,all,1.5,1.5,3,breakeven,206,206,206,99,107,58,49,0,0,107,0.51941748,1875,433,2.10194175,108,98,"two-contract post-signal scalp: one contract exits at first target, one runner uses selected stop mode and runner target"
1,signal_scaled_scalp:strategy=impulse_continue_5bar_2pt:direction=all:first_target_points=1.5:stop_points=1.5:runner_target_points=3:runner_stop_mode=initial,impulse_continue_5bar_2pt,all,1.5,1.5,3,initial,206,206,206,99,107,77,30,0,0,77,0.37378641,2475,1033,5.01456311,108,98,"two-contract post-signal scalp: one contract exits at first target, one runner uses selected stop mode and runner target"
1,signal_scaled_scalp:strategy=impulse_continue_5bar_2pt:direction=all:first_target_points=1.5:stop_points=1.5:runner_target_points=5:runner_stop_mode=breakeven,impulse_continue_5bar_2pt,all,1.5,1.5,5,breakeven,206,206,206,99,107,29,78,0,0,107,0.51941748,425,-1017,-4.9368932,108,98,"two-contract post-signal scalp: one contract exits at first target, one runner uses selected stop mode and runner target"
1,signal_scaled_scalp:strategy=impulse_continue_5bar_2pt:direction=all:first_target_points=1.5:stop_points=1.5:runner_target_points=5:runner_stop_mode=initial,impulse_continue_5bar_2pt,all,1.5,1.5,5,initial,206,206,206,99,107,50,57,0,0,50,0.24271845,1400,-42,-0.2038835,108,98,"two-contract post-signal scalp: one contract exits at first target, one runner uses selected stop mode and runner target"
1,signal_scaled_scalp:strategy=impulse_continue_5bar_2pt:direction=all:first_target_points=1.5:stop_points=2:runner_target_points=2:runner_stop_mode=breakeven,impulse_continue_5bar_2pt,all,1.5,2,2,breakeven,206,206,206,91,115,92,23,0,0,115,0.55825243,-375,-1817,-8.82038835,108,98,"two-contract post-signal scalp: one contract exits at first target, one runner uses selected stop mode and runner target"
1,signal_scaled_scalp:strategy=impulse_continue_5bar_2pt:direction=all:first_target_points=1.5:stop_points=2:runner_target_points=2:runner_stop_mode=initial,impulse_continue_5bar_2pt,all,1.5,2,2,initial,206,206,206,91,115,104,11,0,0,104,0.50485437,-275,-1717,-8.33495146,108,98,"two-contract post-signal scalp: one contract exits at first target, one runner uses selected stop mode and runner target"
1,signal_scaled_scalp:strategy=impulse_continue_5bar_2pt:direction=all:first_target_points=1.5:stop_points=2:runner_target_points=3:runner_stop_mode=breakeven,impulse_continue_5bar_2pt,all,1.5,2,3,breakeven,206,206,206,91,115,61,54,0,0,115,0.55825243,-425,-1867,-9.0631068,108,98,"two-contract post-signal scalp: one contract exits at first target, one runner uses selected stop mode and runner target"
1,signal_scaled_scalp:strategy=impulse_continue_5bar_2pt:direction=all:first_target_points=1.5:stop_points=2:runner_target_points=3:runner_stop_mode=initial,impulse_continue_5bar_2pt,all,1.5,2,3,initial,206,206,206,91,115,84,31,0,0,84,0.40776699,-75,-1517,-7.36407767,108,98,"two-contract post-signal scalp: one contract exits at first target, one runner uses selected stop mode and runner target"
1,signal_scaled_scalp:strategy=impulse_continue_5bar_2pt:direction=all:first_target_points=1.5:stop_points=2:runner_target_points=5:runner_stop_mode=breakeven,impulse_continue_5bar_2pt,all,1.5,2,5,breakeven,206,206,206,91,115,31,84,0,0,115,0.55825243,-1825,-3267,-15.8592233,108,98,"two-contract post-signal scalp: one contract exits at first target, one runner uses selected stop mode and runner target"
1,signal_scaled_scalp:strategy=impulse_continue_5bar_2pt:direction=all:first_target_points=1.5:stop_points=2:runner_target_points=5:runner_stop_mode=initial,impulse_continue_5bar_2pt,all,1.5,2,5,initial,206,206,206,91,115,58,57,0,0,58,0.2815534,-775,-2217,-10.76213592,108,98,"two-contract post-signal scalp: one contract exits at first target, one runner uses selected stop mode and runner target"
1,signal_scaled_scalp:strategy=impulse_fade_10bar_3pt:direction=all:first_target_points=0.5:stop_points=1:runner_target_points=1.5:runner_stop_mode=breakeven,impulse_fade_10bar_3pt,all,0.5,1,1.5,breakeven,228,228,228,120,108,52,56,0,0,108,0.47368421,-5400,-6996,-30.68421053,120,108,"two-contract post-signal scalp: one contract exits at first target, one runner uses selected stop mode and runner target"
1,signal_scaled_scalp:strategy=impulse_fade_10bar_3pt:direction=all:first_target_points=0.5:stop_points=1:runner_target_points=1.5:runner_stop_mode=initial,impulse_fade_10bar_3pt,all,0.5,1,1.5,initial,228,228,228,120,108,80,28,0,0,80,0.35087719,-4700,-6296,-27.61403509,120,108,"two-contract post-signal scalp: one contract exits at first target, one runner uses selected stop mode and runner target"
1,signal_scaled_scalp:strategy=impulse_fade_10bar_3pt:direction=all:first_target_points=0.5:stop_points=1:runner_target_points=2:runner_stop_mode=breakeven,impulse_fade_10bar_3pt,all,0.5,1,2,breakeven,228,228,228,120,108,47,61,0,0,108,0.47368421,-4600,-6196,-27.1754386,120,108,"two-contract post-signal scalp: one contract exits at first target, one runner uses selected stop mode and runner target"
1,signal_scaled_scalp:strategy=impulse_fade_10bar_3pt:direction=all:first_target_points=0.5:stop_points=1:runner_target_points=2:runner_stop_mode=initial,impulse_fade_10bar_3pt,all,0.5,1,2,initial,228,228,228,120,108,69,39,0,0,69,0.30263158,-4350,-5946,-26.07894737,120,108,"two-contract post-signal scalp: one contract exits at first target, one runner uses selected stop mode and runner target"
1,signal_scaled_scalp:strategy=impulse_fade_10bar_3pt:direction=all:first_target_points=0.5:stop_points=1:runner_target_points=3:runner_stop_mode=breakeven,impulse_fade_10bar_3pt,all,0.5,1,3,breakeven,228,228,228,120,108,33,75,0,0,108,0.47368421,-4350,-5946,-26.07894737,120,108,"two-contract post-signal scalp: one contract exits at first target, one runner uses selected stop mode and runner target"
1,signal_scaled_scalp:strategy=impulse_fade_10bar_3pt:direction=all:first_target_points=0.5:stop_points=1:runner_target_points=3:runner_stop_mode=initial,impulse_fade_10bar_3pt,all,0.5,1,3,initial,228,228,228,120,108,53,55,0,0,53,0.23245614,-4100,-5696,-24.98245614,120,108,"two-contract post-signal scalp: one contract exits at first target, one runner uses selected stop mode and runner target"
1,signal_scaled_scalp:strategy=impulse_fade_10bar_3pt:direction=all:first_target_points=0.5:stop_points=1:runner_target_points=5:runner_stop_mode=breakeven,impulse_fade_10bar_3pt,all,0.5,1,5,breakeven,228,228,228,120,108,16,92,0,0,108,0.47368421,-5300,-6896,-30.24561404,120,108,"two-contract post-signal scalp: one contract exits at first target, one runner uses selected stop mode and runner target"
1,signal_scaled_scalp:strategy=impulse_fade_10bar_3pt:direction=all:first_target_points=0.5:stop_points=1:runner_target_points=5:runner_stop_mode=initial,impulse_fade_10bar_3pt,all,0.5,1,5,initial,228,228,228,120,108,32,76,0,0,32,0.14035088,-5100,-6696,-29.36842105,120,108,"two-contract post-signal scalp: one contract exits at first target, one runner uses selected stop mode and runner target"
1,signal_scaled_scalp:strategy=impulse_fade_10bar_3pt:direction=all:first_target_points=0.5:stop_points=1.5:runner_target_points=1.5:runner_stop_mode=breakeven,impulse_fade_10bar_3pt,all,0.5,1.5,1.5,breakeven,228,228,228,97,131,58,73,0,0,131,0.5745614,-6925,-8521,-37.37280702,120,108,"two-contract post-signal scalp: one contract exits at first target, one runner uses selected stop mode and runner target"
1,signal_scaled_scalp:strategy=impulse_fade_10bar_3pt:direction=all:first_target_points=0.5:stop_points=1.5:runner_target_points=1.5:runner_stop_mode=initial,impulse_fade_10bar_3pt,all,0.5,1.5,1.5,initial,228,228,228,97,131,102,29,0,0,102,0.44736842,-5800,-7396,-32.43859649,120,108,"two-contract post-signal scalp: one contract exits at first target, one runner uses selected stop mode and runner target"
1,signal_scaled_scalp:strategy=impulse_fade_10bar_3pt:direction=all:first_target_points=0.5:stop_points=1.5:runner_target_points=2:runner_stop_mode=breakeven,impulse_fade_10bar_3pt,all,0.5,1.5,2,breakeven,228,228,228,97,131,52,79,0,0,131,0.5745614,-6075,-7671,-33.64473684,120,108,"two-contract post-signal scalp: one contract exits at first target, one runner uses selected stop mode and runner target"
1,signal_scaled_scalp:strategy=impulse_fade_10bar_3pt:direction=all:first_target_points=0.5:stop_points=1.5:runner_target_points=2:runner_stop_mode=initial,impulse_fade_10bar_3pt,all,0.5,1.5,2,initial,228,228,228,97,131,90,41,0,0,90,0.39473684,-5350,-6946,-30.46491228,120,108,"two-contract post-signal scalp: one contract exits at first target, one runner uses selected stop mode and runner target"
1,signal_scaled_scalp:strategy=impulse_fade_10bar_3pt:direction=all:first_target_points=0.5:stop_points=1.5:runner_target_points=3:runner_stop_mode=breakeven,impulse_fade_10bar_3pt,all,0.5,1.5,3,breakeven,228,228,228,97,131,37,94,0,0,131,0.5745614,-5725,-7321,-32.10964912,120,108,"two-contract post-signal scalp: one contract exits at first target, one runner uses selected stop mode and runner target"
1,signal_scaled_scalp:strategy=impulse_fade_10bar_3pt:direction=all:first_target_points=0.5:stop_points=1.5:runner_target_points=3:runner_stop_mode=initial,impulse_fade_10bar_3pt,all,0.5,1.5,3,initial,228,228,228,97,131,71,60,0,0,71,0.31140351,-5125,-6721,-29.47807018,120,108,"two-contract post-signal scalp: one contract exits at first target, one runner uses selected stop mode and runner target"
1,signal_scaled_scalp:strategy=impulse_fade_10bar_3pt:direction=all:first_target_points=0.5:stop_points=1.5:runner_target_points=5:runner_stop_mode=breakeven,impulse_fade_10bar_3pt,all,0.5,1.5,5,breakeven,228,228,228,97,131,19,112,0,0,131,0.5745614,-6525,-8121,-35.61842105,120,108,"two-contract post-signal scalp: one contract exits at first target, one runner uses selected stop mode and runner target"
1,signal_scaled_scalp:strategy=impulse_fade_10bar_3pt:direction=all:first_target_points=0.5:stop_points=1.5:runner_target_points=5:runner_stop_mode=initial,impulse_fade_10bar_3pt,all,0.5,1.5,5,initial,228,228,228,97,131,48,83,0,0,48,0.21052632,-5500,-7096,-31.12280702,120,108,"two-contract post-signal scalp: one contract exits at first target, one runner uses selected stop mode and runner target"
1,signal_scaled_scalp:strategy=impulse_fade_10bar_3pt:direction=all:first_target_points=0.5:stop_points=2:runner_target_points=1.5:runner_stop_mode=breakeven,impulse_fade_10bar_3pt,all,0.5,2,1.5,breakeven,228,228,228,86,142,60,82,0,0,142,0.62280702,-9150,-10746,-47.13157895,120,108,"two-contract post-signal scalp: one contract exits at first target, one runner uses selected stop mode and runner target"
1,signal_scaled_scalp:strategy=impulse_fade_10bar_3pt:direction=all:first_target_points=0.5:stop_points=2:runner_target_points=1.5:runner_stop_mode=initial,impulse_fade_10bar_3pt,all,0.5,2,1.5,initial,228,228,228,86,142,118,24,0,0,118,0.51754386,-7200,-8796,-38.57894737,120,108,"two-contract post-signal scalp: one contract exits at first target, one runner uses selected stop mode and runner target"
1,signal_scaled_scalp:strategy=impulse_fade_10bar_3pt:direction=all:first_target_points=0.5:stop_points=2:runner_target_points=2:runner_stop_mode=breakeven,impulse_fade_10bar_3pt,all,0.5,2,2,breakeven,228,228,228,86,142,54,88,0,0,142,0.62280702,-8250,-9846,-43.18421053,120,108,"two-contract post-signal scalp: one contract exits at first target, one runner uses selected stop mode and runner target"
1,signal_scaled_scalp:strategy=impulse_fade_10bar_3pt:direction=all:first_target_points=0.5:stop_points=2:runner_target_points=2:runner_stop_mode=initial,impulse_fade_10bar_3pt,all,0.5,2,2,initial,228,228,228,86,142,103,39,0,0,103,0.45175439,-7250,-8846,-38.79824561,120,108,"two-contract post-signal scalp: one contract exits at first target, one runner uses selected stop mode and runner target"
1,signal_scaled_scalp:strategy=impulse_fade_10bar_3pt:direction=all:first_target_points=0.5:stop_points=2:runner_target_points=3:runner_stop_mode=breakeven,impulse_fade_10bar_3pt,all,0.5,2,3,breakeven,228,228,228,86,142,38,104,0,0,142,0.62280702,-7950,-9546,-41.86842105,120,108,"two-contract post-signal scalp: one contract exits at first target, one runner uses selected stop mode and runner target"
1,signal_scaled_scalp:strategy=impulse_fade_10bar_3pt:direction=all:first_target_points=0.5:stop_points=2:runner_target_points=3:runner_stop_mode=initial,impulse_fade_10bar_3pt,all,0.5,2,3,initial,228,228,228,86,142,84,57,1,0,85,0.37280702,-6725,-8321,-36.49561404,120,108,"two-contract post-signal scalp: one contract exits at first target, one runner uses selected stop mode and runner target"
1,signal_scaled_scalp:strategy=impulse_fade_10bar_3pt:direction=all:first_target_points=0.5:stop_points=2:runner_target_points=5:runner_stop_mode=breakeven,impulse_fade_10bar_3pt,all,0.5,2,5,breakeven,228,228,228,86,142,19,123,0,0,142,0.62280702,-8900,-10496,-46.03508772,120,108,"two-contract post-signal scalp: one contract exits at first target, one runner uses selected stop mode and runner target"
1,signal_scaled_scalp:strategy=impulse_fade_10bar_3pt:direction=all:first_target_points=0.5:stop_points=2:runner_target_points=5:runner_stop_mode=initial,impulse_fade_10bar_3pt,all,0.5,2,5,initial,228,228,228,86,142,57,84,1,0,58,0.25438596,-7775,-9371,-41.10087719,120,108,"two-contract post-signal scalp: one contract exits at first target, one runner uses selected stop mode and runner target"
1,signal_scaled_scalp:strategy=impulse_fade_10bar_3pt:direction=all:first_target_points=1:stop_points=1:runner_target_points=1.5:runner_stop_mode=breakeven,impulse_fade_10bar_3pt,all,1,1,1.5,breakeven,228,228,228,133,95,60,35,0,0,95,0.41666667,-4050,-5646,-24.76315789,120,108,"two-contract post-signal scalp: one contract exits at first target, one runner uses selected stop mode and runner target"
1,signal_scaled_scalp:strategy=impulse_fade_10bar_3pt:direction=all:first_target_points=1:stop_points=1:runner_target_points=1.5:runner_stop_mode=initial,impulse_fade_10bar_3pt,all,1,1,1.5,initial,228,228,228,133,95,80,15,0,0,80,0.35087719,-3300,-4896,-21.47368421,120,108,"two-contract post-signal scalp: one contract exits at first target, one runner uses selected stop mode and runner target"
1,signal_scaled_scalp:strategy=impulse_fade_10bar_3pt:direction=all:first_target_points=1:stop_points=1:runner_target_points=2:runner_stop_mode=breakeven,impulse_fade_10bar_3pt,all,1,1,2,breakeven,228,228,228,133,95,50,45,0,0,95,0.41666667,-3550,-5146,-22.57017544,120,108,"two-contract post-signal scalp: one contract exits at first target, one runner uses selected stop mode and runner target"
1,signal_scaled_scalp:strategy=impulse_fade_10bar_3pt:direction=all:first_target_points=1:stop_points=1:runner_target_points=2:runner_stop_mode=initial,impulse_fade_10bar_3pt,all,1,1,2,initial,228,228,228,133,95,69,26,0,0,69,0.30263158,-2950,-4546,-19.93859649,120,108,"two-contract post-signal scalp: one contract exits at first target, one runner uses selected stop mode and runner target"
1,signal_scaled_scalp:strategy=impulse_fade_10bar_3pt:direction=all:first_target_points=1:stop_points=1:runner_target_points=3:runner_stop_mode=breakeven,impulse_fade_10bar_3pt,all,1,1,3,breakeven,228,228,228,133,95,35,60,0,0,95,0.41666667,-3300,-4896,-21.47368421,120,108,"two-contract post-signal scalp: one contract exits at first target, one runner uses selected stop mode and runner target"
1,signal_scaled_scalp:strategy=impulse_fade_10bar_3pt:direction=all:first_target_points=1:stop_points=1:runner_target_points=3:runner_stop_mode=initial,impulse_fade_10bar_3pt,all,1,1,3,initial,228,228,228,133,95,53,42,0,0,53,0.23245614,-2700,-4296,-18.84210526,120,108,"two-contract post-signal scalp: one contract exits at first target, one runner uses selected stop mode and runner target"
1,signal_scaled_scalp:strategy=impulse_fade_10bar_3pt:direction=all:first_target_points=1:stop_points=1:runner_target_points=5:runner_stop_mode=breakeven,impulse_fade_10bar_3pt,all,1,1,5,breakeven,228,228,228,133,95,17,78,0,0,95,0.41666667,-4300,-5896,-25.85964912,120,108,"two-contract post-signal scalp: one contract exits at first target, one runner uses selected stop mode and runner target"
1,signal_scaled_scalp:strategy=impulse_fade_10bar_3pt:direction=all:first_target_points=1:stop_points=1:runner_target_points=5:runner_stop_mode=initial,impulse_fade_10bar_3pt,all,1,1,5,initial,228,228,228,133,95,32,63,0,0,32,0.14035088,-3700,-5296,-23.22807018,120,108,"two-contract post-signal scalp: one contract exits at first target, one runner uses selected stop mode and runner target"
1,signal_scaled_scalp:strategy=impulse_fade_10bar_3pt:direction=all:first_target_points=1:stop_points=1.5:runner_target_points=1.5:runner_stop_mode=breakeven,impulse_fade_10bar_3pt,all,1,1.5,1.5,breakeven,228,228,228,110,118,71,47,0,0,118,0.51754386,-5275,-6871,-30.13596491,120,108,"two-contract post-signal scalp: one contract exits at first target, one runner uses selected stop mode and runner target"
1,signal_scaled_scalp:strategy=impulse_fade_10bar_3pt:direction=all:first_target_points=1:stop_points=1.5:runner_target_points=1.5:runner_stop_mode=initial,impulse_fade_10bar_3pt,all,1,1.5,1.5,initial,228,228,228,110,118,102,16,0,0,102,0.44736842,-4150,-5746,-25.20175439,120,108,"two-contract post-signal scalp: one contract exits at first target, one runner uses selected stop mode and runner target"
1,signal_scaled_scalp:strategy=impulse_fade_10bar_3pt:direction=all:first_target_points=1:stop_points=1.5:runner_target_points=2:runner_stop_mode=breakeven,impulse_fade_10bar_3pt,all,1,1.5,2,breakeven,228,228,228,110,118,59,59,0,0,118,0.51754386,-4700,-6296,-27.61403509,120,108,"two-contract post-signal scalp: one contract exits at first target, one runner uses selected stop mode and runner target"
1,signal_scaled_scalp:strategy=impulse_fade_10bar_3pt:direction=all:first_target_points=1:stop_points=1.5:runner_target_points=2:runner_stop_mode=initial,impulse_fade_10bar_3pt,all,1,1.5,2,initial,228,228,228,110,118,90,28,0,0,90,0.39473684,-3700,-5296,-23.22807018,120,108,"two-contract post-signal scalp: one contract exits at first target, one runner uses selected stop mode and runner target"
1,signal_scaled_scalp:strategy=impulse_fade_10bar_3pt:direction=all:first_target_points=1:stop_points=1.5:runner_target_points=3:runner_stop_mode=breakeven,impulse_fade_10bar_3pt,all,1,1.5,3,breakeven,228,228,228,110,118,41,77,0,0,118,0.51754386,-4450,-6046,-26.51754386,120,108,"two-contract post-signal scalp: one contract exits at first target, one runner uses selected stop mode and runner target"
1,signal_scaled_scalp:strategy=impulse_fade_10bar_3pt:direction=all:first_target_points=1:stop_points=1.5:runner_target_points=3:runner_stop_mode=initial,impulse_fade_10bar_3pt,all,1,1.5,3,initial,228,228,228,110,118,71,47,0,0,71,0.31140351,-3475,-5071,-22.24122807,120,108,"two-contract post-signal scalp: one contract exits at first target, one runner uses selected stop mode and runner target"
1,signal_scaled_scalp:strategy=impulse_fade_10bar_3pt:direction=all:first_target_points=1:stop_points=1.5:runner_target_points=5:runner_stop_mode=breakeven,impulse_fade_10bar_3pt,all,1,1.5,5,breakeven,228,228,228,110,118,21,97,0,0,118,0.51754386,-5350,-6946,-30.46491228,120,108,"two-contract post-signal scalp: one contract exits at first target, one runner uses selected stop mode and runner target"
1,signal_scaled_scalp:strategy=impulse_fade_10bar_3pt:direction=all:first_target_points=1:stop_points=1.5:runner_target_points=5:runner_stop_mode=initial,impulse_fade_10bar_3pt,all,1,1.5,5,initial,228,228,228,110,118,48,70,0,0,48,0.21052632,-3850,-5446,-23.88596491,120,108,"two-contract post-signal scalp: one contract exits at first target, one runner uses selected stop mode and runner target"
1,signal_scaled_scalp:strategy=impulse_fade_10bar_3pt:direction=all:first_target_points=1:stop_points=2:runner_target_points=1.5:runner_stop_mode=breakeven,impulse_fade_10bar_3pt,all,1,2,1.5,breakeven,228,228,228,95,133,84,49,0,0,133,0.58333333,-6050,-7646,-33.53508772,120,108,"two-contract post-signal scalp: one contract exits at first target, one runner uses selected stop mode and runner target"
1,signal_scaled_scalp:strategy=impulse_fade_10bar_3pt:direction=all:first_target_points=1:stop_points=2:runner_target_points=1.5:runner_stop_mode=initial,impulse_fade_10bar_3pt,all,1,2,1.5,initial,228,228,228,95,133,118,15,0,0,118,0.51754386,-5000,-6596,-28.92982456,120,108,"two-contract post-signal scalp: one contract exits at first target, one runner uses selected stop mode and runner target"
1,signal_scaled_scalp:strategy=impulse_fade_10bar_3pt:direction=all:first_target_points=1:stop_points=2:runner_target_points=2:runner_stop_mode=breakeven,impulse_fade_10bar_3pt,all,1,2,2,breakeven,228,228,228,95,133,68,65,0,0,133,0.58333333,-5550,-7146,-31.34210526,120,108,"two-contract post-signal scalp: one contract exits at first target, one runner uses selected stop mode and runner target"
1,signal_scaled_scalp:strategy=impulse_fade_10bar_3pt:direction=all:first_target_points=1:stop_points=2:runner_target_points=2:runner_stop_mode=initial,impulse_fade_10bar_3pt,all,1,2,2,initial,228,228,228,95,133,103,30,0,0,103,0.45175439,-5050,-6646,-29.14912281,120,108,"two-contract post-signal scalp: one contract exits at first target, one runner uses selected stop mode and runner target"
1,signal_scaled_scalp:strategy=impulse_fade_10bar_3pt:direction=all:first_target_points=1:stop_points=2:runner_target_points=3:runner_stop_mode=breakeven,impulse_fade_10bar_3pt,all,1,2,3,breakeven,228,228,228,95,133,47,86,0,0,133,0.58333333,-5300,-6896,-30.24561404,120,108,"two-contract post-signal scalp: one contract exits at first target, one runner uses selected stop mode and runner target"
1,signal_scaled_scalp:strategy=impulse_fade_10bar_3pt:direction=all:first_target_points=1:stop_points=2:runner_target_points=3:runner_stop_mode=initial,impulse_fade_10bar_3pt,all,1,2,3,initial,228,228,228,95,133,84,48,1,0,85,0.37280702,-4525,-6121,-26.84649123,120,108,"two-contract post-signal scalp: one contract exits at first target, one runner uses selected stop mode and runner target"
1,signal_scaled_scalp:strategy=impulse_fade_10bar_3pt:direction=all:first_target_points=1:stop_points=2:runner_target_points=5:runner_stop_mode=breakeven,impulse_fade_10bar_3pt,all,1,2,5,breakeven,228,228,228,95,133,24,109,0,0,133,0.58333333,-6350,-7946,-34.85087719,120,108,"two-contract post-signal scalp: one contract exits at first target, one runner uses selected stop mode and runner target"
1,signal_scaled_scalp:strategy=impulse_fade_10bar_3pt:direction=all:first_target_points=1:stop_points=2:runner_target_points=5:runner_stop_mode=initial,impulse_fade_10bar_3pt,all,1,2,5,initial,228,228,228,95,133,57,75,1,0,58,0.25438596,-5575,-7171,-31.45175439,120,108,"two-contract post-signal scalp: one contract exits at first target, one runner uses selected stop mode and runner target"
1,signal_scaled_scalp:strategy=impulse_fade_10bar_3pt:direction=all:first_target_points=1.5:stop_points=1:runner_target_points=2:runner_stop_mode=breakeven,impulse_fade_10bar_3pt,all,1.5,1,2,breakeven,228,228,228,148,80,64,16,0,0,80,0.35087719,-2400,-3996,-17.52631579,120,108,"two-contract post-signal scalp: one contract exits at first target, one runner uses selected stop mode and runner target"
1,signal_scaled_scalp:strategy=impulse_fade_10bar_3pt:direction=all:first_target_points=1.5:stop_points=1:runner_target_points=2:runner_stop_mode=initial,impulse_fade_10bar_3pt,all,1.5,1,2,initial,228,228,228,148,80,69,11,0,0,80,0.35087719,-2450,-4046,-17.74561404,120,108,"two-contract post-signal scalp: one contract exits at first target, one runner uses selected stop mode and runner target"
1,signal_scaled_scalp:strategy=impulse_fade_10bar_3pt:direction=all:first_target_points=1.5:stop_points=1:runner_target_points=3:runner_stop_mode=breakeven,impulse_fade_10bar_3pt,all,1.5,1,3,breakeven,228,228,228,148,80,44,36,0,0,80,0.35087719,-2200,-3796,-16.64912281,120,108,"two-contract post-signal scalp: one contract exits at first target, one runner uses selected stop mode and runner target"
1,signal_scaled_scalp:strategy=impulse_fade_10bar_3pt:direction=all:first_target_points=1.5:stop_points=1:runner_target_points=3:runner_stop_mode=initial,impulse_fade_10bar_3pt,all,1.5,1,3,initial,228,228,228,148,80,53,27,0,0,80,0.35087719,-2200,-3796,-16.64912281,120,108,"two-contract post-signal scalp: one contract exits at first target, one runner uses selected stop mode and runner target"
1,signal_scaled_scalp:strategy=impulse_fade_10bar_3pt:direction=all:first_target_points=1.5:stop_points=1:runner_target_points=5:runner_stop_mode=breakeven,impulse_fade_10bar_3pt,all,1.5,1,5,breakeven,228,228,228,148,80,22,58,0,0,80,0.35087719,-3300,-4896,-21.47368421,120,108,"two-contract post-signal scalp: one contract exits at first target, one runner uses selected stop mode and runner target"
1,signal_scaled_scalp:strategy=impulse_fade_10bar_3pt:direction=all:first_target_points=1.5:stop_points=1:runner_target_points=5:runner_stop_mode=initial,impulse_fade_10bar_3pt,all,1.5,1,5,initial,228,228,228,148,80,32,48,0,0,80,0.35087719,-3200,-4796,-21.03508772,120,108,"two-contract post-signal scalp: one contract exits at first target, one runner uses selected stop mode and runner target"
1,signal_scaled_scalp:strategy=impulse_fade_10bar_3pt:direction=all:first_target_points=1.5:stop_points=1.5:runner_target_points=2:runner_stop_mode=breakeven,impulse_fade_10bar_3pt,all,1.5,1.5,2,breakeven,228,228,228,126,102,81,21,0,0,102,0.44736842,-3150,-4746,-20.81578947,120,108,"two-contract post-signal scalp: one contract exits at first target, one runner uses selected stop mode and runner target"
1,signal_scaled_scalp:strategy=impulse_fade_10bar_3pt:direction=all:first_target_points=1.5:stop_points=1.5:runner_target_points=2:runner_stop_mode=initial,impulse_fade_10bar_3pt,all,1.5,1.5,2,initial,228,228,228,126,102,90,12,0,0,90,0.39473684,-3150,-4746,-20.81578947,120,108,"two-contract post-signal scalp: one contract exits at first target, one runner uses selected stop mode and runner target"
1,signal_scaled_scalp:strategy=impulse_fade_10bar_3pt:direction=all:first_target_points=1.5:stop_points=1.5:runner_target_points=3:runner_stop_mode=breakeven,impulse_fade_10bar_3pt,all,1.5,1.5,3,breakeven,228,228,228,126,102,56,46,0,0,102,0.44736842,-2850,-4446,-19.5,120,108,"two-contract post-signal scalp: one contract exits at first target, one runner uses selected stop mode and runner target"
1,signal_scaled_scalp:strategy=impulse_fade_10bar_3pt:direction=all:first_target_points=1.5:stop_points=1.5:runner_target_points=3:runner_stop_mode=initial,impulse_fade_10bar_3pt,all,1.5,1.5,3,initial,228,228,228,126,102,71,31,0,0,71,0.31140351,-2925,-4521,-19.82894737,120,108,"two-contract post-signal scalp: one contract exits at first target, one runner uses selected stop mode and runner target"
1,signal_scaled_scalp:strategy=impulse_fade_10bar_3pt:direction=all:first_target_points=1.5:stop_points=1.5:runner_target_points=5:runner_stop_mode=breakeven,impulse_fade_10bar_3pt,all,1.5,1.5,5,breakeven,228,228,228,126,102,29,73,0,0,102,0.44736842,-4000,-5596,-24.54385965,120,108,"two-contract post-signal scalp: one contract exits at first target, one runner uses selected stop mode and runner target"
1,signal_scaled_scalp:strategy=impulse_fade_10bar_3pt:direction=all:first_target_points=1.5:stop_points=1.5:runner_target_points=5:runner_stop_mode=initial,impulse_fade_10bar_3pt,all,1.5,1.5,5,initial,228,228,228,126,102,48,54,0,0,48,0.21052632,-3300,-4896,-21.47368421,120,108,"two-contract post-signal scalp: one contract exits at first target, one runner uses selected stop mode and runner target"
1,signal_scaled_scalp:strategy=impulse_fade_10bar_3pt:direction=all:first_target_points=1.5:stop_points=2:runner_target_points=2:runner_stop_mode=breakeven,impulse_fade_10bar_3pt,all,1.5,2,2,breakeven,228,228,228,110,118,93,25,0,0,118,0.51754386,-3850,-5446,-23.88596491,120,108,"two-contract post-signal scalp: one contract exits at first target, one runner uses selected stop mode and runner target"
1,signal_scaled_scalp:strategy=impulse_fade_10bar_3pt:direction=all:first_target_points=1.5:stop_points=2:runner_target_points=2:runner_stop_mode=initial,impulse_fade_10bar_3pt,all,1.5,2,2,initial,228,228,228,110,118,103,15,0,0,103,0.45175439,-4350,-5946,-26.07894737,120,108,"two-contract post-signal scalp: one contract exits at first target, one runner uses selected stop mode and runner target"
1,signal_scaled_scalp:strategy=impulse_fade_10bar_3pt:direction=all:first_target_points=1.5:stop_points=2:runner_target_points=3:runner_stop_mode=breakeven,impulse_fade_10bar_3pt,all,1.5,2,3,breakeven,228,228,228,110,118,65,53,0,0,118,0.51754386,-3400,-4996,-21.9122807,120,108,"two-contract post-signal scalp: one contract exits at first target, one runner uses selected stop mode and runner target"
1,signal_scaled_scalp:strategy=impulse_fade_10bar_3pt:direction=all:first_target_points=1.5:stop_points=2:runner_target_points=3:runner_stop_mode=initial,impulse_fade_10bar_3pt,all,1.5,2,3,initial,228,228,228,110,118,84,33,1,0,85,0.37280702,-3825,-5421,-23.77631579,120,108,"two-contract post-signal scalp: one contract exits at first target, one runner uses selected stop mode and runner target"
1,signal_scaled_scalp:strategy=impulse_fade_10bar_3pt:direction=all:first_target_points=1.5:stop_points=2:runner_target_points=5:runner_stop_mode=breakeven,impulse_fade_10bar_3pt,all,1.5,2,5,breakeven,228,228,228,110,118,32,86,0,0,118,0.51754386,-5150,-6746,-29.5877193,120,108,"two-contract post-signal scalp: one contract exits at first target, one runner uses selected stop mode and runner target"
1,signal_scaled_scalp:strategy=impulse_fade_10bar_3pt:direction=all:first_target_points=1.5:stop_points=2:runner_target_points=5:runner_stop_mode=initial,impulse_fade_10bar_3pt,all,1.5,2,5,initial,228,228,228,110,118,57,60,1,0,58,0.25438596,-4875,-6471,-28.38157895,120,108,"two-contract post-signal scalp: one contract exits at first target, one runner uses selected stop mode and runner target"
1,signal_scaled_scalp:strategy=impulse_continue_10bar_3pt:direction=all:first_target_points=0.5:stop_points=1:runner_target_points=1.5:runner_stop_mode=breakeven,impulse_continue_10bar_3pt,all,0.5,1,1.5,breakeven,220,220,220,122,98,50,48,0,0,98,0.44545455,-6000,-7540,-34.27272727,106,114,"two-contract post-signal scalp: one contract exits at first target, one runner uses selected stop mode and runner target"
1,signal_scaled_scalp:strategy=impulse_continue_10bar_3pt:direction=all:first_target_points=0.5:stop_points=1:runner_target_points=1.5:runner_stop_mode=initial,impulse_continue_10bar_3pt,all,0.5,1,1.5,initial,220,220,220,122,98,69,29,0,0,69,0.31363636,-6025,-7565,-34.38636364,106,114,"two-contract post-signal scalp: one contract exits at first target, one runner uses selected stop mode and runner target"
1,signal_scaled_scalp:strategy=impulse_continue_10bar_3pt:direction=all:first_target_points=0.5:stop_points=1:runner_target_points=2:runner_stop_mode=breakeven,impulse_continue_10bar_3pt,all,0.5,1,2,breakeven,220,220,220,122,98,37,61,0,0,98,0.44545455,-6050,-7590,-34.5,106,114,"two-contract post-signal scalp: one contract exits at first target, one runner uses selected stop mode and runner target"
1,signal_scaled_scalp:strategy=impulse_continue_10bar_3pt:direction=all:first_target_points=0.5:stop_points=1:runner_target_points=2:runner_stop_mode=initial,impulse_continue_10bar_3pt,all,0.5,1,2,initial,220,220,220,122,98,57,41,0,0,57,0.25909091,-6100,-7640,-34.72727273,106,114,"two-contract post-signal scalp: one contract exits at first target, one runner uses selected stop mode and runner target"
1,signal_scaled_scalp:strategy=impulse_continue_10bar_3pt:direction=all:first_target_points=0.5:stop_points=1:runner_target_points=3:runner_stop_mode=breakeven,impulse_continue_10bar_3pt,all,0.5,1,3,breakeven,220,220,220,122,98,24,74,0,0,98,0.44545455,-6150,-7690,-34.95454545,106,114,"two-contract post-signal scalp: one contract exits at first target, one runner uses selected stop mode and runner target"
1,signal_scaled_scalp:strategy=impulse_continue_10bar_3pt:direction=all:first_target_points=0.5:stop_points=1:runner_target_points=3:runner_stop_mode=initial,impulse_continue_10bar_3pt,all,0.5,1,3,initial,220,220,220,122,98,44,54,0,0,44,0.2,-5850,-7390,-33.59090909,106,114,"two-contract post-signal scalp: one contract exits at first target, one runner uses selected stop mode and runner target"
1,signal_scaled_scalp:strategy=impulse_continue_10bar_3pt:direction=all:first_target_points=0.5:stop_points=1:runner_target_points=5:runner_stop_mode=breakeven,impulse_continue_10bar_3pt,all,0.5,1,5,breakeven,220,220,220,122,98,17,81,0,0,98,0.44545455,-5500,-7040,-32,106,114,"two-contract post-signal scalp: one contract exits at first target, one runner uses selected stop mode and runner target"
1,signal_scaled_scalp:strategy=impulse_continue_10bar_3pt:direction=all:first_target_points=0.5:stop_points=1:runner_target_points=5:runner_stop_mode=initial,impulse_continue_10bar_3pt,all,0.5,1,5,initial,220,220,220,122,98,30,68,0,0,30,0.13636364,-5650,-7190,-32.68181818,106,114,"two-contract post-signal scalp: one contract exits at first target, one runner uses selected stop mode and runner target"
1,signal_scaled_scalp:strategy=impulse_continue_10bar_3pt:direction=all:first_target_points=0.5:stop_points=1.5:runner_target_points=1.5:runner_stop_mode=breakeven,impulse_continue_10bar_3pt,all,0.5,1.5,1.5,breakeven,220,220,220,103,117,55,62,0,0,117,0.53181818,-8400,-9940,-45.18181818,106,114,"two-contract post-signal scalp: one contract exits at first target, one runner uses selected stop mode and runner target"
1,signal_scaled_scalp:strategy=impulse_continue_10bar_3pt:direction=all:first_target_points=0.5:stop_points=1.5:runner_target_points=1.5:runner_stop_mode=initial,impulse_continue_10bar_3pt,all,0.5,1.5,1.5,initial,220,220,220,103,117,83,34,0,0,83,0.37727273,-8850,-10390,-47.22727273,106,114,"two-contract post-signal scalp: one contract exits at first target, one runner uses selected stop mode and runner target"
1,signal_scaled_scalp:strategy=impulse_continue_10bar_3pt:direction=all:first_target_points=0.5:stop_points=1.5:runner_target_points=2:runner_stop_mode=breakeven,impulse_continue_10bar_3pt,all,0.5,1.5,2,breakeven,220,220,220,103,117,40,77,0,0,117,0.53181818,-8525,-10065,-45.75,106,114,"two-contract post-signal scalp: one contract exits at first target, one runner uses selected stop mode and runner target"
1,signal_scaled_scalp:strategy=impulse_continue_10bar_3pt:direction=all:first_target_points=0.5:stop_points=1.5:runner_target_points=2:runner_stop_mode=initial,impulse_continue_10bar_3pt,all,0.5,1.5,2,initial,220,220,220,103,117,68,49,0,0,68,0.30909091,-9400,-10940,-49.72727273,106,114,"two-contract post-signal scalp: one contract exits at first target, one runner uses selected stop mode and runner target"
1,signal_scaled_scalp:strategy=impulse_continue_10bar_3pt:direction=all:first_target_points=0.5:stop_points=1.5:runner_target_points=3:runner_stop_mode=breakeven,impulse_continue_10bar_3pt,all,0.5,1.5,3,breakeven,220,220,220,103,117,26,91,0,0,117,0.53181818,-8625,-10165,-46.20454545,106,114,"two-contract post-signal scalp: one contract exits at first target, one runner uses selected stop mode and runner target"
1,signal_scaled_scalp:strategy=impulse_continue_10bar_3pt:direction=all:first_target_points=0.5:stop_points=1.5:runner_target_points=3:runner_stop_mode=initial,impulse_continue_10bar_3pt,all,0.5,1.5,3,initial,220,220,220,103,117,57,60,0,0,57,0.25909091,-8475,-10015,-45.52272727,106,114,"two-contract post-signal scalp: one contract exits at first target, one runner uses selected stop mode and runner target"
1,signal_scaled_scalp:strategy=impulse_continue_10bar_3pt:direction=all:first_target_points=0.5:stop_points=1.5:runner_target_points=5:runner_stop_mode=breakeven,impulse_continue_10bar_3pt,all,0.5,1.5,5,breakeven,220,220,220,103,117,18,99,0,0,117,0.53181818,-8025,-9565,-43.47727273,106,114,"two-contract post-signal scalp: one contract exits at first target, one runner uses selected stop mode and runner target"
1,signal_scaled_scalp:strategy=impulse_continue_10bar_3pt:direction=all:first_target_points=0.5:stop_points=1.5:runner_target_points=5:runner_stop_mode=initial,impulse_continue_10bar_3pt,all,0.5,1.5,5,initial,220,220,220,103,117,40,77,0,0,40,0.18181818,-8300,-9840,-44.72727273,106,114,"two-contract post-signal scalp: one contract exits at first target, one runner uses selected stop mode and runner target"
1,signal_scaled_scalp:strategy=impulse_continue_10bar_3pt:direction=all:first_target_points=0.5:stop_points=2:runner_target_points=1.5:runner_stop_mode=breakeven,impulse_continue_10bar_3pt,all,0.5,2,1.5,breakeven,220,220,220,91,129,56,73,0,0,129,0.58636364,-10775,-12315,-55.97727273,106,114,"two-contract post-signal scalp: one contract exits at first target, one runner uses selected stop mode and runner target"
1,signal_scaled_scalp:strategy=impulse_continue_10bar_3pt:direction=all:first_target_points=0.5:stop_points=2:runner_target_points=1.5:runner_stop_mode=initial,impulse_continue_10bar_3pt,all,0.5,2,1.5,initial,220,220,220,91,129,96,33,0,0,96,0.43636364,-11075,-12615,-57.34090909,106,114,"two-contract post-signal scalp: one contract exits at first target, one runner uses selected stop mode and runner target"
1,signal_scaled_scalp:strategy=impulse_continue_10bar_3pt:direction=all:first_target_points=0.5:stop_points=2:runner_target_points=2:runner_stop_mode=breakeven,impulse_continue_10bar_3pt,all,0.5,2,2,breakeven,220,220,220,91,129,41,88,0,0,129,0.58636364,-10875,-12415,-56.43181818,106,114,"two-contract post-signal scalp: one contract exits at first target, one runner uses selected stop mode and runner target"
1,signal_scaled_scalp:strategy=impulse_continue_10bar_3pt:direction=all:first_target_points=0.5:stop_points=2:runner_target_points=2:runner_stop_mode=initial,impulse_continue_10bar_3pt,all,0.5,2,2,initial,220,220,220,91,129,84,45,0,0,84,0.38181818,-11075,-12615,-57.34090909,106,114,"two-contract post-signal scalp: one contract exits at first target, one runner uses selected stop mode and runner target"
1,signal_scaled_scalp:strategy=impulse_continue_10bar_3pt:direction=all:first_target_points=0.5:stop_points=2:runner_target_points=3:runner_stop_mode=breakeven,impulse_continue_10bar_3pt,all,0.5,2,3,breakeven,220,220,220,91,129,27,102,0,0,129,0.58636364,-10925,-12465,-56.65909091,106,114,"two-contract post-signal scalp: one contract exits at first target, one runner uses selected stop mode and runner target"
1,signal_scaled_scalp:strategy=impulse_continue_10bar_3pt:direction=all:first_target_points=0.5:stop_points=2:runner_target_points=3:runner_stop_mode=initial,impulse_continue_10bar_3pt,all,0.5,2,3,initial,220,220,220,91,129,72,57,0,0,72,0.32727273,-9875,-11415,-51.88636364,106,114,"two-contract post-signal scalp: one contract exits at first target, one runner uses selected stop mode and runner target"
1,signal_scaled_scalp:strategy=impulse_continue_10bar_3pt:direction=all:first_target_points=0.5:stop_points=2:runner_target_points=5:runner_stop_mode=breakeven,impulse_continue_10bar_3pt,all,0.5,2,5,breakeven,220,220,220,91,129,18,111,0,0,129,0.58636364,-10475,-12015,-54.61363636,106,114,"two-contract post-signal scalp: one contract exits at first target, one runner uses selected stop mode and runner target"
1,signal_scaled_scalp:strategy=impulse_continue_10bar_3pt:direction=all:first_target_points=0.5:stop_points=2:runner_target_points=5:runner_stop_mode=initial,impulse_continue_10bar_3pt,all,0.5,2,5,initial,220,220,220,91,129,56,73,0,0,56,0.25454545,-8275,-9815,-44.61363636,106,114,"two-contract post-signal scalp: one contract exits at first target, one runner uses selected stop mode and runner target"
1,signal_scaled_scalp:strategy=impulse_continue_10bar_3pt:direction=all:first_target_points=1:stop_points=1:runner_target_points=1.5:runner_stop_mode=breakeven,impulse_continue_10bar_3pt,all,1,1,1.5,breakeven,220,220,220,132,88,54,34,0,0,88,0.4,-4750,-6290,-28.59090909,106,114,"two-contract post-signal scalp: one contract exits at first target, one runner uses selected stop mode and runner target"
1,signal_scaled_scalp:strategy=impulse_continue_10bar_3pt:direction=all:first_target_points=1:stop_points=1:runner_target_points=1.5:runner_stop_mode=initial,impulse_continue_10bar_3pt,all,1,1,1.5,initial,220,220,220,132,88,69,19,0,0,69,0.31363636,-4575,-6115,-27.79545455,106,114,"two-contract post-signal scalp: one contract exits at first target, one runner uses selected stop mode and runner target"
1,signal_scaled_scalp:strategy=impulse_continue_10bar_3pt:direction=all:first_target_points=1:stop_points=1:runner_target_points=2:runner_stop_mode=breakeven,impulse_continue_10bar_3pt,all,1,1,2,breakeven,220,220,220,132,88,40,48,0,0,88,0.4,-4800,-6340,-28.81818182,106,114,"two-contract post-signal scalp: one contract exits at first target, one runner uses selected stop mode and runner target"
1,signal_scaled_scalp:strategy=impulse_continue_10bar_3pt:direction=all:first_target_points=1:stop_points=1:runner_target_points=2:runner_stop_mode=initial,impulse_continue_10bar_3pt,all,1,1,2,initial,220,220,220,132,88,57,31,0,0,57,0.25909091,-4650,-6190,-28.13636364,106,114,"two-contract post-signal scalp: one contract exits at first target, one runner uses selected stop mode and runner target"
1,signal_scaled_scalp:strategy=impulse_continue_10bar_3pt:direction=all:first_target_points=1:stop_points=1:runner_target_points=3:runner_stop_mode=breakeven,impulse_continue_10bar_3pt,all,1,1,3,breakeven,220,220,220,132,88,26,62,0,0,88,0.4,-4900,-6440,-29.27272727,106,114,"two-contract post-signal scalp: one contract exits at first target, one runner uses selected stop mode and runner target"
1,signal_scaled_scalp:strategy=impulse_continue_10bar_3pt:direction=all:first_target_points=1:stop_points=1:runner_target_points=3:runner_stop_mode=initial,impulse_continue_10bar_3pt,all,1,1,3,initial,220,220,220,132,88,44,44,0,0,44,0.2,-4400,-5940,-27,106,114,"two-contract post-signal scalp: one contract exits at first target, one runner uses selected stop mode and runner target"
1,signal_scaled_scalp:strategy=impulse_continue_10bar_3pt:direction=all:first_target_points=1:stop_points=1:runner_target_points=5:runner_stop_mode=breakeven,impulse_continue_10bar_3pt,all,1,1,5,breakeven,220,220,220,132,88,18,70,0,0,88,0.4,-4300,-5840,-26.54545455,106,114,"two-contract post-signal scalp: one contract exits at first target, one runner uses selected stop mode and runner target"
1,signal_scaled_scalp:strategy=impulse_continue_10bar_3pt:direction=all:first_target_points=1:stop_points=1:runner_target_points=5:runner_stop_mode=initial,impulse_continue_10bar_3pt,all,1,1,5,initial,220,220,220,132,88,30,58,0,0,30,0.13636364,-4200,-5740,-26.09090909,106,114,"two-contract post-signal scalp: one contract exits at first target, one runner uses selected stop mode and runner target"
1,signal_scaled_scalp:strategy=impulse_continue_10bar_3pt:direction=all:first_target_points=1:stop_points=1.5:runner_target_points=1.5:runner_stop_mode=breakeven,impulse_continue_10bar_3pt,all,1,1.5,1.5,breakeven,220,220,220,119,101,62,39,0,0,101,0.45909091,-8150,-9690,-44.04545455,106,114,"two-contract post-signal scalp: one contract exits at first target, one runner uses selected stop mode and runner target"
1,signal_scaled_scalp:strategy=impulse_continue_10bar_3pt:direction=all:first_target_points=1:stop_points=1.5:runner_target_points=1.5:runner_stop_mode=initial,impulse_continue_10bar_3pt,all,1,1.5,1.5,initial,220,220,220,119,101,83,18,0,0,83,0.37727273,-7925,-9465,-43.02272727,106,114,"two-contract post-signal scalp: one contract exits at first target, one runner uses selected stop mode and runner target"
1,signal_scaled_scalp:strategy=impulse_continue_10bar_3pt:direction=all:first_target_points=1:stop_points=1.5:runner_target_points=2:runner_stop_mode=breakeven,impulse_continue_10bar_3pt,all,1,1.5,2,breakeven,220,220,220,119,101,45,56,0,0,101,0.45909091,-8300,-9840,-44.72727273,106,114,"two-contract post-signal scalp: one contract exits at first target, one runner uses selected stop mode and runner target"
1,signal_scaled_scalp:strategy=impulse_continue_10bar_3pt:direction=all:first_target_points=1:stop_points=1.5:runner_target_points=2:runner_stop_mode=initial,impulse_continue_10bar_3pt,all,1,1.5,2,initial,220,220,220,119,101,68,33,0,0,68,0.30909091,-8475,-10015,-45.52272727,106,114,"two-contract post-signal scalp: one contract exits at first target, one runner uses selected stop mode and runner target"
1,signal_scaled_scalp:strategy=impulse_continue_10bar_3pt:direction=all:first_target_points=1:stop_points=1.5:runner_target_points=3:runner_stop_mode=breakeven,impulse_continue_10bar_3pt,all,1,1.5,3,breakeven,220,220,220,119,101,30,71,0,0,101,0.45909091,-8300,-9840,-44.72727273,106,114,"two-contract post-signal scalp: one contract exits at first target, one runner uses selected stop mode and runner target"
1,signal_scaled_scalp:strategy=impulse_continue_10bar_3pt:direction=all:first_target_points=1:stop_points=1.5:runner_target_points=3:runner_stop_mode=initial,impulse_continue_10bar_3pt,all,1,1.5,3,initial,220,220,220,119,101,57,44,0,0,57,0.25909091,-7550,-9090,-41.31818182,106,114,"two-contract post-signal scalp: one contract exits at first target, one runner uses selected stop mode and runner target"
1,signal_scaled_scalp:strategy=impulse_continue_10bar_3pt:direction=all:first_target_points=1:stop_points=1.5:runner_target_points=5:runner_stop_mode=breakeven,impulse_continue_10bar_3pt,all,1,1.5,5,breakeven,220,220,220,119,101,21,80,0,0,101,0.45909091,-7550,-9090,-41.31818182,106,114,"two-contract post-signal scalp: one contract exits at first target, one runner uses selected stop mode and runner target"
1,signal_scaled_scalp:strategy=impulse_continue_10bar_3pt:direction=all:first_target_points=1:stop_points=1.5:runner_target_points=5:runner_stop_mode=initial,impulse_continue_10bar_3pt,all,1,1.5,5,initial,220,220,220,119,101,40,61,0,0,40,0.18181818,-7375,-8915,-40.52272727,106,114,"two-contract post-signal scalp: one contract exits at first target, one runner uses selected stop mode and runner target"
1,signal_scaled_scalp:strategy=impulse_continue_10bar_3pt:direction=all:first_target_points=1:stop_points=2:runner_target_points=1.5:runner_stop_mode=breakeven,impulse_continue_10bar_3pt,all,1,2,1.5,breakeven,220,220,220,107,113,68,45,0,0,113,0.51363636,-10650,-12190,-55.40909091,106,114,"two-contract post-signal scalp: one contract exits at first target, one runner uses selected stop mode and runner target"
1,signal_scaled_scalp:strategy=impulse_continue_10bar_3pt:direction=all:first_target_points=1:stop_points=2:runner_target_points=1.5:runner_stop_mode=initial,impulse_continue_10bar_3pt,all,1,2,1.5,initial,220,220,220,107,113,96,17,0,0,96,0.43636364,-10250,-11790,-53.59090909,106,114,"two-contract post-signal scalp: one contract exits at first target, one runner uses selected stop mode and runner target"
1,signal_scaled_scalp:strategy=impulse_continue_10bar_3pt:direction=all:first_target_points=1:stop_points=2:runner_target_points=2:runner_stop_mode=breakeven,impulse_continue_10bar_3pt,all,1,2,2,breakeven,220,220,220,107,113,51,62,0,0,113,0.51363636,-10650,-12190,-55.40909091,106,114,"two-contract post-signal scalp: one contract exits at first target, one runner uses selected stop mode and runner target"
1,signal_scaled_scalp:strategy=impulse_continue_10bar_3pt:direction=all:first_target_points=1:stop_points=2:runner_target_points=2:runner_stop_mode=initial,impulse_continue_10bar_3pt,all,1,2,2,initial,220,220,220,107,113,84,29,0,0,84,0.38181818,-10250,-11790,-53.59090909,106,114,"two-contract post-signal scalp: one contract exits at first target, one runner uses selected stop mode and runner target"
1,signal_scaled_scalp:strategy=impulse_continue_10bar_3pt:direction=all:first_target_points=1:stop_points=2:runner_target_points=3:runner_stop_mode=breakeven,impulse_continue_10bar_3pt,all,1,2,3,breakeven,220,220,220,107,113,35,78,0,0,113,0.51363636,-10500,-12040,-54.72727273,106,114,"two-contract post-signal scalp: one contract exits at first target, one runner uses selected stop mode and runner target"
1,signal_scaled_scalp:strategy=impulse_continue_10bar_3pt:direction=all:first_target_points=1:stop_points=2:runner_target_points=3:runner_stop_mode=initial,impulse_continue_10bar_3pt,all,1,2,3,initial,220,220,220,107,113,72,41,0,0,72,0.32727273,-9050,-10590,-48.13636364,106,114,"two-contract post-signal scalp: one contract exits at first target, one runner uses selected stop mode and runner target"
1,signal_scaled_scalp:strategy=impulse_continue_10bar_3pt:direction=all:first_target_points=1:stop_points=2:runner_target_points=5:runner_stop_mode=breakeven,impulse_continue_10bar_3pt,all,1,2,5,breakeven,220,220,220,107,113,24,89,0,0,113,0.51363636,-9750,-11290,-51.31818182,106,114,"two-contract post-signal scalp: one contract exits at first target, one runner uses selected stop mode and runner target"
1,signal_scaled_scalp:strategy=impulse_continue_10bar_3pt:direction=all:first_target_points=1:stop_points=2:runner_target_points=5:runner_stop_mode=initial,impulse_continue_10bar_3pt,all,1,2,5,initial,220,220,220,107,113,56,57,0,0,56,0.25454545,-7450,-8990,-40.86363636,106,114,"two-contract post-signal scalp: one contract exits at first target, one runner uses selected stop mode and runner target"
1,signal_scaled_scalp:strategy=impulse_continue_10bar_3pt:direction=all:first_target_points=1.5:stop_points=1:runner_target_points=2:runner_stop_mode=breakeven,impulse_continue_10bar_3pt,all,1.5,1,2,breakeven,220,220,220,151,69,51,18,0,0,69,0.31363636,-4825,-6365,-28.93181818,106,114,"two-contract post-signal scalp: one contract exits at first target, one runner uses selected stop mode and runner target"
1,signal_scaled_scalp:strategy=impulse_continue_10bar_3pt:direction=all:first_target_points=1.5:stop_points=1:runner_target_points=2:runner_stop_mode=initial,impulse_continue_10bar_3pt,all,1.5,1,2,initial,220,220,220,151,69,57,12,0,0,69,0.31363636,-4825,-6365,-28.93181818,106,114,"two-contract post-signal scalp: one contract exits at first target, one runner uses selected stop mode and runner target"
1,signal_scaled_scalp:strategy=impulse_continue_10bar_3pt:direction=all:first_target_points=1.5:stop_points=1:runner_target_points=3:runner_stop_mode=breakeven,impulse_continue_10bar_3pt,all,1.5,1,3,breakeven,220,220,220,151,69,36,33,0,0,69,0.31363636,-4525,-6065,-27.56818182,106,114,"two-contract post-signal scalp: one contract exits at first target, one runner uses selected stop mode and runner target"
1,signal_scaled_scalp:strategy=impulse_continue_10bar_3pt:direction=all:first_target_points=1.5:stop_points=1:runner_target_points=3:runner_stop_mode=initial,impulse_continue_10bar_3pt,all,1.5,1,3,initial,220,220,220,151,69,44,25,0,0,69,0.31363636,-4575,-6115,-27.79545455,106,114,"two-contract post-signal scalp: one contract exits at first target, one runner uses selected stop mode and runner target"
1,signal_scaled_scalp:strategy=impulse_continue_10bar_3pt:direction=all:first_target_points=1.5:stop_points=1:runner_target_points=5:runner_stop_mode=breakeven,impulse_continue_10bar_3pt,all,1.5,1,5,breakeven,220,220,220,151,69,25,44,0,0,69,0.31363636,-3675,-5215,-23.70454545,106,114,"two-contract post-signal scalp: one contract exits at first target, one runner uses selected stop mode and runner target"
1,signal_scaled_scalp:strategy=impulse_continue_10bar_3pt:direction=all:first_target_points=1.5:stop_points=1:runner_target_points=5:runner_stop_mode=initial,impulse_continue_10bar_3pt,all,1.5,1,5,initial,220,220,220,151,69,30,39,0,0,69,0.31363636,-4375,-5915,-26.88636364,106,114,"two-contract post-signal scalp: one contract exits at first target, one runner uses selected stop mode and runner target"
1,signal_scaled_scalp:strategy=impulse_continue_10bar_3pt:direction=all:first_target_points=1.5:stop_points=1.5:runner_target_points=2:runner_stop_mode=breakeven,impulse_continue_10bar_3pt,all,1.5,1.5,2,breakeven,220,220,220,137,83,61,22,0,0,83,0.37727273,-8225,-9765,-44.38636364,106,114,"two-contract post-signal scalp: one contract exits at first target, one runner uses selected stop mode and runner target"
1,signal_scaled_scalp:strategy=impulse_continue_10bar_3pt:direction=all:first_target_points=1.5:stop_points=1.5:runner_target_points=2:runner_stop_mode=initial,impulse_continue_10bar_3pt,all,1.5,1.5,2,initial,220,220,220,137,83,68,15,0,0,68,0.30909091,-8650,-10190,-46.31818182,106,114,"two-contract post-signal scalp: one contract exits at first target, one runner uses selected stop mode and runner target"
1,signal_scaled_scalp:strategy=impulse_continue_10bar_3pt:direction=all:first_target_points=1.5:stop_points=1.5:runner_target_points=3:runner_stop_mode=breakeven,impulse_continue_10bar_3pt,all,1.5,1.5,3,breakeven,220,220,220,137,83,45,38,0,0,83,0.37727273,-7575,-9115,-41.43181818,106,114,"two-contract post-signal scalp: one contract exits at first target, one runner uses selected stop mode and runner target"
1,signal_scaled_scalp:strategy=impulse_continue_10bar_3pt:direction=all:first_target_points=1.5:stop_points=1.5:runner_target_points=3:runner_stop_mode=initial,impulse_continue_10bar_3pt,all,1.5,1.5,3,initial,220,220,220,137,83,57,26,0,0,57,0.25909091,-7725,-9265,-42.11363636,106,114,"two-contract post-signal scalp: one contract exits at first target, one runner uses selected stop mode and runner target"
1,signal_scaled_scalp:strategy=impulse_continue_10bar_3pt:direction=all:first_target_points=1.5:stop_points=1.5:runner_target_points=5:runner_stop_mode=breakeven,impulse_continue_10bar_3pt,all,1.5,1.5,5,breakeven,220,220,220,137,83,30,53,0,0,83,0.37727273,-6825,-8365,-38.02272727,106,114,"two-contract post-signal scalp: one contract exits at first target, one runner uses selected stop mode and runner target"
1,signal_scaled_scalp:strategy=impulse_continue_10bar_3pt:direction=all:first_target_points=1.5:stop_points=1.5:runner_target_points=5:runner_stop_mode=initial,impulse_continue_10bar_3pt,all,1.5,1.5,5,initial,220,220,220,137,83,40,43,0,0,40,0.18181818,-7550,-9090,-41.31818182,106,114,"two-contract post-signal scalp: one contract exits at first target, one runner uses selected stop mode and runner target"
1,signal_scaled_scalp:strategy=impulse_continue_10bar_3pt:direction=all:first_target_points=1.5:stop_points=2:runner_target_points=2:runner_stop_mode=breakeven,impulse_continue_10bar_3pt,all,1.5,2,2,breakeven,220,220,220,124,96,74,22,0,0,96,0.43636364,-10200,-11740,-53.36363636,106,114,"two-contract post-signal scalp: one contract exits at first target, one runner uses selected stop mode and runner target"
1,signal_scaled_scalp:strategy=impulse_continue_10bar_3pt:direction=all:first_target_points=1.5:stop_points=2:runner_target_points=2:runner_stop_mode=initial,impulse_continue_10bar_3pt,all,1.5,2,2,initial,220,220,220,124,96,84,12,0,0,84,0.38181818,-10400,-11940,-54.27272727,106,114,"two-contract post-signal scalp: one contract exits at first target, one runner uses selected stop mode and runner target"
1,signal_scaled_scalp:strategy=impulse_continue_10bar_3pt:direction=all:first_target_points=1.5:stop_points=2:runner_target_points=3:runner_stop_mode=breakeven,impulse_continue_10bar_3pt,all,1.5,2,3,breakeven,220,220,220,124,96,55,41,0,0,96,0.43636364,-9350,-10890,-49.5,106,114,"two-contract post-signal scalp: one contract exits at first target, one runner uses selected stop mode and runner target"
1,signal_scaled_scalp:strategy=impulse_continue_10bar_3pt:direction=all:first_target_points=1.5:stop_points=2:runner_target_points=3:runner_stop_mode=initial,impulse_continue_10bar_3pt,all,1.5,2,3,initial,220,220,220,124,96,72,24,0,0,72,0.32727273,-9200,-10740,-48.81818182,106,114,"two-contract post-signal scalp: one contract exits at first target, one runner uses selected stop mode and runner target"
1,signal_scaled_scalp:strategy=impulse_continue_10bar_3pt:direction=all:first_target_points=1.5:stop_points=2:runner_target_points=5:runner_stop_mode=breakeven,impulse_continue_10bar_3pt,all,1.5,2,5,breakeven,220,220,220,124,96,37,59,0,0,96,0.43636364,-8350,-9890,-44.95454545,106,114,"two-contract post-signal scalp: one contract exits at first target, one runner uses selected stop mode and runner target"
1,signal_scaled_scalp:strategy=impulse_continue_10bar_3pt:direction=all:first_target_points=1.5:stop_points=2:runner_target_points=5:runner_stop_mode=initial,impulse_continue_10bar_3pt,all,1.5,2,5,initial,220,220,220,124,96,56,40,0,0,56,0.25454545,-7600,-9140,-41.54545455,106,114,"two-contract post-signal scalp: one contract exits at first target, one runner uses selected stop mode and runner target"
1,signal_scaled_scalp:strategy=delta_impulse_continue_3bar_1pt_20d:direction=all:first_target_points=0.5:stop_points=1:runner_target_points=1.5:runner_stop_mode=breakeven,delta_impulse_continue_3bar_1pt_20d,all,0.5,1,1.5,breakeven,186,186,186,99,87,41,46,0,0,87,0.46774194,-4650,-5952,-32,92,94,"two-contract post-signal scalp: one contract exits at first target, one runner uses selected stop mode and runner target"
1,signal_scaled_scalp:strategy=delta_impulse_continue_3bar_1pt_20d:direction=all:first_target_points=0.5:stop_points=1:runner_target_points=1.5:runner_stop_mode=initial,delta_impulse_continue_3bar_1pt_20d,all,0.5,1,1.5,initial,186,186,186,99,87,62,25,0,0,62,0.33333333,-4325,-5627,-30.25268817,92,94,"two-contract post-signal scalp: one contract exits at first target, one runner uses selected stop mode and runner target"
1,signal_scaled_scalp:strategy=delta_impulse_continue_3bar_1pt_20d:direction=all:first_target_points=0.5:stop_points=1:runner_target_points=2:runner_stop_mode=breakeven,delta_impulse_continue_3bar_1pt_20d,all,0.5,1,2,breakeven,186,186,186,99,87,34,53,0,0,87,0.46774194,-4325,-5627,-30.25268817,92,94,"two-contract post-signal scalp: one contract exits at first target, one runner uses selected stop mode and runner target"
1,signal_scaled_scalp:strategy=delta_impulse_continue_3bar_1pt_20d:direction=all:first_target_points=0.5:stop_points=1:runner_target_points=2:runner_stop_mode=initial,delta_impulse_continue_3bar_1pt_20d,all,0.5,1,2,initial,186,186,186,99,87,57,30,0,0,57,0.30645161,-3525,-4827,-25.9516129,92,94,"two-contract post-signal scalp: one contract exits at first target, one runner uses selected stop mode and runner target"
1,signal_scaled_scalp:strategy=delta_impulse_continue_3bar_1pt_20d:direction=all:first_target_points=0.5:stop_points=1:runner_target_points=3:runner_stop_mode=breakeven,delta_impulse_continue_3bar_1pt_20d,all,0.5,1,3,breakeven,186,186,186,99,87,21,66,0,0,87,0.46774194,-4575,-5877,-31.59677419,92,94,"two-contract post-signal scalp: one contract exits at first target, one runner uses selected stop mode and runner target"
1,signal_scaled_scalp:strategy=delta_impulse_continue_3bar_1pt_20d:direction=all:first_target_points=0.5:stop_points=1:runner_target_points=3:runner_stop_mode=initial,delta_impulse_continue_3bar_1pt_20d,all,0.5,1,3,initial,186,186,186,99,87,44,43,0,0,44,0.23655914,-3275,-4577,-24.60752688,92,94,"two-contract post-signal scalp: one contract exits at first target, one runner uses selected stop mode and runner target"
1,signal_scaled_scalp:strategy=delta_impulse_continue_3bar_1pt_20d:direction=all:first_target_points=0.5:stop_points=1:runner_target_points=5:runner_stop_mode=breakeven,delta_impulse_continue_3bar_1pt_20d,all,0.5,1,5,breakeven,186,186,186,99,87,11,76,0,0,87,0.46774194,-4975,-6277,-33.74731183,92,94,"two-contract post-signal scalp: one contract exits at first target, one runner uses selected stop mode and runner target"
1,signal_scaled_scalp:strategy=delta_impulse_continue_3bar_1pt_20d:direction=all:first_target_points=0.5:stop_points=1:runner_target_points=5:runner_stop_mode=initial,delta_impulse_continue_3bar_1pt_20d,all,0.5,1,5,initial,186,186,186,99,87,26,61,0,0,26,0.13978495,-4275,-5577,-29.98387097,92,94,"two-contract post-signal scalp: one contract exits at first target, one runner uses selected stop mode and runner target"
1,signal_scaled_scalp:strategy=delta_impulse_continue_3bar_1pt_20d:direction=all:first_target_points=0.5:stop_points=1.5:runner_target_points=1.5:runner_stop_mode=breakeven,delta_impulse_continue_3bar_1pt_20d,all,0.5,1.5,1.5,breakeven,186,186,186,78,108,47,61,0,0,108,0.58064516,-5475,-6777,-36.43548387,92,94,"two-contract post-signal scalp: one contract exits at first target, one runner uses selected stop mode and runner target"
1,signal_scaled_scalp:strategy=delta_impulse_continue_3bar_1pt_20d:direction=all:first_target_points=0.5:stop_points=1.5:runner_target_points=1.5:runner_stop_mode=initial,delta_impulse_continue_3bar_1pt_20d,all,0.5,1.5,1.5,initial,186,186,186,78,108,81,27,0,0,81,0.43548387,-4950,-6252,-33.61290323,92,94,"two-contract post-signal scalp: one contract exits at first target, one runner uses selected stop mode and runner target"
1,signal_scaled_scalp:strategy=delta_impulse_continue_3bar_1pt_20d:direction=all:first_target_points=0.5:stop_points=1.5:runner_target_points=2:runner_stop_mode=breakeven,delta_impulse_continue_3bar_1pt_20d,all,0.5,1.5,2,breakeven,186,186,186,78,108,39,69,0,0,108,0.58064516,-5100,-6402,-34.41935484,92,94,"two-contract post-signal scalp: one contract exits at first target, one runner uses selected stop mode and runner target"
1,signal_scaled_scalp:strategy=delta_impulse_continue_3bar_1pt_20d:direction=all:first_target_points=0.5:stop_points=1.5:runner_target_points=2:runner_stop_mode=initial,delta_impulse_continue_3bar_1pt_20d,all,0.5,1.5,2,initial,186,186,186,78,108,75,33,0,0,75,0.40322581,-3975,-5277,-28.37096774,92,94,"two-contract post-signal scalp: one contract exits at first target, one runner uses selected stop mode and runner target"
1,signal_scaled_scalp:strategy=delta_impulse_continue_3bar_1pt_20d:direction=all:first_target_points=0.5:stop_points=1.5:runner_target_points=3:runner_stop_mode=breakeven,delta_impulse_continue_3bar_1pt_20d,all,0.5,1.5,3,breakeven,186,186,186,78,108,24,84,0,0,108,0.58064516,-5400,-6702,-36.03225806,92,94,"two-contract post-signal scalp: one contract exits at first target, one runner uses selected stop mode and runner target"
1,signal_scaled_scalp:strategy=delta_impulse_continue_3bar_1pt_20d:direction=all:first_target_points=0.5:stop_points=1.5:runner_target_points=3:runner_stop_mode=initial,delta_impulse_continue_3bar_1pt_20d,all,0.5,1.5,3,initial,186,186,186,78,108,60,48,0,0,60,0.32258065,-3600,-4902,-26.35483871,92,94,"two-contract post-signal scalp: one contract exits at first target, one runner uses selected stop mode and runner target"
1,signal_scaled_scalp:strategy=delta_impulse_continue_3bar_1pt_20d:direction=all:first_target_points=0.5:stop_points=1.5:runner_target_points=5:runner_stop_mode=breakeven,delta_impulse_continue_3bar_1pt_20d,all,0.5,1.5,5,breakeven,186,186,186,78,108,14,94,0,0,108,0.58064516,-5500,-6802,-36.56989247,92,94,"two-contract post-signal scalp: one contract exits at first target, one runner uses selected stop mode and runner target"
1,signal_scaled_scalp:strategy=delta_impulse_continue_3bar_1pt_20d:direction=all:first_target_points=0.5:stop_points=1.5:runner_target_points=5:runner_stop_mode=initial,delta_impulse_continue_3bar_1pt_20d,all,0.5,1.5,5,initial,186,186,186,78,108,42,66,0,0,42,0.22580645,-3450,-4752,-25.5483871,92,94,"two-contract post-signal scalp: one contract exits at first target, one runner uses selected stop mode and runner target"
1,signal_scaled_scalp:strategy=delta_impulse_continue_3bar_1pt_20d:direction=all:first_target_points=0.5:stop_points=2:runner_target_points=1.5:runner_stop_mode=breakeven,delta_impulse_continue_3bar_1pt_20d,all,0.5,2,1.5,breakeven,186,186,186,68,118,48,70,0,0,118,0.6344086,-7050,-8352,-44.90322581,92,94,"two-contract post-signal scalp: one contract exits at first target, one runner uses selected stop mode and runner target"
1,signal_scaled_scalp:strategy=delta_impulse_continue_3bar_1pt_20d:direction=all:first_target_points=0.5:stop_points=2:runner_target_points=1.5:runner_stop_mode=initial,delta_impulse_continue_3bar_1pt_20d,all,0.5,2,1.5,initial,186,186,186,68,118,92,26,0,0,92,0.49462366,-6350,-7652,-41.13978495,92,94,"two-contract post-signal scalp: one contract exits at first target, one runner uses selected stop mode and runner target"
1,signal_scaled_scalp:strategy=delta_impulse_continue_3bar_1pt_20d:direction=all:first_target_points=0.5:stop_points=2:runner_target_points=2:runner_stop_mode=breakeven,delta_impulse_continue_3bar_1pt_20d,all,0.5,2,2,breakeven,186,186,186,68,118,40,78,0,0,118,0.6344086,-6650,-7952,-42.75268817,92,94,"two-contract post-signal scalp: one contract exits at first target, one runner uses selected stop mode and runner target"
1,signal_scaled_scalp:strategy=delta_impulse_continue_3bar_1pt_20d:direction=all:first_target_points=0.5:stop_points=2:runner_target_points=2:runner_stop_mode=initial,delta_impulse_continue_3bar_1pt_20d,all,0.5,2,2,initial,186,186,186,68,118,84,34,0,0,84,0.4516129,-5650,-6952,-37.37634409,92,94,"two-contract post-signal scalp: one contract exits at first target, one runner uses selected stop mode and runner target"
1,signal_scaled_scalp:strategy=delta_impulse_continue_3bar_1pt_20d:direction=all:first_target_points=0.5:stop_points=2:runner_target_points=3:runner_stop_mode=breakeven,delta_impulse_continue_3bar_1pt_20d,all,0.5,2,3,breakeven,186,186,186,68,118,25,93,0,0,118,0.6344086,-6900,-8202,-44.09677419,92,94,"two-contract post-signal scalp: one contract exits at first target, one runner uses selected stop mode and runner target"
1,signal_scaled_scalp:strategy=delta_impulse_continue_3bar_1pt_20d:direction=all:first_target_points=0.5:stop_points=2:runner_target_points=3:runner_stop_mode=initial,delta_impulse_continue_3bar_1pt_20d,all,0.5,2,3,initial,186,186,186,68,118,69,49,0,0,69,0.37096774,-5200,-6502,-34.95698925,92,94,"two-contract post-signal scalp: one contract exits at first target, one runner uses selected stop mode and runner target"
1,signal_scaled_scalp:strategy=delta_impulse_continue_3bar_1pt_20d:direction=all:first_target_points=0.5:stop_points=2:runner_target_points=5:runner_stop_mode=breakeven,delta_impulse_continue_3bar_1pt_20d,all,0.5,2,5,breakeven,186,186,186,68,118,15,103,0,0,118,0.6344086,-6900,-8202,-44.09677419,92,94,"two-contract post-signal scalp: one contract exits at first target, one runner uses selected stop mode and runner target"
1,signal_scaled_scalp:strategy=delta_impulse_continue_3bar_1pt_20d:direction=all:first_target_points=0.5:stop_points=2:runner_target_points=5:runner_stop_mode=initial,delta_impulse_continue_3bar_1pt_20d,all,0.5,2,5,initial,186,186,186,68,118,48,70,0,0,48,0.25806452,-5650,-6952,-37.37634409,92,94,"two-contract post-signal scalp: one contract exits at first target, one runner uses selected stop mode and runner target"
1,signal_scaled_scalp:strategy=delta_impulse_continue_3bar_1pt_20d:direction=all:first_target_points=1:stop_points=1:runner_target_points=1.5:runner_stop_mode=breakeven,delta_impulse_continue_3bar_1pt_20d,all,1,1,1.5,breakeven,186,186,186,110,76,49,27,0,0,76,0.40860215,-3525,-4827,-25.9516129,92,94,"two-contract post-signal scalp: one contract exits at first target, one runner uses selected stop mode and runner target"
1,signal_scaled_scalp:strategy=delta_impulse_continue_3bar_1pt_20d:direction=all:first_target_points=1:stop_points=1:runner_target_points=1.5:runner_stop_mode=initial,delta_impulse_continue_3bar_1pt_20d,all,1,1,1.5,initial,186,186,186,110,76,62,14,0,0,62,0.33333333,-3250,-4552,-24.47311828,92,94,"two-contract post-signal scalp: one contract exits at first target, one runner uses selected stop mode and runner target"
1,signal_scaled_scalp:strategy=delta_impulse_continue_3bar_1pt_20d:direction=all:first_target_points=1:stop_points=1:runner_target_points=2:runner_stop_mode=breakeven,delta_impulse_continue_3bar_1pt_20d,all,1,1,2,breakeven,186,186,186,110,76,42,34,0,0,76,0.40860215,-3000,-4302,-23.12903226,92,94,"two-contract post-signal scalp: one contract exits at first target, one runner uses selected stop mode and runner target"
1,signal_scaled_scalp:strategy=delta_impulse_continue_3bar_1pt_20d:direction=all:first_target_points=1:stop_points=1:runner_target_points=2:runner_stop_mode=initial,delta_impulse_continue_3bar_1pt_20d,all,1,1,2,initial,186,186,186,110,76,57,19,0,0,57,0.30645161,-2450,-3752,-20.17204301,92,94,"two-contract post-signal scalp: one contract exits at first target, one runner uses selected stop mode and runner target"
1,signal_scaled_scalp:strategy=delta_impulse_continue_3bar_1pt_20d:direction=all:first_target_points=1:stop_points=1:runner_target_points=3:runner_stop_mode=breakeven,delta_impulse_continue_3bar_1pt_20d,all,1,1,3,breakeven,186,186,186,110,76,25,51,0,0,76,0.40860215,-3450,-4752,-25.5483871,92,94,"two-contract post-signal scalp: one contract exits at first target, one runner uses selected stop mode and runner target"
1,signal_scaled_scalp:strategy=delta_impulse_continue_3bar_1pt_20d:direction=all:first_target_points=1:stop_points=1:runner_target_points=3:runner_stop_mode=initial,delta_impulse_continue_3bar_1pt_20d,all,1,1,3,initial,186,186,186,110,76,44,32,0,0,44,0.23655914,-2200,-3502,-18.82795699,92,94,"two-contract post-signal scalp: one contract exits at first target, one runner uses selected stop mode and runner target"
1,signal_scaled_scalp:strategy=delta_impulse_continue_3bar_1pt_20d:direction=all:first_target_points=1:stop_points=1:runner_target_points=5:runner_stop_mode=breakeven,delta_impulse_continue_3bar_1pt_20d,all,1,1,5,breakeven,186,186,186,110,76,13,63,0,0,76,0.40860215,-3950,-5252,-28.23655914,92,94,"two-contract post-signal scalp: one contract exits at first target, one runner uses selected stop mode and runner target"
1,signal_scaled_scalp:strategy=delta_impulse_continue_3bar_1pt_20d:direction=all:first_target_points=1:stop_points=1:runner_target_points=5:runner_stop_mode=initial,delta_impulse_continue_3bar_1pt_20d,all,1,1,5,initial,186,186,186,110,76,26,50,0,0,26,0.13978495,-3200,-4502,-24.20430108,92,94,"two-contract post-signal scalp: one contract exits at first target, one runner uses selected stop mode and runner target"
1,signal_scaled_scalp:strategy=delta_impulse_continue_3bar_1pt_20d:direction=all:first_target_points=1:stop_points=1.5:runner_target_points=1.5:runner_stop_mode=breakeven,delta_impulse_continue_3bar_1pt_20d,all,1,1.5,1.5,breakeven,186,186,186,90,96,61,35,0,0,96,0.51612903,-4125,-5427,-29.17741935,92,94,"two-contract post-signal scalp: one contract exits at first target, one runner uses selected stop mode and runner target"
1,signal_scaled_scalp:strategy=delta_impulse_continue_3bar_1pt_20d:direction=all:first_target_points=1:stop_points=1.5:runner_target_points=1.5:runner_stop_mode=initial,delta_impulse_continue_3bar_1pt_20d,all,1,1.5,1.5,initial,186,186,186,90,96,81,15,0,0,81,0.43548387,-3750,-5052,-27.16129032,92,94,"two-contract post-signal scalp: one contract exits at first target, one runner uses selected stop mode and runner target"
1,signal_scaled_scalp:strategy=delta_impulse_continue_3bar_1pt_20d:direction=all:first_target_points=1:stop_points=1.5:runner_target_points=2:runner_stop_mode=breakeven,delta_impulse_continue_3bar_1pt_20d,all,1,1.5,2,breakeven,186,186,186,90,96,52,44,0,0,96,0.51612903,-3500,-4802,-25.8172043,92,94,"two-contract post-signal scalp: one contract exits at first target, one runner uses selected stop mode and runner target"
1,signal_scaled_scalp:strategy=delta_impulse_continue_3bar_1pt_20d:direction=all:first_target_points=1:stop_points=1.5:runner_target_points=2:runner_stop_mode=initial,delta_impulse_continue_3bar_1pt_20d,all,1,1.5,2,initial,186,186,186,90,96,75,21,0,0,75,0.40322581,-2775,-4077,-21.91935484,92,94,"two-contract post-signal scalp: one contract exits at first target, one runner uses selected stop mode and runner target"
1,signal_scaled_scalp:strategy=delta_impulse_continue_3bar_1pt_20d:direction=all:first_target_points=1:stop_points=1.5:runner_target_points=3:runner_stop_mode=breakeven,delta_impulse_continue_3bar_1pt_20d,all,1,1.5,3,breakeven,186,186,186,90,96,31,65,0,0,96,0.51612903,-4050,-5352,-28.77419355,92,94,"two-contract post-signal scalp: one contract exits at first target, one runner uses selected stop mode and runner target"
1,signal_scaled_scalp:strategy=delta_impulse_continue_3bar_1pt_20d:direction=all:first_target_points=1:stop_points=1.5:runner_target_points=3:runner_stop_mode=initial,delta_impulse_continue_3bar_1pt_20d,all,1,1.5,3,initial,186,186,186,90,96,60,36,0,0,60,0.32258065,-2400,-3702,-19.90322581,92,94,"two-contract post-signal scalp: one contract exits at first target, one runner uses selected stop mode and runner target"
1,signal_scaled_scalp:strategy=delta_impulse_continue_3bar_1pt_20d:direction=all:first_target_points=1:stop_points=1.5:runner_target_points=5:runner_stop_mode=breakeven,delta_impulse_continue_3bar_1pt_20d,all,1,1.5,5,breakeven,186,186,186,90,96,18,78,0,0,96,0.51612903,-4200,-5502,-29.58064516,92,94,"two-contract post-signal scalp: one contract exits at first target, one runner uses selected stop mode and runner target"
1,signal_scaled_scalp:strategy=delta_impulse_continue_3bar_1pt_20d:direction=all:first_target_points=1:stop_points=1.5:runner_target_points=5:runner_stop_mode=initial,delta_impulse_continue_3bar_1pt_20d,all,1,1.5,5,initial,186,186,186,90,96,42,54,0,0,42,0.22580645,-2250,-3552,-19.09677419,92,94,"two-contract post-signal scalp: one contract exits at first target, one runner uses selected stop mode and runner target"
1,signal_scaled_scalp:strategy=delta_impulse_continue_3bar_1pt_20d:direction=all:first_target_points=1:stop_points=2:runner_target_points=1.5:runner_stop_mode=breakeven,delta_impulse_continue_3bar_1pt_20d,all,1,2,1.5,breakeven,186,186,186,80,106,67,39,0,0,106,0.56989247,-5675,-6977,-37.51075269,92,94,"two-contract post-signal scalp: one contract exits at first target, one runner uses selected stop mode and runner target"
1,signal_scaled_scalp:strategy=delta_impulse_continue_3bar_1pt_20d:direction=all:first_target_points=1:stop_points=2:runner_target_points=1.5:runner_stop_mode=initial,delta_impulse_continue_3bar_1pt_20d,all,1,2,1.5,initial,186,186,186,80,106,92,14,0,0,92,0.49462366,-5200,-6502,-34.95698925,92,94,"two-contract post-signal scalp: one contract exits at first target, one runner uses selected stop mode and runner target"
1,signal_scaled_scalp:strategy=delta_impulse_continue_3bar_1pt_20d:direction=all:first_target_points=1:stop_points=2:runner_target_points=2:runner_stop_mode=breakeven,delta_impulse_continue_3bar_1pt_20d,all,1,2,2,breakeven,186,186,186,80,106,56,50,0,0,106,0.56989247,-5100,-6402,-34.41935484,92,94,"two-contract post-signal scalp: one contract exits at first target, one runner uses selected stop mode and runner target"
1,signal_scaled_scalp:strategy=delta_impulse_continue_3bar_1pt_20d:direction=all:first_target_points=1:stop_points=2:runner_target_points=2:runner_stop_mode=initial,delta_impulse_continue_3bar_1pt_20d,all,1,2,2,initial,186,186,186,80,106,84,22,0,0,84,0.4516129,-4500,-5802,-31.19354839,92,94,"two-contract post-signal scalp: one contract exits at first target, one runner uses selected stop mode and runner target"
1,signal_scaled_scalp:strategy=delta_impulse_continue_3bar_1pt_20d:direction=all:first_target_points=1:stop_points=2:runner_target_points=3:runner_stop_mode=breakeven,delta_impulse_continue_3bar_1pt_20d,all,1,2,3,breakeven,186,186,186,80,106,34,72,0,0,106,0.56989247,-5600,-6902,-37.10752688,92,94,"two-contract post-signal scalp: one contract exits at first target, one runner uses selected stop mode and runner target"
1,signal_scaled_scalp:strategy=delta_impulse_continue_3bar_1pt_20d:direction=all:first_target_points=1:stop_points=2:runner_target_points=3:runner_stop_mode=initial,delta_impulse_continue_3bar_1pt_20d,all,1,2,3,initial,186,186,186,80,106,69,37,0,0,69,0.37096774,-4050,-5352,-28.77419355,92,94,"two-contract post-signal scalp: one contract exits at first target, one runner uses selected stop mode and runner target"
1,signal_scaled_scalp:strategy=delta_impulse_continue_3bar_1pt_20d:direction=all:first_target_points=1:stop_points=2:runner_target_points=5:runner_stop_mode=breakeven,delta_impulse_continue_3bar_1pt_20d,all,1,2,5,breakeven,186,186,186,80,106,20,86,0,0,106,0.56989247,-5700,-7002,-37.64516129,92,94,"two-contract post-signal scalp: one contract exits at first target, one runner uses selected stop mode and runner target"
1,signal_scaled_scalp:strategy=delta_impulse_continue_3bar_1pt_20d:direction=all:first_target_points=1:stop_points=2:runner_target_points=5:runner_stop_mode=initial,delta_impulse_continue_3bar_1pt_20d,all,1,2,5,initial,186,186,186,80,106,48,58,0,0,48,0.25806452,-4500,-5802,-31.19354839,92,94,"two-contract post-signal scalp: one contract exits at first target, one runner uses selected stop mode and runner target"
1,signal_scaled_scalp:strategy=delta_impulse_continue_3bar_1pt_20d:direction=all:first_target_points=1.5:stop_points=1:runner_target_points=2:runner_stop_mode=breakeven,delta_impulse_continue_3bar_1pt_20d,all,1.5,1,2,breakeven,186,186,186,124,62,53,9,0,0,62,0.33333333,-2450,-3752,-20.17204301,92,94,"two-contract post-signal scalp: one contract exits at first target, one runner uses selected stop mode and runner target"
1,signal_scaled_scalp:strategy=delta_impulse_continue_3bar_1pt_20d:direction=all:first_target_points=1.5:stop_points=1:runner_target_points=2:runner_stop_mode=initial,delta_impulse_continue_3bar_1pt_20d,all,1.5,1,2,initial,186,186,186,124,62,57,5,0,0,62,0.33333333,-2300,-3602,-19.3655914,92,94,"two-contract post-signal scalp: one contract exits at first target, one runner uses selected stop mode and runner target"
1,signal_scaled_scalp:strategy=delta_impulse_continue_3bar_1pt_20d:direction=all:first_target_points=1.5:stop_points=1:runner_target_points=3:runner_stop_mode=breakeven,delta_impulse_continue_3bar_1pt_20d,all,1.5,1,3,breakeven,186,186,186,124,62,32,30,0,0,62,0.33333333,-2950,-4252,-22.86021505,92,94,"two-contract post-signal scalp: one contract exits at first target, one runner uses selected stop mode and runner target"
1,signal_scaled_scalp:strategy=delta_impulse_continue_3bar_1pt_20d:direction=all:first_target_points=1.5:stop_points=1:runner_target_points=3:runner_stop_mode=initial,delta_impulse_continue_3bar_1pt_20d,all,1.5,1,3,initial,186,186,186,124,62,44,18,0,0,62,0.33333333,-2050,-3352,-18.02150538,92,94,"two-contract post-signal scalp: one contract exits at first target, one runner uses selected stop mode and runner target"
1,signal_scaled_scalp:strategy=delta_impulse_continue_3bar_1pt_20d:direction=all:first_target_points=1.5:stop_points=1:runner_target_points=5:runner_stop_mode=breakeven,delta_impulse_continue_3bar_1pt_20d,all,1.5,1,5,breakeven,186,186,186,124,62,18,44,0,0,62,0.33333333,-3250,-4552,-24.47311828,92,94,"two-contract post-signal scalp: one contract exits at first target, one runner uses selected stop mode and runner target"
1,signal_scaled_scalp:strategy=delta_impulse_continue_3bar_1pt_20d:direction=all:first_target_points=1.5:stop_points=1:runner_target_points=5:runner_stop_mode=initial,delta_impulse_continue_3bar_1pt_20d,all,1.5,1,5,initial,186,186,186,124,62,26,36,0,0,62,0.33333333,-3050,-4352,-23.39784946,92,94,"two-contract post-signal scalp: one contract exits at first target, one runner uses selected stop mode and runner target"
1,signal_scaled_scalp:strategy=delta_impulse_continue_3bar_1pt_20d:direction=all:first_target_points=1.5:stop_points=1.5:runner_target_points=2:runner_stop_mode=breakeven,delta_impulse_continue_3bar_1pt_20d,all,1.5,1.5,2,breakeven,186,186,186,105,81,68,13,0,0,81,0.43548387,-2875,-4177,-22.45698925,92,94,"two-contract post-signal scalp: one contract exits at first target, one runner uses selected stop mode and runner target"
1,signal_scaled_scalp:strategy=delta_impulse_continue_3bar_1pt_20d:direction=all:first_target_points=1.5:stop_points=1.5:runner_target_points=2:runner_stop_mode=initial,delta_impulse_continue_3bar_1pt_20d,all,1.5,1.5,2,initial,186,186,186,105,81,75,6,0,0,75,0.40322581,-2625,-3927,-21.11290323,92,94,"two-contract post-signal scalp: one contract exits at first target, one runner uses selected stop mode and runner target"
1,signal_scaled_scalp:strategy=delta_impulse_continue_3bar_1pt_20d:direction=all:first_target_points=1.5:stop_points=1.5:runner_target_points=3:runner_stop_mode=breakeven,delta_impulse_continue_3bar_1pt_20d,all,1.5,1.5,3,breakeven,186,186,186,105,81,41,40,0,0,81,0.43548387,-3525,-4827,-25.9516129,92,94,"two-contract post-signal scalp: one contract exits at first target, one runner uses selected stop mode and runner target"
1,signal_scaled_scalp:strategy=delta_impulse_continue_3bar_1pt_20d:direction=all:first_target_points=1.5:stop_points=1.5:runner_target_points=3:runner_stop_mode=initial,delta_impulse_continue_3bar_1pt_20d,all,1.5,1.5,3,initial,186,186,186,105,81,60,21,0,0,60,0.32258065,-2250,-3552,-19.09677419,92,94,"two-contract post-signal scalp: one contract exits at first target, one runner uses selected stop mode and runner target"
1,signal_scaled_scalp:strategy=delta_impulse_continue_3bar_1pt_20d:direction=all:first_target_points=1.5:stop_points=1.5:runner_target_points=5:runner_stop_mode=breakeven,delta_impulse_continue_3bar_1pt_20d,all,1.5,1.5,5,breakeven,186,186,186,105,81,25,56,0,0,81,0.43548387,-3425,-4727,-25.41397849,92,94,"two-contract post-signal scalp: one contract exits at first target, one runner uses selected stop mode and runner target"
1,signal_scaled_scalp:strategy=delta_impulse_continue_3bar_1pt_20d:direction=all:first_target_points=1.5:stop_points=1.5:runner_target_points=5:runner_stop_mode=initial,delta_impulse_continue_3bar_1pt_20d,all,1.5,1.5,5,initial,186,186,186,105,81,42,39,0,0,42,0.22580645,-2100,-3402,-18.29032258,92,94,"two-contract post-signal scalp: one contract exits at first target, one runner uses selected stop mode and runner target"
1,signal_scaled_scalp:strategy=delta_impulse_continue_3bar_1pt_20d:direction=all:first_target_points=1.5:stop_points=2:runner_target_points=2:runner_stop_mode=breakeven,delta_impulse_continue_3bar_1pt_20d,all,1.5,2,2,breakeven,186,186,186,94,92,77,15,0,0,92,0.49462366,-4200,-5502,-29.58064516,92,94,"two-contract post-signal scalp: one contract exits at first target, one runner uses selected stop mode and runner target"
1,signal_scaled_scalp:strategy=delta_impulse_continue_3bar_1pt_20d:direction=all:first_target_points=1.5:stop_points=2:runner_target_points=2:runner_stop_mode=initial,delta_impulse_continue_3bar_1pt_20d,all,1.5,2,2,initial,186,186,186,94,92,84,8,0,0,84,0.4516129,-4300,-5602,-30.11827957,92,94,"two-contract post-signal scalp: one contract exits at first target, one runner uses selected stop mode and runner target"
1,signal_scaled_scalp:strategy=delta_impulse_continue_3bar_1pt_20d:direction=all:first_target_points=1.5:stop_points=2:runner_target_points=3:runner_stop_mode=breakeven,delta_impulse_continue_3bar_1pt_20d,all,1.5,2,3,breakeven,186,186,186,94,92,47,45,0,0,92,0.49462366,-4850,-6152,-33.07526882,92,94,"two-contract post-signal scalp: one contract exits at first target, one runner uses selected stop mode and runner target"
1,signal_scaled_scalp:strategy=delta_impulse_continue_3bar_1pt_20d:direction=all:first_target_points=1.5:stop_points=2:runner_target_points=3:runner_stop_mode=initial,delta_impulse_continue_3bar_1pt_20d,all,1.5,2,3,initial,186,186,186,94,92,69,23,0,0,69,0.37096774,-3850,-5152,-27.69892473,92,94,"two-contract post-signal scalp: one contract exits at first target, one runner uses selected stop mode and runner target"
1,signal_scaled_scalp:strategy=delta_impulse_continue_3bar_1pt_20d:direction=all:first_target_points=1.5:stop_points=2:runner_target_points=5:runner_stop_mode=breakeven,delta_impulse_continue_3bar_1pt_20d,all,1.5,2,5,breakeven,186,186,186,94,92,28,64,0,0,92,0.49462366,-4900,-6202,-33.34408602,92,94,"two-contract post-signal scalp: one contract exits at first target, one runner uses selected stop mode and runner target"
1,signal_scaled_scalp:strategy=delta_impulse_continue_3bar_1pt_20d:direction=all:first_target_points=1.5:stop_points=2:runner_target_points=5:runner_stop_mode=initial,delta_impulse_continue_3bar_1pt_20d,all,1.5,2,5,initial,186,186,186,94,92,48,44,0,0,48,0.25806452,-4300,-5602,-30.11827957,92,94,"two-contract post-signal scalp: one contract exits at first target, one runner uses selected stop mode and runner target"
1,signal_scaled_scalp:strategy=delta_impulse_continue_5bar_1.5pt_30d:direction=all:first_target_points=0.5:stop_points=1:runner_target_points=1.5:runner_stop_mode=breakeven,delta_impulse_continue_5bar_1.5pt_30d,all,0.5,1,1.5,breakeven,169,169,169,86,83,44,39,0,0,83,0.49112426,-3225,-4408,-26.08284024,76,93,"two-contract post-signal scalp: one contract exits at first target, one runner uses selected stop mode and runner target"
1,signal_scaled_scalp:strategy=delta_impulse_continue_5bar_1.5pt_30d:direction=all:first_target_points=0.5:stop_points=1:runner_target_points=1.5:runner_stop_mode=initial,delta_impulse_continue_5bar_1.5pt_30d,all,0.5,1,1.5,initial,169,169,169,86,83,62,21,0,0,62,0.36686391,-2925,-4108,-24.30769231,76,93,"two-contract post-signal scalp: one contract exits at first target, one runner uses selected stop mode and runner target"
1,signal_scaled_scalp:strategy=delta_impulse_continue_5bar_1.5pt_30d:direction=all:first_target_points=0.5:stop_points=1:runner_target_points=2:runner_stop_mode=breakeven,delta_impulse_continue_5bar_1.5pt_30d,all,0.5,1,2,breakeven,169,169,169,86,83,33,50,0,0,83,0.49112426,-3225,-4408,-26.08284024,76,93,"two-contract post-signal scalp: one contract exits at first target, one runner uses selected stop mode and runner target"
1,signal_scaled_scalp:strategy=delta_impulse_continue_5bar_1.5pt_30d:direction=all:first_target_points=0.5:stop_points=1:runner_target_points=2:runner_stop_mode=initial,delta_impulse_continue_5bar_1.5pt_30d,all,0.5,1,2,initial,169,169,169,86,83,47,36,0,0,47,0.27810651,-3625,-4808,-28.44970414,76,93,"two-contract post-signal scalp: one contract exits at first target, one runner uses selected stop mode and runner target"
1,signal_scaled_scalp:strategy=delta_impulse_continue_5bar_1.5pt_30d:direction=all:first_target_points=0.5:stop_points=1:runner_target_points=3:runner_stop_mode=breakeven,delta_impulse_continue_5bar_1.5pt_30d,all,0.5,1,3,breakeven,169,169,169,86,83,20,63,0,0,83,0.49112426,-3525,-4708,-27.85798817,76,93,"two-contract post-signal scalp: one contract exits at first target, one runner uses selected stop mode and runner target"
1,signal_scaled_scalp:strategy=delta_impulse_continue_5bar_1.5pt_30d:direction=all:first_target_points=0.5:stop_points=1:runner_target_points=3:runner_stop_mode=initial,delta_impulse_continue_5bar_1.5pt_30d,all,0.5,1,3,initial,169,169,169,86,83,38,45,0,0,38,0.22485207,-3075,-4258,-25.19526627,76,93,"two-contract post-signal scalp: one contract exits at first target, one runner uses selected stop mode and runner target"
1,signal_scaled_scalp:strategy=delta_impulse_continue_5bar_1.5pt_30d:direction=all:first_target_points=0.5:stop_points=1:runner_target_points=5:runner_stop_mode=breakeven,delta_impulse_continue_5bar_1.5pt_30d,all,0.5,1,5,breakeven,169,169,169,86,83,10,73,0,0,83,0.49112426,-4025,-5208,-30.81656805,76,93,"two-contract post-signal scalp: one contract exits at first target, one runner uses selected stop mode and runner target"
1,signal_scaled_scalp:strategy=delta_impulse_continue_5bar_1.5pt_30d:direction=all:first_target_points=0.5:stop_points=1:runner_target_points=5:runner_stop_mode=initial,delta_impulse_continue_5bar_1.5pt_30d,all,0.5,1,5,initial,169,169,169,86,83,19,64,0,0,19,0.11242604,-4975,-6158,-36.43786982,76,93,"two-contract post-signal scalp: one contract exits at first target, one runner uses selected stop mode and runner target"
1,signal_scaled_scalp:strategy=delta_impulse_continue_5bar_1.5pt_30d:direction=all:first_target_points=0.5:stop_points=1.5:runner_target_points=1.5:runner_stop_mode=breakeven,delta_impulse_continue_5bar_1.5pt_30d,all,0.5,1.5,1.5,breakeven,169,169,169,69,100,45,55,0,0,100,0.59171598,-4475,-5658,-33.47928994,76,93,"two-contract post-signal scalp: one contract exits at first target, one runner uses selected stop mode and runner target"
1,signal_scaled_scalp:strategy=delta_impulse_continue_5bar_1.5pt_30d:direction=all:first_target_points=0.5:stop_points=1.5:runner_target_points=1.5:runner_stop_mode=initial,delta_impulse_continue_5bar_1.5pt_30d,all,0.5,1.5,1.5,initial,169,169,169,69,100,77,23,0,0,77,0.4556213,-3800,-4983,-29.4852071,76,93,"two-contract post-signal scalp: one contract exits at first target, one runner uses selected stop mode and runner target"
1,signal_scaled_scalp:strategy=delta_impulse_continue_5bar_1.5pt_30d:direction=all:first_target_points=0.5:stop_points=1.5:runner_target_points=2:runner_stop_mode=breakeven,delta_impulse_continue_5bar_1.5pt_30d,all,0.5,1.5,2,breakeven,169,169,169,69,100,33,67,0,0,100,0.59171598,-4550,-5733,-33.92307692,76,93,"two-contract post-signal scalp: one contract exits at first target, one runner uses selected stop mode and runner target"
1,signal_scaled_scalp:strategy=delta_impulse_continue_5bar_1.5pt_30d:direction=all:first_target_points=0.5:stop_points=1.5:runner_target_points=2:runner_stop_mode=initial,delta_impulse_continue_5bar_1.5pt_30d,all,0.5,1.5,2,initial,169,169,169,69,100,63,37,0,0,63,0.37278107,-4325,-5508,-32.59171598,76,93,"two-contract post-signal scalp: one contract exits at first target, one runner uses selected stop mode and runner target"
1,signal_scaled_scalp:strategy=delta_impulse_continue_5bar_1.5pt_30d:direction=all:first_target_points=0.5:stop_points=1.5:runner_target_points=3:runner_stop_mode=breakeven,delta_impulse_continue_5bar_1.5pt_30d,all,0.5,1.5,3,breakeven,169,169,169,69,100,20,80,0,0,100,0.59171598,-4850,-6033,-35.69822485,76,93,"two-contract post-signal scalp: one contract exits at first target, one runner uses selected stop mode and runner target"
1,signal_scaled_scalp:strategy=delta_impulse_continue_5bar_1.5pt_30d:direction=all:first_target_points=0.5:stop_points=1.5:runner_target_points=3:runner_stop_mode=initial,delta_impulse_continue_5bar_1.5pt_30d,all,0.5,1.5,3,initial,169,169,169,69,100,53,47,0,0,53,0.31360947,-3425,-4608,-27.26627219,76,93,"two-contract post-signal scalp: one contract exits at first target, one runner uses selected stop mode and runner target"
1,signal_scaled_scalp:strategy=delta_impulse_continue_5bar_1.5pt_30d:direction=all:first_target_points=0.5:stop_points=1.5:runner_target_points=5:runner_stop_mode=breakeven,delta_impulse_continue_5bar_1.5pt_30d,all,0.5,1.5,5,breakeven,169,169,169,69,100,10,90,0,0,100,0.59171598,-5350,-6533,-38.65680473,76,93,"two-contract post-signal scalp: one contract exits at first target, one runner uses selected stop mode and runner target"
1,signal_scaled_scalp:strategy=delta_impulse_continue_5bar_1.5pt_30d:direction=all:first_target_points=0.5:stop_points=1.5:runner_target_points=5:runner_stop_mode=initial,delta_impulse_continue_5bar_1.5pt_30d,all,0.5,1.5,5,initial,169,169,169,69,100,33,67,0,0,33,0.19526627,-4625,-5808,-34.36686391,76,93,"two-contract post-signal scalp: one contract exits at first target, one runner uses selected stop mode and runner target"
1,signal_scaled_scalp:strategy=delta_impulse_continue_5bar_1.5pt_30d:direction=all:first_target_points=0.5:stop_points=2:runner_target_points=1.5:runner_stop_mode=breakeven,delta_impulse_continue_5bar_1.5pt_30d,all,0.5,2,1.5,breakeven,169,169,169,63,106,46,60,0,0,106,0.62721893,-6500,-7683,-45.46153846,76,93,"two-contract post-signal scalp: one contract exits at first target, one runner uses selected stop mode and runner target"
1,signal_scaled_scalp:strategy=delta_impulse_continue_5bar_1.5pt_30d:direction=all:first_target_points=0.5:stop_points=2:runner_target_points=1.5:runner_stop_mode=initial,delta_impulse_continue_5bar_1.5pt_30d,all,0.5,2,1.5,initial,169,169,169,63,106,83,23,0,0,83,0.49112426,-6025,-7208,-42.65088757,76,93,"two-contract post-signal scalp: one contract exits at first target, one runner uses selected stop mode and runner target"
1,signal_scaled_scalp:strategy=delta_impulse_continue_5bar_1.5pt_30d:direction=all:first_target_points=0.5:stop_points=2:runner_target_points=2:runner_stop_mode=breakeven,delta_impulse_continue_5bar_1.5pt_30d,all,0.5,2,2,breakeven,169,169,169,63,106,33,73,0,0,106,0.62721893,-6650,-7833,-46.34911243,76,93,"two-contract post-signal scalp: one contract exits at first target, one runner uses selected stop mode and runner target"
1,signal_scaled_scalp:strategy=delta_impulse_continue_5bar_1.5pt_30d:direction=all:first_target_points=0.5:stop_points=2:runner_target_points=2:runner_stop_mode=initial,delta_impulse_continue_5bar_1.5pt_30d,all,0.5,2,2,initial,169,169,169,63,106,68,38,0,0,68,0.40236686,-6950,-8133,-48.12426036,76,93,"two-contract post-signal scalp: one contract exits at first target, one runner uses selected stop mode and runner target"
1,signal_scaled_scalp:strategy=delta_impulse_continue_5bar_1.5pt_30d:direction=all:first_target_points=0.5:stop_points=2:runner_target_points=3:runner_stop_mode=breakeven,delta_impulse_continue_5bar_1.5pt_30d,all,0.5,2,3,breakeven,169,169,169,63,106,20,86,0,0,106,0.62721893,-6950,-8133,-48.12426036,76,93,"two-contract post-signal scalp: one contract exits at first target, one runner uses selected stop mode and runner target"
1,signal_scaled_scalp:strategy=delta_impulse_continue_5bar_1.5pt_30d:direction=all:first_target_points=0.5:stop_points=2:runner_target_points=3:runner_stop_mode=initial,delta_impulse_continue_5bar_1.5pt_30d,all,0.5,2,3,initial,169,169,169,63,106,59,47,0,0,59,0.34911243,-5800,-6983,-41.31952663,76,93,"two-contract post-signal scalp: one contract exits at first target, one runner uses selected stop mode and runner target"
1,signal_scaled_scalp:strategy=delta_impulse_continue_5bar_1.5pt_30d:direction=all:first_target_points=0.5:stop_points=2:runner_target_points=5:runner_stop_mode=breakeven,delta_impulse_continue_5bar_1.5pt_30d,all,0.5,2,5,breakeven,169,169,169,63,106,10,96,0,0,106,0.62721893,-7450,-8633,-51.08284024,76,93,"two-contract post-signal scalp: one contract exits at first target, one runner uses selected stop mode and runner target"
1,signal_scaled_scalp:strategy=delta_impulse_continue_5bar_1.5pt_30d:direction=all:first_target_points=0.5:stop_points=2:runner_target_points=5:runner_stop_mode=initial,delta_impulse_continue_5bar_1.5pt_30d,all,0.5,2,5,initial,169,169,169,63,106,40,66,0,0,40,0.23668639,-6550,-7733,-45.75739645,76,93,"two-contract post-signal scalp: one contract exits at first target, one runner uses selected stop mode and runner target"
1,signal_scaled_scalp:strategy=delta_impulse_continue_5bar_1.5pt_30d:direction=all:first_target_points=1:stop_points=1:runner_target_points=1.5:runner_stop_mode=breakeven,delta_impulse_continue_5bar_1.5pt_30d,all,1,1,1.5,breakeven,169,169,169,100,69,55,14,0,0,69,0.40828402,-2425,-3608,-21.34911243,76,93,"two-contract post-signal scalp: one contract exits at first target, one runner uses selected stop mode and runner target"
1,signal_scaled_scalp:strategy=delta_impulse_continue_5bar_1.5pt_30d:direction=all:first_target_points=1:stop_points=1:runner_target_points=1.5:runner_stop_mode=initial,delta_impulse_continue_5bar_1.5pt_30d,all,1,1,1.5,initial,169,169,169,100,69,62,7,0,0,62,0.36686391,-2250,-3433,-20.31360947,76,93,"two-contract post-signal scalp: one contract exits at first target, one runner uses selected stop mode and runner target"
1,signal_scaled_scalp:strategy=delta_impulse_continue_5bar_1.5pt_30d:direction=all:first_target_points=1:stop_points=1:runner_target_points=2:runner_stop_mode=breakeven,delta_impulse_continue_5bar_1.5pt_30d,all,1,1,2,breakeven,169,169,169,100,69,38,31,0,0,69,0.40828402,-2750,-3933,-23.27218935,76,93,"two-contract post-signal scalp: one contract exits at first target, one runner uses selected stop mode and runner target"
1,signal_scaled_scalp:strategy=delta_impulse_continue_5bar_1.5pt_30d:direction=all:first_target_points=1:stop_points=1:runner_target_points=2:runner_stop_mode=initial,delta_impulse_continue_5bar_1.5pt_30d,all,1,1,2,initial,169,169,169,100,69,47,22,0,0,47,0.27810651,-2950,-4133,-24.4556213,76,93,"two-contract post-signal scalp: one contract exits at first target, one runner uses selected stop mode and runner target"
1,signal_scaled_scalp:strategy=delta_impulse_continue_5bar_1.5pt_30d:direction=all:first_target_points=1:stop_points=1:runner_target_points=3:runner_stop_mode=breakeven,delta_impulse_continue_5bar_1.5pt_30d,all,1,1,3,breakeven,169,169,169,100,69,24,45,0,0,69,0.40828402,-2950,-4133,-24.4556213,76,93,"two-contract post-signal scalp: one contract exits at first target, one runner uses selected stop mode and runner target"
1,signal_scaled_scalp:strategy=delta_impulse_continue_5bar_1.5pt_30d:direction=all:first_target_points=1:stop_points=1:runner_target_points=3:runner_stop_mode=initial,delta_impulse_continue_5bar_1.5pt_30d,all,1,1,3,initial,169,169,169,100,69,38,31,0,0,38,0.22485207,-2400,-3583,-21.20118343,76,93,"two-contract post-signal scalp: one contract exits at first target, one runner uses selected stop mode and runner target"
1,signal_scaled_scalp:strategy=delta_impulse_continue_5bar_1.5pt_30d:direction=all:first_target_points=1:stop_points=1:runner_target_points=5:runner_stop_mode=breakeven,delta_impulse_continue_5bar_1.5pt_30d,all,1,1,5,breakeven,169,169,169,100,69,11,58,0,0,69,0.40828402,-3800,-4983,-29.4852071,76,93,"two-contract post-signal scalp: one contract exits at first target, one runner uses selected stop mode and runner target"
1,signal_scaled_scalp:strategy=delta_impulse_continue_5bar_1.5pt_30d:direction=all:first_target_points=1:stop_points=1:runner_target_points=5:runner_stop_mode=initial,delta_impulse_continue_5bar_1.5pt_30d,all,1,1,5,initial,169,169,169,100,69,19,50,0,0,19,0.11242604,-4300,-5483,-32.44378698,76,93,"two-contract post-signal scalp: one contract exits at first target, one runner uses selected stop mode and runner target"
1,signal_scaled_scalp:strategy=delta_impulse_continue_5bar_1.5pt_30d:direction=all:first_target_points=1:stop_points=1.5:runner_target_points=1.5:runner_stop_mode=breakeven,delta_impulse_continue_5bar_1.5pt_30d,all,1,1.5,1.5,breakeven,169,169,169,81,88,63,25,0,0,88,0.52071006,-3025,-4208,-24.89940828,76,93,"two-contract post-signal scalp: one contract exits at first target, one runner uses selected stop mode and runner target"
1,signal_scaled_scalp:strategy=delta_impulse_continue_5bar_1.5pt_30d:direction=all:first_target_points=1:stop_points=1.5:runner_target_points=1.5:runner_stop_mode=initial,delta_impulse_continue_5bar_1.5pt_30d,all,1,1.5,1.5,initial,169,169,169,81,88,77,11,0,0,77,0.4556213,-2800,-3983,-23.56804734,76,93,"two-contract post-signal scalp: one contract exits at first target, one runner uses selected stop mode and runner target"
1,signal_scaled_scalp:strategy=delta_impulse_continue_5bar_1.5pt_30d:direction=all:first_target_points=1:stop_points=1.5:runner_target_points=2:runner_stop_mode=breakeven,delta_impulse_continue_5bar_1.5pt_30d,all,1,1.5,2,breakeven,169,169,169,81,88,45,43,0,0,88,0.52071006,-3250,-4433,-26.23076923,76,93,"two-contract post-signal scalp: one contract exits at first target, one runner uses selected stop mode and runner target"
1,signal_scaled_scalp:strategy=delta_impulse_continue_5bar_1.5pt_30d:direction=all:first_target_points=1:stop_points=1.5:runner_target_points=2:runner_stop_mode=initial,delta_impulse_continue_5bar_1.5pt_30d,all,1,1.5,2,initial,169,169,169,81,88,63,25,0,0,63,0.37278107,-3325,-4508,-26.67455621,76,93,"two-contract post-signal scalp: one contract exits at first target, one runner uses selected stop mode and runner target"
1,signal_scaled_scalp:strategy=delta_impulse_continue_5bar_1.5pt_30d:direction=all:first_target_points=1:stop_points=1.5:runner_target_points=3:runner_stop_mode=breakeven,delta_impulse_continue_5bar_1.5pt_30d,all,1,1.5,3,breakeven,169,169,169,81,88,28,60,0,0,88,0.52071006,-3550,-4733,-28.00591716,76,93,"two-contract post-signal scalp: one contract exits at first target, one runner uses selected stop mode and runner target"
1,signal_scaled_scalp:strategy=delta_impulse_continue_5bar_1.5pt_30d:direction=all:first_target_points=1:stop_points=1.5:runner_target_points=3:runner_stop_mode=initial,delta_impulse_continue_5bar_1.5pt_30d,all,1,1.5,3,initial,169,169,169,81,88,53,35,0,0,53,0.31360947,-2425,-3608,-21.34911243,76,93,"two-contract post-signal scalp: one contract exits at first target, one runner uses selected stop mode and runner target"
1,signal_scaled_scalp:strategy=delta_impulse_continue_5bar_1.5pt_30d:direction=all:first_target_points=1:stop_points=1.5:runner_target_points=5:runner_stop_mode=breakeven,delta_impulse_continue_5bar_1.5pt_30d,all,1,1.5,5,breakeven,169,169,169,81,88,15,73,0,0,88,0.52071006,-4000,-5183,-30.66863905,76,93,"two-contract post-signal scalp: one contract exits at first target, one runner uses selected stop mode and runner target"
1,signal_scaled_scalp:strategy=delta_impulse_continue_5bar_1.5pt_30d:direction=all:first_target_points=1:stop_points=1.5:runner_target_points=5:runner_stop_mode=initial,delta_impulse_continue_5bar_1.5pt_30d,all,1,1.5,5,initial,169,169,169,81,88,33,55,0,0,33,0.19526627,-3625,-4808,-28.44970414,76,93,"two-contract post-signal scalp: one contract exits at first target, one runner uses selected stop mode and runner target"
1,signal_scaled_scalp:strategy=delta_impulse_continue_5bar_1.5pt_30d:direction=all:first_target_points=1:stop_points=2:runner_target_points=1.5:runner_stop_mode=breakeven,delta_impulse_continue_5bar_1.5pt_30d,all,1,2,1.5,breakeven,169,169,169,75,94,68,26,0,0,94,0.55621302,-5200,-6383,-37.76923077,76,93,"two-contract post-signal scalp: one contract exits at first target, one runner uses selected stop mode and runner target"
1,signal_scaled_scalp:strategy=delta_impulse_continue_5bar_1.5pt_30d:direction=all:first_target_points=1:stop_points=2:runner_target_points=1.5:runner_stop_mode=initial,delta_impulse_continue_5bar_1.5pt_30d,all,1,2,1.5,initial,169,169,169,75,94,83,11,0,0,83,0.49112426,-5175,-6358,-37.62130178,76,93,"two-contract post-signal scalp: one contract exits at first target, one runner uses selected stop mode and runner target"
1,signal_scaled_scalp:strategy=delta_impulse_continue_5bar_1.5pt_30d:direction=all:first_target_points=1:stop_points=2:runner_target_points=2:runner_stop_mode=breakeven,delta_impulse_continue_5bar_1.5pt_30d,all,1,2,2,breakeven,169,169,169,75,94,47,47,0,0,94,0.55621302,-5600,-6783,-40.13609467,76,93,"two-contract post-signal scalp: one contract exits at first target, one runner uses selected stop mode and runner target"
1,signal_scaled_scalp:strategy=delta_impulse_continue_5bar_1.5pt_30d:direction=all:first_target_points=1:stop_points=2:runner_target_points=2:runner_stop_mode=initial,delta_impulse_continue_5bar_1.5pt_30d,all,1,2,2,initial,169,169,169,75,94,68,26,0,0,68,0.40236686,-6100,-7283,-43.09467456,76,93,"two-contract post-signal scalp: one contract exits at first target, one runner uses selected stop mode and runner target"
1,signal_scaled_scalp:strategy=delta_impulse_continue_5bar_1.5pt_30d:direction=all:first_target_points=1:stop_points=2:runner_target_points=3:runner_stop_mode=breakeven,delta_impulse_continue_5bar_1.5pt_30d,all,1,2,3,breakeven,169,169,169,75,94,30,64,0,0,94,0.55621302,-5800,-6983,-41.31952663,76,93,"two-contract post-signal scalp: one contract exits at first target, one runner uses selected stop mode and runner target"
1,signal_scaled_scalp:strategy=delta_impulse_continue_5bar_1.5pt_30d:direction=all:first_target_points=1:stop_points=2:runner_target_points=3:runner_stop_mode=initial,delta_impulse_continue_5bar_1.5pt_30d,all,1,2,3,initial,169,169,169,75,94,59,35,0,0,59,0.34911243,-4950,-6133,-36.28994083,76,93,"two-contract post-signal scalp: one contract exits at first target, one runner uses selected stop mode and runner target"
1,signal_scaled_scalp:strategy=delta_impulse_continue_5bar_1.5pt_30d:direction=all:first_target_points=1:stop_points=2:runner_target_points=5:runner_stop_mode=breakeven,delta_impulse_continue_5bar_1.5pt_30d,all,1,2,5,breakeven,169,169,169,75,94,16,78,0,0,94,0.55621302,-6300,-7483,-44.27810651,76,93,"two-contract post-signal scalp: one contract exits at first target, one runner uses selected stop mode and runner target"
1,signal_scaled_scalp:strategy=delta_impulse_continue_5bar_1.5pt_30d:direction=all:first_target_points=1:stop_points=2:runner_target_points=5:runner_stop_mode=initial,delta_impulse_continue_5bar_1.5pt_30d,all,1,2,5,initial,169,169,169,75,94,40,54,0,0,40,0.23668639,-5700,-6883,-40.72781065,76,93,"two-contract post-signal scalp: one contract exits at first target, one runner uses selected stop mode and runner target"
1,signal_scaled_scalp:strategy=delta_impulse_continue_5bar_1.5pt_30d:direction=all:first_target_points=1.5:stop_points=1:runner_target_points=2:runner_stop_mode=breakeven,delta_impulse_continue_5bar_1.5pt_30d,all,1.5,1,2,breakeven,169,169,169,107,62,45,17,0,0,62,0.36686391,-1550,-2733,-16.17159763,76,93,"two-contract post-signal scalp: one contract exits at first target, one runner uses selected stop mode and runner target"
1,signal_scaled_scalp:strategy=delta_impulse_continue_5bar_1.5pt_30d:direction=all:first_target_points=1.5:stop_points=1:runner_target_points=2:runner_stop_mode=initial,delta_impulse_continue_5bar_1.5pt_30d,all,1.5,1,2,initial,169,169,169,107,62,47,15,0,0,62,0.36686391,-2100,-3283,-19.4260355,76,93,"two-contract post-signal scalp: one contract exits at first target, one runner uses selected stop mode and runner target"
1,signal_scaled_scalp:strategy=delta_impulse_continue_5bar_1.5pt_30d:direction=all:first_target_points=1.5:stop_points=1:runner_target_points=3:runner_stop_mode=breakeven,delta_impulse_continue_5bar_1.5pt_30d,all,1.5,1,3,breakeven,169,169,169,107,62,30,32,0,0,62,0.36686391,-1550,-2733,-16.17159763,76,93,"two-contract post-signal scalp: one contract exits at first target, one runner uses selected stop mode and runner target"
1,signal_scaled_scalp:strategy=delta_impulse_continue_5bar_1.5pt_30d:direction=all:first_target_points=1.5:stop_points=1:runner_target_points=3:runner_stop_mode=initial,delta_impulse_continue_5bar_1.5pt_30d,all,1.5,1,3,initial,169,169,169,107,62,38,24,0,0,62,0.36686391,-1550,-2733,-16.17159763,76,93,"two-contract post-signal scalp: one contract exits at first target, one runner uses selected stop mode and runner target"
1,signal_scaled_scalp:strategy=delta_impulse_continue_5bar_1.5pt_30d:direction=all:first_target_points=1.5:stop_points=1:runner_target_points=5:runner_stop_mode=breakeven,delta_impulse_continue_5bar_1.5pt_30d,all,1.5,1,5,breakeven,169,169,169,107,62,16,46,0,0,62,0.36686391,-2050,-3233,-19.13017751,76,93,"two-contract post-signal scalp: one contract exits at first target, one runner uses selected stop mode and runner target"
1,signal_scaled_scalp:strategy=delta_impulse_continue_5bar_1.5pt_30d:direction=all:first_target_points=1.5:stop_points=1:runner_target_points=5:runner_stop_mode=initial,delta_impulse_continue_5bar_1.5pt_30d,all,1.5,1,5,initial,169,169,169,107,62,19,43,0,0,62,0.36686391,-3450,-4633,-27.41420118,76,93,"two-contract post-signal scalp: one contract exits at first target, one runner uses selected stop mode and runner target"
1,signal_scaled_scalp:strategy=delta_impulse_continue_5bar_1.5pt_30d:direction=all:first_target_points=1.5:stop_points=1.5:runner_target_points=2:runner_stop_mode=breakeven,delta_impulse_continue_5bar_1.5pt_30d,all,1.5,1.5,2,breakeven,169,169,169,92,77,58,19,0,0,77,0.4556213,-2225,-3408,-20.16568047,76,93,"two-contract post-signal scalp: one contract exits at first target, one runner uses selected stop mode and runner target"
1,signal_scaled_scalp:strategy=delta_impulse_continue_5bar_1.5pt_30d:direction=all:first_target_points=1.5:stop_points=1.5:runner_target_points=2:runner_stop_mode=initial,delta_impulse_continue_5bar_1.5pt_30d,all,1.5,1.5,2,initial,169,169,169,92,77,63,14,0,0,63,0.37278107,-2775,-3958,-23.42011834,76,93,"two-contract post-signal scalp: one contract exits at first target, one runner uses selected stop mode and runner target"
1,signal_scaled_scalp:strategy=delta_impulse_continue_5bar_1.5pt_30d:direction=all:first_target_points=1.5:stop_points=1.5:runner_target_points=3:runner_stop_mode=breakeven,delta_impulse_continue_5bar_1.5pt_30d,all,1.5,1.5,3,breakeven,169,169,169,92,77,39,38,0,0,77,0.4556213,-2175,-3358,-19.86982249,76,93,"two-contract post-signal scalp: one contract exits at first target, one runner uses selected stop mode and runner target"
1,signal_scaled_scalp:strategy=delta_impulse_continue_5bar_1.5pt_30d:direction=all:first_target_points=1.5:stop_points=1.5:runner_target_points=3:runner_stop_mode=initial,delta_impulse_continue_5bar_1.5pt_30d,all,1.5,1.5,3,initial,169,169,169,92,77,53,24,0,0,53,0.31360947,-1875,-3058,-18.09467456,76,93,"two-contract post-signal scalp: one contract exits at first target, one runner uses selected stop mode and runner target"
1,signal_scaled_scalp:strategy=delta_impulse_continue_5bar_1.5pt_30d:direction=all:first_target_points=1.5:stop_points=1.5:runner_target_points=5:runner_stop_mode=breakeven,delta_impulse_continue_5bar_1.5pt_30d,all,1.5,1.5,5,breakeven,169,169,169,92,77,24,53,0,0,77,0.4556213,-2025,-3208,-18.98224852,76,93,"two-contract post-signal scalp: one contract exits at first target, one runner uses selected stop mode and runner target"
1,signal_scaled_scalp:strategy=delta_impulse_continue_5bar_1.5pt_30d:direction=all:first_target_points=1.5:stop_points=1.5:runner_target_points=5:runner_stop_mode=initial,delta_impulse_continue_5bar_1.5pt_30d,all,1.5,1.5,5,initial,169,169,169,92,77,33,44,0,0,33,0.19526627,-3075,-4258,-25.19526627,76,93,"two-contract post-signal scalp: one contract exits at first target, one runner uses selected stop mode and runner target"
1,signal_scaled_scalp:strategy=delta_impulse_continue_5bar_1.5pt_30d:direction=all:first_target_points=1.5:stop_points=2:runner_target_points=2:runner_stop_mode=breakeven,delta_impulse_continue_5bar_1.5pt_30d,all,1.5,2,2,breakeven,169,169,169,86,83,61,22,0,0,83,0.49112426,-4875,-6058,-35.84615385,76,93,"two-contract post-signal scalp: one contract exits at first target, one runner uses selected stop mode and runner target"
1,signal_scaled_scalp:strategy=delta_impulse_continue_5bar_1.5pt_30d:direction=all:first_target_points=1.5:stop_points=2:runner_target_points=2:runner_stop_mode=initial,delta_impulse_continue_5bar_1.5pt_30d,all,1.5,2,2,initial,169,169,169,86,83,68,15,0,0,68,0.40236686,-5675,-6858,-40.57988166,76,93,"two-contract post-signal scalp: one contract exits at first target, one runner uses selected stop mode and runner target"
1,signal_scaled_scalp:strategy=delta_impulse_continue_5bar_1.5pt_30d:direction=all:first_target_points=1.5:stop_points=2:runner_target_points=3:runner_stop_mode=breakeven,delta_impulse_continue_5bar_1.5pt_30d,all,1.5,2,3,breakeven,169,169,169,86,83,41,42,0,0,83,0.49112426,-4825,-6008,-35.55029586,76,93,"two-contract post-signal scalp: one contract exits at first target, one runner uses selected stop mode and runner target"
1,signal_scaled_scalp:strategy=delta_impulse_continue_5bar_1.5pt_30d:direction=all:first_target_points=1.5:stop_points=2:runner_target_points=3:runner_stop_mode=initial,delta_impulse_continue_5bar_1.5pt_30d,all,1.5,2,3,initial,169,169,169,86,83,59,24,0,0,59,0.34911243,-4525,-5708,-33.77514793,76,93,"two-contract post-signal scalp: one contract exits at first target, one runner uses selected stop mode and runner target"
1,signal_scaled_scalp:strategy=delta_impulse_continue_5bar_1.5pt_30d:direction=all:first_target_points=1.5:stop_points=2:runner_target_points=5:runner_stop_mode=breakeven,delta_impulse_continue_5bar_1.5pt_30d,all,1.5,2,5,breakeven,169,169,169,86,83,25,58,0,0,83,0.49112426,-4725,-5908,-34.95857988,76,93,"two-contract post-signal scalp: one contract exits at first target, one runner uses selected stop mode and runner target"
1,signal_scaled_scalp:strategy=delta_impulse_continue_5bar_1.5pt_30d:direction=all:first_target_points=1.5:stop_points=2:runner_target_points=5:runner_stop_mode=initial,delta_impulse_continue_5bar_1.5pt_30d,all,1.5,2,5,initial,169,169,169,86,83,40,43,0,0,40,0.23668639,-5275,-6458,-38.21301775,76,93,"two-contract post-signal scalp: one contract exits at first target, one runner uses selected stop mode and runner target"
1,signal_scaled_scalp:strategy=delta_impulse_continue_10bar_2.5pt_50d:direction=all:first_target_points=0.5:stop_points=1:runner_target_points=1.5:runner_stop_mode=breakeven,delta_impulse_continue_10bar_2.5pt_50d,all,0.5,1,1.5,breakeven,167,167,167,73,94,49,45,0,0,94,0.56287425,-1275,-2444,-14.63473054,81,86,"two-contract post-signal scalp: one contract exits at first target, one runner uses selected stop mode and runner target"
1,signal_scaled_scalp:strategy=delta_impulse_continue_10bar_2.5pt_50d:direction=all:first_target_points=0.5:stop_points=1:runner_target_points=1.5:runner_stop_mode=initial,delta_impulse_continue_10bar_2.5pt_50d,all,0.5,1,1.5,initial,167,167,167,73,94,69,25,0,0,69,0.41317365,-1025,-2194,-13.13772455,81,86,"two-contract post-signal scalp: one contract exits at first target, one runner uses selected stop mode and runner target"
1,signal_scaled_scalp:strategy=delta_impulse_continue_10bar_2.5pt_50d:direction=all:first_target_points=0.5:stop_points=1:runner_target_points=2:runner_stop_mode=breakeven,delta_impulse_continue_10bar_2.5pt_50d,all,0.5,1,2,breakeven,167,167,167,73,94,39,55,0,0,94,0.56287425,-1050,-2219,-13.28742515,81,86,"two-contract post-signal scalp: one contract exits at first target, one runner uses selected stop mode and runner target"
1,signal_scaled_scalp:strategy=delta_impulse_continue_10bar_2.5pt_50d:direction=all:first_target_points=0.5:stop_points=1:runner_target_points=2:runner_stop_mode=initial,delta_impulse_continue_10bar_2.5pt_50d,all,0.5,1,2,initial,167,167,167,73,94,54,40,0,0,54,0.32335329,-1550,-2719,-16.28143713,81,86,"two-contract post-signal scalp: one contract exits at first target, one runner uses selected stop mode and runner target"
1,signal_scaled_scalp:strategy=delta_impulse_continue_10bar_2.5pt_50d:direction=all:first_target_points=0.5:stop_points=1:runner_target_points=3:runner_stop_mode=breakeven,delta_impulse_continue_10bar_2.5pt_50d,all,0.5,1,3,breakeven,167,167,167,73,94,30,64,0,0,94,0.56287425,-450,-1619,-9.69461078,81,86,"two-contract post-signal scalp: one contract exits at first target, one runner uses selected stop mode and runner target"
1,signal_scaled_scalp:strategy=delta_impulse_continue_10bar_2.5pt_50d:direction=all:first_target_points=0.5:stop_points=1:runner_target_points=3:runner_stop_mode=initial,delta_impulse_continue_10bar_2.5pt_50d,all,0.5,1,3,initial,167,167,167,73,94,45,49,0,0,45,0.26946108,-650,-1819,-10.89221557,81,86,"two-contract post-signal scalp: one contract exits at first target, one runner uses selected stop mode and runner target"
1,signal_scaled_scalp:strategy=delta_impulse_continue_10bar_2.5pt_50d:direction=all:first_target_points=0.5:stop_points=1:runner_target_points=5:runner_stop_mode=breakeven,delta_impulse_continue_10bar_2.5pt_50d,all,0.5,1,5,breakeven,167,167,167,73,94,20,74,0,0,94,0.56287425,50,-1119,-6.7005988,81,86,"two-contract post-signal scalp: one contract exits at first target, one runner uses selected stop mode and runner target"
1,signal_scaled_scalp:strategy=delta_impulse_continue_10bar_2.5pt_50d:direction=all:first_target_points=0.5:stop_points=1:runner_target_points=5:runner_stop_mode=initial,delta_impulse_continue_10bar_2.5pt_50d,all,0.5,1,5,initial,167,167,167,73,94,34,60,0,0,34,0.20359281,550,-619,-3.70658683,81,86,"two-contract post-signal scalp: one contract exits at first target, one runner uses selected stop mode and runner target"
1,signal_scaled_scalp:strategy=delta_impulse_continue_10bar_2.5pt_50d:direction=all:first_target_points=0.5:stop_points=1.5:runner_target_points=1.5:runner_stop_mode=breakeven,delta_impulse_continue_10bar_2.5pt_50d,all,0.5,1.5,1.5,breakeven,167,167,167,63,104,53,51,0,0,104,0.62275449,-2875,-4044,-24.21556886,81,86,"two-contract post-signal scalp: one contract exits at first target, one runner uses selected stop mode and runner target"
1,signal_scaled_scalp:strategy=delta_impulse_continue_10bar_2.5pt_50d:direction=all:first_target_points=0.5:stop_points=1.5:runner_target_points=1.5:runner_stop_mode=initial,delta_impulse_continue_10bar_2.5pt_50d,all,0.5,1.5,1.5,initial,167,167,167,63,104,77,27,0,0,77,0.46107784,-3100,-4269,-25.56287425,81,86,"two-contract post-signal scalp: one contract exits at first target, one runner uses selected stop mode and runner target"
1,signal_scaled_scalp:strategy=delta_impulse_continue_10bar_2.5pt_50d:direction=all:first_target_points=0.5:stop_points=1.5:runner_target_points=2:runner_stop_mode=breakeven,delta_impulse_continue_10bar_2.5pt_50d,all,0.5,1.5,2,breakeven,167,167,167,63,104,43,61,0,0,104,0.62275449,-2550,-3719,-22.26946108,81,86,"two-contract post-signal scalp: one contract exits at first target, one runner uses selected stop mode and runner target"
1,signal_scaled_scalp:strategy=delta_impulse_continue_10bar_2.5pt_50d:direction=all:first_target_points=0.5:stop_points=1.5:runner_target_points=2:runner_stop_mode=initial,delta_impulse_continue_10bar_2.5pt_50d,all,0.5,1.5,2,initial,167,167,167,63,104,65,39,0,0,65,0.38922156,-3275,-4444,-26.61077844,81,86,"two-contract post-signal scalp: one contract exits at first target, one runner uses selected stop mode and runner target"
1,signal_scaled_scalp:strategy=delta_impulse_continue_10bar_2.5pt_50d:direction=all:first_target_points=0.5:stop_points=1.5:runner_target_points=3:runner_stop_mode=breakeven,delta_impulse_continue_10bar_2.5pt_50d,all,0.5,1.5,3,breakeven,167,167,167,63,104,32,72,0,0,104,0.62275449,-2050,-3219,-19.2754491,81,86,"two-contract post-signal scalp: one contract exits at first target, one runner uses selected stop mode and runner target"
1,signal_scaled_scalp:strategy=delta_impulse_continue_10bar_2.5pt_50d:direction=all:first_target_points=0.5:stop_points=1.5:runner_target_points=3:runner_stop_mode=initial,delta_impulse_continue_10bar_2.5pt_50d,all,0.5,1.5,3,initial,167,167,167,63,104,55,49,0,0,55,0.32934132,-2275,-3444,-20.62275449,81,86,"two-contract post-signal scalp: one contract exits at first target, one runner uses selected stop mode and runner target"
1,signal_scaled_scalp:strategy=delta_impulse_continue_10bar_2.5pt_50d:direction=all:first_target_points=0.5:stop_points=1.5:runner_target_points=5:runner_stop_mode=breakeven,delta_impulse_continue_10bar_2.5pt_50d,all,0.5,1.5,5,breakeven,167,167,167,63,104,21,83,0,0,104,0.62275449,-1600,-2769,-16.58083832,81,86,"two-contract post-signal scalp: one contract exits at first target, one runner uses selected stop mode and runner target"
1,signal_scaled_scalp:strategy=delta_impulse_continue_10bar_2.5pt_50d:direction=all:first_target_points=0.5:stop_points=1.5:runner_target_points=5:runner_stop_mode=initial,delta_impulse_continue_10bar_2.5pt_50d,all,0.5,1.5,5,initial,167,167,167,63,104,44,60,0,0,44,0.26347305,-350,-1519,-9.09580838,81,86,"two-contract post-signal scalp: one contract exits at first target, one runner uses selected stop mode and runner target"
1,signal_scaled_scalp:strategy=delta_impulse_continue_10bar_2.5pt_50d:direction=all:first_target_points=0.5:stop_points=2:runner_target_points=1.5:runner_stop_mode=breakeven,delta_impulse_continue_10bar_2.5pt_50d,all,0.5,2,1.5,breakeven,167,167,167,49,118,54,64,0,0,118,0.70658683,-2800,-3969,-23.76646707,81,86,"two-contract post-signal scalp: one contract exits at first target, one runner uses selected stop mode and runner target"
1,signal_scaled_scalp:strategy=delta_impulse_continue_10bar_2.5pt_50d:direction=all:first_target_points=0.5:stop_points=2:runner_target_points=1.5:runner_stop_mode=initial,delta_impulse_continue_10bar_2.5pt_50d,all,0.5,2,1.5,initial,167,167,167,49,118,86,32,0,0,86,0.51497006,-3600,-4769,-28.55688623,81,86,"two-contract post-signal scalp: one contract exits at first target, one runner uses selected stop mode and runner target"
1,signal_scaled_scalp:strategy=delta_impulse_continue_10bar_2.5pt_50d:direction=all:first_target_points=0.5:stop_points=2:runner_target_points=2:runner_stop_mode=breakeven,delta_impulse_continue_10bar_2.5pt_50d,all,0.5,2,2,breakeven,167,167,167,49,118,44,74,0,0,118,0.70658683,-2450,-3619,-21.67065868,81,86,"two-contract post-signal scalp: one contract exits at first target, one runner uses selected stop mode and runner target"
1,signal_scaled_scalp:strategy=delta_impulse_continue_10bar_2.5pt_50d:direction=all:first_target_points=0.5:stop_points=2:runner_target_points=2:runner_stop_mode=initial,delta_impulse_continue_10bar_2.5pt_50d,all,0.5,2,2,initial,167,167,167,49,118,77,41,0,0,77,0.46107784,-3250,-4419,-26.46107784,81,86,"two-contract post-signal scalp: one contract exits at first target, one runner uses selected stop mode and runner target"
1,signal_scaled_scalp:strategy=delta_impulse_continue_10bar_2.5pt_50d:direction=all:first_target_points=0.5:stop_points=2:runner_target_points=3:runner_stop_mode=breakeven,delta_impulse_continue_10bar_2.5pt_50d,all,0.5,2,3,breakeven,167,167,167,49,118,33,85,0,0,118,0.70658683,-1900,-3069,-18.37724551,81,86,"two-contract post-signal scalp: one contract exits at first target, one runner uses selected stop mode and runner target"
1,signal_scaled_scalp:strategy=delta_impulse_continue_10bar_2.5pt_50d:direction=all:first_target_points=0.5:stop_points=2:runner_target_points=3:runner_stop_mode=initial,delta_impulse_continue_10bar_2.5pt_50d,all,0.5,2,3,initial,167,167,167,49,118,66,52,0,0,66,0.39520958,-2150,-3319,-19.8742515,81,86,"two-contract post-signal scalp: one contract exits at first target, one runner uses selected stop mode and runner target"
1,signal_scaled_scalp:strategy=delta_impulse_continue_10bar_2.5pt_50d:direction=all:first_target_points=0.5:stop_points=2:runner_target_points=5:runner_stop_mode=breakeven,delta_impulse_continue_10bar_2.5pt_50d,all,0.5,2,5,breakeven,167,167,167,49,118,21,97,0,0,118,0.70658683,-1600,-2769,-16.58083832,81,86,"two-contract post-signal scalp: one contract exits at first target, one runner uses selected stop mode and runner target"
1,signal_scaled_scalp:strategy=delta_impulse_continue_10bar_2.5pt_50d:direction=all:first_target_points=0.5:stop_points=2:runner_target_points=5:runner_stop_mode=initial,delta_impulse_continue_10bar_2.5pt_50d,all,0.5,2,5,initial,167,167,167,49,118,52,66,0,0,52,0.31137725,-450,-1619,-9.69461078,81,86,"two-contract post-signal scalp: one contract exits at first target, one runner uses selected stop mode and runner target"
1,signal_scaled_scalp:strategy=delta_impulse_continue_10bar_2.5pt_50d:direction=all:first_target_points=1:stop_points=1:runner_target_points=1.5:runner_stop_mode=breakeven,delta_impulse_continue_10bar_2.5pt_50d,all,1,1,1.5,breakeven,167,167,167,83,84,54,30,0,0,84,0.50299401,-50,-1219,-7.2994012,81,86,"two-contract post-signal scalp: one contract exits at first target, one runner uses selected stop mode and runner target"
1,signal_scaled_scalp:strategy=delta_impulse_continue_10bar_2.5pt_50d:direction=all:first_target_points=1:stop_points=1:runner_target_points=1.5:runner_stop_mode=initial,delta_impulse_continue_10bar_2.5pt_50d,all,1,1,1.5,initial,167,167,167,83,84,69,15,0,0,69,0.41317365,325,-844,-5.05389222,81,86,"two-contract post-signal scalp: one contract exits at first target, one runner uses selected stop mode and runner target"
1,signal_scaled_scalp:strategy=delta_impulse_continue_10bar_2.5pt_50d:direction=all:first_target_points=1:stop_points=1:runner_target_points=2:runner_stop_mode=breakeven,delta_impulse_continue_10bar_2.5pt_50d,all,1,1,2,breakeven,167,167,167,83,84,41,43,0,0,84,0.50299401,0,-1169,-7,81,86,"two-contract post-signal scalp: one contract exits at first target, one runner uses selected stop mode and runner target"
1,signal_scaled_scalp:strategy=delta_impulse_continue_10bar_2.5pt_50d:direction=all:first_target_points=1:stop_points=1:runner_target_points=2:runner_stop_mode=initial,delta_impulse_continue_10bar_2.5pt_50d,all,1,1,2,initial,167,167,167,83,84,54,30,0,0,54,0.32335329,-200,-1369,-8.19760479,81,86,"two-contract post-signal scalp: one contract exits at first target, one runner uses selected stop mode and runner target"
1,signal_scaled_scalp:strategy=delta_impulse_continue_10bar_2.5pt_50d:direction=all:first_target_points=1:stop_points=1:runner_target_points=3:runner_stop_mode=breakeven,delta_impulse_continue_10bar_2.5pt_50d,all,1,1,3,breakeven,167,167,167,83,84,30,54,0,0,84,0.50299401,400,-769,-4.60479042,81,86,"two-contract post-signal scalp: one contract exits at first target, one runner uses selected stop mode and runner target"
1,signal_scaled_scalp:strategy=delta_impulse_continue_10bar_2.5pt_50d:direction=all:first_target_points=1:stop_points=1:runner_target_points=3:runner_stop_mode=initial,delta_impulse_continue_10bar_2.5pt_50d,all,1,1,3,initial,167,167,167,83,84,45,39,0,0,45,0.26946108,700,-469,-2.80838323,81,86,"two-contract post-signal scalp: one contract exits at first target, one runner uses selected stop mode and runner target"
1,signal_scaled_scalp:strategy=delta_impulse_continue_10bar_2.5pt_50d:direction=all:first_target_points=1:stop_points=1:runner_target_points=5:runner_stop_mode=breakeven,delta_impulse_continue_10bar_2.5pt_50d,all,1,1,5,breakeven,167,167,167,83,84,20,64,0,0,84,0.50299401,900,-269,-1.61077844,81,86,"two-contract post-signal scalp: one contract exits at first target, one runner uses selected stop mode and runner target"
1,signal_scaled_scalp:strategy=delta_impulse_continue_10bar_2.5pt_50d:direction=all:first_target_points=1:stop_points=1:runner_target_points=5:runner_stop_mode=initial,delta_impulse_continue_10bar_2.5pt_50d,all,1,1,5,initial,167,167,167,83,84,34,50,0,0,34,0.20359281,1900,731,4.37724551,81,86,"two-contract post-signal scalp: one contract exits at first target, one runner uses selected stop mode and runner target"
1,signal_scaled_scalp:strategy=delta_impulse_continue_10bar_2.5pt_50d:direction=all:first_target_points=1:stop_points=1.5:runner_target_points=1.5:runner_stop_mode=breakeven,delta_impulse_continue_10bar_2.5pt_50d,all,1,1.5,1.5,breakeven,167,167,167,74,93,59,34,0,0,93,0.55688623,-2025,-3194,-19.1257485,81,86,"two-contract post-signal scalp: one contract exits at first target, one runner uses selected stop mode and runner target"
1,signal_scaled_scalp:strategy=delta_impulse_continue_10bar_2.5pt_50d:direction=all:first_target_points=1:stop_points=1.5:runner_target_points=1.5:runner_stop_mode=initial,delta_impulse_continue_10bar_2.5pt_50d,all,1,1.5,1.5,initial,167,167,167,74,93,77,16,0,0,77,0.46107784,-1875,-3044,-18.22754491,81,86,"two-contract post-signal scalp: one contract exits at first target, one runner uses selected stop mode and runner target"
1,signal_scaled_scalp:strategy=delta_impulse_continue_10bar_2.5pt_50d:direction=all:first_target_points=1:stop_points=1.5:runner_target_points=2:runner_stop_mode=breakeven,delta_impulse_continue_10bar_2.5pt_50d,all,1,1.5,2,breakeven,167,167,167,74,93,46,47,0,0,93,0.55688623,-1850,-3019,-18.07784431,81,86,"two-contract post-signal scalp: one contract exits at first target, one runner uses selected stop mode and runner target"
1,signal_scaled_scalp:strategy=delta_impulse_continue_10bar_2.5pt_50d:direction=all:first_target_points=1:stop_points=1.5:runner_target_points=2:runner_stop_mode=initial,delta_impulse_continue_10bar_2.5pt_50d,all,1,1.5,2,initial,167,167,167,74,93,65,28,0,0,65,0.38922156,-2050,-3219,-19.2754491,81,86,"two-contract post-signal scalp: one contract exits at first target, one runner uses selected stop mode and runner target"
1,signal_scaled_scalp:strategy=delta_impulse_continue_10bar_2.5pt_50d:direction=all:first_target_points=1:stop_points=1.5:runner_target_points=3:runner_stop_mode=breakeven,delta_impulse_continue_10bar_2.5pt_50d,all,1,1.5,3,breakeven,167,167,167,74,93,32,61,0,0,93,0.55688623,-1650,-2819,-16.88023952,81,86,"two-contract post-signal scalp: one contract exits at first target, one runner uses selected stop mode and runner target"
1,signal_scaled_scalp:strategy=delta_impulse_continue_10bar_2.5pt_50d:direction=all:first_target_points=1:stop_points=1.5:runner_target_points=3:runner_stop_mode=initial,delta_impulse_continue_10bar_2.5pt_50d,all,1,1.5,3,initial,167,167,167,74,93,55,38,0,0,55,0.32934132,-1050,-2219,-13.28742515,81,86,"two-contract post-signal scalp: one contract exits at first target, one runner uses selected stop mode and runner target"
1,signal_scaled_scalp:strategy=delta_impulse_continue_10bar_2.5pt_50d:direction=all:first_target_points=1:stop_points=1.5:runner_target_points=5:runner_stop_mode=breakeven,delta_impulse_continue_10bar_2.5pt_50d,all,1,1.5,5,breakeven,167,167,167,74,93,21,72,0,0,93,0.55688623,-1200,-2369,-14.18562874,81,86,"two-contract post-signal scalp: one contract exits at first target, one runner uses selected stop mode and runner target"
1,signal_scaled_scalp:strategy=delta_impulse_continue_10bar_2.5pt_50d:direction=all:first_target_points=1:stop_points=1.5:runner_target_points=5:runner_stop_mode=initial,delta_impulse_continue_10bar_2.5pt_50d,all,1,1.5,5,initial,167,167,167,74,93,44,49,0,0,44,0.26347305,875,-294,-1.76047904,81,86,"two-contract post-signal scalp: one contract exits at first target, one runner uses selected stop mode and runner target"
1,signal_scaled_scalp:strategy=delta_impulse_continue_10bar_2.5pt_50d:direction=all:first_target_points=1:stop_points=2:runner_target_points=1.5:runner_stop_mode=breakeven,delta_impulse_continue_10bar_2.5pt_50d,all,1,2,1.5,breakeven,167,167,167,63,104,65,39,0,0,104,0.62275449,-2525,-3694,-22.11976048,81,86,"two-contract post-signal scalp: one contract exits at first target, one runner uses selected stop mode and runner target"
1,signal_scaled_scalp:strategy=delta_impulse_continue_10bar_2.5pt_50d:direction=all:first_target_points=1:stop_points=2:runner_target_points=1.5:runner_stop_mode=initial,delta_impulse_continue_10bar_2.5pt_50d,all,1,2,1.5,initial,167,167,167,63,104,86,18,0,0,86,0.51497006,-2750,-3919,-23.46706587,81,86,"two-contract post-signal scalp: one contract exits at first target, one runner uses selected stop mode and runner target"
1,signal_scaled_scalp:strategy=delta_impulse_continue_10bar_2.5pt_50d:direction=all:first_target_points=1:stop_points=2:runner_target_points=2:runner_stop_mode=breakeven,delta_impulse_continue_10bar_2.5pt_50d,all,1,2,2,breakeven,167,167,167,63,104,52,52,0,0,104,0.62275449,-2200,-3369,-20.17365269,81,86,"two-contract post-signal scalp: one contract exits at first target, one runner uses selected stop mode and runner target"
1,signal_scaled_scalp:strategy=delta_impulse_continue_10bar_2.5pt_50d:direction=all:first_target_points=1:stop_points=2:runner_target_points=2:runner_stop_mode=initial,delta_impulse_continue_10bar_2.5pt_50d,all,1,2,2,initial,167,167,167,63,104,77,27,0,0,77,0.46107784,-2400,-3569,-21.37125749,81,86,"two-contract post-signal scalp: one contract exits at first target, one runner uses selected stop mode and runner target"
1,signal_scaled_scalp:strategy=delta_impulse_continue_10bar_2.5pt_50d:direction=all:first_target_points=1:stop_points=2:runner_target_points=3:runner_stop_mode=breakeven,delta_impulse_continue_10bar_2.5pt_50d,all,1,2,3,breakeven,167,167,167,63,104,37,67,0,0,104,0.62275449,-1850,-3019,-18.07784431,81,86,"two-contract post-signal scalp: one contract exits at first target, one runner uses selected stop mode and runner target"
1,signal_scaled_scalp:strategy=delta_impulse_continue_10bar_2.5pt_50d:direction=all:first_target_points=1:stop_points=2:runner_target_points=3:runner_stop_mode=initial,delta_impulse_continue_10bar_2.5pt_50d,all,1,2,3,initial,167,167,167,63,104,66,38,0,0,66,0.39520958,-1300,-2469,-14.78443114,81,86,"two-contract post-signal scalp: one contract exits at first target, one runner uses selected stop mode and runner target"
1,signal_scaled_scalp:strategy=delta_impulse_continue_10bar_2.5pt_50d:direction=all:first_target_points=1:stop_points=2:runner_target_points=5:runner_stop_mode=breakeven,delta_impulse_continue_10bar_2.5pt_50d,all,1,2,5,breakeven,167,167,167,63,104,22,82,0,0,104,0.62275449,-1900,-3069,-18.37724551,81,86,"two-contract post-signal scalp: one contract exits at first target, one runner uses selected stop mode and runner target"
1,signal_scaled_scalp:strategy=delta_impulse_continue_10bar_2.5pt_50d:direction=all:first_target_points=1:stop_points=2:runner_target_points=5:runner_stop_mode=initial,delta_impulse_continue_10bar_2.5pt_50d,all,1,2,5,initial,167,167,167,63,104,52,52,0,0,52,0.31137725,400,-769,-4.60479042,81,86,"two-contract post-signal scalp: one contract exits at first target, one runner uses selected stop mode and runner target"
1,signal_scaled_scalp:strategy=delta_impulse_continue_10bar_2.5pt_50d:direction=all:first_target_points=1.5:stop_points=1:runner_target_points=2:runner_stop_mode=breakeven,delta_impulse_continue_10bar_2.5pt_50d,all,1.5,1,2,breakeven,167,167,167,98,69,51,18,0,0,69,0.41317365,475,-694,-4.15568862,81,86,"two-contract post-signal scalp: one contract exits at first target, one runner uses selected stop mode and runner target"
1,signal_scaled_scalp:strategy=delta_impulse_continue_10bar_2.5pt_50d:direction=all:first_target_points=1.5:stop_points=1:runner_target_points=2:runner_stop_mode=initial,delta_impulse_continue_10bar_2.5pt_50d,all,1.5,1,2,initial,167,167,167,98,69,54,15,0,0,69,0.41317365,25,-1144,-6.8502994,81,86,"two-contract post-signal scalp: one contract exits at first target, one runner uses selected stop mode and runner target"
1,signal_scaled_scalp:strategy=delta_impulse_continue_10bar_2.5pt_50d:direction=all:first_target_points=1.5:stop_points=1:runner_target_points=3:runner_stop_mode=breakeven,delta_impulse_continue_10bar_2.5pt_50d,all,1.5,1,3,breakeven,167,167,167,98,69,38,31,0,0,69,0.41317365,1075,-94,-0.56287425,81,86,"two-contract post-signal scalp: one contract exits at first target, one runner uses selected stop mode and runner target"
1,signal_scaled_scalp:strategy=delta_impulse_continue_10bar_2.5pt_50d:direction=all:first_target_points=1.5:stop_points=1:runner_target_points=3:runner_stop_mode=initial,delta_impulse_continue_10bar_2.5pt_50d,all,1.5,1,3,initial,167,167,167,98,69,45,24,0,0,69,0.41317365,925,-244,-1.46107784,81,86,"two-contract post-signal scalp: one contract exits at first target, one runner uses selected stop mode and runner target"
1,signal_scaled_scalp:strategy=delta_impulse_continue_10bar_2.5pt_50d:direction=all:first_target_points=1.5:stop_points=1:runner_target_points=5:runner_stop_mode=breakeven,delta_impulse_continue_10bar_2.5pt_50d,all,1.5,1,5,breakeven,167,167,167,98,69,26,43,0,0,69,0.41317365,1875,706,4.22754491,81,86,"two-contract post-signal scalp: one contract exits at first target, one runner uses selected stop mode and runner target"
1,signal_scaled_scalp:strategy=delta_impulse_continue_10bar_2.5pt_50d:direction=all:first_target_points=1.5:stop_points=1:runner_target_points=5:runner_stop_mode=initial,delta_impulse_continue_10bar_2.5pt_50d,all,1.5,1,5,initial,167,167,167,98,69,34,35,0,0,69,0.41317365,2125,956,5.7245509,81,86,"two-contract post-signal scalp: one contract exits at first target, one runner uses selected stop mode and runner target"
1,signal_scaled_scalp:strategy=delta_impulse_continue_10bar_2.5pt_50d:direction=all:first_target_points=1.5:stop_points=1.5:runner_target_points=2:runner_stop_mode=breakeven,delta_impulse_continue_10bar_2.5pt_50d,all,1.5,1.5,2,breakeven,167,167,167,90,77,58,19,0,0,77,0.46107784,-1925,-3094,-18.52694611,81,86,"two-contract post-signal scalp: one contract exits at first target, one runner uses selected stop mode and runner target"
1,signal_scaled_scalp:strategy=delta_impulse_continue_10bar_2.5pt_50d:direction=all:first_target_points=1.5:stop_points=1.5:runner_target_points=2:runner_stop_mode=initial,delta_impulse_continue_10bar_2.5pt_50d,all,1.5,1.5,2,initial,167,167,167,90,77,65,12,0,0,65,0.38922156,-2125,-3294,-19.7245509,81,86,"two-contract post-signal scalp: one contract exits at first target, one runner uses selected stop mode and runner target"
1,signal_scaled_scalp:strategy=delta_impulse_continue_10bar_2.5pt_50d:direction=all:first_target_points=1.5:stop_points=1.5:runner_target_points=3:runner_stop_mode=breakeven,delta_impulse_continue_10bar_2.5pt_50d,all,1.5,1.5,3,breakeven,167,167,167,90,77,41,36,0,0,77,0.46107784,-1575,-2744,-16.43113772,81,86,"two-contract post-signal scalp: one contract exits at first target, one runner uses selected stop mode and runner target"
1,signal_scaled_scalp:strategy=delta_impulse_continue_10bar_2.5pt_50d:direction=all:first_target_points=1.5:stop_points=1.5:runner_target_points=3:runner_stop_mode=initial,delta_impulse_continue_10bar_2.5pt_50d,all,1.5,1.5,3,initial,167,167,167,90,77,55,22,0,0,55,0.32934132,-1125,-2294,-13.73652695,81,86,"two-contract post-signal scalp: one contract exits at first target, one runner uses selected stop mode and runner target"
1,signal_scaled_scalp:strategy=delta_impulse_continue_10bar_2.5pt_50d:direction=all:first_target_points=1.5:stop_points=1.5:runner_target_points=5:runner_stop_mode=breakeven,delta_impulse_continue_10bar_2.5pt_50d,all,1.5,1.5,5,breakeven,167,167,167,90,77,27,50,0,0,77,0.46107784,-975,-2144,-12.83832335,81,86,"two-contract post-signal scalp: one contract exits at first target, one runner uses selected stop mode and runner target"
1,signal_scaled_scalp:strategy=delta_impulse_continue_10bar_2.5pt_50d:direction=all:first_target_points=1.5:stop_points=1.5:runner_target_points=5:runner_stop_mode=initial,delta_impulse_continue_10bar_2.5pt_50d,all,1.5,1.5,5,initial,167,167,167,90,77,44,33,0,0,44,0.26347305,800,-369,-2.20958084,81,86,"two-contract post-signal scalp: one contract exits at first target, one runner uses selected stop mode and runner target"
1,signal_scaled_scalp:strategy=delta_impulse_continue_10bar_2.5pt_50d:direction=all:first_target_points=1.5:stop_points=2:runner_target_points=2:runner_stop_mode=breakeven,delta_impulse_continue_10bar_2.5pt_50d,all,1.5,2,2,breakeven,167,167,167,81,86,67,19,0,0,86,0.51497006,-3050,-4219,-25.26347305,81,86,"two-contract post-signal scalp: one contract exits at first target, one runner uses selected stop mode and runner target"
1,signal_scaled_scalp:strategy=delta_impulse_continue_10bar_2.5pt_50d:direction=all:first_target_points=1.5:stop_points=2:runner_target_points=2:runner_stop_mode=initial,delta_impulse_continue_10bar_2.5pt_50d,all,1.5,2,2,initial,167,167,167,81,86,77,9,0,0,77,0.46107784,-2950,-4119,-24.66467066,81,86,"two-contract post-signal scalp: one contract exits at first target, one runner uses selected stop mode and runner target"
1,signal_scaled_scalp:strategy=delta_impulse_continue_10bar_2.5pt_50d:direction=all:first_target_points=1.5:stop_points=2:runner_target_points=3:runner_stop_mode=breakeven,delta_impulse_continue_10bar_2.5pt_50d,all,1.5,2,3,breakeven,167,167,167,81,86,46,40,0,0,86,0.51497006,-2850,-4019,-24.06586826,81,86,"two-contract post-signal scalp: one contract exits at first target, one runner uses selected stop mode and runner target"
1,signal_scaled_scalp:strategy=delta_impulse_continue_10bar_2.5pt_50d:direction=all:first_target_points=1.5:stop_points=2:runner_target_points=3:runner_stop_mode=initial,delta_impulse_continue_10bar_2.5pt_50d,all,1.5,2,3,initial,167,167,167,81,86,66,20,0,0,66,0.39520958,-1850,-3019,-18.07784431,81,86,"two-contract post-signal scalp: one contract exits at first target, one runner uses selected stop mode and runner target"
1,signal_scaled_scalp:strategy=delta_impulse_continue_10bar_2.5pt_50d:direction=all:first_target_points=1.5:stop_points=2:runner_target_points=5:runner_stop_mode=breakeven,delta_impulse_continue_10bar_2.5pt_50d,all,1.5,2,5,breakeven,167,167,167,81,86,28,58,0,0,86,0.51497006,-2750,-3919,-23.46706587,81,86,"two-contract post-signal scalp: one contract exits at first target, one runner uses selected stop mode and runner target"
1,signal_scaled_scalp:strategy=delta_impulse_continue_10bar_2.5pt_50d:direction=all:first_target_points=1.5:stop_points=2:runner_target_points=5:runner_stop_mode=initial,delta_impulse_continue_10bar_2.5pt_50d,all,1.5,2,5,initial,167,167,167,81,86,52,34,0,0,52,0.31137725,-150,-1319,-7.89820359,81,86,"two-contract post-signal scalp: one contract exits at first target, one runner uses selected stop mode and runner target"
1,signal_scaled_scalp:strategy=delta_absorption_fade_10d_cl0.35:direction=all:first_target_points=0.5:stop_points=1:runner_target_points=1.5:runner_stop_mode=breakeven,delta_absorption_fade_10d_cl0.35,all,0.5,1,1.5,breakeven,151,151,151,68,83,44,39,0,0,83,0.54966887,-1425,-2482,-16.43708609,71,80,"two-contract post-signal scalp: one contract exits at first target, one runner uses selected stop mode and runner target"
1,signal_scaled_scalp:strategy=delta_absorption_fade_10d_cl0.35:direction=all:first_target_points=0.5:stop_points=1:runner_target_points=1.5:runner_stop_mode=initial,delta_absorption_fade_10d_cl0.35,all,0.5,1,1.5,initial,151,151,151,68,83,60,23,0,0,60,0.39735099,-1375,-2432,-16.10596026,71,80,"two-contract post-signal scalp: one contract exits at first target, one runner uses selected stop mode and runner target"
1,signal_scaled_scalp:strategy=delta_absorption_fade_10d_cl0.35:direction=all:first_target_points=0.5:stop_points=1:runner_target_points=2:runner_stop_mode=breakeven,delta_absorption_fade_10d_cl0.35,all,0.5,1,2,breakeven,151,151,151,68,83,32,51,0,0,83,0.54966887,-1525,-2582,-17.09933775,71,80,"two-contract post-signal scalp: one contract exits at first target, one runner uses selected stop mode and runner target"
1,signal_scaled_scalp:strategy=delta_absorption_fade_10d_cl0.35:direction=all:first_target_points=0.5:stop_points=1:runner_target_points=2:runner_stop_mode=initial,delta_absorption_fade_10d_cl0.35,all,0.5,1,2,initial,151,151,151,68,83,48,35,0,0,48,0.31788079,-1675,-2732,-18.09271523,71,80,"two-contract post-signal scalp: one contract exits at first target, one runner uses selected stop mode and runner target"
1,signal_scaled_scalp:strategy=delta_absorption_fade_10d_cl0.35:direction=all:first_target_points=0.5:stop_points=1:runner_target_points=3:runner_stop_mode=breakeven,delta_absorption_fade_10d_cl0.35,all,0.5,1,3,breakeven,151,151,151,68,83,22,61,0,0,83,0.54966887,-1425,-2482,-16.43708609,71,80,"two-contract post-signal scalp: one contract exits at first target, one runner uses selected stop mode and runner target"
1,signal_scaled_scalp:strategy=delta_absorption_fade_10d_cl0.35:direction=all:first_target_points=0.5:stop_points=1:runner_target_points=3:runner_stop_mode=initial,delta_absorption_fade_10d_cl0.35,all,0.5,1,3,initial,151,151,151,68,83,37,46,0,0,37,0.24503311,-1475,-2532,-16.76821192,71,80,"two-contract post-signal scalp: one contract exits at first target, one runner uses selected stop mode and runner target"
1,signal_scaled_scalp:strategy=delta_absorption_fade_10d_cl0.35:direction=all:first_target_points=0.5:stop_points=1:runner_target_points=5:runner_stop_mode=breakeven,delta_absorption_fade_10d_cl0.35,all,0.5,1,5,breakeven,151,151,151,68,83,14,69,0,0,83,0.54966887,-1225,-2282,-15.11258278,71,80,"two-contract post-signal scalp: one contract exits at first target, one runner uses selected stop mode and runner target"
1,signal_scaled_scalp:strategy=delta_absorption_fade_10d_cl0.35:direction=all:first_target_points=0.5:stop_points=1:runner_target_points=5:runner_stop_mode=initial,delta_absorption_fade_10d_cl0.35,all,0.5,1,5,initial,151,151,151,68,83,28,55,0,0,28,0.18543046,-475,-1532,-10.14569536,71,80,"two-contract post-signal scalp: one contract exits at first target, one runner uses selected stop mode and runner target"
1,signal_scaled_scalp:strategy=delta_absorption_fade_10d_cl0.35:direction=all:first_target_points=0.5:stop_points=1.5:runner_target_points=1.5:runner_stop_mode=breakeven,delta_absorption_fade_10d_cl0.35,all,0.5,1.5,1.5,breakeven,151,151,151,56,95,49,46,0,0,95,0.62913907,-2350,-3407,-22.56291391,71,80,"two-contract post-signal scalp: one contract exits at first target, one runner uses selected stop mode and runner target"
1,signal_scaled_scalp:strategy=delta_absorption_fade_10d_cl0.35:direction=all:first_target_points=0.5:stop_points=1.5:runner_target_points=1.5:runner_stop_mode=initial,delta_absorption_fade_10d_cl0.35,all,0.5,1.5,1.5,initial,151,151,151,56,95,73,22,0,0,73,0.48344371,-2200,-3257,-21.56953642,71,80,"two-contract post-signal scalp: one contract exits at first target, one runner uses selected stop mode and runner target"
1,signal_scaled_scalp:strategy=delta_absorption_fade_10d_cl0.35:direction=all:first_target_points=0.5:stop_points=1.5:runner_target_points=2:runner_stop_mode=breakeven,delta_absorption_fade_10d_cl0.35,all,0.5,1.5,2,breakeven,151,151,151,56,95,37,58,0,0,95,0.62913907,-2325,-3382,-22.39735099,71,80,"two-contract post-signal scalp: one contract exits at first target, one runner uses selected stop mode and runner target"
1,signal_scaled_scalp:strategy=delta_absorption_fade_10d_cl0.35:direction=all:first_target_points=0.5:stop_points=1.5:runner_target_points=2:runner_stop_mode=initial,delta_absorption_fade_10d_cl0.35,all,0.5,1.5,2,initial,151,151,151,56,95,61,34,0,0,61,0.40397351,-2475,-3532,-23.39072848,71,80,"two-contract post-signal scalp: one contract exits at first target, one runner uses selected stop mode and runner target"
1,signal_scaled_scalp:strategy=delta_absorption_fade_10d_cl0.35:direction=all:first_target_points=0.5:stop_points=1.5:runner_target_points=3:runner_stop_mode=breakeven,delta_absorption_fade_10d_cl0.35,all,0.5,1.5,3,breakeven,151,151,151,56,95,26,69,0,0,95,0.62913907,-2125,-3182,-21.07284768,71,80,"two-contract post-signal scalp: one contract exits at first target, one runner uses selected stop mode and runner target"
1,signal_scaled_scalp:strategy=delta_absorption_fade_10d_cl0.35:direction=all:first_target_points=0.5:stop_points=1.5:runner_target_points=3:runner_stop_mode=initial,delta_absorption_fade_10d_cl0.35,all,0.5,1.5,3,initial,151,151,151,56,95,49,46,0,0,49,0.32450331,-2125,-3182,-21.07284768,71,80,"two-contract post-signal scalp: one contract exits at first target, one runner uses selected stop mode and runner target"
1,signal_scaled_scalp:strategy=delta_absorption_fade_10d_cl0.35:direction=all:first_target_points=0.5:stop_points=1.5:runner_target_points=5:runner_stop_mode=breakeven,delta_absorption_fade_10d_cl0.35,all,0.5,1.5,5,breakeven,151,151,151,56,95,15,80,0,0,95,0.62913907,-2275,-3332,-22.06622517,71,80,"two-contract post-signal scalp: one contract exits at first target, one runner uses selected stop mode and runner target"
1,signal_scaled_scalp:strategy=delta_absorption_fade_10d_cl0.35:direction=all:first_target_points=0.5:stop_points=1.5:runner_target_points=5:runner_stop_mode=initial,delta_absorption_fade_10d_cl0.35,all,0.5,1.5,5,initial,151,151,151,56,95,35,60,0,0,35,0.23178808,-1775,-2832,-18.75496689,71,80,"two-contract post-signal scalp: one contract exits at first target, one runner uses selected stop mode and runner target"
1,signal_scaled_scalp:strategy=delta_absorption_fade_10d_cl0.35:direction=all:first_target_points=0.5:stop_points=2:runner_target_points=1.5:runner_stop_mode=breakeven,delta_absorption_fade_10d_cl0.35,all,0.5,2,1.5,breakeven,151,151,151,41,110,51,59,0,0,110,0.72847682,-1625,-2682,-17.7615894,71,80,"two-contract post-signal scalp: one contract exits at first target, one runner uses selected stop mode and runner target"
1,signal_scaled_scalp:strategy=delta_absorption_fade_10d_cl0.35:direction=all:first_target_points=0.5:stop_points=2:runner_target_points=1.5:runner_stop_mode=initial,delta_absorption_fade_10d_cl0.35,all,0.5,2,1.5,initial,151,151,151,41,110,87,23,0,0,87,0.57615894,-1225,-2282,-15.11258278,71,80,"two-contract post-signal scalp: one contract exits at first target, one runner uses selected stop mode and runner target"
1,signal_scaled_scalp:strategy=delta_absorption_fade_10d_cl0.35:direction=all:first_target_points=0.5:stop_points=2:runner_target_points=2:runner_stop_mode=breakeven,delta_absorption_fade_10d_cl0.35,all,0.5,2,2,breakeven,151,151,151,41,110,39,71,0,0,110,0.72847682,-1550,-2607,-17.26490066,71,80,"two-contract post-signal scalp: one contract exits at first target, one runner uses selected stop mode and runner target"
1,signal_scaled_scalp:strategy=delta_absorption_fade_10d_cl0.35:direction=all:first_target_points=0.5:stop_points=2:runner_target_points=2:runner_stop_mode=initial,delta_absorption_fade_10d_cl0.35,all,0.5,2,2,initial,151,151,151,41,110,76,34,0,0,76,0.50331126,-1250,-2307,-15.2781457,71,80,"two-contract post-signal scalp: one contract exits at first target, one runner uses selected stop mode and runner target"
1,signal_scaled_scalp:strategy=delta_absorption_fade_10d_cl0.35:direction=all:first_target_points=0.5:stop_points=2:runner_target_points=3:runner_stop_mode=breakeven,delta_absorption_fade_10d_cl0.35,all,0.5,2,3,breakeven,151,151,151,41,110,28,82,0,0,110,0.72847682,-1250,-2307,-15.2781457,71,80,"two-contract post-signal scalp: one contract exits at first target, one runner uses selected stop mode and runner target"
1,signal_scaled_scalp:strategy=delta_absorption_fade_10d_cl0.35:direction=all:first_target_points=0.5:stop_points=2:runner_target_points=3:runner_stop_mode=initial,delta_absorption_fade_10d_cl0.35,all,0.5,2,3,initial,151,151,151,41,110,64,46,0,0,64,0.42384106,-450,-1507,-9.98013245,71,80,"two-contract post-signal scalp: one contract exits at first target, one runner uses selected stop mode and runner target"
1,signal_scaled_scalp:strategy=delta_absorption_fade_10d_cl0.35:direction=all:first_target_points=0.5:stop_points=2:runner_target_points=5:runner_stop_mode=breakeven,delta_absorption_fade_10d_cl0.35,all,0.5,2,5,breakeven,151,151,151,41,110,17,93,0,0,110,0.72847682,-1200,-2257,-14.94701987,71,80,"two-contract post-signal scalp: one contract exits at first target, one runner uses selected stop mode and runner target"
1,signal_scaled_scalp:strategy=delta_absorption_fade_10d_cl0.35:direction=all:first_target_points=0.5:stop_points=2:runner_target_points=5:runner_stop_mode=initial,delta_absorption_fade_10d_cl0.35,all,0.5,2,5,initial,151,151,151,41,110,48,62,0,0,48,0.31788079,350,-707,-4.68211921,71,80,"two-contract post-signal scalp: one contract exits at first target, one runner uses selected stop mode and runner target"
1,signal_scaled_scalp:strategy=delta_absorption_fade_10d_cl0.35:direction=all:first_target_points=1:stop_points=1:runner_target_points=1.5:runner_stop_mode=breakeven,delta_absorption_fade_10d_cl0.35,all,1,1,1.5,breakeven,151,151,151,78,73,54,19,0,0,73,0.48344371,-100,-1157,-7.66225166,71,80,"two-contract post-signal scalp: one contract exits at first target, one runner uses selected stop mode and runner target"
1,signal_scaled_scalp:strategy=delta_absorption_fade_10d_cl0.35:direction=all:first_target_points=1:stop_points=1:runner_target_points=1.5:runner_stop_mode=initial,delta_absorption_fade_10d_cl0.35,all,1,1,1.5,initial,151,151,151,78,73,60,13,0,0,60,0.39735099,-300,-1357,-8.98675497,71,80,"two-contract post-signal scalp: one contract exits at first target, one runner uses selected stop mode and runner target"
1,signal_scaled_scalp:strategy=delta_absorption_fade_10d_cl0.35:direction=all:first_target_points=1:stop_points=1:runner_target_points=2:runner_stop_mode=breakeven,delta_absorption_fade_10d_cl0.35,all,1,1,2,breakeven,151,151,151,78,73,37,36,0,0,73,0.48344371,-450,-1507,-9.98013245,71,80,"two-contract post-signal scalp: one contract exits at first target, one runner uses selected stop mode and runner target"
1,signal_scaled_scalp:strategy=delta_absorption_fade_10d_cl0.35:direction=all:first_target_points=1:stop_points=1:runner_target_points=2:runner_stop_mode=initial,delta_absorption_fade_10d_cl0.35,all,1,1,2,initial,151,151,151,78,73,48,25,0,0,48,0.31788079,-600,-1657,-10.97350993,71,80,"two-contract post-signal scalp: one contract exits at first target, one runner uses selected stop mode and runner target"
1,signal_scaled_scalp:strategy=delta_absorption_fade_10d_cl0.35:direction=all:first_target_points=1:stop_points=1:runner_target_points=3:runner_stop_mode=breakeven,delta_absorption_fade_10d_cl0.35,all,1,1,3,breakeven,151,151,151,78,73,26,47,0,0,73,0.48344371,-250,-1307,-8.65562914,71,80,"two-contract post-signal scalp: one contract exits at first target, one runner uses selected stop mode and runner target"
1,signal_scaled_scalp:strategy=delta_absorption_fade_10d_cl0.35:direction=all:first_target_points=1:stop_points=1:runner_target_points=3:runner_stop_mode=initial,delta_absorption_fade_10d_cl0.35,all,1,1,3,initial,151,151,151,78,73,37,36,0,0,37,0.24503311,-400,-1457,-9.64900662,71,80,"two-contract post-signal scalp: one contract exits at first target, one runner uses selected stop mode and runner target"
1,signal_scaled_scalp:strategy=delta_absorption_fade_10d_cl0.35:direction=all:first_target_points=1:stop_points=1:runner_target_points=5:runner_stop_mode=breakeven,delta_absorption_fade_10d_cl0.35,all,1,1,5,breakeven,151,151,151,78,73,17,56,0,0,73,0.48344371,100,-957,-6.33774834,71,80,"two-contract post-signal scalp: one contract exits at first target, one runner uses selected stop mode and runner target"
1,signal_scaled_scalp:strategy=delta_absorption_fade_10d_cl0.35:direction=all:first_target_points=1:stop_points=1:runner_target_points=5:runner_stop_mode=initial,delta_absorption_fade_10d_cl0.35,all,1,1,5,initial,151,151,151,78,73,28,45,0,0,28,0.18543046,600,-457,-3.02649007,71,80,"two-contract post-signal scalp: one contract exits at first target, one runner uses selected stop mode and runner target"
1,signal_scaled_scalp:strategy=delta_absorption_fade_10d_cl0.35:direction=all:first_target_points=1:stop_points=1.5:runner_target_points=1.5:runner_stop_mode=breakeven,delta_absorption_fade_10d_cl0.35,all,1,1.5,1.5,breakeven,151,151,151,65,86,62,24,0,0,86,0.56953642,-800,-1857,-12.29801325,71,80,"two-contract post-signal scalp: one contract exits at first target, one runner uses selected stop mode and runner target"
1,signal_scaled_scalp:strategy=delta_absorption_fade_10d_cl0.35:direction=all:first_target_points=1:stop_points=1.5:runner_target_points=1.5:runner_stop_mode=initial,delta_absorption_fade_10d_cl0.35,all,1,1.5,1.5,initial,151,151,151,65,86,73,13,0,0,73,0.48344371,-950,-2007,-13.29139073,71,80,"two-contract post-signal scalp: one contract exits at first target, one runner uses selected stop mode and runner target"
1,signal_scaled_scalp:strategy=delta_absorption_fade_10d_cl0.35:direction=all:first_target_points=1:stop_points=1.5:runner_target_points=2:runner_stop_mode=breakeven,delta_absorption_fade_10d_cl0.35,all,1,1.5,2,breakeven,151,151,151,65,86,44,42,0,0,86,0.56953642,-1050,-2107,-13.95364238,71,80,"two-contract post-signal scalp: one contract exits at first target, one runner uses selected stop mode and runner target"
1,signal_scaled_scalp:strategy=delta_absorption_fade_10d_cl0.35:direction=all:first_target_points=1:stop_points=1.5:runner_target_points=2:runner_stop_mode=initial,delta_absorption_fade_10d_cl0.35,all,1,1.5,2,initial,151,151,151,65,86,61,25,0,0,61,0.40397351,-1225,-2282,-15.11258278,71,80,"two-contract post-signal scalp: one contract exits at first target, one runner uses selected stop mode and runner target"
1,signal_scaled_scalp:strategy=delta_absorption_fade_10d_cl0.35:direction=all:first_target_points=1:stop_points=1.5:runner_target_points=3:runner_stop_mode=breakeven,delta_absorption_fade_10d_cl0.35,all,1,1.5,3,breakeven,151,151,151,65,86,32,54,0,0,86,0.56953642,-650,-1707,-11.30463576,71,80,"two-contract post-signal scalp: one contract exits at first target, one runner uses selected stop mode and runner target"
1,signal_scaled_scalp:strategy=delta_absorption_fade_10d_cl0.35:direction=all:first_target_points=1:stop_points=1.5:runner_target_points=3:runner_stop_mode=initial,delta_absorption_fade_10d_cl0.35,all,1,1.5,3,initial,151,151,151,65,86,49,37,0,0,49,0.32450331,-875,-1932,-12.79470199,71,80,"two-contract post-signal scalp: one contract exits at first target, one runner uses selected stop mode and runner target"
1,signal_scaled_scalp:strategy=delta_absorption_fade_10d_cl0.35:direction=all:first_target_points=1:stop_points=1.5:runner_target_points=5:runner_stop_mode=breakeven,delta_absorption_fade_10d_cl0.35,all,1,1.5,5,breakeven,151,151,151,65,86,19,67,0,0,86,0.56953642,-700,-1757,-11.63576159,71,80,"two-contract post-signal scalp: one contract exits at first target, one runner uses selected stop mode and runner target"
1,signal_scaled_scalp:strategy=delta_absorption_fade_10d_cl0.35:direction=all:first_target_points=1:stop_points=1.5:runner_target_points=5:runner_stop_mode=initial,delta_absorption_fade_10d_cl0.35,all,1,1.5,5,initial,151,151,151,65,86,35,51,0,0,35,0.23178808,-525,-1582,-10.47682119,71,80,"two-contract post-signal scalp: one contract exits at first target, one runner uses selected stop mode and runner target"
1,signal_scaled_scalp:strategy=delta_absorption_fade_10d_cl0.35:direction=all:first_target_points=1:stop_points=2:runner_target_points=1.5:runner_stop_mode=breakeven,delta_absorption_fade_10d_cl0.35,all,1,2,1.5,breakeven,151,151,151,51,100,67,33,0,0,100,0.66225166,-175,-1232,-8.1589404,71,80,"two-contract post-signal scalp: one contract exits at first target, one runner uses selected stop mode and runner target"
1,signal_scaled_scalp:strategy=delta_absorption_fade_10d_cl0.35:direction=all:first_target_points=1:stop_points=2:runner_target_points=1.5:runner_stop_mode=initial,delta_absorption_fade_10d_cl0.35,all,1,2,1.5,initial,151,151,151,51,100,87,13,0,0,87,0.57615894,25,-1032,-6.83443709,71,80,"two-contract post-signal scalp: one contract exits at first target, one runner uses selected stop mode and runner target"
1,signal_scaled_scalp:strategy=delta_absorption_fade_10d_cl0.35:direction=all:first_target_points=1:stop_points=2:runner_target_points=2:runner_stop_mode=breakeven,delta_absorption_fade_10d_cl0.35,all,1,2,2,breakeven,151,151,151,51,100,48,52,0,0,100,0.66225166,-400,-1457,-9.64900662,71,80,"two-contract post-signal scalp: one contract exits at first target, one runner uses selected stop mode and runner target"
1,signal_scaled_scalp:strategy=delta_absorption_fade_10d_cl0.35:direction=all:first_target_points=1:stop_points=2:runner_target_points=2:runner_stop_mode=initial,delta_absorption_fade_10d_cl0.35,all,1,2,2,initial,151,151,151,51,100,76,24,0,0,76,0.50331126,0,-1057,-7,71,80,"two-contract post-signal scalp: one contract exits at first target, one runner uses selected stop mode and runner target"
1,signal_scaled_scalp:strategy=delta_absorption_fade_10d_cl0.35:direction=all:first_target_points=1:stop_points=2:runner_target_points=3:runner_stop_mode=breakeven,delta_absorption_fade_10d_cl0.35,all,1,2,3,breakeven,151,151,151,51,100,36,64,0,0,100,0.66225166,200,-857,-5.67549669,71,80,"two-contract post-signal scalp: one contract exits at first target, one runner uses selected stop mode and runner target"
1,signal_scaled_scalp:strategy=delta_absorption_fade_10d_cl0.35:direction=all:first_target_points=1:stop_points=2:runner_target_points=3:runner_stop_mode=initial,delta_absorption_fade_10d_cl0.35,all,1,2,3,initial,151,151,151,51,100,64,36,0,0,64,0.42384106,800,-257,-1.70198675,71,80,"two-contract post-signal scalp: one contract exits at first target, one runner uses selected stop mode and runner target"
1,signal_scaled_scalp:strategy=delta_absorption_fade_10d_cl0.35:direction=all:first_target_points=1:stop_points=2:runner_target_points=5:runner_stop_mode=breakeven,delta_absorption_fade_10d_cl0.35,all,1,2,5,breakeven,151,151,151,51,100,22,78,0,0,100,0.66225166,300,-757,-5.01324503,71,80,"two-contract post-signal scalp: one contract exits at first target, one runner uses selected stop mode and runner target"
1,signal_scaled_scalp:strategy=delta_absorption_fade_10d_cl0.35:direction=all:first_target_points=1:stop_points=2:runner_target_points=5:runner_stop_mode=initial,delta_absorption_fade_10d_cl0.35,all,1,2,5,initial,151,151,151,51,100,48,52,0,0,48,0.31788079,1600,543,3.59602649,71,80,"two-contract post-signal scalp: one contract exits at first target, one runner uses selected stop mode and runner target"
1,signal_scaled_scalp:strategy=delta_absorption_fade_10d_cl0.35:direction=all:first_target_points=1.5:stop_points=1:runner_target_points=2:runner_stop_mode=breakeven,delta_absorption_fade_10d_cl0.35,all,1.5,1,2,breakeven,151,151,151,91,60,40,20,0,0,60,0.39735099,-600,-1657,-10.97350993,71,80,"two-contract post-signal scalp: one contract exits at first target, one runner uses selected stop mode and runner target"
1,signal_scaled_scalp:strategy=delta_absorption_fade_10d_cl0.35:direction=all:first_target_points=1.5:stop_points=1:runner_target_points=2:runner_stop_mode=initial,delta_absorption_fade_10d_cl0.35,all,1.5,1,2,initial,151,151,151,91,60,48,12,0,0,60,0.39735099,-400,-1457,-9.64900662,71,80,"two-contract post-signal scalp: one contract exits at first target, one runner uses selected stop mode and runner target"
1,signal_scaled_scalp:strategy=delta_absorption_fade_10d_cl0.35:direction=all:first_target_points=1.5:stop_points=1:runner_target_points=3:runner_stop_mode=breakeven,delta_absorption_fade_10d_cl0.35,all,1.5,1,3,breakeven,151,151,151,91,60,29,31,0,0,60,0.39735099,-250,-1307,-8.65562914,71,80,"two-contract post-signal scalp: one contract exits at first target, one runner uses selected stop mode and runner target"
1,signal_scaled_scalp:strategy=delta_absorption_fade_10d_cl0.35:direction=all:first_target_points=1.5:stop_points=1:runner_target_points=3:runner_stop_mode=initial,delta_absorption_fade_10d_cl0.35,all,1.5,1,3,initial,151,151,151,91,60,37,23,0,0,60,0.39735099,-200,-1257,-8.32450331,71,80,"two-contract post-signal scalp: one contract exits at first target, one runner uses selected stop mode and runner target"
1,signal_scaled_scalp:strategy=delta_absorption_fade_10d_cl0.35:direction=all:first_target_points=1.5:stop_points=1:runner_target_points=5:runner_stop_mode=breakeven,delta_absorption_fade_10d_cl0.35,all,1.5,1,5,breakeven,151,151,151,91,60,19,41,0,0,60,0.39735099,150,-907,-6.00662252,71,80,"two-contract post-signal scalp: one contract exits at first target, one runner uses selected stop mode and runner target"
1,signal_scaled_scalp:strategy=delta_absorption_fade_10d_cl0.35:direction=all:first_target_points=1.5:stop_points=1:runner_target_points=5:runner_stop_mode=initial,delta_absorption_fade_10d_cl0.35,all,1.5,1,5,initial,151,151,151,91,60,28,32,0,0,60,0.39735099,800,-257,-1.70198675,71,80,"two-contract post-signal scalp: one contract exits at first target, one runner uses selected stop mode and runner target"
1,signal_scaled_scalp:strategy=delta_absorption_fade_10d_cl0.35:direction=all:first_target_points=1.5:stop_points=1.5:runner_target_points=2:runner_stop_mode=breakeven,delta_absorption_fade_10d_cl0.35,all,1.5,1.5,2,breakeven,151,151,151,78,73,51,22,0,0,73,0.48344371,-1125,-2182,-14.45033113,71,80,"two-contract post-signal scalp: one contract exits at first target, one runner uses selected stop mode and runner target"
1,signal_scaled_scalp:strategy=delta_absorption_fade_10d_cl0.35:direction=all:first_target_points=1.5:stop_points=1.5:runner_target_points=2:runner_stop_mode=initial,delta_absorption_fade_10d_cl0.35,all,1.5,1.5,2,initial,151,151,151,78,73,61,12,0,0,61,0.40397351,-1025,-2082,-13.78807947,71,80,"two-contract post-signal scalp: one contract exits at first target, one runner uses selected stop mode and runner target"
1,signal_scaled_scalp:strategy=delta_absorption_fade_10d_cl0.35:direction=all:first_target_points=1.5:stop_points=1.5:runner_target_points=3:runner_stop_mode=breakeven,delta_absorption_fade_10d_cl0.35,all,1.5,1.5,3,breakeven,151,151,151,78,73,37,36,0,0,73,0.48344371,-675,-1732,-11.47019868,71,80,"two-contract post-signal scalp: one contract exits at first target, one runner uses selected stop mode and runner target"
1,signal_scaled_scalp:strategy=delta_absorption_fade_10d_cl0.35:direction=all:first_target_points=1.5:stop_points=1.5:runner_target_points=3:runner_stop_mode=initial,delta_absorption_fade_10d_cl0.35,all,1.5,1.5,3,initial,151,151,151,78,73,49,24,0,0,49,0.32450331,-675,-1732,-11.47019868,71,80,"two-contract post-signal scalp: one contract exits at first target, one runner uses selected stop mode and runner target"
1,signal_scaled_scalp:strategy=delta_absorption_fade_10d_cl0.35:direction=all:first_target_points=1.5:stop_points=1.5:runner_target_points=5:runner_stop_mode=breakeven,delta_absorption_fade_10d_cl0.35,all,1.5,1.5,5,breakeven,151,151,151,78,73,21,52,0,0,73,0.48344371,-975,-2032,-13.45695364,71,80,"two-contract post-signal scalp: one contract exits at first target, one runner uses selected stop mode and runner target"
1,signal_scaled_scalp:strategy=delta_absorption_fade_10d_cl0.35:direction=all:first_target_points=1.5:stop_points=1.5:runner_target_points=5:runner_stop_mode=initial,delta_absorption_fade_10d_cl0.35,all,1.5,1.5,5,initial,151,151,151,78,73,35,38,0,0,35,0.23178808,-325,-1382,-9.15231788,71,80,"two-contract post-signal scalp: one contract exits at first target, one runner uses selected stop mode and runner target"
1,signal_scaled_scalp:strategy=delta_absorption_fade_10d_cl0.35:direction=all:first_target_points=1.5:stop_points=2:runner_target_points=2:runner_stop_mode=breakeven,delta_absorption_fade_10d_cl0.35,all,1.5,2,2,breakeven,151,151,151,64,87,63,24,0,0,87,0.57615894,25,-1032,-6.83443709,71,80,"two-contract post-signal scalp: one contract exits at first target, one runner uses selected stop mode and runner target"
1,signal_scaled_scalp:strategy=delta_absorption_fade_10d_cl0.35:direction=all:first_target_points=1.5:stop_points=2:runner_target_points=2:runner_stop_mode=initial,delta_absorption_fade_10d_cl0.35,all,1.5,2,2,initial,151,151,151,64,87,76,11,0,0,76,0.50331126,225,-832,-5.50993377,71,80,"two-contract post-signal scalp: one contract exits at first target, one runner uses selected stop mode and runner target"
1,signal_scaled_scalp:strategy=delta_absorption_fade_10d_cl0.35:direction=all:first_target_points=1.5:stop_points=2:runner_target_points=3:runner_stop_mode=breakeven,delta_absorption_fade_10d_cl0.35,all,1.5,2,3,breakeven,151,151,151,64,87,47,40,0,0,87,0.57615894,775,-282,-1.86754967,71,80,"two-contract post-signal scalp: one contract exits at first target, one runner uses selected stop mode and runner target"
1,signal_scaled_scalp:strategy=delta_absorption_fade_10d_cl0.35:direction=all:first_target_points=1.5:stop_points=2:runner_target_points=3:runner_stop_mode=initial,delta_absorption_fade_10d_cl0.35,all,1.5,2,3,initial,151,151,151,64,87,64,23,0,0,64,0.42384106,1025,-32,-0.21192053,71,80,"two-contract post-signal scalp: one contract exits at first target, one runner uses selected stop mode and runner target"
1,signal_scaled_scalp:strategy=delta_absorption_fade_10d_cl0.35:direction=all:first_target_points=1.5:stop_points=2:runner_target_points=5:runner_stop_mode=breakeven,delta_absorption_fade_10d_cl0.35,all,1.5,2,5,breakeven,151,151,151,64,87,28,59,0,0,87,0.57615894,725,-332,-2.1986755,71,80,"two-contract post-signal scalp: one contract exits at first target, one runner uses selected stop mode and runner target"
1,signal_scaled_scalp:strategy=delta_absorption_fade_10d_cl0.35:direction=all:first_target_points=1.5:stop_points=2:runner_target_points=5:runner_stop_mode=initial,delta_absorption_fade_10d_cl0.35,all,1.5,2,5,initial,151,151,151,64,87,48,39,0,0,48,0.31788079,1825,768,5.08609272,71,80,"two-contract post-signal scalp: one contract exits at first target, one runner uses selected stop mode and runner target"
1,signal_scaled_scalp:strategy=delta_absorption_fade_20d_cl0.35:direction=all:first_target_points=0.5:stop_points=1:runner_target_points=1.5:runner_stop_mode=breakeven,delta_absorption_fade_20d_cl0.35,all,0.5,1,1.5,breakeven,132,132,132,62,70,38,32,0,0,70,0.53030303,-1600,-2524,-19.12121212,61,71,"two-contract post-signal scalp: one contract exits at first target, one runner uses selected stop mode and runner target"
1,signal_scaled_scalp:strategy=delta_absorption_fade_20d_cl0.35:direction=all:first_target_points=0.5:stop_points=1:runner_target_points=1.5:runner_stop_mode=initial,delta_absorption_fade_20d_cl0.35,all,0.5,1,1.5,initial,132,132,132,62,70,47,23,0,0,47,0.35606061,-2075,-2999,-22.71969697,61,71,"two-contract post-signal scalp: one contract exits at first target, one runner uses selected stop mode and runner target"
1,signal_scaled_scalp:strategy=delta_absorption_fade_20d_cl0.35:direction=all:first_target_points=0.5:stop_points=1:runner_target_points=2:runner_stop_mode=breakeven,delta_absorption_fade_20d_cl0.35,all,0.5,1,2,breakeven,132,132,132,62,70,25,45,0,0,70,0.53030303,-1950,-2874,-21.77272727,61,71,"two-contract post-signal scalp: one contract exits at first target, one runner uses selected stop mode and runner target"
1,signal_scaled_scalp:strategy=delta_absorption_fade_20d_cl0.35:direction=all:first_target_points=0.5:stop_points=1:runner_target_points=2:runner_stop_mode=initial,delta_absorption_fade_20d_cl0.35,all,0.5,1,2,initial,132,132,132,62,70,32,38,0,0,32,0.24242424,-3150,-4074,-30.86363636,61,71,"two-contract post-signal scalp: one contract exits at first target, one runner uses selected stop mode and runner target"
1,signal_scaled_scalp:strategy=delta_absorption_fade_20d_cl0.35:direction=all:first_target_points=0.5:stop_points=1:runner_target_points=3:runner_stop_mode=breakeven,delta_absorption_fade_20d_cl0.35,all,0.5,1,3,breakeven,132,132,132,62,70,18,52,0,0,70,0.53030303,-1750,-2674,-20.25757576,61,71,"two-contract post-signal scalp: one contract exits at first target, one runner uses selected stop mode and runner target"
1,signal_scaled_scalp:strategy=delta_absorption_fade_20d_cl0.35:direction=all:first_target_points=0.5:stop_points=1:runner_target_points=3:runner_stop_mode=initial,delta_absorption_fade_20d_cl0.35,all,0.5,1,3,initial,132,132,132,62,70,21,49,0,0,21,0.15909091,-3750,-4674,-35.40909091,61,71,"two-contract post-signal scalp: one contract exits at first target, one runner uses selected stop mode and runner target"
1,signal_scaled_scalp:strategy=delta_absorption_fade_20d_cl0.35:direction=all:first_target_points=0.5:stop_points=1:runner_target_points=5:runner_stop_mode=breakeven,delta_absorption_fade_20d_cl0.35,all,0.5,1,5,breakeven,132,132,132,62,70,12,58,0,0,70,0.53030303,-1450,-2374,-17.98484848,61,71,"two-contract post-signal scalp: one contract exits at first target, one runner uses selected stop mode and runner target"
1,signal_scaled_scalp:strategy=delta_absorption_fade_20d_cl0.35:direction=all:first_target_points=0.5:stop_points=1:runner_target_points=5:runner_stop_mode=initial,delta_absorption_fade_20d_cl0.35,all,0.5,1,5,initial,132,132,132,62,70,15,55,0,0,15,0.11363636,-3450,-4374,-33.13636364,61,71,"two-contract post-signal scalp: one contract exits at first target, one runner uses selected stop mode and runner target"
1,signal_scaled_scalp:strategy=delta_absorption_fade_20d_cl0.35:direction=all:first_target_points=0.5:stop_points=1.5:runner_target_points=1.5:runner_stop_mode=breakeven,delta_absorption_fade_20d_cl0.35,all,0.5,1.5,1.5,breakeven,132,132,132,48,84,42,42,0,0,84,0.63636364,-1950,-2874,-21.77272727,61,71,"two-contract post-signal scalp: one contract exits at first target, one runner uses selected stop mode and runner target"
1,signal_scaled_scalp:strategy=delta_absorption_fade_20d_cl0.35:direction=all:first_target_points=0.5:stop_points=1.5:runner_target_points=1.5:runner_stop_mode=initial,delta_absorption_fade_20d_cl0.35,all,0.5,1.5,1.5,initial,132,132,132,48,84,57,27,0,0,57,0.43181818,-2850,-3774,-28.59090909,61,71,"two-contract post-signal scalp: one contract exits at first target, one runner uses selected stop mode and runner target"
1,signal_scaled_scalp:strategy=delta_absorption_fade_20d_cl0.35:direction=all:first_target_points=0.5:stop_points=1.5:runner_target_points=2:runner_stop_mode=breakeven,delta_absorption_fade_20d_cl0.35,all,0.5,1.5,2,breakeven,132,132,132,48,84,27,57,0,0,84,0.63636364,-2400,-3324,-25.18181818,61,71,"two-contract post-signal scalp: one contract exits at first target, one runner uses selected stop mode and runner target"
1,signal_scaled_scalp:strategy=delta_absorption_fade_20d_cl0.35:direction=all:first_target_points=0.5:stop_points=1.5:runner_target_points=2:runner_stop_mode=initial,delta_absorption_fade_20d_cl0.35,all,0.5,1.5,2,initial,132,132,132,48,84,43,41,0,0,43,0.32575758,-3875,-4799,-36.35606061,61,71,"two-contract post-signal scalp: one contract exits at first target, one runner uses selected stop mode and runner target"
1,signal_scaled_scalp:strategy=delta_absorption_fade_20d_cl0.35:direction=all:first_target_points=0.5:stop_points=1.5:runner_target_points=3:runner_stop_mode=breakeven,delta_absorption_fade_20d_cl0.35,all,0.5,1.5,3,breakeven,132,132,132,48,84,19,65,0,0,84,0.63636364,-2250,-3174,-24.04545455,61,71,"two-contract post-signal scalp: one contract exits at first target, one runner uses selected stop mode and runner target"
1,signal_scaled_scalp:strategy=delta_absorption_fade_20d_cl0.35:direction=all:first_target_points=0.5:stop_points=1.5:runner_target_points=3:runner_stop_mode=initial,delta_absorption_fade_20d_cl0.35,all,0.5,1.5,3,initial,132,132,132,48,84,30,54,0,0,30,0.22727273,-4650,-5574,-42.22727273,61,71,"two-contract post-signal scalp: one contract exits at first target, one runner uses selected stop mode and runner target"
1,signal_scaled_scalp:strategy=delta_absorption_fade_20d_cl0.35:direction=all:first_target_points=0.5:stop_points=1.5:runner_target_points=5:runner_stop_mode=breakeven,delta_absorption_fade_20d_cl0.35,all,0.5,1.5,5,breakeven,132,132,132,48,84,13,71,0,0,84,0.63636364,-1850,-2774,-21.01515152,61,71,"two-contract post-signal scalp: one contract exits at first target, one runner uses selected stop mode and runner target"
1,signal_scaled_scalp:strategy=delta_absorption_fade_20d_cl0.35:direction=all:first_target_points=0.5:stop_points=1.5:runner_target_points=5:runner_stop_mode=initial,delta_absorption_fade_20d_cl0.35,all,0.5,1.5,5,initial,132,132,132,48,84,21,63,0,0,21,0.15909091,-4575,-5499,-41.65909091,61,71,"two-contract post-signal scalp: one contract exits at first target, one runner uses selected stop mode and runner target"
1,signal_scaled_scalp:strategy=delta_absorption_fade_20d_cl0.35:direction=all:first_target_points=0.5:stop_points=2:runner_target_points=1.5:runner_stop_mode=breakeven,delta_absorption_fade_20d_cl0.35,all,0.5,2,1.5,breakeven,132,132,132,39,93,45,48,0,0,93,0.70454545,-2100,-3024,-22.90909091,61,71,"two-contract post-signal scalp: one contract exits at first target, one runner uses selected stop mode and runner target"
1,signal_scaled_scalp:strategy=delta_absorption_fade_20d_cl0.35:direction=all:first_target_points=0.5:stop_points=2:runner_target_points=1.5:runner_stop_mode=initial,delta_absorption_fade_20d_cl0.35,all,0.5,2,1.5,initial,132,132,132,39,93,68,25,0,0,68,0.51515152,-2875,-3799,-28.78030303,61,71,"two-contract post-signal scalp: one contract exits at first target, one runner uses selected stop mode and runner target"
1,signal_scaled_scalp:strategy=delta_absorption_fade_20d_cl0.35:direction=all:first_target_points=0.5:stop_points=2:runner_target_points=2:runner_stop_mode=breakeven,delta_absorption_fade_20d_cl0.35,all,0.5,2,2,breakeven,132,132,132,39,93,30,63,0,0,93,0.70454545,-2475,-3399,-25.75,61,71,"two-contract post-signal scalp: one contract exits at first target, one runner uses selected stop mode and runner target"
1,signal_scaled_scalp:strategy=delta_absorption_fade_20d_cl0.35:direction=all:first_target_points=0.5:stop_points=2:runner_target_points=2:runner_stop_mode=initial,delta_absorption_fade_20d_cl0.35,all,0.5,2,2,initial,132,132,132,39,93,57,36,0,0,57,0.43181818,-3375,-4299,-32.56818182,61,71,"two-contract post-signal scalp: one contract exits at first target, one runner uses selected stop mode and runner target"
1,signal_scaled_scalp:strategy=delta_absorption_fade_20d_cl0.35:direction=all:first_target_points=0.5:stop_points=2:runner_target_points=3:runner_stop_mode=breakeven,delta_absorption_fade_20d_cl0.35,all,0.5,2,3,breakeven,132,132,132,39,93,22,71,0,0,93,0.70454545,-2175,-3099,-23.47727273,61,71,"two-contract post-signal scalp: one contract exits at first target, one runner uses selected stop mode and runner target"
1,signal_scaled_scalp:strategy=delta_absorption_fade_20d_cl0.35:direction=all:first_target_points=0.5:stop_points=2:runner_target_points=3:runner_stop_mode=initial,delta_absorption_fade_20d_cl0.35,all,0.5,2,3,initial,132,132,132,39,93,42,51,0,0,42,0.31818182,-4275,-5199,-39.38636364,61,71,"two-contract post-signal scalp: one contract exits at first target, one runner uses selected stop mode and runner target"
1,signal_scaled_scalp:strategy=delta_absorption_fade_20d_cl0.35:direction=all:first_target_points=0.5:stop_points=2:runner_target_points=5:runner_stop_mode=breakeven,delta_absorption_fade_20d_cl0.35,all,0.5,2,5,breakeven,132,132,132,39,93,14,79,0,0,93,0.70454545,-1975,-2899,-21.96212121,61,71,"two-contract post-signal scalp: one contract exits at first target, one runner uses selected stop mode and runner target"
1,signal_scaled_scalp:strategy=delta_absorption_fade_20d_cl0.35:direction=all:first_target_points=0.5:stop_points=2:runner_target_points=5:runner_stop_mode=initial,delta_absorption_fade_20d_cl0.35,all,0.5,2,5,initial,132,132,132,39,93,31,62,0,0,31,0.23484848,-3925,-4849,-36.73484848,61,71,"two-contract post-signal scalp: one contract exits at first target, one runner uses selected stop mode and runner target"
1,signal_scaled_scalp:strategy=delta_absorption_fade_20d_cl0.35:direction=all:first_target_points=1:stop_points=1:runner_target_points=1.5:runner_stop_mode=breakeven,delta_absorption_fade_20d_cl0.35,all,1,1,1.5,breakeven,132,132,132,71,61,42,19,0,0,61,0.46212121,-900,-1824,-13.81818182,61,71,"two-contract post-signal scalp: one contract exits at first target, one runner uses selected stop mode and runner target"
1,signal_scaled_scalp:strategy=delta_absorption_fade_20d_cl0.35:direction=all:first_target_points=1:stop_points=1:runner_target_points=1.5:runner_stop_mode=initial,delta_absorption_fade_20d_cl0.35,all,1,1,1.5,initial,132,132,132,71,61,47,14,0,0,47,0.35606061,-1225,-2149,-16.28030303,61,71,"two-contract post-signal scalp: one contract exits at first target, one runner uses selected stop mode and runner target"
1,signal_scaled_scalp:strategy=delta_absorption_fade_20d_cl0.35:direction=all:first_target_points=1:stop_points=1:runner_target_points=2:runner_stop_mode=breakeven,delta_absorption_fade_20d_cl0.35,all,1,1,2,breakeven,132,132,132,71,61,27,34,0,0,61,0.46212121,-1350,-2274,-17.22727273,61,71,"two-contract post-signal scalp: one contract exits at first target, one runner uses selected stop mode and runner target"
1,signal_scaled_scalp:strategy=delta_absorption_fade_20d_cl0.35:direction=all:first_target_points=1:stop_points=1:runner_target_points=2:runner_stop_mode=initial,delta_absorption_fade_20d_cl0.35,all,1,1,2,initial,132,132,132,71,61,32,29,0,0,32,0.24242424,-2300,-3224,-24.42424242,61,71,"two-contract post-signal scalp: one contract exits at first target, one runner uses selected stop mode and runner target"
1,signal_scaled_scalp:strategy=delta_absorption_fade_20d_cl0.35:direction=all:first_target_points=1:stop_points=1:runner_target_points=3:runner_stop_mode=breakeven,delta_absorption_fade_20d_cl0.35,all,1,1,3,breakeven,132,132,132,71,61,18,43,0,0,61,0.46212121,-1350,-2274,-17.22727273,61,71,"two-contract post-signal scalp: one contract exits at first target, one runner uses selected stop mode and runner target"
1,signal_scaled_scalp:strategy=delta_absorption_fade_20d_cl0.35:direction=all:first_target_points=1:stop_points=1:runner_target_points=3:runner_stop_mode=initial,delta_absorption_fade_20d_cl0.35,all,1,1,3,initial,132,132,132,71,61,21,40,0,0,21,0.15909091,-2900,-3824,-28.96969697,61,71,"two-contract post-signal scalp: one contract exits at first target, one runner uses selected stop mode and runner target"
1,signal_scaled_scalp:strategy=delta_absorption_fade_20d_cl0.35:direction=all:first_target_points=1:stop_points=1:runner_target_points=5:runner_stop_mode=breakeven,delta_absorption_fade_20d_cl0.35,all,1,1,5,breakeven,132,132,132,71,61,12,49,0,0,61,0.46212121,-1050,-1974,-14.95454545,61,71,"two-contract post-signal scalp: one contract exits at first target, one runner uses selected stop mode and runner target"
1,signal_scaled_scalp:strategy=delta_absorption_fade_20d_cl0.35:direction=all:first_target_points=1:stop_points=1:runner_target_points=5:runner_stop_mode=initial,delta_absorption_fade_20d_cl0.35,all,1,1,5,initial,132,132,132,71,61,15,46,0,0,15,0.11363636,-2600,-3524,-26.6969697,61,71,"two-contract post-signal scalp: one contract exits at first target, one runner uses selected stop mode and runner target"
1,signal_scaled_scalp:strategy=delta_absorption_fade_20d_cl0.35:direction=all:first_target_points=1:stop_points=1.5:runner_target_points=1.5:runner_stop_mode=breakeven,delta_absorption_fade_20d_cl0.35,all,1,1.5,1.5,breakeven,132,132,132,60,72,48,24,0,0,72,0.54545455,-1800,-2724,-20.63636364,61,71,"two-contract post-signal scalp: one contract exits at first target, one runner uses selected stop mode and runner target"
1,signal_scaled_scalp:strategy=delta_absorption_fade_20d_cl0.35:direction=all:first_target_points=1:stop_points=1.5:runner_target_points=1.5:runner_stop_mode=initial,delta_absorption_fade_20d_cl0.35,all,1,1.5,1.5,initial,132,132,132,60,72,57,15,0,0,57,0.43181818,-2250,-3174,-24.04545455,61,71,"two-contract post-signal scalp: one contract exits at first target, one runner uses selected stop mode and runner target"
1,signal_scaled_scalp:strategy=delta_absorption_fade_20d_cl0.35:direction=all:first_target_points=1:stop_points=1.5:runner_target_points=2:runner_stop_mode=breakeven,delta_absorption_fade_20d_cl0.35,all,1,1.5,2,breakeven,132,132,132,60,72,31,41,0,0,72,0.54545455,-2300,-3224,-24.42424242,61,71,"two-contract post-signal scalp: one contract exits at first target, one runner uses selected stop mode and runner target"
1,signal_scaled_scalp:strategy=delta_absorption_fade_20d_cl0.35:direction=all:first_target_points=1:stop_points=1.5:runner_target_points=2:runner_stop_mode=initial,delta_absorption_fade_20d_cl0.35,all,1,1.5,2,initial,132,132,132,60,72,43,29,0,0,43,0.32575758,-3275,-4199,-31.81060606,61,71,"two-contract post-signal scalp: one contract exits at first target, one runner uses selected stop mode and runner target"
1,signal_scaled_scalp:strategy=delta_absorption_fade_20d_cl0.35:direction=all:first_target_points=1:stop_points=1.5:runner_target_points=3:runner_stop_mode=breakeven,delta_absorption_fade_20d_cl0.35,all,1,1.5,3,breakeven,132,132,132,60,72,20,52,0,0,72,0.54545455,-2400,-3324,-25.18181818,61,71,"two-contract post-signal scalp: one contract exits at first target, one runner uses selected stop mode and runner target"
1,signal_scaled_scalp:strategy=delta_absorption_fade_20d_cl0.35:direction=all:first_target_points=1:stop_points=1.5:runner_target_points=3:runner_stop_mode=initial,delta_absorption_fade_20d_cl0.35,all,1,1.5,3,initial,132,132,132,60,72,30,42,0,0,30,0.22727273,-4050,-4974,-37.68181818,61,71,"two-contract post-signal scalp: one contract exits at first target, one runner uses selected stop mode and runner target"
1,signal_scaled_scalp:strategy=delta_absorption_fade_20d_cl0.35:direction=all:first_target_points=1:stop_points=1.5:runner_target_points=5:runner_stop_mode=breakeven,delta_absorption_fade_20d_cl0.35,all,1,1.5,5,breakeven,132,132,132,60,72,13,59,0,0,72,0.54545455,-2150,-3074,-23.28787879,61,71,"two-contract post-signal scalp: one contract exits at first target, one runner uses selected stop mode and runner target"
1,signal_scaled_scalp:strategy=delta_absorption_fade_20d_cl0.35:direction=all:first_target_points=1:stop_points=1.5:runner_target_points=5:runner_stop_mode=initial,delta_absorption_fade_20d_cl0.35,all,1,1.5,5,initial,132,132,132,60,72,21,51,0,0,21,0.15909091,-3975,-4899,-37.11363636,61,71,"two-contract post-signal scalp: one contract exits at first target, one runner uses selected stop mode and runner target"
1,signal_scaled_scalp:strategy=delta_absorption_fade_20d_cl0.35:direction=all:first_target_points=1:stop_points=2:runner_target_points=1.5:runner_stop_mode=breakeven,delta_absorption_fade_20d_cl0.35,all,1,2,1.5,breakeven,132,132,132,51,81,54,27,0,0,81,0.61363636,-2100,-3024,-22.90909091,61,71,"two-contract post-signal scalp: one contract exits at first target, one runner uses selected stop mode and runner target"
1,signal_scaled_scalp:strategy=delta_absorption_fade_20d_cl0.35:direction=all:first_target_points=1:stop_points=2:runner_target_points=1.5:runner_stop_mode=initial,delta_absorption_fade_20d_cl0.35,all,1,2,1.5,initial,132,132,132,51,81,68,13,0,0,68,0.51515152,-2350,-3274,-24.8030303,61,71,"two-contract post-signal scalp: one contract exits at first target, one runner uses selected stop mode and runner target"
1,signal_scaled_scalp:strategy=delta_absorption_fade_20d_cl0.35:direction=all:first_target_points=1:stop_points=2:runner_target_points=2:runner_stop_mode=breakeven,delta_absorption_fade_20d_cl0.35,all,1,2,2,breakeven,132,132,132,51,81,36,45,0,0,81,0.61363636,-2550,-3474,-26.31818182,61,71,"two-contract post-signal scalp: one contract exits at first target, one runner uses selected stop mode and runner target"
1,signal_scaled_scalp:strategy=delta_absorption_fade_20d_cl0.35:direction=all:first_target_points=1:stop_points=2:runner_target_points=2:runner_stop_mode=initial,delta_absorption_fade_20d_cl0.35,all,1,2,2,initial,132,132,132,51,81,57,24,0,0,57,0.43181818,-2850,-3774,-28.59090909,61,71,"two-contract post-signal scalp: one contract exits at first target, one runner uses selected stop mode and runner target"
1,signal_scaled_scalp:strategy=delta_absorption_fade_20d_cl0.35:direction=all:first_target_points=1:stop_points=2:runner_target_points=3:runner_stop_mode=breakeven,delta_absorption_fade_20d_cl0.35,all,1,2,3,breakeven,132,132,132,51,81,24,57,0,0,81,0.61363636,-2550,-3474,-26.31818182,61,71,"two-contract post-signal scalp: one contract exits at first target, one runner uses selected stop mode and runner target"
1,signal_scaled_scalp:strategy=delta_absorption_fade_20d_cl0.35:direction=all:first_target_points=1:stop_points=2:runner_target_points=3:runner_stop_mode=initial,delta_absorption_fade_20d_cl0.35,all,1,2,3,initial,132,132,132,51,81,42,39,0,0,42,0.31818182,-3750,-4674,-35.40909091,61,71,"two-contract post-signal scalp: one contract exits at first target, one runner uses selected stop mode and runner target"
1,signal_scaled_scalp:strategy=delta_absorption_fade_20d_cl0.35:direction=all:first_target_points=1:stop_points=2:runner_target_points=5:runner_stop_mode=breakeven,delta_absorption_fade_20d_cl0.35,all,1,2,5,breakeven,132,132,132,51,81,15,66,0,0,81,0.61363636,-2400,-3324,-25.18181818,61,71,"two-contract post-signal scalp: one contract exits at first target, one runner uses selected stop mode and runner target"
1,signal_scaled_scalp:strategy=delta_absorption_fade_20d_cl0.35:direction=all:first_target_points=1:stop_points=2:runner_target_points=5:runner_stop_mode=initial,delta_absorption_fade_20d_cl0.35,all,1,2,5,initial,132,132,132,51,81,31,50,0,0,31,0.23484848,-3400,-4324,-32.75757576,61,71,"two-contract post-signal scalp: one contract exits at first target, one runner uses selected stop mode and runner target"
1,signal_scaled_scalp:strategy=delta_absorption_fade_20d_cl0.35:direction=all:first_target_points=1.5:stop_points=1:runner_target_points=2:runner_stop_mode=breakeven,delta_absorption_fade_20d_cl0.35,all,1.5,1,2,breakeven,132,132,132,85,47,30,17,0,0,47,0.35606061,-1975,-2899,-21.96212121,61,71,"two-contract post-signal scalp: one contract exits at first target, one runner uses selected stop mode and runner target"
1,signal_scaled_scalp:strategy=delta_absorption_fade_20d_cl0.35:direction=all:first_target_points=1.5:stop_points=1:runner_target_points=2:runner_stop_mode=initial,delta_absorption_fade_20d_cl0.35,all,1.5,1,2,initial,132,132,132,85,47,32,15,0,0,47,0.35606061,-2525,-3449,-26.12878788,61,71,"two-contract post-signal scalp: one contract exits at first target, one runner uses selected stop mode and runner target"
1,signal_scaled_scalp:strategy=delta_absorption_fade_20d_cl0.35:direction=all:first_target_points=1.5:stop_points=1:runner_target_points=3:runner_stop_mode=breakeven,delta_absorption_fade_20d_cl0.35,all,1.5,1,3,breakeven,132,132,132,85,47,20,27,0,0,47,0.35606061,-1975,-2899,-21.96212121,61,71,"two-contract post-signal scalp: one contract exits at first target, one runner uses selected stop mode and runner target"
1,signal_scaled_scalp:strategy=delta_absorption_fade_20d_cl0.35:direction=all:first_target_points=1.5:stop_points=1:runner_target_points=3:runner_stop_mode=initial,delta_absorption_fade_20d_cl0.35,all,1.5,1,3,initial,132,132,132,85,47,21,26,0,0,47,0.35606061,-3125,-4049,-30.67424242,61,71,"two-contract post-signal scalp: one contract exits at first target, one runner uses selected stop mode and runner target"
1,signal_scaled_scalp:strategy=delta_absorption_fade_20d_cl0.35:direction=all:first_target_points=1.5:stop_points=1:runner_target_points=5:runner_stop_mode=breakeven,delta_absorption_fade_20d_cl0.35,all,1.5,1,5,breakeven,132,132,132,85,47,13,34,0,0,47,0.35606061,-1725,-2649,-20.06818182,61,71,"two-contract post-signal scalp: one contract exits at first target, one runner uses selected stop mode and runner target"
1,signal_scaled_scalp:strategy=delta_absorption_fade_20d_cl0.35:direction=all:first_target_points=1.5:stop_points=1:runner_target_points=5:runner_stop_mode=initial,delta_absorption_fade_20d_cl0.35,all,1.5,1,5,initial,132,132,132,85,47,15,32,0,0,47,0.35606061,-2825,-3749,-28.40151515,61,71,"two-contract post-signal scalp: one contract exits at first target, one runner uses selected stop mode and runner target"
1,signal_scaled_scalp:strategy=delta_absorption_fade_20d_cl0.35:direction=all:first_target_points=1.5:stop_points=1.5:runner_target_points=2:runner_stop_mode=breakeven,delta_absorption_fade_20d_cl0.35,all,1.5,1.5,2,breakeven,132,132,132,75,57,37,20,0,0,57,0.43181818,-3275,-4199,-31.81060606,61,71,"two-contract post-signal scalp: one contract exits at first target, one runner uses selected stop mode and runner target"
1,signal_scaled_scalp:strategy=delta_absorption_fade_20d_cl0.35:direction=all:first_target_points=1.5:stop_points=1.5:runner_target_points=2:runner_stop_mode=initial,delta_absorption_fade_20d_cl0.35,all,1.5,1.5,2,initial,132,132,132,75,57,43,14,0,0,43,0.32575758,-3725,-4649,-35.21969697,61,71,"two-contract post-signal scalp: one contract exits at first target, one runner uses selected stop mode and runner target"
1,signal_scaled_scalp:strategy=delta_absorption_fade_20d_cl0.35:direction=all:first_target_points=1.5:stop_points=1.5:runner_target_points=3:runner_stop_mode=breakeven,delta_absorption_fade_20d_cl0.35,all,1.5,1.5,3,breakeven,132,132,132,75,57,24,33,0,0,57,0.43181818,-3375,-4299,-32.56818182,61,71,"two-contract post-signal scalp: one contract exits at first target, one runner uses selected stop mode and runner target"
1,signal_scaled_scalp:strategy=delta_absorption_fade_20d_cl0.35:direction=all:first_target_points=1.5:stop_points=1.5:runner_target_points=3:runner_stop_mode=initial,delta_absorption_fade_20d_cl0.35,all,1.5,1.5,3,initial,132,132,132,75,57,30,27,0,0,30,0.22727273,-4500,-5424,-41.09090909,61,71,"two-contract post-signal scalp: one contract exits at first target, one runner uses selected stop mode and runner target"
1,signal_scaled_scalp:strategy=delta_absorption_fade_20d_cl0.35:direction=all:first_target_points=1.5:stop_points=1.5:runner_target_points=5:runner_stop_mode=breakeven,delta_absorption_fade_20d_cl0.35,all,1.5,1.5,5,breakeven,132,132,132,75,57,15,42,0,0,57,0.43181818,-3225,-4149,-31.43181818,61,71,"two-contract post-signal scalp: one contract exits at first target, one runner uses selected stop mode and runner target"
1,signal_scaled_scalp:strategy=delta_absorption_fade_20d_cl0.35:direction=all:first_target_points=1.5:stop_points=1.5:runner_target_points=5:runner_stop_mode=initial,delta_absorption_fade_20d_cl0.35,all,1.5,1.5,5,initial,132,132,132,75,57,21,36,0,0,21,0.15909091,-4425,-5349,-40.52272727,61,71,"two-contract post-signal scalp: one contract exits at first target, one runner uses selected stop mode and runner target"
1,signal_scaled_scalp:strategy=delta_absorption_fade_20d_cl0.35:direction=all:first_target_points=1.5:stop_points=2:runner_target_points=2:runner_stop_mode=breakeven,delta_absorption_fade_20d_cl0.35,all,1.5,2,2,breakeven,132,132,132,64,68,46,22,0,0,68,0.51515152,-3100,-4024,-30.48484848,61,71,"two-contract post-signal scalp: one contract exits at first target, one runner uses selected stop mode and runner target"
1,signal_scaled_scalp:strategy=delta_absorption_fade_20d_cl0.35:direction=all:first_target_points=1.5:stop_points=2:runner_target_points=2:runner_stop_mode=initial,delta_absorption_fade_20d_cl0.35,all,1.5,2,2,initial,132,132,132,64,68,57,11,0,0,57,0.43181818,-3100,-4024,-30.48484848,61,71,"two-contract post-signal scalp: one contract exits at first target, one runner uses selected stop mode and runner target"
1,signal_scaled_scalp:strategy=delta_absorption_fade_20d_cl0.35:direction=all:first_target_points=1.5:stop_points=2:runner_target_points=3:runner_stop_mode=breakeven,delta_absorption_fade_20d_cl0.35,all,1.5,2,3,breakeven,132,132,132,64,68,31,37,0,0,68,0.51515152,-3050,-3974,-30.10606061,61,71,"two-contract post-signal scalp: one contract exits at first target, one runner uses selected stop mode and runner target"
1,signal_scaled_scalp:strategy=delta_absorption_fade_20d_cl0.35:direction=all:first_target_points=1.5:stop_points=2:runner_target_points=3:runner_stop_mode=initial,delta_absorption_fade_20d_cl0.35,all,1.5,2,3,initial,132,132,132,64,68,42,26,0,0,42,0.31818182,-4000,-4924,-37.3030303,61,71,"two-contract post-signal scalp: one contract exits at first target, one runner uses selected stop mode and runner target"
1,signal_scaled_scalp:strategy=delta_absorption_fade_20d_cl0.35:direction=all:first_target_points=1.5:stop_points=2:runner_target_points=5:runner_stop_mode=breakeven,delta_absorption_fade_20d_cl0.35,all,1.5,2,5,breakeven,132,132,132,64,68,18,50,0,0,68,0.51515152,-3200,-4124,-31.24242424,61,71,"two-contract post-signal scalp: one contract exits at first target, one runner uses selected stop mode and runner target"
1,signal_scaled_scalp:strategy=delta_absorption_fade_20d_cl0.35:direction=all:first_target_points=1.5:stop_points=2:runner_target_points=5:runner_stop_mode=initial,delta_absorption_fade_20d_cl0.35,all,1.5,2,5,initial,132,132,132,64,68,31,37,0,0,31,0.23484848,-3650,-4574,-34.65151515,61,71,"two-contract post-signal scalp: one contract exits at first target, one runner uses selected stop mode and runner target"
1,signal_scaled_scalp:strategy=delta_absorption_fade_30d_cl0.4:direction=all:first_target_points=0.5:stop_points=1:runner_target_points=1.5:runner_stop_mode=breakeven,delta_absorption_fade_30d_cl0.4,all,0.5,1,1.5,breakeven,123,123,123,59,64,37,27,0,0,64,0.5203252,-1525,-2386,-19.39837398,64,59,"two-contract post-signal scalp: one contract exits at first target, one runner uses selected stop mode and runner target"
1,signal_scaled_scalp:strategy=delta_absorption_fade_30d_cl0.4:direction=all:first_target_points=0.5:stop_points=1:runner_target_points=1.5:runner_stop_mode=initial,delta_absorption_fade_30d_cl0.4,all,0.5,1,1.5,initial,123,123,123,59,64,46,18,0,0,46,0.37398374,-1750,-2611,-21.22764228,64,59,"two-contract post-signal scalp: one contract exits at first target, one runner uses selected stop mode and runner target"
1,signal_scaled_scalp:strategy=delta_absorption_fade_30d_cl0.4:direction=all:first_target_points=0.5:stop_points=1:runner_target_points=2:runner_stop_mode=breakeven,delta_absorption_fade_30d_cl0.4,all,0.5,1,2,breakeven,123,123,123,59,64,20,44,0,0,64,0.5203252,-2300,-3161,-25.69918699,64,59,"two-contract post-signal scalp: one contract exits at first target, one runner uses selected stop mode and runner target"
1,signal_scaled_scalp:strategy=delta_absorption_fade_30d_cl0.4:direction=all:first_target_points=0.5:stop_points=1:runner_target_points=2:runner_stop_mode=initial,delta_absorption_fade_30d_cl0.4,all,0.5,1,2,initial,123,123,123,59,64,31,33,0,0,31,0.25203252,-2850,-3711,-30.17073171,64,59,"two-contract post-signal scalp: one contract exits at first target, one runner uses selected stop mode and runner target"
1,signal_scaled_scalp:strategy=delta_absorption_fade_30d_cl0.4:direction=all:first_target_points=0.5:stop_points=1:runner_target_points=3:runner_stop_mode=breakeven,delta_absorption_fade_30d_cl0.4,all,0.5,1,3,breakeven,123,123,123,59,64,15,49,0,0,64,0.5203252,-2050,-2911,-23.66666667,64,59,"two-contract post-signal scalp: one contract exits at first target, one runner uses selected stop mode and runner target"
1,signal_scaled_scalp:strategy=delta_absorption_fade_30d_cl0.4:direction=all:first_target_points=0.5:stop_points=1:runner_target_points=3:runner_stop_mode=initial,delta_absorption_fade_30d_cl0.4,all,0.5,1,3,initial,123,123,123,59,64,21,43,0,0,21,0.17073171,-3300,-4161,-33.82926829,64,59,"two-contract post-signal scalp: one contract exits at first target, one runner uses selected stop mode and runner target"
1,signal_scaled_scalp:strategy=delta_absorption_fade_30d_cl0.4:direction=all:first_target_points=0.5:stop_points=1:runner_target_points=5:runner_stop_mode=breakeven,delta_absorption_fade_30d_cl0.4,all,0.5,1,5,breakeven,123,123,123,59,64,8,56,0,0,64,0.5203252,-2300,-3161,-25.69918699,64,59,"two-contract post-signal scalp: one contract exits at first target, one runner uses selected stop mode and runner target"
1,signal_scaled_scalp:strategy=delta_absorption_fade_30d_cl0.4:direction=all:first_target_points=0.5:stop_points=1:runner_target_points=5:runner_stop_mode=initial,delta_absorption_fade_30d_cl0.4,all,0.5,1,5,initial,123,123,123,59,64,13,51,0,0,13,0.10569106,-3600,-4461,-36.26829268,64,59,"two-contract post-signal scalp: one contract exits at first target, one runner uses selected stop mode and runner target"
1,signal_scaled_scalp:strategy=delta_absorption_fade_30d_cl0.4:direction=all:first_target_points=0.5:stop_points=1.5:runner_target_points=1.5:runner_stop_mode=breakeven,delta_absorption_fade_30d_cl0.4,all,0.5,1.5,1.5,breakeven,123,123,123,45,78,41,37,0,0,78,0.63414634,-1725,-2586,-21.02439024,64,59,"two-contract post-signal scalp: one contract exits at first target, one runner uses selected stop mode and runner target"
1,signal_scaled_scalp:strategy=delta_absorption_fade_30d_cl0.4:direction=all:first_target_points=0.5:stop_points=1.5:runner_target_points=1.5:runner_stop_mode=initial,delta_absorption_fade_30d_cl0.4,all,0.5,1.5,1.5,initial,123,123,123,45,78,58,20,0,0,58,0.47154472,-1950,-2811,-22.85365854,64,59,"two-contract post-signal scalp: one contract exits at first target, one runner uses selected stop mode and runner target"
1,signal_scaled_scalp:strategy=delta_absorption_fade_30d_cl0.4:direction=all:first_target_points=0.5:stop_points=1.5:runner_target_points=2:runner_stop_mode=breakeven,delta_absorption_fade_30d_cl0.4,all,0.5,1.5,2,breakeven,123,123,123,45,78,22,56,0,0,78,0.63414634,-2600,-3461,-28.13821138,64,59,"two-contract post-signal scalp: one contract exits at first target, one runner uses selected stop mode and runner target"
1,signal_scaled_scalp:strategy=delta_absorption_fade_30d_cl0.4:direction=all:first_target_points=0.5:stop_points=1.5:runner_target_points=2:runner_stop_mode=initial,delta_absorption_fade_30d_cl0.4,all,0.5,1.5,2,initial,123,123,123,45,78,43,35,0,0,43,0.3495935,-3125,-3986,-32.40650407,64,59,"two-contract post-signal scalp: one contract exits at first target, one runner uses selected stop mode and runner target"
1,signal_scaled_scalp:strategy=delta_absorption_fade_30d_cl0.4:direction=all:first_target_points=0.5:stop_points=1.5:runner_target_points=3:runner_stop_mode=breakeven,delta_absorption_fade_30d_cl0.4,all,0.5,1.5,3,breakeven,123,123,123,45,78,17,61,0,0,78,0.63414634,-2250,-3111,-25.29268293,64,59,"two-contract post-signal scalp: one contract exits at first target, one runner uses selected stop mode and runner target"
1,signal_scaled_scalp:strategy=delta_absorption_fade_30d_cl0.4:direction=all:first_target_points=0.5:stop_points=1.5:runner_target_points=3:runner_stop_mode=initial,delta_absorption_fade_30d_cl0.4,all,0.5,1.5,3,initial,123,123,123,45,78,29,49,0,0,29,0.23577236,-4125,-4986,-40.53658537,64,59,"two-contract post-signal scalp: one contract exits at first target, one runner uses selected stop mode and runner target"
1,signal_scaled_scalp:strategy=delta_absorption_fade_30d_cl0.4:direction=all:first_target_points=0.5:stop_points=1.5:runner_target_points=5:runner_stop_mode=breakeven,delta_absorption_fade_30d_cl0.4,all,0.5,1.5,5,breakeven,123,123,123,45,78,10,68,0,0,78,0.63414634,-2300,-3161,-25.69918699,64,59,"two-contract post-signal scalp: one contract exits at first target, one runner uses selected stop mode and runner target"
1,signal_scaled_scalp:strategy=delta_absorption_fade_30d_cl0.4:direction=all:first_target_points=0.5:stop_points=1.5:runner_target_points=5:runner_stop_mode=initial,delta_absorption_fade_30d_cl0.4,all,0.5,1.5,5,initial,123,123,123,45,78,19,59,0,0,19,0.15447154,-4475,-5336,-43.38211382,64,59,"two-contract post-signal scalp: one contract exits at first target, one runner uses selected stop mode and runner target"
1,signal_scaled_scalp:strategy=delta_absorption_fade_30d_cl0.4:direction=all:first_target_points=0.5:stop_points=2:runner_target_points=1.5:runner_stop_mode=breakeven,delta_absorption_fade_30d_cl0.4,all,0.5,2,1.5,breakeven,123,123,123,34,89,42,47,0,0,89,0.72357724,-1425,-2286,-18.58536585,64,59,"two-contract post-signal scalp: one contract exits at first target, one runner uses selected stop mode and runner target"
1,signal_scaled_scalp:strategy=delta_absorption_fade_30d_cl0.4:direction=all:first_target_points=0.5:stop_points=2:runner_target_points=1.5:runner_stop_mode=initial,delta_absorption_fade_30d_cl0.4,all,0.5,2,1.5,initial,123,123,123,34,89,69,20,0,0,69,0.56097561,-1400,-2261,-18.38211382,64,59,"two-contract post-signal scalp: one contract exits at first target, one runner uses selected stop mode and runner target"
1,signal_scaled_scalp:strategy=delta_absorption_fade_30d_cl0.4:direction=all:first_target_points=0.5:stop_points=2:runner_target_points=2:runner_stop_mode=breakeven,delta_absorption_fade_30d_cl0.4,all,0.5,2,2,breakeven,123,123,123,34,89,23,66,0,0,89,0.72357724,-2275,-3136,-25.49593496,64,59,"two-contract post-signal scalp: one contract exits at first target, one runner uses selected stop mode and runner target"
1,signal_scaled_scalp:strategy=delta_absorption_fade_30d_cl0.4:direction=all:first_target_points=0.5:stop_points=2:runner_target_points=2:runner_stop_mode=initial,delta_absorption_fade_30d_cl0.4,all,0.5,2,2,initial,123,123,123,34,89,53,36,0,0,53,0.43089431,-2875,-3736,-30.37398374,64,59,"two-contract post-signal scalp: one contract exits at first target, one runner uses selected stop mode and runner target"
1,signal_scaled_scalp:strategy=delta_absorption_fade_30d_cl0.4:direction=all:first_target_points=0.5:stop_points=2:runner_target_points=3:runner_stop_mode=breakeven,delta_absorption_fade_30d_cl0.4,all,0.5,2,3,breakeven,123,123,123,34,89,18,71,0,0,89,0.72357724,-1875,-2736,-22.24390244,64,59,"two-contract post-signal scalp: one contract exits at first target, one runner uses selected stop mode and runner target"
1,signal_scaled_scalp:strategy=delta_absorption_fade_30d_cl0.4:direction=all:first_target_points=0.5:stop_points=2:runner_target_points=3:runner_stop_mode=initial,delta_absorption_fade_30d_cl0.4,all,0.5,2,3,initial,123,123,123,34,89,38,51,0,0,38,0.30894309,-3975,-4836,-39.31707317,64,59,"two-contract post-signal scalp: one contract exits at first target, one runner uses selected stop mode and runner target"
1,signal_scaled_scalp:strategy=delta_absorption_fade_30d_cl0.4:direction=all:first_target_points=0.5:stop_points=2:runner_target_points=5:runner_stop_mode=breakeven,delta_absorption_fade_30d_cl0.4,all,0.5,2,5,breakeven,123,123,123,34,89,11,78,0,0,89,0.72357724,-1825,-2686,-21.83739837,64,59,"two-contract post-signal scalp: one contract exits at first target, one runner uses selected stop mode and runner target"
1,signal_scaled_scalp:strategy=delta_absorption_fade_30d_cl0.4:direction=all:first_target_points=0.5:stop_points=2:runner_target_points=5:runner_stop_mode=initial,delta_absorption_fade_30d_cl0.4,all,0.5,2,5,initial,123,123,123,34,89,27,62,0,0,27,0.2195122,-4025,-4886,-39.72357724,64,59,"two-contract post-signal scalp: one contract exits at first target, one runner uses selected stop mode and runner target"
1,signal_scaled_scalp:strategy=delta_absorption_fade_30d_cl0.4:direction=all:first_target_points=1:stop_points=1:runner_target_points=1.5:runner_stop_mode=breakeven,delta_absorption_fade_30d_cl0.4,all,1,1,1.5,breakeven,123,123,123,67,56,40,16,0,0,56,0.45528455,-900,-1761,-14.31707317,64,59,"two-contract post-signal scalp: one contract exits at first target, one runner uses selected stop mode and runner target"
1,signal_scaled_scalp:strategy=delta_absorption_fade_30d_cl0.4:direction=all:first_target_points=1:stop_points=1:runner_target_points=1.5:runner_stop_mode=initial,delta_absorption_fade_30d_cl0.4,all,1,1,1.5,initial,123,123,123,67,56,46,10,0,0,46,0.37398374,-950,-1811,-14.72357724,64,59,"two-contract post-signal scalp: one contract exits at first target, one runner uses selected stop mode and runner target"
1,signal_scaled_scalp:strategy=delta_absorption_fade_30d_cl0.4:direction=all:first_target_points=1:stop_points=1:runner_target_points=2:runner_stop_mode=breakeven,delta_absorption_fade_30d_cl0.4,all,1,1,2,breakeven,123,123,123,67,56,23,33,0,0,56,0.45528455,-1600,-2461,-20.00813008,64,59,"two-contract post-signal scalp: one contract exits at first target, one runner uses selected stop mode and runner target"
1,signal_scaled_scalp:strategy=delta_absorption_fade_30d_cl0.4:direction=all:first_target_points=1:stop_points=1:runner_target_points=2:runner_stop_mode=initial,delta_absorption_fade_30d_cl0.4,all,1,1,2,initial,123,123,123,67,56,31,25,0,0,31,0.25203252,-2050,-2911,-23.66666667,64,59,"two-contract post-signal scalp: one contract exits at first target, one runner uses selected stop mode and runner target"
1,signal_scaled_scalp:strategy=delta_absorption_fade_30d_cl0.4:direction=all:first_target_points=1:stop_points=1:runner_target_points=3:runner_stop_mode=breakeven,delta_absorption_fade_30d_cl0.4,all,1,1,3,breakeven,123,123,123,67,56,17,39,0,0,56,0.45528455,-1350,-2211,-17.97560976,64,59,"two-contract post-signal scalp: one contract exits at first target, one runner uses selected stop mode and runner target"
1,signal_scaled_scalp:strategy=delta_absorption_fade_30d_cl0.4:direction=all:first_target_points=1:stop_points=1:runner_target_points=3:runner_stop_mode=initial,delta_absorption_fade_30d_cl0.4,all,1,1,3,initial,123,123,123,67,56,21,35,0,0,21,0.17073171,-2500,-3361,-27.32520325,64,59,"two-contract post-signal scalp: one contract exits at first target, one runner uses selected stop mode and runner target"
1,signal_scaled_scalp:strategy=delta_absorption_fade_30d_cl0.4:direction=all:first_target_points=1:stop_points=1:runner_target_points=5:runner_stop_mode=breakeven,delta_absorption_fade_30d_cl0.4,all,1,1,5,breakeven,123,123,123,67,56,9,47,0,0,56,0.45528455,-1650,-2511,-20.41463415,64,59,"two-contract post-signal scalp: one contract exits at first target, one runner uses selected stop mode and runner target"
1,signal_scaled_scalp:strategy=delta_absorption_fade_30d_cl0.4:direction=all:first_target_points=1:stop_points=1:runner_target_points=5:runner_stop_mode=initial,delta_absorption_fade_30d_cl0.4,all,1,1,5,initial,123,123,123,67,56,13,43,0,0,13,0.10569106,-2800,-3661,-29.76422764,64,59,"two-contract post-signal scalp: one contract exits at first target, one runner uses selected stop mode and runner target"
1,signal_scaled_scalp:strategy=delta_absorption_fade_30d_cl0.4:direction=all:first_target_points=1:stop_points=1.5:runner_target_points=1.5:runner_stop_mode=breakeven,delta_absorption_fade_30d_cl0.4,all,1,1.5,1.5,breakeven,123,123,123,54,69,47,22,0,0,69,0.56097561,-1125,-1986,-16.14634146,64,59,"two-contract post-signal scalp: one contract exits at first target, one runner uses selected stop mode and runner target"
1,signal_scaled_scalp:strategy=delta_absorption_fade_30d_cl0.4:direction=all:first_target_points=1:stop_points=1.5:runner_target_points=1.5:runner_stop_mode=initial,delta_absorption_fade_30d_cl0.4,all,1,1.5,1.5,initial,123,123,123,54,69,58,11,0,0,58,0.47154472,-1125,-1986,-16.14634146,64,59,"two-contract post-signal scalp: one contract exits at first target, one runner uses selected stop mode and runner target"
1,signal_scaled_scalp:strategy=delta_absorption_fade_30d_cl0.4:direction=all:first_target_points=1:stop_points=1.5:runner_target_points=2:runner_stop_mode=breakeven,delta_absorption_fade_30d_cl0.4,all,1,1.5,2,breakeven,123,123,123,54,69,28,41,0,0,69,0.56097561,-1850,-2711,-22.04065041,64,59,"two-contract post-signal scalp: one contract exits at first target, one runner uses selected stop mode and runner target"
1,signal_scaled_scalp:strategy=delta_absorption_fade_30d_cl0.4:direction=all:first_target_points=1:stop_points=1.5:runner_target_points=2:runner_stop_mode=initial,delta_absorption_fade_30d_cl0.4,all,1,1.5,2,initial,123,123,123,54,69,43,26,0,0,43,0.3495935,-2300,-3161,-25.69918699,64,59,"two-contract post-signal scalp: one contract exits at first target, one runner uses selected stop mode and runner target"
1,signal_scaled_scalp:strategy=delta_absorption_fade_30d_cl0.4:direction=all:first_target_points=1:stop_points=1.5:runner_target_points=3:runner_stop_mode=breakeven,delta_absorption_fade_30d_cl0.4,all,1,1.5,3,breakeven,123,123,123,54,69,21,48,0,0,69,0.56097561,-1500,-2361,-19.19512195,64,59,"two-contract post-signal scalp: one contract exits at first target, one runner uses selected stop mode and runner target"
1,signal_scaled_scalp:strategy=delta_absorption_fade_30d_cl0.4:direction=all:first_target_points=1:stop_points=1.5:runner_target_points=3:runner_stop_mode=initial,delta_absorption_fade_30d_cl0.4,all,1,1.5,3,initial,123,123,123,54,69,29,40,0,0,29,0.23577236,-3300,-4161,-33.82926829,64,59,"two-contract post-signal scalp: one contract exits at first target, one runner uses selected stop mode and runner target"
1,signal_scaled_scalp:strategy=delta_absorption_fade_30d_cl0.4:direction=all:first_target_points=1:stop_points=1.5:runner_target_points=5:runner_stop_mode=breakeven,delta_absorption_fade_30d_cl0.4,all,1,1.5,5,breakeven,123,123,123,54,69,12,57,0,0,69,0.56097561,-1650,-2511,-20.41463415,64,59,"two-contract post-signal scalp: one contract exits at first target, one runner uses selected stop mode and runner target"
1,signal_scaled_scalp:strategy=delta_absorption_fade_30d_cl0.4:direction=all:first_target_points=1:stop_points=1.5:runner_target_points=5:runner_stop_mode=initial,delta_absorption_fade_30d_cl0.4,all,1,1.5,5,initial,123,123,123,54,69,19,50,0,0,19,0.15447154,-3650,-4511,-36.67479675,64,59,"two-contract post-signal scalp: one contract exits at first target, one runner uses selected stop mode and runner target"
1,signal_scaled_scalp:strategy=delta_absorption_fade_30d_cl0.4:direction=all:first_target_points=1:stop_points=2:runner_target_points=1.5:runner_stop_mode=breakeven,delta_absorption_fade_30d_cl0.4,all,1,2,1.5,breakeven,123,123,123,43,80,54,26,0,0,80,0.6504065,-550,-1411,-11.47154472,64,59,"two-contract post-signal scalp: one contract exits at first target, one runner uses selected stop mode and runner target"
1,signal_scaled_scalp:strategy=delta_absorption_fade_30d_cl0.4:direction=all:first_target_points=1:stop_points=2:runner_target_points=1.5:runner_stop_mode=initial,delta_absorption_fade_30d_cl0.4,all,1,2,1.5,initial,123,123,123,43,80,69,11,0,0,69,0.56097561,-525,-1386,-11.26829268,64,59,"two-contract post-signal scalp: one contract exits at first target, one runner uses selected stop mode and runner target"
1,signal_scaled_scalp:strategy=delta_absorption_fade_30d_cl0.4:direction=all:first_target_points=1:stop_points=2:runner_target_points=2:runner_stop_mode=breakeven,delta_absorption_fade_30d_cl0.4,all,1,2,2,breakeven,123,123,123,43,80,31,49,0,0,80,0.6504065,-1500,-2361,-19.19512195,64,59,"two-contract post-signal scalp: one contract exits at first target, one runner uses selected stop mode and runner target"
1,signal_scaled_scalp:strategy=delta_absorption_fade_30d_cl0.4:direction=all:first_target_points=1:stop_points=2:runner_target_points=2:runner_stop_mode=initial,delta_absorption_fade_30d_cl0.4,all,1,2,2,initial,123,123,123,43,80,53,27,0,0,53,0.43089431,-2000,-2861,-23.2601626,64,59,"two-contract post-signal scalp: one contract exits at first target, one runner uses selected stop mode and runner target"
1,signal_scaled_scalp:strategy=delta_absorption_fade_30d_cl0.4:direction=all:first_target_points=1:stop_points=2:runner_target_points=3:runner_stop_mode=breakeven,delta_absorption_fade_30d_cl0.4,all,1,2,3,breakeven,123,123,123,43,80,23,57,0,0,80,0.6504065,-1150,-2011,-16.3495935,64,59,"two-contract post-signal scalp: one contract exits at first target, one runner uses selected stop mode and runner target"
1,signal_scaled_scalp:strategy=delta_absorption_fade_30d_cl0.4:direction=all:first_target_points=1:stop_points=2:runner_target_points=3:runner_stop_mode=initial,delta_absorption_fade_30d_cl0.4,all,1,2,3,initial,123,123,123,43,80,38,42,0,0,38,0.30894309,-3100,-3961,-32.20325203,64,59,"two-contract post-signal scalp: one contract exits at first target, one runner uses selected stop mode and runner target"
1,signal_scaled_scalp:strategy=delta_absorption_fade_30d_cl0.4:direction=all:first_target_points=1:stop_points=2:runner_target_points=5:runner_stop_mode=breakeven,delta_absorption_fade_30d_cl0.4,all,1,2,5,breakeven,123,123,123,43,80,13,67,0,0,80,0.6504065,-1350,-2211,-17.97560976,64,59,"two-contract post-signal scalp: one contract exits at first target, one runner uses selected stop mode and runner target"
1,signal_scaled_scalp:strategy=delta_absorption_fade_30d_cl0.4:direction=all:first_target_points=1:stop_points=2:runner_target_points=5:runner_stop_mode=initial,delta_absorption_fade_30d_cl0.4,all,1,2,5,initial,123,123,123,43,80,27,53,0,0,27,0.2195122,-3150,-4011,-32.6097561,64,59,"two-contract post-signal scalp: one contract exits at first target, one runner uses selected stop mode and runner target"
1,signal_scaled_scalp:strategy=delta_absorption_fade_30d_cl0.4:direction=all:first_target_points=1.5:stop_points=1:runner_target_points=2:runner_stop_mode=breakeven,delta_absorption_fade_30d_cl0.4,all,1.5,1,2,breakeven,123,123,123,77,46,26,20,0,0,46,0.37398374,-1650,-2511,-20.41463415,64,59,"two-contract post-signal scalp: one contract exits at first target, one runner uses selected stop mode and runner target"
1,signal_scaled_scalp:strategy=delta_absorption_fade_30d_cl0.4:direction=all:first_target_points=1.5:stop_points=1:runner_target_points=2:runner_stop_mode=initial,delta_absorption_fade_30d_cl0.4,all,1.5,1,2,initial,123,123,123,77,46,31,15,0,0,46,0.37398374,-1900,-2761,-22.44715447,64,59,"two-contract post-signal scalp: one contract exits at first target, one runner uses selected stop mode and runner target"
1,signal_scaled_scalp:strategy=delta_absorption_fade_30d_cl0.4:direction=all:first_target_points=1.5:stop_points=1:runner_target_points=3:runner_stop_mode=breakeven,delta_absorption_fade_30d_cl0.4,all,1.5,1,3,breakeven,123,123,123,77,46,19,27,0,0,46,0.37398374,-1400,-2261,-18.38211382,64,59,"two-contract post-signal scalp: one contract exits at first target, one runner uses selected stop mode and runner target"
1,signal_scaled_scalp:strategy=delta_absorption_fade_30d_cl0.4:direction=all:first_target_points=1.5:stop_points=1:runner_target_points=3:runner_stop_mode=initial,delta_absorption_fade_30d_cl0.4,all,1.5,1,3,initial,123,123,123,77,46,21,25,0,0,46,0.37398374,-2350,-3211,-26.10569106,64,59,"two-contract post-signal scalp: one contract exits at first target, one runner uses selected stop mode and runner target"
1,signal_scaled_scalp:strategy=delta_absorption_fade_30d_cl0.4:direction=all:first_target_points=1.5:stop_points=1:runner_target_points=5:runner_stop_mode=breakeven,delta_absorption_fade_30d_cl0.4,all,1.5,1,5,breakeven,123,123,123,77,46,10,36,0,0,46,0.37398374,-1750,-2611,-21.22764228,64,59,"two-contract post-signal scalp: one contract exits at first target, one runner uses selected stop mode and runner target"
1,signal_scaled_scalp:strategy=delta_absorption_fade_30d_cl0.4:direction=all:first_target_points=1.5:stop_points=1:runner_target_points=5:runner_stop_mode=initial,delta_absorption_fade_30d_cl0.4,all,1.5,1,5,initial,123,123,123,77,46,13,33,0,0,46,0.37398374,-2650,-3511,-28.54471545,64,59,"two-contract post-signal scalp: one contract exits at first target, one runner uses selected stop mode and runner target"
1,signal_scaled_scalp:strategy=delta_absorption_fade_30d_cl0.4:direction=all:first_target_points=1.5:stop_points=1.5:runner_target_points=2:runner_stop_mode=breakeven,delta_absorption_fade_30d_cl0.4,all,1.5,1.5,2,breakeven,123,123,123,65,58,36,22,0,0,58,0.47154472,-1800,-2661,-21.63414634,64,59,"two-contract post-signal scalp: one contract exits at first target, one runner uses selected stop mode and runner target"
1,signal_scaled_scalp:strategy=delta_absorption_fade_30d_cl0.4:direction=all:first_target_points=1.5:stop_points=1.5:runner_target_points=2:runner_stop_mode=initial,delta_absorption_fade_30d_cl0.4,all,1.5,1.5,2,initial,123,123,123,65,58,43,15,0,0,43,0.3495935,-2225,-3086,-25.08943089,64,59,"two-contract post-signal scalp: one contract exits at first target, one runner uses selected stop mode and runner target"
1,signal_scaled_scalp:strategy=delta_absorption_fade_30d_cl0.4:direction=all:first_target_points=1.5:stop_points=1.5:runner_target_points=3:runner_stop_mode=breakeven,delta_absorption_fade_30d_cl0.4,all,1.5,1.5,3,breakeven,123,123,123,65,58,27,31,0,0,58,0.47154472,-1350,-2211,-17.97560976,64,59,"two-contract post-signal scalp: one contract exits at first target, one runner uses selected stop mode and runner target"
1,signal_scaled_scalp:strategy=delta_absorption_fade_30d_cl0.4:direction=all:first_target_points=1.5:stop_points=1.5:runner_target_points=3:runner_stop_mode=initial,delta_absorption_fade_30d_cl0.4,all,1.5,1.5,3,initial,123,123,123,65,58,29,29,0,0,29,0.23577236,-3225,-4086,-33.2195122,64,59,"two-contract post-signal scalp: one contract exits at first target, one runner uses selected stop mode and runner target"
1,signal_scaled_scalp:strategy=delta_absorption_fade_30d_cl0.4:direction=all:first_target_points=1.5:stop_points=1.5:runner_target_points=5:runner_stop_mode=breakeven,delta_absorption_fade_30d_cl0.4,all,1.5,1.5,5,breakeven,123,123,123,65,58,16,42,0,0,58,0.47154472,-1400,-2261,-18.38211382,64,59,"two-contract post-signal scalp: one contract exits at first target, one runner uses selected stop mode and runner target"
1,signal_scaled_scalp:strategy=delta_absorption_fade_30d_cl0.4:direction=all:first_target_points=1.5:stop_points=1.5:runner_target_points=5:runner_stop_mode=initial,delta_absorption_fade_30d_cl0.4,all,1.5,1.5,5,initial,123,123,123,65,58,19,39,0,0,19,0.15447154,-3575,-4436,-36.06504065,64,59,"two-contract post-signal scalp: one contract exits at first target, one runner uses selected stop mode and runner target"
1,signal_scaled_scalp:strategy=delta_absorption_fade_30d_cl0.4:direction=all:first_target_points=1.5:stop_points=2:runner_target_points=2:runner_stop_mode=breakeven,delta_absorption_fade_30d_cl0.4,all,1.5,2,2,breakeven,123,123,123,54,69,41,28,0,0,69,0.56097561,-1525,-2386,-19.39837398,64,59,"two-contract post-signal scalp: one contract exits at first target, one runner uses selected stop mode and runner target"
1,signal_scaled_scalp:strategy=delta_absorption_fade_30d_cl0.4:direction=all:first_target_points=1.5:stop_points=2:runner_target_points=2:runner_stop_mode=initial,delta_absorption_fade_30d_cl0.4,all,1.5,2,2,initial,123,123,123,54,69,53,16,0,0,53,0.43089431,-1925,-2786,-22.6504065,64,59,"two-contract post-signal scalp: one contract exits at first target, one runner uses selected stop mode and runner target"
1,signal_scaled_scalp:strategy=delta_absorption_fade_30d_cl0.4:direction=all:first_target_points=1.5:stop_points=2:runner_target_points=3:runner_stop_mode=breakeven,delta_absorption_fade_30d_cl0.4,all,1.5,2,3,breakeven,123,123,123,54,69,30,39,0,0,69,0.56097561,-1125,-1986,-16.14634146,64,59,"two-contract post-signal scalp: one contract exits at first target, one runner uses selected stop mode and runner target"
1,signal_scaled_scalp:strategy=delta_absorption_fade_30d_cl0.4:direction=all:first_target_points=1.5:stop_points=2:runner_target_points=3:runner_stop_mode=initial,delta_absorption_fade_30d_cl0.4,all,1.5,2,3,initial,123,123,123,54,69,38,31,0,0,38,0.30894309,-3025,-3886,-31.59349593,64,59,"two-contract post-signal scalp: one contract exits at first target, one runner uses selected stop mode and runner target"
1,signal_scaled_scalp:strategy=delta_absorption_fade_30d_cl0.4:direction=all:first_target_points=1.5:stop_points=2:runner_target_points=5:runner_stop_mode=breakeven,delta_absorption_fade_30d_cl0.4,all,1.5,2,5,breakeven,123,123,123,54,69,17,52,0,0,69,0.56097561,-1375,-2236,-18.17886179,64,59,"two-contract post-signal scalp: one contract exits at first target, one runner uses selected stop mode and runner target"
1,signal_scaled_scalp:strategy=delta_absorption_fade_30d_cl0.4:direction=all:first_target_points=1.5:stop_points=2:runner_target_points=5:runner_stop_mode=initial,delta_absorption_fade_30d_cl0.4,all,1.5,2,5,initial,123,123,123,54,69,27,42,0,0,27,0.2195122,-3075,-3936,-32,64,59,"two-contract post-signal scalp: one contract exits at first target, one runner uses selected stop mode and runner target"
1,signal_scaled_scalp:strategy=vwap_delta_exhaustion_fade_2pt_10d_cl0.5:direction=all:first_target_points=0.5:stop_points=1:runner_target_points=1.5:runner_stop_mode=breakeven,vwap_delta_exhaustion_fade_2pt_10d_cl0.5,all,0.5,1,1.5,breakeven,150,150,150,68,82,51,31,0,0,82,0.54666667,-925,-1975,-13.16666667,92,58,"two-contract post-signal scalp: one contract exits at first target, one runner uses selected stop mode and runner target"
1,signal_scaled_scalp:strategy=vwap_delta_exhaustion_fade_2pt_10d_cl0.5:direction=all:first_target_points=0.5:stop_points=1:runner_target_points=1.5:runner_stop_mode=initial,vwap_delta_exhaustion_fade_2pt_10d_cl0.5,all,0.5,1,1.5,initial,150,150,150,68,82,62,20,0,0,62,0.41333333,-1100,-2150,-14.33333333,92,58,"two-contract post-signal scalp: one contract exits at first target, one runner uses selected stop mode and runner target"
1,signal_scaled_scalp:strategy=vwap_delta_exhaustion_fade_2pt_10d_cl0.5:direction=all:first_target_points=0.5:stop_points=1:runner_target_points=2:runner_stop_mode=breakeven,vwap_delta_exhaustion_fade_2pt_10d_cl0.5,all,0.5,1,2,breakeven,150,150,150,68,82,43,39,0,0,82,0.54666667,-450,-1500,-10,92,58,"two-contract post-signal scalp: one contract exits at first target, one runner uses selected stop mode and runner target"
1,signal_scaled_scalp:strategy=vwap_delta_exhaustion_fade_2pt_10d_cl0.5:direction=all:first_target_points=0.5:stop_points=1:runner_target_points=2:runner_stop_mode=initial,vwap_delta_exhaustion_fade_2pt_10d_cl0.5,all,0.5,1,2,initial,150,150,150,68,82,56,26,0,0,56,0.37333333,-450,-1500,-10,92,58,"two-contract post-signal scalp: one contract exits at first target, one runner uses selected stop mode and runner target"
1,signal_scaled_scalp:strategy=vwap_delta_exhaustion_fade_2pt_10d_cl0.5:direction=all:first_target_points=0.5:stop_points=1:runner_target_points=3:runner_stop_mode=breakeven,vwap_delta_exhaustion_fade_2pt_10d_cl0.5,all,0.5,1,3,breakeven,150,150,150,68,82,29,53,0,0,82,0.54666667,-400,-1450,-9.66666667,92,58,"two-contract post-signal scalp: one contract exits at first target, one runner uses selected stop mode and runner target"
1,signal_scaled_scalp:strategy=vwap_delta_exhaustion_fade_2pt_10d_cl0.5:direction=all:first_target_points=0.5:stop_points=1:runner_target_points=3:runner_stop_mode=initial,vwap_delta_exhaustion_fade_2pt_10d_cl0.5,all,0.5,1,3,initial,150,150,150,68,82,38,44,0,0,38,0.25333333,-1250,-2300,-15.33333333,92,58,"two-contract post-signal scalp: one contract exits at first target, one runner uses selected stop mode and runner target"
1,signal_scaled_scalp:strategy=vwap_delta_exhaustion_fade_2pt_10d_cl0.5:direction=all:first_target_points=0.5:stop_points=1:runner_target_points=5:runner_stop_mode=breakeven,vwap_delta_exhaustion_fade_2pt_10d_cl0.5,all,0.5,1,5,breakeven,150,150,150,68,82,21,61,0,0,82,0.54666667,500,-550,-3.66666667,92,58,"two-contract post-signal scalp: one contract exits at first target, one runner uses selected stop mode and runner target"
1,signal_scaled_scalp:strategy=vwap_delta_exhaustion_fade_2pt_10d_cl0.5:direction=all:first_target_points=0.5:stop_points=1:runner_target_points=5:runner_stop_mode=initial,vwap_delta_exhaustion_fade_2pt_10d_cl0.5,all,0.5,1,5,initial,150,150,150,68,82,28,54,0,0,28,0.18666667,-450,-1500,-10,92,58,"two-contract post-signal scalp: one contract exits at first target, one runner uses selected stop mode and runner target"
1,signal_scaled_scalp:strategy=vwap_delta_exhaustion_fade_2pt_10d_cl0.5:direction=all:first_target_points=0.5:stop_points=1.5:runner_target_points=1.5:runner_stop_mode=breakeven,vwap_delta_exhaustion_fade_2pt_10d_cl0.5,all,0.5,1.5,1.5,breakeven,150,150,150,51,99,54,45,0,0,99,0.66,-1125,-2175,-14.5,92,58,"two-contract post-signal scalp: one contract exits at first target, one runner uses selected stop mode and runner target"
1,signal_scaled_scalp:strategy=vwap_delta_exhaustion_fade_2pt_10d_cl0.5:direction=all:first_target_points=0.5:stop_points=1.5:runner_target_points=1.5:runner_stop_mode=initial,vwap_delta_exhaustion_fade_2pt_10d_cl0.5,all,0.5,1.5,1.5,initial,150,150,150,51,99,72,27,0,0,72,0.48,-1800,-2850,-19,92,58,"two-contract post-signal scalp: one contract exits at first target, one runner uses selected stop mode and runner target"
1,signal_scaled_scalp:strategy=vwap_delta_exhaustion_fade_2pt_10d_cl0.5:direction=all:first_target_points=0.5:stop_points=1.5:runner_target_points=2:runner_stop_mode=breakeven,vwap_delta_exhaustion_fade_2pt_10d_cl0.5,all,0.5,1.5,2,breakeven,150,150,150,51,99,46,53,0,0,99,0.66,-575,-1625,-10.83333333,92,58,"two-contract post-signal scalp: one contract exits at first target, one runner uses selected stop mode and runner target"
1,signal_scaled_scalp:strategy=vwap_delta_exhaustion_fade_2pt_10d_cl0.5:direction=all:first_target_points=0.5:stop_points=1.5:runner_target_points=2:runner_stop_mode=initial,vwap_delta_exhaustion_fade_2pt_10d_cl0.5,all,0.5,1.5,2,initial,150,150,150,51,99,66,33,0,0,66,0.44,-1050,-2100,-14,92,58,"two-contract post-signal scalp: one contract exits at first target, one runner uses selected stop mode and runner target"
1,signal_scaled_scalp:strategy=vwap_delta_exhaustion_fade_2pt_10d_cl0.5:direction=all:first_target_points=0.5:stop_points=1.5:runner_target_points=3:runner_stop_mode=breakeven,vwap_delta_exhaustion_fade_2pt_10d_cl0.5,all,0.5,1.5,3,breakeven,150,150,150,51,99,31,68,0,0,99,0.66,-525,-1575,-10.5,92,58,"two-contract post-signal scalp: one contract exits at first target, one runner uses selected stop mode and runner target"
1,signal_scaled_scalp:strategy=vwap_delta_exhaustion_fade_2pt_10d_cl0.5:direction=all:first_target_points=0.5:stop_points=1.5:runner_target_points=3:runner_stop_mode=initial,vwap_delta_exhaustion_fade_2pt_10d_cl0.5,all,0.5,1.5,3,initial,150,150,150,51,99,48,51,0,0,48,0.32,-1800,-2850,-19,92,58,"two-contract post-signal scalp: one contract exits at first target, one runner uses selected stop mode and runner target"
1,signal_scaled_scalp:strategy=vwap_delta_exhaustion_fade_2pt_10d_cl0.5:direction=all:first_target_points=0.5:stop_points=1.5:runner_target_points=5:runner_stop_mode=breakeven,vwap_delta_exhaustion_fade_2pt_10d_cl0.5,all,0.5,1.5,5,breakeven,150,150,150,51,99,21,78,0,0,99,0.66,75,-975,-6.5,92,58,"two-contract post-signal scalp: one contract exits at first target, one runner uses selected stop mode and runner target"
1,signal_scaled_scalp:strategy=vwap_delta_exhaustion_fade_2pt_10d_cl0.5:direction=all:first_target_points=0.5:stop_points=1.5:runner_target_points=5:runner_stop_mode=initial,vwap_delta_exhaustion_fade_2pt_10d_cl0.5,all,0.5,1.5,5,initial,150,150,150,51,99,36,63,0,0,36,0.24,-900,-1950,-13,92,58,"two-contract post-signal scalp: one contract exits at first target, one runner uses selected stop mode and runner target"
1,signal_scaled_scalp:strategy=vwap_delta_exhaustion_fade_2pt_10d_cl0.5:direction=all:first_target_points=0.5:stop_points=2:runner_target_points=1.5:runner_stop_mode=breakeven,vwap_delta_exhaustion_fade_2pt_10d_cl0.5,all,0.5,2,1.5,breakeven,150,150,150,44,106,56,50,0,0,106,0.70666667,-1950,-3000,-20,92,58,"two-contract post-signal scalp: one contract exits at first target, one runner uses selected stop mode and runner target"
1,signal_scaled_scalp:strategy=vwap_delta_exhaustion_fade_2pt_10d_cl0.5:direction=all:first_target_points=0.5:stop_points=2:runner_target_points=1.5:runner_stop_mode=initial,vwap_delta_exhaustion_fade_2pt_10d_cl0.5,all,0.5,2,1.5,initial,150,150,150,44,106,83,23,0,0,83,0.55333333,-2225,-3275,-21.83333333,92,58,"two-contract post-signal scalp: one contract exits at first target, one runner uses selected stop mode and runner target"
1,signal_scaled_scalp:strategy=vwap_delta_exhaustion_fade_2pt_10d_cl0.5:direction=all:first_target_points=0.5:stop_points=2:runner_target_points=2:runner_stop_mode=breakeven,vwap_delta_exhaustion_fade_2pt_10d_cl0.5,all,0.5,2,2,breakeven,150,150,150,44,106,48,58,0,0,106,0.70666667,-1350,-2400,-16,92,58,"two-contract post-signal scalp: one contract exits at first target, one runner uses selected stop mode and runner target"
1,signal_scaled_scalp:strategy=vwap_delta_exhaustion_fade_2pt_10d_cl0.5:direction=all:first_target_points=0.5:stop_points=2:runner_target_points=2:runner_stop_mode=initial,vwap_delta_exhaustion_fade_2pt_10d_cl0.5,all,0.5,2,2,initial,150,150,150,44,106,76,30,0,0,76,0.50666667,-1550,-2600,-17.33333333,92,58,"two-contract post-signal scalp: one contract exits at first target, one runner uses selected stop mode and runner target"
1,signal_scaled_scalp:strategy=vwap_delta_exhaustion_fade_2pt_10d_cl0.5:direction=all:first_target_points=0.5:stop_points=2:runner_target_points=3:runner_stop_mode=breakeven,vwap_delta_exhaustion_fade_2pt_10d_cl0.5,all,0.5,2,3,breakeven,150,150,150,44,106,33,73,0,0,106,0.70666667,-1200,-2250,-15,92,58,"two-contract post-signal scalp: one contract exits at first target, one runner uses selected stop mode and runner target"
1,signal_scaled_scalp:strategy=vwap_delta_exhaustion_fade_2pt_10d_cl0.5:direction=all:first_target_points=0.5:stop_points=2:runner_target_points=3:runner_stop_mode=initial,vwap_delta_exhaustion_fade_2pt_10d_cl0.5,all,0.5,2,3,initial,150,150,150,44,106,57,49,0,0,57,0.38,-2500,-3550,-23.66666667,92,58,"two-contract post-signal scalp: one contract exits at first target, one runner uses selected stop mode and runner target"
1,signal_scaled_scalp:strategy=vwap_delta_exhaustion_fade_2pt_10d_cl0.5:direction=all:first_target_points=0.5:stop_points=2:runner_target_points=5:runner_stop_mode=breakeven,vwap_delta_exhaustion_fade_2pt_10d_cl0.5,all,0.5,2,5,breakeven,150,150,150,44,106,22,84,0,0,106,0.70666667,-650,-1700,-11.33333333,92,58,"two-contract post-signal scalp: one contract exits at first target, one runner uses selected stop mode and runner target"
1,signal_scaled_scalp:strategy=vwap_delta_exhaustion_fade_2pt_10d_cl0.5:direction=all:first_target_points=0.5:stop_points=2:runner_target_points=5:runner_stop_mode=initial,vwap_delta_exhaustion_fade_2pt_10d_cl0.5,all,0.5,2,5,initial,150,150,150,44,106,43,63,0,0,43,0.28666667,-1700,-2750,-18.33333333,92,58,"two-contract post-signal scalp: one contract exits at first target, one runner uses selected stop mode and runner target"
1,signal_scaled_scalp:strategy=vwap_delta_exhaustion_fade_2pt_10d_cl0.5:direction=all:first_target_points=1:stop_points=1:runner_target_points=1.5:runner_stop_mode=breakeven,vwap_delta_exhaustion_fade_2pt_10d_cl0.5,all,1,1,1.5,breakeven,150,150,150,77,73,53,20,0,0,73,0.48666667,-75,-1125,-7.5,92,58,"two-contract post-signal scalp: one contract exits at first target, one runner uses selected stop mode and runner target"
1,signal_scaled_scalp:strategy=vwap_delta_exhaustion_fade_2pt_10d_cl0.5:direction=all:first_target_points=1:stop_points=1:runner_target_points=1.5:runner_stop_mode=initial,vwap_delta_exhaustion_fade_2pt_10d_cl0.5,all,1,1,1.5,initial,150,150,150,77,73,62,11,0,0,62,0.41333333,50,-1000,-6.66666667,92,58,"two-contract post-signal scalp: one contract exits at first target, one runner uses selected stop mode and runner target"
1,signal_scaled_scalp:strategy=vwap_delta_exhaustion_fade_2pt_10d_cl0.5:direction=all:first_target_points=1:stop_points=1:runner_target_points=2:runner_stop_mode=breakeven,vwap_delta_exhaustion_fade_2pt_10d_cl0.5,all,1,1,2,breakeven,150,150,150,77,73,45,28,0,0,73,0.48666667,450,-600,-4,92,58,"two-contract post-signal scalp: one contract exits at first target, one runner uses selected stop mode and runner target"
1,signal_scaled_scalp:strategy=vwap_delta_exhaustion_fade_2pt_10d_cl0.5:direction=all:first_target_points=1:stop_points=1:runner_target_points=2:runner_stop_mode=initial,vwap_delta_exhaustion_fade_2pt_10d_cl0.5,all,1,1,2,initial,150,150,150,77,73,56,17,0,0,56,0.37333333,700,-350,-2.33333333,92,58,"two-contract post-signal scalp: one contract exits at first target, one runner uses selected stop mode and runner target"
1,signal_scaled_scalp:strategy=vwap_delta_exhaustion_fade_2pt_10d_cl0.5:direction=all:first_target_points=1:stop_points=1:runner_target_points=3:runner_stop_mode=breakeven,vwap_delta_exhaustion_fade_2pt_10d_cl0.5,all,1,1,3,breakeven,150,150,150,77,73,31,42,0,0,73,0.48666667,600,-450,-3,92,58,"two-contract post-signal scalp: one contract exits at first target, one runner uses selected stop mode and runner target"
1,signal_scaled_scalp:strategy=vwap_delta_exhaustion_fade_2pt_10d_cl0.5:direction=all:first_target_points=1:stop_points=1:runner_target_points=3:runner_stop_mode=initial,vwap_delta_exhaustion_fade_2pt_10d_cl0.5,all,1,1,3,initial,150,150,150,77,73,38,35,0,0,38,0.25333333,-100,-1150,-7.66666667,92,58,"two-contract post-signal scalp: one contract exits at first target, one runner uses selected stop mode and runner target"
1,signal_scaled_scalp:strategy=vwap_delta_exhaustion_fade_2pt_10d_cl0.5:direction=all:first_target_points=1:stop_points=1:runner_target_points=5:runner_stop_mode=breakeven,vwap_delta_exhaustion_fade_2pt_10d_cl0.5,all,1,1,5,breakeven,150,150,150,77,73,22,51,0,0,73,0.48666667,1450,400,2.66666667,92,58,"two-contract post-signal scalp: one contract exits at first target, one runner uses selected stop mode and runner target"
1,signal_scaled_scalp:strategy=vwap_delta_exhaustion_fade_2pt_10d_cl0.5:direction=all:first_target_points=1:stop_points=1:runner_target_points=5:runner_stop_mode=initial,vwap_delta_exhaustion_fade_2pt_10d_cl0.5,all,1,1,5,initial,150,150,150,77,73,28,45,0,0,28,0.18666667,700,-350,-2.33333333,92,58,"two-contract post-signal scalp: one contract exits at first target, one runner uses selected stop mode and runner target"
1,signal_scaled_scalp:strategy=vwap_delta_exhaustion_fade_2pt_10d_cl0.5:direction=all:first_target_points=1:stop_points=1.5:runner_target_points=1.5:runner_stop_mode=breakeven,vwap_delta_exhaustion_fade_2pt_10d_cl0.5,all,1,1.5,1.5,breakeven,150,150,150,65,85,60,25,0,0,85,0.56666667,-1000,-2050,-13.66666667,92,58,"two-contract post-signal scalp: one contract exits at first target, one runner uses selected stop mode and runner target"
1,signal_scaled_scalp:strategy=vwap_delta_exhaustion_fade_2pt_10d_cl0.5:direction=all:first_target_points=1:stop_points=1.5:runner_target_points=1.5:runner_stop_mode=initial,vwap_delta_exhaustion_fade_2pt_10d_cl0.5,all,1,1.5,1.5,initial,150,150,150,65,85,72,13,0,0,72,0.48,-1075,-2125,-14.16666667,92,58,"two-contract post-signal scalp: one contract exits at first target, one runner uses selected stop mode and runner target"
1,signal_scaled_scalp:strategy=vwap_delta_exhaustion_fade_2pt_10d_cl0.5:direction=all:first_target_points=1:stop_points=1.5:runner_target_points=2:runner_stop_mode=breakeven,vwap_delta_exhaustion_fade_2pt_10d_cl0.5,all,1,1.5,2,breakeven,150,150,150,65,85,51,34,0,0,85,0.56666667,-400,-1450,-9.66666667,92,58,"two-contract post-signal scalp: one contract exits at first target, one runner uses selected stop mode and runner target"
1,signal_scaled_scalp:strategy=vwap_delta_exhaustion_fade_2pt_10d_cl0.5:direction=all:first_target_points=1:stop_points=1.5:runner_target_points=2:runner_stop_mode=initial,vwap_delta_exhaustion_fade_2pt_10d_cl0.5,all,1,1.5,2,initial,150,150,150,65,85,66,19,0,0,66,0.44,-325,-1375,-9.16666667,92,58,"two-contract post-signal scalp: one contract exits at first target, one runner uses selected stop mode and runner target"
1,signal_scaled_scalp:strategy=vwap_delta_exhaustion_fade_2pt_10d_cl0.5:direction=all:first_target_points=1:stop_points=1.5:runner_target_points=3:runner_stop_mode=breakeven,vwap_delta_exhaustion_fade_2pt_10d_cl0.5,all,1,1.5,3,breakeven,150,150,150,65,85,35,50,0,0,85,0.56666667,-250,-1300,-8.66666667,92,58,"two-contract post-signal scalp: one contract exits at first target, one runner uses selected stop mode and runner target"
1,signal_scaled_scalp:strategy=vwap_delta_exhaustion_fade_2pt_10d_cl0.5:direction=all:first_target_points=1:stop_points=1.5:runner_target_points=3:runner_stop_mode=initial,vwap_delta_exhaustion_fade_2pt_10d_cl0.5,all,1,1.5,3,initial,150,150,150,65,85,48,37,0,0,48,0.32,-1075,-2125,-14.16666667,92,58,"two-contract post-signal scalp: one contract exits at first target, one runner uses selected stop mode and runner target"
1,signal_scaled_scalp:strategy=vwap_delta_exhaustion_fade_2pt_10d_cl0.5:direction=all:first_target_points=1:stop_points=1.5:runner_target_points=5:runner_stop_mode=breakeven,vwap_delta_exhaustion_fade_2pt_10d_cl0.5,all,1,1.5,5,breakeven,150,150,150,65,85,23,62,0,0,85,0.56666667,250,-800,-5.33333333,92,58,"two-contract post-signal scalp: one contract exits at first target, one runner uses selected stop mode and runner target"
1,signal_scaled_scalp:strategy=vwap_delta_exhaustion_fade_2pt_10d_cl0.5:direction=all:first_target_points=1:stop_points=1.5:runner_target_points=5:runner_stop_mode=initial,vwap_delta_exhaustion_fade_2pt_10d_cl0.5,all,1,1.5,5,initial,150,150,150,65,85,36,49,0,0,36,0.24,-175,-1225,-8.16666667,92,58,"two-contract post-signal scalp: one contract exits at first target, one runner uses selected stop mode and runner target"
1,signal_scaled_scalp:strategy=vwap_delta_exhaustion_fade_2pt_10d_cl0.5:direction=all:first_target_points=1:stop_points=2:runner_target_points=1.5:runner_stop_mode=breakeven,vwap_delta_exhaustion_fade_2pt_10d_cl0.5,all,1,2,1.5,breakeven,150,150,150,58,92,65,27,0,0,92,0.61333333,-2125,-3175,-21.16666667,92,58,"two-contract post-signal scalp: one contract exits at first target, one runner uses selected stop mode and runner target"
1,signal_scaled_scalp:strategy=vwap_delta_exhaustion_fade_2pt_10d_cl0.5:direction=all:first_target_points=1:stop_points=2:runner_target_points=1.5:runner_stop_mode=initial,vwap_delta_exhaustion_fade_2pt_10d_cl0.5,all,1,2,1.5,initial,150,150,150,58,92,83,9,0,0,83,0.55333333,-1675,-2725,-18.16666667,92,58,"two-contract post-signal scalp: one contract exits at first target, one runner uses selected stop mode and runner target"
1,signal_scaled_scalp:strategy=vwap_delta_exhaustion_fade_2pt_10d_cl0.5:direction=all:first_target_points=1:stop_points=2:runner_target_points=2:runner_stop_mode=breakeven,vwap_delta_exhaustion_fade_2pt_10d_cl0.5,all,1,2,2,breakeven,150,150,150,58,92,54,38,0,0,92,0.61333333,-1600,-2650,-17.66666667,92,58,"two-contract post-signal scalp: one contract exits at first target, one runner uses selected stop mode and runner target"
1,signal_scaled_scalp:strategy=vwap_delta_exhaustion_fade_2pt_10d_cl0.5:direction=all:first_target_points=1:stop_points=2:runner_target_points=2:runner_stop_mode=initial,vwap_delta_exhaustion_fade_2pt_10d_cl0.5,all,1,2,2,initial,150,150,150,58,92,76,16,0,0,76,0.50666667,-1000,-2050,-13.66666667,92,58,"two-contract post-signal scalp: one contract exits at first target, one runner uses selected stop mode and runner target"
1,signal_scaled_scalp:strategy=vwap_delta_exhaustion_fade_2pt_10d_cl0.5:direction=all:first_target_points=1:stop_points=2:runner_target_points=3:runner_stop_mode=breakeven,vwap_delta_exhaustion_fade_2pt_10d_cl0.5,all,1,2,3,breakeven,150,150,150,58,92,38,54,0,0,92,0.61333333,-1300,-2350,-15.66666667,92,58,"two-contract post-signal scalp: one contract exits at first target, one runner uses selected stop mode and runner target"
1,signal_scaled_scalp:strategy=vwap_delta_exhaustion_fade_2pt_10d_cl0.5:direction=all:first_target_points=1:stop_points=2:runner_target_points=3:runner_stop_mode=initial,vwap_delta_exhaustion_fade_2pt_10d_cl0.5,all,1,2,3,initial,150,150,150,58,92,57,35,0,0,57,0.38,-1950,-3000,-20,92,58,"two-contract post-signal scalp: one contract exits at first target, one runner uses selected stop mode and runner target"
1,signal_scaled_scalp:strategy=vwap_delta_exhaustion_fade_2pt_10d_cl0.5:direction=all:first_target_points=1:stop_points=2:runner_target_points=5:runner_stop_mode=breakeven,vwap_delta_exhaustion_fade_2pt_10d_cl0.5,all,1,2,5,breakeven,150,150,150,58,92,25,67,0,0,92,0.61333333,-750,-1800,-12,92,58,"two-contract post-signal scalp: one contract exits at first target, one runner uses selected stop mode and runner target"
1,signal_scaled_scalp:strategy=vwap_delta_exhaustion_fade_2pt_10d_cl0.5:direction=all:first_target_points=1:stop_points=2:runner_target_points=5:runner_stop_mode=initial,vwap_delta_exhaustion_fade_2pt_10d_cl0.5,all,1,2,5,initial,150,150,150,58,92,43,49,0,0,43,0.28666667,-1150,-2200,-14.66666667,92,58,"two-contract post-signal scalp: one contract exits at first target, one runner uses selected stop mode and runner target"
1,signal_scaled_scalp:strategy=vwap_delta_exhaustion_fade_2pt_10d_cl0.5:direction=all:first_target_points=1.5:stop_points=1:runner_target_points=2:runner_stop_mode=breakeven,vwap_delta_exhaustion_fade_2pt_10d_cl0.5,all,1.5,1,2,breakeven,150,150,150,88,62,53,9,0,0,62,0.41333333,1150,100,0.66666667,92,58,"two-contract post-signal scalp: one contract exits at first target, one runner uses selected stop mode and runner target"
1,signal_scaled_scalp:strategy=vwap_delta_exhaustion_fade_2pt_10d_cl0.5:direction=all:first_target_points=1.5:stop_points=1:runner_target_points=2:runner_stop_mode=initial,vwap_delta_exhaustion_fade_2pt_10d_cl0.5,all,1.5,1,2,initial,150,150,150,88,62,56,6,0,0,62,0.41333333,1150,100,0.66666667,92,58,"two-contract post-signal scalp: one contract exits at first target, one runner uses selected stop mode and runner target"
1,signal_scaled_scalp:strategy=vwap_delta_exhaustion_fade_2pt_10d_cl0.5:direction=all:first_target_points=1.5:stop_points=1:runner_target_points=3:runner_stop_mode=breakeven,vwap_delta_exhaustion_fade_2pt_10d_cl0.5,all,1.5,1,3,breakeven,150,150,150,88,62,35,27,0,0,62,0.41333333,1100,50,0.33333333,92,58,"two-contract post-signal scalp: one contract exits at first target, one runner uses selected stop mode and runner target"
1,signal_scaled_scalp:strategy=vwap_delta_exhaustion_fade_2pt_10d_cl0.5:direction=all:first_target_points=1.5:stop_points=1:runner_target_points=3:runner_stop_mode=initial,vwap_delta_exhaustion_fade_2pt_10d_cl0.5,all,1.5,1,3,initial,150,150,150,88,62,38,24,0,0,62,0.41333333,350,-700,-4.66666667,92,58,"two-contract post-signal scalp: one contract exits at first target, one runner uses selected stop mode and runner target"
1,signal_scaled_scalp:strategy=vwap_delta_exhaustion_fade_2pt_10d_cl0.5:direction=all:first_target_points=1.5:stop_points=1:runner_target_points=5:runner_stop_mode=breakeven,vwap_delta_exhaustion_fade_2pt_10d_cl0.5,all,1.5,1,5,breakeven,150,150,150,88,62,24,38,0,0,62,0.41333333,1850,800,5.33333333,92,58,"two-contract post-signal scalp: one contract exits at first target, one runner uses selected stop mode and runner target"
1,signal_scaled_scalp:strategy=vwap_delta_exhaustion_fade_2pt_10d_cl0.5:direction=all:first_target_points=1.5:stop_points=1:runner_target_points=5:runner_stop_mode=initial,vwap_delta_exhaustion_fade_2pt_10d_cl0.5,all,1.5,1,5,initial,150,150,150,88,62,28,34,0,0,62,0.41333333,1150,100,0.66666667,92,58,"two-contract post-signal scalp: one contract exits at first target, one runner uses selected stop mode and runner target"
1,signal_scaled_scalp:strategy=vwap_delta_exhaustion_fade_2pt_10d_cl0.5:direction=all:first_target_points=1.5:stop_points=1.5:runner_target_points=2:runner_stop_mode=breakeven,vwap_delta_exhaustion_fade_2pt_10d_cl0.5,all,1.5,1.5,2,breakeven,150,150,150,78,72,62,10,0,0,72,0.48,-100,-1150,-7.66666667,92,58,"two-contract post-signal scalp: one contract exits at first target, one runner uses selected stop mode and runner target"
1,signal_scaled_scalp:strategy=vwap_delta_exhaustion_fade_2pt_10d_cl0.5:direction=all:first_target_points=1.5:stop_points=1.5:runner_target_points=2:runner_stop_mode=initial,vwap_delta_exhaustion_fade_2pt_10d_cl0.5,all,1.5,1.5,2,initial,150,150,150,78,72,66,6,0,0,66,0.44,-150,-1200,-8,92,58,"two-contract post-signal scalp: one contract exits at first target, one runner uses selected stop mode and runner target"
1,signal_scaled_scalp:strategy=vwap_delta_exhaustion_fade_2pt_10d_cl0.5:direction=all:first_target_points=1.5:stop_points=1.5:runner_target_points=3:runner_stop_mode=breakeven,vwap_delta_exhaustion_fade_2pt_10d_cl0.5,all,1.5,1.5,3,breakeven,150,150,150,78,72,42,30,0,0,72,0.48,0,-1050,-7,92,58,"two-contract post-signal scalp: one contract exits at first target, one runner uses selected stop mode and runner target"
1,signal_scaled_scalp:strategy=vwap_delta_exhaustion_fade_2pt_10d_cl0.5:direction=all:first_target_points=1.5:stop_points=1.5:runner_target_points=3:runner_stop_mode=initial,vwap_delta_exhaustion_fade_2pt_10d_cl0.5,all,1.5,1.5,3,initial,150,150,150,78,72,48,24,0,0,48,0.32,-900,-1950,-13,92,58,"two-contract post-signal scalp: one contract exits at first target, one runner uses selected stop mode and runner target"
1,signal_scaled_scalp:strategy=vwap_delta_exhaustion_fade_2pt_10d_cl0.5:direction=all:first_target_points=1.5:stop_points=1.5:runner_target_points=5:runner_stop_mode=breakeven,vwap_delta_exhaustion_fade_2pt_10d_cl0.5,all,1.5,1.5,5,breakeven,150,150,150,78,72,27,45,0,0,72,0.48,450,-600,-4,92,58,"two-contract post-signal scalp: one contract exits at first target, one runner uses selected stop mode and runner target"
1,signal_scaled_scalp:strategy=vwap_delta_exhaustion_fade_2pt_10d_cl0.5:direction=all:first_target_points=1.5:stop_points=1.5:runner_target_points=5:runner_stop_mode=initial,vwap_delta_exhaustion_fade_2pt_10d_cl0.5,all,1.5,1.5,5,initial,150,150,150,78,72,36,36,0,0,36,0.24,0,-1050,-7,92,58,"two-contract post-signal scalp: one contract exits at first target, one runner uses selected stop mode and runner target"
1,signal_scaled_scalp:strategy=vwap_delta_exhaustion_fade_2pt_10d_cl0.5:direction=all:first_target_points=1.5:stop_points=2:runner_target_points=2:runner_stop_mode=breakeven,vwap_delta_exhaustion_fade_2pt_10d_cl0.5,all,1.5,2,2,breakeven,150,150,150,67,83,69,14,0,0,83,0.55333333,-275,-1325,-8.83333333,92,58,"two-contract post-signal scalp: one contract exits at first target, one runner uses selected stop mode and runner target"
1,signal_scaled_scalp:strategy=vwap_delta_exhaustion_fade_2pt_10d_cl0.5:direction=all:first_target_points=1.5:stop_points=2:runner_target_points=2:runner_stop_mode=initial,vwap_delta_exhaustion_fade_2pt_10d_cl0.5,all,1.5,2,2,initial,150,150,150,67,83,76,7,0,0,76,0.50666667,-275,-1325,-8.83333333,92,58,"two-contract post-signal scalp: one contract exits at first target, one runner uses selected stop mode and runner target"
1,signal_scaled_scalp:strategy=vwap_delta_exhaustion_fade_2pt_10d_cl0.5:direction=all:first_target_points=1.5:stop_points=2:runner_target_points=3:runner_stop_mode=breakeven,vwap_delta_exhaustion_fade_2pt_10d_cl0.5,all,1.5,2,3,breakeven,150,150,150,67,83,48,35,0,0,83,0.55333333,25,-1025,-6.83333333,92,58,"two-contract post-signal scalp: one contract exits at first target, one runner uses selected stop mode and runner target"
1,signal_scaled_scalp:strategy=vwap_delta_exhaustion_fade_2pt_10d_cl0.5:direction=all:first_target_points=1.5:stop_points=2:runner_target_points=3:runner_stop_mode=initial,vwap_delta_exhaustion_fade_2pt_10d_cl0.5,all,1.5,2,3,initial,150,150,150,67,83,57,26,0,0,57,0.38,-1225,-2275,-15.16666667,92,58,"two-contract post-signal scalp: one contract exits at first target, one runner uses selected stop mode and runner target"
1,signal_scaled_scalp:strategy=vwap_delta_exhaustion_fade_2pt_10d_cl0.5:direction=all:first_target_points=1.5:stop_points=2:runner_target_points=5:runner_stop_mode=breakeven,vwap_delta_exhaustion_fade_2pt_10d_cl0.5,all,1.5,2,5,breakeven,150,150,150,67,83,31,52,0,0,83,0.55333333,575,-475,-3.16666667,92,58,"two-contract post-signal scalp: one contract exits at first target, one runner uses selected stop mode and runner target"
1,signal_scaled_scalp:strategy=vwap_delta_exhaustion_fade_2pt_10d_cl0.5:direction=all:first_target_points=1.5:stop_points=2:runner_target_points=5:runner_stop_mode=initial,vwap_delta_exhaustion_fade_2pt_10d_cl0.5,all,1.5,2,5,initial,150,150,150,67,83,43,40,0,0,43,0.28666667,-425,-1475,-9.83333333,92,58,"two-contract post-signal scalp: one contract exits at first target, one runner uses selected stop mode and runner target"
1,signal_scaled_scalp:strategy=vwap_delta_exhaustion_fade_3pt_20d_cl0.5:direction=all:first_target_points=0.5:stop_points=1:runner_target_points=1.5:runner_stop_mode=breakeven,vwap_delta_exhaustion_fade_3pt_20d_cl0.5,all,0.5,1,1.5,breakeven,129,129,129,58,71,39,32,0,0,71,0.5503876,-1100,-2003,-15.52713178,72,57,"two-contract post-signal scalp: one contract exits at first target, one runner uses selected stop mode and runner target"
1,signal_scaled_scalp:strategy=vwap_delta_exhaustion_fade_3pt_20d_cl0.5:direction=all:first_target_points=0.5:stop_points=1:runner_target_points=1.5:runner_stop_mode=initial,vwap_delta_exhaustion_fade_3pt_20d_cl0.5,all,0.5,1,1.5,initial,129,129,129,58,71,56,15,0,0,56,0.43410853,-575,-1478,-11.45736434,72,57,"two-contract post-signal scalp: one contract exits at first target, one runner uses selected stop mode and runner target"
1,signal_scaled_scalp:strategy=vwap_delta_exhaustion_fade_3pt_20d_cl0.5:direction=all:first_target_points=0.5:stop_points=1:runner_target_points=2:runner_stop_mode=breakeven,vwap_delta_exhaustion_fade_3pt_20d_cl0.5,all,0.5,1,2,breakeven,129,129,129,58,71,29,42,0,0,71,0.5503876,-1125,-2028,-15.72093023,72,57,"two-contract post-signal scalp: one contract exits at first target, one runner uses selected stop mode and runner target"
1,signal_scaled_scalp:strategy=vwap_delta_exhaustion_fade_3pt_20d_cl0.5:direction=all:first_target_points=0.5:stop_points=1:runner_target_points=2:runner_stop_mode=initial,vwap_delta_exhaustion_fade_3pt_20d_cl0.5,all,0.5,1,2,initial,129,129,129,58,71,47,24,0,0,47,0.36434109,-525,-1428,-11.06976744,72,57,"two-contract post-signal scalp: one contract exits at first target, one runner uses selected stop mode and runner target"
1,signal_scaled_scalp:strategy=vwap_delta_exhaustion_fade_3pt_20d_cl0.5:direction=all:first_target_points=0.5:stop_points=1:runner_target_points=3:runner_stop_mode=breakeven,vwap_delta_exhaustion_fade_3pt_20d_cl0.5,all,0.5,1,3,breakeven,129,129,129,58,71,20,51,0,0,71,0.5503876,-1025,-1928,-14.94573643,72,57,"two-contract post-signal scalp: one contract exits at first target, one runner uses selected stop mode and runner target"
1,signal_scaled_scalp:strategy=vwap_delta_exhaustion_fade_3pt_20d_cl0.5:direction=all:first_target_points=0.5:stop_points=1:runner_target_points=3:runner_stop_mode=initial,vwap_delta_exhaustion_fade_3pt_20d_cl0.5,all,0.5,1,3,initial,129,129,129,58,71,33,38,0,0,33,0.25581395,-975,-1878,-14.55813953,72,57,"two-contract post-signal scalp: one contract exits at first target, one runner uses selected stop mode and runner target"
1,signal_scaled_scalp:strategy=vwap_delta_exhaustion_fade_3pt_20d_cl0.5:direction=all:first_target_points=0.5:stop_points=1:runner_target_points=5:runner_stop_mode=breakeven,vwap_delta_exhaustion_fade_3pt_20d_cl0.5,all,0.5,1,5,breakeven,129,129,129,58,71,15,56,0,0,71,0.5503876,-275,-1178,-9.13178295,72,57,"two-contract post-signal scalp: one contract exits at first target, one runner uses selected stop mode and runner target"
1,signal_scaled_scalp:strategy=vwap_delta_exhaustion_fade_3pt_20d_cl0.5:direction=all:first_target_points=0.5:stop_points=1:runner_target_points=5:runner_stop_mode=initial,vwap_delta_exhaustion_fade_3pt_20d_cl0.5,all,0.5,1,5,initial,129,129,129,58,71,23,48,0,0,23,0.17829457,-675,-1578,-12.23255814,72,57,"two-contract post-signal scalp: one contract exits at first target, one runner uses selected stop mode and runner target"
1,signal_scaled_scalp:strategy=vwap_delta_exhaustion_fade_3pt_20d_cl0.5:direction=all:first_target_points=0.5:stop_points=1.5:runner_target_points=1.5:runner_stop_mode=breakeven,vwap_delta_exhaustion_fade_3pt_20d_cl0.5,all,0.5,1.5,1.5,breakeven,129,129,129,47,82,42,40,0,0,82,0.63565891,-1850,-2753,-21.34108527,72,57,"two-contract post-signal scalp: one contract exits at first target, one runner uses selected stop mode and runner target"
1,signal_scaled_scalp:strategy=vwap_delta_exhaustion_fade_3pt_20d_cl0.5:direction=all:first_target_points=0.5:stop_points=1.5:runner_target_points=1.5:runner_stop_mode=initial,vwap_delta_exhaustion_fade_3pt_20d_cl0.5,all,0.5,1.5,1.5,initial,129,129,129,47,82,66,16,0,0,66,0.51162791,-1250,-2153,-16.68992248,72,57,"two-contract post-signal scalp: one contract exits at first target, one runner uses selected stop mode and runner target"
1,signal_scaled_scalp:strategy=vwap_delta_exhaustion_fade_3pt_20d_cl0.5:direction=all:first_target_points=0.5:stop_points=1.5:runner_target_points=2:runner_stop_mode=breakeven,vwap_delta_exhaustion_fade_3pt_20d_cl0.5,all,0.5,1.5,2,breakeven,129,129,129,47,82,31,51,0,0,82,0.63565891,-1900,-2803,-21.72868217,72,57,"two-contract post-signal scalp: one contract exits at first target, one runner uses selected stop mode and runner target"
1,signal_scaled_scalp:strategy=vwap_delta_exhaustion_fade_3pt_20d_cl0.5:direction=all:first_target_points=0.5:stop_points=1.5:runner_target_points=2:runner_stop_mode=initial,vwap_delta_exhaustion_fade_3pt_20d_cl0.5,all,0.5,1.5,2,initial,129,129,129,47,82,57,25,0,0,57,0.44186047,-1175,-2078,-16.10852713,72,57,"two-contract post-signal scalp: one contract exits at first target, one runner uses selected stop mode and runner target"
1,signal_scaled_scalp:strategy=vwap_delta_exhaustion_fade_3pt_20d_cl0.5:direction=all:first_target_points=0.5:stop_points=1.5:runner_target_points=3:runner_stop_mode=breakeven,vwap_delta_exhaustion_fade_3pt_20d_cl0.5,all,0.5,1.5,3,breakeven,129,129,129,47,82,21,61,0,0,82,0.63565891,-1850,-2753,-21.34108527,72,57,"two-contract post-signal scalp: one contract exits at first target, one runner uses selected stop mode and runner target"
1,signal_scaled_scalp:strategy=vwap_delta_exhaustion_fade_3pt_20d_cl0.5:direction=all:first_target_points=0.5:stop_points=1.5:runner_target_points=3:runner_stop_mode=initial,vwap_delta_exhaustion_fade_3pt_20d_cl0.5,all,0.5,1.5,3,initial,129,129,129,47,82,43,39,0,0,43,0.33333333,-1475,-2378,-18.43410853,72,57,"two-contract post-signal scalp: one contract exits at first target, one runner uses selected stop mode and runner target"
1,signal_scaled_scalp:strategy=vwap_delta_exhaustion_fade_3pt_20d_cl0.5:direction=all:first_target_points=0.5:stop_points=1.5:runner_target_points=5:runner_stop_mode=breakeven,vwap_delta_exhaustion_fade_3pt_20d_cl0.5,all,0.5,1.5,5,breakeven,129,129,129,47,82,16,66,0,0,82,0.63565891,-1000,-1903,-14.75193798,72,57,"two-contract post-signal scalp: one contract exits at first target, one runner uses selected stop mode and runner target"
1,signal_scaled_scalp:strategy=vwap_delta_exhaustion_fade_3pt_20d_cl0.5:direction=all:first_target_points=0.5:stop_points=1.5:runner_target_points=5:runner_stop_mode=initial,vwap_delta_exhaustion_fade_3pt_20d_cl0.5,all,0.5,1.5,5,initial,129,129,129,47,82,33,49,0,0,33,0.25581395,-425,-1328,-10.29457364,72,57,"two-contract post-signal scalp: one contract exits at first target, one runner uses selected stop mode and runner target"
1,signal_scaled_scalp:strategy=vwap_delta_exhaustion_fade_3pt_20d_cl0.5:direction=all:first_target_points=0.5:stop_points=2:runner_target_points=1.5:runner_stop_mode=breakeven,vwap_delta_exhaustion_fade_3pt_20d_cl0.5,all,0.5,2,1.5,breakeven,129,129,129,34,95,45,50,0,0,95,0.73643411,-1050,-1953,-15.13953488,72,57,"two-contract post-signal scalp: one contract exits at first target, one runner uses selected stop mode and runner target"
1,signal_scaled_scalp:strategy=vwap_delta_exhaustion_fade_3pt_20d_cl0.5:direction=all:first_target_points=0.5:stop_points=2:runner_target_points=1.5:runner_stop_mode=initial,vwap_delta_exhaustion_fade_3pt_20d_cl0.5,all,0.5,2,1.5,initial,129,129,129,34,95,79,16,0,0,79,0.6124031,-100,-1003,-7.7751938,72,57,"two-contract post-signal scalp: one contract exits at first target, one runner uses selected stop mode and runner target"
1,signal_scaled_scalp:strategy=vwap_delta_exhaustion_fade_3pt_20d_cl0.5:direction=all:first_target_points=0.5:stop_points=2:runner_target_points=2:runner_stop_mode=breakeven,vwap_delta_exhaustion_fade_3pt_20d_cl0.5,all,0.5,2,2,breakeven,129,129,129,34,95,34,61,0,0,95,0.73643411,-1025,-1928,-14.94573643,72,57,"two-contract post-signal scalp: one contract exits at first target, one runner uses selected stop mode and runner target"
1,signal_scaled_scalp:strategy=vwap_delta_exhaustion_fade_3pt_20d_cl0.5:direction=all:first_target_points=0.5:stop_points=2:runner_target_points=2:runner_stop_mode=initial,vwap_delta_exhaustion_fade_3pt_20d_cl0.5,all,0.5,2,2,initial,129,129,129,34,95,70,25,0,0,70,0.54263566,75,-828,-6.41860465,72,57,"two-contract post-signal scalp: one contract exits at first target, one runner uses selected stop mode and runner target"
1,signal_scaled_scalp:strategy=vwap_delta_exhaustion_fade_3pt_20d_cl0.5:direction=all:first_target_points=0.5:stop_points=2:runner_target_points=3:runner_stop_mode=breakeven,vwap_delta_exhaustion_fade_3pt_20d_cl0.5,all,0.5,2,3,breakeven,129,129,129,34,95,24,71,0,0,95,0.73643411,-825,-1728,-13.39534884,72,57,"two-contract post-signal scalp: one contract exits at first target, one runner uses selected stop mode and runner target"
1,signal_scaled_scalp:strategy=vwap_delta_exhaustion_fade_3pt_20d_cl0.5:direction=all:first_target_points=0.5:stop_points=2:runner_target_points=3:runner_stop_mode=initial,vwap_delta_exhaustion_fade_3pt_20d_cl0.5,all,0.5,2,3,initial,129,129,129,34,95,55,40,0,0,55,0.42635659,-175,-1078,-8.35658915,72,57,"two-contract post-signal scalp: one contract exits at first target, one runner uses selected stop mode and runner target"
1,signal_scaled_scalp:strategy=vwap_delta_exhaustion_fade_3pt_20d_cl0.5:direction=all:first_target_points=0.5:stop_points=2:runner_target_points=5:runner_stop_mode=breakeven,vwap_delta_exhaustion_fade_3pt_20d_cl0.5,all,0.5,2,5,breakeven,129,129,129,34,95,17,78,0,0,95,0.73643411,-175,-1078,-8.35658915,72,57,"two-contract post-signal scalp: one contract exits at first target, one runner uses selected stop mode and runner target"
1,signal_scaled_scalp:strategy=vwap_delta_exhaustion_fade_3pt_20d_cl0.5:direction=all:first_target_points=0.5:stop_points=2:runner_target_points=5:runner_stop_mode=initial,vwap_delta_exhaustion_fade_3pt_20d_cl0.5,all,0.5,2,5,initial,129,129,129,34,95,43,52,0,0,43,0.33333333,1125,222,1.72093023,72,57,"two-contract post-signal scalp: one contract exits at first target, one runner uses selected stop mode and runner target"
1,signal_scaled_scalp:strategy=vwap_delta_exhaustion_fade_3pt_20d_cl0.5:direction=all:first_target_points=1:stop_points=1:runner_target_points=1.5:runner_stop_mode=breakeven,vwap_delta_exhaustion_fade_3pt_20d_cl0.5,all,1,1,1.5,breakeven,129,129,129,67,62,46,16,0,0,62,0.48062016,-150,-1053,-8.1627907,72,57,"two-contract post-signal scalp: one contract exits at first target, one runner uses selected stop mode and runner target"
1,signal_scaled_scalp:strategy=vwap_delta_exhaustion_fade_3pt_20d_cl0.5:direction=all:first_target_points=1:stop_points=1:runner_target_points=1.5:runner_stop_mode=initial,vwap_delta_exhaustion_fade_3pt_20d_cl0.5,all,1,1,1.5,initial,129,129,129,67,62,56,6,0,0,56,0.43410853,300,-603,-4.6744186,72,57,"two-contract post-signal scalp: one contract exits at first target, one runner uses selected stop mode and runner target"
1,signal_scaled_scalp:strategy=vwap_delta_exhaustion_fade_3pt_20d_cl0.5:direction=all:first_target_points=1:stop_points=1:runner_target_points=2:runner_stop_mode=breakeven,vwap_delta_exhaustion_fade_3pt_20d_cl0.5,all,1,1,2,breakeven,129,129,129,67,62,34,28,0,0,62,0.48062016,-200,-1103,-8.5503876,72,57,"two-contract post-signal scalp: one contract exits at first target, one runner uses selected stop mode and runner target"
1,signal_scaled_scalp:strategy=vwap_delta_exhaustion_fade_3pt_20d_cl0.5:direction=all:first_target_points=1:stop_points=1:runner_target_points=2:runner_stop_mode=initial,vwap_delta_exhaustion_fade_3pt_20d_cl0.5,all,1,1,2,initial,129,129,129,67,62,47,15,0,0,47,0.36434109,350,-553,-4.28682171,72,57,"two-contract post-signal scalp: one contract exits at first target, one runner uses selected stop mode and runner target"
1,signal_scaled_scalp:strategy=vwap_delta_exhaustion_fade_3pt_20d_cl0.5:direction=all:first_target_points=1:stop_points=1:runner_target_points=3:runner_stop_mode=breakeven,vwap_delta_exhaustion_fade_3pt_20d_cl0.5,all,1,1,3,breakeven,129,129,129,67,62,24,38,0,0,62,0.48062016,0,-903,-7,72,57,"two-contract post-signal scalp: one contract exits at first target, one runner uses selected stop mode and runner target"
1,signal_scaled_scalp:strategy=vwap_delta_exhaustion_fade_3pt_20d_cl0.5:direction=all:first_target_points=1:stop_points=1:runner_target_points=3:runner_stop_mode=initial,vwap_delta_exhaustion_fade_3pt_20d_cl0.5,all,1,1,3,initial,129,129,129,67,62,33,29,0,0,33,0.25581395,-100,-1003,-7.7751938,72,57,"two-contract post-signal scalp: one contract exits at first target, one runner uses selected stop mode and runner target"
1,signal_scaled_scalp:strategy=vwap_delta_exhaustion_fade_3pt_20d_cl0.5:direction=all:first_target_points=1:stop_points=1:runner_target_points=5:runner_stop_mode=breakeven,vwap_delta_exhaustion_fade_3pt_20d_cl0.5,all,1,1,5,breakeven,129,129,129,67,62,19,43,0,0,62,0.48062016,1150,247,1.91472868,72,57,"two-contract post-signal scalp: one contract exits at first target, one runner uses selected stop mode and runner target"
1,signal_scaled_scalp:strategy=vwap_delta_exhaustion_fade_3pt_20d_cl0.5:direction=all:first_target_points=1:stop_points=1:runner_target_points=5:runner_stop_mode=initial,vwap_delta_exhaustion_fade_3pt_20d_cl0.5,all,1,1,5,initial,129,129,129,67,62,23,39,0,0,23,0.17829457,200,-703,-5.4496124,72,57,"two-contract post-signal scalp: one contract exits at first target, one runner uses selected stop mode and runner target"
1,signal_scaled_scalp:strategy=vwap_delta_exhaustion_fade_3pt_20d_cl0.5:direction=all:first_target_points=1:stop_points=1.5:runner_target_points=1.5:runner_stop_mode=breakeven,vwap_delta_exhaustion_fade_3pt_20d_cl0.5,all,1,1.5,1.5,breakeven,129,129,129,56,73,51,22,0,0,73,0.56589147,-925,-1828,-14.17054264,72,57,"two-contract post-signal scalp: one contract exits at first target, one runner uses selected stop mode and runner target"
1,signal_scaled_scalp:strategy=vwap_delta_exhaustion_fade_3pt_20d_cl0.5:direction=all:first_target_points=1:stop_points=1.5:runner_target_points=1.5:runner_stop_mode=initial,vwap_delta_exhaustion_fade_3pt_20d_cl0.5,all,1,1.5,1.5,initial,129,129,129,56,73,66,7,0,0,66,0.51162791,-325,-1228,-9.51937984,72,57,"two-contract post-signal scalp: one contract exits at first target, one runner uses selected stop mode and runner target"
1,signal_scaled_scalp:strategy=vwap_delta_exhaustion_fade_3pt_20d_cl0.5:direction=all:first_target_points=1:stop_points=1.5:runner_target_points=2:runner_stop_mode=breakeven,vwap_delta_exhaustion_fade_3pt_20d_cl0.5,all,1,1.5,2,breakeven,129,129,129,56,73,37,36,0,0,73,0.56589147,-1050,-1953,-15.13953488,72,57,"two-contract post-signal scalp: one contract exits at first target, one runner uses selected stop mode and runner target"
1,signal_scaled_scalp:strategy=vwap_delta_exhaustion_fade_3pt_20d_cl0.5:direction=all:first_target_points=1:stop_points=1.5:runner_target_points=2:runner_stop_mode=initial,vwap_delta_exhaustion_fade_3pt_20d_cl0.5,all,1,1.5,2,initial,129,129,129,56,73,57,16,0,0,57,0.44186047,-250,-1153,-8.9379845,72,57,"two-contract post-signal scalp: one contract exits at first target, one runner uses selected stop mode and runner target"
1,signal_scaled_scalp:strategy=vwap_delta_exhaustion_fade_3pt_20d_cl0.5:direction=all:first_target_points=1:stop_points=1.5:runner_target_points=3:runner_stop_mode=breakeven,vwap_delta_exhaustion_fade_3pt_20d_cl0.5,all,1,1.5,3,breakeven,129,129,129,56,73,26,47,0,0,73,0.56589147,-850,-1753,-13.58914729,72,57,"two-contract post-signal scalp: one contract exits at first target, one runner uses selected stop mode and runner target"
1,signal_scaled_scalp:strategy=vwap_delta_exhaustion_fade_3pt_20d_cl0.5:direction=all:first_target_points=1:stop_points=1.5:runner_target_points=3:runner_stop_mode=initial,vwap_delta_exhaustion_fade_3pt_20d_cl0.5,all,1,1.5,3,initial,129,129,129,56,73,43,30,0,0,43,0.33333333,-550,-1453,-11.26356589,72,57,"two-contract post-signal scalp: one contract exits at first target, one runner uses selected stop mode and runner target"
1,signal_scaled_scalp:strategy=vwap_delta_exhaustion_fade_3pt_20d_cl0.5:direction=all:first_target_points=1:stop_points=1.5:runner_target_points=5:runner_stop_mode=breakeven,vwap_delta_exhaustion_fade_3pt_20d_cl0.5,all,1,1.5,5,breakeven,129,129,129,56,73,21,52,0,0,73,0.56589147,500,-403,-3.12403101,72,57,"two-contract post-signal scalp: one contract exits at first target, one runner uses selected stop mode and runner target"
1,signal_scaled_scalp:strategy=vwap_delta_exhaustion_fade_3pt_20d_cl0.5:direction=all:first_target_points=1:stop_points=1.5:runner_target_points=5:runner_stop_mode=initial,vwap_delta_exhaustion_fade_3pt_20d_cl0.5,all,1,1.5,5,initial,129,129,129,56,73,33,40,0,0,33,0.25581395,500,-403,-3.12403101,72,57,"two-contract post-signal scalp: one contract exits at first target, one runner uses selected stop mode and runner target"
1,signal_scaled_scalp:strategy=vwap_delta_exhaustion_fade_3pt_20d_cl0.5:direction=all:first_target_points=1:stop_points=2:runner_target_points=1.5:runner_stop_mode=breakeven,vwap_delta_exhaustion_fade_3pt_20d_cl0.5,all,1,2,1.5,breakeven,129,129,129,44,85,59,26,0,0,85,0.65891473,-125,-1028,-7.96899225,72,57,"two-contract post-signal scalp: one contract exits at first target, one runner uses selected stop mode and runner target"
1,signal_scaled_scalp:strategy=vwap_delta_exhaustion_fade_3pt_20d_cl0.5:direction=all:first_target_points=1:stop_points=2:runner_target_points=1.5:runner_stop_mode=initial,vwap_delta_exhaustion_fade_3pt_20d_cl0.5,all,1,2,1.5,initial,129,129,129,44,85,79,6,0,0,79,0.6124031,775,-128,-0.99224806,72,57,"two-contract post-signal scalp: one contract exits at first target, one runner uses selected stop mode and runner target"
1,signal_scaled_scalp:strategy=vwap_delta_exhaustion_fade_3pt_20d_cl0.5:direction=all:first_target_points=1:stop_points=2:runner_target_points=2:runner_stop_mode=breakeven,vwap_delta_exhaustion_fade_3pt_20d_cl0.5,all,1,2,2,breakeven,129,129,129,44,85,43,42,0,0,85,0.65891473,-250,-1153,-8.9379845,72,57,"two-contract post-signal scalp: one contract exits at first target, one runner uses selected stop mode and runner target"
1,signal_scaled_scalp:strategy=vwap_delta_exhaustion_fade_3pt_20d_cl0.5:direction=all:first_target_points=1:stop_points=2:runner_target_points=2:runner_stop_mode=initial,vwap_delta_exhaustion_fade_3pt_20d_cl0.5,all,1,2,2,initial,129,129,129,44,85,70,15,0,0,70,0.54263566,950,47,0.36434109,72,57,"two-contract post-signal scalp: one contract exits at first target, one runner uses selected stop mode and runner target"
1,signal_scaled_scalp:strategy=vwap_delta_exhaustion_fade_3pt_20d_cl0.5:direction=all:first_target_points=1:stop_points=2:runner_target_points=3:runner_stop_mode=breakeven,vwap_delta_exhaustion_fade_3pt_20d_cl0.5,all,1,2,3,breakeven,129,129,129,44,85,32,53,0,0,85,0.65891473,250,-653,-5.0620155,72,57,"two-contract post-signal scalp: one contract exits at first target, one runner uses selected stop mode and runner target"
1,signal_scaled_scalp:strategy=vwap_delta_exhaustion_fade_3pt_20d_cl0.5:direction=all:first_target_points=1:stop_points=2:runner_target_points=3:runner_stop_mode=initial,vwap_delta_exhaustion_fade_3pt_20d_cl0.5,all,1,2,3,initial,129,129,129,44,85,55,30,0,0,55,0.42635659,700,-203,-1.57364341,72,57,"two-contract post-signal scalp: one contract exits at first target, one runner uses selected stop mode and runner target"
1,signal_scaled_scalp:strategy=vwap_delta_exhaustion_fade_3pt_20d_cl0.5:direction=all:first_target_points=1:stop_points=2:runner_target_points=5:runner_stop_mode=breakeven,vwap_delta_exhaustion_fade_3pt_20d_cl0.5,all,1,2,5,breakeven,129,129,129,44,85,24,61,0,0,85,0.65891473,1450,547,4.24031008,72,57,"two-contract post-signal scalp: one contract exits at first target, one runner uses selected stop mode and runner target"
1,signal_scaled_scalp:strategy=vwap_delta_exhaustion_fade_3pt_20d_cl0.5:direction=all:first_target_points=1:stop_points=2:runner_target_points=5:runner_stop_mode=initial,vwap_delta_exhaustion_fade_3pt_20d_cl0.5,all,1,2,5,initial,129,129,129,44,85,43,42,0,0,43,0.33333333,2000,1097,8.50387597,72,57,"two-contract post-signal scalp: one contract exits at first target, one runner uses selected stop mode and runner target"
1,signal_scaled_scalp:strategy=vwap_delta_exhaustion_fade_3pt_20d_cl0.5:direction=all:first_target_points=1.5:stop_points=1:runner_target_points=2:runner_stop_mode=breakeven,vwap_delta_exhaustion_fade_3pt_20d_cl0.5,all,1.5,1,2,breakeven,129,129,129,73,56,42,14,0,0,56,0.43410853,1100,197,1.52713178,72,57,"two-contract post-signal scalp: one contract exits at first target, one runner uses selected stop mode and runner target"
1,signal_scaled_scalp:strategy=vwap_delta_exhaustion_fade_3pt_20d_cl0.5:direction=all:first_target_points=1.5:stop_points=1:runner_target_points=2:runner_stop_mode=initial,vwap_delta_exhaustion_fade_3pt_20d_cl0.5,all,1.5,1,2,initial,129,129,129,73,56,47,9,0,0,56,0.43410853,1150,247,1.91472868,72,57,"two-contract post-signal scalp: one contract exits at first target, one runner uses selected stop mode and runner target"
1,signal_scaled_scalp:strategy=vwap_delta_exhaustion_fade_3pt_20d_cl0.5:direction=all:first_target_points=1.5:stop_points=1:runner_target_points=3:runner_stop_mode=breakeven,vwap_delta_exhaustion_fade_3pt_20d_cl0.5,all,1.5,1,3,breakeven,129,129,129,73,56,29,27,0,0,56,0.43410853,1250,347,2.68992248,72,57,"two-contract post-signal scalp: one contract exits at first target, one runner uses selected stop mode and runner target"
1,signal_scaled_scalp:strategy=vwap_delta_exhaustion_fade_3pt_20d_cl0.5:direction=all:first_target_points=1.5:stop_points=1:runner_target_points=3:runner_stop_mode=initial,vwap_delta_exhaustion_fade_3pt_20d_cl0.5,all,1.5,1,3,initial,129,129,129,73,56,33,23,0,0,56,0.43410853,700,-203,-1.57364341,72,57,"two-contract post-signal scalp: one contract exits at first target, one runner uses selected stop mode and runner target"
1,signal_scaled_scalp:strategy=vwap_delta_exhaustion_fade_3pt_20d_cl0.5:direction=all:first_target_points=1.5:stop_points=1:runner_target_points=5:runner_stop_mode=breakeven,vwap_delta_exhaustion_fade_3pt_20d_cl0.5,all,1.5,1,5,breakeven,129,129,129,73,56,21,35,0,0,56,0.43410853,2150,1247,9.66666667,72,57,"two-contract post-signal scalp: one contract exits at first target, one runner uses selected stop mode and runner target"
1,signal_scaled_scalp:strategy=vwap_delta_exhaustion_fade_3pt_20d_cl0.5:direction=all:first_target_points=1.5:stop_points=1:runner_target_points=5:runner_stop_mode=initial,vwap_delta_exhaustion_fade_3pt_20d_cl0.5,all,1.5,1,5,initial,129,129,129,73,56,23,33,0,0,56,0.43410853,1000,97,0.75193798,72,57,"two-contract post-signal scalp: one contract exits at first target, one runner uses selected stop mode and runner target"
1,signal_scaled_scalp:strategy=vwap_delta_exhaustion_fade_3pt_20d_cl0.5:direction=all:first_target_points=1.5:stop_points=1.5:runner_target_points=2:runner_stop_mode=breakeven,vwap_delta_exhaustion_fade_3pt_20d_cl0.5,all,1.5,1.5,2,breakeven,129,129,129,63,66,50,16,0,0,66,0.51162791,500,-403,-3.12403101,72,57,"two-contract post-signal scalp: one contract exits at first target, one runner uses selected stop mode and runner target"
1,signal_scaled_scalp:strategy=vwap_delta_exhaustion_fade_3pt_20d_cl0.5:direction=all:first_target_points=1.5:stop_points=1.5:runner_target_points=2:runner_stop_mode=initial,vwap_delta_exhaustion_fade_3pt_20d_cl0.5,all,1.5,1.5,2,initial,129,129,129,63,66,57,9,0,0,57,0.44186047,525,-378,-2.93023256,72,57,"two-contract post-signal scalp: one contract exits at first target, one runner uses selected stop mode and runner target"
1,signal_scaled_scalp:strategy=vwap_delta_exhaustion_fade_3pt_20d_cl0.5:direction=all:first_target_points=1.5:stop_points=1.5:runner_target_points=3:runner_stop_mode=breakeven,vwap_delta_exhaustion_fade_3pt_20d_cl0.5,all,1.5,1.5,3,breakeven,129,129,129,63,66,34,32,0,0,66,0.51162791,600,-303,-2.34883721,72,57,"two-contract post-signal scalp: one contract exits at first target, one runner uses selected stop mode and runner target"
1,signal_scaled_scalp:strategy=vwap_delta_exhaustion_fade_3pt_20d_cl0.5:direction=all:first_target_points=1.5:stop_points=1.5:runner_target_points=3:runner_stop_mode=initial,vwap_delta_exhaustion_fade_3pt_20d_cl0.5,all,1.5,1.5,3,initial,129,129,129,63,66,43,23,0,0,43,0.33333333,225,-678,-5.25581395,72,57,"two-contract post-signal scalp: one contract exits at first target, one runner uses selected stop mode and runner target"
1,signal_scaled_scalp:strategy=vwap_delta_exhaustion_fade_3pt_20d_cl0.5:direction=all:first_target_points=1.5:stop_points=1.5:runner_target_points=5:runner_stop_mode=breakeven,vwap_delta_exhaustion_fade_3pt_20d_cl0.5,all,1.5,1.5,5,breakeven,129,129,129,63,66,25,41,0,0,66,0.51162791,1750,847,6.56589147,72,57,"two-contract post-signal scalp: one contract exits at first target, one runner uses selected stop mode and runner target"
1,signal_scaled_scalp:strategy=vwap_delta_exhaustion_fade_3pt_20d_cl0.5:direction=all:first_target_points=1.5:stop_points=1.5:runner_target_points=5:runner_stop_mode=initial,vwap_delta_exhaustion_fade_3pt_20d_cl0.5,all,1.5,1.5,5,initial,129,129,129,63,66,33,33,0,0,33,0.25581395,1275,372,2.88372093,72,57,"two-contract post-signal scalp: one contract exits at first target, one runner uses selected stop mode and runner target"
1,signal_scaled_scalp:strategy=vwap_delta_exhaustion_fade_3pt_20d_cl0.5:direction=all:first_target_points=1.5:stop_points=2:runner_target_points=2:runner_stop_mode=breakeven,vwap_delta_exhaustion_fade_3pt_20d_cl0.5,all,1.5,2,2,breakeven,129,129,129,50,79,60,19,0,0,79,0.6124031,1925,1022,7.92248062,72,57,"two-contract post-signal scalp: one contract exits at first target, one runner uses selected stop mode and runner target"
1,signal_scaled_scalp:strategy=vwap_delta_exhaustion_fade_3pt_20d_cl0.5:direction=all:first_target_points=1.5:stop_points=2:runner_target_points=2:runner_stop_mode=initial,vwap_delta_exhaustion_fade_3pt_20d_cl0.5,all,1.5,2,2,initial,129,129,129,50,79,70,9,0,0,70,0.54263566,2025,1122,8.69767442,72,57,"two-contract post-signal scalp: one contract exits at first target, one runner uses selected stop mode and runner target"
1,signal_scaled_scalp:strategy=vwap_delta_exhaustion_fade_3pt_20d_cl0.5:direction=all:first_target_points=1.5:stop_points=2:runner_target_points=3:runner_stop_mode=breakeven,vwap_delta_exhaustion_fade_3pt_20d_cl0.5,all,1.5,2,3,breakeven,129,129,129,50,79,43,36,0,0,79,0.6124031,2375,1472,11.41085271,72,57,"two-contract post-signal scalp: one contract exits at first target, one runner uses selected stop mode and runner target"
1,signal_scaled_scalp:strategy=vwap_delta_exhaustion_fade_3pt_20d_cl0.5:direction=all:first_target_points=1.5:stop_points=2:runner_target_points=3:runner_stop_mode=initial,vwap_delta_exhaustion_fade_3pt_20d_cl0.5,all,1.5,2,3,initial,129,129,129,50,79,55,24,0,0,55,0.42635659,1775,872,6.75968992,72,57,"two-contract post-signal scalp: one contract exits at first target, one runner uses selected stop mode and runner target"
1,signal_scaled_scalp:strategy=vwap_delta_exhaustion_fade_3pt_20d_cl0.5:direction=all:first_target_points=1.5:stop_points=2:runner_target_points=5:runner_stop_mode=breakeven,vwap_delta_exhaustion_fade_3pt_20d_cl0.5,all,1.5,2,5,breakeven,129,129,129,50,79,29,50,0,0,79,0.6124031,3175,2272,17.6124031,72,57,"two-contract post-signal scalp: one contract exits at first target, one runner uses selected stop mode and runner target"
1,signal_scaled_scalp:strategy=vwap_delta_exhaustion_fade_3pt_20d_cl0.5:direction=all:first_target_points=1.5:stop_points=2:runner_target_points=5:runner_stop_mode=initial,vwap_delta_exhaustion_fade_3pt_20d_cl0.5,all,1.5,2,5,initial,129,129,129,50,79,43,36,0,0,43,0.33333333,3075,2172,16.8372093,72,57,"two-contract post-signal scalp: one contract exits at first target, one runner uses selected stop mode and runner target"
1,signal_scaled_scalp:strategy=vwap_delta_exhaustion_fade_4pt_30d_cl0.55:direction=all:first_target_points=0.5:stop_points=1:runner_target_points=1.5:runner_stop_mode=breakeven,vwap_delta_exhaustion_fade_4pt_30d_cl0.55,all,0.5,1,1.5,breakeven,115,115,115,55,60,35,25,0,0,60,0.52173913,-1375,-2180,-18.95652174,64,51,"two-contract post-signal scalp: one contract exits at first target, one runner uses selected stop mode and runner target"
1,signal_scaled_scalp:strategy=vwap_delta_exhaustion_fade_4pt_30d_cl0.55:direction=all:first_target_points=0.5:stop_points=1:runner_target_points=1.5:runner_stop_mode=initial,vwap_delta_exhaustion_fade_4pt_30d_cl0.55,all,0.5,1,1.5,initial,115,115,115,55,60,49,11,0,0,49,0.42608696,-875,-1680,-14.60869565,64,51,"two-contract post-signal scalp: one contract exits at first target, one runner uses selected stop mode and runner target"
1,signal_scaled_scalp:strategy=vwap_delta_exhaustion_fade_4pt_30d_cl0.55:direction=all:first_target_points=0.5:stop_points=1:runner_target_points=2:runner_stop_mode=breakeven,vwap_delta_exhaustion_fade_4pt_30d_cl0.55,all,0.5,1,2,breakeven,115,115,115,55,60,24,36,0,0,60,0.52173913,-1600,-2405,-20.91304348,64,51,"two-contract post-signal scalp: one contract exits at first target, one runner uses selected stop mode and runner target"
1,signal_scaled_scalp:strategy=vwap_delta_exhaustion_fade_4pt_30d_cl0.55:direction=all:first_target_points=0.5:stop_points=1:runner_target_points=2:runner_stop_mode=initial,vwap_delta_exhaustion_fade_4pt_30d_cl0.55,all,0.5,1,2,initial,115,115,115,55,60,38,22,0,0,38,0.33043478,-1300,-2105,-18.30434783,64,51,"two-contract post-signal scalp: one contract exits at first target, one runner uses selected stop mode and runner target"
1,signal_scaled_scalp:strategy=vwap_delta_exhaustion_fade_4pt_30d_cl0.55:direction=all:first_target_points=0.5:stop_points=1:runner_target_points=3:runner_stop_mode=breakeven,vwap_delta_exhaustion_fade_4pt_30d_cl0.55,all,0.5,1,3,breakeven,115,115,115,55,60,13,47,0,0,60,0.52173913,-2050,-2855,-24.82608696,64,51,"two-contract post-signal scalp: one contract exits at first target, one runner uses selected stop mode and runner target"
1,signal_scaled_scalp:strategy=vwap_delta_exhaustion_fade_4pt_30d_cl0.55:direction=all:first_target_points=0.5:stop_points=1:runner_target_points=3:runner_stop_mode=initial,vwap_delta_exhaustion_fade_4pt_30d_cl0.55,all,0.5,1,3,initial,115,115,115,55,60,28,32,0,0,28,0.24347826,-1400,-2205,-19.17391304,64,51,"two-contract post-signal scalp: one contract exits at first target, one runner uses selected stop mode and runner target"
1,signal_scaled_scalp:strategy=vwap_delta_exhaustion_fade_4pt_30d_cl0.55:direction=all:first_target_points=0.5:stop_points=1:runner_target_points=5:runner_stop_mode=breakeven,vwap_delta_exhaustion_fade_4pt_30d_cl0.55,all,0.5,1,5,breakeven,115,115,115,55,60,10,50,0,0,60,0.52173913,-1500,-2305,-20.04347826,64,51,"two-contract post-signal scalp: one contract exits at first target, one runner uses selected stop mode and runner target"
1,signal_scaled_scalp:strategy=vwap_delta_exhaustion_fade_4pt_30d_cl0.55:direction=all:first_target_points=0.5:stop_points=1:runner_target_points=5:runner_stop_mode=initial,vwap_delta_exhaustion_fade_4pt_30d_cl0.55,all,0.5,1,5,initial,115,115,115,55,60,21,39,0,0,21,0.1826087,-700,-1505,-13.08695652,64,51,"two-contract post-signal scalp: one contract exits at first target, one runner uses selected stop mode and runner target"
1,signal_scaled_scalp:strategy=vwap_delta_exhaustion_fade_4pt_30d_cl0.55:direction=all:first_target_points=0.5:stop_points=1.5:runner_target_points=1.5:runner_stop_mode=breakeven,vwap_delta_exhaustion_fade_4pt_30d_cl0.55,all,0.5,1.5,1.5,breakeven,115,115,115,42,73,38,35,0,0,73,0.63478261,-1625,-2430,-21.13043478,64,51,"two-contract post-signal scalp: one contract exits at first target, one runner uses selected stop mode and runner target"
1,signal_scaled_scalp:strategy=vwap_delta_exhaustion_fade_4pt_30d_cl0.55:direction=all:first_target_points=0.5:stop_points=1.5:runner_target_points=1.5:runner_stop_mode=initial,vwap_delta_exhaustion_fade_4pt_30d_cl0.55,all,0.5,1.5,1.5,initial,115,115,115,42,73,63,10,0,0,63,0.54782609,-500,-1305,-11.34782609,64,51,"two-contract post-signal scalp: one contract exits at first target, one runner uses selected stop mode and runner target"
1,signal_scaled_scalp:strategy=vwap_delta_exhaustion_fade_4pt_30d_cl0.55:direction=all:first_target_points=0.5:stop_points=1.5:runner_target_points=2:runner_stop_mode=breakeven,vwap_delta_exhaustion_fade_4pt_30d_cl0.55,all,0.5,1.5,2,breakeven,115,115,115,42,73,27,46,0,0,73,0.63478261,-1775,-2580,-22.43478261,64,51,"two-contract post-signal scalp: one contract exits at first target, one runner uses selected stop mode and runner target"
1,signal_scaled_scalp:strategy=vwap_delta_exhaustion_fade_4pt_30d_cl0.55:direction=all:first_target_points=0.5:stop_points=1.5:runner_target_points=2:runner_stop_mode=initial,vwap_delta_exhaustion_fade_4pt_30d_cl0.55,all,0.5,1.5,2,initial,115,115,115,42,73,49,24,0,0,49,0.42608696,-1375,-2180,-18.95652174,64,51,"two-contract post-signal scalp: one contract exits at first target, one runner uses selected stop mode and runner target"
1,signal_scaled_scalp:strategy=vwap_delta_exhaustion_fade_4pt_30d_cl0.55:direction=all:first_target_points=0.5:stop_points=1.5:runner_target_points=3:runner_stop_mode=breakeven,vwap_delta_exhaustion_fade_4pt_30d_cl0.55,all,0.5,1.5,3,breakeven,115,115,115,42,73,16,57,0,0,73,0.63478261,-2075,-2880,-25.04347826,64,51,"two-contract post-signal scalp: one contract exits at first target, one runner uses selected stop mode and runner target"
1,signal_scaled_scalp:strategy=vwap_delta_exhaustion_fade_4pt_30d_cl0.55:direction=all:first_target_points=0.5:stop_points=1.5:runner_target_points=3:runner_stop_mode=initial,vwap_delta_exhaustion_fade_4pt_30d_cl0.55,all,0.5,1.5,3,initial,115,115,115,42,73,41,32,0,0,41,0.35652174,-725,-1530,-13.30434783,64,51,"two-contract post-signal scalp: one contract exits at first target, one runner uses selected stop mode and runner target"
1,signal_scaled_scalp:strategy=vwap_delta_exhaustion_fade_4pt_30d_cl0.55:direction=all:first_target_points=0.5:stop_points=1.5:runner_target_points=5:runner_stop_mode=breakeven,vwap_delta_exhaustion_fade_4pt_30d_cl0.55,all,0.5,1.5,5,breakeven,115,115,115,42,73,12,61,0,0,73,0.63478261,-1475,-2280,-19.82608696,64,51,"two-contract post-signal scalp: one contract exits at first target, one runner uses selected stop mode and runner target"
1,signal_scaled_scalp:strategy=vwap_delta_exhaustion_fade_4pt_30d_cl0.55:direction=all:first_target_points=0.5:stop_points=1.5:runner_target_points=5:runner_stop_mode=initial,vwap_delta_exhaustion_fade_4pt_30d_cl0.55,all,0.5,1.5,5,initial,115,115,115,42,73,31,42,0,0,31,0.26956522,125,-680,-5.91304348,64,51,"two-contract post-signal scalp: one contract exits at first target, one runner uses selected stop mode and runner target"
1,signal_scaled_scalp:strategy=vwap_delta_exhaustion_fade_4pt_30d_cl0.55:direction=all:first_target_points=0.5:stop_points=2:runner_target_points=1.5:runner_stop_mode=breakeven,vwap_delta_exhaustion_fade_4pt_30d_cl0.55,all,0.5,2,1.5,breakeven,115,115,115,29,86,40,46,0,0,86,0.74782609,-650,-1455,-12.65217391,64,51,"two-contract post-signal scalp: one contract exits at first target, one runner uses selected stop mode and runner target"
1,signal_scaled_scalp:strategy=vwap_delta_exhaustion_fade_4pt_30d_cl0.55:direction=all:first_target_points=0.5:stop_points=2:runner_target_points=1.5:runner_stop_mode=initial,vwap_delta_exhaustion_fade_4pt_30d_cl0.55,all,0.5,2,1.5,initial,115,115,115,29,86,72,14,0,0,72,0.62608696,350,-455,-3.95652174,64,51,"two-contract post-signal scalp: one contract exits at first target, one runner uses selected stop mode and runner target"
1,signal_scaled_scalp:strategy=vwap_delta_exhaustion_fade_4pt_30d_cl0.55:direction=all:first_target_points=0.5:stop_points=2:runner_target_points=2:runner_stop_mode=breakeven,vwap_delta_exhaustion_fade_4pt_30d_cl0.55,all,0.5,2,2,breakeven,115,115,115,29,86,29,57,0,0,86,0.74782609,-750,-1555,-13.52173913,64,51,"two-contract post-signal scalp: one contract exits at first target, one runner uses selected stop mode and runner target"
1,signal_scaled_scalp:strategy=vwap_delta_exhaustion_fade_4pt_30d_cl0.55:direction=all:first_target_points=0.5:stop_points=2:runner_target_points=2:runner_stop_mode=initial,vwap_delta_exhaustion_fade_4pt_30d_cl0.55,all,0.5,2,2,initial,115,115,115,29,86,57,29,0,0,57,0.49565217,-850,-1655,-14.39130435,64,51,"two-contract post-signal scalp: one contract exits at first target, one runner uses selected stop mode and runner target"
1,signal_scaled_scalp:strategy=vwap_delta_exhaustion_fade_4pt_30d_cl0.55:direction=all:first_target_points=0.5:stop_points=2:runner_target_points=3:runner_stop_mode=breakeven,vwap_delta_exhaustion_fade_4pt_30d_cl0.55,all,0.5,2,3,breakeven,115,115,115,29,86,18,68,0,0,86,0.74782609,-950,-1755,-15.26086957,64,51,"two-contract post-signal scalp: one contract exits at first target, one runner uses selected stop mode and runner target"
1,signal_scaled_scalp:strategy=vwap_delta_exhaustion_fade_4pt_30d_cl0.55:direction=all:first_target_points=0.5:stop_points=2:runner_target_points=3:runner_stop_mode=initial,vwap_delta_exhaustion_fade_4pt_30d_cl0.55,all,0.5,2,3,initial,115,115,115,29,86,48,38,0,0,48,0.4173913,-250,-1055,-9.17391304,64,51,"two-contract post-signal scalp: one contract exits at first target, one runner uses selected stop mode and runner target"
1,signal_scaled_scalp:strategy=vwap_delta_exhaustion_fade_4pt_30d_cl0.55:direction=all:first_target_points=0.5:stop_points=2:runner_target_points=5:runner_stop_mode=breakeven,vwap_delta_exhaustion_fade_4pt_30d_cl0.55,all,0.5,2,5,breakeven,115,115,115,29,86,13,73,0,0,86,0.74782609,-400,-1205,-10.47826087,64,51,"two-contract post-signal scalp: one contract exits at first target, one runner uses selected stop mode and runner target"
1,signal_scaled_scalp:strategy=vwap_delta_exhaustion_fade_4pt_30d_cl0.55:direction=all:first_target_points=0.5:stop_points=2:runner_target_points=5:runner_stop_mode=initial,vwap_delta_exhaustion_fade_4pt_30d_cl0.55,all,0.5,2,5,initial,115,115,115,29,86,37,49,0,0,37,0.32173913,700,-105,-0.91304348,64,51,"two-contract post-signal scalp: one contract exits at first target, one runner uses selected stop mode and runner target"
1,signal_scaled_scalp:strategy=vwap_delta_exhaustion_fade_4pt_30d_cl0.55:direction=all:first_target_points=1:stop_points=1:runner_target_points=1.5:runner_stop_mode=breakeven,vwap_delta_exhaustion_fade_4pt_30d_cl0.55,all,1,1,1.5,breakeven,115,115,115,59,56,43,13,0,0,56,0.48695652,125,-680,-5.91304348,64,51,"two-contract post-signal scalp: one contract exits at first target, one runner uses selected stop mode and runner target"
1,signal_scaled_scalp:strategy=vwap_delta_exhaustion_fade_4pt_30d_cl0.55:direction=all:first_target_points=1:stop_points=1:runner_target_points=1.5:runner_stop_mode=initial,vwap_delta_exhaustion_fade_4pt_30d_cl0.55,all,1,1,1.5,initial,115,115,115,59,56,49,7,0,0,49,0.42608696,225,-580,-5.04347826,64,51,"two-contract post-signal scalp: one contract exits at first target, one runner uses selected stop mode and runner target"
1,signal_scaled_scalp:strategy=vwap_delta_exhaustion_fade_4pt_30d_cl0.55:direction=all:first_target_points=1:stop_points=1:runner_target_points=2:runner_stop_mode=breakeven,vwap_delta_exhaustion_fade_4pt_30d_cl0.55,all,1,1,2,breakeven,115,115,115,59,56,30,26,0,0,56,0.48695652,-100,-905,-7.86956522,64,51,"two-contract post-signal scalp: one contract exits at first target, one runner uses selected stop mode and runner target"
1,signal_scaled_scalp:strategy=vwap_delta_exhaustion_fade_4pt_30d_cl0.55:direction=all:first_target_points=1:stop_points=1:runner_target_points=2:runner_stop_mode=initial,vwap_delta_exhaustion_fade_4pt_30d_cl0.55,all,1,1,2,initial,115,115,115,59,56,38,18,0,0,38,0.33043478,-200,-1005,-8.73913043,64,51,"two-contract post-signal scalp: one contract exits at first target, one runner uses selected stop mode and runner target"
1,signal_scaled_scalp:strategy=vwap_delta_exhaustion_fade_4pt_30d_cl0.55:direction=all:first_target_points=1:stop_points=1:runner_target_points=3:runner_stop_mode=breakeven,vwap_delta_exhaustion_fade_4pt_30d_cl0.55,all,1,1,3,breakeven,115,115,115,59,56,18,38,0,0,56,0.48695652,-400,-1205,-10.47826087,64,51,"two-contract post-signal scalp: one contract exits at first target, one runner uses selected stop mode and runner target"
1,signal_scaled_scalp:strategy=vwap_delta_exhaustion_fade_4pt_30d_cl0.55:direction=all:first_target_points=1:stop_points=1:runner_target_points=3:runner_stop_mode=initial,vwap_delta_exhaustion_fade_4pt_30d_cl0.55,all,1,1,3,initial,115,115,115,59,56,28,28,0,0,28,0.24347826,-300,-1105,-9.60869565,64,51,"two-contract post-signal scalp: one contract exits at first target, one runner uses selected stop mode and runner target"
1,signal_scaled_scalp:strategy=vwap_delta_exhaustion_fade_4pt_30d_cl0.55:direction=all:first_target_points=1:stop_points=1:runner_target_points=5:runner_stop_mode=breakeven,vwap_delta_exhaustion_fade_4pt_30d_cl0.55,all,1,1,5,breakeven,115,115,115,59,56,15,41,0,0,56,0.48695652,650,-155,-1.34782609,64,51,"two-contract post-signal scalp: one contract exits at first target, one runner uses selected stop mode and runner target"
1,signal_scaled_scalp:strategy=vwap_delta_exhaustion_fade_4pt_30d_cl0.55:direction=all:first_target_points=1:stop_points=1:runner_target_points=5:runner_stop_mode=initial,vwap_delta_exhaustion_fade_4pt_30d_cl0.55,all,1,1,5,initial,115,115,115,59,56,21,35,0,0,21,0.1826087,400,-405,-3.52173913,64,51,"two-contract post-signal scalp: one contract exits at first target, one runner uses selected stop mode and runner target"
1,signal_scaled_scalp:strategy=vwap_delta_exhaustion_fade_4pt_30d_cl0.55:direction=all:first_target_points=1:stop_points=1.5:runner_target_points=1.5:runner_stop_mode=breakeven,vwap_delta_exhaustion_fade_4pt_30d_cl0.55,all,1,1.5,1.5,breakeven,115,115,115,47,68,52,16,0,0,68,0.59130435,250,-555,-4.82608696,64,51,"two-contract post-signal scalp: one contract exits at first target, one runner uses selected stop mode and runner target"
1,signal_scaled_scalp:strategy=vwap_delta_exhaustion_fade_4pt_30d_cl0.55:direction=all:first_target_points=1:stop_points=1.5:runner_target_points=1.5:runner_stop_mode=initial,vwap_delta_exhaustion_fade_4pt_30d_cl0.55,all,1,1.5,1.5,initial,115,115,115,47,68,63,5,0,0,63,0.54782609,700,-105,-0.91304348,64,51,"two-contract post-signal scalp: one contract exits at first target, one runner uses selected stop mode and runner target"
1,signal_scaled_scalp:strategy=vwap_delta_exhaustion_fade_4pt_30d_cl0.55:direction=all:first_target_points=1:stop_points=1.5:runner_target_points=2:runner_stop_mode=breakeven,vwap_delta_exhaustion_fade_4pt_30d_cl0.55,all,1,1.5,2,breakeven,115,115,115,47,68,37,31,0,0,68,0.59130435,50,-755,-6.56521739,64,51,"two-contract post-signal scalp: one contract exits at first target, one runner uses selected stop mode and runner target"
1,signal_scaled_scalp:strategy=vwap_delta_exhaustion_fade_4pt_30d_cl0.55:direction=all:first_target_points=1:stop_points=1.5:runner_target_points=2:runner_stop_mode=initial,vwap_delta_exhaustion_fade_4pt_30d_cl0.55,all,1,1.5,2,initial,115,115,115,47,68,49,19,0,0,49,0.42608696,-175,-980,-8.52173913,64,51,"two-contract post-signal scalp: one contract exits at first target, one runner uses selected stop mode and runner target"
1,signal_scaled_scalp:strategy=vwap_delta_exhaustion_fade_4pt_30d_cl0.55:direction=all:first_target_points=1:stop_points=1.5:runner_target_points=3:runner_stop_mode=breakeven,vwap_delta_exhaustion_fade_4pt_30d_cl0.55,all,1,1.5,3,breakeven,115,115,115,47,68,23,45,0,0,68,0.59130435,-200,-1005,-8.73913043,64,51,"two-contract post-signal scalp: one contract exits at first target, one runner uses selected stop mode and runner target"
1,signal_scaled_scalp:strategy=vwap_delta_exhaustion_fade_4pt_30d_cl0.55:direction=all:first_target_points=1:stop_points=1.5:runner_target_points=3:runner_stop_mode=initial,vwap_delta_exhaustion_fade_4pt_30d_cl0.55,all,1,1.5,3,initial,115,115,115,47,68,41,27,0,0,41,0.35652174,475,-330,-2.86956522,64,51,"two-contract post-signal scalp: one contract exits at first target, one runner uses selected stop mode and runner target"
1,signal_scaled_scalp:strategy=vwap_delta_exhaustion_fade_4pt_30d_cl0.55:direction=all:first_target_points=1:stop_points=1.5:runner_target_points=5:runner_stop_mode=breakeven,vwap_delta_exhaustion_fade_4pt_30d_cl0.55,all,1,1.5,5,breakeven,115,115,115,47,68,18,50,0,0,68,0.59130435,850,45,0.39130435,64,51,"two-contract post-signal scalp: one contract exits at first target, one runner uses selected stop mode and runner target"
1,signal_scaled_scalp:strategy=vwap_delta_exhaustion_fade_4pt_30d_cl0.55:direction=all:first_target_points=1:stop_points=1.5:runner_target_points=5:runner_stop_mode=initial,vwap_delta_exhaustion_fade_4pt_30d_cl0.55,all,1,1.5,5,initial,115,115,115,47,68,31,37,0,0,31,0.26956522,1325,520,4.52173913,64,51,"two-contract post-signal scalp: one contract exits at first target, one runner uses selected stop mode and runner target"
1,signal_scaled_scalp:strategy=vwap_delta_exhaustion_fade_4pt_30d_cl0.55:direction=all:first_target_points=1:stop_points=2:runner_target_points=1.5:runner_stop_mode=breakeven,vwap_delta_exhaustion_fade_4pt_30d_cl0.55,all,1,2,1.5,breakeven,115,115,115,35,80,57,23,0,0,80,0.69565217,1275,470,4.08695652,64,51,"two-contract post-signal scalp: one contract exits at first target, one runner uses selected stop mode and runner target"
1,signal_scaled_scalp:strategy=vwap_delta_exhaustion_fade_4pt_30d_cl0.55:direction=all:first_target_points=1:stop_points=2:runner_target_points=1.5:runner_stop_mode=initial,vwap_delta_exhaustion_fade_4pt_30d_cl0.55,all,1,2,1.5,initial,115,115,115,35,80,72,8,0,0,72,0.62608696,1600,795,6.91304348,64,51,"two-contract post-signal scalp: one contract exits at first target, one runner uses selected stop mode and runner target"
1,signal_scaled_scalp:strategy=vwap_delta_exhaustion_fade_4pt_30d_cl0.55:direction=all:first_target_points=1:stop_points=2:runner_target_points=2:runner_stop_mode=breakeven,vwap_delta_exhaustion_fade_4pt_30d_cl0.55,all,1,2,2,breakeven,115,115,115,35,80,40,40,0,0,80,0.69565217,1000,195,1.69565217,64,51,"two-contract post-signal scalp: one contract exits at first target, one runner uses selected stop mode and runner target"
1,signal_scaled_scalp:strategy=vwap_delta_exhaustion_fade_4pt_30d_cl0.55:direction=all:first_target_points=1:stop_points=2:runner_target_points=2:runner_stop_mode=initial,vwap_delta_exhaustion_fade_4pt_30d_cl0.55,all,1,2,2,initial,115,115,115,35,80,57,23,0,0,57,0.49565217,400,-405,-3.52173913,64,51,"two-contract post-signal scalp: one contract exits at first target, one runner uses selected stop mode and runner target"
1,signal_scaled_scalp:strategy=vwap_delta_exhaustion_fade_4pt_30d_cl0.55:direction=all:first_target_points=1:stop_points=2:runner_target_points=3:runner_stop_mode=breakeven,vwap_delta_exhaustion_fade_4pt_30d_cl0.55,all,1,2,3,breakeven,115,115,115,35,80,26,54,0,0,80,0.69565217,900,95,0.82608696,64,51,"two-contract post-signal scalp: one contract exits at first target, one runner uses selected stop mode and runner target"
1,signal_scaled_scalp:strategy=vwap_delta_exhaustion_fade_4pt_30d_cl0.55:direction=all:first_target_points=1:stop_points=2:runner_target_points=3:runner_stop_mode=initial,vwap_delta_exhaustion_fade_4pt_30d_cl0.55,all,1,2,3,initial,115,115,115,35,80,48,32,0,0,48,0.4173913,1000,195,1.69565217,64,51,"two-contract post-signal scalp: one contract exits at first target, one runner uses selected stop mode and runner target"
1,signal_scaled_scalp:strategy=vwap_delta_exhaustion_fade_4pt_30d_cl0.55:direction=all:first_target_points=1:stop_points=2:runner_target_points=5:runner_stop_mode=breakeven,vwap_delta_exhaustion_fade_4pt_30d_cl0.55,all,1,2,5,breakeven,115,115,115,35,80,19,61,0,0,80,0.69565217,1750,945,8.2173913,64,51,"two-contract post-signal scalp: one contract exits at first target, one runner uses selected stop mode and runner target"
1,signal_scaled_scalp:strategy=vwap_delta_exhaustion_fade_4pt_30d_cl0.55:direction=all:first_target_points=1:stop_points=2:runner_target_points=5:runner_stop_mode=initial,vwap_delta_exhaustion_fade_4pt_30d_cl0.55,all,1,2,5,initial,115,115,115,35,80,37,43,0,0,37,0.32173913,1950,1145,9.95652174,64,51,"two-contract post-signal scalp: one contract exits at first target, one runner uses selected stop mode and runner target"
1,signal_scaled_scalp:strategy=vwap_delta_exhaustion_fade_4pt_30d_cl0.55:direction=all:first_target_points=1.5:stop_points=1:runner_target_points=2:runner_stop_mode=breakeven,vwap_delta_exhaustion_fade_4pt_30d_cl0.55,all,1.5,1,2,breakeven,115,115,115,66,49,34,15,0,0,49,0.42608696,475,-330,-2.86956522,64,51,"two-contract post-signal scalp: one contract exits at first target, one runner uses selected stop mode and runner target"
1,signal_scaled_scalp:strategy=vwap_delta_exhaustion_fade_4pt_30d_cl0.55:direction=all:first_target_points=1.5:stop_points=1:runner_target_points=2:runner_stop_mode=initial,vwap_delta_exhaustion_fade_4pt_30d_cl0.55,all,1.5,1,2,initial,115,115,115,66,49,38,11,0,0,49,0.42608696,325,-480,-4.17391304,64,51,"two-contract post-signal scalp: one contract exits at first target, one runner uses selected stop mode and runner target"
1,signal_scaled_scalp:strategy=vwap_delta_exhaustion_fade_4pt_30d_cl0.55:direction=all:first_target_points=1.5:stop_points=1:runner_target_points=3:runner_stop_mode=breakeven,vwap_delta_exhaustion_fade_4pt_30d_cl0.55,all,1.5,1,3,breakeven,115,115,115,66,49,21,28,0,0,49,0.42608696,225,-580,-5.04347826,64,51,"two-contract post-signal scalp: one contract exits at first target, one runner uses selected stop mode and runner target"
1,signal_scaled_scalp:strategy=vwap_delta_exhaustion_fade_4pt_30d_cl0.55:direction=all:first_target_points=1.5:stop_points=1:runner_target_points=3:runner_stop_mode=initial,vwap_delta_exhaustion_fade_4pt_30d_cl0.55,all,1.5,1,3,initial,115,115,115,66,49,28,21,0,0,49,0.42608696,225,-580,-5.04347826,64,51,"two-contract post-signal scalp: one contract exits at first target, one runner uses selected stop mode and runner target"
1,signal_scaled_scalp:strategy=vwap_delta_exhaustion_fade_4pt_30d_cl0.55:direction=all:first_target_points=1.5:stop_points=1:runner_target_points=5:runner_stop_mode=breakeven,vwap_delta_exhaustion_fade_4pt_30d_cl0.55,all,1.5,1,5,breakeven,115,115,115,66,49,16,33,0,0,49,0.42608696,1075,270,2.34782609,64,51,"two-contract post-signal scalp: one contract exits at first target, one runner uses selected stop mode and runner target"
1,signal_scaled_scalp:strategy=vwap_delta_exhaustion_fade_4pt_30d_cl0.55:direction=all:first_target_points=1.5:stop_points=1:runner_target_points=5:runner_stop_mode=initial,vwap_delta_exhaustion_fade_4pt_30d_cl0.55,all,1.5,1,5,initial,115,115,115,66,49,21,28,0,0,49,0.42608696,925,120,1.04347826,64,51,"two-contract post-signal scalp: one contract exits at first target, one runner uses selected stop mode and runner target"
1,signal_scaled_scalp:strategy=vwap_delta_exhaustion_fade_4pt_30d_cl0.55:direction=all:first_target_points=1.5:stop_points=1.5:runner_target_points=2:runner_stop_mode=breakeven,vwap_delta_exhaustion_fade_4pt_30d_cl0.55,all,1.5,1.5,2,breakeven,115,115,115,52,63,45,18,0,0,63,0.54782609,1425,620,5.39130435,64,51,"two-contract post-signal scalp: one contract exits at first target, one runner uses selected stop mode and runner target"
1,signal_scaled_scalp:strategy=vwap_delta_exhaustion_fade_4pt_30d_cl0.55:direction=all:first_target_points=1.5:stop_points=1.5:runner_target_points=2:runner_stop_mode=initial,vwap_delta_exhaustion_fade_4pt_30d_cl0.55,all,1.5,1.5,2,initial,115,115,115,52,63,49,14,0,0,49,0.42608696,775,-30,-0.26086957,64,51,"two-contract post-signal scalp: one contract exits at first target, one runner uses selected stop mode and runner target"
1,signal_scaled_scalp:strategy=vwap_delta_exhaustion_fade_4pt_30d_cl0.55:direction=all:first_target_points=1.5:stop_points=1.5:runner_target_points=3:runner_stop_mode=breakeven,vwap_delta_exhaustion_fade_4pt_30d_cl0.55,all,1.5,1.5,3,breakeven,115,115,115,52,63,29,34,0,0,63,0.54782609,1275,470,4.08695652,64,51,"two-contract post-signal scalp: one contract exits at first target, one runner uses selected stop mode and runner target"
1,signal_scaled_scalp:strategy=vwap_delta_exhaustion_fade_4pt_30d_cl0.55:direction=all:first_target_points=1.5:stop_points=1.5:runner_target_points=3:runner_stop_mode=initial,vwap_delta_exhaustion_fade_4pt_30d_cl0.55,all,1.5,1.5,3,initial,115,115,115,52,63,41,22,0,0,41,0.35652174,1425,620,5.39130435,64,51,"two-contract post-signal scalp: one contract exits at first target, one runner uses selected stop mode and runner target"
1,signal_scaled_scalp:strategy=vwap_delta_exhaustion_fade_4pt_30d_cl0.55:direction=all:first_target_points=1.5:stop_points=1.5:runner_target_points=5:runner_stop_mode=breakeven,vwap_delta_exhaustion_fade_4pt_30d_cl0.55,all,1.5,1.5,5,breakeven,115,115,115,52,63,20,43,0,0,63,0.54782609,1925,1120,9.73913043,64,51,"two-contract post-signal scalp: one contract exits at first target, one runner uses selected stop mode and runner target"
1,signal_scaled_scalp:strategy=vwap_delta_exhaustion_fade_4pt_30d_cl0.55:direction=all:first_target_points=1.5:stop_points=1.5:runner_target_points=5:runner_stop_mode=initial,vwap_delta_exhaustion_fade_4pt_30d_cl0.55,all,1.5,1.5,5,initial,115,115,115,52,63,31,32,0,0,31,0.26956522,2275,1470,12.7826087,64,51,"two-contract post-signal scalp: one contract exits at first target, one runner uses selected stop mode and runner target"
1,signal_scaled_scalp:strategy=vwap_delta_exhaustion_fade_4pt_30d_cl0.55:direction=all:first_target_points=1.5:stop_points=2:runner_target_points=2:runner_stop_mode=breakeven,vwap_delta_exhaustion_fade_4pt_30d_cl0.55,all,1.5,2,2,breakeven,115,115,115,43,72,50,22,0,0,72,0.62608696,1800,995,8.65217391,64,51,"two-contract post-signal scalp: one contract exits at first target, one runner uses selected stop mode and runner target"
1,signal_scaled_scalp:strategy=vwap_delta_exhaustion_fade_4pt_30d_cl0.55:direction=all:first_target_points=1.5:stop_points=2:runner_target_points=2:runner_stop_mode=initial,vwap_delta_exhaustion_fade_4pt_30d_cl0.55,all,1.5,2,2,initial,115,115,115,43,72,57,15,0,0,57,0.49565217,1000,195,1.69565217,64,51,"two-contract post-signal scalp: one contract exits at first target, one runner uses selected stop mode and runner target"
1,signal_scaled_scalp:strategy=vwap_delta_exhaustion_fade_4pt_30d_cl0.55:direction=all:first_target_points=1.5:stop_points=2:runner_target_points=3:runner_stop_mode=breakeven,vwap_delta_exhaustion_fade_4pt_30d_cl0.55,all,1.5,2,3,breakeven,115,115,115,43,72,33,39,0,0,72,0.62608696,1750,945,8.2173913,64,51,"two-contract post-signal scalp: one contract exits at first target, one runner uses selected stop mode and runner target"
1,signal_scaled_scalp:strategy=vwap_delta_exhaustion_fade_4pt_30d_cl0.55:direction=all:first_target_points=1.5:stop_points=2:runner_target_points=3:runner_stop_mode=initial,vwap_delta_exhaustion_fade_4pt_30d_cl0.55,all,1.5,2,3,initial,115,115,115,43,72,48,24,0,0,48,0.4173913,1600,795,6.91304348,64,51,"two-contract post-signal scalp: one contract exits at first target, one runner uses selected stop mode and runner target"
1,signal_scaled_scalp:strategy=vwap_delta_exhaustion_fade_4pt_30d_cl0.55:direction=all:first_target_points=1.5:stop_points=2:runner_target_points=5:runner_stop_mode=breakeven,vwap_delta_exhaustion_fade_4pt_30d_cl0.55,all,1.5,2,5,breakeven,115,115,115,43,72,21,51,0,0,72,0.62608696,2050,1245,10.82608696,64,51,"two-contract post-signal scalp: one contract exits at first target, one runner uses selected stop mode and runner target"
1,signal_scaled_scalp:strategy=vwap_delta_exhaustion_fade_4pt_30d_cl0.55:direction=all:first_target_points=1.5:stop_points=2:runner_target_points=5:runner_stop_mode=initial,vwap_delta_exhaustion_fade_4pt_30d_cl0.55,all,1.5,2,5,initial,115,115,115,43,72,37,35,0,0,37,0.32173913,2550,1745,15.17391304,64,51,"two-contract post-signal scalp: one contract exits at first target, one runner uses selected stop mode and runner target"
