schema_version,experiment_id,strategy_id,direction_filter,first_target_points,stop_points,runner_target_points,runner_stop_mode,input_signal_rows,input_candidates,evaluated_trades,full_stops,first_target_hits,runner_target_hits,runner_stop_exits,end_of_session_exits,other_exits,positive_net_trades,positive_net_rate,gross_usd,net_usd,average_net_usd,long_trades,short_trades,notes
1,signal_scaled_scalp:strategy=liquidity_sweep_absorption_reversal:direction=all:first_target_points=0.75:stop_points=1.5:runner_target_points=1.5:runner_stop_mode=breakeven,liquidity_sweep_absorption_reversal,all,0.75,1.5,1.5,breakeven,43048,23,23,12,11,10,1,0,0,10,0.43478261,-637.5,-1948.5,-84.7173913,12,11,"two-contract post-signal scalp: one contract exits at first target, one runner uses selected stop mode and runner target"
1,signal_scaled_scalp:strategy=liquidity_sweep_absorption_reversal:direction=long:first_target_points=0.75:stop_points=1.5:runner_target_points=1.5:runner_stop_mode=breakeven,liquidity_sweep_absorption_reversal,long,0.75,1.5,1.5,breakeven,43048,12,12,6,6,6,0,0,0,6,0.5,-225,-909,-75.75,12,0,"two-contract post-signal scalp: one contract exits at first target, one runner uses selected stop mode and runner target"
1,signal_scaled_scalp:strategy=liquidity_sweep_absorption_reversal:direction=short:first_target_points=0.75:stop_points=1.5:runner_target_points=1.5:runner_stop_mode=breakeven,liquidity_sweep_absorption_reversal,short,0.75,1.5,1.5,breakeven,43048,11,11,6,5,4,1,0,0,4,0.36363636,-412.5,-1039.5,-94.5,0,11,"two-contract post-signal scalp: one contract exits at first target, one runner uses selected stop mode and runner target"
1,signal_scaled_scalp:strategy=liquidity_sweep_absorption_reversal:direction=all:first_target_points=0.75:stop_points=1.5:runner_target_points=1.5:runner_stop_mode=initial,liquidity_sweep_absorption_reversal,all,0.75,1.5,1.5,initial,43048,23,23,12,11,10,1,0,0,10,0.43478261,-712.5,-2023.5,-87.97826087,12,11,"two-contract post-signal scalp: one contract exits at first target, one runner uses selected stop mode and runner target"
1,signal_scaled_scalp:strategy=liquidity_sweep_absorption_reversal:direction=long:first_target_points=0.75:stop_points=1.5:runner_target_points=1.5:runner_stop_mode=initial,liquidity_sweep_absorption_reversal,long,0.75,1.5,1.5,initial,43048,12,12,6,6,6,0,0,0,6,0.5,-225,-909,-75.75,12,0,"two-contract post-signal scalp: one contract exits at first target, one runner uses selected stop mode and runner target"
1,signal_scaled_scalp:strategy=liquidity_sweep_absorption_reversal:direction=short:first_target_points=0.75:stop_points=1.5:runner_target_points=1.5:runner_stop_mode=initial,liquidity_sweep_absorption_reversal,short,0.75,1.5,1.5,initial,43048,11,11,6,5,4,1,0,0,4,0.36363636,-487.5,-1114.5,-101.31818182,0,11,"two-contract post-signal scalp: one contract exits at first target, one runner uses selected stop mode and runner target"
1,signal_scaled_scalp:strategy=liquidity_sweep_absorption_reversal:direction=all:first_target_points=0.75:stop_points=1.5:runner_target_points=2:runner_stop_mode=breakeven,liquidity_sweep_absorption_reversal,all,0.75,1.5,2,breakeven,43048,23,23,12,11,8,3,0,0,8,0.34782609,-587.5,-1898.5,-82.54347826,12,11,"two-contract post-signal scalp: one contract exits at first target, one runner uses selected stop mode and runner target"
1,signal_scaled_scalp:strategy=liquidity_sweep_absorption_reversal:direction=long:first_target_points=0.75:stop_points=1.5:runner_target_points=2:runner_stop_mode=breakeven,liquidity_sweep_absorption_reversal,long,0.75,1.5,2,breakeven,43048,12,12,6,6,4,2,0,0,4,0.33333333,-275,-959,-79.91666667,12,0,"two-contract post-signal scalp: one contract exits at first target, one runner uses selected stop mode and runner target"
1,signal_scaled_scalp:strategy=liquidity_sweep_absorption_reversal:direction=short:first_target_points=0.75:stop_points=1.5:runner_target_points=2:runner_stop_mode=breakeven,liquidity_sweep_absorption_reversal,short,0.75,1.5,2,breakeven,43048,11,11,6,5,4,1,0,0,4,0.36363636,-312.5,-939.5,-85.40909091,0,11,"two-contract post-signal scalp: one contract exits at first target, one runner uses selected stop mode and runner target"
1,signal_scaled_scalp:strategy=liquidity_sweep_absorption_reversal:direction=all:first_target_points=0.75:stop_points=1.5:runner_target_points=2:runner_stop_mode=initial,liquidity_sweep_absorption_reversal,all,0.75,1.5,2,initial,43048,23,23,12,11,10,1,0,0,10,0.43478261,-462.5,-1773.5,-77.10869565,12,11,"two-contract post-signal scalp: one contract exits at first target, one runner uses selected stop mode and runner target"
1,signal_scaled_scalp:strategy=liquidity_sweep_absorption_reversal:direction=long:first_target_points=0.75:stop_points=1.5:runner_target_points=2:runner_stop_mode=initial,liquidity_sweep_absorption_reversal,long,0.75,1.5,2,initial,43048,12,12,6,6,6,0,0,0,6,0.5,-75,-759,-63.25,12,0,"two-contract post-signal scalp: one contract exits at first target, one runner uses selected stop mode and runner target"
1,signal_scaled_scalp:strategy=liquidity_sweep_absorption_reversal:direction=short:first_target_points=0.75:stop_points=1.5:runner_target_points=2:runner_stop_mode=initial,liquidity_sweep_absorption_reversal,short,0.75,1.5,2,initial,43048,11,11,6,5,4,1,0,0,4,0.36363636,-387.5,-1014.5,-92.22727273,0,11,"two-contract post-signal scalp: one contract exits at first target, one runner uses selected stop mode and runner target"
1,signal_scaled_scalp:strategy=liquidity_sweep_absorption_reversal:direction=all:first_target_points=0.75:stop_points=1.5:runner_target_points=2.5:runner_stop_mode=breakeven,liquidity_sweep_absorption_reversal,all,0.75,1.5,2.5,breakeven,43048,23,23,12,11,6,5,0,0,6,0.26086957,-637.5,-1948.5,-84.7173913,12,11,"two-contract post-signal scalp: one contract exits at first target, one runner uses selected stop mode and runner target"
1,signal_scaled_scalp:strategy=liquidity_sweep_absorption_reversal:direction=long:first_target_points=0.75:stop_points=1.5:runner_target_points=2.5:runner_stop_mode=breakeven,liquidity_sweep_absorption_reversal,long,0.75,1.5,2.5,breakeven,43048,12,12,6,6,2,4,0,0,2,0.16666667,-425,-1109,-92.41666667,12,0,"two-contract post-signal scalp: one contract exits at first target, one runner uses selected stop mode and runner target"
1,signal_scaled_scalp:strategy=liquidity_sweep_absorption_reversal:direction=short:first_target_points=0.75:stop_points=1.5:runner_target_points=2.5:runner_stop_mode=breakeven,liquidity_sweep_absorption_reversal,short,0.75,1.5,2.5,breakeven,43048,11,11,6,5,4,1,0,0,4,0.36363636,-212.5,-839.5,-76.31818182,0,11,"two-contract post-signal scalp: one contract exits at first target, one runner uses selected stop mode and runner target"
1,signal_scaled_scalp:strategy=liquidity_sweep_absorption_reversal:direction=all:first_target_points=0.75:stop_points=1.5:runner_target_points=2.5:runner_stop_mode=initial,liquidity_sweep_absorption_reversal,all,0.75,1.5,2.5,initial,43048,23,23,12,11,9,2,0,0,9,0.39130435,-412.5,-1723.5,-74.93478261,12,11,"two-contract post-signal scalp: one contract exits at first target, one runner uses selected stop mode and runner target"
1,signal_scaled_scalp:strategy=liquidity_sweep_absorption_reversal:direction=long:first_target_points=0.75:stop_points=1.5:runner_target_points=2.5:runner_stop_mode=initial,liquidity_sweep_absorption_reversal,long,0.75,1.5,2.5,initial,43048,12,12,6,6,5,1,0,0,5,0.41666667,-125,-809,-67.41666667,12,0,"two-contract post-signal scalp: one contract exits at first target, one runner uses selected stop mode and runner target"
1,signal_scaled_scalp:strategy=liquidity_sweep_absorption_reversal:direction=short:first_target_points=0.75:stop_points=1.5:runner_target_points=2.5:runner_stop_mode=initial,liquidity_sweep_absorption_reversal,short,0.75,1.5,2.5,initial,43048,11,11,6,5,4,1,0,0,4,0.36363636,-287.5,-914.5,-83.13636364,0,11,"two-contract post-signal scalp: one contract exits at first target, one runner uses selected stop mode and runner target"
1,signal_scaled_scalp:strategy=liquidity_sweep_absorption_reversal:direction=all:first_target_points=0.75:stop_points=1.5:runner_target_points=3:runner_stop_mode=breakeven,liquidity_sweep_absorption_reversal,all,0.75,1.5,3,breakeven,43048,23,23,12,11,6,5,0,0,6,0.26086957,-487.5,-1798.5,-78.19565217,12,11,"two-contract post-signal scalp: one contract exits at first target, one runner uses selected stop mode and runner target"
1,signal_scaled_scalp:strategy=liquidity_sweep_absorption_reversal:direction=long:first_target_points=0.75:stop_points=1.5:runner_target_points=3:runner_stop_mode=breakeven,liquidity_sweep_absorption_reversal,long,0.75,1.5,3,breakeven,43048,12,12,6,6,2,4,0,0,2,0.16666667,-375,-1059,-88.25,12,0,"two-contract post-signal scalp: one contract exits at first target, one runner uses selected stop mode and runner target"
1,signal_scaled_scalp:strategy=liquidity_sweep_absorption_reversal:direction=short:first_target_points=0.75:stop_points=1.5:runner_target_points=3:runner_stop_mode=breakeven,liquidity_sweep_absorption_reversal,short,0.75,1.5,3,breakeven,43048,11,11,6,5,4,1,0,0,4,0.36363636,-112.5,-739.5,-67.22727273,0,11,"two-contract post-signal scalp: one contract exits at first target, one runner uses selected stop mode and runner target"
1,signal_scaled_scalp:strategy=liquidity_sweep_absorption_reversal:direction=all:first_target_points=0.75:stop_points=1.5:runner_target_points=3:runner_stop_mode=initial,liquidity_sweep_absorption_reversal,all,0.75,1.5,3,initial,43048,23,23,12,11,9,2,0,0,9,0.39130435,-187.5,-1498.5,-65.15217391,12,11,"two-contract post-signal scalp: one contract exits at first target, one runner uses selected stop mode and runner target"
1,signal_scaled_scalp:strategy=liquidity_sweep_absorption_reversal:direction=long:first_target_points=0.75:stop_points=1.5:runner_target_points=3:runner_stop_mode=initial,liquidity_sweep_absorption_reversal,long,0.75,1.5,3,initial,43048,12,12,6,6,5,1,0,0,5,0.41666667,0,-684,-57,12,0,"two-contract post-signal scalp: one contract exits at first target, one runner uses selected stop mode and runner target"
1,signal_scaled_scalp:strategy=liquidity_sweep_absorption_reversal:direction=short:first_target_points=0.75:stop_points=1.5:runner_target_points=3:runner_stop_mode=initial,liquidity_sweep_absorption_reversal,short,0.75,1.5,3,initial,43048,11,11,6,5,4,1,0,0,4,0.36363636,-187.5,-814.5,-74.04545455,0,11,"two-contract post-signal scalp: one contract exits at first target, one runner uses selected stop mode and runner target"
1,signal_scaled_scalp:strategy=liquidity_sweep_absorption_reversal:direction=all:first_target_points=0.75:stop_points=1.5:runner_target_points=4:runner_stop_mode=breakeven,liquidity_sweep_absorption_reversal,all,0.75,1.5,4,breakeven,43048,23,23,12,11,6,5,0,0,6,0.26086957,-187.5,-1498.5,-65.15217391,12,11,"two-contract post-signal scalp: one contract exits at first target, one runner uses selected stop mode and runner target"
1,signal_scaled_scalp:strategy=liquidity_sweep_absorption_reversal:direction=long:first_target_points=0.75:stop_points=1.5:runner_target_points=4:runner_stop_mode=breakeven,liquidity_sweep_absorption_reversal,long,0.75,1.5,4,breakeven,43048,12,12,6,6,2,4,0,0,2,0.16666667,-275,-959,-79.91666667,12,0,"two-contract post-signal scalp: one contract exits at first target, one runner uses selected stop mode and runner target"
1,signal_scaled_scalp:strategy=liquidity_sweep_absorption_reversal:direction=short:first_target_points=0.75:stop_points=1.5:runner_target_points=4:runner_stop_mode=breakeven,liquidity_sweep_absorption_reversal,short,0.75,1.5,4,breakeven,43048,11,11,6,5,4,1,0,0,4,0.36363636,87.5,-539.5,-49.04545455,0,11,"two-contract post-signal scalp: one contract exits at first target, one runner uses selected stop mode and runner target"
1,signal_scaled_scalp:strategy=liquidity_sweep_absorption_reversal:direction=all:first_target_points=0.75:stop_points=1.5:runner_target_points=4:runner_stop_mode=initial,liquidity_sweep_absorption_reversal,all,0.75,1.5,4,initial,43048,23,23,12,11,9,2,0,0,9,0.39130435,262.5,-1048.5,-45.58695652,12,11,"two-contract post-signal scalp: one contract exits at first target, one runner uses selected stop mode and runner target"
1,signal_scaled_scalp:strategy=liquidity_sweep_absorption_reversal:direction=long:first_target_points=0.75:stop_points=1.5:runner_target_points=4:runner_stop_mode=initial,liquidity_sweep_absorption_reversal,long,0.75,1.5,4,initial,43048,12,12,6,6,5,1,0,0,5,0.41666667,250,-434,-36.16666667,12,0,"two-contract post-signal scalp: one contract exits at first target, one runner uses selected stop mode and runner target"
1,signal_scaled_scalp:strategy=liquidity_sweep_absorption_reversal:direction=short:first_target_points=0.75:stop_points=1.5:runner_target_points=4:runner_stop_mode=initial,liquidity_sweep_absorption_reversal,short,0.75,1.5,4,initial,43048,11,11,6,5,4,1,0,0,4,0.36363636,12.5,-614.5,-55.86363636,0,11,"two-contract post-signal scalp: one contract exits at first target, one runner uses selected stop mode and runner target"
1,signal_scaled_scalp:strategy=liquidity_sweep_absorption_reversal:direction=all:first_target_points=0.75:stop_points=1.5:runner_target_points=5:runner_stop_mode=breakeven,liquidity_sweep_absorption_reversal,all,0.75,1.5,5,breakeven,43048,23,23,12,11,5,6,0,0,5,0.2173913,-137.5,-1448.5,-62.97826087,12,11,"two-contract post-signal scalp: one contract exits at first target, one runner uses selected stop mode and runner target"
1,signal_scaled_scalp:strategy=liquidity_sweep_absorption_reversal:direction=long:first_target_points=0.75:stop_points=1.5:runner_target_points=5:runner_stop_mode=breakeven,liquidity_sweep_absorption_reversal,long,0.75,1.5,5,breakeven,43048,12,12,6,6,2,4,0,0,2,0.16666667,-175,-859,-71.58333333,12,0,"two-contract post-signal scalp: one contract exits at first target, one runner uses selected stop mode and runner target"
1,signal_scaled_scalp:strategy=liquidity_sweep_absorption_reversal:direction=short:first_target_points=0.75:stop_points=1.5:runner_target_points=5:runner_stop_mode=breakeven,liquidity_sweep_absorption_reversal,short,0.75,1.5,5,breakeven,43048,11,11,6,5,3,2,0,0,3,0.27272727,37.5,-589.5,-53.59090909,0,11,"two-contract post-signal scalp: one contract exits at first target, one runner uses selected stop mode and runner target"
1,signal_scaled_scalp:strategy=liquidity_sweep_absorption_reversal:direction=all:first_target_points=0.75:stop_points=1.5:runner_target_points=5:runner_stop_mode=initial,liquidity_sweep_absorption_reversal,all,0.75,1.5,5,initial,43048,23,23,12,11,9,2,0,0,9,0.39130435,712.5,-598.5,-26.02173913,12,11,"two-contract post-signal scalp: one contract exits at first target, one runner uses selected stop mode and runner target"
1,signal_scaled_scalp:strategy=liquidity_sweep_absorption_reversal:direction=long:first_target_points=0.75:stop_points=1.5:runner_target_points=5:runner_stop_mode=initial,liquidity_sweep_absorption_reversal,long,0.75,1.5,5,initial,43048,12,12,6,6,5,1,0,0,5,0.41666667,500,-184,-15.33333333,12,0,"two-contract post-signal scalp: one contract exits at first target, one runner uses selected stop mode and runner target"
1,signal_scaled_scalp:strategy=liquidity_sweep_absorption_reversal:direction=short:first_target_points=0.75:stop_points=1.5:runner_target_points=5:runner_stop_mode=initial,liquidity_sweep_absorption_reversal,short,0.75,1.5,5,initial,43048,11,11,6,5,4,1,0,0,4,0.36363636,212.5,-414.5,-37.68181818,0,11,"two-contract post-signal scalp: one contract exits at first target, one runner uses selected stop mode and runner target"
1,signal_scaled_scalp:strategy=liquidity_sweep_absorption_reversal:direction=all:first_target_points=0.75:stop_points=2:runner_target_points=1.5:runner_stop_mode=breakeven,liquidity_sweep_absorption_reversal,all,0.75,2,1.5,breakeven,43048,23,23,12,11,10,1,0,0,10,0.43478261,-1237.5,-2548.5,-110.80434783,12,11,"two-contract post-signal scalp: one contract exits at first target, one runner uses selected stop mode and runner target"
1,signal_scaled_scalp:strategy=liquidity_sweep_absorption_reversal:direction=long:first_target_points=0.75:stop_points=2:runner_target_points=1.5:runner_stop_mode=breakeven,liquidity_sweep_absorption_reversal,long,0.75,2,1.5,breakeven,43048,12,12,6,6,6,0,0,0,6,0.5,-525,-1209,-100.75,12,0,"two-contract post-signal scalp: one contract exits at first target, one runner uses selected stop mode and runner target"
1,signal_scaled_scalp:strategy=liquidity_sweep_absorption_reversal:direction=short:first_target_points=0.75:stop_points=2:runner_target_points=1.5:runner_stop_mode=breakeven,liquidity_sweep_absorption_reversal,short,0.75,2,1.5,breakeven,43048,11,11,6,5,4,1,0,0,4,0.36363636,-712.5,-1339.5,-121.77272727,0,11,"two-contract post-signal scalp: one contract exits at first target, one runner uses selected stop mode and runner target"
1,signal_scaled_scalp:strategy=liquidity_sweep_absorption_reversal:direction=all:first_target_points=0.75:stop_points=2:runner_target_points=1.5:runner_stop_mode=initial,liquidity_sweep_absorption_reversal,all,0.75,2,1.5,initial,43048,23,23,12,11,10,1,0,0,10,0.43478261,-1337.5,-2648.5,-115.15217391,12,11,"two-contract post-signal scalp: one contract exits at first target, one runner uses selected stop mode and runner target"
1,signal_scaled_scalp:strategy=liquidity_sweep_absorption_reversal:direction=long:first_target_points=0.75:stop_points=2:runner_target_points=1.5:runner_stop_mode=initial,liquidity_sweep_absorption_reversal,long,0.75,2,1.5,initial,43048,12,12,6,6,6,0,0,0,6,0.5,-525,-1209,-100.75,12,0,"two-contract post-signal scalp: one contract exits at first target, one runner uses selected stop mode and runner target"
1,signal_scaled_scalp:strategy=liquidity_sweep_absorption_reversal:direction=short:first_target_points=0.75:stop_points=2:runner_target_points=1.5:runner_stop_mode=initial,liquidity_sweep_absorption_reversal,short,0.75,2,1.5,initial,43048,11,11,6,5,4,1,0,0,4,0.36363636,-812.5,-1439.5,-130.86363636,0,11,"two-contract post-signal scalp: one contract exits at first target, one runner uses selected stop mode and runner target"
1,signal_scaled_scalp:strategy=liquidity_sweep_absorption_reversal:direction=all:first_target_points=0.75:stop_points=2:runner_target_points=2:runner_stop_mode=breakeven,liquidity_sweep_absorption_reversal,all,0.75,2,2,breakeven,43048,23,23,12,11,8,3,0,0,8,0.34782609,-1187.5,-2498.5,-108.63043478,12,11,"two-contract post-signal scalp: one contract exits at first target, one runner uses selected stop mode and runner target"
1,signal_scaled_scalp:strategy=liquidity_sweep_absorption_reversal:direction=long:first_target_points=0.75:stop_points=2:runner_target_points=2:runner_stop_mode=breakeven,liquidity_sweep_absorption_reversal,long,0.75,2,2,breakeven,43048,12,12,6,6,4,2,0,0,4,0.33333333,-575,-1259,-104.91666667,12,0,"two-contract post-signal scalp: one contract exits at first target, one runner uses selected stop mode and runner target"
1,signal_scaled_scalp:strategy=liquidity_sweep_absorption_reversal:direction=short:first_target_points=0.75:stop_points=2:runner_target_points=2:runner_stop_mode=breakeven,liquidity_sweep_absorption_reversal,short,0.75,2,2,breakeven,43048,11,11,6,5,4,1,0,0,4,0.36363636,-612.5,-1239.5,-112.68181818,0,11,"two-contract post-signal scalp: one contract exits at first target, one runner uses selected stop mode and runner target"
1,signal_scaled_scalp:strategy=liquidity_sweep_absorption_reversal:direction=all:first_target_points=0.75:stop_points=2:runner_target_points=2:runner_stop_mode=initial,liquidity_sweep_absorption_reversal,all,0.75,2,2,initial,43048,23,23,12,11,10,1,0,0,10,0.43478261,-1087.5,-2398.5,-104.2826087,12,11,"two-contract post-signal scalp: one contract exits at first target, one runner uses selected stop mode and runner target"
1,signal_scaled_scalp:strategy=liquidity_sweep_absorption_reversal:direction=long:first_target_points=0.75:stop_points=2:runner_target_points=2:runner_stop_mode=initial,liquidity_sweep_absorption_reversal,long,0.75,2,2,initial,43048,12,12,6,6,6,0,0,0,6,0.5,-375,-1059,-88.25,12,0,"two-contract post-signal scalp: one contract exits at first target, one runner uses selected stop mode and runner target"
1,signal_scaled_scalp:strategy=liquidity_sweep_absorption_reversal:direction=short:first_target_points=0.75:stop_points=2:runner_target_points=2:runner_stop_mode=initial,liquidity_sweep_absorption_reversal,short,0.75,2,2,initial,43048,11,11,6,5,4,1,0,0,4,0.36363636,-712.5,-1339.5,-121.77272727,0,11,"two-contract post-signal scalp: one contract exits at first target, one runner uses selected stop mode and runner target"
1,signal_scaled_scalp:strategy=liquidity_sweep_absorption_reversal:direction=all:first_target_points=0.75:stop_points=2:runner_target_points=2.5:runner_stop_mode=breakeven,liquidity_sweep_absorption_reversal,all,0.75,2,2.5,breakeven,43048,23,23,12,11,6,5,0,0,6,0.26086957,-1237.5,-2548.5,-110.80434783,12,11,"two-contract post-signal scalp: one contract exits at first target, one runner uses selected stop mode and runner target"
1,signal_scaled_scalp:strategy=liquidity_sweep_absorption_reversal:direction=long:first_target_points=0.75:stop_points=2:runner_target_points=2.5:runner_stop_mode=breakeven,liquidity_sweep_absorption_reversal,long,0.75,2,2.5,breakeven,43048,12,12,6,6,2,4,0,0,2,0.16666667,-725,-1409,-117.41666667,12,0,"two-contract post-signal scalp: one contract exits at first target, one runner uses selected stop mode and runner target"
1,signal_scaled_scalp:strategy=liquidity_sweep_absorption_reversal:direction=short:first_target_points=0.75:stop_points=2:runner_target_points=2.5:runner_stop_mode=breakeven,liquidity_sweep_absorption_reversal,short,0.75,2,2.5,breakeven,43048,11,11,6,5,4,1,0,0,4,0.36363636,-512.5,-1139.5,-103.59090909,0,11,"two-contract post-signal scalp: one contract exits at first target, one runner uses selected stop mode and runner target"
1,signal_scaled_scalp:strategy=liquidity_sweep_absorption_reversal:direction=all:first_target_points=0.75:stop_points=2:runner_target_points=2.5:runner_stop_mode=initial,liquidity_sweep_absorption_reversal,all,0.75,2,2.5,initial,43048,23,23,12,11,9,2,0,0,9,0.39130435,-1062.5,-2373.5,-103.19565217,12,11,"two-contract post-signal scalp: one contract exits at first target, one runner uses selected stop mode and runner target"
1,signal_scaled_scalp:strategy=liquidity_sweep_absorption_reversal:direction=long:first_target_points=0.75:stop_points=2:runner_target_points=2.5:runner_stop_mode=initial,liquidity_sweep_absorption_reversal,long,0.75,2,2.5,initial,43048,12,12,6,6,5,1,0,0,5,0.41666667,-450,-1134,-94.5,12,0,"two-contract post-signal scalp: one contract exits at first target, one runner uses selected stop mode and runner target"
1,signal_scaled_scalp:strategy=liquidity_sweep_absorption_reversal:direction=short:first_target_points=0.75:stop_points=2:runner_target_points=2.5:runner_stop_mode=initial,liquidity_sweep_absorption_reversal,short,0.75,2,2.5,initial,43048,11,11,6,5,4,1,0,0,4,0.36363636,-612.5,-1239.5,-112.68181818,0,11,"two-contract post-signal scalp: one contract exits at first target, one runner uses selected stop mode and runner target"
1,signal_scaled_scalp:strategy=liquidity_sweep_absorption_reversal:direction=all:first_target_points=0.75:stop_points=2:runner_target_points=3:runner_stop_mode=breakeven,liquidity_sweep_absorption_reversal,all,0.75,2,3,breakeven,43048,23,23,12,11,6,5,0,0,6,0.26086957,-1087.5,-2398.5,-104.2826087,12,11,"two-contract post-signal scalp: one contract exits at first target, one runner uses selected stop mode and runner target"
1,signal_scaled_scalp:strategy=liquidity_sweep_absorption_reversal:direction=long:first_target_points=0.75:stop_points=2:runner_target_points=3:runner_stop_mode=breakeven,liquidity_sweep_absorption_reversal,long,0.75,2,3,breakeven,43048,12,12,6,6,2,4,0,0,2,0.16666667,-675,-1359,-113.25,12,0,"two-contract post-signal scalp: one contract exits at first target, one runner uses selected stop mode and runner target"
1,signal_scaled_scalp:strategy=liquidity_sweep_absorption_reversal:direction=short:first_target_points=0.75:stop_points=2:runner_target_points=3:runner_stop_mode=breakeven,liquidity_sweep_absorption_reversal,short,0.75,2,3,breakeven,43048,11,11,6,5,4,1,0,0,4,0.36363636,-412.5,-1039.5,-94.5,0,11,"two-contract post-signal scalp: one contract exits at first target, one runner uses selected stop mode and runner target"
1,signal_scaled_scalp:strategy=liquidity_sweep_absorption_reversal:direction=all:first_target_points=0.75:stop_points=2:runner_target_points=3:runner_stop_mode=initial,liquidity_sweep_absorption_reversal,all,0.75,2,3,initial,43048,23,23,12,11,9,2,0,0,9,0.39130435,-837.5,-2148.5,-93.41304348,12,11,"two-contract post-signal scalp: one contract exits at first target, one runner uses selected stop mode and runner target"
1,signal_scaled_scalp:strategy=liquidity_sweep_absorption_reversal:direction=long:first_target_points=0.75:stop_points=2:runner_target_points=3:runner_stop_mode=initial,liquidity_sweep_absorption_reversal,long,0.75,2,3,initial,43048,12,12,6,6,5,1,0,0,5,0.41666667,-325,-1009,-84.08333333,12,0,"two-contract post-signal scalp: one contract exits at first target, one runner uses selected stop mode and runner target"
1,signal_scaled_scalp:strategy=liquidity_sweep_absorption_reversal:direction=short:first_target_points=0.75:stop_points=2:runner_target_points=3:runner_stop_mode=initial,liquidity_sweep_absorption_reversal,short,0.75,2,3,initial,43048,11,11,6,5,4,1,0,0,4,0.36363636,-512.5,-1139.5,-103.59090909,0,11,"two-contract post-signal scalp: one contract exits at first target, one runner uses selected stop mode and runner target"
1,signal_scaled_scalp:strategy=liquidity_sweep_absorption_reversal:direction=all:first_target_points=0.75:stop_points=2:runner_target_points=4:runner_stop_mode=breakeven,liquidity_sweep_absorption_reversal,all,0.75,2,4,breakeven,43048,23,23,12,11,6,5,0,0,6,0.26086957,-787.5,-2098.5,-91.23913043,12,11,"two-contract post-signal scalp: one contract exits at first target, one runner uses selected stop mode and runner target"
1,signal_scaled_scalp:strategy=liquidity_sweep_absorption_reversal:direction=long:first_target_points=0.75:stop_points=2:runner_target_points=4:runner_stop_mode=breakeven,liquidity_sweep_absorption_reversal,long,0.75,2,4,breakeven,43048,12,12,6,6,2,4,0,0,2,0.16666667,-575,-1259,-104.91666667,12,0,"two-contract post-signal scalp: one contract exits at first target, one runner uses selected stop mode and runner target"
1,signal_scaled_scalp:strategy=liquidity_sweep_absorption_reversal:direction=short:first_target_points=0.75:stop_points=2:runner_target_points=4:runner_stop_mode=breakeven,liquidity_sweep_absorption_reversal,short,0.75,2,4,breakeven,43048,11,11,6,5,4,1,0,0,4,0.36363636,-212.5,-839.5,-76.31818182,0,11,"two-contract post-signal scalp: one contract exits at first target, one runner uses selected stop mode and runner target"
1,signal_scaled_scalp:strategy=liquidity_sweep_absorption_reversal:direction=all:first_target_points=0.75:stop_points=2:runner_target_points=4:runner_stop_mode=initial,liquidity_sweep_absorption_reversal,all,0.75,2,4,initial,43048,23,23,12,11,9,2,0,0,9,0.39130435,-387.5,-1698.5,-73.84782609,12,11,"two-contract post-signal scalp: one contract exits at first target, one runner uses selected stop mode and runner target"
1,signal_scaled_scalp:strategy=liquidity_sweep_absorption_reversal:direction=long:first_target_points=0.75:stop_points=2:runner_target_points=4:runner_stop_mode=initial,liquidity_sweep_absorption_reversal,long,0.75,2,4,initial,43048,12,12,6,6,5,1,0,0,5,0.41666667,-75,-759,-63.25,12,0,"two-contract post-signal scalp: one contract exits at first target, one runner uses selected stop mode and runner target"
1,signal_scaled_scalp:strategy=liquidity_sweep_absorption_reversal:direction=short:first_target_points=0.75:stop_points=2:runner_target_points=4:runner_stop_mode=initial,liquidity_sweep_absorption_reversal,short,0.75,2,4,initial,43048,11,11,6,5,4,1,0,0,4,0.36363636,-312.5,-939.5,-85.40909091,0,11,"two-contract post-signal scalp: one contract exits at first target, one runner uses selected stop mode and runner target"
1,signal_scaled_scalp:strategy=liquidity_sweep_absorption_reversal:direction=all:first_target_points=0.75:stop_points=2:runner_target_points=5:runner_stop_mode=breakeven,liquidity_sweep_absorption_reversal,all,0.75,2,5,breakeven,43048,23,23,12,11,5,6,0,0,5,0.2173913,-737.5,-2048.5,-89.06521739,12,11,"two-contract post-signal scalp: one contract exits at first target, one runner uses selected stop mode and runner target"
1,signal_scaled_scalp:strategy=liquidity_sweep_absorption_reversal:direction=long:first_target_points=0.75:stop_points=2:runner_target_points=5:runner_stop_mode=breakeven,liquidity_sweep_absorption_reversal,long,0.75,2,5,breakeven,43048,12,12,6,6,2,4,0,0,2,0.16666667,-475,-1159,-96.58333333,12,0,"two-contract post-signal scalp: one contract exits at first target, one runner uses selected stop mode and runner target"
1,signal_scaled_scalp:strategy=liquidity_sweep_absorption_reversal:direction=short:first_target_points=0.75:stop_points=2:runner_target_points=5:runner_stop_mode=breakeven,liquidity_sweep_absorption_reversal,short,0.75,2,5,breakeven,43048,11,11,6,5,3,2,0,0,3,0.27272727,-262.5,-889.5,-80.86363636,0,11,"two-contract post-signal scalp: one contract exits at first target, one runner uses selected stop mode and runner target"
1,signal_scaled_scalp:strategy=liquidity_sweep_absorption_reversal:direction=all:first_target_points=0.75:stop_points=2:runner_target_points=5:runner_stop_mode=initial,liquidity_sweep_absorption_reversal,all,0.75,2,5,initial,43048,23,23,12,11,9,2,0,0,9,0.39130435,62.5,-1248.5,-54.2826087,12,11,"two-contract post-signal scalp: one contract exits at first target, one runner uses selected stop mode and runner target"
1,signal_scaled_scalp:strategy=liquidity_sweep_absorption_reversal:direction=long:first_target_points=0.75:stop_points=2:runner_target_points=5:runner_stop_mode=initial,liquidity_sweep_absorption_reversal,long,0.75,2,5,initial,43048,12,12,6,6,5,1,0,0,5,0.41666667,175,-509,-42.41666667,12,0,"two-contract post-signal scalp: one contract exits at first target, one runner uses selected stop mode and runner target"
1,signal_scaled_scalp:strategy=liquidity_sweep_absorption_reversal:direction=short:first_target_points=0.75:stop_points=2:runner_target_points=5:runner_stop_mode=initial,liquidity_sweep_absorption_reversal,short,0.75,2,5,initial,43048,11,11,6,5,4,1,0,0,4,0.36363636,-112.5,-739.5,-67.22727273,0,11,"two-contract post-signal scalp: one contract exits at first target, one runner uses selected stop mode and runner target"
1,signal_scaled_scalp:strategy=liquidity_sweep_absorption_reversal:direction=all:first_target_points=0.75:stop_points=2.5:runner_target_points=1.5:runner_stop_mode=breakeven,liquidity_sweep_absorption_reversal,all,0.75,2.5,1.5,breakeven,43048,23,23,9,14,12,2,0,0,12,0.52173913,-825,-2136,-92.86956522,12,11,"two-contract post-signal scalp: one contract exits at first target, one runner uses selected stop mode and runner target"
1,signal_scaled_scalp:strategy=liquidity_sweep_absorption_reversal:direction=long:first_target_points=0.75:stop_points=2.5:runner_target_points=1.5:runner_stop_mode=breakeven,liquidity_sweep_absorption_reversal,long,0.75,2.5,1.5,breakeven,43048,12,12,3,9,8,1,0,0,8,0.66666667,187.5,-496.5,-41.375,12,0,"two-contract post-signal scalp: one contract exits at first target, one runner uses selected stop mode and runner target"
1,signal_scaled_scalp:strategy=liquidity_sweep_absorption_reversal:direction=short:first_target_points=0.75:stop_points=2.5:runner_target_points=1.5:runner_stop_mode=breakeven,liquidity_sweep_absorption_reversal,short,0.75,2.5,1.5,breakeven,43048,11,11,6,5,4,1,0,0,4,0.36363636,-1012.5,-1639.5,-149.04545455,0,11,"two-contract post-signal scalp: one contract exits at first target, one runner uses selected stop mode and runner target"
1,signal_scaled_scalp:strategy=liquidity_sweep_absorption_reversal:direction=all:first_target_points=0.75:stop_points=2.5:runner_target_points=1.5:runner_stop_mode=initial,liquidity_sweep_absorption_reversal,all,0.75,2.5,1.5,initial,43048,23,23,9,14,12,2,0,0,12,0.52173913,-1075,-2386,-103.73913043,12,11,"two-contract post-signal scalp: one contract exits at first target, one runner uses selected stop mode and runner target"
1,signal_scaled_scalp:strategy=liquidity_sweep_absorption_reversal:direction=long:first_target_points=0.75:stop_points=2.5:runner_target_points=1.5:runner_stop_mode=initial,liquidity_sweep_absorption_reversal,long,0.75,2.5,1.5,initial,43048,12,12,3,9,8,1,0,0,8,0.66666667,62.5,-621.5,-51.79166667,12,0,"two-contract post-signal scalp: one contract exits at first target, one runner uses selected stop mode and runner target"
1,signal_scaled_scalp:strategy=liquidity_sweep_absorption_reversal:direction=short:first_target_points=0.75:stop_points=2.5:runner_target_points=1.5:runner_stop_mode=initial,liquidity_sweep_absorption_reversal,short,0.75,2.5,1.5,initial,43048,11,11,6,5,4,1,0,0,4,0.36363636,-1137.5,-1764.5,-160.40909091,0,11,"two-contract post-signal scalp: one contract exits at first target, one runner uses selected stop mode and runner target"
1,signal_scaled_scalp:strategy=liquidity_sweep_absorption_reversal:direction=all:first_target_points=0.75:stop_points=2.5:runner_target_points=2:runner_stop_mode=breakeven,liquidity_sweep_absorption_reversal,all,0.75,2.5,2,breakeven,43048,23,23,9,14,10,4,0,0,10,0.43478261,-725,-2036,-88.52173913,12,11,"two-contract post-signal scalp: one contract exits at first target, one runner uses selected stop mode and runner target"
1,signal_scaled_scalp:strategy=liquidity_sweep_absorption_reversal:direction=long:first_target_points=0.75:stop_points=2.5:runner_target_points=2:runner_stop_mode=breakeven,liquidity_sweep_absorption_reversal,long,0.75,2.5,2,breakeven,43048,12,12,3,9,6,3,0,0,6,0.5,187.5,-496.5,-41.375,12,0,"two-contract post-signal scalp: one contract exits at first target, one runner uses selected stop mode and runner target"
1,signal_scaled_scalp:strategy=liquidity_sweep_absorption_reversal:direction=short:first_target_points=0.75:stop_points=2.5:runner_target_points=2:runner_stop_mode=breakeven,liquidity_sweep_absorption_reversal,short,0.75,2.5,2,breakeven,43048,11,11,6,5,4,1,0,0,4,0.36363636,-912.5,-1539.5,-139.95454545,0,11,"two-contract post-signal scalp: one contract exits at first target, one runner uses selected stop mode and runner target"
1,signal_scaled_scalp:strategy=liquidity_sweep_absorption_reversal:direction=all:first_target_points=0.75:stop_points=2.5:runner_target_points=2:runner_stop_mode=initial,liquidity_sweep_absorption_reversal,all,0.75,2.5,2,initial,43048,23,23,9,14,12,2,0,0,12,0.52173913,-775,-2086,-90.69565217,12,11,"two-contract post-signal scalp: one contract exits at first target, one runner uses selected stop mode and runner target"
1,signal_scaled_scalp:strategy=liquidity_sweep_absorption_reversal:direction=long:first_target_points=0.75:stop_points=2.5:runner_target_points=2:runner_stop_mode=initial,liquidity_sweep_absorption_reversal,long,0.75,2.5,2,initial,43048,12,12,3,9,8,1,0,0,8,0.66666667,262.5,-421.5,-35.125,12,0,"two-contract post-signal scalp: one contract exits at first target, one runner uses selected stop mode and runner target"
1,signal_scaled_scalp:strategy=liquidity_sweep_absorption_reversal:direction=short:first_target_points=0.75:stop_points=2.5:runner_target_points=2:runner_stop_mode=initial,liquidity_sweep_absorption_reversal,short,0.75,2.5,2,initial,43048,11,11,6,5,4,1,0,0,4,0.36363636,-1037.5,-1664.5,-151.31818182,0,11,"two-contract post-signal scalp: one contract exits at first target, one runner uses selected stop mode and runner target"
1,signal_scaled_scalp:strategy=liquidity_sweep_absorption_reversal:direction=all:first_target_points=0.75:stop_points=2.5:runner_target_points=2.5:runner_stop_mode=breakeven,liquidity_sweep_absorption_reversal,all,0.75,2.5,2.5,breakeven,43048,23,23,9,14,8,6,0,0,8,0.34782609,-725,-2036,-88.52173913,12,11,"two-contract post-signal scalp: one contract exits at first target, one runner uses selected stop mode and runner target"
1,signal_scaled_scalp:strategy=liquidity_sweep_absorption_reversal:direction=long:first_target_points=0.75:stop_points=2.5:runner_target_points=2.5:runner_stop_mode=breakeven,liquidity_sweep_absorption_reversal,long,0.75,2.5,2.5,breakeven,43048,12,12,3,9,4,5,0,0,4,0.33333333,87.5,-596.5,-49.70833333,12,0,"two-contract post-signal scalp: one contract exits at first target, one runner uses selected stop mode and runner target"
1,signal_scaled_scalp:strategy=liquidity_sweep_absorption_reversal:direction=short:first_target_points=0.75:stop_points=2.5:runner_target_points=2.5:runner_stop_mode=breakeven,liquidity_sweep_absorption_reversal,short,0.75,2.5,2.5,breakeven,43048,11,11,6,5,4,1,0,0,4,0.36363636,-812.5,-1439.5,-130.86363636,0,11,"two-contract post-signal scalp: one contract exits at first target, one runner uses selected stop mode and runner target"
1,signal_scaled_scalp:strategy=liquidity_sweep_absorption_reversal:direction=all:first_target_points=0.75:stop_points=2.5:runner_target_points=2.5:runner_stop_mode=initial,liquidity_sweep_absorption_reversal,all,0.75,2.5,2.5,initial,43048,23,23,9,14,11,3,0,0,11,0.47826087,-725,-2036,-88.52173913,12,11,"two-contract post-signal scalp: one contract exits at first target, one runner uses selected stop mode and runner target"
1,signal_scaled_scalp:strategy=liquidity_sweep_absorption_reversal:direction=long:first_target_points=0.75:stop_points=2.5:runner_target_points=2.5:runner_stop_mode=initial,liquidity_sweep_absorption_reversal,long,0.75,2.5,2.5,initial,43048,12,12,3,9,7,2,0,0,7,0.58333333,212.5,-471.5,-39.29166667,12,0,"two-contract post-signal scalp: one contract exits at first target, one runner uses selected stop mode and runner target"
1,signal_scaled_scalp:strategy=liquidity_sweep_absorption_reversal:direction=short:first_target_points=0.75:stop_points=2.5:runner_target_points=2.5:runner_stop_mode=initial,liquidity_sweep_absorption_reversal,short,0.75,2.5,2.5,initial,43048,11,11,6,5,4,1,0,0,4,0.36363636,-937.5,-1564.5,-142.22727273,0,11,"two-contract post-signal scalp: one contract exits at first target, one runner uses selected stop mode and runner target"
1,signal_scaled_scalp:strategy=liquidity_sweep_absorption_reversal:direction=all:first_target_points=0.75:stop_points=2.5:runner_target_points=3:runner_stop_mode=breakeven,liquidity_sweep_absorption_reversal,all,0.75,2.5,3,breakeven,43048,23,23,9,14,8,6,0,0,8,0.34782609,-525,-1836,-79.82608696,12,11,"two-contract post-signal scalp: one contract exits at first target, one runner uses selected stop mode and runner target"
1,signal_scaled_scalp:strategy=liquidity_sweep_absorption_reversal:direction=long:first_target_points=0.75:stop_points=2.5:runner_target_points=3:runner_stop_mode=breakeven,liquidity_sweep_absorption_reversal,long,0.75,2.5,3,breakeven,43048,12,12,3,9,4,5,0,0,4,0.33333333,187.5,-496.5,-41.375,12,0,"two-contract post-signal scalp: one contract exits at first target, one runner uses selected stop mode and runner target"
1,signal_scaled_scalp:strategy=liquidity_sweep_absorption_reversal:direction=short:first_target_points=0.75:stop_points=2.5:runner_target_points=3:runner_stop_mode=breakeven,liquidity_sweep_absorption_reversal,short,0.75,2.5,3,breakeven,43048,11,11,6,5,4,1,0,0,4,0.36363636,-712.5,-1339.5,-121.77272727,0,11,"two-contract post-signal scalp: one contract exits at first target, one runner uses selected stop mode and runner target"
1,signal_scaled_scalp:strategy=liquidity_sweep_absorption_reversal:direction=all:first_target_points=0.75:stop_points=2.5:runner_target_points=3:runner_stop_mode=initial,liquidity_sweep_absorption_reversal,all,0.75,2.5,3,initial,43048,23,23,9,14,11,3,0,0,11,0.47826087,-450,-1761,-76.56521739,12,11,"two-contract post-signal scalp: one contract exits at first target, one runner uses selected stop mode and runner target"
1,signal_scaled_scalp:strategy=liquidity_sweep_absorption_reversal:direction=long:first_target_points=0.75:stop_points=2.5:runner_target_points=3:runner_stop_mode=initial,liquidity_sweep_absorption_reversal,long,0.75,2.5,3,initial,43048,12,12,3,9,7,2,0,0,7,0.58333333,387.5,-296.5,-24.70833333,12,0,"two-contract post-signal scalp: one contract exits at first target, one runner uses selected stop mode and runner target"
1,signal_scaled_scalp:strategy=liquidity_sweep_absorption_reversal:direction=short:first_target_points=0.75:stop_points=2.5:runner_target_points=3:runner_stop_mode=initial,liquidity_sweep_absorption_reversal,short,0.75,2.5,3,initial,43048,11,11,6,5,4,1,0,0,4,0.36363636,-837.5,-1464.5,-133.13636364,0,11,"two-contract post-signal scalp: one contract exits at first target, one runner uses selected stop mode and runner target"
1,signal_scaled_scalp:strategy=liquidity_sweep_absorption_reversal:direction=all:first_target_points=0.75:stop_points=2.5:runner_target_points=4:runner_stop_mode=breakeven,liquidity_sweep_absorption_reversal,all,0.75,2.5,4,breakeven,43048,23,23,9,14,7,7,0,0,7,0.30434783,-325,-1636,-71.13043478,12,11,"two-contract post-signal scalp: one contract exits at first target, one runner uses selected stop mode and runner target"
1,signal_scaled_scalp:strategy=liquidity_sweep_absorption_reversal:direction=long:first_target_points=0.75:stop_points=2.5:runner_target_points=4:runner_stop_mode=breakeven,liquidity_sweep_absorption_reversal,long,0.75,2.5,4,breakeven,43048,12,12,3,9,3,6,0,0,3,0.25,187.5,-496.5,-41.375,12,0,"two-contract post-signal scalp: one contract exits at first target, one runner uses selected stop mode and runner target"
1,signal_scaled_scalp:strategy=liquidity_sweep_absorption_reversal:direction=short:first_target_points=0.75:stop_points=2.5:runner_target_points=4:runner_stop_mode=breakeven,liquidity_sweep_absorption_reversal,short,0.75,2.5,4,breakeven,43048,11,11,6,5,4,1,0,0,4,0.36363636,-512.5,-1139.5,-103.59090909,0,11,"two-contract post-signal scalp: one contract exits at first target, one runner uses selected stop mode and runner target"
1,signal_scaled_scalp:strategy=liquidity_sweep_absorption_reversal:direction=all:first_target_points=0.75:stop_points=2.5:runner_target_points=4:runner_stop_mode=initial,liquidity_sweep_absorption_reversal,all,0.75,2.5,4,initial,43048,23,23,9,14,10,4,0,0,10,0.43478261,-225,-1536,-66.7826087,12,11,"two-contract post-signal scalp: one contract exits at first target, one runner uses selected stop mode and runner target"
1,signal_scaled_scalp:strategy=liquidity_sweep_absorption_reversal:direction=long:first_target_points=0.75:stop_points=2.5:runner_target_points=4:runner_stop_mode=initial,liquidity_sweep_absorption_reversal,long,0.75,2.5,4,initial,43048,12,12,3,9,6,3,0,0,6,0.5,412.5,-271.5,-22.625,12,0,"two-contract post-signal scalp: one contract exits at first target, one runner uses selected stop mode and runner target"
1,signal_scaled_scalp:strategy=liquidity_sweep_absorption_reversal:direction=short:first_target_points=0.75:stop_points=2.5:runner_target_points=4:runner_stop_mode=initial,liquidity_sweep_absorption_reversal,short,0.75,2.5,4,initial,43048,11,11,6,5,4,1,0,0,4,0.36363636,-637.5,-1264.5,-114.95454545,0,11,"two-contract post-signal scalp: one contract exits at first target, one runner uses selected stop mode and runner target"
1,signal_scaled_scalp:strategy=liquidity_sweep_absorption_reversal:direction=all:first_target_points=0.75:stop_points=2.5:runner_target_points=5:runner_stop_mode=breakeven,liquidity_sweep_absorption_reversal,all,0.75,2.5,5,breakeven,43048,23,23,9,14,6,8,0,0,6,0.26086957,-225,-1536,-66.7826087,12,11,"two-contract post-signal scalp: one contract exits at first target, one runner uses selected stop mode and runner target"
1,signal_scaled_scalp:strategy=liquidity_sweep_absorption_reversal:direction=long:first_target_points=0.75:stop_points=2.5:runner_target_points=5:runner_stop_mode=breakeven,liquidity_sweep_absorption_reversal,long,0.75,2.5,5,breakeven,43048,12,12,3,9,3,6,0,0,3,0.25,337.5,-346.5,-28.875,12,0,"two-contract post-signal scalp: one contract exits at first target, one runner uses selected stop mode and runner target"
1,signal_scaled_scalp:strategy=liquidity_sweep_absorption_reversal:direction=short:first_target_points=0.75:stop_points=2.5:runner_target_points=5:runner_stop_mode=breakeven,liquidity_sweep_absorption_reversal,short,0.75,2.5,5,breakeven,43048,11,11,6,5,3,2,0,0,3,0.27272727,-562.5,-1189.5,-108.13636364,0,11,"two-contract post-signal scalp: one contract exits at first target, one runner uses selected stop mode and runner target"
1,signal_scaled_scalp:strategy=liquidity_sweep_absorption_reversal:direction=all:first_target_points=0.75:stop_points=2.5:runner_target_points=5:runner_stop_mode=initial,liquidity_sweep_absorption_reversal,all,0.75,2.5,5,initial,43048,23,23,9,14,10,4,0,0,10,0.43478261,275,-1036,-45.04347826,12,11,"two-contract post-signal scalp: one contract exits at first target, one runner uses selected stop mode and runner target"
1,signal_scaled_scalp:strategy=liquidity_sweep_absorption_reversal:direction=long:first_target_points=0.75:stop_points=2.5:runner_target_points=5:runner_stop_mode=initial,liquidity_sweep_absorption_reversal,long,0.75,2.5,5,initial,43048,12,12,3,9,6,3,0,0,6,0.5,712.5,28.5,2.375,12,0,"two-contract post-signal scalp: one contract exits at first target, one runner uses selected stop mode and runner target"
1,signal_scaled_scalp:strategy=liquidity_sweep_absorption_reversal:direction=short:first_target_points=0.75:stop_points=2.5:runner_target_points=5:runner_stop_mode=initial,liquidity_sweep_absorption_reversal,short,0.75,2.5,5,initial,43048,11,11,6,5,4,1,0,0,4,0.36363636,-437.5,-1064.5,-96.77272727,0,11,"two-contract post-signal scalp: one contract exits at first target, one runner uses selected stop mode and runner target"
1,signal_scaled_scalp:strategy=liquidity_sweep_absorption_reversal:direction=all:first_target_points=0.75:stop_points=3:runner_target_points=1.5:runner_stop_mode=breakeven,liquidity_sweep_absorption_reversal,all,0.75,3,1.5,breakeven,43048,23,23,9,14,12,2,0,0,12,0.52173913,-1275,-2586,-112.43478261,12,11,"two-contract post-signal scalp: one contract exits at first target, one runner uses selected stop mode and runner target"
1,signal_scaled_scalp:strategy=liquidity_sweep_absorption_reversal:direction=long:first_target_points=0.75:stop_points=3:runner_target_points=1.5:runner_stop_mode=breakeven,liquidity_sweep_absorption_reversal,long,0.75,3,1.5,breakeven,43048,12,12,3,9,8,1,0,0,8,0.66666667,37.5,-646.5,-53.875,12,0,"two-contract post-signal scalp: one contract exits at first target, one runner uses selected stop mode and runner target"
1,signal_scaled_scalp:strategy=liquidity_sweep_absorption_reversal:direction=short:first_target_points=0.75:stop_points=3:runner_target_points=1.5:runner_stop_mode=breakeven,liquidity_sweep_absorption_reversal,short,0.75,3,1.5,breakeven,43048,11,11,6,5,4,1,0,0,4,0.36363636,-1312.5,-1939.5,-176.31818182,0,11,"two-contract post-signal scalp: one contract exits at first target, one runner uses selected stop mode and runner target"
1,signal_scaled_scalp:strategy=liquidity_sweep_absorption_reversal:direction=all:first_target_points=0.75:stop_points=3:runner_target_points=1.5:runner_stop_mode=initial,liquidity_sweep_absorption_reversal,all,0.75,3,1.5,initial,43048,23,23,9,14,12,2,0,0,12,0.52173913,-1575,-2886,-125.47826087,12,11,"two-contract post-signal scalp: one contract exits at first target, one runner uses selected stop mode and runner target"
1,signal_scaled_scalp:strategy=liquidity_sweep_absorption_reversal:direction=long:first_target_points=0.75:stop_points=3:runner_target_points=1.5:runner_stop_mode=initial,liquidity_sweep_absorption_reversal,long,0.75,3,1.5,initial,43048,12,12,3,9,8,1,0,0,8,0.66666667,-112.5,-796.5,-66.375,12,0,"two-contract post-signal scalp: one contract exits at first target, one runner uses selected stop mode and runner target"
1,signal_scaled_scalp:strategy=liquidity_sweep_absorption_reversal:direction=short:first_target_points=0.75:stop_points=3:runner_target_points=1.5:runner_stop_mode=initial,liquidity_sweep_absorption_reversal,short,0.75,3,1.5,initial,43048,11,11,6,5,4,1,0,0,4,0.36363636,-1462.5,-2089.5,-189.95454545,0,11,"two-contract post-signal scalp: one contract exits at first target, one runner uses selected stop mode and runner target"
1,signal_scaled_scalp:strategy=liquidity_sweep_absorption_reversal:direction=all:first_target_points=0.75:stop_points=3:runner_target_points=2:runner_stop_mode=breakeven,liquidity_sweep_absorption_reversal,all,0.75,3,2,breakeven,43048,23,23,9,14,10,4,0,0,10,0.43478261,-1175,-2486,-108.08695652,12,11,"two-contract post-signal scalp: one contract exits at first target, one runner uses selected stop mode and runner target"
1,signal_scaled_scalp:strategy=liquidity_sweep_absorption_reversal:direction=long:first_target_points=0.75:stop_points=3:runner_target_points=2:runner_stop_mode=breakeven,liquidity_sweep_absorption_reversal,long,0.75,3,2,breakeven,43048,12,12,3,9,6,3,0,0,6,0.5,37.5,-646.5,-53.875,12,0,"two-contract post-signal scalp: one contract exits at first target, one runner uses selected stop mode and runner target"
1,signal_scaled_scalp:strategy=liquidity_sweep_absorption_reversal:direction=short:first_target_points=0.75:stop_points=3:runner_target_points=2:runner_stop_mode=breakeven,liquidity_sweep_absorption_reversal,short,0.75,3,2,breakeven,43048,11,11,6,5,4,1,0,0,4,0.36363636,-1212.5,-1839.5,-167.22727273,0,11,"two-contract post-signal scalp: one contract exits at first target, one runner uses selected stop mode and runner target"
1,signal_scaled_scalp:strategy=liquidity_sweep_absorption_reversal:direction=all:first_target_points=0.75:stop_points=3:runner_target_points=2:runner_stop_mode=initial,liquidity_sweep_absorption_reversal,all,0.75,3,2,initial,43048,23,23,9,14,12,2,0,0,12,0.52173913,-1275,-2586,-112.43478261,12,11,"two-contract post-signal scalp: one contract exits at first target, one runner uses selected stop mode and runner target"
1,signal_scaled_scalp:strategy=liquidity_sweep_absorption_reversal:direction=long:first_target_points=0.75:stop_points=3:runner_target_points=2:runner_stop_mode=initial,liquidity_sweep_absorption_reversal,long,0.75,3,2,initial,43048,12,12,3,9,8,1,0,0,8,0.66666667,87.5,-596.5,-49.70833333,12,0,"two-contract post-signal scalp: one contract exits at first target, one runner uses selected stop mode and runner target"
1,signal_scaled_scalp:strategy=liquidity_sweep_absorption_reversal:direction=short:first_target_points=0.75:stop_points=3:runner_target_points=2:runner_stop_mode=initial,liquidity_sweep_absorption_reversal,short,0.75,3,2,initial,43048,11,11,6,5,4,1,0,0,4,0.36363636,-1362.5,-1989.5,-180.86363636,0,11,"two-contract post-signal scalp: one contract exits at first target, one runner uses selected stop mode and runner target"
1,signal_scaled_scalp:strategy=liquidity_sweep_absorption_reversal:direction=all:first_target_points=0.75:stop_points=3:runner_target_points=2.5:runner_stop_mode=breakeven,liquidity_sweep_absorption_reversal,all,0.75,3,2.5,breakeven,43048,23,23,9,14,8,6,0,0,8,0.34782609,-1175,-2486,-108.08695652,12,11,"two-contract post-signal scalp: one contract exits at first target, one runner uses selected stop mode and runner target"
1,signal_scaled_scalp:strategy=liquidity_sweep_absorption_reversal:direction=long:first_target_points=0.75:stop_points=3:runner_target_points=2.5:runner_stop_mode=breakeven,liquidity_sweep_absorption_reversal,long,0.75,3,2.5,breakeven,43048,12,12,3,9,4,5,0,0,4,0.33333333,-62.5,-746.5,-62.20833333,12,0,"two-contract post-signal scalp: one contract exits at first target, one runner uses selected stop mode and runner target"
1,signal_scaled_scalp:strategy=liquidity_sweep_absorption_reversal:direction=short:first_target_points=0.75:stop_points=3:runner_target_points=2.5:runner_stop_mode=breakeven,liquidity_sweep_absorption_reversal,short,0.75,3,2.5,breakeven,43048,11,11,6,5,4,1,0,0,4,0.36363636,-1112.5,-1739.5,-158.13636364,0,11,"two-contract post-signal scalp: one contract exits at first target, one runner uses selected stop mode and runner target"
1,signal_scaled_scalp:strategy=liquidity_sweep_absorption_reversal:direction=all:first_target_points=0.75:stop_points=3:runner_target_points=2.5:runner_stop_mode=initial,liquidity_sweep_absorption_reversal,all,0.75,3,2.5,initial,43048,23,23,9,14,11,3,0,0,11,0.47826087,-1250,-2561,-111.34782609,12,11,"two-contract post-signal scalp: one contract exits at first target, one runner uses selected stop mode and runner target"
1,signal_scaled_scalp:strategy=liquidity_sweep_absorption_reversal:direction=long:first_target_points=0.75:stop_points=3:runner_target_points=2.5:runner_stop_mode=initial,liquidity_sweep_absorption_reversal,long,0.75,3,2.5,initial,43048,12,12,3,9,7,2,0,0,7,0.58333333,12.5,-671.5,-55.95833333,12,0,"two-contract post-signal scalp: one contract exits at first target, one runner uses selected stop mode and runner target"
1,signal_scaled_scalp:strategy=liquidity_sweep_absorption_reversal:direction=short:first_target_points=0.75:stop_points=3:runner_target_points=2.5:runner_stop_mode=initial,liquidity_sweep_absorption_reversal,short,0.75,3,2.5,initial,43048,11,11,6,5,4,1,0,0,4,0.36363636,-1262.5,-1889.5,-171.77272727,0,11,"two-contract post-signal scalp: one contract exits at first target, one runner uses selected stop mode and runner target"
1,signal_scaled_scalp:strategy=liquidity_sweep_absorption_reversal:direction=all:first_target_points=0.75:stop_points=3:runner_target_points=3:runner_stop_mode=breakeven,liquidity_sweep_absorption_reversal,all,0.75,3,3,breakeven,43048,23,23,9,14,8,6,0,0,8,0.34782609,-975,-2286,-99.39130435,12,11,"two-contract post-signal scalp: one contract exits at first target, one runner uses selected stop mode and runner target"
1,signal_scaled_scalp:strategy=liquidity_sweep_absorption_reversal:direction=long:first_target_points=0.75:stop_points=3:runner_target_points=3:runner_stop_mode=breakeven,liquidity_sweep_absorption_reversal,long,0.75,3,3,breakeven,43048,12,12,3,9,4,5,0,0,4,0.33333333,37.5,-646.5,-53.875,12,0,"two-contract post-signal scalp: one contract exits at first target, one runner uses selected stop mode and runner target"
1,signal_scaled_scalp:strategy=liquidity_sweep_absorption_reversal:direction=short:first_target_points=0.75:stop_points=3:runner_target_points=3:runner_stop_mode=breakeven,liquidity_sweep_absorption_reversal,short,0.75,3,3,breakeven,43048,11,11,6,5,4,1,0,0,4,0.36363636,-1012.5,-1639.5,-149.04545455,0,11,"two-contract post-signal scalp: one contract exits at first target, one runner uses selected stop mode and runner target"
1,signal_scaled_scalp:strategy=liquidity_sweep_absorption_reversal:direction=all:first_target_points=0.75:stop_points=3:runner_target_points=3:runner_stop_mode=initial,liquidity_sweep_absorption_reversal,all,0.75,3,3,initial,43048,23,23,9,14,11,3,0,0,11,0.47826087,-975,-2286,-99.39130435,12,11,"two-contract post-signal scalp: one contract exits at first target, one runner uses selected stop mode and runner target"
1,signal_scaled_scalp:strategy=liquidity_sweep_absorption_reversal:direction=long:first_target_points=0.75:stop_points=3:runner_target_points=3:runner_stop_mode=initial,liquidity_sweep_absorption_reversal,long,0.75,3,3,initial,43048,12,12,3,9,7,2,0,0,7,0.58333333,187.5,-496.5,-41.375,12,0,"two-contract post-signal scalp: one contract exits at first target, one runner uses selected stop mode and runner target"
1,signal_scaled_scalp:strategy=liquidity_sweep_absorption_reversal:direction=short:first_target_points=0.75:stop_points=3:runner_target_points=3:runner_stop_mode=initial,liquidity_sweep_absorption_reversal,short,0.75,3,3,initial,43048,11,11,6,5,4,1,0,0,4,0.36363636,-1162.5,-1789.5,-162.68181818,0,11,"two-contract post-signal scalp: one contract exits at first target, one runner uses selected stop mode and runner target"
1,signal_scaled_scalp:strategy=liquidity_sweep_absorption_reversal:direction=all:first_target_points=0.75:stop_points=3:runner_target_points=4:runner_stop_mode=breakeven,liquidity_sweep_absorption_reversal,all,0.75,3,4,breakeven,43048,23,23,9,14,7,7,0,0,7,0.30434783,-775,-2086,-90.69565217,12,11,"two-contract post-signal scalp: one contract exits at first target, one runner uses selected stop mode and runner target"
1,signal_scaled_scalp:strategy=liquidity_sweep_absorption_reversal:direction=long:first_target_points=0.75:stop_points=3:runner_target_points=4:runner_stop_mode=breakeven,liquidity_sweep_absorption_reversal,long,0.75,3,4,breakeven,43048,12,12,3,9,3,6,0,0,3,0.25,37.5,-646.5,-53.875,12,0,"two-contract post-signal scalp: one contract exits at first target, one runner uses selected stop mode and runner target"
1,signal_scaled_scalp:strategy=liquidity_sweep_absorption_reversal:direction=short:first_target_points=0.75:stop_points=3:runner_target_points=4:runner_stop_mode=breakeven,liquidity_sweep_absorption_reversal,short,0.75,3,4,breakeven,43048,11,11,6,5,4,1,0,0,4,0.36363636,-812.5,-1439.5,-130.86363636,0,11,"two-contract post-signal scalp: one contract exits at first target, one runner uses selected stop mode and runner target"
1,signal_scaled_scalp:strategy=liquidity_sweep_absorption_reversal:direction=all:first_target_points=0.75:stop_points=3:runner_target_points=4:runner_stop_mode=initial,liquidity_sweep_absorption_reversal,all,0.75,3,4,initial,43048,23,23,9,14,10,4,0,0,10,0.43478261,-775,-2086,-90.69565217,12,11,"two-contract post-signal scalp: one contract exits at first target, one runner uses selected stop mode and runner target"
1,signal_scaled_scalp:strategy=liquidity_sweep_absorption_reversal:direction=long:first_target_points=0.75:stop_points=3:runner_target_points=4:runner_stop_mode=initial,liquidity_sweep_absorption_reversal,long,0.75,3,4,initial,43048,12,12,3,9,6,3,0,0,6,0.5,187.5,-496.5,-41.375,12,0,"two-contract post-signal scalp: one contract exits at first target, one runner uses selected stop mode and runner target"
1,signal_scaled_scalp:strategy=liquidity_sweep_absorption_reversal:direction=short:first_target_points=0.75:stop_points=3:runner_target_points=4:runner_stop_mode=initial,liquidity_sweep_absorption_reversal,short,0.75,3,4,initial,43048,11,11,6,5,4,1,0,0,4,0.36363636,-962.5,-1589.5,-144.5,0,11,"two-contract post-signal scalp: one contract exits at first target, one runner uses selected stop mode and runner target"
1,signal_scaled_scalp:strategy=liquidity_sweep_absorption_reversal:direction=all:first_target_points=0.75:stop_points=3:runner_target_points=5:runner_stop_mode=breakeven,liquidity_sweep_absorption_reversal,all,0.75,3,5,breakeven,43048,23,23,9,14,6,8,0,0,6,0.26086957,-675,-1986,-86.34782609,12,11,"two-contract post-signal scalp: one contract exits at first target, one runner uses selected stop mode and runner target"
1,signal_scaled_scalp:strategy=liquidity_sweep_absorption_reversal:direction=long:first_target_points=0.75:stop_points=3:runner_target_points=5:runner_stop_mode=breakeven,liquidity_sweep_absorption_reversal,long,0.75,3,5,breakeven,43048,12,12,3,9,3,6,0,0,3,0.25,187.5,-496.5,-41.375,12,0,"two-contract post-signal scalp: one contract exits at first target, one runner uses selected stop mode and runner target"
1,signal_scaled_scalp:strategy=liquidity_sweep_absorption_reversal:direction=short:first_target_points=0.75:stop_points=3:runner_target_points=5:runner_stop_mode=breakeven,liquidity_sweep_absorption_reversal,short,0.75,3,5,breakeven,43048,11,11,6,5,3,2,0,0,3,0.27272727,-862.5,-1489.5,-135.40909091,0,11,"two-contract post-signal scalp: one contract exits at first target, one runner uses selected stop mode and runner target"
1,signal_scaled_scalp:strategy=liquidity_sweep_absorption_reversal:direction=all:first_target_points=0.75:stop_points=3:runner_target_points=5:runner_stop_mode=initial,liquidity_sweep_absorption_reversal,all,0.75,3,5,initial,43048,23,23,9,14,10,4,0,0,10,0.43478261,-275,-1586,-68.95652174,12,11,"two-contract post-signal scalp: one contract exits at first target, one runner uses selected stop mode and runner target"
1,signal_scaled_scalp:strategy=liquidity_sweep_absorption_reversal:direction=long:first_target_points=0.75:stop_points=3:runner_target_points=5:runner_stop_mode=initial,liquidity_sweep_absorption_reversal,long,0.75,3,5,initial,43048,12,12,3,9,6,3,0,0,6,0.5,487.5,-196.5,-16.375,12,0,"two-contract post-signal scalp: one contract exits at first target, one runner uses selected stop mode and runner target"
1,signal_scaled_scalp:strategy=liquidity_sweep_absorption_reversal:direction=short:first_target_points=0.75:stop_points=3:runner_target_points=5:runner_stop_mode=initial,liquidity_sweep_absorption_reversal,short,0.75,3,5,initial,43048,11,11,6,5,4,1,0,0,4,0.36363636,-762.5,-1389.5,-126.31818182,0,11,"two-contract post-signal scalp: one contract exits at first target, one runner uses selected stop mode and runner target"
1,signal_scaled_scalp:strategy=liquidity_sweep_absorption_reversal:direction=all:first_target_points=1:stop_points=1.5:runner_target_points=1.5:runner_stop_mode=breakeven,liquidity_sweep_absorption_reversal,all,1,1.5,1.5,breakeven,43048,23,23,13,10,10,0,0,0,10,0.43478261,-700,-2011,-87.43478261,12,11,"two-contract post-signal scalp: one contract exits at first target, one runner uses selected stop mode and runner target"
1,signal_scaled_scalp:strategy=liquidity_sweep_absorption_reversal:direction=long:first_target_points=1:stop_points=1.5:runner_target_points=1.5:runner_stop_mode=breakeven,liquidity_sweep_absorption_reversal,long,1,1.5,1.5,breakeven,43048,12,12,6,6,6,0,0,0,6,0.5,-150,-834,-69.5,12,0,"two-contract post-signal scalp: one contract exits at first target, one runner uses selected stop mode and runner target"
1,signal_scaled_scalp:strategy=liquidity_sweep_absorption_reversal:direction=short:first_target_points=1:stop_points=1.5:runner_target_points=1.5:runner_stop_mode=breakeven,liquidity_sweep_absorption_reversal,short,1,1.5,1.5,breakeven,43048,11,11,7,4,4,0,0,0,4,0.36363636,-550,-1177,-107,0,11,"two-contract post-signal scalp: one contract exits at first target, one runner uses selected stop mode and runner target"
1,signal_scaled_scalp:strategy=liquidity_sweep_absorption_reversal:direction=all:first_target_points=1:stop_points=1.5:runner_target_points=1.5:runner_stop_mode=initial,liquidity_sweep_absorption_reversal,all,1,1.5,1.5,initial,43048,23,23,13,10,10,0,0,0,10,0.43478261,-700,-2011,-87.43478261,12,11,"two-contract post-signal scalp: one contract exits at first target, one runner uses selected stop mode and runner target"
1,signal_scaled_scalp:strategy=liquidity_sweep_absorption_reversal:direction=long:first_target_points=1:stop_points=1.5:runner_target_points=1.5:runner_stop_mode=initial,liquidity_sweep_absorption_reversal,long,1,1.5,1.5,initial,43048,12,12,6,6,6,0,0,0,6,0.5,-150,-834,-69.5,12,0,"two-contract post-signal scalp: one contract exits at first target, one runner uses selected stop mode and runner target"
1,signal_scaled_scalp:strategy=liquidity_sweep_absorption_reversal:direction=short:first_target_points=1:stop_points=1.5:runner_target_points=1.5:runner_stop_mode=initial,liquidity_sweep_absorption_reversal,short,1,1.5,1.5,initial,43048,11,11,7,4,4,0,0,0,4,0.36363636,-550,-1177,-107,0,11,"two-contract post-signal scalp: one contract exits at first target, one runner uses selected stop mode and runner target"
1,signal_scaled_scalp:strategy=liquidity_sweep_absorption_reversal:direction=all:first_target_points=1:stop_points=1.5:runner_target_points=2:runner_stop_mode=breakeven,liquidity_sweep_absorption_reversal,all,1,1.5,2,breakeven,43048,23,23,13,10,8,2,0,0,8,0.34782609,-650,-1961,-85.26086957,12,11,"two-contract post-signal scalp: one contract exits at first target, one runner uses selected stop mode and runner target"
1,signal_scaled_scalp:strategy=liquidity_sweep_absorption_reversal:direction=long:first_target_points=1:stop_points=1.5:runner_target_points=2:runner_stop_mode=breakeven,liquidity_sweep_absorption_reversal,long,1,1.5,2,breakeven,43048,12,12,6,6,4,2,0,0,4,0.33333333,-200,-884,-73.66666667,12,0,"two-contract post-signal scalp: one contract exits at first target, one runner uses selected stop mode and runner target"
1,signal_scaled_scalp:strategy=liquidity_sweep_absorption_reversal:direction=short:first_target_points=1:stop_points=1.5:runner_target_points=2:runner_stop_mode=breakeven,liquidity_sweep_absorption_reversal,short,1,1.5,2,breakeven,43048,11,11,7,4,4,0,0,0,4,0.36363636,-450,-1077,-97.90909091,0,11,"two-contract post-signal scalp: one contract exits at first target, one runner uses selected stop mode and runner target"
1,signal_scaled_scalp:strategy=liquidity_sweep_absorption_reversal:direction=all:first_target_points=1:stop_points=1.5:runner_target_points=2:runner_stop_mode=initial,liquidity_sweep_absorption_reversal,all,1,1.5,2,initial,43048,23,23,13,10,10,0,0,0,10,0.43478261,-450,-1761,-76.56521739,12,11,"two-contract post-signal scalp: one contract exits at first target, one runner uses selected stop mode and runner target"
1,signal_scaled_scalp:strategy=liquidity_sweep_absorption_reversal:direction=long:first_target_points=1:stop_points=1.5:runner_target_points=2:runner_stop_mode=initial,liquidity_sweep_absorption_reversal,long,1,1.5,2,initial,43048,12,12,6,6,6,0,0,0,6,0.5,0,-684,-57,12,0,"two-contract post-signal scalp: one contract exits at first target, one runner uses selected stop mode and runner target"
1,signal_scaled_scalp:strategy=liquidity_sweep_absorption_reversal:direction=short:first_target_points=1:stop_points=1.5:runner_target_points=2:runner_stop_mode=initial,liquidity_sweep_absorption_reversal,short,1,1.5,2,initial,43048,11,11,7,4,4,0,0,0,4,0.36363636,-450,-1077,-97.90909091,0,11,"two-contract post-signal scalp: one contract exits at first target, one runner uses selected stop mode and runner target"
1,signal_scaled_scalp:strategy=liquidity_sweep_absorption_reversal:direction=all:first_target_points=1:stop_points=1.5:runner_target_points=2.5:runner_stop_mode=breakeven,liquidity_sweep_absorption_reversal,all,1,1.5,2.5,breakeven,43048,23,23,13,10,6,4,0,0,6,0.26086957,-700,-2011,-87.43478261,12,11,"two-contract post-signal scalp: one contract exits at first target, one runner uses selected stop mode and runner target"
1,signal_scaled_scalp:strategy=liquidity_sweep_absorption_reversal:direction=long:first_target_points=1:stop_points=1.5:runner_target_points=2.5:runner_stop_mode=breakeven,liquidity_sweep_absorption_reversal,long,1,1.5,2.5,breakeven,43048,12,12,6,6,2,4,0,0,2,0.16666667,-350,-1034,-86.16666667,12,0,"two-contract post-signal scalp: one contract exits at first target, one runner uses selected stop mode and runner target"
1,signal_scaled_scalp:strategy=liquidity_sweep_absorption_reversal:direction=short:first_target_points=1:stop_points=1.5:runner_target_points=2.5:runner_stop_mode=breakeven,liquidity_sweep_absorption_reversal,short,1,1.5,2.5,breakeven,43048,11,11,7,4,4,0,0,0,4,0.36363636,-350,-977,-88.81818182,0,11,"two-contract post-signal scalp: one contract exits at first target, one runner uses selected stop mode and runner target"
1,signal_scaled_scalp:strategy=liquidity_sweep_absorption_reversal:direction=all:first_target_points=1:stop_points=1.5:runner_target_points=2.5:runner_stop_mode=initial,liquidity_sweep_absorption_reversal,all,1,1.5,2.5,initial,43048,23,23,13,10,9,1,0,0,9,0.39130435,-400,-1711,-74.39130435,12,11,"two-contract post-signal scalp: one contract exits at first target, one runner uses selected stop mode and runner target"
1,signal_scaled_scalp:strategy=liquidity_sweep_absorption_reversal:direction=long:first_target_points=1:stop_points=1.5:runner_target_points=2.5:runner_stop_mode=initial,liquidity_sweep_absorption_reversal,long,1,1.5,2.5,initial,43048,12,12,6,6,5,1,0,0,5,0.41666667,-50,-734,-61.16666667,12,0,"two-contract post-signal scalp: one contract exits at first target, one runner uses selected stop mode and runner target"
1,signal_scaled_scalp:strategy=liquidity_sweep_absorption_reversal:direction=short:first_target_points=1:stop_points=1.5:runner_target_points=2.5:runner_stop_mode=initial,liquidity_sweep_absorption_reversal,short,1,1.5,2.5,initial,43048,11,11,7,4,4,0,0,0,4,0.36363636,-350,-977,-88.81818182,0,11,"two-contract post-signal scalp: one contract exits at first target, one runner uses selected stop mode and runner target"
1,signal_scaled_scalp:strategy=liquidity_sweep_absorption_reversal:direction=all:first_target_points=1:stop_points=1.5:runner_target_points=3:runner_stop_mode=breakeven,liquidity_sweep_absorption_reversal,all,1,1.5,3,breakeven,43048,23,23,13,10,6,4,0,0,6,0.26086957,-550,-1861,-80.91304348,12,11,"two-contract post-signal scalp: one contract exits at first target, one runner uses selected stop mode and runner target"
1,signal_scaled_scalp:strategy=liquidity_sweep_absorption_reversal:direction=long:first_target_points=1:stop_points=1.5:runner_target_points=3:runner_stop_mode=breakeven,liquidity_sweep_absorption_reversal,long,1,1.5,3,breakeven,43048,12,12,6,6,2,4,0,0,2,0.16666667,-300,-984,-82,12,0,"two-contract post-signal scalp: one contract exits at first target, one runner uses selected stop mode and runner target"
1,signal_scaled_scalp:strategy=liquidity_sweep_absorption_reversal:direction=short:first_target_points=1:stop_points=1.5:runner_target_points=3:runner_stop_mode=breakeven,liquidity_sweep_absorption_reversal,short,1,1.5,3,breakeven,43048,11,11,7,4,4,0,0,0,4,0.36363636,-250,-877,-79.72727273,0,11,"two-contract post-signal scalp: one contract exits at first target, one runner uses selected stop mode and runner target"
1,signal_scaled_scalp:strategy=liquidity_sweep_absorption_reversal:direction=all:first_target_points=1:stop_points=1.5:runner_target_points=3:runner_stop_mode=initial,liquidity_sweep_absorption_reversal,all,1,1.5,3,initial,43048,23,23,13,10,9,1,0,0,9,0.39130435,-175,-1486,-64.60869565,12,11,"two-contract post-signal scalp: one contract exits at first target, one runner uses selected stop mode and runner target"
1,signal_scaled_scalp:strategy=liquidity_sweep_absorption_reversal:direction=long:first_target_points=1:stop_points=1.5:runner_target_points=3:runner_stop_mode=initial,liquidity_sweep_absorption_reversal,long,1,1.5,3,initial,43048,12,12,6,6,5,1,0,0,5,0.41666667,75,-609,-50.75,12,0,"two-contract post-signal scalp: one contract exits at first target, one runner uses selected stop mode and runner target"
1,signal_scaled_scalp:strategy=liquidity_sweep_absorption_reversal:direction=short:first_target_points=1:stop_points=1.5:runner_target_points=3:runner_stop_mode=initial,liquidity_sweep_absorption_reversal,short,1,1.5,3,initial,43048,11,11,7,4,4,0,0,0,4,0.36363636,-250,-877,-79.72727273,0,11,"two-contract post-signal scalp: one contract exits at first target, one runner uses selected stop mode and runner target"
1,signal_scaled_scalp:strategy=liquidity_sweep_absorption_reversal:direction=all:first_target_points=1:stop_points=1.5:runner_target_points=4:runner_stop_mode=breakeven,liquidity_sweep_absorption_reversal,all,1,1.5,4,breakeven,43048,23,23,13,10,6,4,0,0,6,0.26086957,-250,-1561,-67.86956522,12,11,"two-contract post-signal scalp: one contract exits at first target, one runner uses selected stop mode and runner target"
1,signal_scaled_scalp:strategy=liquidity_sweep_absorption_reversal:direction=long:first_target_points=1:stop_points=1.5:runner_target_points=4:runner_stop_mode=breakeven,liquidity_sweep_absorption_reversal,long,1,1.5,4,breakeven,43048,12,12,6,6,2,4,0,0,2,0.16666667,-200,-884,-73.66666667,12,0,"two-contract post-signal scalp: one contract exits at first target, one runner uses selected stop mode and runner target"
1,signal_scaled_scalp:strategy=liquidity_sweep_absorption_reversal:direction=short:first_target_points=1:stop_points=1.5:runner_target_points=4:runner_stop_mode=breakeven,liquidity_sweep_absorption_reversal,short,1,1.5,4,breakeven,43048,11,11,7,4,4,0,0,0,4,0.36363636,-50,-677,-61.54545455,0,11,"two-contract post-signal scalp: one contract exits at first target, one runner uses selected stop mode and runner target"
1,signal_scaled_scalp:strategy=liquidity_sweep_absorption_reversal:direction=all:first_target_points=1:stop_points=1.5:runner_target_points=4:runner_stop_mode=initial,liquidity_sweep_absorption_reversal,all,1,1.5,4,initial,43048,23,23,13,10,9,1,0,0,9,0.39130435,275,-1036,-45.04347826,12,11,"two-contract post-signal scalp: one contract exits at first target, one runner uses selected stop mode and runner target"
1,signal_scaled_scalp:strategy=liquidity_sweep_absorption_reversal:direction=long:first_target_points=1:stop_points=1.5:runner_target_points=4:runner_stop_mode=initial,liquidity_sweep_absorption_reversal,long,1,1.5,4,initial,43048,12,12,6,6,5,1,0,0,5,0.41666667,325,-359,-29.91666667,12,0,"two-contract post-signal scalp: one contract exits at first target, one runner uses selected stop mode and runner target"
1,signal_scaled_scalp:strategy=liquidity_sweep_absorption_reversal:direction=short:first_target_points=1:stop_points=1.5:runner_target_points=4:runner_stop_mode=initial,liquidity_sweep_absorption_reversal,short,1,1.5,4,initial,43048,11,11,7,4,4,0,0,0,4,0.36363636,-50,-677,-61.54545455,0,11,"two-contract post-signal scalp: one contract exits at first target, one runner uses selected stop mode and runner target"
1,signal_scaled_scalp:strategy=liquidity_sweep_absorption_reversal:direction=all:first_target_points=1:stop_points=1.5:runner_target_points=5:runner_stop_mode=breakeven,liquidity_sweep_absorption_reversal,all,1,1.5,5,breakeven,43048,23,23,13,10,5,5,0,0,5,0.2173913,-200,-1511,-65.69565217,12,11,"two-contract post-signal scalp: one contract exits at first target, one runner uses selected stop mode and runner target"
1,signal_scaled_scalp:strategy=liquidity_sweep_absorption_reversal:direction=long:first_target_points=1:stop_points=1.5:runner_target_points=5:runner_stop_mode=breakeven,liquidity_sweep_absorption_reversal,long,1,1.5,5,breakeven,43048,12,12,6,6,2,4,0,0,2,0.16666667,-100,-784,-65.33333333,12,0,"two-contract post-signal scalp: one contract exits at first target, one runner uses selected stop mode and runner target"
1,signal_scaled_scalp:strategy=liquidity_sweep_absorption_reversal:direction=short:first_target_points=1:stop_points=1.5:runner_target_points=5:runner_stop_mode=breakeven,liquidity_sweep_absorption_reversal,short,1,1.5,5,breakeven,43048,11,11,7,4,3,1,0,0,3,0.27272727,-100,-727,-66.09090909,0,11,"two-contract post-signal scalp: one contract exits at first target, one runner uses selected stop mode and runner target"
1,signal_scaled_scalp:strategy=liquidity_sweep_absorption_reversal:direction=all:first_target_points=1:stop_points=1.5:runner_target_points=5:runner_stop_mode=initial,liquidity_sweep_absorption_reversal,all,1,1.5,5,initial,43048,23,23,13,10,9,1,0,0,9,0.39130435,725,-586,-25.47826087,12,11,"two-contract post-signal scalp: one contract exits at first target, one runner uses selected stop mode and runner target"
1,signal_scaled_scalp:strategy=liquidity_sweep_absorption_reversal:direction=long:first_target_points=1:stop_points=1.5:runner_target_points=5:runner_stop_mode=initial,liquidity_sweep_absorption_reversal,long,1,1.5,5,initial,43048,12,12,6,6,5,1,0,0,5,0.41666667,575,-109,-9.08333333,12,0,"two-contract post-signal scalp: one contract exits at first target, one runner uses selected stop mode and runner target"
1,signal_scaled_scalp:strategy=liquidity_sweep_absorption_reversal:direction=short:first_target_points=1:stop_points=1.5:runner_target_points=5:runner_stop_mode=initial,liquidity_sweep_absorption_reversal,short,1,1.5,5,initial,43048,11,11,7,4,4,0,0,0,4,0.36363636,150,-477,-43.36363636,0,11,"two-contract post-signal scalp: one contract exits at first target, one runner uses selected stop mode and runner target"
1,signal_scaled_scalp:strategy=liquidity_sweep_absorption_reversal:direction=all:first_target_points=1:stop_points=2:runner_target_points=1.5:runner_stop_mode=breakeven,liquidity_sweep_absorption_reversal,all,1,2,1.5,breakeven,43048,23,23,13,10,10,0,0,0,10,0.43478261,-1350,-2661,-115.69565217,12,11,"two-contract post-signal scalp: one contract exits at first target, one runner uses selected stop mode and runner target"
1,signal_scaled_scalp:strategy=liquidity_sweep_absorption_reversal:direction=long:first_target_points=1:stop_points=2:runner_target_points=1.5:runner_stop_mode=breakeven,liquidity_sweep_absorption_reversal,long,1,2,1.5,breakeven,43048,12,12,6,6,6,0,0,0,6,0.5,-450,-1134,-94.5,12,0,"two-contract post-signal scalp: one contract exits at first target, one runner uses selected stop mode and runner target"
1,signal_scaled_scalp:strategy=liquidity_sweep_absorption_reversal:direction=short:first_target_points=1:stop_points=2:runner_target_points=1.5:runner_stop_mode=breakeven,liquidity_sweep_absorption_reversal,short,1,2,1.5,breakeven,43048,11,11,7,4,4,0,0,0,4,0.36363636,-900,-1527,-138.81818182,0,11,"two-contract post-signal scalp: one contract exits at first target, one runner uses selected stop mode and runner target"
1,signal_scaled_scalp:strategy=liquidity_sweep_absorption_reversal:direction=all:first_target_points=1:stop_points=2:runner_target_points=1.5:runner_stop_mode=initial,liquidity_sweep_absorption_reversal,all,1,2,1.5,initial,43048,23,23,13,10,10,0,0,0,10,0.43478261,-1350,-2661,-115.69565217,12,11,"two-contract post-signal scalp: one contract exits at first target, one runner uses selected stop mode and runner target"
1,signal_scaled_scalp:strategy=liquidity_sweep_absorption_reversal:direction=long:first_target_points=1:stop_points=2:runner_target_points=1.5:runner_stop_mode=initial,liquidity_sweep_absorption_reversal,long,1,2,1.5,initial,43048,12,12,6,6,6,0,0,0,6,0.5,-450,-1134,-94.5,12,0,"two-contract post-signal scalp: one contract exits at first target, one runner uses selected stop mode and runner target"
1,signal_scaled_scalp:strategy=liquidity_sweep_absorption_reversal:direction=short:first_target_points=1:stop_points=2:runner_target_points=1.5:runner_stop_mode=initial,liquidity_sweep_absorption_reversal,short,1,2,1.5,initial,43048,11,11,7,4,4,0,0,0,4,0.36363636,-900,-1527,-138.81818182,0,11,"two-contract post-signal scalp: one contract exits at first target, one runner uses selected stop mode and runner target"
1,signal_scaled_scalp:strategy=liquidity_sweep_absorption_reversal:direction=all:first_target_points=1:stop_points=2:runner_target_points=2:runner_stop_mode=breakeven,liquidity_sweep_absorption_reversal,all,1,2,2,breakeven,43048,23,23,13,10,8,2,0,0,8,0.34782609,-1300,-2611,-113.52173913,12,11,"two-contract post-signal scalp: one contract exits at first target, one runner uses selected stop mode and runner target"
1,signal_scaled_scalp:strategy=liquidity_sweep_absorption_reversal:direction=long:first_target_points=1:stop_points=2:runner_target_points=2:runner_stop_mode=breakeven,liquidity_sweep_absorption_reversal,long,1,2,2,breakeven,43048,12,12,6,6,4,2,0,0,4,0.33333333,-500,-1184,-98.66666667,12,0,"two-contract post-signal scalp: one contract exits at first target, one runner uses selected stop mode and runner target"
1,signal_scaled_scalp:strategy=liquidity_sweep_absorption_reversal:direction=short:first_target_points=1:stop_points=2:runner_target_points=2:runner_stop_mode=breakeven,liquidity_sweep_absorption_reversal,short,1,2,2,breakeven,43048,11,11,7,4,4,0,0,0,4,0.36363636,-800,-1427,-129.72727273,0,11,"two-contract post-signal scalp: one contract exits at first target, one runner uses selected stop mode and runner target"
1,signal_scaled_scalp:strategy=liquidity_sweep_absorption_reversal:direction=all:first_target_points=1:stop_points=2:runner_target_points=2:runner_stop_mode=initial,liquidity_sweep_absorption_reversal,all,1,2,2,initial,43048,23,23,13,10,10,0,0,0,10,0.43478261,-1100,-2411,-104.82608696,12,11,"two-contract post-signal scalp: one contract exits at first target, one runner uses selected stop mode and runner target"
1,signal_scaled_scalp:strategy=liquidity_sweep_absorption_reversal:direction=long:first_target_points=1:stop_points=2:runner_target_points=2:runner_stop_mode=initial,liquidity_sweep_absorption_reversal,long,1,2,2,initial,43048,12,12,6,6,6,0,0,0,6,0.5,-300,-984,-82,12,0,"two-contract post-signal scalp: one contract exits at first target, one runner uses selected stop mode and runner target"
1,signal_scaled_scalp:strategy=liquidity_sweep_absorption_reversal:direction=short:first_target_points=1:stop_points=2:runner_target_points=2:runner_stop_mode=initial,liquidity_sweep_absorption_reversal,short,1,2,2,initial,43048,11,11,7,4,4,0,0,0,4,0.36363636,-800,-1427,-129.72727273,0,11,"two-contract post-signal scalp: one contract exits at first target, one runner uses selected stop mode and runner target"
1,signal_scaled_scalp:strategy=liquidity_sweep_absorption_reversal:direction=all:first_target_points=1:stop_points=2:runner_target_points=2.5:runner_stop_mode=breakeven,liquidity_sweep_absorption_reversal,all,1,2,2.5,breakeven,43048,23,23,13,10,6,4,0,0,6,0.26086957,-1350,-2661,-115.69565217,12,11,"two-contract post-signal scalp: one contract exits at first target, one runner uses selected stop mode and runner target"
1,signal_scaled_scalp:strategy=liquidity_sweep_absorption_reversal:direction=long:first_target_points=1:stop_points=2:runner_target_points=2.5:runner_stop_mode=breakeven,liquidity_sweep_absorption_reversal,long,1,2,2.5,breakeven,43048,12,12,6,6,2,4,0,0,2,0.16666667,-650,-1334,-111.16666667,12,0,"two-contract post-signal scalp: one contract exits at first target, one runner uses selected stop mode and runner target"
1,signal_scaled_scalp:strategy=liquidity_sweep_absorption_reversal:direction=short:first_target_points=1:stop_points=2:runner_target_points=2.5:runner_stop_mode=breakeven,liquidity_sweep_absorption_reversal,short,1,2,2.5,breakeven,43048,11,11,7,4,4,0,0,0,4,0.36363636,-700,-1327,-120.63636364,0,11,"two-contract post-signal scalp: one contract exits at first target, one runner uses selected stop mode and runner target"
1,signal_scaled_scalp:strategy=liquidity_sweep_absorption_reversal:direction=all:first_target_points=1:stop_points=2:runner_target_points=2.5:runner_stop_mode=initial,liquidity_sweep_absorption_reversal,all,1,2,2.5,initial,43048,23,23,13,10,9,1,0,0,9,0.39130435,-1075,-2386,-103.73913043,12,11,"two-contract post-signal scalp: one contract exits at first target, one runner uses selected stop mode and runner target"
1,signal_scaled_scalp:strategy=liquidity_sweep_absorption_reversal:direction=long:first_target_points=1:stop_points=2:runner_target_points=2.5:runner_stop_mode=initial,liquidity_sweep_absorption_reversal,long,1,2,2.5,initial,43048,12,12,6,6,5,1,0,0,5,0.41666667,-375,-1059,-88.25,12,0,"two-contract post-signal scalp: one contract exits at first target, one runner uses selected stop mode and runner target"
1,signal_scaled_scalp:strategy=liquidity_sweep_absorption_reversal:direction=short:first_target_points=1:stop_points=2:runner_target_points=2.5:runner_stop_mode=initial,liquidity_sweep_absorption_reversal,short,1,2,2.5,initial,43048,11,11,7,4,4,0,0,0,4,0.36363636,-700,-1327,-120.63636364,0,11,"two-contract post-signal scalp: one contract exits at first target, one runner uses selected stop mode and runner target"
1,signal_scaled_scalp:strategy=liquidity_sweep_absorption_reversal:direction=all:first_target_points=1:stop_points=2:runner_target_points=3:runner_stop_mode=breakeven,liquidity_sweep_absorption_reversal,all,1,2,3,breakeven,43048,23,23,13,10,6,4,0,0,6,0.26086957,-1200,-2511,-109.17391304,12,11,"two-contract post-signal scalp: one contract exits at first target, one runner uses selected stop mode and runner target"
1,signal_scaled_scalp:strategy=liquidity_sweep_absorption_reversal:direction=long:first_target_points=1:stop_points=2:runner_target_points=3:runner_stop_mode=breakeven,liquidity_sweep_absorption_reversal,long,1,2,3,breakeven,43048,12,12,6,6,2,4,0,0,2,0.16666667,-600,-1284,-107,12,0,"two-contract post-signal scalp: one contract exits at first target, one runner uses selected stop mode and runner target"
1,signal_scaled_scalp:strategy=liquidity_sweep_absorption_reversal:direction=short:first_target_points=1:stop_points=2:runner_target_points=3:runner_stop_mode=breakeven,liquidity_sweep_absorption_reversal,short,1,2,3,breakeven,43048,11,11,7,4,4,0,0,0,4,0.36363636,-600,-1227,-111.54545455,0,11,"two-contract post-signal scalp: one contract exits at first target, one runner uses selected stop mode and runner target"
1,signal_scaled_scalp:strategy=liquidity_sweep_absorption_reversal:direction=all:first_target_points=1:stop_points=2:runner_target_points=3:runner_stop_mode=initial,liquidity_sweep_absorption_reversal,all,1,2,3,initial,43048,23,23,13,10,9,1,0,0,9,0.39130435,-850,-2161,-93.95652174,12,11,"two-contract post-signal scalp: one contract exits at first target, one runner uses selected stop mode and runner target"
1,signal_scaled_scalp:strategy=liquidity_sweep_absorption_reversal:direction=long:first_target_points=1:stop_points=2:runner_target_points=3:runner_stop_mode=initial,liquidity_sweep_absorption_reversal,long,1,2,3,initial,43048,12,12,6,6,5,1,0,0,5,0.41666667,-250,-934,-77.83333333,12,0,"two-contract post-signal scalp: one contract exits at first target, one runner uses selected stop mode and runner target"
1,signal_scaled_scalp:strategy=liquidity_sweep_absorption_reversal:direction=short:first_target_points=1:stop_points=2:runner_target_points=3:runner_stop_mode=initial,liquidity_sweep_absorption_reversal,short,1,2,3,initial,43048,11,11,7,4,4,0,0,0,4,0.36363636,-600,-1227,-111.54545455,0,11,"two-contract post-signal scalp: one contract exits at first target, one runner uses selected stop mode and runner target"
1,signal_scaled_scalp:strategy=liquidity_sweep_absorption_reversal:direction=all:first_target_points=1:stop_points=2:runner_target_points=4:runner_stop_mode=breakeven,liquidity_sweep_absorption_reversal,all,1,2,4,breakeven,43048,23,23,13,10,6,4,0,0,6,0.26086957,-900,-2211,-96.13043478,12,11,"two-contract post-signal scalp: one contract exits at first target, one runner uses selected stop mode and runner target"
1,signal_scaled_scalp:strategy=liquidity_sweep_absorption_reversal:direction=long:first_target_points=1:stop_points=2:runner_target_points=4:runner_stop_mode=breakeven,liquidity_sweep_absorption_reversal,long,1,2,4,breakeven,43048,12,12,6,6,2,4,0,0,2,0.16666667,-500,-1184,-98.66666667,12,0,"two-contract post-signal scalp: one contract exits at first target, one runner uses selected stop mode and runner target"
1,signal_scaled_scalp:strategy=liquidity_sweep_absorption_reversal:direction=short:first_target_points=1:stop_points=2:runner_target_points=4:runner_stop_mode=breakeven,liquidity_sweep_absorption_reversal,short,1,2,4,breakeven,43048,11,11,7,4,4,0,0,0,4,0.36363636,-400,-1027,-93.36363636,0,11,"two-contract post-signal scalp: one contract exits at first target, one runner uses selected stop mode and runner target"
1,signal_scaled_scalp:strategy=liquidity_sweep_absorption_reversal:direction=all:first_target_points=1:stop_points=2:runner_target_points=4:runner_stop_mode=initial,liquidity_sweep_absorption_reversal,all,1,2,4,initial,43048,23,23,13,10,9,1,0,0,9,0.39130435,-400,-1711,-74.39130435,12,11,"two-contract post-signal scalp: one contract exits at first target, one runner uses selected stop mode and runner target"
1,signal_scaled_scalp:strategy=liquidity_sweep_absorption_reversal:direction=long:first_target_points=1:stop_points=2:runner_target_points=4:runner_stop_mode=initial,liquidity_sweep_absorption_reversal,long,1,2,4,initial,43048,12,12,6,6,5,1,0,0,5,0.41666667,0,-684,-57,12,0,"two-contract post-signal scalp: one contract exits at first target, one runner uses selected stop mode and runner target"
1,signal_scaled_scalp:strategy=liquidity_sweep_absorption_reversal:direction=short:first_target_points=1:stop_points=2:runner_target_points=4:runner_stop_mode=initial,liquidity_sweep_absorption_reversal,short,1,2,4,initial,43048,11,11,7,4,4,0,0,0,4,0.36363636,-400,-1027,-93.36363636,0,11,"two-contract post-signal scalp: one contract exits at first target, one runner uses selected stop mode and runner target"
1,signal_scaled_scalp:strategy=liquidity_sweep_absorption_reversal:direction=all:first_target_points=1:stop_points=2:runner_target_points=5:runner_stop_mode=breakeven,liquidity_sweep_absorption_reversal,all,1,2,5,breakeven,43048,23,23,13,10,5,5,0,0,5,0.2173913,-850,-2161,-93.95652174,12,11,"two-contract post-signal scalp: one contract exits at first target, one runner uses selected stop mode and runner target"
1,signal_scaled_scalp:strategy=liquidity_sweep_absorption_reversal:direction=long:first_target_points=1:stop_points=2:runner_target_points=5:runner_stop_mode=breakeven,liquidity_sweep_absorption_reversal,long,1,2,5,breakeven,43048,12,12,6,6,2,4,0,0,2,0.16666667,-400,-1084,-90.33333333,12,0,"two-contract post-signal scalp: one contract exits at first target, one runner uses selected stop mode and runner target"
1,signal_scaled_scalp:strategy=liquidity_sweep_absorption_reversal:direction=short:first_target_points=1:stop_points=2:runner_target_points=5:runner_stop_mode=breakeven,liquidity_sweep_absorption_reversal,short,1,2,5,breakeven,43048,11,11,7,4,3,1,0,0,3,0.27272727,-450,-1077,-97.90909091,0,11,"two-contract post-signal scalp: one contract exits at first target, one runner uses selected stop mode and runner target"
1,signal_scaled_scalp:strategy=liquidity_sweep_absorption_reversal:direction=all:first_target_points=1:stop_points=2:runner_target_points=5:runner_stop_mode=initial,liquidity_sweep_absorption_reversal,all,1,2,5,initial,43048,23,23,13,10,9,1,0,0,9,0.39130435,50,-1261,-54.82608696,12,11,"two-contract post-signal scalp: one contract exits at first target, one runner uses selected stop mode and runner target"
1,signal_scaled_scalp:strategy=liquidity_sweep_absorption_reversal:direction=long:first_target_points=1:stop_points=2:runner_target_points=5:runner_stop_mode=initial,liquidity_sweep_absorption_reversal,long,1,2,5,initial,43048,12,12,6,6,5,1,0,0,5,0.41666667,250,-434,-36.16666667,12,0,"two-contract post-signal scalp: one contract exits at first target, one runner uses selected stop mode and runner target"
1,signal_scaled_scalp:strategy=liquidity_sweep_absorption_reversal:direction=short:first_target_points=1:stop_points=2:runner_target_points=5:runner_stop_mode=initial,liquidity_sweep_absorption_reversal,short,1,2,5,initial,43048,11,11,7,4,4,0,0,0,4,0.36363636,-200,-827,-75.18181818,0,11,"two-contract post-signal scalp: one contract exits at first target, one runner uses selected stop mode and runner target"
1,signal_scaled_scalp:strategy=liquidity_sweep_absorption_reversal:direction=all:first_target_points=1:stop_points=2.5:runner_target_points=1.5:runner_stop_mode=breakeven,liquidity_sweep_absorption_reversal,all,1,2.5,1.5,breakeven,43048,23,23,10,13,12,1,0,0,12,0.52173913,-950,-2261,-98.30434783,12,11,"two-contract post-signal scalp: one contract exits at first target, one runner uses selected stop mode and runner target"
1,signal_scaled_scalp:strategy=liquidity_sweep_absorption_reversal:direction=long:first_target_points=1:stop_points=2.5:runner_target_points=1.5:runner_stop_mode=breakeven,liquidity_sweep_absorption_reversal,long,1,2.5,1.5,breakeven,43048,12,12,3,9,8,1,0,0,8,0.66666667,300,-384,-32,12,0,"two-contract post-signal scalp: one contract exits at first target, one runner uses selected stop mode and runner target"
1,signal_scaled_scalp:strategy=liquidity_sweep_absorption_reversal:direction=short:first_target_points=1:stop_points=2.5:runner_target_points=1.5:runner_stop_mode=breakeven,liquidity_sweep_absorption_reversal,short,1,2.5,1.5,breakeven,43048,11,11,7,4,4,0,0,0,4,0.36363636,-1250,-1877,-170.63636364,0,11,"two-contract post-signal scalp: one contract exits at first target, one runner uses selected stop mode and runner target"
1,signal_scaled_scalp:strategy=liquidity_sweep_absorption_reversal:direction=all:first_target_points=1:stop_points=2.5:runner_target_points=1.5:runner_stop_mode=initial,liquidity_sweep_absorption_reversal,all,1,2.5,1.5,initial,43048,23,23,10,13,12,1,0,0,12,0.52173913,-1075,-2386,-103.73913043,12,11,"two-contract post-signal scalp: one contract exits at first target, one runner uses selected stop mode and runner target"
1,signal_scaled_scalp:strategy=liquidity_sweep_absorption_reversal:direction=long:first_target_points=1:stop_points=2.5:runner_target_points=1.5:runner_stop_mode=initial,liquidity_sweep_absorption_reversal,long,1,2.5,1.5,initial,43048,12,12,3,9,8,1,0,0,8,0.66666667,175,-509,-42.41666667,12,0,"two-contract post-signal scalp: one contract exits at first target, one runner uses selected stop mode and runner target"
1,signal_scaled_scalp:strategy=liquidity_sweep_absorption_reversal:direction=short:first_target_points=1:stop_points=2.5:runner_target_points=1.5:runner_stop_mode=initial,liquidity_sweep_absorption_reversal,short,1,2.5,1.5,initial,43048,11,11,7,4,4,0,0,0,4,0.36363636,-1250,-1877,-170.63636364,0,11,"two-contract post-signal scalp: one contract exits at first target, one runner uses selected stop mode and runner target"
1,signal_scaled_scalp:strategy=liquidity_sweep_absorption_reversal:direction=all:first_target_points=1:stop_points=2.5:runner_target_points=2:runner_stop_mode=breakeven,liquidity_sweep_absorption_reversal,all,1,2.5,2,breakeven,43048,23,23,10,13,10,3,0,0,10,0.43478261,-850,-2161,-93.95652174,12,11,"two-contract post-signal scalp: one contract exits at first target, one runner uses selected stop mode and runner target"
1,signal_scaled_scalp:strategy=liquidity_sweep_absorption_reversal:direction=long:first_target_points=1:stop_points=2.5:runner_target_points=2:runner_stop_mode=breakeven,liquidity_sweep_absorption_reversal,long,1,2.5,2,breakeven,43048,12,12,3,9,6,3,0,0,6,0.5,300,-384,-32,12,0,"two-contract post-signal scalp: one contract exits at first target, one runner uses selected stop mode and runner target"
1,signal_scaled_scalp:strategy=liquidity_sweep_absorption_reversal:direction=short:first_target_points=1:stop_points=2.5:runner_target_points=2:runner_stop_mode=breakeven,liquidity_sweep_absorption_reversal,short,1,2.5,2,breakeven,43048,11,11,7,4,4,0,0,0,4,0.36363636,-1150,-1777,-161.54545455,0,11,"two-contract post-signal scalp: one contract exits at first target, one runner uses selected stop mode and runner target"
1,signal_scaled_scalp:strategy=liquidity_sweep_absorption_reversal:direction=all:first_target_points=1:stop_points=2.5:runner_target_points=2:runner_stop_mode=initial,liquidity_sweep_absorption_reversal,all,1,2.5,2,initial,43048,23,23,10,13,12,1,0,0,12,0.52173913,-775,-2086,-90.69565217,12,11,"two-contract post-signal scalp: one contract exits at first target, one runner uses selected stop mode and runner target"
1,signal_scaled_scalp:strategy=liquidity_sweep_absorption_reversal:direction=long:first_target_points=1:stop_points=2.5:runner_target_points=2:runner_stop_mode=initial,liquidity_sweep_absorption_reversal,long,1,2.5,2,initial,43048,12,12,3,9,8,1,0,0,8,0.66666667,375,-309,-25.75,12,0,"two-contract post-signal scalp: one contract exits at first target, one runner uses selected stop mode and runner target"
1,signal_scaled_scalp:strategy=liquidity_sweep_absorption_reversal:direction=short:first_target_points=1:stop_points=2.5:runner_target_points=2:runner_stop_mode=initial,liquidity_sweep_absorption_reversal,short,1,2.5,2,initial,43048,11,11,7,4,4,0,0,0,4,0.36363636,-1150,-1777,-161.54545455,0,11,"two-contract post-signal scalp: one contract exits at first target, one runner uses selected stop mode and runner target"
1,signal_scaled_scalp:strategy=liquidity_sweep_absorption_reversal:direction=all:first_target_points=1:stop_points=2.5:runner_target_points=2.5:runner_stop_mode=breakeven,liquidity_sweep_absorption_reversal,all,1,2.5,2.5,breakeven,43048,23,23,10,13,8,5,0,0,8,0.34782609,-850,-2161,-93.95652174,12,11,"two-contract post-signal scalp: one contract exits at first target, one runner uses selected stop mode and runner target"
1,signal_scaled_scalp:strategy=liquidity_sweep_absorption_reversal:direction=long:first_target_points=1:stop_points=2.5:runner_target_points=2.5:runner_stop_mode=breakeven,liquidity_sweep_absorption_reversal,long,1,2.5,2.5,breakeven,43048,12,12,3,9,4,5,0,0,4,0.33333333,200,-484,-40.33333333,12,0,"two-contract post-signal scalp: one contract exits at first target, one runner uses selected stop mode and runner target"
1,signal_scaled_scalp:strategy=liquidity_sweep_absorption_reversal:direction=short:first_target_points=1:stop_points=2.5:runner_target_points=2.5:runner_stop_mode=breakeven,liquidity_sweep_absorption_reversal,short,1,2.5,2.5,breakeven,43048,11,11,7,4,4,0,0,0,4,0.36363636,-1050,-1677,-152.45454545,0,11,"two-contract post-signal scalp: one contract exits at first target, one runner uses selected stop mode and runner target"
1,signal_scaled_scalp:strategy=liquidity_sweep_absorption_reversal:direction=all:first_target_points=1:stop_points=2.5:runner_target_points=2.5:runner_stop_mode=initial,liquidity_sweep_absorption_reversal,all,1,2.5,2.5,initial,43048,23,23,10,13,11,2,0,0,11,0.47826087,-725,-2036,-88.52173913,12,11,"two-contract post-signal scalp: one contract exits at first target, one runner uses selected stop mode and runner target"
1,signal_scaled_scalp:strategy=liquidity_sweep_absorption_reversal:direction=long:first_target_points=1:stop_points=2.5:runner_target_points=2.5:runner_stop_mode=initial,liquidity_sweep_absorption_reversal,long,1,2.5,2.5,initial,43048,12,12,3,9,7,2,0,0,7,0.58333333,325,-359,-29.91666667,12,0,"two-contract post-signal scalp: one contract exits at first target, one runner uses selected stop mode and runner target"
1,signal_scaled_scalp:strategy=liquidity_sweep_absorption_reversal:direction=short:first_target_points=1:stop_points=2.5:runner_target_points=2.5:runner_stop_mode=initial,liquidity_sweep_absorption_reversal,short,1,2.5,2.5,initial,43048,11,11,7,4,4,0,0,0,4,0.36363636,-1050,-1677,-152.45454545,0,11,"two-contract post-signal scalp: one contract exits at first target, one runner uses selected stop mode and runner target"
1,signal_scaled_scalp:strategy=liquidity_sweep_absorption_reversal:direction=all:first_target_points=1:stop_points=2.5:runner_target_points=3:runner_stop_mode=breakeven,liquidity_sweep_absorption_reversal,all,1,2.5,3,breakeven,43048,23,23,10,13,8,5,0,0,8,0.34782609,-650,-1961,-85.26086957,12,11,"two-contract post-signal scalp: one contract exits at first target, one runner uses selected stop mode and runner target"
1,signal_scaled_scalp:strategy=liquidity_sweep_absorption_reversal:direction=long:first_target_points=1:stop_points=2.5:runner_target_points=3:runner_stop_mode=breakeven,liquidity_sweep_absorption_reversal,long,1,2.5,3,breakeven,43048,12,12,3,9,4,5,0,0,4,0.33333333,300,-384,-32,12,0,"two-contract post-signal scalp: one contract exits at first target, one runner uses selected stop mode and runner target"
1,signal_scaled_scalp:strategy=liquidity_sweep_absorption_reversal:direction=short:first_target_points=1:stop_points=2.5:runner_target_points=3:runner_stop_mode=breakeven,liquidity_sweep_absorption_reversal,short,1,2.5,3,breakeven,43048,11,11,7,4,4,0,0,0,4,0.36363636,-950,-1577,-143.36363636,0,11,"two-contract post-signal scalp: one contract exits at first target, one runner uses selected stop mode and runner target"
1,signal_scaled_scalp:strategy=liquidity_sweep_absorption_reversal:direction=all:first_target_points=1:stop_points=2.5:runner_target_points=3:runner_stop_mode=initial,liquidity_sweep_absorption_reversal,all,1,2.5,3,initial,43048,23,23,10,13,11,2,0,0,11,0.47826087,-450,-1761,-76.56521739,12,11,"two-contract post-signal scalp: one contract exits at first target, one runner uses selected stop mode and runner target"
1,signal_scaled_scalp:strategy=liquidity_sweep_absorption_reversal:direction=long:first_target_points=1:stop_points=2.5:runner_target_points=3:runner_stop_mode=initial,liquidity_sweep_absorption_reversal,long,1,2.5,3,initial,43048,12,12,3,9,7,2,0,0,7,0.58333333,500,-184,-15.33333333,12,0,"two-contract post-signal scalp: one contract exits at first target, one runner uses selected stop mode and runner target"
1,signal_scaled_scalp:strategy=liquidity_sweep_absorption_reversal:direction=short:first_target_points=1:stop_points=2.5:runner_target_points=3:runner_stop_mode=initial,liquidity_sweep_absorption_reversal,short,1,2.5,3,initial,43048,11,11,7,4,4,0,0,0,4,0.36363636,-950,-1577,-143.36363636,0,11,"two-contract post-signal scalp: one contract exits at first target, one runner uses selected stop mode and runner target"
1,signal_scaled_scalp:strategy=liquidity_sweep_absorption_reversal:direction=all:first_target_points=1:stop_points=2.5:runner_target_points=4:runner_stop_mode=breakeven,liquidity_sweep_absorption_reversal,all,1,2.5,4,breakeven,43048,23,23,10,13,7,6,0,0,7,0.30434783,-450,-1761,-76.56521739,12,11,"two-contract post-signal scalp: one contract exits at first target, one runner uses selected stop mode and runner target"
1,signal_scaled_scalp:strategy=liquidity_sweep_absorption_reversal:direction=long:first_target_points=1:stop_points=2.5:runner_target_points=4:runner_stop_mode=breakeven,liquidity_sweep_absorption_reversal,long,1,2.5,4,breakeven,43048,12,12,3,9,3,6,0,0,3,0.25,300,-384,-32,12,0,"two-contract post-signal scalp: one contract exits at first target, one runner uses selected stop mode and runner target"
1,signal_scaled_scalp:strategy=liquidity_sweep_absorption_reversal:direction=short:first_target_points=1:stop_points=2.5:runner_target_points=4:runner_stop_mode=breakeven,liquidity_sweep_absorption_reversal,short,1,2.5,4,breakeven,43048,11,11,7,4,4,0,0,0,4,0.36363636,-750,-1377,-125.18181818,0,11,"two-contract post-signal scalp: one contract exits at first target, one runner uses selected stop mode and runner target"
1,signal_scaled_scalp:strategy=liquidity_sweep_absorption_reversal:direction=all:first_target_points=1:stop_points=2.5:runner_target_points=4:runner_stop_mode=initial,liquidity_sweep_absorption_reversal,all,1,2.5,4,initial,43048,23,23,10,13,10,3,0,0,10,0.43478261,-225,-1536,-66.7826087,12,11,"two-contract post-signal scalp: one contract exits at first target, one runner uses selected stop mode and runner target"
1,signal_scaled_scalp:strategy=liquidity_sweep_absorption_reversal:direction=long:first_target_points=1:stop_points=2.5:runner_target_points=4:runner_stop_mode=initial,liquidity_sweep_absorption_reversal,long,1,2.5,4,initial,43048,12,12,3,9,6,3,0,0,6,0.5,525,-159,-13.25,12,0,"two-contract post-signal scalp: one contract exits at first target, one runner uses selected stop mode and runner target"
1,signal_scaled_scalp:strategy=liquidity_sweep_absorption_reversal:direction=short:first_target_points=1:stop_points=2.5:runner_target_points=4:runner_stop_mode=initial,liquidity_sweep_absorption_reversal,short,1,2.5,4,initial,43048,11,11,7,4,4,0,0,0,4,0.36363636,-750,-1377,-125.18181818,0,11,"two-contract post-signal scalp: one contract exits at first target, one runner uses selected stop mode and runner target"
1,signal_scaled_scalp:strategy=liquidity_sweep_absorption_reversal:direction=all:first_target_points=1:stop_points=2.5:runner_target_points=5:runner_stop_mode=breakeven,liquidity_sweep_absorption_reversal,all,1,2.5,5,breakeven,43048,23,23,10,13,6,7,0,0,6,0.26086957,-350,-1661,-72.2173913,12,11,"two-contract post-signal scalp: one contract exits at first target, one runner uses selected stop mode and runner target"
1,signal_scaled_scalp:strategy=liquidity_sweep_absorption_reversal:direction=long:first_target_points=1:stop_points=2.5:runner_target_points=5:runner_stop_mode=breakeven,liquidity_sweep_absorption_reversal,long,1,2.5,5,breakeven,43048,12,12,3,9,3,6,0,0,3,0.25,450,-234,-19.5,12,0,"two-contract post-signal scalp: one contract exits at first target, one runner uses selected stop mode and runner target"
1,signal_scaled_scalp:strategy=liquidity_sweep_absorption_reversal:direction=short:first_target_points=1:stop_points=2.5:runner_target_points=5:runner_stop_mode=breakeven,liquidity_sweep_absorption_reversal,short,1,2.5,5,breakeven,43048,11,11,7,4,3,1,0,0,3,0.27272727,-800,-1427,-129.72727273,0,11,"two-contract post-signal scalp: one contract exits at first target, one runner uses selected stop mode and runner target"
1,signal_scaled_scalp:strategy=liquidity_sweep_absorption_reversal:direction=all:first_target_points=1:stop_points=2.5:runner_target_points=5:runner_stop_mode=initial,liquidity_sweep_absorption_reversal,all,1,2.5,5,initial,43048,23,23,10,13,10,3,0,0,10,0.43478261,275,-1036,-45.04347826,12,11,"two-contract post-signal scalp: one contract exits at first target, one runner uses selected stop mode and runner target"
1,signal_scaled_scalp:strategy=liquidity_sweep_absorption_reversal:direction=long:first_target_points=1:stop_points=2.5:runner_target_points=5:runner_stop_mode=initial,liquidity_sweep_absorption_reversal,long,1,2.5,5,initial,43048,12,12,3,9,6,3,0,0,6,0.5,825,141,11.75,12,0,"two-contract post-signal scalp: one contract exits at first target, one runner uses selected stop mode and runner target"
1,signal_scaled_scalp:strategy=liquidity_sweep_absorption_reversal:direction=short:first_target_points=1:stop_points=2.5:runner_target_points=5:runner_stop_mode=initial,liquidity_sweep_absorption_reversal,short,1,2.5,5,initial,43048,11,11,7,4,4,0,0,0,4,0.36363636,-550,-1177,-107,0,11,"two-contract post-signal scalp: one contract exits at first target, one runner uses selected stop mode and runner target"
1,signal_scaled_scalp:strategy=liquidity_sweep_absorption_reversal:direction=all:first_target_points=1:stop_points=3:runner_target_points=1.5:runner_stop_mode=breakeven,liquidity_sweep_absorption_reversal,all,1,3,1.5,breakeven,43048,23,23,10,13,12,1,0,0,12,0.52173913,-1450,-2761,-120.04347826,12,11,"two-contract post-signal scalp: one contract exits at first target, one runner uses selected stop mode and runner target"
1,signal_scaled_scalp:strategy=liquidity_sweep_absorption_reversal:direction=long:first_target_points=1:stop_points=3:runner_target_points=1.5:runner_stop_mode=breakeven,liquidity_sweep_absorption_reversal,long,1,3,1.5,breakeven,43048,12,12,3,9,8,1,0,0,8,0.66666667,150,-534,-44.5,12,0,"two-contract post-signal scalp: one contract exits at first target, one runner uses selected stop mode and runner target"
1,signal_scaled_scalp:strategy=liquidity_sweep_absorption_reversal:direction=short:first_target_points=1:stop_points=3:runner_target_points=1.5:runner_stop_mode=breakeven,liquidity_sweep_absorption_reversal,short,1,3,1.5,breakeven,43048,11,11,7,4,4,0,0,0,4,0.36363636,-1600,-2227,-202.45454545,0,11,"two-contract post-signal scalp: one contract exits at first target, one runner uses selected stop mode and runner target"
1,signal_scaled_scalp:strategy=liquidity_sweep_absorption_reversal:direction=all:first_target_points=1:stop_points=3:runner_target_points=1.5:runner_stop_mode=initial,liquidity_sweep_absorption_reversal,all,1,3,1.5,initial,43048,23,23,10,13,12,1,0,0,12,0.52173913,-1600,-2911,-126.56521739,12,11,"two-contract post-signal scalp: one contract exits at first target, one runner uses selected stop mode and runner target"
1,signal_scaled_scalp:strategy=liquidity_sweep_absorption_reversal:direction=long:first_target_points=1:stop_points=3:runner_target_points=1.5:runner_stop_mode=initial,liquidity_sweep_absorption_reversal,long,1,3,1.5,initial,43048,12,12,3,9,8,1,0,0,8,0.66666667,0,-684,-57,12,0,"two-contract post-signal scalp: one contract exits at first target, one runner uses selected stop mode and runner target"
1,signal_scaled_scalp:strategy=liquidity_sweep_absorption_reversal:direction=short:first_target_points=1:stop_points=3:runner_target_points=1.5:runner_stop_mode=initial,liquidity_sweep_absorption_reversal,short,1,3,1.5,initial,43048,11,11,7,4,4,0,0,0,4,0.36363636,-1600,-2227,-202.45454545,0,11,"two-contract post-signal scalp: one contract exits at first target, one runner uses selected stop mode and runner target"
1,signal_scaled_scalp:strategy=liquidity_sweep_absorption_reversal:direction=all:first_target_points=1:stop_points=3:runner_target_points=2:runner_stop_mode=breakeven,liquidity_sweep_absorption_reversal,all,1,3,2,breakeven,43048,23,23,10,13,10,3,0,0,10,0.43478261,-1350,-2661,-115.69565217,12,11,"two-contract post-signal scalp: one contract exits at first target, one runner uses selected stop mode and runner target"
1,signal_scaled_scalp:strategy=liquidity_sweep_absorption_reversal:direction=long:first_target_points=1:stop_points=3:runner_target_points=2:runner_stop_mode=breakeven,liquidity_sweep_absorption_reversal,long,1,3,2,breakeven,43048,12,12,3,9,6,3,0,0,6,0.5,150,-534,-44.5,12,0,"two-contract post-signal scalp: one contract exits at first target, one runner uses selected stop mode and runner target"
1,signal_scaled_scalp:strategy=liquidity_sweep_absorption_reversal:direction=short:first_target_points=1:stop_points=3:runner_target_points=2:runner_stop_mode=breakeven,liquidity_sweep_absorption_reversal,short,1,3,2,breakeven,43048,11,11,7,4,4,0,0,0,4,0.36363636,-1500,-2127,-193.36363636,0,11,"two-contract post-signal scalp: one contract exits at first target, one runner uses selected stop mode and runner target"
1,signal_scaled_scalp:strategy=liquidity_sweep_absorption_reversal:direction=all:first_target_points=1:stop_points=3:runner_target_points=2:runner_stop_mode=initial,liquidity_sweep_absorption_reversal,all,1,3,2,initial,43048,23,23,10,13,12,1,0,0,12,0.52173913,-1300,-2611,-113.52173913,12,11,"two-contract post-signal scalp: one contract exits at first target, one runner uses selected stop mode and runner target"
1,signal_scaled_scalp:strategy=liquidity_sweep_absorption_reversal:direction=long:first_target_points=1:stop_points=3:runner_target_points=2:runner_stop_mode=initial,liquidity_sweep_absorption_reversal,long,1,3,2,initial,43048,12,12,3,9,8,1,0,0,8,0.66666667,200,-484,-40.33333333,12,0,"two-contract post-signal scalp: one contract exits at first target, one runner uses selected stop mode and runner target"
1,signal_scaled_scalp:strategy=liquidity_sweep_absorption_reversal:direction=short:first_target_points=1:stop_points=3:runner_target_points=2:runner_stop_mode=initial,liquidity_sweep_absorption_reversal,short,1,3,2,initial,43048,11,11,7,4,4,0,0,0,4,0.36363636,-1500,-2127,-193.36363636,0,11,"two-contract post-signal scalp: one contract exits at first target, one runner uses selected stop mode and runner target"
1,signal_scaled_scalp:strategy=liquidity_sweep_absorption_reversal:direction=all:first_target_points=1:stop_points=3:runner_target_points=2.5:runner_stop_mode=breakeven,liquidity_sweep_absorption_reversal,all,1,3,2.5,breakeven,43048,23,23,10,13,8,5,0,0,8,0.34782609,-1350,-2661,-115.69565217,12,11,"two-contract post-signal scalp: one contract exits at first target, one runner uses selected stop mode and runner target"
1,signal_scaled_scalp:strategy=liquidity_sweep_absorption_reversal:direction=long:first_target_points=1:stop_points=3:runner_target_points=2.5:runner_stop_mode=breakeven,liquidity_sweep_absorption_reversal,long,1,3,2.5,breakeven,43048,12,12,3,9,4,5,0,0,4,0.33333333,50,-634,-52.83333333,12,0,"two-contract post-signal scalp: one contract exits at first target, one runner uses selected stop mode and runner target"
1,signal_scaled_scalp:strategy=liquidity_sweep_absorption_reversal:direction=short:first_target_points=1:stop_points=3:runner_target_points=2.5:runner_stop_mode=breakeven,liquidity_sweep_absorption_reversal,short,1,3,2.5,breakeven,43048,11,11,7,4,4,0,0,0,4,0.36363636,-1400,-2027,-184.27272727,0,11,"two-contract post-signal scalp: one contract exits at first target, one runner uses selected stop mode and runner target"
1,signal_scaled_scalp:strategy=liquidity_sweep_absorption_reversal:direction=all:first_target_points=1:stop_points=3:runner_target_points=2.5:runner_stop_mode=initial,liquidity_sweep_absorption_reversal,all,1,3,2.5,initial,43048,23,23,10,13,11,2,0,0,11,0.47826087,-1275,-2586,-112.43478261,12,11,"two-contract post-signal scalp: one contract exits at first target, one runner uses selected stop mode and runner target"
1,signal_scaled_scalp:strategy=liquidity_sweep_absorption_reversal:direction=long:first_target_points=1:stop_points=3:runner_target_points=2.5:runner_stop_mode=initial,liquidity_sweep_absorption_reversal,long,1,3,2.5,initial,43048,12,12,3,9,7,2,0,0,7,0.58333333,125,-559,-46.58333333,12,0,"two-contract post-signal scalp: one contract exits at first target, one runner uses selected stop mode and runner target"
1,signal_scaled_scalp:strategy=liquidity_sweep_absorption_reversal:direction=short:first_target_points=1:stop_points=3:runner_target_points=2.5:runner_stop_mode=initial,liquidity_sweep_absorption_reversal,short,1,3,2.5,initial,43048,11,11,7,4,4,0,0,0,4,0.36363636,-1400,-2027,-184.27272727,0,11,"two-contract post-signal scalp: one contract exits at first target, one runner uses selected stop mode and runner target"
1,signal_scaled_scalp:strategy=liquidity_sweep_absorption_reversal:direction=all:first_target_points=1:stop_points=3:runner_target_points=3:runner_stop_mode=breakeven,liquidity_sweep_absorption_reversal,all,1,3,3,breakeven,43048,23,23,10,13,8,5,0,0,8,0.34782609,-1150,-2461,-107,12,11,"two-contract post-signal scalp: one contract exits at first target, one runner uses selected stop mode and runner target"
1,signal_scaled_scalp:strategy=liquidity_sweep_absorption_reversal:direction=long:first_target_points=1:stop_points=3:runner_target_points=3:runner_stop_mode=breakeven,liquidity_sweep_absorption_reversal,long,1,3,3,breakeven,43048,12,12,3,9,4,5,0,0,4,0.33333333,150,-534,-44.5,12,0,"two-contract post-signal scalp: one contract exits at first target, one runner uses selected stop mode and runner target"
1,signal_scaled_scalp:strategy=liquidity_sweep_absorption_reversal:direction=short:first_target_points=1:stop_points=3:runner_target_points=3:runner_stop_mode=breakeven,liquidity_sweep_absorption_reversal,short,1,3,3,breakeven,43048,11,11,7,4,4,0,0,0,4,0.36363636,-1300,-1927,-175.18181818,0,11,"two-contract post-signal scalp: one contract exits at first target, one runner uses selected stop mode and runner target"
1,signal_scaled_scalp:strategy=liquidity_sweep_absorption_reversal:direction=all:first_target_points=1:stop_points=3:runner_target_points=3:runner_stop_mode=initial,liquidity_sweep_absorption_reversal,all,1,3,3,initial,43048,23,23,10,13,11,2,0,0,11,0.47826087,-1000,-2311,-100.47826087,12,11,"two-contract post-signal scalp: one contract exits at first target, one runner uses selected stop mode and runner target"
1,signal_scaled_scalp:strategy=liquidity_sweep_absorption_reversal:direction=long:first_target_points=1:stop_points=3:runner_target_points=3:runner_stop_mode=initial,liquidity_sweep_absorption_reversal,long,1,3,3,initial,43048,12,12,3,9,7,2,0,0,7,0.58333333,300,-384,-32,12,0,"two-contract post-signal scalp: one contract exits at first target, one runner uses selected stop mode and runner target"
1,signal_scaled_scalp:strategy=liquidity_sweep_absorption_reversal:direction=short:first_target_points=1:stop_points=3:runner_target_points=3:runner_stop_mode=initial,liquidity_sweep_absorption_reversal,short,1,3,3,initial,43048,11,11,7,4,4,0,0,0,4,0.36363636,-1300,-1927,-175.18181818,0,11,"two-contract post-signal scalp: one contract exits at first target, one runner uses selected stop mode and runner target"
1,signal_scaled_scalp:strategy=liquidity_sweep_absorption_reversal:direction=all:first_target_points=1:stop_points=3:runner_target_points=4:runner_stop_mode=breakeven,liquidity_sweep_absorption_reversal,all,1,3,4,breakeven,43048,23,23,10,13,7,6,0,0,7,0.30434783,-950,-2261,-98.30434783,12,11,"two-contract post-signal scalp: one contract exits at first target, one runner uses selected stop mode and runner target"
1,signal_scaled_scalp:strategy=liquidity_sweep_absorption_reversal:direction=long:first_target_points=1:stop_points=3:runner_target_points=4:runner_stop_mode=breakeven,liquidity_sweep_absorption_reversal,long,1,3,4,breakeven,43048,12,12,3,9,3,6,0,0,3,0.25,150,-534,-44.5,12,0,"two-contract post-signal scalp: one contract exits at first target, one runner uses selected stop mode and runner target"
1,signal_scaled_scalp:strategy=liquidity_sweep_absorption_reversal:direction=short:first_target_points=1:stop_points=3:runner_target_points=4:runner_stop_mode=breakeven,liquidity_sweep_absorption_reversal,short,1,3,4,breakeven,43048,11,11,7,4,4,0,0,0,4,0.36363636,-1100,-1727,-157,0,11,"two-contract post-signal scalp: one contract exits at first target, one runner uses selected stop mode and runner target"
1,signal_scaled_scalp:strategy=liquidity_sweep_absorption_reversal:direction=all:first_target_points=1:stop_points=3:runner_target_points=4:runner_stop_mode=initial,liquidity_sweep_absorption_reversal,all,1,3,4,initial,43048,23,23,10,13,10,3,0,0,10,0.43478261,-800,-2111,-91.7826087,12,11,"two-contract post-signal scalp: one contract exits at first target, one runner uses selected stop mode and runner target"
1,signal_scaled_scalp:strategy=liquidity_sweep_absorption_reversal:direction=long:first_target_points=1:stop_points=3:runner_target_points=4:runner_stop_mode=initial,liquidity_sweep_absorption_reversal,long,1,3,4,initial,43048,12,12,3,9,6,3,0,0,6,0.5,300,-384,-32,12,0,"two-contract post-signal scalp: one contract exits at first target, one runner uses selected stop mode and runner target"
1,signal_scaled_scalp:strategy=liquidity_sweep_absorption_reversal:direction=short:first_target_points=1:stop_points=3:runner_target_points=4:runner_stop_mode=initial,liquidity_sweep_absorption_reversal,short,1,3,4,initial,43048,11,11,7,4,4,0,0,0,4,0.36363636,-1100,-1727,-157,0,11,"two-contract post-signal scalp: one contract exits at first target, one runner uses selected stop mode and runner target"
1,signal_scaled_scalp:strategy=liquidity_sweep_absorption_reversal:direction=all:first_target_points=1:stop_points=3:runner_target_points=5:runner_stop_mode=breakeven,liquidity_sweep_absorption_reversal,all,1,3,5,breakeven,43048,23,23,10,13,6,7,0,0,6,0.26086957,-850,-2161,-93.95652174,12,11,"two-contract post-signal scalp: one contract exits at first target, one runner uses selected stop mode and runner target"
1,signal_scaled_scalp:strategy=liquidity_sweep_absorption_reversal:direction=long:first_target_points=1:stop_points=3:runner_target_points=5:runner_stop_mode=breakeven,liquidity_sweep_absorption_reversal,long,1,3,5,breakeven,43048,12,12,3,9,3,6,0,0,3,0.25,300,-384,-32,12,0,"two-contract post-signal scalp: one contract exits at first target, one runner uses selected stop mode and runner target"
1,signal_scaled_scalp:strategy=liquidity_sweep_absorption_reversal:direction=short:first_target_points=1:stop_points=3:runner_target_points=5:runner_stop_mode=breakeven,liquidity_sweep_absorption_reversal,short,1,3,5,breakeven,43048,11,11,7,4,3,1,0,0,3,0.27272727,-1150,-1777,-161.54545455,0,11,"two-contract post-signal scalp: one contract exits at first target, one runner uses selected stop mode and runner target"
1,signal_scaled_scalp:strategy=liquidity_sweep_absorption_reversal:direction=all:first_target_points=1:stop_points=3:runner_target_points=5:runner_stop_mode=initial,liquidity_sweep_absorption_reversal,all,1,3,5,initial,43048,23,23,10,13,10,3,0,0,10,0.43478261,-300,-1611,-70.04347826,12,11,"two-contract post-signal scalp: one contract exits at first target, one runner uses selected stop mode and runner target"
1,signal_scaled_scalp:strategy=liquidity_sweep_absorption_reversal:direction=long:first_target_points=1:stop_points=3:runner_target_points=5:runner_stop_mode=initial,liquidity_sweep_absorption_reversal,long,1,3,5,initial,43048,12,12,3,9,6,3,0,0,6,0.5,600,-84,-7,12,0,"two-contract post-signal scalp: one contract exits at first target, one runner uses selected stop mode and runner target"
1,signal_scaled_scalp:strategy=liquidity_sweep_absorption_reversal:direction=short:first_target_points=1:stop_points=3:runner_target_points=5:runner_stop_mode=initial,liquidity_sweep_absorption_reversal,short,1,3,5,initial,43048,11,11,7,4,4,0,0,0,4,0.36363636,-900,-1527,-138.81818182,0,11,"two-contract post-signal scalp: one contract exits at first target, one runner uses selected stop mode and runner target"
1,signal_scaled_scalp:strategy=liquidity_sweep_absorption_reversal:direction=all:first_target_points=1.25:stop_points=1.5:runner_target_points=1.5:runner_stop_mode=breakeven,liquidity_sweep_absorption_reversal,all,1.25,1.5,1.5,breakeven,43048,23,23,13,10,10,0,0,0,10,0.43478261,-575,-1886,-82,12,11,"two-contract post-signal scalp: one contract exits at first target, one runner uses selected stop mode and runner target"
1,signal_scaled_scalp:strategy=liquidity_sweep_absorption_reversal:direction=long:first_target_points=1.25:stop_points=1.5:runner_target_points=1.5:runner_stop_mode=breakeven,liquidity_sweep_absorption_reversal,long,1.25,1.5,1.5,breakeven,43048,12,12,6,6,6,0,0,0,6,0.5,-75,-759,-63.25,12,0,"two-contract post-signal scalp: one contract exits at first target, one runner uses selected stop mode and runner target"
1,signal_scaled_scalp:strategy=liquidity_sweep_absorption_reversal:direction=short:first_target_points=1.25:stop_points=1.5:runner_target_points=1.5:runner_stop_mode=breakeven,liquidity_sweep_absorption_reversal,short,1.25,1.5,1.5,breakeven,43048,11,11,7,4,4,0,0,0,4,0.36363636,-500,-1127,-102.45454545,0,11,"two-contract post-signal scalp: one contract exits at first target, one runner uses selected stop mode and runner target"
1,signal_scaled_scalp:strategy=liquidity_sweep_absorption_reversal:direction=all:first_target_points=1.25:stop_points=1.5:runner_target_points=1.5:runner_stop_mode=initial,liquidity_sweep_absorption_reversal,all,1.25,1.5,1.5,initial,43048,23,23,13,10,10,0,0,0,10,0.43478261,-575,-1886,-82,12,11,"two-contract post-signal scalp: one contract exits at first target, one runner uses selected stop mode and runner target"
1,signal_scaled_scalp:strategy=liquidity_sweep_absorption_reversal:direction=long:first_target_points=1.25:stop_points=1.5:runner_target_points=1.5:runner_stop_mode=initial,liquidity_sweep_absorption_reversal,long,1.25,1.5,1.5,initial,43048,12,12,6,6,6,0,0,0,6,0.5,-75,-759,-63.25,12,0,"two-contract post-signal scalp: one contract exits at first target, one runner uses selected stop mode and runner target"
1,signal_scaled_scalp:strategy=liquidity_sweep_absorption_reversal:direction=short:first_target_points=1.25:stop_points=1.5:runner_target_points=1.5:runner_stop_mode=initial,liquidity_sweep_absorption_reversal,short,1.25,1.5,1.5,initial,43048,11,11,7,4,4,0,0,0,4,0.36363636,-500,-1127,-102.45454545,0,11,"two-contract post-signal scalp: one contract exits at first target, one runner uses selected stop mode and runner target"
1,signal_scaled_scalp:strategy=liquidity_sweep_absorption_reversal:direction=all:first_target_points=1.25:stop_points=1.5:runner_target_points=2:runner_stop_mode=breakeven,liquidity_sweep_absorption_reversal,all,1.25,1.5,2,breakeven,43048,23,23,13,10,8,2,0,0,10,0.43478261,-525,-1836,-79.82608696,12,11,"two-contract post-signal scalp: one contract exits at first target, one runner uses selected stop mode and runner target"
1,signal_scaled_scalp:strategy=liquidity_sweep_absorption_reversal:direction=long:first_target_points=1.25:stop_points=1.5:runner_target_points=2:runner_stop_mode=breakeven,liquidity_sweep_absorption_reversal,long,1.25,1.5,2,breakeven,43048,12,12,6,6,4,2,0,0,6,0.5,-125,-809,-67.41666667,12,0,"two-contract post-signal scalp: one contract exits at first target, one runner uses selected stop mode and runner target"
1,signal_scaled_scalp:strategy=liquidity_sweep_absorption_reversal:direction=short:first_target_points=1.25:stop_points=1.5:runner_target_points=2:runner_stop_mode=breakeven,liquidity_sweep_absorption_reversal,short,1.25,1.5,2,breakeven,43048,11,11,7,4,4,0,0,0,4,0.36363636,-400,-1027,-93.36363636,0,11,"two-contract post-signal scalp: one contract exits at first target, one runner uses selected stop mode and runner target"
1,signal_scaled_scalp:strategy=liquidity_sweep_absorption_reversal:direction=all:first_target_points=1.25:stop_points=1.5:runner_target_points=2:runner_stop_mode=initial,liquidity_sweep_absorption_reversal,all,1.25,1.5,2,initial,43048,23,23,13,10,10,0,0,0,10,0.43478261,-325,-1636,-71.13043478,12,11,"two-contract post-signal scalp: one contract exits at first target, one runner uses selected stop mode and runner target"
1,signal_scaled_scalp:strategy=liquidity_sweep_absorption_reversal:direction=long:first_target_points=1.25:stop_points=1.5:runner_target_points=2:runner_stop_mode=initial,liquidity_sweep_absorption_reversal,long,1.25,1.5,2,initial,43048,12,12,6,6,6,0,0,0,6,0.5,75,-609,-50.75,12,0,"two-contract post-signal scalp: one contract exits at first target, one runner uses selected stop mode and runner target"
1,signal_scaled_scalp:strategy=liquidity_sweep_absorption_reversal:direction=short:first_target_points=1.25:stop_points=1.5:runner_target_points=2:runner_stop_mode=initial,liquidity_sweep_absorption_reversal,short,1.25,1.5,2,initial,43048,11,11,7,4,4,0,0,0,4,0.36363636,-400,-1027,-93.36363636,0,11,"two-contract post-signal scalp: one contract exits at first target, one runner uses selected stop mode and runner target"
1,signal_scaled_scalp:strategy=liquidity_sweep_absorption_reversal:direction=all:first_target_points=1.25:stop_points=1.5:runner_target_points=2.5:runner_stop_mode=breakeven,liquidity_sweep_absorption_reversal,all,1.25,1.5,2.5,breakeven,43048,23,23,13,10,6,4,0,0,10,0.43478261,-575,-1886,-82,12,11,"two-contract post-signal scalp: one contract exits at first target, one runner uses selected stop mode and runner target"
1,signal_scaled_scalp:strategy=liquidity_sweep_absorption_reversal:direction=long:first_target_points=1.25:stop_points=1.5:runner_target_points=2.5:runner_stop_mode=breakeven,liquidity_sweep_absorption_reversal,long,1.25,1.5,2.5,breakeven,43048,12,12,6,6,2,4,0,0,6,0.5,-275,-959,-79.91666667,12,0,"two-contract post-signal scalp: one contract exits at first target, one runner uses selected stop mode and runner target"
1,signal_scaled_scalp:strategy=liquidity_sweep_absorption_reversal:direction=short:first_target_points=1.25:stop_points=1.5:runner_target_points=2.5:runner_stop_mode=breakeven,liquidity_sweep_absorption_reversal,short,1.25,1.5,2.5,breakeven,43048,11,11,7,4,4,0,0,0,4,0.36363636,-300,-927,-84.27272727,0,11,"two-contract post-signal scalp: one contract exits at first target, one runner uses selected stop mode and runner target"
1,signal_scaled_scalp:strategy=liquidity_sweep_absorption_reversal:direction=all:first_target_points=1.25:stop_points=1.5:runner_target_points=2.5:runner_stop_mode=initial,liquidity_sweep_absorption_reversal,all,1.25,1.5,2.5,initial,43048,23,23,13,10,9,1,0,0,9,0.39130435,-275,-1586,-68.95652174,12,11,"two-contract post-signal scalp: one contract exits at first target, one runner uses selected stop mode and runner target"
1,signal_scaled_scalp:strategy=liquidity_sweep_absorption_reversal:direction=long:first_target_points=1.25:stop_points=1.5:runner_target_points=2.5:runner_stop_mode=initial,liquidity_sweep_absorption_reversal,long,1.25,1.5,2.5,initial,43048,12,12,6,6,5,1,0,0,5,0.41666667,25,-659,-54.91666667,12,0,"two-contract post-signal scalp: one contract exits at first target, one runner uses selected stop mode and runner target"
1,signal_scaled_scalp:strategy=liquidity_sweep_absorption_reversal:direction=short:first_target_points=1.25:stop_points=1.5:runner_target_points=2.5:runner_stop_mode=initial,liquidity_sweep_absorption_reversal,short,1.25,1.5,2.5,initial,43048,11,11,7,4,4,0,0,0,4,0.36363636,-300,-927,-84.27272727,0,11,"two-contract post-signal scalp: one contract exits at first target, one runner uses selected stop mode and runner target"
1,signal_scaled_scalp:strategy=liquidity_sweep_absorption_reversal:direction=all:first_target_points=1.25:stop_points=1.5:runner_target_points=3:runner_stop_mode=breakeven,liquidity_sweep_absorption_reversal,all,1.25,1.5,3,breakeven,43048,23,23,13,10,6,4,0,0,10,0.43478261,-425,-1736,-75.47826087,12,11,"two-contract post-signal scalp: one contract exits at first target, one runner uses selected stop mode and runner target"
1,signal_scaled_scalp:strategy=liquidity_sweep_absorption_reversal:direction=long:first_target_points=1.25:stop_points=1.5:runner_target_points=3:runner_stop_mode=breakeven,liquidity_sweep_absorption_reversal,long,1.25,1.5,3,breakeven,43048,12,12,6,6,2,4,0,0,6,0.5,-225,-909,-75.75,12,0,"two-contract post-signal scalp: one contract exits at first target, one runner uses selected stop mode and runner target"
1,signal_scaled_scalp:strategy=liquidity_sweep_absorption_reversal:direction=short:first_target_points=1.25:stop_points=1.5:runner_target_points=3:runner_stop_mode=breakeven,liquidity_sweep_absorption_reversal,short,1.25,1.5,3,breakeven,43048,11,11,7,4,4,0,0,0,4,0.36363636,-200,-827,-75.18181818,0,11,"two-contract post-signal scalp: one contract exits at first target, one runner uses selected stop mode and runner target"
1,signal_scaled_scalp:strategy=liquidity_sweep_absorption_reversal:direction=all:first_target_points=1.25:stop_points=1.5:runner_target_points=3:runner_stop_mode=initial,liquidity_sweep_absorption_reversal,all,1.25,1.5,3,initial,43048,23,23,13,10,9,1,0,0,9,0.39130435,-50,-1361,-59.17391304,12,11,"two-contract post-signal scalp: one contract exits at first target, one runner uses selected stop mode and runner target"
1,signal_scaled_scalp:strategy=liquidity_sweep_absorption_reversal:direction=long:first_target_points=1.25:stop_points=1.5:runner_target_points=3:runner_stop_mode=initial,liquidity_sweep_absorption_reversal,long,1.25,1.5,3,initial,43048,12,12,6,6,5,1,0,0,5,0.41666667,150,-534,-44.5,12,0,"two-contract post-signal scalp: one contract exits at first target, one runner uses selected stop mode and runner target"
1,signal_scaled_scalp:strategy=liquidity_sweep_absorption_reversal:direction=short:first_target_points=1.25:stop_points=1.5:runner_target_points=3:runner_stop_mode=initial,liquidity_sweep_absorption_reversal,short,1.25,1.5,3,initial,43048,11,11,7,4,4,0,0,0,4,0.36363636,-200,-827,-75.18181818,0,11,"two-contract post-signal scalp: one contract exits at first target, one runner uses selected stop mode and runner target"
1,signal_scaled_scalp:strategy=liquidity_sweep_absorption_reversal:direction=all:first_target_points=1.25:stop_points=1.5:runner_target_points=4:runner_stop_mode=breakeven,liquidity_sweep_absorption_reversal,all,1.25,1.5,4,breakeven,43048,23,23,13,10,6,4,0,0,10,0.43478261,-125,-1436,-62.43478261,12,11,"two-contract post-signal scalp: one contract exits at first target, one runner uses selected stop mode and runner target"
1,signal_scaled_scalp:strategy=liquidity_sweep_absorption_reversal:direction=long:first_target_points=1.25:stop_points=1.5:runner_target_points=4:runner_stop_mode=breakeven,liquidity_sweep_absorption_reversal,long,1.25,1.5,4,breakeven,43048,12,12,6,6,2,4,0,0,6,0.5,-125,-809,-67.41666667,12,0,"two-contract post-signal scalp: one contract exits at first target, one runner uses selected stop mode and runner target"
1,signal_scaled_scalp:strategy=liquidity_sweep_absorption_reversal:direction=short:first_target_points=1.25:stop_points=1.5:runner_target_points=4:runner_stop_mode=breakeven,liquidity_sweep_absorption_reversal,short,1.25,1.5,4,breakeven,43048,11,11,7,4,4,0,0,0,4,0.36363636,0,-627,-57,0,11,"two-contract post-signal scalp: one contract exits at first target, one runner uses selected stop mode and runner target"
1,signal_scaled_scalp:strategy=liquidity_sweep_absorption_reversal:direction=all:first_target_points=1.25:stop_points=1.5:runner_target_points=4:runner_stop_mode=initial,liquidity_sweep_absorption_reversal,all,1.25,1.5,4,initial,43048,23,23,13,10,9,1,0,0,9,0.39130435,400,-911,-39.60869565,12,11,"two-contract post-signal scalp: one contract exits at first target, one runner uses selected stop mode and runner target"
1,signal_scaled_scalp:strategy=liquidity_sweep_absorption_reversal:direction=long:first_target_points=1.25:stop_points=1.5:runner_target_points=4:runner_stop_mode=initial,liquidity_sweep_absorption_reversal,long,1.25,1.5,4,initial,43048,12,12,6,6,5,1,0,0,5,0.41666667,400,-284,-23.66666667,12,0,"two-contract post-signal scalp: one contract exits at first target, one runner uses selected stop mode and runner target"
1,signal_scaled_scalp:strategy=liquidity_sweep_absorption_reversal:direction=short:first_target_points=1.25:stop_points=1.5:runner_target_points=4:runner_stop_mode=initial,liquidity_sweep_absorption_reversal,short,1.25,1.5,4,initial,43048,11,11,7,4,4,0,0,0,4,0.36363636,0,-627,-57,0,11,"two-contract post-signal scalp: one contract exits at first target, one runner uses selected stop mode and runner target"
1,signal_scaled_scalp:strategy=liquidity_sweep_absorption_reversal:direction=all:first_target_points=1.25:stop_points=1.5:runner_target_points=5:runner_stop_mode=breakeven,liquidity_sweep_absorption_reversal,all,1.25,1.5,5,breakeven,43048,23,23,13,10,5,5,0,0,10,0.43478261,-75,-1386,-60.26086957,12,11,"two-contract post-signal scalp: one contract exits at first target, one runner uses selected stop mode and runner target"
1,signal_scaled_scalp:strategy=liquidity_sweep_absorption_reversal:direction=long:first_target_points=1.25:stop_points=1.5:runner_target_points=5:runner_stop_mode=breakeven,liquidity_sweep_absorption_reversal,long,1.25,1.5,5,breakeven,43048,12,12,6,6,2,4,0,0,6,0.5,-25,-709,-59.08333333,12,0,"two-contract post-signal scalp: one contract exits at first target, one runner uses selected stop mode and runner target"
1,signal_scaled_scalp:strategy=liquidity_sweep_absorption_reversal:direction=short:first_target_points=1.25:stop_points=1.5:runner_target_points=5:runner_stop_mode=breakeven,liquidity_sweep_absorption_reversal,short,1.25,1.5,5,breakeven,43048,11,11,7,4,3,1,0,0,4,0.36363636,-50,-677,-61.54545455,0,11,"two-contract post-signal scalp: one contract exits at first target, one runner uses selected stop mode and runner target"
1,signal_scaled_scalp:strategy=liquidity_sweep_absorption_reversal:direction=all:first_target_points=1.25:stop_points=1.5:runner_target_points=5:runner_stop_mode=initial,liquidity_sweep_absorption_reversal,all,1.25,1.5,5,initial,43048,23,23,13,10,9,1,0,0,9,0.39130435,850,-461,-20.04347826,12,11,"two-contract post-signal scalp: one contract exits at first target, one runner uses selected stop mode and runner target"
1,signal_scaled_scalp:strategy=liquidity_sweep_absorption_reversal:direction=long:first_target_points=1.25:stop_points=1.5:runner_target_points=5:runner_stop_mode=initial,liquidity_sweep_absorption_reversal,long,1.25,1.5,5,initial,43048,12,12,6,6,5,1,0,0,5,0.41666667,650,-34,-2.83333333,12,0,"two-contract post-signal scalp: one contract exits at first target, one runner uses selected stop mode and runner target"
1,signal_scaled_scalp:strategy=liquidity_sweep_absorption_reversal:direction=short:first_target_points=1.25:stop_points=1.5:runner_target_points=5:runner_stop_mode=initial,liquidity_sweep_absorption_reversal,short,1.25,1.5,5,initial,43048,11,11,7,4,4,0,0,0,4,0.36363636,200,-427,-38.81818182,0,11,"two-contract post-signal scalp: one contract exits at first target, one runner uses selected stop mode and runner target"
1,signal_scaled_scalp:strategy=liquidity_sweep_absorption_reversal:direction=all:first_target_points=1.25:stop_points=2:runner_target_points=1.5:runner_stop_mode=breakeven,liquidity_sweep_absorption_reversal,all,1.25,2,1.5,breakeven,43048,23,23,13,10,10,0,0,0,10,0.43478261,-1225,-2536,-110.26086957,12,11,"two-contract post-signal scalp: one contract exits at first target, one runner uses selected stop mode and runner target"
1,signal_scaled_scalp:strategy=liquidity_sweep_absorption_reversal:direction=long:first_target_points=1.25:stop_points=2:runner_target_points=1.5:runner_stop_mode=breakeven,liquidity_sweep_absorption_reversal,long,1.25,2,1.5,breakeven,43048,12,12,6,6,6,0,0,0,6,0.5,-375,-1059,-88.25,12,0,"two-contract post-signal scalp: one contract exits at first target, one runner uses selected stop mode and runner target"
1,signal_scaled_scalp:strategy=liquidity_sweep_absorption_reversal:direction=short:first_target_points=1.25:stop_points=2:runner_target_points=1.5:runner_stop_mode=breakeven,liquidity_sweep_absorption_reversal,short,1.25,2,1.5,breakeven,43048,11,11,7,4,4,0,0,0,4,0.36363636,-850,-1477,-134.27272727,0,11,"two-contract post-signal scalp: one contract exits at first target, one runner uses selected stop mode and runner target"
1,signal_scaled_scalp:strategy=liquidity_sweep_absorption_reversal:direction=all:first_target_points=1.25:stop_points=2:runner_target_points=1.5:runner_stop_mode=initial,liquidity_sweep_absorption_reversal,all,1.25,2,1.5,initial,43048,23,23,13,10,10,0,0,0,10,0.43478261,-1225,-2536,-110.26086957,12,11,"two-contract post-signal scalp: one contract exits at first target, one runner uses selected stop mode and runner target"
1,signal_scaled_scalp:strategy=liquidity_sweep_absorption_reversal:direction=long:first_target_points=1.25:stop_points=2:runner_target_points=1.5:runner_stop_mode=initial,liquidity_sweep_absorption_reversal,long,1.25,2,1.5,initial,43048,12,12,6,6,6,0,0,0,6,0.5,-375,-1059,-88.25,12,0,"two-contract post-signal scalp: one contract exits at first target, one runner uses selected stop mode and runner target"
1,signal_scaled_scalp:strategy=liquidity_sweep_absorption_reversal:direction=short:first_target_points=1.25:stop_points=2:runner_target_points=1.5:runner_stop_mode=initial,liquidity_sweep_absorption_reversal,short,1.25,2,1.5,initial,43048,11,11,7,4,4,0,0,0,4,0.36363636,-850,-1477,-134.27272727,0,11,"two-contract post-signal scalp: one contract exits at first target, one runner uses selected stop mode and runner target"
1,signal_scaled_scalp:strategy=liquidity_sweep_absorption_reversal:direction=all:first_target_points=1.25:stop_points=2:runner_target_points=2:runner_stop_mode=breakeven,liquidity_sweep_absorption_reversal,all,1.25,2,2,breakeven,43048,23,23,13,10,8,2,0,0,10,0.43478261,-1175,-2486,-108.08695652,12,11,"two-contract post-signal scalp: one contract exits at first target, one runner uses selected stop mode and runner target"
1,signal_scaled_scalp:strategy=liquidity_sweep_absorption_reversal:direction=long:first_target_points=1.25:stop_points=2:runner_target_points=2:runner_stop_mode=breakeven,liquidity_sweep_absorption_reversal,long,1.25,2,2,breakeven,43048,12,12,6,6,4,2,0,0,6,0.5,-425,-1109,-92.41666667,12,0,"two-contract post-signal scalp: one contract exits at first target, one runner uses selected stop mode and runner target"
1,signal_scaled_scalp:strategy=liquidity_sweep_absorption_reversal:direction=short:first_target_points=1.25:stop_points=2:runner_target_points=2:runner_stop_mode=breakeven,liquidity_sweep_absorption_reversal,short,1.25,2,2,breakeven,43048,11,11,7,4,4,0,0,0,4,0.36363636,-750,-1377,-125.18181818,0,11,"two-contract post-signal scalp: one contract exits at first target, one runner uses selected stop mode and runner target"
1,signal_scaled_scalp:strategy=liquidity_sweep_absorption_reversal:direction=all:first_target_points=1.25:stop_points=2:runner_target_points=2:runner_stop_mode=initial,liquidity_sweep_absorption_reversal,all,1.25,2,2,initial,43048,23,23,13,10,10,0,0,0,10,0.43478261,-975,-2286,-99.39130435,12,11,"two-contract post-signal scalp: one contract exits at first target, one runner uses selected stop mode and runner target"
1,signal_scaled_scalp:strategy=liquidity_sweep_absorption_reversal:direction=long:first_target_points=1.25:stop_points=2:runner_target_points=2:runner_stop_mode=initial,liquidity_sweep_absorption_reversal,long,1.25,2,2,initial,43048,12,12,6,6,6,0,0,0,6,0.5,-225,-909,-75.75,12,0,"two-contract post-signal scalp: one contract exits at first target, one runner uses selected stop mode and runner target"
1,signal_scaled_scalp:strategy=liquidity_sweep_absorption_reversal:direction=short:first_target_points=1.25:stop_points=2:runner_target_points=2:runner_stop_mode=initial,liquidity_sweep_absorption_reversal,short,1.25,2,2,initial,43048,11,11,7,4,4,0,0,0,4,0.36363636,-750,-1377,-125.18181818,0,11,"two-contract post-signal scalp: one contract exits at first target, one runner uses selected stop mode and runner target"
1,signal_scaled_scalp:strategy=liquidity_sweep_absorption_reversal:direction=all:first_target_points=1.25:stop_points=2:runner_target_points=2.5:runner_stop_mode=breakeven,liquidity_sweep_absorption_reversal,all,1.25,2,2.5,breakeven,43048,23,23,13,10,6,4,0,0,10,0.43478261,-1225,-2536,-110.26086957,12,11,"two-contract post-signal scalp: one contract exits at first target, one runner uses selected stop mode and runner target"
1,signal_scaled_scalp:strategy=liquidity_sweep_absorption_reversal:direction=long:first_target_points=1.25:stop_points=2:runner_target_points=2.5:runner_stop_mode=breakeven,liquidity_sweep_absorption_reversal,long,1.25,2,2.5,breakeven,43048,12,12,6,6,2,4,0,0,6,0.5,-575,-1259,-104.91666667,12,0,"two-contract post-signal scalp: one contract exits at first target, one runner uses selected stop mode and runner target"
1,signal_scaled_scalp:strategy=liquidity_sweep_absorption_reversal:direction=short:first_target_points=1.25:stop_points=2:runner_target_points=2.5:runner_stop_mode=breakeven,liquidity_sweep_absorption_reversal,short,1.25,2,2.5,breakeven,43048,11,11,7,4,4,0,0,0,4,0.36363636,-650,-1277,-116.09090909,0,11,"two-contract post-signal scalp: one contract exits at first target, one runner uses selected stop mode and runner target"
1,signal_scaled_scalp:strategy=liquidity_sweep_absorption_reversal:direction=all:first_target_points=1.25:stop_points=2:runner_target_points=2.5:runner_stop_mode=initial,liquidity_sweep_absorption_reversal,all,1.25,2,2.5,initial,43048,23,23,13,10,9,1,0,0,9,0.39130435,-950,-2261,-98.30434783,12,11,"two-contract post-signal scalp: one contract exits at first target, one runner uses selected stop mode and runner target"
1,signal_scaled_scalp:strategy=liquidity_sweep_absorption_reversal:direction=long:first_target_points=1.25:stop_points=2:runner_target_points=2.5:runner_stop_mode=initial,liquidity_sweep_absorption_reversal,long,1.25,2,2.5,initial,43048,12,12,6,6,5,1,0,0,5,0.41666667,-300,-984,-82,12,0,"two-contract post-signal scalp: one contract exits at first target, one runner uses selected stop mode and runner target"
1,signal_scaled_scalp:strategy=liquidity_sweep_absorption_reversal:direction=short:first_target_points=1.25:stop_points=2:runner_target_points=2.5:runner_stop_mode=initial,liquidity_sweep_absorption_reversal,short,1.25,2,2.5,initial,43048,11,11,7,4,4,0,0,0,4,0.36363636,-650,-1277,-116.09090909,0,11,"two-contract post-signal scalp: one contract exits at first target, one runner uses selected stop mode and runner target"
1,signal_scaled_scalp:strategy=liquidity_sweep_absorption_reversal:direction=all:first_target_points=1.25:stop_points=2:runner_target_points=3:runner_stop_mode=breakeven,liquidity_sweep_absorption_reversal,all,1.25,2,3,breakeven,43048,23,23,13,10,6,4,0,0,10,0.43478261,-1075,-2386,-103.73913043,12,11,"two-contract post-signal scalp: one contract exits at first target, one runner uses selected stop mode and runner target"
1,signal_scaled_scalp:strategy=liquidity_sweep_absorption_reversal:direction=long:first_target_points=1.25:stop_points=2:runner_target_points=3:runner_stop_mode=breakeven,liquidity_sweep_absorption_reversal,long,1.25,2,3,breakeven,43048,12,12,6,6,2,4,0,0,6,0.5,-525,-1209,-100.75,12,0,"two-contract post-signal scalp: one contract exits at first target, one runner uses selected stop mode and runner target"
1,signal_scaled_scalp:strategy=liquidity_sweep_absorption_reversal:direction=short:first_target_points=1.25:stop_points=2:runner_target_points=3:runner_stop_mode=breakeven,liquidity_sweep_absorption_reversal,short,1.25,2,3,breakeven,43048,11,11,7,4,4,0,0,0,4,0.36363636,-550,-1177,-107,0,11,"two-contract post-signal scalp: one contract exits at first target, one runner uses selected stop mode and runner target"
1,signal_scaled_scalp:strategy=liquidity_sweep_absorption_reversal:direction=all:first_target_points=1.25:stop_points=2:runner_target_points=3:runner_stop_mode=initial,liquidity_sweep_absorption_reversal,all,1.25,2,3,initial,43048,23,23,13,10,9,1,0,0,9,0.39130435,-725,-2036,-88.52173913,12,11,"two-contract post-signal scalp: one contract exits at first target, one runner uses selected stop mode and runner target"
1,signal_scaled_scalp:strategy=liquidity_sweep_absorption_reversal:direction=long:first_target_points=1.25:stop_points=2:runner_target_points=3:runner_stop_mode=initial,liquidity_sweep_absorption_reversal,long,1.25,2,3,initial,43048,12,12,6,6,5,1,0,0,5,0.41666667,-175,-859,-71.58333333,12,0,"two-contract post-signal scalp: one contract exits at first target, one runner uses selected stop mode and runner target"
1,signal_scaled_scalp:strategy=liquidity_sweep_absorption_reversal:direction=short:first_target_points=1.25:stop_points=2:runner_target_points=3:runner_stop_mode=initial,liquidity_sweep_absorption_reversal,short,1.25,2,3,initial,43048,11,11,7,4,4,0,0,0,4,0.36363636,-550,-1177,-107,0,11,"two-contract post-signal scalp: one contract exits at first target, one runner uses selected stop mode and runner target"
1,signal_scaled_scalp:strategy=liquidity_sweep_absorption_reversal:direction=all:first_target_points=1.25:stop_points=2:runner_target_points=4:runner_stop_mode=breakeven,liquidity_sweep_absorption_reversal,all,1.25,2,4,breakeven,43048,23,23,13,10,6,4,0,0,10,0.43478261,-775,-2086,-90.69565217,12,11,"two-contract post-signal scalp: one contract exits at first target, one runner uses selected stop mode and runner target"
1,signal_scaled_scalp:strategy=liquidity_sweep_absorption_reversal:direction=long:first_target_points=1.25:stop_points=2:runner_target_points=4:runner_stop_mode=breakeven,liquidity_sweep_absorption_reversal,long,1.25,2,4,breakeven,43048,12,12,6,6,2,4,0,0,6,0.5,-425,-1109,-92.41666667,12,0,"two-contract post-signal scalp: one contract exits at first target, one runner uses selected stop mode and runner target"
1,signal_scaled_scalp:strategy=liquidity_sweep_absorption_reversal:direction=short:first_target_points=1.25:stop_points=2:runner_target_points=4:runner_stop_mode=breakeven,liquidity_sweep_absorption_reversal,short,1.25,2,4,breakeven,43048,11,11,7,4,4,0,0,0,4,0.36363636,-350,-977,-88.81818182,0,11,"two-contract post-signal scalp: one contract exits at first target, one runner uses selected stop mode and runner target"
1,signal_scaled_scalp:strategy=liquidity_sweep_absorption_reversal:direction=all:first_target_points=1.25:stop_points=2:runner_target_points=4:runner_stop_mode=initial,liquidity_sweep_absorption_reversal,all,1.25,2,4,initial,43048,23,23,13,10,9,1,0,0,9,0.39130435,-275,-1586,-68.95652174,12,11,"two-contract post-signal scalp: one contract exits at first target, one runner uses selected stop mode and runner target"
1,signal_scaled_scalp:strategy=liquidity_sweep_absorption_reversal:direction=long:first_target_points=1.25:stop_points=2:runner_target_points=4:runner_stop_mode=initial,liquidity_sweep_absorption_reversal,long,1.25,2,4,initial,43048,12,12,6,6,5,1,0,0,5,0.41666667,75,-609,-50.75,12,0,"two-contract post-signal scalp: one contract exits at first target, one runner uses selected stop mode and runner target"
1,signal_scaled_scalp:strategy=liquidity_sweep_absorption_reversal:direction=short:first_target_points=1.25:stop_points=2:runner_target_points=4:runner_stop_mode=initial,liquidity_sweep_absorption_reversal,short,1.25,2,4,initial,43048,11,11,7,4,4,0,0,0,4,0.36363636,-350,-977,-88.81818182,0,11,"two-contract post-signal scalp: one contract exits at first target, one runner uses selected stop mode and runner target"
1,signal_scaled_scalp:strategy=liquidity_sweep_absorption_reversal:direction=all:first_target_points=1.25:stop_points=2:runner_target_points=5:runner_stop_mode=breakeven,liquidity_sweep_absorption_reversal,all,1.25,2,5,breakeven,43048,23,23,13,10,5,5,0,0,10,0.43478261,-725,-2036,-88.52173913,12,11,"two-contract post-signal scalp: one contract exits at first target, one runner uses selected stop mode and runner target"
1,signal_scaled_scalp:strategy=liquidity_sweep_absorption_reversal:direction=long:first_target_points=1.25:stop_points=2:runner_target_points=5:runner_stop_mode=breakeven,liquidity_sweep_absorption_reversal,long,1.25,2,5,breakeven,43048,12,12,6,6,2,4,0,0,6,0.5,-325,-1009,-84.08333333,12,0,"two-contract post-signal scalp: one contract exits at first target, one runner uses selected stop mode and runner target"
1,signal_scaled_scalp:strategy=liquidity_sweep_absorption_reversal:direction=short:first_target_points=1.25:stop_points=2:runner_target_points=5:runner_stop_mode=breakeven,liquidity_sweep_absorption_reversal,short,1.25,2,5,breakeven,43048,11,11,7,4,3,1,0,0,4,0.36363636,-400,-1027,-93.36363636,0,11,"two-contract post-signal scalp: one contract exits at first target, one runner uses selected stop mode and runner target"
1,signal_scaled_scalp:strategy=liquidity_sweep_absorption_reversal:direction=all:first_target_points=1.25:stop_points=2:runner_target_points=5:runner_stop_mode=initial,liquidity_sweep_absorption_reversal,all,1.25,2,5,initial,43048,23,23,13,10,9,1,0,0,9,0.39130435,175,-1136,-49.39130435,12,11,"two-contract post-signal scalp: one contract exits at first target, one runner uses selected stop mode and runner target"
1,signal_scaled_scalp:strategy=liquidity_sweep_absorption_reversal:direction=long:first_target_points=1.25:stop_points=2:runner_target_points=5:runner_stop_mode=initial,liquidity_sweep_absorption_reversal,long,1.25,2,5,initial,43048,12,12,6,6,5,1,0,0,5,0.41666667,325,-359,-29.91666667,12,0,"two-contract post-signal scalp: one contract exits at first target, one runner uses selected stop mode and runner target"
1,signal_scaled_scalp:strategy=liquidity_sweep_absorption_reversal:direction=short:first_target_points=1.25:stop_points=2:runner_target_points=5:runner_stop_mode=initial,liquidity_sweep_absorption_reversal,short,1.25,2,5,initial,43048,11,11,7,4,4,0,0,0,4,0.36363636,-150,-777,-70.63636364,0,11,"two-contract post-signal scalp: one contract exits at first target, one runner uses selected stop mode and runner target"
1,signal_scaled_scalp:strategy=liquidity_sweep_absorption_reversal:direction=all:first_target_points=1.25:stop_points=2.5:runner_target_points=1.5:runner_stop_mode=breakeven,liquidity_sweep_absorption_reversal,all,1.25,2.5,1.5,breakeven,43048,23,23,11,12,12,0,0,0,12,0.52173913,-1100,-2411,-104.82608696,12,11,"two-contract post-signal scalp: one contract exits at first target, one runner uses selected stop mode and runner target"
1,signal_scaled_scalp:strategy=liquidity_sweep_absorption_reversal:direction=long:first_target_points=1.25:stop_points=2.5:runner_target_points=1.5:runner_stop_mode=breakeven,liquidity_sweep_absorption_reversal,long,1.25,2.5,1.5,breakeven,43048,12,12,4,8,8,0,0,0,8,0.66666667,100,-584,-48.66666667,12,0,"two-contract post-signal scalp: one contract exits at first target, one runner uses selected stop mode and runner target"
1,signal_scaled_scalp:strategy=liquidity_sweep_absorption_reversal:direction=short:first_target_points=1.25:stop_points=2.5:runner_target_points=1.5:runner_stop_mode=breakeven,liquidity_sweep_absorption_reversal,short,1.25,2.5,1.5,breakeven,43048,11,11,7,4,4,0,0,0,4,0.36363636,-1200,-1827,-166.09090909,0,11,"two-contract post-signal scalp: one contract exits at first target, one runner uses selected stop mode and runner target"
1,signal_scaled_scalp:strategy=liquidity_sweep_absorption_reversal:direction=all:first_target_points=1.25:stop_points=2.5:runner_target_points=1.5:runner_stop_mode=initial,liquidity_sweep_absorption_reversal,all,1.25,2.5,1.5,initial,43048,23,23,11,12,12,0,0,0,12,0.52173913,-1100,-2411,-104.82608696,12,11,"two-contract post-signal scalp: one contract exits at first target, one runner uses selected stop mode and runner target"
1,signal_scaled_scalp:strategy=liquidity_sweep_absorption_reversal:direction=long:first_target_points=1.25:stop_points=2.5:runner_target_points=1.5:runner_stop_mode=initial,liquidity_sweep_absorption_reversal,long,1.25,2.5,1.5,initial,43048,12,12,4,8,8,0,0,0,8,0.66666667,100,-584,-48.66666667,12,0,"two-contract post-signal scalp: one contract exits at first target, one runner uses selected stop mode and runner target"
1,signal_scaled_scalp:strategy=liquidity_sweep_absorption_reversal:direction=short:first_target_points=1.25:stop_points=2.5:runner_target_points=1.5:runner_stop_mode=initial,liquidity_sweep_absorption_reversal,short,1.25,2.5,1.5,initial,43048,11,11,7,4,4,0,0,0,4,0.36363636,-1200,-1827,-166.09090909,0,11,"two-contract post-signal scalp: one contract exits at first target, one runner uses selected stop mode and runner target"
1,signal_scaled_scalp:strategy=liquidity_sweep_absorption_reversal:direction=all:first_target_points=1.25:stop_points=2.5:runner_target_points=2:runner_stop_mode=breakeven,liquidity_sweep_absorption_reversal,all,1.25,2.5,2,breakeven,43048,23,23,11,12,10,2,0,0,12,0.52173913,-1000,-2311,-100.47826087,12,11,"two-contract post-signal scalp: one contract exits at first target, one runner uses selected stop mode and runner target"
1,signal_scaled_scalp:strategy=liquidity_sweep_absorption_reversal:direction=long:first_target_points=1.25:stop_points=2.5:runner_target_points=2:runner_stop_mode=breakeven,liquidity_sweep_absorption_reversal,long,1.25,2.5,2,breakeven,43048,12,12,4,8,6,2,0,0,8,0.66666667,100,-584,-48.66666667,12,0,"two-contract post-signal scalp: one contract exits at first target, one runner uses selected stop mode and runner target"
1,signal_scaled_scalp:strategy=liquidity_sweep_absorption_reversal:direction=short:first_target_points=1.25:stop_points=2.5:runner_target_points=2:runner_stop_mode=breakeven,liquidity_sweep_absorption_reversal,short,1.25,2.5,2,breakeven,43048,11,11,7,4,4,0,0,0,4,0.36363636,-1100,-1727,-157,0,11,"two-contract post-signal scalp: one contract exits at first target, one runner uses selected stop mode and runner target"
1,signal_scaled_scalp:strategy=liquidity_sweep_absorption_reversal:direction=all:first_target_points=1.25:stop_points=2.5:runner_target_points=2:runner_stop_mode=initial,liquidity_sweep_absorption_reversal,all,1.25,2.5,2,initial,43048,23,23,11,12,12,0,0,0,12,0.52173913,-800,-2111,-91.7826087,12,11,"two-contract post-signal scalp: one contract exits at first target, one runner uses selected stop mode and runner target"
1,signal_scaled_scalp:strategy=liquidity_sweep_absorption_reversal:direction=long:first_target_points=1.25:stop_points=2.5:runner_target_points=2:runner_stop_mode=initial,liquidity_sweep_absorption_reversal,long,1.25,2.5,2,initial,43048,12,12,4,8,8,0,0,0,8,0.66666667,300,-384,-32,12,0,"two-contract post-signal scalp: one contract exits at first target, one runner uses selected stop mode and runner target"
1,signal_scaled_scalp:strategy=liquidity_sweep_absorption_reversal:direction=short:first_target_points=1.25:stop_points=2.5:runner_target_points=2:runner_stop_mode=initial,liquidity_sweep_absorption_reversal,short,1.25,2.5,2,initial,43048,11,11,7,4,4,0,0,0,4,0.36363636,-1100,-1727,-157,0,11,"two-contract post-signal scalp: one contract exits at first target, one runner uses selected stop mode and runner target"
1,signal_scaled_scalp:strategy=liquidity_sweep_absorption_reversal:direction=all:first_target_points=1.25:stop_points=2.5:runner_target_points=2.5:runner_stop_mode=breakeven,liquidity_sweep_absorption_reversal,all,1.25,2.5,2.5,breakeven,43048,23,23,11,12,8,4,0,0,12,0.52173913,-1000,-2311,-100.47826087,12,11,"two-contract post-signal scalp: one contract exits at first target, one runner uses selected stop mode and runner target"
1,signal_scaled_scalp:strategy=liquidity_sweep_absorption_reversal:direction=long:first_target_points=1.25:stop_points=2.5:runner_target_points=2.5:runner_stop_mode=breakeven,liquidity_sweep_absorption_reversal,long,1.25,2.5,2.5,breakeven,43048,12,12,4,8,4,4,0,0,8,0.66666667,0,-684,-57,12,0,"two-contract post-signal scalp: one contract exits at first target, one runner uses selected stop mode and runner target"
1,signal_scaled_scalp:strategy=liquidity_sweep_absorption_reversal:direction=short:first_target_points=1.25:stop_points=2.5:runner_target_points=2.5:runner_stop_mode=breakeven,liquidity_sweep_absorption_reversal,short,1.25,2.5,2.5,breakeven,43048,11,11,7,4,4,0,0,0,4,0.36363636,-1000,-1627,-147.90909091,0,11,"two-contract post-signal scalp: one contract exits at first target, one runner uses selected stop mode and runner target"
1,signal_scaled_scalp:strategy=liquidity_sweep_absorption_reversal:direction=all:first_target_points=1.25:stop_points=2.5:runner_target_points=2.5:runner_stop_mode=initial,liquidity_sweep_absorption_reversal,all,1.25,2.5,2.5,initial,43048,23,23,11,12,11,1,0,0,11,0.47826087,-750,-2061,-89.60869565,12,11,"two-contract post-signal scalp: one contract exits at first target, one runner uses selected stop mode and runner target"
1,signal_scaled_scalp:strategy=liquidity_sweep_absorption_reversal:direction=long:first_target_points=1.25:stop_points=2.5:runner_target_points=2.5:runner_stop_mode=initial,liquidity_sweep_absorption_reversal,long,1.25,2.5,2.5,initial,43048,12,12,4,8,7,1,0,0,7,0.58333333,250,-434,-36.16666667,12,0,"two-contract post-signal scalp: one contract exits at first target, one runner uses selected stop mode and runner target"
1,signal_scaled_scalp:strategy=liquidity_sweep_absorption_reversal:direction=short:first_target_points=1.25:stop_points=2.5:runner_target_points=2.5:runner_stop_mode=initial,liquidity_sweep_absorption_reversal,short,1.25,2.5,2.5,initial,43048,11,11,7,4,4,0,0,0,4,0.36363636,-1000,-1627,-147.90909091,0,11,"two-contract post-signal scalp: one contract exits at first target, one runner uses selected stop mode and runner target"
1,signal_scaled_scalp:strategy=liquidity_sweep_absorption_reversal:direction=all:first_target_points=1.25:stop_points=2.5:runner_target_points=3:runner_stop_mode=breakeven,liquidity_sweep_absorption_reversal,all,1.25,2.5,3,breakeven,43048,23,23,11,12,8,4,0,0,12,0.52173913,-800,-2111,-91.7826087,12,11,"two-contract post-signal scalp: one contract exits at first target, one runner uses selected stop mode and runner target"
1,signal_scaled_scalp:strategy=liquidity_sweep_absorption_reversal:direction=long:first_target_points=1.25:stop_points=2.5:runner_target_points=3:runner_stop_mode=breakeven,liquidity_sweep_absorption_reversal,long,1.25,2.5,3,breakeven,43048,12,12,4,8,4,4,0,0,8,0.66666667,100,-584,-48.66666667,12,0,"two-contract post-signal scalp: one contract exits at first target, one runner uses selected stop mode and runner target"
1,signal_scaled_scalp:strategy=liquidity_sweep_absorption_reversal:direction=short:first_target_points=1.25:stop_points=2.5:runner_target_points=3:runner_stop_mode=breakeven,liquidity_sweep_absorption_reversal,short,1.25,2.5,3,breakeven,43048,11,11,7,4,4,0,0,0,4,0.36363636,-900,-1527,-138.81818182,0,11,"two-contract post-signal scalp: one contract exits at first target, one runner uses selected stop mode and runner target"
1,signal_scaled_scalp:strategy=liquidity_sweep_absorption_reversal:direction=all:first_target_points=1.25:stop_points=2.5:runner_target_points=3:runner_stop_mode=initial,liquidity_sweep_absorption_reversal,all,1.25,2.5,3,initial,43048,23,23,11,12,11,1,0,0,11,0.47826087,-475,-1786,-77.65217391,12,11,"two-contract post-signal scalp: one contract exits at first target, one runner uses selected stop mode and runner target"
1,signal_scaled_scalp:strategy=liquidity_sweep_absorption_reversal:direction=long:first_target_points=1.25:stop_points=2.5:runner_target_points=3:runner_stop_mode=initial,liquidity_sweep_absorption_reversal,long,1.25,2.5,3,initial,43048,12,12,4,8,7,1,0,0,7,0.58333333,425,-259,-21.58333333,12,0,"two-contract post-signal scalp: one contract exits at first target, one runner uses selected stop mode and runner target"
1,signal_scaled_scalp:strategy=liquidity_sweep_absorption_reversal:direction=short:first_target_points=1.25:stop_points=2.5:runner_target_points=3:runner_stop_mode=initial,liquidity_sweep_absorption_reversal,short,1.25,2.5,3,initial,43048,11,11,7,4,4,0,0,0,4,0.36363636,-900,-1527,-138.81818182,0,11,"two-contract post-signal scalp: one contract exits at first target, one runner uses selected stop mode and runner target"
1,signal_scaled_scalp:strategy=liquidity_sweep_absorption_reversal:direction=all:first_target_points=1.25:stop_points=2.5:runner_target_points=4:runner_stop_mode=breakeven,liquidity_sweep_absorption_reversal,all,1.25,2.5,4,breakeven,43048,23,23,11,12,7,5,0,0,12,0.52173913,-600,-1911,-83.08695652,12,11,"two-contract post-signal scalp: one contract exits at first target, one runner uses selected stop mode and runner target"
1,signal_scaled_scalp:strategy=liquidity_sweep_absorption_reversal:direction=long:first_target_points=1.25:stop_points=2.5:runner_target_points=4:runner_stop_mode=breakeven,liquidity_sweep_absorption_reversal,long,1.25,2.5,4,breakeven,43048,12,12,4,8,3,5,0,0,8,0.66666667,100,-584,-48.66666667,12,0,"two-contract post-signal scalp: one contract exits at first target, one runner uses selected stop mode and runner target"
1,signal_scaled_scalp:strategy=liquidity_sweep_absorption_reversal:direction=short:first_target_points=1.25:stop_points=2.5:runner_target_points=4:runner_stop_mode=breakeven,liquidity_sweep_absorption_reversal,short,1.25,2.5,4,breakeven,43048,11,11,7,4,4,0,0,0,4,0.36363636,-700,-1327,-120.63636364,0,11,"two-contract post-signal scalp: one contract exits at first target, one runner uses selected stop mode and runner target"
1,signal_scaled_scalp:strategy=liquidity_sweep_absorption_reversal:direction=all:first_target_points=1.25:stop_points=2.5:runner_target_points=4:runner_stop_mode=initial,liquidity_sweep_absorption_reversal,all,1.25,2.5,4,initial,43048,23,23,11,12,10,2,0,0,10,0.43478261,-250,-1561,-67.86956522,12,11,"two-contract post-signal scalp: one contract exits at first target, one runner uses selected stop mode and runner target"
1,signal_scaled_scalp:strategy=liquidity_sweep_absorption_reversal:direction=long:first_target_points=1.25:stop_points=2.5:runner_target_points=4:runner_stop_mode=initial,liquidity_sweep_absorption_reversal,long,1.25,2.5,4,initial,43048,12,12,4,8,6,2,0,0,6,0.5,450,-234,-19.5,12,0,"two-contract post-signal scalp: one contract exits at first target, one runner uses selected stop mode and runner target"
1,signal_scaled_scalp:strategy=liquidity_sweep_absorption_reversal:direction=short:first_target_points=1.25:stop_points=2.5:runner_target_points=4:runner_stop_mode=initial,liquidity_sweep_absorption_reversal,short,1.25,2.5,4,initial,43048,11,11,7,4,4,0,0,0,4,0.36363636,-700,-1327,-120.63636364,0,11,"two-contract post-signal scalp: one contract exits at first target, one runner uses selected stop mode and runner target"
1,signal_scaled_scalp:strategy=liquidity_sweep_absorption_reversal:direction=all:first_target_points=1.25:stop_points=2.5:runner_target_points=5:runner_stop_mode=breakeven,liquidity_sweep_absorption_reversal,all,1.25,2.5,5,breakeven,43048,23,23,11,12,6,6,0,0,12,0.52173913,-500,-1811,-78.73913043,12,11,"two-contract post-signal scalp: one contract exits at first target, one runner uses selected stop mode and runner target"
1,signal_scaled_scalp:strategy=liquidity_sweep_absorption_reversal:direction=long:first_target_points=1.25:stop_points=2.5:runner_target_points=5:runner_stop_mode=breakeven,liquidity_sweep_absorption_reversal,long,1.25,2.5,5,breakeven,43048,12,12,4,8,3,5,0,0,8,0.66666667,250,-434,-36.16666667,12,0,"two-contract post-signal scalp: one contract exits at first target, one runner uses selected stop mode and runner target"
1,signal_scaled_scalp:strategy=liquidity_sweep_absorption_reversal:direction=short:first_target_points=1.25:stop_points=2.5:runner_target_points=5:runner_stop_mode=breakeven,liquidity_sweep_absorption_reversal,short,1.25,2.5,5,breakeven,43048,11,11,7,4,3,1,0,0,4,0.36363636,-750,-1377,-125.18181818,0,11,"two-contract post-signal scalp: one contract exits at first target, one runner uses selected stop mode and runner target"
1,signal_scaled_scalp:strategy=liquidity_sweep_absorption_reversal:direction=all:first_target_points=1.25:stop_points=2.5:runner_target_points=5:runner_stop_mode=initial,liquidity_sweep_absorption_reversal,all,1.25,2.5,5,initial,43048,23,23,11,12,10,2,0,0,10,0.43478261,250,-1061,-46.13043478,12,11,"two-contract post-signal scalp: one contract exits at first target, one runner uses selected stop mode and runner target"
1,signal_scaled_scalp:strategy=liquidity_sweep_absorption_reversal:direction=long:first_target_points=1.25:stop_points=2.5:runner_target_points=5:runner_stop_mode=initial,liquidity_sweep_absorption_reversal,long,1.25,2.5,5,initial,43048,12,12,4,8,6,2,0,0,6,0.5,750,66,5.5,12,0,"two-contract post-signal scalp: one contract exits at first target, one runner uses selected stop mode and runner target"
1,signal_scaled_scalp:strategy=liquidity_sweep_absorption_reversal:direction=short:first_target_points=1.25:stop_points=2.5:runner_target_points=5:runner_stop_mode=initial,liquidity_sweep_absorption_reversal,short,1.25,2.5,5,initial,43048,11,11,7,4,4,0,0,0,4,0.36363636,-500,-1127,-102.45454545,0,11,"two-contract post-signal scalp: one contract exits at first target, one runner uses selected stop mode and runner target"
1,signal_scaled_scalp:strategy=liquidity_sweep_absorption_reversal:direction=all:first_target_points=1.25:stop_points=3:runner_target_points=1.5:runner_stop_mode=breakeven,liquidity_sweep_absorption_reversal,all,1.25,3,1.5,breakeven,43048,23,23,11,12,12,0,0,0,12,0.52173913,-1650,-2961,-128.73913043,12,11,"two-contract post-signal scalp: one contract exits at first target, one runner uses selected stop mode and runner target"
1,signal_scaled_scalp:strategy=liquidity_sweep_absorption_reversal:direction=long:first_target_points=1.25:stop_points=3:runner_target_points=1.5:runner_stop_mode=breakeven,liquidity_sweep_absorption_reversal,long,1.25,3,1.5,breakeven,43048,12,12,4,8,8,0,0,0,8,0.66666667,-100,-784,-65.33333333,12,0,"two-contract post-signal scalp: one contract exits at first target, one runner uses selected stop mode and runner target"
1,signal_scaled_scalp:strategy=liquidity_sweep_absorption_reversal:direction=short:first_target_points=1.25:stop_points=3:runner_target_points=1.5:runner_stop_mode=breakeven,liquidity_sweep_absorption_reversal,short,1.25,3,1.5,breakeven,43048,11,11,7,4,4,0,0,0,4,0.36363636,-1550,-2177,-197.90909091,0,11,"two-contract post-signal scalp: one contract exits at first target, one runner uses selected stop mode and runner target"
1,signal_scaled_scalp:strategy=liquidity_sweep_absorption_reversal:direction=all:first_target_points=1.25:stop_points=3:runner_target_points=1.5:runner_stop_mode=initial,liquidity_sweep_absorption_reversal,all,1.25,3,1.5,initial,43048,23,23,11,12,12,0,0,0,12,0.52173913,-1650,-2961,-128.73913043,12,11,"two-contract post-signal scalp: one contract exits at first target, one runner uses selected stop mode and runner target"
1,signal_scaled_scalp:strategy=liquidity_sweep_absorption_reversal:direction=long:first_target_points=1.25:stop_points=3:runner_target_points=1.5:runner_stop_mode=initial,liquidity_sweep_absorption_reversal,long,1.25,3,1.5,initial,43048,12,12,4,8,8,0,0,0,8,0.66666667,-100,-784,-65.33333333,12,0,"two-contract post-signal scalp: one contract exits at first target, one runner uses selected stop mode and runner target"
1,signal_scaled_scalp:strategy=liquidity_sweep_absorption_reversal:direction=short:first_target_points=1.25:stop_points=3:runner_target_points=1.5:runner_stop_mode=initial,liquidity_sweep_absorption_reversal,short,1.25,3,1.5,initial,43048,11,11,7,4,4,0,0,0,4,0.36363636,-1550,-2177,-197.90909091,0,11,"two-contract post-signal scalp: one contract exits at first target, one runner uses selected stop mode and runner target"
1,signal_scaled_scalp:strategy=liquidity_sweep_absorption_reversal:direction=all:first_target_points=1.25:stop_points=3:runner_target_points=2:runner_stop_mode=breakeven,liquidity_sweep_absorption_reversal,all,1.25,3,2,breakeven,43048,23,23,11,12,10,2,0,0,12,0.52173913,-1550,-2861,-124.39130435,12,11,"two-contract post-signal scalp: one contract exits at first target, one runner uses selected stop mode and runner target"
1,signal_scaled_scalp:strategy=liquidity_sweep_absorption_reversal:direction=long:first_target_points=1.25:stop_points=3:runner_target_points=2:runner_stop_mode=breakeven,liquidity_sweep_absorption_reversal,long,1.25,3,2,breakeven,43048,12,12,4,8,6,2,0,0,8,0.66666667,-100,-784,-65.33333333,12,0,"two-contract post-signal scalp: one contract exits at first target, one runner uses selected stop mode and runner target"
1,signal_scaled_scalp:strategy=liquidity_sweep_absorption_reversal:direction=short:first_target_points=1.25:stop_points=3:runner_target_points=2:runner_stop_mode=breakeven,liquidity_sweep_absorption_reversal,short,1.25,3,2,breakeven,43048,11,11,7,4,4,0,0,0,4,0.36363636,-1450,-2077,-188.81818182,0,11,"two-contract post-signal scalp: one contract exits at first target, one runner uses selected stop mode and runner target"
1,signal_scaled_scalp:strategy=liquidity_sweep_absorption_reversal:direction=all:first_target_points=1.25:stop_points=3:runner_target_points=2:runner_stop_mode=initial,liquidity_sweep_absorption_reversal,all,1.25,3,2,initial,43048,23,23,11,12,12,0,0,0,12,0.52173913,-1350,-2661,-115.69565217,12,11,"two-contract post-signal scalp: one contract exits at first target, one runner uses selected stop mode and runner target"
1,signal_scaled_scalp:strategy=liquidity_sweep_absorption_reversal:direction=long:first_target_points=1.25:stop_points=3:runner_target_points=2:runner_stop_mode=initial,liquidity_sweep_absorption_reversal,long,1.25,3,2,initial,43048,12,12,4,8,8,0,0,0,8,0.66666667,100,-584,-48.66666667,12,0,"two-contract post-signal scalp: one contract exits at first target, one runner uses selected stop mode and runner target"
1,signal_scaled_scalp:strategy=liquidity_sweep_absorption_reversal:direction=short:first_target_points=1.25:stop_points=3:runner_target_points=2:runner_stop_mode=initial,liquidity_sweep_absorption_reversal,short,1.25,3,2,initial,43048,11,11,7,4,4,0,0,0,4,0.36363636,-1450,-2077,-188.81818182,0,11,"two-contract post-signal scalp: one contract exits at first target, one runner uses selected stop mode and runner target"
1,signal_scaled_scalp:strategy=liquidity_sweep_absorption_reversal:direction=all:first_target_points=1.25:stop_points=3:runner_target_points=2.5:runner_stop_mode=breakeven,liquidity_sweep_absorption_reversal,all,1.25,3,2.5,breakeven,43048,23,23,11,12,8,4,0,0,12,0.52173913,-1550,-2861,-124.39130435,12,11,"two-contract post-signal scalp: one contract exits at first target, one runner uses selected stop mode and runner target"
1,signal_scaled_scalp:strategy=liquidity_sweep_absorption_reversal:direction=long:first_target_points=1.25:stop_points=3:runner_target_points=2.5:runner_stop_mode=breakeven,liquidity_sweep_absorption_reversal,long,1.25,3,2.5,breakeven,43048,12,12,4,8,4,4,0,0,8,0.66666667,-200,-884,-73.66666667,12,0,"two-contract post-signal scalp: one contract exits at first target, one runner uses selected stop mode and runner target"
1,signal_scaled_scalp:strategy=liquidity_sweep_absorption_reversal:direction=short:first_target_points=1.25:stop_points=3:runner_target_points=2.5:runner_stop_mode=breakeven,liquidity_sweep_absorption_reversal,short,1.25,3,2.5,breakeven,43048,11,11,7,4,4,0,0,0,4,0.36363636,-1350,-1977,-179.72727273,0,11,"two-contract post-signal scalp: one contract exits at first target, one runner uses selected stop mode and runner target"
1,signal_scaled_scalp:strategy=liquidity_sweep_absorption_reversal:direction=all:first_target_points=1.25:stop_points=3:runner_target_points=2.5:runner_stop_mode=initial,liquidity_sweep_absorption_reversal,all,1.25,3,2.5,initial,43048,23,23,11,12,11,1,0,0,11,0.47826087,-1325,-2636,-114.60869565,12,11,"two-contract post-signal scalp: one contract exits at first target, one runner uses selected stop mode and runner target"
1,signal_scaled_scalp:strategy=liquidity_sweep_absorption_reversal:direction=long:first_target_points=1.25:stop_points=3:runner_target_points=2.5:runner_stop_mode=initial,liquidity_sweep_absorption_reversal,long,1.25,3,2.5,initial,43048,12,12,4,8,7,1,0,0,7,0.58333333,25,-659,-54.91666667,12,0,"two-contract post-signal scalp: one contract exits at first target, one runner uses selected stop mode and runner target"
1,signal_scaled_scalp:strategy=liquidity_sweep_absorption_reversal:direction=short:first_target_points=1.25:stop_points=3:runner_target_points=2.5:runner_stop_mode=initial,liquidity_sweep_absorption_reversal,short,1.25,3,2.5,initial,43048,11,11,7,4,4,0,0,0,4,0.36363636,-1350,-1977,-179.72727273,0,11,"two-contract post-signal scalp: one contract exits at first target, one runner uses selected stop mode and runner target"
1,signal_scaled_scalp:strategy=liquidity_sweep_absorption_reversal:direction=all:first_target_points=1.25:stop_points=3:runner_target_points=3:runner_stop_mode=breakeven,liquidity_sweep_absorption_reversal,all,1.25,3,3,breakeven,43048,23,23,11,12,8,4,0,0,12,0.52173913,-1350,-2661,-115.69565217,12,11,"two-contract post-signal scalp: one contract exits at first target, one runner uses selected stop mode and runner target"
1,signal_scaled_scalp:strategy=liquidity_sweep_absorption_reversal:direction=long:first_target_points=1.25:stop_points=3:runner_target_points=3:runner_stop_mode=breakeven,liquidity_sweep_absorption_reversal,long,1.25,3,3,breakeven,43048,12,12,4,8,4,4,0,0,8,0.66666667,-100,-784,-65.33333333,12,0,"two-contract post-signal scalp: one contract exits at first target, one runner uses selected stop mode and runner target"
1,signal_scaled_scalp:strategy=liquidity_sweep_absorption_reversal:direction=short:first_target_points=1.25:stop_points=3:runner_target_points=3:runner_stop_mode=breakeven,liquidity_sweep_absorption_reversal,short,1.25,3,3,breakeven,43048,11,11,7,4,4,0,0,0,4,0.36363636,-1250,-1877,-170.63636364,0,11,"two-contract post-signal scalp: one contract exits at first target, one runner uses selected stop mode and runner target"
1,signal_scaled_scalp:strategy=liquidity_sweep_absorption_reversal:direction=all:first_target_points=1.25:stop_points=3:runner_target_points=3:runner_stop_mode=initial,liquidity_sweep_absorption_reversal,all,1.25,3,3,initial,43048,23,23,11,12,11,1,0,0,11,0.47826087,-1050,-2361,-102.65217391,12,11,"two-contract post-signal scalp: one contract exits at first target, one runner uses selected stop mode and runner target"
1,signal_scaled_scalp:strategy=liquidity_sweep_absorption_reversal:direction=long:first_target_points=1.25:stop_points=3:runner_target_points=3:runner_stop_mode=initial,liquidity_sweep_absorption_reversal,long,1.25,3,3,initial,43048,12,12,4,8,7,1,0,0,7,0.58333333,200,-484,-40.33333333,12,0,"two-contract post-signal scalp: one contract exits at first target, one runner uses selected stop mode and runner target"
1,signal_scaled_scalp:strategy=liquidity_sweep_absorption_reversal:direction=short:first_target_points=1.25:stop_points=3:runner_target_points=3:runner_stop_mode=initial,liquidity_sweep_absorption_reversal,short,1.25,3,3,initial,43048,11,11,7,4,4,0,0,0,4,0.36363636,-1250,-1877,-170.63636364,0,11,"two-contract post-signal scalp: one contract exits at first target, one runner uses selected stop mode and runner target"
1,signal_scaled_scalp:strategy=liquidity_sweep_absorption_reversal:direction=all:first_target_points=1.25:stop_points=3:runner_target_points=4:runner_stop_mode=breakeven,liquidity_sweep_absorption_reversal,all,1.25,3,4,breakeven,43048,23,23,11,12,7,5,0,0,12,0.52173913,-1150,-2461,-107,12,11,"two-contract post-signal scalp: one contract exits at first target, one runner uses selected stop mode and runner target"
1,signal_scaled_scalp:strategy=liquidity_sweep_absorption_reversal:direction=long:first_target_points=1.25:stop_points=3:runner_target_points=4:runner_stop_mode=breakeven,liquidity_sweep_absorption_reversal,long,1.25,3,4,breakeven,43048,12,12,4,8,3,5,0,0,8,0.66666667,-100,-784,-65.33333333,12,0,"two-contract post-signal scalp: one contract exits at first target, one runner uses selected stop mode and runner target"
1,signal_scaled_scalp:strategy=liquidity_sweep_absorption_reversal:direction=short:first_target_points=1.25:stop_points=3:runner_target_points=4:runner_stop_mode=breakeven,liquidity_sweep_absorption_reversal,short,1.25,3,4,breakeven,43048,11,11,7,4,4,0,0,0,4,0.36363636,-1050,-1677,-152.45454545,0,11,"two-contract post-signal scalp: one contract exits at first target, one runner uses selected stop mode and runner target"
1,signal_scaled_scalp:strategy=liquidity_sweep_absorption_reversal:direction=all:first_target_points=1.25:stop_points=3:runner_target_points=4:runner_stop_mode=initial,liquidity_sweep_absorption_reversal,all,1.25,3,4,initial,43048,23,23,11,12,10,2,0,0,10,0.43478261,-850,-2161,-93.95652174,12,11,"two-contract post-signal scalp: one contract exits at first target, one runner uses selected stop mode and runner target"
1,signal_scaled_scalp:strategy=liquidity_sweep_absorption_reversal:direction=long:first_target_points=1.25:stop_points=3:runner_target_points=4:runner_stop_mode=initial,liquidity_sweep_absorption_reversal,long,1.25,3,4,initial,43048,12,12,4,8,6,2,0,0,6,0.5,200,-484,-40.33333333,12,0,"two-contract post-signal scalp: one contract exits at first target, one runner uses selected stop mode and runner target"
1,signal_scaled_scalp:strategy=liquidity_sweep_absorption_reversal:direction=short:first_target_points=1.25:stop_points=3:runner_target_points=4:runner_stop_mode=initial,liquidity_sweep_absorption_reversal,short,1.25,3,4,initial,43048,11,11,7,4,4,0,0,0,4,0.36363636,-1050,-1677,-152.45454545,0,11,"two-contract post-signal scalp: one contract exits at first target, one runner uses selected stop mode and runner target"
1,signal_scaled_scalp:strategy=liquidity_sweep_absorption_reversal:direction=all:first_target_points=1.25:stop_points=3:runner_target_points=5:runner_stop_mode=breakeven,liquidity_sweep_absorption_reversal,all,1.25,3,5,breakeven,43048,23,23,11,12,6,6,0,0,12,0.52173913,-1050,-2361,-102.65217391,12,11,"two-contract post-signal scalp: one contract exits at first target, one runner uses selected stop mode and runner target"
1,signal_scaled_scalp:strategy=liquidity_sweep_absorption_reversal:direction=long:first_target_points=1.25:stop_points=3:runner_target_points=5:runner_stop_mode=breakeven,liquidity_sweep_absorption_reversal,long,1.25,3,5,breakeven,43048,12,12,4,8,3,5,0,0,8,0.66666667,50,-634,-52.83333333,12,0,"two-contract post-signal scalp: one contract exits at first target, one runner uses selected stop mode and runner target"
1,signal_scaled_scalp:strategy=liquidity_sweep_absorption_reversal:direction=short:first_target_points=1.25:stop_points=3:runner_target_points=5:runner_stop_mode=breakeven,liquidity_sweep_absorption_reversal,short,1.25,3,5,breakeven,43048,11,11,7,4,3,1,0,0,4,0.36363636,-1100,-1727,-157,0,11,"two-contract post-signal scalp: one contract exits at first target, one runner uses selected stop mode and runner target"
1,signal_scaled_scalp:strategy=liquidity_sweep_absorption_reversal:direction=all:first_target_points=1.25:stop_points=3:runner_target_points=5:runner_stop_mode=initial,liquidity_sweep_absorption_reversal,all,1.25,3,5,initial,43048,23,23,11,12,10,2,0,0,10,0.43478261,-350,-1661,-72.2173913,12,11,"two-contract post-signal scalp: one contract exits at first target, one runner uses selected stop mode and runner target"
1,signal_scaled_scalp:strategy=liquidity_sweep_absorption_reversal:direction=long:first_target_points=1.25:stop_points=3:runner_target_points=5:runner_stop_mode=initial,liquidity_sweep_absorption_reversal,long,1.25,3,5,initial,43048,12,12,4,8,6,2,0,0,6,0.5,500,-184,-15.33333333,12,0,"two-contract post-signal scalp: one contract exits at first target, one runner uses selected stop mode and runner target"
1,signal_scaled_scalp:strategy=liquidity_sweep_absorption_reversal:direction=short:first_target_points=1.25:stop_points=3:runner_target_points=5:runner_stop_mode=initial,liquidity_sweep_absorption_reversal,short,1.25,3,5,initial,43048,11,11,7,4,4,0,0,0,4,0.36363636,-850,-1477,-134.27272727,0,11,"two-contract post-signal scalp: one contract exits at first target, one runner uses selected stop mode and runner target"
1,signal_scaled_scalp:strategy=liquidity_sweep_absorption_reversal:direction=all:first_target_points=1.5:stop_points=1.5:runner_target_points=2:runner_stop_mode=breakeven,liquidity_sweep_absorption_reversal,all,1.5,1.5,2,breakeven,43048,23,23,13,10,8,2,0,0,10,0.43478261,-400,-1711,-74.39130435,12,11,"two-contract post-signal scalp: one contract exits at first target, one runner uses selected stop mode and runner target"
1,signal_scaled_scalp:strategy=liquidity_sweep_absorption_reversal:direction=long:first_target_points=1.5:stop_points=1.5:runner_target_points=2:runner_stop_mode=breakeven,liquidity_sweep_absorption_reversal,long,1.5,1.5,2,breakeven,43048,12,12,6,6,4,2,0,0,6,0.5,-50,-734,-61.16666667,12,0,"two-contract post-signal scalp: one contract exits at first target, one runner uses selected stop mode and runner target"
1,signal_scaled_scalp:strategy=liquidity_sweep_absorption_reversal:direction=short:first_target_points=1.5:stop_points=1.5:runner_target_points=2:runner_stop_mode=breakeven,liquidity_sweep_absorption_reversal,short,1.5,1.5,2,breakeven,43048,11,11,7,4,4,0,0,0,4,0.36363636,-350,-977,-88.81818182,0,11,"two-contract post-signal scalp: one contract exits at first target, one runner uses selected stop mode and runner target"
1,signal_scaled_scalp:strategy=liquidity_sweep_absorption_reversal:direction=all:first_target_points=1.5:stop_points=1.5:runner_target_points=2:runner_stop_mode=initial,liquidity_sweep_absorption_reversal,all,1.5,1.5,2,initial,43048,23,23,13,10,10,0,0,0,10,0.43478261,-200,-1511,-65.69565217,12,11,"two-contract post-signal scalp: one contract exits at first target, one runner uses selected stop mode and runner target"
1,signal_scaled_scalp:strategy=liquidity_sweep_absorption_reversal:direction=long:first_target_points=1.5:stop_points=1.5:runner_target_points=2:runner_stop_mode=initial,liquidity_sweep_absorption_reversal,long,1.5,1.5,2,initial,43048,12,12,6,6,6,0,0,0,6,0.5,150,-534,-44.5,12,0,"two-contract post-signal scalp: one contract exits at first target, one runner uses selected stop mode and runner target"
1,signal_scaled_scalp:strategy=liquidity_sweep_absorption_reversal:direction=short:first_target_points=1.5:stop_points=1.5:runner_target_points=2:runner_stop_mode=initial,liquidity_sweep_absorption_reversal,short,1.5,1.5,2,initial,43048,11,11,7,4,4,0,0,0,4,0.36363636,-350,-977,-88.81818182,0,11,"two-contract post-signal scalp: one contract exits at first target, one runner uses selected stop mode and runner target"
1,signal_scaled_scalp:strategy=liquidity_sweep_absorption_reversal:direction=all:first_target_points=1.5:stop_points=1.5:runner_target_points=2.5:runner_stop_mode=breakeven,liquidity_sweep_absorption_reversal,all,1.5,1.5,2.5,breakeven,43048,23,23,13,10,6,4,0,0,10,0.43478261,-450,-1761,-76.56521739,12,11,"two-contract post-signal scalp: one contract exits at first target, one runner uses selected stop mode and runner target"
1,signal_scaled_scalp:strategy=liquidity_sweep_absorption_reversal:direction=long:first_target_points=1.5:stop_points=1.5:runner_target_points=2.5:runner_stop_mode=breakeven,liquidity_sweep_absorption_reversal,long,1.5,1.5,2.5,breakeven,43048,12,12,6,6,2,4,0,0,6,0.5,-200,-884,-73.66666667,12,0,"two-contract post-signal scalp: one contract exits at first target, one runner uses selected stop mode and runner target"
1,signal_scaled_scalp:strategy=liquidity_sweep_absorption_reversal:direction=short:first_target_points=1.5:stop_points=1.5:runner_target_points=2.5:runner_stop_mode=breakeven,liquidity_sweep_absorption_reversal,short,1.5,1.5,2.5,breakeven,43048,11,11,7,4,4,0,0,0,4,0.36363636,-250,-877,-79.72727273,0,11,"two-contract post-signal scalp: one contract exits at first target, one runner uses selected stop mode and runner target"
1,signal_scaled_scalp:strategy=liquidity_sweep_absorption_reversal:direction=all:first_target_points=1.5:stop_points=1.5:runner_target_points=2.5:runner_stop_mode=initial,liquidity_sweep_absorption_reversal,all,1.5,1.5,2.5,initial,43048,23,23,13,10,9,1,0,0,9,0.39130435,-150,-1461,-63.52173913,12,11,"two-contract post-signal scalp: one contract exits at first target, one runner uses selected stop mode and runner target"
1,signal_scaled_scalp:strategy=liquidity_sweep_absorption_reversal:direction=long:first_target_points=1.5:stop_points=1.5:runner_target_points=2.5:runner_stop_mode=initial,liquidity_sweep_absorption_reversal,long,1.5,1.5,2.5,initial,43048,12,12,6,6,5,1,0,0,5,0.41666667,100,-584,-48.66666667,12,0,"two-contract post-signal scalp: one contract exits at first target, one runner uses selected stop mode and runner target"
1,signal_scaled_scalp:strategy=liquidity_sweep_absorption_reversal:direction=short:first_target_points=1.5:stop_points=1.5:runner_target_points=2.5:runner_stop_mode=initial,liquidity_sweep_absorption_reversal,short,1.5,1.5,2.5,initial,43048,11,11,7,4,4,0,0,0,4,0.36363636,-250,-877,-79.72727273,0,11,"two-contract post-signal scalp: one contract exits at first target, one runner uses selected stop mode and runner target"
1,signal_scaled_scalp:strategy=liquidity_sweep_absorption_reversal:direction=all:first_target_points=1.5:stop_points=1.5:runner_target_points=3:runner_stop_mode=breakeven,liquidity_sweep_absorption_reversal,all,1.5,1.5,3,breakeven,43048,23,23,13,10,6,4,0,0,10,0.43478261,-300,-1611,-70.04347826,12,11,"two-contract post-signal scalp: one contract exits at first target, one runner uses selected stop mode and runner target"
1,signal_scaled_scalp:strategy=liquidity_sweep_absorption_reversal:direction=long:first_target_points=1.5:stop_points=1.5:runner_target_points=3:runner_stop_mode=breakeven,liquidity_sweep_absorption_reversal,long,1.5,1.5,3,breakeven,43048,12,12,6,6,2,4,0,0,6,0.5,-150,-834,-69.5,12,0,"two-contract post-signal scalp: one contract exits at first target, one runner uses selected stop mode and runner target"
1,signal_scaled_scalp:strategy=liquidity_sweep_absorption_reversal:direction=short:first_target_points=1.5:stop_points=1.5:runner_target_points=3:runner_stop_mode=breakeven,liquidity_sweep_absorption_reversal,short,1.5,1.5,3,breakeven,43048,11,11,7,4,4,0,0,0,4,0.36363636,-150,-777,-70.63636364,0,11,"two-contract post-signal scalp: one contract exits at first target, one runner uses selected stop mode and runner target"
1,signal_scaled_scalp:strategy=liquidity_sweep_absorption_reversal:direction=all:first_target_points=1.5:stop_points=1.5:runner_target_points=3:runner_stop_mode=initial,liquidity_sweep_absorption_reversal,all,1.5,1.5,3,initial,43048,23,23,13,10,9,1,0,0,9,0.39130435,75,-1236,-53.73913043,12,11,"two-contract post-signal scalp: one contract exits at first target, one runner uses selected stop mode and runner target"
1,signal_scaled_scalp:strategy=liquidity_sweep_absorption_reversal:direction=long:first_target_points=1.5:stop_points=1.5:runner_target_points=3:runner_stop_mode=initial,liquidity_sweep_absorption_reversal,long,1.5,1.5,3,initial,43048,12,12,6,6,5,1,0,0,5,0.41666667,225,-459,-38.25,12,0,"two-contract post-signal scalp: one contract exits at first target, one runner uses selected stop mode and runner target"
1,signal_scaled_scalp:strategy=liquidity_sweep_absorption_reversal:direction=short:first_target_points=1.5:stop_points=1.5:runner_target_points=3:runner_stop_mode=initial,liquidity_sweep_absorption_reversal,short,1.5,1.5,3,initial,43048,11,11,7,4,4,0,0,0,4,0.36363636,-150,-777,-70.63636364,0,11,"two-contract post-signal scalp: one contract exits at first target, one runner uses selected stop mode and runner target"
1,signal_scaled_scalp:strategy=liquidity_sweep_absorption_reversal:direction=all:first_target_points=1.5:stop_points=1.5:runner_target_points=4:runner_stop_mode=breakeven,liquidity_sweep_absorption_reversal,all,1.5,1.5,4,breakeven,43048,23,23,13,10,6,4,0,0,10,0.43478261,0,-1311,-57,12,11,"two-contract post-signal scalp: one contract exits at first target, one runner uses selected stop mode and runner target"
1,signal_scaled_scalp:strategy=liquidity_sweep_absorption_reversal:direction=long:first_target_points=1.5:stop_points=1.5:runner_target_points=4:runner_stop_mode=breakeven,liquidity_sweep_absorption_reversal,long,1.5,1.5,4,breakeven,43048,12,12,6,6,2,4,0,0,6,0.5,-50,-734,-61.16666667,12,0,"two-contract post-signal scalp: one contract exits at first target, one runner uses selected stop mode and runner target"
1,signal_scaled_scalp:strategy=liquidity_sweep_absorption_reversal:direction=short:first_target_points=1.5:stop_points=1.5:runner_target_points=4:runner_stop_mode=breakeven,liquidity_sweep_absorption_reversal,short,1.5,1.5,4,breakeven,43048,11,11,7,4,4,0,0,0,4,0.36363636,50,-577,-52.45454545,0,11,"two-contract post-signal scalp: one contract exits at first target, one runner uses selected stop mode and runner target"
1,signal_scaled_scalp:strategy=liquidity_sweep_absorption_reversal:direction=all:first_target_points=1.5:stop_points=1.5:runner_target_points=4:runner_stop_mode=initial,liquidity_sweep_absorption_reversal,all,1.5,1.5,4,initial,43048,23,23,13,10,9,1,0,0,9,0.39130435,525,-786,-34.17391304,12,11,"two-contract post-signal scalp: one contract exits at first target, one runner uses selected stop mode and runner target"
1,signal_scaled_scalp:strategy=liquidity_sweep_absorption_reversal:direction=long:first_target_points=1.5:stop_points=1.5:runner_target_points=4:runner_stop_mode=initial,liquidity_sweep_absorption_reversal,long,1.5,1.5,4,initial,43048,12,12,6,6,5,1,0,0,5,0.41666667,475,-209,-17.41666667,12,0,"two-contract post-signal scalp: one contract exits at first target, one runner uses selected stop mode and runner target"
1,signal_scaled_scalp:strategy=liquidity_sweep_absorption_reversal:direction=short:first_target_points=1.5:stop_points=1.5:runner_target_points=4:runner_stop_mode=initial,liquidity_sweep_absorption_reversal,short,1.5,1.5,4,initial,43048,11,11,7,4,4,0,0,0,4,0.36363636,50,-577,-52.45454545,0,11,"two-contract post-signal scalp: one contract exits at first target, one runner uses selected stop mode and runner target"
1,signal_scaled_scalp:strategy=liquidity_sweep_absorption_reversal:direction=all:first_target_points=1.5:stop_points=1.5:runner_target_points=5:runner_stop_mode=breakeven,liquidity_sweep_absorption_reversal,all,1.5,1.5,5,breakeven,43048,23,23,13,10,5,5,0,0,10,0.43478261,50,-1261,-54.82608696,12,11,"two-contract post-signal scalp: one contract exits at first target, one runner uses selected stop mode and runner target"
1,signal_scaled_scalp:strategy=liquidity_sweep_absorption_reversal:direction=long:first_target_points=1.5:stop_points=1.5:runner_target_points=5:runner_stop_mode=breakeven,liquidity_sweep_absorption_reversal,long,1.5,1.5,5,breakeven,43048,12,12,6,6,2,4,0,0,6,0.5,50,-634,-52.83333333,12,0,"two-contract post-signal scalp: one contract exits at first target, one runner uses selected stop mode and runner target"
1,signal_scaled_scalp:strategy=liquidity_sweep_absorption_reversal:direction=short:first_target_points=1.5:stop_points=1.5:runner_target_points=5:runner_stop_mode=breakeven,liquidity_sweep_absorption_reversal,short,1.5,1.5,5,breakeven,43048,11,11,7,4,3,1,0,0,4,0.36363636,0,-627,-57,0,11,"two-contract post-signal scalp: one contract exits at first target, one runner uses selected stop mode and runner target"
1,signal_scaled_scalp:strategy=liquidity_sweep_absorption_reversal:direction=all:first_target_points=1.5:stop_points=1.5:runner_target_points=5:runner_stop_mode=initial,liquidity_sweep_absorption_reversal,all,1.5,1.5,5,initial,43048,23,23,13,10,9,1,0,0,9,0.39130435,975,-336,-14.60869565,12,11,"two-contract post-signal scalp: one contract exits at first target, one runner uses selected stop mode and runner target"
1,signal_scaled_scalp:strategy=liquidity_sweep_absorption_reversal:direction=long:first_target_points=1.5:stop_points=1.5:runner_target_points=5:runner_stop_mode=initial,liquidity_sweep_absorption_reversal,long,1.5,1.5,5,initial,43048,12,12,6,6,5,1,0,0,5,0.41666667,725,41,3.41666667,12,0,"two-contract post-signal scalp: one contract exits at first target, one runner uses selected stop mode and runner target"
1,signal_scaled_scalp:strategy=liquidity_sweep_absorption_reversal:direction=short:first_target_points=1.5:stop_points=1.5:runner_target_points=5:runner_stop_mode=initial,liquidity_sweep_absorption_reversal,short,1.5,1.5,5,initial,43048,11,11,7,4,4,0,0,0,4,0.36363636,250,-377,-34.27272727,0,11,"two-contract post-signal scalp: one contract exits at first target, one runner uses selected stop mode and runner target"
1,signal_scaled_scalp:strategy=liquidity_sweep_absorption_reversal:direction=all:first_target_points=1.5:stop_points=2:runner_target_points=2:runner_stop_mode=breakeven,liquidity_sweep_absorption_reversal,all,1.5,2,2,breakeven,43048,23,23,13,10,8,2,0,0,10,0.43478261,-1050,-2361,-102.65217391,12,11,"two-contract post-signal scalp: one contract exits at first target, one runner uses selected stop mode and runner target"
1,signal_scaled_scalp:strategy=liquidity_sweep_absorption_reversal:direction=long:first_target_points=1.5:stop_points=2:runner_target_points=2:runner_stop_mode=breakeven,liquidity_sweep_absorption_reversal,long,1.5,2,2,breakeven,43048,12,12,6,6,4,2,0,0,6,0.5,-350,-1034,-86.16666667,12,0,"two-contract post-signal scalp: one contract exits at first target, one runner uses selected stop mode and runner target"
1,signal_scaled_scalp:strategy=liquidity_sweep_absorption_reversal:direction=short:first_target_points=1.5:stop_points=2:runner_target_points=2:runner_stop_mode=breakeven,liquidity_sweep_absorption_reversal,short,1.5,2,2,breakeven,43048,11,11,7,4,4,0,0,0,4,0.36363636,-700,-1327,-120.63636364,0,11,"two-contract post-signal scalp: one contract exits at first target, one runner uses selected stop mode and runner target"
1,signal_scaled_scalp:strategy=liquidity_sweep_absorption_reversal:direction=all:first_target_points=1.5:stop_points=2:runner_target_points=2:runner_stop_mode=initial,liquidity_sweep_absorption_reversal,all,1.5,2,2,initial,43048,23,23,13,10,10,0,0,0,10,0.43478261,-850,-2161,-93.95652174,12,11,"two-contract post-signal scalp: one contract exits at first target, one runner uses selected stop mode and runner target"
1,signal_scaled_scalp:strategy=liquidity_sweep_absorption_reversal:direction=long:first_target_points=1.5:stop_points=2:runner_target_points=2:runner_stop_mode=initial,liquidity_sweep_absorption_reversal,long,1.5,2,2,initial,43048,12,12,6,6,6,0,0,0,6,0.5,-150,-834,-69.5,12,0,"two-contract post-signal scalp: one contract exits at first target, one runner uses selected stop mode and runner target"
1,signal_scaled_scalp:strategy=liquidity_sweep_absorption_reversal:direction=short:first_target_points=1.5:stop_points=2:runner_target_points=2:runner_stop_mode=initial,liquidity_sweep_absorption_reversal,short,1.5,2,2,initial,43048,11,11,7,4,4,0,0,0,4,0.36363636,-700,-1327,-120.63636364,0,11,"two-contract post-signal scalp: one contract exits at first target, one runner uses selected stop mode and runner target"
1,signal_scaled_scalp:strategy=liquidity_sweep_absorption_reversal:direction=all:first_target_points=1.5:stop_points=2:runner_target_points=2.5:runner_stop_mode=breakeven,liquidity_sweep_absorption_reversal,all,1.5,2,2.5,breakeven,43048,23,23,13,10,6,4,0,0,10,0.43478261,-1100,-2411,-104.82608696,12,11,"two-contract post-signal scalp: one contract exits at first target, one runner uses selected stop mode and runner target"
1,signal_scaled_scalp:strategy=liquidity_sweep_absorption_reversal:direction=long:first_target_points=1.5:stop_points=2:runner_target_points=2.5:runner_stop_mode=breakeven,liquidity_sweep_absorption_reversal,long,1.5,2,2.5,breakeven,43048,12,12,6,6,2,4,0,0,6,0.5,-500,-1184,-98.66666667,12,0,"two-contract post-signal scalp: one contract exits at first target, one runner uses selected stop mode and runner target"
1,signal_scaled_scalp:strategy=liquidity_sweep_absorption_reversal:direction=short:first_target_points=1.5:stop_points=2:runner_target_points=2.5:runner_stop_mode=breakeven,liquidity_sweep_absorption_reversal,short,1.5,2,2.5,breakeven,43048,11,11,7,4,4,0,0,0,4,0.36363636,-600,-1227,-111.54545455,0,11,"two-contract post-signal scalp: one contract exits at first target, one runner uses selected stop mode and runner target"
1,signal_scaled_scalp:strategy=liquidity_sweep_absorption_reversal:direction=all:first_target_points=1.5:stop_points=2:runner_target_points=2.5:runner_stop_mode=initial,liquidity_sweep_absorption_reversal,all,1.5,2,2.5,initial,43048,23,23,13,10,9,1,0,0,9,0.39130435,-825,-2136,-92.86956522,12,11,"two-contract post-signal scalp: one contract exits at first target, one runner uses selected stop mode and runner target"
1,signal_scaled_scalp:strategy=liquidity_sweep_absorption_reversal:direction=long:first_target_points=1.5:stop_points=2:runner_target_points=2.5:runner_stop_mode=initial,liquidity_sweep_absorption_reversal,long,1.5,2,2.5,initial,43048,12,12,6,6,5,1,0,0,5,0.41666667,-225,-909,-75.75,12,0,"two-contract post-signal scalp: one contract exits at first target, one runner uses selected stop mode and runner target"
1,signal_scaled_scalp:strategy=liquidity_sweep_absorption_reversal:direction=short:first_target_points=1.5:stop_points=2:runner_target_points=2.5:runner_stop_mode=initial,liquidity_sweep_absorption_reversal,short,1.5,2,2.5,initial,43048,11,11,7,4,4,0,0,0,4,0.36363636,-600,-1227,-111.54545455,0,11,"two-contract post-signal scalp: one contract exits at first target, one runner uses selected stop mode and runner target"
1,signal_scaled_scalp:strategy=liquidity_sweep_absorption_reversal:direction=all:first_target_points=1.5:stop_points=2:runner_target_points=3:runner_stop_mode=breakeven,liquidity_sweep_absorption_reversal,all,1.5,2,3,breakeven,43048,23,23,13,10,6,4,0,0,10,0.43478261,-950,-2261,-98.30434783,12,11,"two-contract post-signal scalp: one contract exits at first target, one runner uses selected stop mode and runner target"
1,signal_scaled_scalp:strategy=liquidity_sweep_absorption_reversal:direction=long:first_target_points=1.5:stop_points=2:runner_target_points=3:runner_stop_mode=breakeven,liquidity_sweep_absorption_reversal,long,1.5,2,3,breakeven,43048,12,12,6,6,2,4,0,0,6,0.5,-450,-1134,-94.5,12,0,"two-contract post-signal scalp: one contract exits at first target, one runner uses selected stop mode and runner target"
1,signal_scaled_scalp:strategy=liquidity_sweep_absorption_reversal:direction=short:first_target_points=1.5:stop_points=2:runner_target_points=3:runner_stop_mode=breakeven,liquidity_sweep_absorption_reversal,short,1.5,2,3,breakeven,43048,11,11,7,4,4,0,0,0,4,0.36363636,-500,-1127,-102.45454545,0,11,"two-contract post-signal scalp: one contract exits at first target, one runner uses selected stop mode and runner target"
1,signal_scaled_scalp:strategy=liquidity_sweep_absorption_reversal:direction=all:first_target_points=1.5:stop_points=2:runner_target_points=3:runner_stop_mode=initial,liquidity_sweep_absorption_reversal,all,1.5,2,3,initial,43048,23,23,13,10,9,1,0,0,9,0.39130435,-600,-1911,-83.08695652,12,11,"two-contract post-signal scalp: one contract exits at first target, one runner uses selected stop mode and runner target"
1,signal_scaled_scalp:strategy=liquidity_sweep_absorption_reversal:direction=long:first_target_points=1.5:stop_points=2:runner_target_points=3:runner_stop_mode=initial,liquidity_sweep_absorption_reversal,long,1.5,2,3,initial,43048,12,12,6,6,5,1,0,0,5,0.41666667,-100,-784,-65.33333333,12,0,"two-contract post-signal scalp: one contract exits at first target, one runner uses selected stop mode and runner target"
1,signal_scaled_scalp:strategy=liquidity_sweep_absorption_reversal:direction=short:first_target_points=1.5:stop_points=2:runner_target_points=3:runner_stop_mode=initial,liquidity_sweep_absorption_reversal,short,1.5,2,3,initial,43048,11,11,7,4,4,0,0,0,4,0.36363636,-500,-1127,-102.45454545,0,11,"two-contract post-signal scalp: one contract exits at first target, one runner uses selected stop mode and runner target"
1,signal_scaled_scalp:strategy=liquidity_sweep_absorption_reversal:direction=all:first_target_points=1.5:stop_points=2:runner_target_points=4:runner_stop_mode=breakeven,liquidity_sweep_absorption_reversal,all,1.5,2,4,breakeven,43048,23,23,13,10,6,4,0,0,10,0.43478261,-650,-1961,-85.26086957,12,11,"two-contract post-signal scalp: one contract exits at first target, one runner uses selected stop mode and runner target"
1,signal_scaled_scalp:strategy=liquidity_sweep_absorption_reversal:direction=long:first_target_points=1.5:stop_points=2:runner_target_points=4:runner_stop_mode=breakeven,liquidity_sweep_absorption_reversal,long,1.5,2,4,breakeven,43048,12,12,6,6,2,4,0,0,6,0.5,-350,-1034,-86.16666667,12,0,"two-contract post-signal scalp: one contract exits at first target, one runner uses selected stop mode and runner target"
1,signal_scaled_scalp:strategy=liquidity_sweep_absorption_reversal:direction=short:first_target_points=1.5:stop_points=2:runner_target_points=4:runner_stop_mode=breakeven,liquidity_sweep_absorption_reversal,short,1.5,2,4,breakeven,43048,11,11,7,4,4,0,0,0,4,0.36363636,-300,-927,-84.27272727,0,11,"two-contract post-signal scalp: one contract exits at first target, one runner uses selected stop mode and runner target"
1,signal_scaled_scalp:strategy=liquidity_sweep_absorption_reversal:direction=all:first_target_points=1.5:stop_points=2:runner_target_points=4:runner_stop_mode=initial,liquidity_sweep_absorption_reversal,all,1.5,2,4,initial,43048,23,23,13,10,9,1,0,0,9,0.39130435,-150,-1461,-63.52173913,12,11,"two-contract post-signal scalp: one contract exits at first target, one runner uses selected stop mode and runner target"
1,signal_scaled_scalp:strategy=liquidity_sweep_absorption_reversal:direction=long:first_target_points=1.5:stop_points=2:runner_target_points=4:runner_stop_mode=initial,liquidity_sweep_absorption_reversal,long,1.5,2,4,initial,43048,12,12,6,6,5,1,0,0,5,0.41666667,150,-534,-44.5,12,0,"two-contract post-signal scalp: one contract exits at first target, one runner uses selected stop mode and runner target"
1,signal_scaled_scalp:strategy=liquidity_sweep_absorption_reversal:direction=short:first_target_points=1.5:stop_points=2:runner_target_points=4:runner_stop_mode=initial,liquidity_sweep_absorption_reversal,short,1.5,2,4,initial,43048,11,11,7,4,4,0,0,0,4,0.36363636,-300,-927,-84.27272727,0,11,"two-contract post-signal scalp: one contract exits at first target, one runner uses selected stop mode and runner target"
1,signal_scaled_scalp:strategy=liquidity_sweep_absorption_reversal:direction=all:first_target_points=1.5:stop_points=2:runner_target_points=5:runner_stop_mode=breakeven,liquidity_sweep_absorption_reversal,all,1.5,2,5,breakeven,43048,23,23,13,10,5,5,0,0,10,0.43478261,-600,-1911,-83.08695652,12,11,"two-contract post-signal scalp: one contract exits at first target, one runner uses selected stop mode and runner target"
1,signal_scaled_scalp:strategy=liquidity_sweep_absorption_reversal:direction=long:first_target_points=1.5:stop_points=2:runner_target_points=5:runner_stop_mode=breakeven,liquidity_sweep_absorption_reversal,long,1.5,2,5,breakeven,43048,12,12,6,6,2,4,0,0,6,0.5,-250,-934,-77.83333333,12,0,"two-contract post-signal scalp: one contract exits at first target, one runner uses selected stop mode and runner target"
1,signal_scaled_scalp:strategy=liquidity_sweep_absorption_reversal:direction=short:first_target_points=1.5:stop_points=2:runner_target_points=5:runner_stop_mode=breakeven,liquidity_sweep_absorption_reversal,short,1.5,2,5,breakeven,43048,11,11,7,4,3,1,0,0,4,0.36363636,-350,-977,-88.81818182,0,11,"two-contract post-signal scalp: one contract exits at first target, one runner uses selected stop mode and runner target"
1,signal_scaled_scalp:strategy=liquidity_sweep_absorption_reversal:direction=all:first_target_points=1.5:stop_points=2:runner_target_points=5:runner_stop_mode=initial,liquidity_sweep_absorption_reversal,all,1.5,2,5,initial,43048,23,23,13,10,9,1,0,0,9,0.39130435,300,-1011,-43.95652174,12,11,"two-contract post-signal scalp: one contract exits at first target, one runner uses selected stop mode and runner target"
1,signal_scaled_scalp:strategy=liquidity_sweep_absorption_reversal:direction=long:first_target_points=1.5:stop_points=2:runner_target_points=5:runner_stop_mode=initial,liquidity_sweep_absorption_reversal,long,1.5,2,5,initial,43048,12,12,6,6,5,1,0,0,5,0.41666667,400,-284,-23.66666667,12,0,"two-contract post-signal scalp: one contract exits at first target, one runner uses selected stop mode and runner target"
1,signal_scaled_scalp:strategy=liquidity_sweep_absorption_reversal:direction=short:first_target_points=1.5:stop_points=2:runner_target_points=5:runner_stop_mode=initial,liquidity_sweep_absorption_reversal,short,1.5,2,5,initial,43048,11,11,7,4,4,0,0,0,4,0.36363636,-100,-727,-66.09090909,0,11,"two-contract post-signal scalp: one contract exits at first target, one runner uses selected stop mode and runner target"
1,signal_scaled_scalp:strategy=liquidity_sweep_absorption_reversal:direction=all:first_target_points=1.5:stop_points=2.5:runner_target_points=2:runner_stop_mode=breakeven,liquidity_sweep_absorption_reversal,all,1.5,2.5,2,breakeven,43048,23,23,11,12,10,2,0,0,12,0.52173913,-850,-2161,-93.95652174,12,11,"two-contract post-signal scalp: one contract exits at first target, one runner uses selected stop mode and runner target"
1,signal_scaled_scalp:strategy=liquidity_sweep_absorption_reversal:direction=long:first_target_points=1.5:stop_points=2.5:runner_target_points=2:runner_stop_mode=breakeven,liquidity_sweep_absorption_reversal,long,1.5,2.5,2,breakeven,43048,12,12,4,8,6,2,0,0,8,0.66666667,200,-484,-40.33333333,12,0,"two-contract post-signal scalp: one contract exits at first target, one runner uses selected stop mode and runner target"
1,signal_scaled_scalp:strategy=liquidity_sweep_absorption_reversal:direction=short:first_target_points=1.5:stop_points=2.5:runner_target_points=2:runner_stop_mode=breakeven,liquidity_sweep_absorption_reversal,short,1.5,2.5,2,breakeven,43048,11,11,7,4,4,0,0,0,4,0.36363636,-1050,-1677,-152.45454545,0,11,"two-contract post-signal scalp: one contract exits at first target, one runner uses selected stop mode and runner target"
1,signal_scaled_scalp:strategy=liquidity_sweep_absorption_reversal:direction=all:first_target_points=1.5:stop_points=2.5:runner_target_points=2:runner_stop_mode=initial,liquidity_sweep_absorption_reversal,all,1.5,2.5,2,initial,43048,23,23,11,12,12,0,0,0,12,0.52173913,-650,-1961,-85.26086957,12,11,"two-contract post-signal scalp: one contract exits at first target, one runner uses selected stop mode and runner target"
1,signal_scaled_scalp:strategy=liquidity_sweep_absorption_reversal:direction=long:first_target_points=1.5:stop_points=2.5:runner_target_points=2:runner_stop_mode=initial,liquidity_sweep_absorption_reversal,long,1.5,2.5,2,initial,43048,12,12,4,8,8,0,0,0,8,0.66666667,400,-284,-23.66666667,12,0,"two-contract post-signal scalp: one contract exits at first target, one runner uses selected stop mode and runner target"
1,signal_scaled_scalp:strategy=liquidity_sweep_absorption_reversal:direction=short:first_target_points=1.5:stop_points=2.5:runner_target_points=2:runner_stop_mode=initial,liquidity_sweep_absorption_reversal,short,1.5,2.5,2,initial,43048,11,11,7,4,4,0,0,0,4,0.36363636,-1050,-1677,-152.45454545,0,11,"two-contract post-signal scalp: one contract exits at first target, one runner uses selected stop mode and runner target"
1,signal_scaled_scalp:strategy=liquidity_sweep_absorption_reversal:direction=all:first_target_points=1.5:stop_points=2.5:runner_target_points=2.5:runner_stop_mode=breakeven,liquidity_sweep_absorption_reversal,all,1.5,2.5,2.5,breakeven,43048,23,23,11,12,8,4,0,0,12,0.52173913,-850,-2161,-93.95652174,12,11,"two-contract post-signal scalp: one contract exits at first target, one runner uses selected stop mode and runner target"
1,signal_scaled_scalp:strategy=liquidity_sweep_absorption_reversal:direction=long:first_target_points=1.5:stop_points=2.5:runner_target_points=2.5:runner_stop_mode=breakeven,liquidity_sweep_absorption_reversal,long,1.5,2.5,2.5,breakeven,43048,12,12,4,8,4,4,0,0,8,0.66666667,100,-584,-48.66666667,12,0,"two-contract post-signal scalp: one contract exits at first target, one runner uses selected stop mode and runner target"
1,signal_scaled_scalp:strategy=liquidity_sweep_absorption_reversal:direction=short:first_target_points=1.5:stop_points=2.5:runner_target_points=2.5:runner_stop_mode=breakeven,liquidity_sweep_absorption_reversal,short,1.5,2.5,2.5,breakeven,43048,11,11,7,4,4,0,0,0,4,0.36363636,-950,-1577,-143.36363636,0,11,"two-contract post-signal scalp: one contract exits at first target, one runner uses selected stop mode and runner target"
1,signal_scaled_scalp:strategy=liquidity_sweep_absorption_reversal:direction=all:first_target_points=1.5:stop_points=2.5:runner_target_points=2.5:runner_stop_mode=initial,liquidity_sweep_absorption_reversal,all,1.5,2.5,2.5,initial,43048,23,23,11,12,11,1,0,0,11,0.47826087,-600,-1911,-83.08695652,12,11,"two-contract post-signal scalp: one contract exits at first target, one runner uses selected stop mode and runner target"
1,signal_scaled_scalp:strategy=liquidity_sweep_absorption_reversal:direction=long:first_target_points=1.5:stop_points=2.5:runner_target_points=2.5:runner_stop_mode=initial,liquidity_sweep_absorption_reversal,long,1.5,2.5,2.5,initial,43048,12,12,4,8,7,1,0,0,7,0.58333333,350,-334,-27.83333333,12,0,"two-contract post-signal scalp: one contract exits at first target, one runner uses selected stop mode and runner target"
1,signal_scaled_scalp:strategy=liquidity_sweep_absorption_reversal:direction=short:first_target_points=1.5:stop_points=2.5:runner_target_points=2.5:runner_stop_mode=initial,liquidity_sweep_absorption_reversal,short,1.5,2.5,2.5,initial,43048,11,11,7,4,4,0,0,0,4,0.36363636,-950,-1577,-143.36363636,0,11,"two-contract post-signal scalp: one contract exits at first target, one runner uses selected stop mode and runner target"
1,signal_scaled_scalp:strategy=liquidity_sweep_absorption_reversal:direction=all:first_target_points=1.5:stop_points=2.5:runner_target_points=3:runner_stop_mode=breakeven,liquidity_sweep_absorption_reversal,all,1.5,2.5,3,breakeven,43048,23,23,11,12,8,4,0,0,12,0.52173913,-650,-1961,-85.26086957,12,11,"two-contract post-signal scalp: one contract exits at first target, one runner uses selected stop mode and runner target"
1,signal_scaled_scalp:strategy=liquidity_sweep_absorption_reversal:direction=long:first_target_points=1.5:stop_points=2.5:runner_target_points=3:runner_stop_mode=breakeven,liquidity_sweep_absorption_reversal,long,1.5,2.5,3,breakeven,43048,12,12,4,8,4,4,0,0,8,0.66666667,200,-484,-40.33333333,12,0,"two-contract post-signal scalp: one contract exits at first target, one runner uses selected stop mode and runner target"
1,signal_scaled_scalp:strategy=liquidity_sweep_absorption_reversal:direction=short:first_target_points=1.5:stop_points=2.5:runner_target_points=3:runner_stop_mode=breakeven,liquidity_sweep_absorption_reversal,short,1.5,2.5,3,breakeven,43048,11,11,7,4,4,0,0,0,4,0.36363636,-850,-1477,-134.27272727,0,11,"two-contract post-signal scalp: one contract exits at first target, one runner uses selected stop mode and runner target"
1,signal_scaled_scalp:strategy=liquidity_sweep_absorption_reversal:direction=all:first_target_points=1.5:stop_points=2.5:runner_target_points=3:runner_stop_mode=initial,liquidity_sweep_absorption_reversal,all,1.5,2.5,3,initial,43048,23,23,11,12,11,1,0,0,11,0.47826087,-325,-1636,-71.13043478,12,11,"two-contract post-signal scalp: one contract exits at first target, one runner uses selected stop mode and runner target"
1,signal_scaled_scalp:strategy=liquidity_sweep_absorption_reversal:direction=long:first_target_points=1.5:stop_points=2.5:runner_target_points=3:runner_stop_mode=initial,liquidity_sweep_absorption_reversal,long,1.5,2.5,3,initial,43048,12,12,4,8,7,1,0,0,7,0.58333333,525,-159,-13.25,12,0,"two-contract post-signal scalp: one contract exits at first target, one runner uses selected stop mode and runner target"
1,signal_scaled_scalp:strategy=liquidity_sweep_absorption_reversal:direction=short:first_target_points=1.5:stop_points=2.5:runner_target_points=3:runner_stop_mode=initial,liquidity_sweep_absorption_reversal,short,1.5,2.5,3,initial,43048,11,11,7,4,4,0,0,0,4,0.36363636,-850,-1477,-134.27272727,0,11,"two-contract post-signal scalp: one contract exits at first target, one runner uses selected stop mode and runner target"
1,signal_scaled_scalp:strategy=liquidity_sweep_absorption_reversal:direction=all:first_target_points=1.5:stop_points=2.5:runner_target_points=4:runner_stop_mode=breakeven,liquidity_sweep_absorption_reversal,all,1.5,2.5,4,breakeven,43048,23,23,11,12,7,5,0,0,12,0.52173913,-450,-1761,-76.56521739,12,11,"two-contract post-signal scalp: one contract exits at first target, one runner uses selected stop mode and runner target"
1,signal_scaled_scalp:strategy=liquidity_sweep_absorption_reversal:direction=long:first_target_points=1.5:stop_points=2.5:runner_target_points=4:runner_stop_mode=breakeven,liquidity_sweep_absorption_reversal,long,1.5,2.5,4,breakeven,43048,12,12,4,8,3,5,0,0,8,0.66666667,200,-484,-40.33333333,12,0,"two-contract post-signal scalp: one contract exits at first target, one runner uses selected stop mode and runner target"
1,signal_scaled_scalp:strategy=liquidity_sweep_absorption_reversal:direction=short:first_target_points=1.5:stop_points=2.5:runner_target_points=4:runner_stop_mode=breakeven,liquidity_sweep_absorption_reversal,short,1.5,2.5,4,breakeven,43048,11,11,7,4,4,0,0,0,4,0.36363636,-650,-1277,-116.09090909,0,11,"two-contract post-signal scalp: one contract exits at first target, one runner uses selected stop mode and runner target"
1,signal_scaled_scalp:strategy=liquidity_sweep_absorption_reversal:direction=all:first_target_points=1.5:stop_points=2.5:runner_target_points=4:runner_stop_mode=initial,liquidity_sweep_absorption_reversal,all,1.5,2.5,4,initial,43048,23,23,11,12,10,2,0,0,10,0.43478261,-100,-1411,-61.34782609,12,11,"two-contract post-signal scalp: one contract exits at first target, one runner uses selected stop mode and runner target"
1,signal_scaled_scalp:strategy=liquidity_sweep_absorption_reversal:direction=long:first_target_points=1.5:stop_points=2.5:runner_target_points=4:runner_stop_mode=initial,liquidity_sweep_absorption_reversal,long,1.5,2.5,4,initial,43048,12,12,4,8,6,2,0,0,6,0.5,550,-134,-11.16666667,12,0,"two-contract post-signal scalp: one contract exits at first target, one runner uses selected stop mode and runner target"
1,signal_scaled_scalp:strategy=liquidity_sweep_absorption_reversal:direction=short:first_target_points=1.5:stop_points=2.5:runner_target_points=4:runner_stop_mode=initial,liquidity_sweep_absorption_reversal,short,1.5,2.5,4,initial,43048,11,11,7,4,4,0,0,0,4,0.36363636,-650,-1277,-116.09090909,0,11,"two-contract post-signal scalp: one contract exits at first target, one runner uses selected stop mode and runner target"
1,signal_scaled_scalp:strategy=liquidity_sweep_absorption_reversal:direction=all:first_target_points=1.5:stop_points=2.5:runner_target_points=5:runner_stop_mode=breakeven,liquidity_sweep_absorption_reversal,all,1.5,2.5,5,breakeven,43048,23,23,11,12,6,6,0,0,12,0.52173913,-350,-1661,-72.2173913,12,11,"two-contract post-signal scalp: one contract exits at first target, one runner uses selected stop mode and runner target"
1,signal_scaled_scalp:strategy=liquidity_sweep_absorption_reversal:direction=long:first_target_points=1.5:stop_points=2.5:runner_target_points=5:runner_stop_mode=breakeven,liquidity_sweep_absorption_reversal,long,1.5,2.5,5,breakeven,43048,12,12,4,8,3,5,0,0,8,0.66666667,350,-334,-27.83333333,12,0,"two-contract post-signal scalp: one contract exits at first target, one runner uses selected stop mode and runner target"
1,signal_scaled_scalp:strategy=liquidity_sweep_absorption_reversal:direction=short:first_target_points=1.5:stop_points=2.5:runner_target_points=5:runner_stop_mode=breakeven,liquidity_sweep_absorption_reversal,short,1.5,2.5,5,breakeven,43048,11,11,7,4,3,1,0,0,4,0.36363636,-700,-1327,-120.63636364,0,11,"two-contract post-signal scalp: one contract exits at first target, one runner uses selected stop mode and runner target"
1,signal_scaled_scalp:strategy=liquidity_sweep_absorption_reversal:direction=all:first_target_points=1.5:stop_points=2.5:runner_target_points=5:runner_stop_mode=initial,liquidity_sweep_absorption_reversal,all,1.5,2.5,5,initial,43048,23,23,11,12,10,2,0,0,10,0.43478261,400,-911,-39.60869565,12,11,"two-contract post-signal scalp: one contract exits at first target, one runner uses selected stop mode and runner target"
1,signal_scaled_scalp:strategy=liquidity_sweep_absorption_reversal:direction=long:first_target_points=1.5:stop_points=2.5:runner_target_points=5:runner_stop_mode=initial,liquidity_sweep_absorption_reversal,long,1.5,2.5,5,initial,43048,12,12,4,8,6,2,0,0,6,0.5,850,166,13.83333333,12,0,"two-contract post-signal scalp: one contract exits at first target, one runner uses selected stop mode and runner target"
1,signal_scaled_scalp:strategy=liquidity_sweep_absorption_reversal:direction=short:first_target_points=1.5:stop_points=2.5:runner_target_points=5:runner_stop_mode=initial,liquidity_sweep_absorption_reversal,short,1.5,2.5,5,initial,43048,11,11,7,4,4,0,0,0,4,0.36363636,-450,-1077,-97.90909091,0,11,"two-contract post-signal scalp: one contract exits at first target, one runner uses selected stop mode and runner target"
1,signal_scaled_scalp:strategy=liquidity_sweep_absorption_reversal:direction=all:first_target_points=1.5:stop_points=3:runner_target_points=2:runner_stop_mode=breakeven,liquidity_sweep_absorption_reversal,all,1.5,3,2,breakeven,43048,23,23,11,12,10,2,0,0,12,0.52173913,-1400,-2711,-117.86956522,12,11,"two-contract post-signal scalp: one contract exits at first target, one runner uses selected stop mode and runner target"
1,signal_scaled_scalp:strategy=liquidity_sweep_absorption_reversal:direction=long:first_target_points=1.5:stop_points=3:runner_target_points=2:runner_stop_mode=breakeven,liquidity_sweep_absorption_reversal,long,1.5,3,2,breakeven,43048,12,12,4,8,6,2,0,0,8,0.66666667,0,-684,-57,12,0,"two-contract post-signal scalp: one contract exits at first target, one runner uses selected stop mode and runner target"
1,signal_scaled_scalp:strategy=liquidity_sweep_absorption_reversal:direction=short:first_target_points=1.5:stop_points=3:runner_target_points=2:runner_stop_mode=breakeven,liquidity_sweep_absorption_reversal,short,1.5,3,2,breakeven,43048,11,11,7,4,4,0,0,0,4,0.36363636,-1400,-2027,-184.27272727,0,11,"two-contract post-signal scalp: one contract exits at first target, one runner uses selected stop mode and runner target"
1,signal_scaled_scalp:strategy=liquidity_sweep_absorption_reversal:direction=all:first_target_points=1.5:stop_points=3:runner_target_points=2:runner_stop_mode=initial,liquidity_sweep_absorption_reversal,all,1.5,3,2,initial,43048,23,23,11,12,12,0,0,0,12,0.52173913,-1200,-2511,-109.17391304,12,11,"two-contract post-signal scalp: one contract exits at first target, one runner uses selected stop mode and runner target"
1,signal_scaled_scalp:strategy=liquidity_sweep_absorption_reversal:direction=long:first_target_points=1.5:stop_points=3:runner_target_points=2:runner_stop_mode=initial,liquidity_sweep_absorption_reversal,long,1.5,3,2,initial,43048,12,12,4,8,8,0,0,0,8,0.66666667,200,-484,-40.33333333,12,0,"two-contract post-signal scalp: one contract exits at first target, one runner uses selected stop mode and runner target"
1,signal_scaled_scalp:strategy=liquidity_sweep_absorption_reversal:direction=short:first_target_points=1.5:stop_points=3:runner_target_points=2:runner_stop_mode=initial,liquidity_sweep_absorption_reversal,short,1.5,3,2,initial,43048,11,11,7,4,4,0,0,0,4,0.36363636,-1400,-2027,-184.27272727,0,11,"two-contract post-signal scalp: one contract exits at first target, one runner uses selected stop mode and runner target"
1,signal_scaled_scalp:strategy=liquidity_sweep_absorption_reversal:direction=all:first_target_points=1.5:stop_points=3:runner_target_points=2.5:runner_stop_mode=breakeven,liquidity_sweep_absorption_reversal,all,1.5,3,2.5,breakeven,43048,23,23,11,12,8,4,0,0,12,0.52173913,-1400,-2711,-117.86956522,12,11,"two-contract post-signal scalp: one contract exits at first target, one runner uses selected stop mode and runner target"
1,signal_scaled_scalp:strategy=liquidity_sweep_absorption_reversal:direction=long:first_target_points=1.5:stop_points=3:runner_target_points=2.5:runner_stop_mode=breakeven,liquidity_sweep_absorption_reversal,long,1.5,3,2.5,breakeven,43048,12,12,4,8,4,4,0,0,8,0.66666667,-100,-784,-65.33333333,12,0,"two-contract post-signal scalp: one contract exits at first target, one runner uses selected stop mode and runner target"
1,signal_scaled_scalp:strategy=liquidity_sweep_absorption_reversal:direction=short:first_target_points=1.5:stop_points=3:runner_target_points=2.5:runner_stop_mode=breakeven,liquidity_sweep_absorption_reversal,short,1.5,3,2.5,breakeven,43048,11,11,7,4,4,0,0,0,4,0.36363636,-1300,-1927,-175.18181818,0,11,"two-contract post-signal scalp: one contract exits at first target, one runner uses selected stop mode and runner target"
1,signal_scaled_scalp:strategy=liquidity_sweep_absorption_reversal:direction=all:first_target_points=1.5:stop_points=3:runner_target_points=2.5:runner_stop_mode=initial,liquidity_sweep_absorption_reversal,all,1.5,3,2.5,initial,43048,23,23,11,12,11,1,0,0,11,0.47826087,-1175,-2486,-108.08695652,12,11,"two-contract post-signal scalp: one contract exits at first target, one runner uses selected stop mode and runner target"
1,signal_scaled_scalp:strategy=liquidity_sweep_absorption_reversal:direction=long:first_target_points=1.5:stop_points=3:runner_target_points=2.5:runner_stop_mode=initial,liquidity_sweep_absorption_reversal,long,1.5,3,2.5,initial,43048,12,12,4,8,7,1,0,0,7,0.58333333,125,-559,-46.58333333,12,0,"two-contract post-signal scalp: one contract exits at first target, one runner uses selected stop mode and runner target"
1,signal_scaled_scalp:strategy=liquidity_sweep_absorption_reversal:direction=short:first_target_points=1.5:stop_points=3:runner_target_points=2.5:runner_stop_mode=initial,liquidity_sweep_absorption_reversal,short,1.5,3,2.5,initial,43048,11,11,7,4,4,0,0,0,4,0.36363636,-1300,-1927,-175.18181818,0,11,"two-contract post-signal scalp: one contract exits at first target, one runner uses selected stop mode and runner target"
1,signal_scaled_scalp:strategy=liquidity_sweep_absorption_reversal:direction=all:first_target_points=1.5:stop_points=3:runner_target_points=3:runner_stop_mode=breakeven,liquidity_sweep_absorption_reversal,all,1.5,3,3,breakeven,43048,23,23,11,12,8,4,0,0,12,0.52173913,-1200,-2511,-109.17391304,12,11,"two-contract post-signal scalp: one contract exits at first target, one runner uses selected stop mode and runner target"
1,signal_scaled_scalp:strategy=liquidity_sweep_absorption_reversal:direction=long:first_target_points=1.5:stop_points=3:runner_target_points=3:runner_stop_mode=breakeven,liquidity_sweep_absorption_reversal,long,1.5,3,3,breakeven,43048,12,12,4,8,4,4,0,0,8,0.66666667,0,-684,-57,12,0,"two-contract post-signal scalp: one contract exits at first target, one runner uses selected stop mode and runner target"
1,signal_scaled_scalp:strategy=liquidity_sweep_absorption_reversal:direction=short:first_target_points=1.5:stop_points=3:runner_target_points=3:runner_stop_mode=breakeven,liquidity_sweep_absorption_reversal,short,1.5,3,3,breakeven,43048,11,11,7,4,4,0,0,0,4,0.36363636,-1200,-1827,-166.09090909,0,11,"two-contract post-signal scalp: one contract exits at first target, one runner uses selected stop mode and runner target"
1,signal_scaled_scalp:strategy=liquidity_sweep_absorption_reversal:direction=all:first_target_points=1.5:stop_points=3:runner_target_points=3:runner_stop_mode=initial,liquidity_sweep_absorption_reversal,all,1.5,3,3,initial,43048,23,23,11,12,11,1,0,0,11,0.47826087,-900,-2211,-96.13043478,12,11,"two-contract post-signal scalp: one contract exits at first target, one runner uses selected stop mode and runner target"
1,signal_scaled_scalp:strategy=liquidity_sweep_absorption_reversal:direction=long:first_target_points=1.5:stop_points=3:runner_target_points=3:runner_stop_mode=initial,liquidity_sweep_absorption_reversal,long,1.5,3,3,initial,43048,12,12,4,8,7,1,0,0,7,0.58333333,300,-384,-32,12,0,"two-contract post-signal scalp: one contract exits at first target, one runner uses selected stop mode and runner target"
1,signal_scaled_scalp:strategy=liquidity_sweep_absorption_reversal:direction=short:first_target_points=1.5:stop_points=3:runner_target_points=3:runner_stop_mode=initial,liquidity_sweep_absorption_reversal,short,1.5,3,3,initial,43048,11,11,7,4,4,0,0,0,4,0.36363636,-1200,-1827,-166.09090909,0,11,"two-contract post-signal scalp: one contract exits at first target, one runner uses selected stop mode and runner target"
1,signal_scaled_scalp:strategy=liquidity_sweep_absorption_reversal:direction=all:first_target_points=1.5:stop_points=3:runner_target_points=4:runner_stop_mode=breakeven,liquidity_sweep_absorption_reversal,all,1.5,3,4,breakeven,43048,23,23,11,12,7,5,0,0,12,0.52173913,-1000,-2311,-100.47826087,12,11,"two-contract post-signal scalp: one contract exits at first target, one runner uses selected stop mode and runner target"
1,signal_scaled_scalp:strategy=liquidity_sweep_absorption_reversal:direction=long:first_target_points=1.5:stop_points=3:runner_target_points=4:runner_stop_mode=breakeven,liquidity_sweep_absorption_reversal,long,1.5,3,4,breakeven,43048,12,12,4,8,3,5,0,0,8,0.66666667,0,-684,-57,12,0,"two-contract post-signal scalp: one contract exits at first target, one runner uses selected stop mode and runner target"
1,signal_scaled_scalp:strategy=liquidity_sweep_absorption_reversal:direction=short:first_target_points=1.5:stop_points=3:runner_target_points=4:runner_stop_mode=breakeven,liquidity_sweep_absorption_reversal,short,1.5,3,4,breakeven,43048,11,11,7,4,4,0,0,0,4,0.36363636,-1000,-1627,-147.90909091,0,11,"two-contract post-signal scalp: one contract exits at first target, one runner uses selected stop mode and runner target"
1,signal_scaled_scalp:strategy=liquidity_sweep_absorption_reversal:direction=all:first_target_points=1.5:stop_points=3:runner_target_points=4:runner_stop_mode=initial,liquidity_sweep_absorption_reversal,all,1.5,3,4,initial,43048,23,23,11,12,10,2,0,0,10,0.43478261,-700,-2011,-87.43478261,12,11,"two-contract post-signal scalp: one contract exits at first target, one runner uses selected stop mode and runner target"
1,signal_scaled_scalp:strategy=liquidity_sweep_absorption_reversal:direction=long:first_target_points=1.5:stop_points=3:runner_target_points=4:runner_stop_mode=initial,liquidity_sweep_absorption_reversal,long,1.5,3,4,initial,43048,12,12,4,8,6,2,0,0,6,0.5,300,-384,-32,12,0,"two-contract post-signal scalp: one contract exits at first target, one runner uses selected stop mode and runner target"
1,signal_scaled_scalp:strategy=liquidity_sweep_absorption_reversal:direction=short:first_target_points=1.5:stop_points=3:runner_target_points=4:runner_stop_mode=initial,liquidity_sweep_absorption_reversal,short,1.5,3,4,initial,43048,11,11,7,4,4,0,0,0,4,0.36363636,-1000,-1627,-147.90909091,0,11,"two-contract post-signal scalp: one contract exits at first target, one runner uses selected stop mode and runner target"
1,signal_scaled_scalp:strategy=liquidity_sweep_absorption_reversal:direction=all:first_target_points=1.5:stop_points=3:runner_target_points=5:runner_stop_mode=breakeven,liquidity_sweep_absorption_reversal,all,1.5,3,5,breakeven,43048,23,23,11,12,6,6,0,0,12,0.52173913,-900,-2211,-96.13043478,12,11,"two-contract post-signal scalp: one contract exits at first target, one runner uses selected stop mode and runner target"
1,signal_scaled_scalp:strategy=liquidity_sweep_absorption_reversal:direction=long:first_target_points=1.5:stop_points=3:runner_target_points=5:runner_stop_mode=breakeven,liquidity_sweep_absorption_reversal,long,1.5,3,5,breakeven,43048,12,12,4,8,3,5,0,0,8,0.66666667,150,-534,-44.5,12,0,"two-contract post-signal scalp: one contract exits at first target, one runner uses selected stop mode and runner target"
1,signal_scaled_scalp:strategy=liquidity_sweep_absorption_reversal:direction=short:first_target_points=1.5:stop_points=3:runner_target_points=5:runner_stop_mode=breakeven,liquidity_sweep_absorption_reversal,short,1.5,3,5,breakeven,43048,11,11,7,4,3,1,0,0,4,0.36363636,-1050,-1677,-152.45454545,0,11,"two-contract post-signal scalp: one contract exits at first target, one runner uses selected stop mode and runner target"
1,signal_scaled_scalp:strategy=liquidity_sweep_absorption_reversal:direction=all:first_target_points=1.5:stop_points=3:runner_target_points=5:runner_stop_mode=initial,liquidity_sweep_absorption_reversal,all,1.5,3,5,initial,43048,23,23,11,12,10,2,0,0,10,0.43478261,-200,-1511,-65.69565217,12,11,"two-contract post-signal scalp: one contract exits at first target, one runner uses selected stop mode and runner target"
1,signal_scaled_scalp:strategy=liquidity_sweep_absorption_reversal:direction=long:first_target_points=1.5:stop_points=3:runner_target_points=5:runner_stop_mode=initial,liquidity_sweep_absorption_reversal,long,1.5,3,5,initial,43048,12,12,4,8,6,2,0,0,6,0.5,600,-84,-7,12,0,"two-contract post-signal scalp: one contract exits at first target, one runner uses selected stop mode and runner target"
1,signal_scaled_scalp:strategy=liquidity_sweep_absorption_reversal:direction=short:first_target_points=1.5:stop_points=3:runner_target_points=5:runner_stop_mode=initial,liquidity_sweep_absorption_reversal,short,1.5,3,5,initial,43048,11,11,7,4,4,0,0,0,4,0.36363636,-800,-1427,-129.72727273,0,11,"two-contract post-signal scalp: one contract exits at first target, one runner uses selected stop mode and runner target"
