schema_version,experiment_id,strategy_id,direction_filter,first_target_points,stop_points,runner_target_points,runner_stop_mode,input_signal_rows,input_candidates,evaluated_trades,full_stops,first_target_hits,runner_target_hits,runner_stop_exits,end_of_session_exits,other_exits,positive_net_trades,positive_net_rate,gross_usd,net_usd,average_net_usd,long_trades,short_trades,notes
1,signal_scaled_scalp:strategy=random_25_per_day:direction=all:first_target_points=0.5:stop_points=1:runner_target_points=1.5:runner_stop_mode=breakeven,random_25_per_day,all,0.5,1,1.5,breakeven,212,212,212,114,98,56,42,0,0,56,0.26415094,-4750,-16834,-79.40566038,111,101,"two-contract post-signal scalp: one contract exits at first target, one runner uses selected stop mode and runner target"
1,signal_scaled_scalp:strategy=random_25_per_day:direction=all:first_target_points=0.5:stop_points=1:runner_target_points=1.5:runner_stop_mode=initial,random_25_per_day,all,0.5,1,1.5,initial,212,212,212,114,98,69,29,0,0,69,0.3254717,-5225,-17309,-81.64622642,111,101,"two-contract post-signal scalp: one contract exits at first target, one runner uses selected stop mode and runner target"
1,signal_scaled_scalp:strategy=random_25_per_day:direction=all:first_target_points=0.5:stop_points=1:runner_target_points=2:runner_stop_mode=breakeven,random_25_per_day,all,0.5,1,2,breakeven,212,212,212,114,98,40,58,0,0,40,0.18867925,-4950,-17034,-80.3490566,111,101,"two-contract post-signal scalp: one contract exits at first target, one runner uses selected stop mode and runner target"
1,signal_scaled_scalp:strategy=random_25_per_day:direction=all:first_target_points=0.5:stop_points=1:runner_target_points=2:runner_stop_mode=initial,random_25_per_day,all,0.5,1,2,initial,212,212,212,114,98,59,39,0,0,59,0.27830189,-5000,-17084,-80.58490566,111,101,"two-contract post-signal scalp: one contract exits at first target, one runner uses selected stop mode and runner target"
1,signal_scaled_scalp:strategy=random_25_per_day:direction=all:first_target_points=0.5:stop_points=1:runner_target_points=3:runner_stop_mode=breakeven,random_25_per_day,all,0.5,1,3,breakeven,212,212,212,114,98,28,70,0,0,28,0.13207547,-4750,-16834,-79.40566038,111,101,"two-contract post-signal scalp: one contract exits at first target, one runner uses selected stop mode and runner target"
1,signal_scaled_scalp:strategy=random_25_per_day:direction=all:first_target_points=0.5:stop_points=1:runner_target_points=3:runner_stop_mode=initial,random_25_per_day,all,0.5,1,3,initial,212,212,212,114,98,43,55,0,0,43,0.20283019,-5250,-17334,-81.76415094,111,101,"two-contract post-signal scalp: one contract exits at first target, one runner uses selected stop mode and runner target"
1,signal_scaled_scalp:strategy=random_25_per_day:direction=all:first_target_points=0.5:stop_points=1:runner_target_points=5:runner_stop_mode=breakeven,random_25_per_day,all,0.5,1,5,breakeven,212,212,212,114,98,20,78,0,0,20,0.09433962,-3950,-16034,-75.63207547,111,101,"two-contract post-signal scalp: one contract exits at first target, one runner uses selected stop mode and runner target"
1,signal_scaled_scalp:strategy=random_25_per_day:direction=all:first_target_points=0.5:stop_points=1:runner_target_points=5:runner_stop_mode=initial,random_25_per_day,all,0.5,1,5,initial,212,212,212,114,98,30,68,0,0,30,0.14150943,-4850,-16934,-79.87735849,111,101,"two-contract post-signal scalp: one contract exits at first target, one runner uses selected stop mode and runner target"
1,signal_scaled_scalp:strategy=random_25_per_day:direction=all:first_target_points=0.5:stop_points=1.5:runner_target_points=1.5:runner_stop_mode=breakeven,random_25_per_day,all,0.5,1.5,1.5,breakeven,212,212,212,101,111,58,53,0,0,58,0.27358491,-8025,-20109,-94.85377358,111,101,"two-contract post-signal scalp: one contract exits at first target, one runner uses selected stop mode and runner target"
1,signal_scaled_scalp:strategy=random_25_per_day:direction=all:first_target_points=0.5:stop_points=1.5:runner_target_points=1.5:runner_stop_mode=initial,random_25_per_day,all,0.5,1.5,1.5,initial,212,212,212,101,111,82,29,0,0,82,0.38679245,-8400,-20484,-96.62264151,111,101,"two-contract post-signal scalp: one contract exits at first target, one runner uses selected stop mode and runner target"
1,signal_scaled_scalp:strategy=random_25_per_day:direction=all:first_target_points=0.5:stop_points=1.5:runner_target_points=2:runner_stop_mode=breakeven,random_25_per_day,all,0.5,1.5,2,breakeven,212,212,212,101,111,42,69,0,0,42,0.19811321,-8175,-20259,-95.56132075,111,101,"two-contract post-signal scalp: one contract exits at first target, one runner uses selected stop mode and runner target"
1,signal_scaled_scalp:strategy=random_25_per_day:direction=all:first_target_points=0.5:stop_points=1.5:runner_target_points=2:runner_stop_mode=initial,random_25_per_day,all,0.5,1.5,2,initial,212,212,212,101,111,71,40,0,0,71,0.33490566,-8275,-20359,-96.03301887,111,101,"two-contract post-signal scalp: one contract exits at first target, one runner uses selected stop mode and runner target"
1,signal_scaled_scalp:strategy=random_25_per_day:direction=all:first_target_points=0.5:stop_points=1.5:runner_target_points=3:runner_stop_mode=breakeven,random_25_per_day,all,0.5,1.5,3,breakeven,212,212,212,101,111,30,81,0,0,30,0.14150943,-7875,-19959,-94.14622642,111,101,"two-contract post-signal scalp: one contract exits at first target, one runner uses selected stop mode and runner target"
1,signal_scaled_scalp:strategy=random_25_per_day:direction=all:first_target_points=0.5:stop_points=1.5:runner_target_points=3:runner_stop_mode=initial,random_25_per_day,all,0.5,1.5,3,initial,212,212,212,101,111,52,59,0,0,52,0.24528302,-9000,-21084,-99.45283019,111,101,"two-contract post-signal scalp: one contract exits at first target, one runner uses selected stop mode and runner target"
1,signal_scaled_scalp:strategy=random_25_per_day:direction=all:first_target_points=0.5:stop_points=1.5:runner_target_points=5:runner_stop_mode=breakeven,random_25_per_day,all,0.5,1.5,5,breakeven,212,212,212,101,111,21,90,0,0,21,0.0990566,-7125,-19209,-90.60849057,111,101,"two-contract post-signal scalp: one contract exits at first target, one runner uses selected stop mode and runner target"
1,signal_scaled_scalp:strategy=random_25_per_day:direction=all:first_target_points=0.5:stop_points=1.5:runner_target_points=5:runner_stop_mode=initial,random_25_per_day,all,0.5,1.5,5,initial,212,212,212,101,111,38,73,0,0,38,0.17924528,-8350,-20434,-96.38679245,111,101,"two-contract post-signal scalp: one contract exits at first target, one runner uses selected stop mode and runner target"
1,signal_scaled_scalp:strategy=random_25_per_day:direction=all:first_target_points=0.5:stop_points=2:runner_target_points=1.5:runner_stop_mode=breakeven,random_25_per_day,all,0.5,2,1.5,breakeven,212,212,212,82,130,61,69,0,0,61,0.28773585,-8575,-20659,-97.44811321,111,101,"two-contract post-signal scalp: one contract exits at first target, one runner uses selected stop mode and runner target"
1,signal_scaled_scalp:strategy=random_25_per_day:direction=all:first_target_points=0.5:stop_points=2:runner_target_points=1.5:runner_stop_mode=initial,random_25_per_day,all,0.5,2,1.5,initial,212,212,212,82,130,96,34,0,0,96,0.45283019,-9350,-21434,-101.10377358,111,101,"two-contract post-signal scalp: one contract exits at first target, one runner uses selected stop mode and runner target"
1,signal_scaled_scalp:strategy=random_25_per_day:direction=all:first_target_points=0.5:stop_points=2:runner_target_points=2:runner_stop_mode=breakeven,random_25_per_day,all,0.5,2,2,breakeven,212,212,212,82,130,45,85,0,0,45,0.21226415,-8650,-20734,-97.80188679,111,101,"two-contract post-signal scalp: one contract exits at first target, one runner uses selected stop mode and runner target"
1,signal_scaled_scalp:strategy=random_25_per_day:direction=all:first_target_points=0.5:stop_points=2:runner_target_points=2:runner_stop_mode=initial,random_25_per_day,all,0.5,2,2,initial,212,212,212,82,130,81,49,0,0,81,0.38207547,-9950,-22034,-103.93396226,111,101,"two-contract post-signal scalp: one contract exits at first target, one runner uses selected stop mode and runner target"
1,signal_scaled_scalp:strategy=random_25_per_day:direction=all:first_target_points=0.5:stop_points=2:runner_target_points=3:runner_stop_mode=breakeven,random_25_per_day,all,0.5,2,3,breakeven,212,212,212,82,130,33,97,0,0,33,0.15566038,-8200,-20284,-95.67924528,111,101,"two-contract post-signal scalp: one contract exits at first target, one runner uses selected stop mode and runner target"
1,signal_scaled_scalp:strategy=random_25_per_day:direction=all:first_target_points=0.5:stop_points=2:runner_target_points=3:runner_stop_mode=initial,random_25_per_day,all,0.5,2,3,initial,212,212,212,82,130,62,68,0,0,62,0.29245283,-10650,-22734,-107.23584906,111,101,"two-contract post-signal scalp: one contract exits at first target, one runner uses selected stop mode and runner target"
1,signal_scaled_scalp:strategy=random_25_per_day:direction=all:first_target_points=0.5:stop_points=2:runner_target_points=5:runner_stop_mode=breakeven,random_25_per_day,all,0.5,2,5,breakeven,212,212,212,82,130,23,107,0,0,23,0.10849057,-7400,-19484,-91.90566038,111,101,"two-contract post-signal scalp: one contract exits at first target, one runner uses selected stop mode and runner target"
1,signal_scaled_scalp:strategy=random_25_per_day:direction=all:first_target_points=0.5:stop_points=2:runner_target_points=5:runner_stop_mode=initial,random_25_per_day,all,0.5,2,5,initial,212,212,212,82,130,49,81,0,0,49,0.23113208,-9000,-21084,-99.45283019,111,101,"two-contract post-signal scalp: one contract exits at first target, one runner uses selected stop mode and runner target"
1,signal_scaled_scalp:strategy=random_25_per_day:direction=all:first_target_points=1:stop_points=1:runner_target_points=1.5:runner_stop_mode=breakeven,random_25_per_day,all,1,1,1.5,breakeven,212,212,212,126,86,62,24,0,0,62,0.29245283,-3650,-15734,-74.21698113,111,101,"two-contract post-signal scalp: one contract exits at first target, one runner uses selected stop mode and runner target"
1,signal_scaled_scalp:strategy=random_25_per_day:direction=all:first_target_points=1:stop_points=1:runner_target_points=1.5:runner_stop_mode=initial,random_25_per_day,all,1,1,1.5,initial,212,212,212,126,86,69,17,0,0,69,0.3254717,-3975,-16059,-75.75,111,101,"two-contract post-signal scalp: one contract exits at first target, one runner uses selected stop mode and runner target"
1,signal_scaled_scalp:strategy=random_25_per_day:direction=all:first_target_points=1:stop_points=1:runner_target_points=2:runner_stop_mode=breakeven,random_25_per_day,all,1,1,2,breakeven,212,212,212,126,86,45,41,0,0,45,0.21226415,-3800,-15884,-74.9245283,111,101,"two-contract post-signal scalp: one contract exits at first target, one runner uses selected stop mode and runner target"
1,signal_scaled_scalp:strategy=random_25_per_day:direction=all:first_target_points=1:stop_points=1:runner_target_points=2:runner_stop_mode=initial,random_25_per_day,all,1,1,2,initial,212,212,212,126,86,59,27,0,0,59,0.27830189,-3750,-15834,-74.68867925,111,101,"two-contract post-signal scalp: one contract exits at first target, one runner uses selected stop mode and runner target"
1,signal_scaled_scalp:strategy=random_25_per_day:direction=all:first_target_points=1:stop_points=1:runner_target_points=3:runner_stop_mode=breakeven,random_25_per_day,all,1,1,3,breakeven,212,212,212,126,86,29,57,0,0,29,0.13679245,-3950,-16034,-75.63207547,111,101,"two-contract post-signal scalp: one contract exits at first target, one runner uses selected stop mode and runner target"
1,signal_scaled_scalp:strategy=random_25_per_day:direction=all:first_target_points=1:stop_points=1:runner_target_points=3:runner_stop_mode=initial,random_25_per_day,all,1,1,3,initial,212,212,212,126,86,43,43,0,0,43,0.20283019,-4000,-16084,-75.86792453,111,101,"two-contract post-signal scalp: one contract exits at first target, one runner uses selected stop mode and runner target"
1,signal_scaled_scalp:strategy=random_25_per_day:direction=all:first_target_points=1:stop_points=1:runner_target_points=5:runner_stop_mode=breakeven,random_25_per_day,all,1,1,5,breakeven,212,212,212,126,86,21,65,0,0,21,0.0990566,-3050,-15134,-71.38679245,111,101,"two-contract post-signal scalp: one contract exits at first target, one runner uses selected stop mode and runner target"
1,signal_scaled_scalp:strategy=random_25_per_day:direction=all:first_target_points=1:stop_points=1:runner_target_points=5:runner_stop_mode=initial,random_25_per_day,all,1,1,5,initial,212,212,212,126,86,30,56,0,0,30,0.14150943,-3600,-15684,-73.98113208,111,101,"two-contract post-signal scalp: one contract exits at first target, one runner uses selected stop mode and runner target"
1,signal_scaled_scalp:strategy=random_25_per_day:direction=all:first_target_points=1:stop_points=1.5:runner_target_points=1.5:runner_stop_mode=breakeven,random_25_per_day,all,1,1.5,1.5,breakeven,212,212,212,110,102,71,31,0,0,71,0.33490566,-6075,-18159,-85.65566038,111,101,"two-contract post-signal scalp: one contract exits at first target, one runner uses selected stop mode and runner target"
1,signal_scaled_scalp:strategy=random_25_per_day:direction=all:first_target_points=1:stop_points=1.5:runner_target_points=1.5:runner_stop_mode=initial,random_25_per_day,all,1,1.5,1.5,initial,212,212,212,110,102,82,20,0,0,82,0.38679245,-6750,-18834,-88.83962264,111,101,"two-contract post-signal scalp: one contract exits at first target, one runner uses selected stop mode and runner target"
1,signal_scaled_scalp:strategy=random_25_per_day:direction=all:first_target_points=1:stop_points=1.5:runner_target_points=2:runner_stop_mode=breakeven,random_25_per_day,all,1,1.5,2,breakeven,212,212,212,110,102,53,49,0,0,53,0.25,-6100,-18184,-85.77358491,111,101,"two-contract post-signal scalp: one contract exits at first target, one runner uses selected stop mode and runner target"
1,signal_scaled_scalp:strategy=random_25_per_day:direction=all:first_target_points=1:stop_points=1.5:runner_target_points=2:runner_stop_mode=initial,random_25_per_day,all,1,1.5,2,initial,212,212,212,110,102,71,31,0,0,71,0.33490566,-6625,-18709,-88.25,111,101,"two-contract post-signal scalp: one contract exits at first target, one runner uses selected stop mode and runner target"
1,signal_scaled_scalp:strategy=random_25_per_day:direction=all:first_target_points=1:stop_points=1.5:runner_target_points=3:runner_stop_mode=breakeven,random_25_per_day,all,1,1.5,3,breakeven,212,212,212,110,102,32,70,0,0,32,0.1509434,-6600,-18684,-88.13207547,111,101,"two-contract post-signal scalp: one contract exits at first target, one runner uses selected stop mode and runner target"
1,signal_scaled_scalp:strategy=random_25_per_day:direction=all:first_target_points=1:stop_points=1.5:runner_target_points=3:runner_stop_mode=initial,random_25_per_day,all,1,1.5,3,initial,212,212,212,110,102,52,50,0,0,52,0.24528302,-7350,-19434,-91.66981132,111,101,"two-contract post-signal scalp: one contract exits at first target, one runner uses selected stop mode and runner target"
1,signal_scaled_scalp:strategy=random_25_per_day:direction=all:first_target_points=1:stop_points=1.5:runner_target_points=5:runner_stop_mode=breakeven,random_25_per_day,all,1,1.5,5,breakeven,212,212,212,110,102,22,80,0,0,22,0.10377358,-5900,-17984,-84.83018868,111,101,"two-contract post-signal scalp: one contract exits at first target, one runner uses selected stop mode and runner target"
1,signal_scaled_scalp:strategy=random_25_per_day:direction=all:first_target_points=1:stop_points=1.5:runner_target_points=5:runner_stop_mode=initial,random_25_per_day,all,1,1.5,5,initial,212,212,212,110,102,38,64,0,0,38,0.17924528,-6700,-18784,-88.60377358,111,101,"two-contract post-signal scalp: one contract exits at first target, one runner uses selected stop mode and runner target"
1,signal_scaled_scalp:strategy=random_25_per_day:direction=all:first_target_points=1:stop_points=2:runner_target_points=1.5:runner_stop_mode=breakeven,random_25_per_day,all,1,2,1.5,breakeven,212,212,212,94,118,78,40,0,0,78,0.36792453,-7050,-19134,-90.25471698,111,101,"two-contract post-signal scalp: one contract exits at first target, one runner uses selected stop mode and runner target"
1,signal_scaled_scalp:strategy=random_25_per_day:direction=all:first_target_points=1:stop_points=2:runner_target_points=1.5:runner_stop_mode=initial,random_25_per_day,all,1,2,1.5,initial,212,212,212,94,118,96,22,0,0,96,0.45283019,-7900,-19984,-94.26415094,111,101,"two-contract post-signal scalp: one contract exits at first target, one runner uses selected stop mode and runner target"
1,signal_scaled_scalp:strategy=random_25_per_day:direction=all:first_target_points=1:stop_points=2:runner_target_points=2:runner_stop_mode=breakeven,random_25_per_day,all,1,2,2,breakeven,212,212,212,94,118,57,61,0,0,57,0.26886792,-7200,-19284,-90.96226415,111,101,"two-contract post-signal scalp: one contract exits at first target, one runner uses selected stop mode and runner target"
1,signal_scaled_scalp:strategy=random_25_per_day:direction=all:first_target_points=1:stop_points=2:runner_target_points=2:runner_stop_mode=initial,random_25_per_day,all,1,2,2,initial,212,212,212,94,118,81,37,0,0,81,0.38207547,-8500,-20584,-97.09433962,111,101,"two-contract post-signal scalp: one contract exits at first target, one runner uses selected stop mode and runner target"
1,signal_scaled_scalp:strategy=random_25_per_day:direction=all:first_target_points=1:stop_points=2:runner_target_points=3:runner_stop_mode=breakeven,random_25_per_day,all,1,2,3,breakeven,212,212,212,94,118,35,83,0,0,35,0.16509434,-7650,-19734,-93.08490566,111,101,"two-contract post-signal scalp: one contract exits at first target, one runner uses selected stop mode and runner target"
1,signal_scaled_scalp:strategy=random_25_per_day:direction=all:first_target_points=1:stop_points=2:runner_target_points=3:runner_stop_mode=initial,random_25_per_day,all,1,2,3,initial,212,212,212,94,118,62,56,0,0,62,0.29245283,-9200,-21284,-100.39622642,111,101,"two-contract post-signal scalp: one contract exits at first target, one runner uses selected stop mode and runner target"
1,signal_scaled_scalp:strategy=random_25_per_day:direction=all:first_target_points=1:stop_points=2:runner_target_points=5:runner_stop_mode=breakeven,random_25_per_day,all,1,2,5,breakeven,212,212,212,94,118,24,94,0,0,24,0.11320755,-6900,-18984,-89.54716981,111,101,"two-contract post-signal scalp: one contract exits at first target, one runner uses selected stop mode and runner target"
1,signal_scaled_scalp:strategy=random_25_per_day:direction=all:first_target_points=1:stop_points=2:runner_target_points=5:runner_stop_mode=initial,random_25_per_day,all,1,2,5,initial,212,212,212,94,118,49,69,0,0,49,0.23113208,-7550,-19634,-92.61320755,111,101,"two-contract post-signal scalp: one contract exits at first target, one runner uses selected stop mode and runner target"
1,signal_scaled_scalp:strategy=random_25_per_day:direction=all:first_target_points=1.5:stop_points=1:runner_target_points=2:runner_stop_mode=breakeven,random_25_per_day,all,1.5,1,2,breakeven,212,212,212,143,69,51,18,0,0,69,0.3254717,-4025,-16109,-75.98584906,111,101,"two-contract post-signal scalp: one contract exits at first target, one runner uses selected stop mode and runner target"
1,signal_scaled_scalp:strategy=random_25_per_day:direction=all:first_target_points=1.5:stop_points=1:runner_target_points=2:runner_stop_mode=initial,random_25_per_day,all,1.5,1,2,initial,212,212,212,143,69,59,10,0,0,59,0.27830189,-3725,-15809,-74.57075472,111,101,"two-contract post-signal scalp: one contract exits at first target, one runner uses selected stop mode and runner target"
1,signal_scaled_scalp:strategy=random_25_per_day:direction=all:first_target_points=1.5:stop_points=1:runner_target_points=3:runner_stop_mode=breakeven,random_25_per_day,all,1.5,1,3,breakeven,212,212,212,143,69,32,37,0,0,69,0.3254717,-4325,-16409,-77.4009434,111,101,"two-contract post-signal scalp: one contract exits at first target, one runner uses selected stop mode and runner target"
1,signal_scaled_scalp:strategy=random_25_per_day:direction=all:first_target_points=1.5:stop_points=1:runner_target_points=3:runner_stop_mode=initial,random_25_per_day,all,1.5,1,3,initial,212,212,212,143,69,43,26,0,0,43,0.20283019,-3975,-16059,-75.75,111,101,"two-contract post-signal scalp: one contract exits at first target, one runner uses selected stop mode and runner target"
1,signal_scaled_scalp:strategy=random_25_per_day:direction=all:first_target_points=1.5:stop_points=1:runner_target_points=5:runner_stop_mode=breakeven,random_25_per_day,all,1.5,1,5,breakeven,212,212,212,143,69,23,46,0,0,69,0.3254717,-3375,-15459,-72.91981132,111,101,"two-contract post-signal scalp: one contract exits at first target, one runner uses selected stop mode and runner target"
1,signal_scaled_scalp:strategy=random_25_per_day:direction=all:first_target_points=1.5:stop_points=1:runner_target_points=5:runner_stop_mode=initial,random_25_per_day,all,1.5,1,5,initial,212,212,212,143,69,30,39,0,0,30,0.14150943,-3575,-15659,-73.86320755,111,101,"two-contract post-signal scalp: one contract exits at first target, one runner uses selected stop mode and runner target"
1,signal_scaled_scalp:strategy=random_25_per_day:direction=all:first_target_points=1.5:stop_points=1.5:runner_target_points=2:runner_stop_mode=breakeven,random_25_per_day,all,1.5,1.5,2,breakeven,212,212,212,130,82,62,20,0,0,82,0.38679245,-7150,-19234,-90.72641509,111,101,"two-contract post-signal scalp: one contract exits at first target, one runner uses selected stop mode and runner target"
1,signal_scaled_scalp:strategy=random_25_per_day:direction=all:first_target_points=1.5:stop_points=1.5:runner_target_points=2:runner_stop_mode=initial,random_25_per_day,all,1.5,1.5,2,initial,212,212,212,130,82,71,11,0,0,71,0.33490566,-7075,-19159,-90.37264151,111,101,"two-contract post-signal scalp: one contract exits at first target, one runner uses selected stop mode and runner target"
1,signal_scaled_scalp:strategy=random_25_per_day:direction=all:first_target_points=1.5:stop_points=1.5:runner_target_points=3:runner_stop_mode=breakeven,random_25_per_day,all,1.5,1.5,3,breakeven,212,212,212,130,82,36,46,0,0,82,0.38679245,-7950,-20034,-94.5,111,101,"two-contract post-signal scalp: one contract exits at first target, one runner uses selected stop mode and runner target"
1,signal_scaled_scalp:strategy=random_25_per_day:direction=all:first_target_points=1.5:stop_points=1.5:runner_target_points=3:runner_stop_mode=initial,random_25_per_day,all,1.5,1.5,3,initial,212,212,212,130,82,52,30,0,0,52,0.24528302,-7800,-19884,-93.79245283,111,101,"two-contract post-signal scalp: one contract exits at first target, one runner uses selected stop mode and runner target"
1,signal_scaled_scalp:strategy=random_25_per_day:direction=all:first_target_points=1.5:stop_points=1.5:runner_target_points=5:runner_stop_mode=breakeven,random_25_per_day,all,1.5,1.5,5,breakeven,212,212,212,130,82,24,58,0,0,82,0.38679245,-7350,-19434,-91.66981132,111,101,"two-contract post-signal scalp: one contract exits at first target, one runner uses selected stop mode and runner target"
1,signal_scaled_scalp:strategy=random_25_per_day:direction=all:first_target_points=1.5:stop_points=1.5:runner_target_points=5:runner_stop_mode=initial,random_25_per_day,all,1.5,1.5,5,initial,212,212,212,130,82,38,44,0,0,38,0.17924528,-7150,-19234,-90.72641509,111,101,"two-contract post-signal scalp: one contract exits at first target, one runner uses selected stop mode and runner target"
1,signal_scaled_scalp:strategy=random_25_per_day:direction=all:first_target_points=1.5:stop_points=2:runner_target_points=2:runner_stop_mode=breakeven,random_25_per_day,all,1.5,2,2,breakeven,212,212,212,116,96,72,24,0,0,96,0.45283019,-8800,-20884,-98.50943396,111,101,"two-contract post-signal scalp: one contract exits at first target, one runner uses selected stop mode and runner target"
1,signal_scaled_scalp:strategy=random_25_per_day:direction=all:first_target_points=1.5:stop_points=2:runner_target_points=2:runner_stop_mode=initial,random_25_per_day,all,1.5,2,2,initial,212,212,212,116,96,81,15,0,0,81,0.38207547,-9400,-21484,-101.33962264,111,101,"two-contract post-signal scalp: one contract exits at first target, one runner uses selected stop mode and runner target"
1,signal_scaled_scalp:strategy=random_25_per_day:direction=all:first_target_points=1.5:stop_points=2:runner_target_points=3:runner_stop_mode=breakeven,random_25_per_day,all,1.5,2,3,breakeven,212,212,212,116,96,43,53,0,0,96,0.45283019,-9550,-21634,-102.04716981,111,101,"two-contract post-signal scalp: one contract exits at first target, one runner uses selected stop mode and runner target"
1,signal_scaled_scalp:strategy=random_25_per_day:direction=all:first_target_points=1.5:stop_points=2:runner_target_points=3:runner_stop_mode=initial,random_25_per_day,all,1.5,2,3,initial,212,212,212,116,96,62,34,0,0,62,0.29245283,-10100,-22184,-104.64150943,111,101,"two-contract post-signal scalp: one contract exits at first target, one runner uses selected stop mode and runner target"
1,signal_scaled_scalp:strategy=random_25_per_day:direction=all:first_target_points=1.5:stop_points=2:runner_target_points=5:runner_stop_mode=breakeven,random_25_per_day,all,1.5,2,5,breakeven,212,212,212,116,96,30,66,0,0,96,0.45283019,-8500,-20584,-97.09433962,111,101,"two-contract post-signal scalp: one contract exits at first target, one runner uses selected stop mode and runner target"
1,signal_scaled_scalp:strategy=random_25_per_day:direction=all:first_target_points=1.5:stop_points=2:runner_target_points=5:runner_stop_mode=initial,random_25_per_day,all,1.5,2,5,initial,212,212,212,116,96,49,47,0,0,49,0.23113208,-8450,-20534,-96.85849057,111,101,"two-contract post-signal scalp: one contract exits at first target, one runner uses selected stop mode and runner target"
1,signal_scaled_scalp:strategy=vwap_extension_fade_1pt:direction=all:first_target_points=0.5:stop_points=1:runner_target_points=1.5:runner_stop_mode=breakeven,vwap_extension_fade_1pt,all,0.5,1,1.5,breakeven,144,144,144,76,68,33,35,0,0,33,0.22916667,-3425,-11633,-80.78472222,80,64,"two-contract post-signal scalp: one contract exits at first target, one runner uses selected stop mode and runner target"
1,signal_scaled_scalp:strategy=vwap_extension_fade_1pt:direction=all:first_target_points=0.5:stop_points=1:runner_target_points=1.5:runner_stop_mode=initial,vwap_extension_fade_1pt,all,0.5,1,1.5,initial,144,144,144,76,68,45,23,0,0,45,0.3125,-3675,-11883,-82.52083333,80,64,"two-contract post-signal scalp: one contract exits at first target, one runner uses selected stop mode and runner target"
1,signal_scaled_scalp:strategy=vwap_extension_fade_1pt:direction=all:first_target_points=0.5:stop_points=1:runner_target_points=2:runner_stop_mode=breakeven,vwap_extension_fade_1pt,all,0.5,1,2,breakeven,144,144,144,76,68,28,40,0,0,28,0.19444444,-3100,-11308,-78.52777778,80,64,"two-contract post-signal scalp: one contract exits at first target, one runner uses selected stop mode and runner target"
1,signal_scaled_scalp:strategy=vwap_extension_fade_1pt:direction=all:first_target_points=0.5:stop_points=1:runner_target_points=2:runner_stop_mode=initial,vwap_extension_fade_1pt,all,0.5,1,2,initial,144,144,144,76,68,43,25,0,0,43,0.29861111,-2850,-11058,-76.79166667,80,64,"two-contract post-signal scalp: one contract exits at first target, one runner uses selected stop mode and runner target"
1,signal_scaled_scalp:strategy=vwap_extension_fade_1pt:direction=all:first_target_points=0.5:stop_points=1:runner_target_points=3:runner_stop_mode=breakeven,vwap_extension_fade_1pt,all,0.5,1,3,breakeven,144,144,144,76,68,15,53,0,0,15,0.10416667,-3650,-11858,-82.34722222,80,64,"two-contract post-signal scalp: one contract exits at first target, one runner uses selected stop mode and runner target"
1,signal_scaled_scalp:strategy=vwap_extension_fade_1pt:direction=all:first_target_points=0.5:stop_points=1:runner_target_points=3:runner_stop_mode=initial,vwap_extension_fade_1pt,all,0.5,1,3,initial,144,144,144,76,68,34,34,0,0,34,0.23611111,-2500,-10708,-74.36111111,80,64,"two-contract post-signal scalp: one contract exits at first target, one runner uses selected stop mode and runner target"
1,signal_scaled_scalp:strategy=vwap_extension_fade_1pt:direction=all:first_target_points=0.5:stop_points=1:runner_target_points=5:runner_stop_mode=breakeven,vwap_extension_fade_1pt,all,0.5,1,5,breakeven,144,144,144,76,68,11,57,0,0,11,0.07638889,-3150,-11358,-78.875,80,64,"two-contract post-signal scalp: one contract exits at first target, one runner uses selected stop mode and runner target"
1,signal_scaled_scalp:strategy=vwap_extension_fade_1pt:direction=all:first_target_points=0.5:stop_points=1:runner_target_points=5:runner_stop_mode=initial,vwap_extension_fade_1pt,all,0.5,1,5,initial,144,144,144,76,68,25,43,0,0,25,0.17361111,-1800,-10008,-69.5,80,64,"two-contract post-signal scalp: one contract exits at first target, one runner uses selected stop mode and runner target"
1,signal_scaled_scalp:strategy=vwap_extension_fade_1pt:direction=all:first_target_points=0.5:stop_points=1.5:runner_target_points=1.5:runner_stop_mode=breakeven,vwap_extension_fade_1pt,all,0.5,1.5,1.5,breakeven,144,144,144,70,74,35,39,0,0,35,0.24305556,-6025,-14233,-98.84027778,80,64,"two-contract post-signal scalp: one contract exits at first target, one runner uses selected stop mode and runner target"
1,signal_scaled_scalp:strategy=vwap_extension_fade_1pt:direction=all:first_target_points=0.5:stop_points=1.5:runner_target_points=1.5:runner_stop_mode=initial,vwap_extension_fade_1pt,all,0.5,1.5,1.5,initial,144,144,144,70,74,52,22,0,0,52,0.36111111,-6400,-14608,-101.44444444,80,64,"two-contract post-signal scalp: one contract exits at first target, one runner uses selected stop mode and runner target"
1,signal_scaled_scalp:strategy=vwap_extension_fade_1pt:direction=all:first_target_points=0.5:stop_points=1.5:runner_target_points=2:runner_stop_mode=breakeven,vwap_extension_fade_1pt,all,0.5,1.5,2,breakeven,144,144,144,70,74,30,44,0,0,30,0.20833333,-5650,-13858,-96.23611111,80,64,"two-contract post-signal scalp: one contract exits at first target, one runner uses selected stop mode and runner target"
1,signal_scaled_scalp:strategy=vwap_extension_fade_1pt:direction=all:first_target_points=0.5:stop_points=1.5:runner_target_points=2:runner_stop_mode=initial,vwap_extension_fade_1pt,all,0.5,1.5,2,initial,144,144,144,70,74,49,25,0,0,49,0.34027778,-5625,-13833,-96.0625,80,64,"two-contract post-signal scalp: one contract exits at first target, one runner uses selected stop mode and runner target"
1,signal_scaled_scalp:strategy=vwap_extension_fade_1pt:direction=all:first_target_points=0.5:stop_points=1.5:runner_target_points=3:runner_stop_mode=breakeven,vwap_extension_fade_1pt,all,0.5,1.5,3,breakeven,144,144,144,70,74,17,57,0,0,17,0.11805556,-6100,-14308,-99.36111111,80,64,"two-contract post-signal scalp: one contract exits at first target, one runner uses selected stop mode and runner target"
1,signal_scaled_scalp:strategy=vwap_extension_fade_1pt:direction=all:first_target_points=0.5:stop_points=1.5:runner_target_points=3:runner_stop_mode=initial,vwap_extension_fade_1pt,all,0.5,1.5,3,initial,144,144,144,70,74,40,34,0,0,40,0.27777778,-5200,-13408,-93.11111111,80,64,"two-contract post-signal scalp: one contract exits at first target, one runner uses selected stop mode and runner target"
1,signal_scaled_scalp:strategy=vwap_extension_fade_1pt:direction=all:first_target_points=0.5:stop_points=1.5:runner_target_points=5:runner_stop_mode=breakeven,vwap_extension_fade_1pt,all,0.5,1.5,5,breakeven,144,144,144,70,74,13,61,0,0,13,0.09027778,-5400,-13608,-94.5,80,64,"two-contract post-signal scalp: one contract exits at first target, one runner uses selected stop mode and runner target"
1,signal_scaled_scalp:strategy=vwap_extension_fade_1pt:direction=all:first_target_points=0.5:stop_points=1.5:runner_target_points=5:runner_stop_mode=initial,vwap_extension_fade_1pt,all,0.5,1.5,5,initial,144,144,144,70,74,30,44,0,0,30,0.20833333,-4450,-12658,-87.90277778,80,64,"two-contract post-signal scalp: one contract exits at first target, one runner uses selected stop mode and runner target"
1,signal_scaled_scalp:strategy=vwap_extension_fade_1pt:direction=all:first_target_points=0.5:stop_points=2:runner_target_points=1.5:runner_stop_mode=breakeven,vwap_extension_fade_1pt,all,0.5,2,1.5,breakeven,144,144,144,60,84,37,47,0,0,37,0.25694444,-7125,-15333,-106.47916667,80,64,"two-contract post-signal scalp: one contract exits at first target, one runner uses selected stop mode and runner target"
1,signal_scaled_scalp:strategy=vwap_extension_fade_1pt:direction=all:first_target_points=0.5:stop_points=2:runner_target_points=1.5:runner_stop_mode=initial,vwap_extension_fade_1pt,all,0.5,2,1.5,initial,144,144,144,60,84,64,20,0,0,64,0.44444444,-7100,-15308,-106.30555556,80,64,"two-contract post-signal scalp: one contract exits at first target, one runner uses selected stop mode and runner target"
1,signal_scaled_scalp:strategy=vwap_extension_fade_1pt:direction=all:first_target_points=0.5:stop_points=2:runner_target_points=2:runner_stop_mode=breakeven,vwap_extension_fade_1pt,all,0.5,2,2,breakeven,144,144,144,60,84,32,52,0,0,32,0.22222222,-6700,-14908,-103.52777778,80,64,"two-contract post-signal scalp: one contract exits at first target, one runner uses selected stop mode and runner target"
1,signal_scaled_scalp:strategy=vwap_extension_fade_1pt:direction=all:first_target_points=0.5:stop_points=2:runner_target_points=2:runner_stop_mode=initial,vwap_extension_fade_1pt,all,0.5,2,2,initial,144,144,144,60,84,61,23,0,0,61,0.42361111,-6100,-14308,-99.36111111,80,64,"two-contract post-signal scalp: one contract exits at first target, one runner uses selected stop mode and runner target"
1,signal_scaled_scalp:strategy=vwap_extension_fade_1pt:direction=all:first_target_points=0.5:stop_points=2:runner_target_points=3:runner_stop_mode=breakeven,vwap_extension_fade_1pt,all,0.5,2,3,breakeven,144,144,144,60,84,18,66,0,0,18,0.125,-7200,-15408,-107,80,64,"two-contract post-signal scalp: one contract exits at first target, one runner uses selected stop mode and runner target"
1,signal_scaled_scalp:strategy=vwap_extension_fade_1pt:direction=all:first_target_points=0.5:stop_points=2:runner_target_points=3:runner_stop_mode=initial,vwap_extension_fade_1pt,all,0.5,2,3,initial,144,144,144,60,84,51,33,0,0,51,0.35416667,-5550,-13758,-95.54166667,80,64,"two-contract post-signal scalp: one contract exits at first target, one runner uses selected stop mode and runner target"
1,signal_scaled_scalp:strategy=vwap_extension_fade_1pt:direction=all:first_target_points=0.5:stop_points=2:runner_target_points=5:runner_stop_mode=breakeven,vwap_extension_fade_1pt,all,0.5,2,5,breakeven,144,144,144,60,84,13,71,0,0,13,0.09027778,-6650,-14858,-103.18055556,80,64,"two-contract post-signal scalp: one contract exits at first target, one runner uses selected stop mode and runner target"
1,signal_scaled_scalp:strategy=vwap_extension_fade_1pt:direction=all:first_target_points=0.5:stop_points=2:runner_target_points=5:runner_stop_mode=initial,vwap_extension_fade_1pt,all,0.5,2,5,initial,144,144,144,60,84,39,45,0,0,39,0.27083333,-4650,-12858,-89.29166667,80,64,"two-contract post-signal scalp: one contract exits at first target, one runner uses selected stop mode and runner target"
1,signal_scaled_scalp:strategy=vwap_extension_fade_1pt:direction=all:first_target_points=1:stop_points=1:runner_target_points=1.5:runner_stop_mode=breakeven,vwap_extension_fade_1pt,all,1,1,1.5,breakeven,144,144,144,87,57,39,18,0,0,39,0.27083333,-2925,-11133,-77.3125,80,64,"two-contract post-signal scalp: one contract exits at first target, one runner uses selected stop mode and runner target"
1,signal_scaled_scalp:strategy=vwap_extension_fade_1pt:direction=all:first_target_points=1:stop_points=1:runner_target_points=1.5:runner_stop_mode=initial,vwap_extension_fade_1pt,all,1,1,1.5,initial,144,144,144,87,57,45,12,0,0,45,0.3125,-3075,-11283,-78.35416667,80,64,"two-contract post-signal scalp: one contract exits at first target, one runner uses selected stop mode and runner target"
1,signal_scaled_scalp:strategy=vwap_extension_fade_1pt:direction=all:first_target_points=1:stop_points=1:runner_target_points=2:runner_stop_mode=breakeven,vwap_extension_fade_1pt,all,1,1,2,breakeven,144,144,144,87,57,34,23,0,0,34,0.23611111,-2450,-10658,-74.01388889,80,64,"two-contract post-signal scalp: one contract exits at first target, one runner uses selected stop mode and runner target"
1,signal_scaled_scalp:strategy=vwap_extension_fade_1pt:direction=all:first_target_points=1:stop_points=1:runner_target_points=2:runner_stop_mode=initial,vwap_extension_fade_1pt,all,1,1,2,initial,144,144,144,87,57,43,14,0,0,43,0.29861111,-2250,-10458,-72.625,80,64,"two-contract post-signal scalp: one contract exits at first target, one runner uses selected stop mode and runner target"
1,signal_scaled_scalp:strategy=vwap_extension_fade_1pt:direction=all:first_target_points=1:stop_points=1:runner_target_points=3:runner_stop_mode=breakeven,vwap_extension_fade_1pt,all,1,1,3,breakeven,144,144,144,87,57,21,36,0,0,21,0.14583333,-2700,-10908,-75.75,80,64,"two-contract post-signal scalp: one contract exits at first target, one runner uses selected stop mode and runner target"
1,signal_scaled_scalp:strategy=vwap_extension_fade_1pt:direction=all:first_target_points=1:stop_points=1:runner_target_points=3:runner_stop_mode=initial,vwap_extension_fade_1pt,all,1,1,3,initial,144,144,144,87,57,34,23,0,0,34,0.23611111,-1900,-10108,-70.19444444,80,64,"two-contract post-signal scalp: one contract exits at first target, one runner uses selected stop mode and runner target"
1,signal_scaled_scalp:strategy=vwap_extension_fade_1pt:direction=all:first_target_points=1:stop_points=1:runner_target_points=5:runner_stop_mode=breakeven,vwap_extension_fade_1pt,all,1,1,5,breakeven,144,144,144,87,57,13,44,0,0,13,0.09027778,-2600,-10808,-75.05555556,80,64,"two-contract post-signal scalp: one contract exits at first target, one runner uses selected stop mode and runner target"
1,signal_scaled_scalp:strategy=vwap_extension_fade_1pt:direction=all:first_target_points=1:stop_points=1:runner_target_points=5:runner_stop_mode=initial,vwap_extension_fade_1pt,all,1,1,5,initial,144,144,144,87,57,25,32,0,0,25,0.17361111,-1200,-9408,-65.33333333,80,64,"two-contract post-signal scalp: one contract exits at first target, one runner uses selected stop mode and runner target"
1,signal_scaled_scalp:strategy=vwap_extension_fade_1pt:direction=all:first_target_points=1:stop_points=1.5:runner_target_points=1.5:runner_stop_mode=breakeven,vwap_extension_fade_1pt,all,1,1.5,1.5,breakeven,144,144,144,81,63,42,21,0,0,42,0.29166667,-5850,-14058,-97.625,80,64,"two-contract post-signal scalp: one contract exits at first target, one runner uses selected stop mode and runner target"
1,signal_scaled_scalp:strategy=vwap_extension_fade_1pt:direction=all:first_target_points=1:stop_points=1.5:runner_target_points=1.5:runner_stop_mode=initial,vwap_extension_fade_1pt,all,1,1.5,1.5,initial,144,144,144,81,63,52,11,0,0,52,0.36111111,-5925,-14133,-98.14583333,80,64,"two-contract post-signal scalp: one contract exits at first target, one runner uses selected stop mode and runner target"
1,signal_scaled_scalp:strategy=vwap_extension_fade_1pt:direction=all:first_target_points=1:stop_points=1.5:runner_target_points=2:runner_stop_mode=breakeven,vwap_extension_fade_1pt,all,1,1.5,2,breakeven,144,144,144,81,63,36,27,0,0,36,0.25,-5400,-13608,-94.5,80,64,"two-contract post-signal scalp: one contract exits at first target, one runner uses selected stop mode and runner target"
1,signal_scaled_scalp:strategy=vwap_extension_fade_1pt:direction=all:first_target_points=1:stop_points=1.5:runner_target_points=2:runner_stop_mode=initial,vwap_extension_fade_1pt,all,1,1.5,2,initial,144,144,144,81,63,49,14,0,0,49,0.34027778,-5150,-13358,-92.76388889,80,64,"two-contract post-signal scalp: one contract exits at first target, one runner uses selected stop mode and runner target"
1,signal_scaled_scalp:strategy=vwap_extension_fade_1pt:direction=all:first_target_points=1:stop_points=1.5:runner_target_points=3:runner_stop_mode=breakeven,vwap_extension_fade_1pt,all,1,1.5,3,breakeven,144,144,144,81,63,23,40,0,0,23,0.15972222,-5550,-13758,-95.54166667,80,64,"two-contract post-signal scalp: one contract exits at first target, one runner uses selected stop mode and runner target"
1,signal_scaled_scalp:strategy=vwap_extension_fade_1pt:direction=all:first_target_points=1:stop_points=1.5:runner_target_points=3:runner_stop_mode=initial,vwap_extension_fade_1pt,all,1,1.5,3,initial,144,144,144,81,63,40,23,0,0,40,0.27777778,-4725,-12933,-89.8125,80,64,"two-contract post-signal scalp: one contract exits at first target, one runner uses selected stop mode and runner target"
1,signal_scaled_scalp:strategy=vwap_extension_fade_1pt:direction=all:first_target_points=1:stop_points=1.5:runner_target_points=5:runner_stop_mode=breakeven,vwap_extension_fade_1pt,all,1,1.5,5,breakeven,144,144,144,81,63,15,48,0,0,15,0.10416667,-5250,-13458,-93.45833333,80,64,"two-contract post-signal scalp: one contract exits at first target, one runner uses selected stop mode and runner target"
1,signal_scaled_scalp:strategy=vwap_extension_fade_1pt:direction=all:first_target_points=1:stop_points=1.5:runner_target_points=5:runner_stop_mode=initial,vwap_extension_fade_1pt,all,1,1.5,5,initial,144,144,144,81,63,30,33,0,0,30,0.20833333,-3975,-12183,-84.60416667,80,64,"two-contract post-signal scalp: one contract exits at first target, one runner uses selected stop mode and runner target"
1,signal_scaled_scalp:strategy=vwap_extension_fade_1pt:direction=all:first_target_points=1:stop_points=2:runner_target_points=1.5:runner_stop_mode=breakeven,vwap_extension_fade_1pt,all,1,2,1.5,breakeven,144,144,144,70,74,48,26,0,0,48,0.33333333,-6700,-14908,-103.52777778,80,64,"two-contract post-signal scalp: one contract exits at first target, one runner uses selected stop mode and runner target"
1,signal_scaled_scalp:strategy=vwap_extension_fade_1pt:direction=all:first_target_points=1:stop_points=2:runner_target_points=1.5:runner_stop_mode=initial,vwap_extension_fade_1pt,all,1,2,1.5,initial,144,144,144,70,74,64,10,0,0,64,0.44444444,-6500,-14708,-102.13888889,80,64,"two-contract post-signal scalp: one contract exits at first target, one runner uses selected stop mode and runner target"
1,signal_scaled_scalp:strategy=vwap_extension_fade_1pt:direction=all:first_target_points=1:stop_points=2:runner_target_points=2:runner_stop_mode=breakeven,vwap_extension_fade_1pt,all,1,2,2,breakeven,144,144,144,70,74,41,33,0,0,41,0.28472222,-6200,-14408,-100.05555556,80,64,"two-contract post-signal scalp: one contract exits at first target, one runner uses selected stop mode and runner target"
1,signal_scaled_scalp:strategy=vwap_extension_fade_1pt:direction=all:first_target_points=1:stop_points=2:runner_target_points=2:runner_stop_mode=initial,vwap_extension_fade_1pt,all,1,2,2,initial,144,144,144,70,74,61,13,0,0,61,0.42361111,-5500,-13708,-95.19444444,80,64,"two-contract post-signal scalp: one contract exits at first target, one runner uses selected stop mode and runner target"
1,signal_scaled_scalp:strategy=vwap_extension_fade_1pt:direction=all:first_target_points=1:stop_points=2:runner_target_points=3:runner_stop_mode=breakeven,vwap_extension_fade_1pt,all,1,2,3,breakeven,144,144,144,70,74,24,50,0,0,24,0.16666667,-6700,-14908,-103.52777778,80,64,"two-contract post-signal scalp: one contract exits at first target, one runner uses selected stop mode and runner target"
1,signal_scaled_scalp:strategy=vwap_extension_fade_1pt:direction=all:first_target_points=1:stop_points=2:runner_target_points=3:runner_stop_mode=initial,vwap_extension_fade_1pt,all,1,2,3,initial,144,144,144,70,74,51,23,0,0,51,0.35416667,-4950,-13158,-91.375,80,64,"two-contract post-signal scalp: one contract exits at first target, one runner uses selected stop mode and runner target"
1,signal_scaled_scalp:strategy=vwap_extension_fade_1pt:direction=all:first_target_points=1:stop_points=2:runner_target_points=5:runner_stop_mode=breakeven,vwap_extension_fade_1pt,all,1,2,5,breakeven,144,144,144,70,74,15,59,0,0,15,0.10416667,-6550,-14758,-102.48611111,80,64,"two-contract post-signal scalp: one contract exits at first target, one runner uses selected stop mode and runner target"
1,signal_scaled_scalp:strategy=vwap_extension_fade_1pt:direction=all:first_target_points=1:stop_points=2:runner_target_points=5:runner_stop_mode=initial,vwap_extension_fade_1pt,all,1,2,5,initial,144,144,144,70,74,39,35,0,0,39,0.27083333,-4050,-12258,-85.125,80,64,"two-contract post-signal scalp: one contract exits at first target, one runner uses selected stop mode and runner target"
1,signal_scaled_scalp:strategy=vwap_extension_fade_1pt:direction=all:first_target_points=1.5:stop_points=1:runner_target_points=2:runner_stop_mode=breakeven,vwap_extension_fade_1pt,all,1.5,1,2,breakeven,144,144,144,99,45,36,9,0,0,45,0.3125,-2925,-11133,-77.3125,80,64,"two-contract post-signal scalp: one contract exits at first target, one runner uses selected stop mode and runner target"
1,signal_scaled_scalp:strategy=vwap_extension_fade_1pt:direction=all:first_target_points=1.5:stop_points=1:runner_target_points=2:runner_stop_mode=initial,vwap_extension_fade_1pt,all,1.5,1,2,initial,144,144,144,99,45,43,2,0,0,43,0.29861111,-2325,-10533,-73.14583333,80,64,"two-contract post-signal scalp: one contract exits at first target, one runner uses selected stop mode and runner target"
1,signal_scaled_scalp:strategy=vwap_extension_fade_1pt:direction=all:first_target_points=1.5:stop_points=1:runner_target_points=3:runner_stop_mode=breakeven,vwap_extension_fade_1pt,all,1.5,1,3,breakeven,144,144,144,99,45,22,23,0,0,45,0.3125,-3225,-11433,-79.39583333,80,64,"two-contract post-signal scalp: one contract exits at first target, one runner uses selected stop mode and runner target"
1,signal_scaled_scalp:strategy=vwap_extension_fade_1pt:direction=all:first_target_points=1.5:stop_points=1:runner_target_points=3:runner_stop_mode=initial,vwap_extension_fade_1pt,all,1.5,1,3,initial,144,144,144,99,45,34,11,0,0,34,0.23611111,-1975,-10183,-70.71527778,80,64,"two-contract post-signal scalp: one contract exits at first target, one runner uses selected stop mode and runner target"
1,signal_scaled_scalp:strategy=vwap_extension_fade_1pt:direction=all:first_target_points=1.5:stop_points=1:runner_target_points=5:runner_stop_mode=breakeven,vwap_extension_fade_1pt,all,1.5,1,5,breakeven,144,144,144,99,45,14,31,0,0,45,0.3125,-3025,-11233,-78.00694444,80,64,"two-contract post-signal scalp: one contract exits at first target, one runner uses selected stop mode and runner target"
1,signal_scaled_scalp:strategy=vwap_extension_fade_1pt:direction=all:first_target_points=1.5:stop_points=1:runner_target_points=5:runner_stop_mode=initial,vwap_extension_fade_1pt,all,1.5,1,5,initial,144,144,144,99,45,25,20,0,0,25,0.17361111,-1275,-9483,-65.85416667,80,64,"two-contract post-signal scalp: one contract exits at first target, one runner uses selected stop mode and runner target"
1,signal_scaled_scalp:strategy=vwap_extension_fade_1pt:direction=all:first_target_points=1.5:stop_points=1.5:runner_target_points=2:runner_stop_mode=breakeven,vwap_extension_fade_1pt,all,1.5,1.5,2,breakeven,144,144,144,92,52,41,11,0,0,52,0.36111111,-5800,-14008,-97.27777778,80,64,"two-contract post-signal scalp: one contract exits at first target, one runner uses selected stop mode and runner target"
1,signal_scaled_scalp:strategy=vwap_extension_fade_1pt:direction=all:first_target_points=1.5:stop_points=1.5:runner_target_points=2:runner_stop_mode=initial,vwap_extension_fade_1pt,all,1.5,1.5,2,initial,144,144,144,92,52,49,3,0,0,49,0.34027778,-5225,-13433,-93.28472222,80,64,"two-contract post-signal scalp: one contract exits at first target, one runner uses selected stop mode and runner target"
1,signal_scaled_scalp:strategy=vwap_extension_fade_1pt:direction=all:first_target_points=1.5:stop_points=1.5:runner_target_points=3:runner_stop_mode=breakeven,vwap_extension_fade_1pt,all,1.5,1.5,3,breakeven,144,144,144,92,52,27,25,0,0,52,0.36111111,-5850,-14058,-97.625,80,64,"two-contract post-signal scalp: one contract exits at first target, one runner uses selected stop mode and runner target"
1,signal_scaled_scalp:strategy=vwap_extension_fade_1pt:direction=all:first_target_points=1.5:stop_points=1.5:runner_target_points=3:runner_stop_mode=initial,vwap_extension_fade_1pt,all,1.5,1.5,3,initial,144,144,144,92,52,40,12,0,0,40,0.27777778,-4800,-13008,-90.33333333,80,64,"two-contract post-signal scalp: one contract exits at first target, one runner uses selected stop mode and runner target"
1,signal_scaled_scalp:strategy=vwap_extension_fade_1pt:direction=all:first_target_points=1.5:stop_points=1.5:runner_target_points=5:runner_stop_mode=breakeven,vwap_extension_fade_1pt,all,1.5,1.5,5,breakeven,144,144,144,92,52,19,33,0,0,52,0.36111111,-5150,-13358,-92.76388889,80,64,"two-contract post-signal scalp: one contract exits at first target, one runner uses selected stop mode and runner target"
1,signal_scaled_scalp:strategy=vwap_extension_fade_1pt:direction=all:first_target_points=1.5:stop_points=1.5:runner_target_points=5:runner_stop_mode=initial,vwap_extension_fade_1pt,all,1.5,1.5,5,initial,144,144,144,92,52,30,22,0,0,30,0.20833333,-4050,-12258,-85.125,80,64,"two-contract post-signal scalp: one contract exits at first target, one runner uses selected stop mode and runner target"
1,signal_scaled_scalp:strategy=vwap_extension_fade_1pt:direction=all:first_target_points=1.5:stop_points=2:runner_target_points=2:runner_stop_mode=breakeven,vwap_extension_fade_1pt,all,1.5,2,2,breakeven,144,144,144,80,64,50,14,0,0,64,0.44444444,-6200,-14408,-100.05555556,80,64,"two-contract post-signal scalp: one contract exits at first target, one runner uses selected stop mode and runner target"
1,signal_scaled_scalp:strategy=vwap_extension_fade_1pt:direction=all:first_target_points=1.5:stop_points=2:runner_target_points=2:runner_stop_mode=initial,vwap_extension_fade_1pt,all,1.5,2,2,initial,144,144,144,80,64,61,3,0,0,61,0.42361111,-5400,-13608,-94.5,80,64,"two-contract post-signal scalp: one contract exits at first target, one runner uses selected stop mode and runner target"
1,signal_scaled_scalp:strategy=vwap_extension_fade_1pt:direction=all:first_target_points=1.5:stop_points=2:runner_target_points=3:runner_stop_mode=breakeven,vwap_extension_fade_1pt,all,1.5,2,3,breakeven,144,144,144,80,64,30,34,0,0,64,0.44444444,-6700,-14908,-103.52777778,80,64,"two-contract post-signal scalp: one contract exits at first target, one runner uses selected stop mode and runner target"
1,signal_scaled_scalp:strategy=vwap_extension_fade_1pt:direction=all:first_target_points=1.5:stop_points=2:runner_target_points=3:runner_stop_mode=initial,vwap_extension_fade_1pt,all,1.5,2,3,initial,144,144,144,80,64,51,13,0,0,51,0.35416667,-4850,-13058,-90.68055556,80,64,"two-contract post-signal scalp: one contract exits at first target, one runner uses selected stop mode and runner target"
1,signal_scaled_scalp:strategy=vwap_extension_fade_1pt:direction=all:first_target_points=1.5:stop_points=2:runner_target_points=5:runner_stop_mode=breakeven,vwap_extension_fade_1pt,all,1.5,2,5,breakeven,144,144,144,80,64,20,44,0,0,64,0.44444444,-6200,-14408,-100.05555556,80,64,"two-contract post-signal scalp: one contract exits at first target, one runner uses selected stop mode and runner target"
1,signal_scaled_scalp:strategy=vwap_extension_fade_1pt:direction=all:first_target_points=1.5:stop_points=2:runner_target_points=5:runner_stop_mode=initial,vwap_extension_fade_1pt,all,1.5,2,5,initial,144,144,144,80,64,39,25,0,0,39,0.27083333,-3950,-12158,-84.43055556,80,64,"two-contract post-signal scalp: one contract exits at first target, one runner uses selected stop mode and runner target"
1,signal_scaled_scalp:strategy=vwap_extension_fade_2pt:direction=all:first_target_points=0.5:stop_points=1:runner_target_points=1.5:runner_stop_mode=breakeven,vwap_extension_fade_2pt,all,0.5,1,1.5,breakeven,154,154,154,83,71,33,38,0,0,33,0.21428571,-4050,-12828,-83.2987013,86,68,"two-contract post-signal scalp: one contract exits at first target, one runner uses selected stop mode and runner target"
1,signal_scaled_scalp:strategy=vwap_extension_fade_2pt:direction=all:first_target_points=0.5:stop_points=1:runner_target_points=1.5:runner_stop_mode=initial,vwap_extension_fade_2pt,all,0.5,1,1.5,initial,154,154,154,83,71,43,28,0,0,43,0.27922078,-4700,-13478,-87.51948052,86,68,"two-contract post-signal scalp: one contract exits at first target, one runner uses selected stop mode and runner target"
1,signal_scaled_scalp:strategy=vwap_extension_fade_2pt:direction=all:first_target_points=0.5:stop_points=1:runner_target_points=2:runner_stop_mode=breakeven,vwap_extension_fade_2pt,all,0.5,1,2,breakeven,154,154,154,83,71,30,41,0,0,30,0.19480519,-3525,-12303,-79.88961039,86,68,"two-contract post-signal scalp: one contract exits at first target, one runner uses selected stop mode and runner target"
1,signal_scaled_scalp:strategy=vwap_extension_fade_2pt:direction=all:first_target_points=0.5:stop_points=1:runner_target_points=2:runner_stop_mode=initial,vwap_extension_fade_2pt,all,0.5,1,2,initial,154,154,154,83,71,42,29,0,0,42,0.27272727,-3775,-12553,-81.51298701,86,68,"two-contract post-signal scalp: one contract exits at first target, one runner uses selected stop mode and runner target"
1,signal_scaled_scalp:strategy=vwap_extension_fade_2pt:direction=all:first_target_points=0.5:stop_points=1:runner_target_points=3:runner_stop_mode=breakeven,vwap_extension_fade_2pt,all,0.5,1,3,breakeven,154,154,154,83,71,17,54,0,0,17,0.11038961,-3975,-12753,-82.81168831,86,68,"two-contract post-signal scalp: one contract exits at first target, one runner uses selected stop mode and runner target"
1,signal_scaled_scalp:strategy=vwap_extension_fade_2pt:direction=all:first_target_points=0.5:stop_points=1:runner_target_points=3:runner_stop_mode=initial,vwap_extension_fade_2pt,all,0.5,1,3,initial,154,154,154,83,71,32,39,0,0,32,0.20779221,-3675,-12453,-80.86363636,86,68,"two-contract post-signal scalp: one contract exits at first target, one runner uses selected stop mode and runner target"
1,signal_scaled_scalp:strategy=vwap_extension_fade_2pt:direction=all:first_target_points=0.5:stop_points=1:runner_target_points=5:runner_stop_mode=breakeven,vwap_extension_fade_2pt,all,0.5,1,5,breakeven,154,154,154,83,71,9,62,0,0,9,0.05844156,-4275,-13053,-84.75974026,86,68,"two-contract post-signal scalp: one contract exits at first target, one runner uses selected stop mode and runner target"
1,signal_scaled_scalp:strategy=vwap_extension_fade_2pt:direction=all:first_target_points=0.5:stop_points=1:runner_target_points=5:runner_stop_mode=initial,vwap_extension_fade_2pt,all,0.5,1,5,initial,154,154,154,83,71,21,50,0,0,21,0.13636364,-3775,-12553,-81.51298701,86,68,"two-contract post-signal scalp: one contract exits at first target, one runner uses selected stop mode and runner target"
1,signal_scaled_scalp:strategy=vwap_extension_fade_2pt:direction=all:first_target_points=0.5:stop_points=1.5:runner_target_points=1.5:runner_stop_mode=breakeven,vwap_extension_fade_2pt,all,0.5,1.5,1.5,breakeven,154,154,154,70,84,35,49,0,0,35,0.22727273,-5775,-14553,-94.5,86,68,"two-contract post-signal scalp: one contract exits at first target, one runner uses selected stop mode and runner target"
1,signal_scaled_scalp:strategy=vwap_extension_fade_2pt:direction=all:first_target_points=0.5:stop_points=1.5:runner_target_points=1.5:runner_stop_mode=initial,vwap_extension_fade_2pt,all,0.5,1.5,1.5,initial,154,154,154,70,84,54,30,0,0,54,0.35064935,-6600,-15378,-99.85714286,86,68,"two-contract post-signal scalp: one contract exits at first target, one runner uses selected stop mode and runner target"
1,signal_scaled_scalp:strategy=vwap_extension_fade_2pt:direction=all:first_target_points=0.5:stop_points=1.5:runner_target_points=2:runner_stop_mode=breakeven,vwap_extension_fade_2pt,all,0.5,1.5,2,breakeven,154,154,154,70,84,32,52,0,0,32,0.20779221,-5200,-13978,-90.76623377,86,68,"two-contract post-signal scalp: one contract exits at first target, one runner uses selected stop mode and runner target"
1,signal_scaled_scalp:strategy=vwap_extension_fade_2pt:direction=all:first_target_points=0.5:stop_points=1.5:runner_target_points=2:runner_stop_mode=initial,vwap_extension_fade_2pt,all,0.5,1.5,2,initial,154,154,154,70,84,53,31,0,0,53,0.34415584,-5425,-14203,-92.22727273,86,68,"two-contract post-signal scalp: one contract exits at first target, one runner uses selected stop mode and runner target"
1,signal_scaled_scalp:strategy=vwap_extension_fade_2pt:direction=all:first_target_points=0.5:stop_points=1.5:runner_target_points=3:runner_stop_mode=breakeven,vwap_extension_fade_2pt,all,0.5,1.5,3,breakeven,154,154,154,70,84,19,65,0,0,19,0.12337662,-5550,-14328,-93.03896104,86,68,"two-contract post-signal scalp: one contract exits at first target, one runner uses selected stop mode and runner target"
1,signal_scaled_scalp:strategy=vwap_extension_fade_2pt:direction=all:first_target_points=0.5:stop_points=1.5:runner_target_points=3:runner_stop_mode=initial,vwap_extension_fade_2pt,all,0.5,1.5,3,initial,154,154,154,70,84,42,42,0,0,42,0.27272727,-5250,-14028,-91.09090909,86,68,"two-contract post-signal scalp: one contract exits at first target, one runner uses selected stop mode and runner target"
1,signal_scaled_scalp:strategy=vwap_extension_fade_2pt:direction=all:first_target_points=0.5:stop_points=1.5:runner_target_points=5:runner_stop_mode=breakeven,vwap_extension_fade_2pt,all,0.5,1.5,5,breakeven,154,154,154,70,84,11,73,0,0,11,0.07142857,-5650,-14428,-93.68831169,86,68,"two-contract post-signal scalp: one contract exits at first target, one runner uses selected stop mode and runner target"
1,signal_scaled_scalp:strategy=vwap_extension_fade_2pt:direction=all:first_target_points=0.5:stop_points=1.5:runner_target_points=5:runner_stop_mode=initial,vwap_extension_fade_2pt,all,0.5,1.5,5,initial,154,154,154,70,84,28,56,0,0,28,0.18181818,-5600,-14378,-93.36363636,86,68,"two-contract post-signal scalp: one contract exits at first target, one runner uses selected stop mode and runner target"
1,signal_scaled_scalp:strategy=vwap_extension_fade_2pt:direction=all:first_target_points=0.5:stop_points=2:runner_target_points=1.5:runner_stop_mode=breakeven,vwap_extension_fade_2pt,all,0.5,2,1.5,breakeven,154,154,154,59,95,37,58,0,0,37,0.24025974,-6650,-15428,-100.18181818,86,68,"two-contract post-signal scalp: one contract exits at first target, one runner uses selected stop mode and runner target"
1,signal_scaled_scalp:strategy=vwap_extension_fade_2pt:direction=all:first_target_points=0.5:stop_points=2:runner_target_points=1.5:runner_stop_mode=initial,vwap_extension_fade_2pt,all,0.5,2,1.5,initial,154,154,154,59,95,68,27,0,0,68,0.44155844,-7025,-15803,-102.61688312,86,68,"two-contract post-signal scalp: one contract exits at first target, one runner uses selected stop mode and runner target"
1,signal_scaled_scalp:strategy=vwap_extension_fade_2pt:direction=all:first_target_points=0.5:stop_points=2:runner_target_points=2:runner_stop_mode=breakeven,vwap_extension_fade_2pt,all,0.5,2,2,breakeven,154,154,154,59,95,34,61,0,0,34,0.22077922,-6025,-14803,-96.12337662,86,68,"two-contract post-signal scalp: one contract exits at first target, one runner uses selected stop mode and runner target"
1,signal_scaled_scalp:strategy=vwap_extension_fade_2pt:direction=all:first_target_points=0.5:stop_points=2:runner_target_points=2:runner_stop_mode=initial,vwap_extension_fade_2pt,all,0.5,2,2,initial,154,154,154,59,95,67,28,0,0,67,0.43506494,-5525,-14303,-92.87662338,86,68,"two-contract post-signal scalp: one contract exits at first target, one runner uses selected stop mode and runner target"
1,signal_scaled_scalp:strategy=vwap_extension_fade_2pt:direction=all:first_target_points=0.5:stop_points=2:runner_target_points=3:runner_stop_mode=breakeven,vwap_extension_fade_2pt,all,0.5,2,3,breakeven,154,154,154,59,95,20,75,0,0,20,0.12987013,-6425,-15203,-98.72077922,86,68,"two-contract post-signal scalp: one contract exits at first target, one runner uses selected stop mode and runner target"
1,signal_scaled_scalp:strategy=vwap_extension_fade_2pt:direction=all:first_target_points=0.5:stop_points=2:runner_target_points=3:runner_stop_mode=initial,vwap_extension_fade_2pt,all,0.5,2,3,initial,154,154,154,59,95,51,44,0,0,51,0.33116883,-6175,-14953,-97.0974026,86,68,"two-contract post-signal scalp: one contract exits at first target, one runner uses selected stop mode and runner target"
1,signal_scaled_scalp:strategy=vwap_extension_fade_2pt:direction=all:first_target_points=0.5:stop_points=2:runner_target_points=5:runner_stop_mode=breakeven,vwap_extension_fade_2pt,all,0.5,2,5,breakeven,154,154,154,59,95,11,84,0,0,11,0.07142857,-6675,-15453,-100.34415584,86,68,"two-contract post-signal scalp: one contract exits at first target, one runner uses selected stop mode and runner target"
1,signal_scaled_scalp:strategy=vwap_extension_fade_2pt:direction=all:first_target_points=0.5:stop_points=2:runner_target_points=5:runner_stop_mode=initial,vwap_extension_fade_2pt,all,0.5,2,5,initial,154,154,154,59,95,37,58,0,0,37,0.24025974,-5975,-14753,-95.7987013,86,68,"two-contract post-signal scalp: one contract exits at first target, one runner uses selected stop mode and runner target"
1,signal_scaled_scalp:strategy=vwap_extension_fade_2pt:direction=all:first_target_points=1:stop_points=1:runner_target_points=1.5:runner_stop_mode=breakeven,vwap_extension_fade_2pt,all,1,1,1.5,breakeven,154,154,154,92,62,37,25,0,0,37,0.24025974,-3325,-12103,-78.59090909,86,68,"two-contract post-signal scalp: one contract exits at first target, one runner uses selected stop mode and runner target"
1,signal_scaled_scalp:strategy=vwap_extension_fade_2pt:direction=all:first_target_points=1:stop_points=1:runner_target_points=1.5:runner_stop_mode=initial,vwap_extension_fade_2pt,all,1,1,1.5,initial,154,154,154,92,62,43,19,0,0,43,0.27922078,-3825,-12603,-81.83766234,86,68,"two-contract post-signal scalp: one contract exits at first target, one runner uses selected stop mode and runner target"
1,signal_scaled_scalp:strategy=vwap_extension_fade_2pt:direction=all:first_target_points=1:stop_points=1:runner_target_points=2:runner_stop_mode=breakeven,vwap_extension_fade_2pt,all,1,1,2,breakeven,154,154,154,92,62,34,28,0,0,34,0.22077922,-2700,-11478,-74.53246753,86,68,"two-contract post-signal scalp: one contract exits at first target, one runner uses selected stop mode and runner target"
1,signal_scaled_scalp:strategy=vwap_extension_fade_2pt:direction=all:first_target_points=1:stop_points=1:runner_target_points=2:runner_stop_mode=initial,vwap_extension_fade_2pt,all,1,1,2,initial,154,154,154,92,62,42,20,0,0,42,0.27272727,-2900,-11678,-75.83116883,86,68,"two-contract post-signal scalp: one contract exits at first target, one runner uses selected stop mode and runner target"
1,signal_scaled_scalp:strategy=vwap_extension_fade_2pt:direction=all:first_target_points=1:stop_points=1:runner_target_points=3:runner_stop_mode=breakeven,vwap_extension_fade_2pt,all,1,1,3,breakeven,154,154,154,92,62,21,41,0,0,21,0.13636364,-2950,-11728,-76.15584416,86,68,"two-contract post-signal scalp: one contract exits at first target, one runner uses selected stop mode and runner target"
1,signal_scaled_scalp:strategy=vwap_extension_fade_2pt:direction=all:first_target_points=1:stop_points=1:runner_target_points=3:runner_stop_mode=initial,vwap_extension_fade_2pt,all,1,1,3,initial,154,154,154,92,62,32,30,0,0,32,0.20779221,-2800,-11578,-75.18181818,86,68,"two-contract post-signal scalp: one contract exits at first target, one runner uses selected stop mode and runner target"
1,signal_scaled_scalp:strategy=vwap_extension_fade_2pt:direction=all:first_target_points=1:stop_points=1:runner_target_points=5:runner_stop_mode=breakeven,vwap_extension_fade_2pt,all,1,1,5,breakeven,154,154,154,92,62,12,50,0,0,12,0.07792208,-3100,-11878,-77.12987013,86,68,"two-contract post-signal scalp: one contract exits at first target, one runner uses selected stop mode and runner target"
1,signal_scaled_scalp:strategy=vwap_extension_fade_2pt:direction=all:first_target_points=1:stop_points=1:runner_target_points=5:runner_stop_mode=initial,vwap_extension_fade_2pt,all,1,1,5,initial,154,154,154,92,62,21,41,0,0,21,0.13636364,-2900,-11678,-75.83116883,86,68,"two-contract post-signal scalp: one contract exits at first target, one runner uses selected stop mode and runner target"
1,signal_scaled_scalp:strategy=vwap_extension_fade_2pt:direction=all:first_target_points=1:stop_points=1.5:runner_target_points=1.5:runner_stop_mode=breakeven,vwap_extension_fade_2pt,all,1,1.5,1.5,breakeven,154,154,154,82,72,41,31,0,0,41,0.26623377,-5625,-14403,-93.52597403,86,68,"two-contract post-signal scalp: one contract exits at first target, one runner uses selected stop mode and runner target"
1,signal_scaled_scalp:strategy=vwap_extension_fade_2pt:direction=all:first_target_points=1:stop_points=1.5:runner_target_points=1.5:runner_stop_mode=initial,vwap_extension_fade_2pt,all,1,1.5,1.5,initial,154,154,154,82,72,54,18,0,0,54,0.35064935,-6000,-14778,-95.96103896,86,68,"two-contract post-signal scalp: one contract exits at first target, one runner uses selected stop mode and runner target"
1,signal_scaled_scalp:strategy=vwap_extension_fade_2pt:direction=all:first_target_points=1:stop_points=1.5:runner_target_points=2:runner_stop_mode=breakeven,vwap_extension_fade_2pt,all,1,1.5,2,breakeven,154,154,154,82,72,37,35,0,0,37,0.24025974,-5000,-13778,-89.46753247,86,68,"two-contract post-signal scalp: one contract exits at first target, one runner uses selected stop mode and runner target"
1,signal_scaled_scalp:strategy=vwap_extension_fade_2pt:direction=all:first_target_points=1:stop_points=1.5:runner_target_points=2:runner_stop_mode=initial,vwap_extension_fade_2pt,all,1,1.5,2,initial,154,154,154,82,72,53,19,0,0,53,0.34415584,-4825,-13603,-88.33116883,86,68,"two-contract post-signal scalp: one contract exits at first target, one runner uses selected stop mode and runner target"
1,signal_scaled_scalp:strategy=vwap_extension_fade_2pt:direction=all:first_target_points=1:stop_points=1.5:runner_target_points=3:runner_stop_mode=breakeven,vwap_extension_fade_2pt,all,1,1.5,3,breakeven,154,154,154,82,72,24,48,0,0,24,0.15584416,-5100,-13878,-90.11688312,86,68,"two-contract post-signal scalp: one contract exits at first target, one runner uses selected stop mode and runner target"
1,signal_scaled_scalp:strategy=vwap_extension_fade_2pt:direction=all:first_target_points=1:stop_points=1.5:runner_target_points=3:runner_stop_mode=initial,vwap_extension_fade_2pt,all,1,1.5,3,initial,154,154,154,82,72,42,30,0,0,42,0.27272727,-4650,-13428,-87.19480519,86,68,"two-contract post-signal scalp: one contract exits at first target, one runner uses selected stop mode and runner target"
1,signal_scaled_scalp:strategy=vwap_extension_fade_2pt:direction=all:first_target_points=1:stop_points=1.5:runner_target_points=5:runner_stop_mode=breakeven,vwap_extension_fade_2pt,all,1,1.5,5,breakeven,154,154,154,82,72,14,58,0,0,14,0.09090909,-5200,-13978,-90.76623377,86,68,"two-contract post-signal scalp: one contract exits at first target, one runner uses selected stop mode and runner target"
1,signal_scaled_scalp:strategy=vwap_extension_fade_2pt:direction=all:first_target_points=1:stop_points=1.5:runner_target_points=5:runner_stop_mode=initial,vwap_extension_fade_2pt,all,1,1.5,5,initial,154,154,154,82,72,28,44,0,0,28,0.18181818,-5000,-13778,-89.46753247,86,68,"two-contract post-signal scalp: one contract exits at first target, one runner uses selected stop mode and runner target"
1,signal_scaled_scalp:strategy=vwap_extension_fade_2pt:direction=all:first_target_points=1:stop_points=2:runner_target_points=1.5:runner_stop_mode=breakeven,vwap_extension_fade_2pt,all,1,2,1.5,breakeven,154,154,154,69,85,49,36,0,0,49,0.31818182,-5875,-14653,-95.14935065,86,68,"two-contract post-signal scalp: one contract exits at first target, one runner uses selected stop mode and runner target"
1,signal_scaled_scalp:strategy=vwap_extension_fade_2pt:direction=all:first_target_points=1:stop_points=2:runner_target_points=1.5:runner_stop_mode=initial,vwap_extension_fade_2pt,all,1,2,1.5,initial,154,154,154,69,85,68,17,0,0,68,0.44155844,-6150,-14928,-96.93506494,86,68,"two-contract post-signal scalp: one contract exits at first target, one runner uses selected stop mode and runner target"
1,signal_scaled_scalp:strategy=vwap_extension_fade_2pt:direction=all:first_target_points=1:stop_points=2:runner_target_points=2:runner_stop_mode=breakeven,vwap_extension_fade_2pt,all,1,2,2,breakeven,154,154,154,69,85,43,42,0,0,43,0.27922078,-5250,-14028,-91.09090909,86,68,"two-contract post-signal scalp: one contract exits at first target, one runner uses selected stop mode and runner target"
1,signal_scaled_scalp:strategy=vwap_extension_fade_2pt:direction=all:first_target_points=1:stop_points=2:runner_target_points=2:runner_stop_mode=initial,vwap_extension_fade_2pt,all,1,2,2,initial,154,154,154,69,85,67,18,0,0,67,0.43506494,-4650,-13428,-87.19480519,86,68,"two-contract post-signal scalp: one contract exits at first target, one runner uses selected stop mode and runner target"
1,signal_scaled_scalp:strategy=vwap_extension_fade_2pt:direction=all:first_target_points=1:stop_points=2:runner_target_points=3:runner_stop_mode=breakeven,vwap_extension_fade_2pt,all,1,2,3,breakeven,154,154,154,69,85,26,59,0,0,26,0.16883117,-5650,-14428,-93.68831169,86,68,"two-contract post-signal scalp: one contract exits at first target, one runner uses selected stop mode and runner target"
1,signal_scaled_scalp:strategy=vwap_extension_fade_2pt:direction=all:first_target_points=1:stop_points=2:runner_target_points=3:runner_stop_mode=initial,vwap_extension_fade_2pt,all,1,2,3,initial,154,154,154,69,85,51,34,0,0,51,0.33116883,-5300,-14078,-91.41558442,86,68,"two-contract post-signal scalp: one contract exits at first target, one runner uses selected stop mode and runner target"
1,signal_scaled_scalp:strategy=vwap_extension_fade_2pt:direction=all:first_target_points=1:stop_points=2:runner_target_points=5:runner_stop_mode=breakeven,vwap_extension_fade_2pt,all,1,2,5,breakeven,154,154,154,69,85,15,70,0,0,15,0.0974026,-5800,-14578,-94.66233766,86,68,"two-contract post-signal scalp: one contract exits at first target, one runner uses selected stop mode and runner target"
1,signal_scaled_scalp:strategy=vwap_extension_fade_2pt:direction=all:first_target_points=1:stop_points=2:runner_target_points=5:runner_stop_mode=initial,vwap_extension_fade_2pt,all,1,2,5,initial,154,154,154,69,85,37,48,0,0,37,0.24025974,-5100,-13878,-90.11688312,86,68,"two-contract post-signal scalp: one contract exits at first target, one runner uses selected stop mode and runner target"
1,signal_scaled_scalp:strategy=vwap_extension_fade_2pt:direction=all:first_target_points=1.5:stop_points=1:runner_target_points=2:runner_stop_mode=breakeven,vwap_extension_fade_2pt,all,1.5,1,2,breakeven,154,154,154,111,43,38,5,0,0,43,0.27922078,-4075,-12853,-83.46103896,86,68,"two-contract post-signal scalp: one contract exits at first target, one runner uses selected stop mode and runner target"
1,signal_scaled_scalp:strategy=vwap_extension_fade_2pt:direction=all:first_target_points=1.5:stop_points=1:runner_target_points=2:runner_stop_mode=initial,vwap_extension_fade_2pt,all,1.5,1,2,initial,154,154,154,111,43,42,1,0,0,42,0.27272727,-3725,-12503,-81.18831169,86,68,"two-contract post-signal scalp: one contract exits at first target, one runner uses selected stop mode and runner target"
1,signal_scaled_scalp:strategy=vwap_extension_fade_2pt:direction=all:first_target_points=1.5:stop_points=1:runner_target_points=3:runner_stop_mode=breakeven,vwap_extension_fade_2pt,all,1.5,1,3,breakeven,154,154,154,111,43,24,19,0,0,43,0.27922078,-4275,-13053,-84.75974026,86,68,"two-contract post-signal scalp: one contract exits at first target, one runner uses selected stop mode and runner target"
1,signal_scaled_scalp:strategy=vwap_extension_fade_2pt:direction=all:first_target_points=1.5:stop_points=1:runner_target_points=3:runner_stop_mode=initial,vwap_extension_fade_2pt,all,1.5,1,3,initial,154,154,154,111,43,32,11,0,0,32,0.20779221,-3625,-12403,-80.53896104,86,68,"two-contract post-signal scalp: one contract exits at first target, one runner uses selected stop mode and runner target"
1,signal_scaled_scalp:strategy=vwap_extension_fade_2pt:direction=all:first_target_points=1.5:stop_points=1:runner_target_points=5:runner_stop_mode=breakeven,vwap_extension_fade_2pt,all,1.5,1,5,breakeven,154,154,154,111,43,14,29,0,0,43,0.27922078,-4375,-13153,-85.40909091,86,68,"two-contract post-signal scalp: one contract exits at first target, one runner uses selected stop mode and runner target"
1,signal_scaled_scalp:strategy=vwap_extension_fade_2pt:direction=all:first_target_points=1.5:stop_points=1:runner_target_points=5:runner_stop_mode=initial,vwap_extension_fade_2pt,all,1.5,1,5,initial,154,154,154,111,43,21,22,0,0,21,0.13636364,-3725,-12503,-81.18831169,86,68,"two-contract post-signal scalp: one contract exits at first target, one runner uses selected stop mode and runner target"
1,signal_scaled_scalp:strategy=vwap_extension_fade_2pt:direction=all:first_target_points=1.5:stop_points=1.5:runner_target_points=2:runner_stop_mode=breakeven,vwap_extension_fade_2pt,all,1.5,1.5,2,breakeven,154,154,154,100,54,47,7,0,0,54,0.35064935,-6250,-15028,-97.58441558,86,68,"two-contract post-signal scalp: one contract exits at first target, one runner uses selected stop mode and runner target"
1,signal_scaled_scalp:strategy=vwap_extension_fade_2pt:direction=all:first_target_points=1.5:stop_points=1.5:runner_target_points=2:runner_stop_mode=initial,vwap_extension_fade_2pt,all,1.5,1.5,2,initial,154,154,154,100,54,53,1,0,0,53,0.34415584,-5725,-14503,-94.17532468,86,68,"two-contract post-signal scalp: one contract exits at first target, one runner uses selected stop mode and runner target"
1,signal_scaled_scalp:strategy=vwap_extension_fade_2pt:direction=all:first_target_points=1.5:stop_points=1.5:runner_target_points=3:runner_stop_mode=breakeven,vwap_extension_fade_2pt,all,1.5,1.5,3,breakeven,154,154,154,100,54,30,24,0,0,54,0.35064935,-6450,-15228,-98.88311688,86,68,"two-contract post-signal scalp: one contract exits at first target, one runner uses selected stop mode and runner target"
1,signal_scaled_scalp:strategy=vwap_extension_fade_2pt:direction=all:first_target_points=1.5:stop_points=1.5:runner_target_points=3:runner_stop_mode=initial,vwap_extension_fade_2pt,all,1.5,1.5,3,initial,154,154,154,100,54,42,12,0,0,42,0.27272727,-5550,-14328,-93.03896104,86,68,"two-contract post-signal scalp: one contract exits at first target, one runner uses selected stop mode and runner target"
1,signal_scaled_scalp:strategy=vwap_extension_fade_2pt:direction=all:first_target_points=1.5:stop_points=1.5:runner_target_points=5:runner_stop_mode=breakeven,vwap_extension_fade_2pt,all,1.5,1.5,5,breakeven,154,154,154,100,54,19,35,0,0,54,0.35064935,-6200,-14978,-97.25974026,86,68,"two-contract post-signal scalp: one contract exits at first target, one runner uses selected stop mode and runner target"
1,signal_scaled_scalp:strategy=vwap_extension_fade_2pt:direction=all:first_target_points=1.5:stop_points=1.5:runner_target_points=5:runner_stop_mode=initial,vwap_extension_fade_2pt,all,1.5,1.5,5,initial,154,154,154,100,54,28,26,0,0,28,0.18181818,-5900,-14678,-95.31168831,86,68,"two-contract post-signal scalp: one contract exits at first target, one runner uses selected stop mode and runner target"
1,signal_scaled_scalp:strategy=vwap_extension_fade_2pt:direction=all:first_target_points=1.5:stop_points=2:runner_target_points=2:runner_stop_mode=breakeven,vwap_extension_fade_2pt,all,1.5,2,2,breakeven,154,154,154,86,68,58,10,0,0,68,0.44155844,-6300,-15078,-97.90909091,86,68,"two-contract post-signal scalp: one contract exits at first target, one runner uses selected stop mode and runner target"
1,signal_scaled_scalp:strategy=vwap_extension_fade_2pt:direction=all:first_target_points=1.5:stop_points=2:runner_target_points=2:runner_stop_mode=initial,vwap_extension_fade_2pt,all,1.5,2,2,initial,154,154,154,86,68,67,1,0,0,67,0.43506494,-5500,-14278,-92.71428571,86,68,"two-contract post-signal scalp: one contract exits at first target, one runner uses selected stop mode and runner target"
1,signal_scaled_scalp:strategy=vwap_extension_fade_2pt:direction=all:first_target_points=1.5:stop_points=2:runner_target_points=3:runner_stop_mode=breakeven,vwap_extension_fade_2pt,all,1.5,2,3,breakeven,154,154,154,86,68,36,32,0,0,68,0.44155844,-6700,-15478,-100.50649351,86,68,"two-contract post-signal scalp: one contract exits at first target, one runner uses selected stop mode and runner target"
1,signal_scaled_scalp:strategy=vwap_extension_fade_2pt:direction=all:first_target_points=1.5:stop_points=2:runner_target_points=3:runner_stop_mode=initial,vwap_extension_fade_2pt,all,1.5,2,3,initial,154,154,154,86,68,51,17,0,0,51,0.33116883,-6150,-14928,-96.93506494,86,68,"two-contract post-signal scalp: one contract exits at first target, one runner uses selected stop mode and runner target"
1,signal_scaled_scalp:strategy=vwap_extension_fade_2pt:direction=all:first_target_points=1.5:stop_points=2:runner_target_points=5:runner_stop_mode=breakeven,vwap_extension_fade_2pt,all,1.5,2,5,breakeven,154,154,154,86,68,22,46,0,0,68,0.44155844,-6600,-15378,-99.85714286,86,68,"two-contract post-signal scalp: one contract exits at first target, one runner uses selected stop mode and runner target"
1,signal_scaled_scalp:strategy=vwap_extension_fade_2pt:direction=all:first_target_points=1.5:stop_points=2:runner_target_points=5:runner_stop_mode=initial,vwap_extension_fade_2pt,all,1.5,2,5,initial,154,154,154,86,68,37,31,0,0,37,0.24025974,-5950,-14728,-95.63636364,86,68,"two-contract post-signal scalp: one contract exits at first target, one runner uses selected stop mode and runner target"
1,signal_scaled_scalp:strategy=vwap_extension_fade_3pt:direction=all:first_target_points=0.5:stop_points=1:runner_target_points=1.5:runner_stop_mode=breakeven,vwap_extension_fade_3pt,all,0.5,1,1.5,breakeven,144,144,144,73,71,37,34,0,0,37,0.25694444,-2750,-10958,-76.09722222,80,64,"two-contract post-signal scalp: one contract exits at first target, one runner uses selected stop mode and runner target"
1,signal_scaled_scalp:strategy=vwap_extension_fade_3pt:direction=all:first_target_points=0.5:stop_points=1:runner_target_points=1.5:runner_stop_mode=initial,vwap_extension_fade_3pt,all,0.5,1,1.5,initial,144,144,144,73,71,50,21,0,0,50,0.34722222,-2825,-11033,-76.61805556,80,64,"two-contract post-signal scalp: one contract exits at first target, one runner uses selected stop mode and runner target"
1,signal_scaled_scalp:strategy=vwap_extension_fade_3pt:direction=all:first_target_points=0.5:stop_points=1:runner_target_points=2:runner_stop_mode=breakeven,vwap_extension_fade_3pt,all,0.5,1,2,breakeven,144,144,144,73,71,33,38,0,0,33,0.22916667,-2225,-10433,-72.45138889,80,64,"two-contract post-signal scalp: one contract exits at first target, one runner uses selected stop mode and runner target"
1,signal_scaled_scalp:strategy=vwap_extension_fade_3pt:direction=all:first_target_points=0.5:stop_points=1:runner_target_points=2:runner_stop_mode=initial,vwap_extension_fade_3pt,all,0.5,1,2,initial,144,144,144,73,71,46,25,0,0,46,0.31944444,-2175,-10383,-72.10416667,80,64,"two-contract post-signal scalp: one contract exits at first target, one runner uses selected stop mode and runner target"
1,signal_scaled_scalp:strategy=vwap_extension_fade_3pt:direction=all:first_target_points=0.5:stop_points=1:runner_target_points=3:runner_stop_mode=breakeven,vwap_extension_fade_3pt,all,0.5,1,3,breakeven,144,144,144,73,71,19,52,0,0,19,0.13194444,-2675,-10883,-75.57638889,80,64,"two-contract post-signal scalp: one contract exits at first target, one runner uses selected stop mode and runner target"
1,signal_scaled_scalp:strategy=vwap_extension_fade_3pt:direction=all:first_target_points=0.5:stop_points=1:runner_target_points=3:runner_stop_mode=initial,vwap_extension_fade_3pt,all,0.5,1,3,initial,144,144,144,73,71,34,37,0,0,34,0.23611111,-2275,-10483,-72.79861111,80,64,"two-contract post-signal scalp: one contract exits at first target, one runner uses selected stop mode and runner target"
1,signal_scaled_scalp:strategy=vwap_extension_fade_3pt:direction=all:first_target_points=0.5:stop_points=1:runner_target_points=5:runner_stop_mode=breakeven,vwap_extension_fade_3pt,all,0.5,1,5,breakeven,144,144,144,73,71,13,58,0,0,13,0.09027778,-2275,-10483,-72.79861111,80,64,"two-contract post-signal scalp: one contract exits at first target, one runner uses selected stop mode and runner target"
1,signal_scaled_scalp:strategy=vwap_extension_fade_3pt:direction=all:first_target_points=0.5:stop_points=1:runner_target_points=5:runner_stop_mode=initial,vwap_extension_fade_3pt,all,0.5,1,5,initial,144,144,144,73,71,24,47,0,0,24,0.16666667,-1875,-10083,-70.02083333,80,64,"two-contract post-signal scalp: one contract exits at first target, one runner uses selected stop mode and runner target"
1,signal_scaled_scalp:strategy=vwap_extension_fade_3pt:direction=all:first_target_points=0.5:stop_points=1.5:runner_target_points=1.5:runner_stop_mode=breakeven,vwap_extension_fade_3pt,all,0.5,1.5,1.5,breakeven,144,144,144,59,85,40,45,0,0,40,0.27777778,-3725,-11933,-82.86805556,80,64,"two-contract post-signal scalp: one contract exits at first target, one runner uses selected stop mode and runner target"
1,signal_scaled_scalp:strategy=vwap_extension_fade_3pt:direction=all:first_target_points=0.5:stop_points=1.5:runner_target_points=1.5:runner_stop_mode=initial,vwap_extension_fade_3pt,all,0.5,1.5,1.5,initial,144,144,144,59,85,62,23,0,0,62,0.43055556,-3800,-12008,-83.38888889,80,64,"two-contract post-signal scalp: one contract exits at first target, one runner uses selected stop mode and runner target"
1,signal_scaled_scalp:strategy=vwap_extension_fade_3pt:direction=all:first_target_points=0.5:stop_points=1.5:runner_target_points=2:runner_stop_mode=breakeven,vwap_extension_fade_3pt,all,0.5,1.5,2,breakeven,144,144,144,59,85,36,49,0,0,36,0.25,-3125,-11333,-78.70138889,80,64,"two-contract post-signal scalp: one contract exits at first target, one runner uses selected stop mode and runner target"
1,signal_scaled_scalp:strategy=vwap_extension_fade_3pt:direction=all:first_target_points=0.5:stop_points=1.5:runner_target_points=2:runner_stop_mode=initial,vwap_extension_fade_3pt,all,0.5,1.5,2,initial,144,144,144,59,85,59,26,0,0,59,0.40972222,-2775,-10983,-76.27083333,80,64,"two-contract post-signal scalp: one contract exits at first target, one runner uses selected stop mode and runner target"
1,signal_scaled_scalp:strategy=vwap_extension_fade_3pt:direction=all:first_target_points=0.5:stop_points=1.5:runner_target_points=3:runner_stop_mode=breakeven,vwap_extension_fade_3pt,all,0.5,1.5,3,breakeven,144,144,144,59,85,21,64,0,0,21,0.14583333,-3575,-11783,-81.82638889,80,64,"two-contract post-signal scalp: one contract exits at first target, one runner uses selected stop mode and runner target"
1,signal_scaled_scalp:strategy=vwap_extension_fade_3pt:direction=all:first_target_points=0.5:stop_points=1.5:runner_target_points=3:runner_stop_mode=initial,vwap_extension_fade_3pt,all,0.5,1.5,3,initial,144,144,144,59,85,45,40,0,0,45,0.3125,-2975,-11183,-77.65972222,80,64,"two-contract post-signal scalp: one contract exits at first target, one runner uses selected stop mode and runner target"
1,signal_scaled_scalp:strategy=vwap_extension_fade_3pt:direction=all:first_target_points=0.5:stop_points=1.5:runner_target_points=5:runner_stop_mode=breakeven,vwap_extension_fade_3pt,all,0.5,1.5,5,breakeven,144,144,144,59,85,14,71,0,0,14,0.09722222,-3225,-11433,-79.39583333,80,64,"two-contract post-signal scalp: one contract exits at first target, one runner uses selected stop mode and runner target"
1,signal_scaled_scalp:strategy=vwap_extension_fade_3pt:direction=all:first_target_points=0.5:stop_points=1.5:runner_target_points=5:runner_stop_mode=initial,vwap_extension_fade_3pt,all,0.5,1.5,5,initial,144,144,144,59,85,29,56,0,0,29,0.20138889,-3675,-11883,-82.52083333,80,64,"two-contract post-signal scalp: one contract exits at first target, one runner uses selected stop mode and runner target"
1,signal_scaled_scalp:strategy=vwap_extension_fade_3pt:direction=all:first_target_points=0.5:stop_points=2:runner_target_points=1.5:runner_stop_mode=breakeven,vwap_extension_fade_3pt,all,0.5,2,1.5,breakeven,144,144,144,47,97,42,55,0,0,42,0.29166667,-3825,-12033,-83.5625,80,64,"two-contract post-signal scalp: one contract exits at first target, one runner uses selected stop mode and runner target"
1,signal_scaled_scalp:strategy=vwap_extension_fade_3pt:direction=all:first_target_points=0.5:stop_points=2:runner_target_points=1.5:runner_stop_mode=initial,vwap_extension_fade_3pt,all,0.5,2,1.5,initial,144,144,144,47,97,77,20,0,0,77,0.53472222,-3200,-11408,-79.22222222,80,64,"two-contract post-signal scalp: one contract exits at first target, one runner uses selected stop mode and runner target"
1,signal_scaled_scalp:strategy=vwap_extension_fade_3pt:direction=all:first_target_points=0.5:stop_points=2:runner_target_points=2:runner_stop_mode=breakeven,vwap_extension_fade_3pt,all,0.5,2,2,breakeven,144,144,144,47,97,38,59,0,0,38,0.26388889,-3175,-11383,-79.04861111,80,64,"two-contract post-signal scalp: one contract exits at first target, one runner uses selected stop mode and runner target"
1,signal_scaled_scalp:strategy=vwap_extension_fade_3pt:direction=all:first_target_points=0.5:stop_points=2:runner_target_points=2:runner_stop_mode=initial,vwap_extension_fade_3pt,all,0.5,2,2,initial,144,144,144,47,97,74,23,0,0,74,0.51388889,-1875,-10083,-70.02083333,80,64,"two-contract post-signal scalp: one contract exits at first target, one runner uses selected stop mode and runner target"
1,signal_scaled_scalp:strategy=vwap_extension_fade_3pt:direction=all:first_target_points=0.5:stop_points=2:runner_target_points=3:runner_stop_mode=breakeven,vwap_extension_fade_3pt,all,0.5,2,3,breakeven,144,144,144,47,97,22,75,0,0,22,0.15277778,-3675,-11883,-82.52083333,80,64,"two-contract post-signal scalp: one contract exits at first target, one runner uses selected stop mode and runner target"
1,signal_scaled_scalp:strategy=vwap_extension_fade_3pt:direction=all:first_target_points=0.5:stop_points=2:runner_target_points=3:runner_stop_mode=initial,vwap_extension_fade_3pt,all,0.5,2,3,initial,144,144,144,47,97,58,39,0,0,58,0.40277778,-2175,-10383,-72.10416667,80,64,"two-contract post-signal scalp: one contract exits at first target, one runner uses selected stop mode and runner target"
1,signal_scaled_scalp:strategy=vwap_extension_fade_3pt:direction=all:first_target_points=0.5:stop_points=2:runner_target_points=5:runner_stop_mode=breakeven,vwap_extension_fade_3pt,all,0.5,2,5,breakeven,144,144,144,47,97,14,83,0,0,14,0.09722222,-3475,-11683,-81.13194444,80,64,"two-contract post-signal scalp: one contract exits at first target, one runner uses selected stop mode and runner target"
1,signal_scaled_scalp:strategy=vwap_extension_fade_3pt:direction=all:first_target_points=0.5:stop_points=2:runner_target_points=5:runner_stop_mode=initial,vwap_extension_fade_3pt,all,0.5,2,5,initial,144,144,144,47,97,42,55,0,0,42,0.29166667,-1975,-10183,-70.71527778,80,64,"two-contract post-signal scalp: one contract exits at first target, one runner uses selected stop mode and runner target"
1,signal_scaled_scalp:strategy=vwap_extension_fade_3pt:direction=all:first_target_points=1:stop_points=1:runner_target_points=1.5:runner_stop_mode=breakeven,vwap_extension_fade_3pt,all,1,1,1.5,breakeven,144,144,144,83,61,42,19,0,0,42,0.29166667,-2100,-10308,-71.58333333,80,64,"two-contract post-signal scalp: one contract exits at first target, one runner uses selected stop mode and runner target"
1,signal_scaled_scalp:strategy=vwap_extension_fade_3pt:direction=all:first_target_points=1:stop_points=1:runner_target_points=1.5:runner_stop_mode=initial,vwap_extension_fade_3pt,all,1,1,1.5,initial,144,144,144,83,61,50,11,0,0,50,0.34722222,-2050,-10258,-71.23611111,80,64,"two-contract post-signal scalp: one contract exits at first target, one runner uses selected stop mode and runner target"
1,signal_scaled_scalp:strategy=vwap_extension_fade_3pt:direction=all:first_target_points=1:stop_points=1:runner_target_points=2:runner_stop_mode=breakeven,vwap_extension_fade_3pt,all,1,1,2,breakeven,144,144,144,83,61,37,24,0,0,37,0.25694444,-1550,-9758,-67.76388889,80,64,"two-contract post-signal scalp: one contract exits at first target, one runner uses selected stop mode and runner target"
1,signal_scaled_scalp:strategy=vwap_extension_fade_3pt:direction=all:first_target_points=1:stop_points=1:runner_target_points=2:runner_stop_mode=initial,vwap_extension_fade_3pt,all,1,1,2,initial,144,144,144,83,61,46,15,0,0,46,0.31944444,-1400,-9608,-66.72222222,80,64,"two-contract post-signal scalp: one contract exits at first target, one runner uses selected stop mode and runner target"
1,signal_scaled_scalp:strategy=vwap_extension_fade_3pt:direction=all:first_target_points=1:stop_points=1:runner_target_points=3:runner_stop_mode=breakeven,vwap_extension_fade_3pt,all,1,1,3,breakeven,144,144,144,83,61,23,38,0,0,23,0.15972222,-1800,-10008,-69.5,80,64,"two-contract post-signal scalp: one contract exits at first target, one runner uses selected stop mode and runner target"
1,signal_scaled_scalp:strategy=vwap_extension_fade_3pt:direction=all:first_target_points=1:stop_points=1:runner_target_points=3:runner_stop_mode=initial,vwap_extension_fade_3pt,all,1,1,3,initial,144,144,144,83,61,34,27,0,0,34,0.23611111,-1500,-9708,-67.41666667,80,64,"two-contract post-signal scalp: one contract exits at first target, one runner uses selected stop mode and runner target"
1,signal_scaled_scalp:strategy=vwap_extension_fade_3pt:direction=all:first_target_points=1:stop_points=1:runner_target_points=5:runner_stop_mode=breakeven,vwap_extension_fade_3pt,all,1,1,5,breakeven,144,144,144,83,61,16,45,0,0,16,0.11111111,-1250,-9458,-65.68055556,80,64,"two-contract post-signal scalp: one contract exits at first target, one runner uses selected stop mode and runner target"
1,signal_scaled_scalp:strategy=vwap_extension_fade_3pt:direction=all:first_target_points=1:stop_points=1:runner_target_points=5:runner_stop_mode=initial,vwap_extension_fade_3pt,all,1,1,5,initial,144,144,144,83,61,24,37,0,0,24,0.16666667,-1100,-9308,-64.63888889,80,64,"two-contract post-signal scalp: one contract exits at first target, one runner uses selected stop mode and runner target"
1,signal_scaled_scalp:strategy=vwap_extension_fade_3pt:direction=all:first_target_points=1:stop_points=1.5:runner_target_points=1.5:runner_stop_mode=breakeven,vwap_extension_fade_3pt,all,1,1.5,1.5,breakeven,144,144,144,70,74,48,26,0,0,48,0.33333333,-3200,-11408,-79.22222222,80,64,"two-contract post-signal scalp: one contract exits at first target, one runner uses selected stop mode and runner target"
1,signal_scaled_scalp:strategy=vwap_extension_fade_3pt:direction=all:first_target_points=1:stop_points=1.5:runner_target_points=1.5:runner_stop_mode=initial,vwap_extension_fade_3pt,all,1,1.5,1.5,initial,144,144,144,70,74,62,12,0,0,62,0.43055556,-3050,-11258,-78.18055556,80,64,"two-contract post-signal scalp: one contract exits at first target, one runner uses selected stop mode and runner target"
1,signal_scaled_scalp:strategy=vwap_extension_fade_3pt:direction=all:first_target_points=1:stop_points=1.5:runner_target_points=2:runner_stop_mode=breakeven,vwap_extension_fade_3pt,all,1,1.5,2,breakeven,144,144,144,70,74,42,32,0,0,42,0.29166667,-2600,-10808,-75.05555556,80,64,"two-contract post-signal scalp: one contract exits at first target, one runner uses selected stop mode and runner target"
1,signal_scaled_scalp:strategy=vwap_extension_fade_3pt:direction=all:first_target_points=1:stop_points=1.5:runner_target_points=2:runner_stop_mode=initial,vwap_extension_fade_3pt,all,1,1.5,2,initial,144,144,144,70,74,59,15,0,0,59,0.40972222,-2025,-10233,-71.0625,80,64,"two-contract post-signal scalp: one contract exits at first target, one runner uses selected stop mode and runner target"
1,signal_scaled_scalp:strategy=vwap_extension_fade_3pt:direction=all:first_target_points=1:stop_points=1.5:runner_target_points=3:runner_stop_mode=breakeven,vwap_extension_fade_3pt,all,1,1.5,3,breakeven,144,144,144,70,74,26,48,0,0,26,0.18055556,-2900,-11108,-77.13888889,80,64,"two-contract post-signal scalp: one contract exits at first target, one runner uses selected stop mode and runner target"
1,signal_scaled_scalp:strategy=vwap_extension_fade_3pt:direction=all:first_target_points=1:stop_points=1.5:runner_target_points=3:runner_stop_mode=initial,vwap_extension_fade_3pt,all,1,1.5,3,initial,144,144,144,70,74,45,29,0,0,45,0.3125,-2225,-10433,-72.45138889,80,64,"two-contract post-signal scalp: one contract exits at first target, one runner uses selected stop mode and runner target"
1,signal_scaled_scalp:strategy=vwap_extension_fade_3pt:direction=all:first_target_points=1:stop_points=1.5:runner_target_points=5:runner_stop_mode=breakeven,vwap_extension_fade_3pt,all,1,1.5,5,breakeven,144,144,144,70,74,17,57,0,0,17,0.11805556,-2550,-10758,-74.70833333,80,64,"two-contract post-signal scalp: one contract exits at first target, one runner uses selected stop mode and runner target"
1,signal_scaled_scalp:strategy=vwap_extension_fade_3pt:direction=all:first_target_points=1:stop_points=1.5:runner_target_points=5:runner_stop_mode=initial,vwap_extension_fade_3pt,all,1,1.5,5,initial,144,144,144,70,74,29,45,0,0,29,0.20138889,-2925,-11133,-77.3125,80,64,"two-contract post-signal scalp: one contract exits at first target, one runner uses selected stop mode and runner target"
1,signal_scaled_scalp:strategy=vwap_extension_fade_3pt:direction=all:first_target_points=1:stop_points=2:runner_target_points=1.5:runner_stop_mode=breakeven,vwap_extension_fade_3pt,all,1,2,1.5,breakeven,144,144,144,58,86,56,30,0,0,56,0.38888889,-3100,-11308,-78.52777778,80,64,"two-contract post-signal scalp: one contract exits at first target, one runner uses selected stop mode and runner target"
1,signal_scaled_scalp:strategy=vwap_extension_fade_3pt:direction=all:first_target_points=1:stop_points=2:runner_target_points=1.5:runner_stop_mode=initial,vwap_extension_fade_3pt,all,1,2,1.5,initial,144,144,144,58,86,77,9,0,0,77,0.53472222,-2425,-10633,-73.84027778,80,64,"two-contract post-signal scalp: one contract exits at first target, one runner uses selected stop mode and runner target"
1,signal_scaled_scalp:strategy=vwap_extension_fade_3pt:direction=all:first_target_points=1:stop_points=2:runner_target_points=2:runner_stop_mode=breakeven,vwap_extension_fade_3pt,all,1,2,2,breakeven,144,144,144,58,86,49,37,0,0,49,0.34027778,-2400,-10608,-73.66666667,80,64,"two-contract post-signal scalp: one contract exits at first target, one runner uses selected stop mode and runner target"
1,signal_scaled_scalp:strategy=vwap_extension_fade_3pt:direction=all:first_target_points=1:stop_points=2:runner_target_points=2:runner_stop_mode=initial,vwap_extension_fade_3pt,all,1,2,2,initial,144,144,144,58,86,74,12,0,0,74,0.51388889,-1100,-9308,-64.63888889,80,64,"two-contract post-signal scalp: one contract exits at first target, one runner uses selected stop mode and runner target"
1,signal_scaled_scalp:strategy=vwap_extension_fade_3pt:direction=all:first_target_points=1:stop_points=2:runner_target_points=3:runner_stop_mode=breakeven,vwap_extension_fade_3pt,all,1,2,3,breakeven,144,144,144,58,86,30,56,0,0,30,0.20833333,-2800,-11008,-76.44444444,80,64,"two-contract post-signal scalp: one contract exits at first target, one runner uses selected stop mode and runner target"
1,signal_scaled_scalp:strategy=vwap_extension_fade_3pt:direction=all:first_target_points=1:stop_points=2:runner_target_points=3:runner_stop_mode=initial,vwap_extension_fade_3pt,all,1,2,3,initial,144,144,144,58,86,58,28,0,0,58,0.40277778,-1400,-9608,-66.72222222,80,64,"two-contract post-signal scalp: one contract exits at first target, one runner uses selected stop mode and runner target"
1,signal_scaled_scalp:strategy=vwap_extension_fade_3pt:direction=all:first_target_points=1:stop_points=2:runner_target_points=5:runner_stop_mode=breakeven,vwap_extension_fade_3pt,all,1,2,5,breakeven,144,144,144,58,86,18,68,0,0,18,0.125,-2800,-11008,-76.44444444,80,64,"two-contract post-signal scalp: one contract exits at first target, one runner uses selected stop mode and runner target"
1,signal_scaled_scalp:strategy=vwap_extension_fade_3pt:direction=all:first_target_points=1:stop_points=2:runner_target_points=5:runner_stop_mode=initial,vwap_extension_fade_3pt,all,1,2,5,initial,144,144,144,58,86,42,44,0,0,42,0.29166667,-1200,-9408,-65.33333333,80,64,"two-contract post-signal scalp: one contract exits at first target, one runner uses selected stop mode and runner target"
1,signal_scaled_scalp:strategy=vwap_extension_fade_3pt:direction=all:first_target_points=1.5:stop_points=1:runner_target_points=2:runner_stop_mode=breakeven,vwap_extension_fade_3pt,all,1.5,1,2,breakeven,144,144,144,94,50,44,6,0,0,50,0.34722222,-1250,-9458,-65.68055556,80,64,"two-contract post-signal scalp: one contract exits at first target, one runner uses selected stop mode and runner target"
1,signal_scaled_scalp:strategy=vwap_extension_fade_3pt:direction=all:first_target_points=1.5:stop_points=1:runner_target_points=2:runner_stop_mode=initial,vwap_extension_fade_3pt,all,1.5,1,2,initial,144,144,144,94,50,46,4,0,0,46,0.31944444,-1250,-9458,-65.68055556,80,64,"two-contract post-signal scalp: one contract exits at first target, one runner uses selected stop mode and runner target"
1,signal_scaled_scalp:strategy=vwap_extension_fade_3pt:direction=all:first_target_points=1.5:stop_points=1:runner_target_points=3:runner_stop_mode=breakeven,vwap_extension_fade_3pt,all,1.5,1,3,breakeven,144,144,144,94,50,27,23,0,0,50,0.34722222,-1600,-9808,-68.11111111,80,64,"two-contract post-signal scalp: one contract exits at first target, one runner uses selected stop mode and runner target"
1,signal_scaled_scalp:strategy=vwap_extension_fade_3pt:direction=all:first_target_points=1.5:stop_points=1:runner_target_points=3:runner_stop_mode=initial,vwap_extension_fade_3pt,all,1.5,1,3,initial,144,144,144,94,50,34,16,0,0,34,0.23611111,-1350,-9558,-66.375,80,64,"two-contract post-signal scalp: one contract exits at first target, one runner uses selected stop mode and runner target"
1,signal_scaled_scalp:strategy=vwap_extension_fade_3pt:direction=all:first_target_points=1.5:stop_points=1:runner_target_points=5:runner_stop_mode=breakeven,vwap_extension_fade_3pt,all,1.5,1,5,breakeven,144,144,144,94,50,18,32,0,0,50,0.34722222,-1150,-9358,-64.98611111,80,64,"two-contract post-signal scalp: one contract exits at first target, one runner uses selected stop mode and runner target"
1,signal_scaled_scalp:strategy=vwap_extension_fade_3pt:direction=all:first_target_points=1.5:stop_points=1:runner_target_points=5:runner_stop_mode=initial,vwap_extension_fade_3pt,all,1.5,1,5,initial,144,144,144,94,50,24,26,0,0,24,0.16666667,-950,-9158,-63.59722222,80,64,"two-contract post-signal scalp: one contract exits at first target, one runner uses selected stop mode and runner target"
1,signal_scaled_scalp:strategy=vwap_extension_fade_3pt:direction=all:first_target_points=1.5:stop_points=1.5:runner_target_points=2:runner_stop_mode=breakeven,vwap_extension_fade_3pt,all,1.5,1.5,2,breakeven,144,144,144,82,62,55,7,0,0,62,0.43055556,-2150,-10358,-71.93055556,80,64,"two-contract post-signal scalp: one contract exits at first target, one runner uses selected stop mode and runner target"
1,signal_scaled_scalp:strategy=vwap_extension_fade_3pt:direction=all:first_target_points=1.5:stop_points=1.5:runner_target_points=2:runner_stop_mode=initial,vwap_extension_fade_3pt,all,1.5,1.5,2,initial,144,144,144,82,62,59,3,0,0,59,0.40972222,-1975,-10183,-70.71527778,80,64,"two-contract post-signal scalp: one contract exits at first target, one runner uses selected stop mode and runner target"
1,signal_scaled_scalp:strategy=vwap_extension_fade_3pt:direction=all:first_target_points=1.5:stop_points=1.5:runner_target_points=3:runner_stop_mode=breakeven,vwap_extension_fade_3pt,all,1.5,1.5,3,breakeven,144,144,144,82,62,33,29,0,0,62,0.43055556,-2700,-10908,-75.75,80,64,"two-contract post-signal scalp: one contract exits at first target, one runner uses selected stop mode and runner target"
1,signal_scaled_scalp:strategy=vwap_extension_fade_3pt:direction=all:first_target_points=1.5:stop_points=1.5:runner_target_points=3:runner_stop_mode=initial,vwap_extension_fade_3pt,all,1.5,1.5,3,initial,144,144,144,82,62,45,17,0,0,45,0.3125,-2175,-10383,-72.10416667,80,64,"two-contract post-signal scalp: one contract exits at first target, one runner uses selected stop mode and runner target"
1,signal_scaled_scalp:strategy=vwap_extension_fade_3pt:direction=all:first_target_points=1.5:stop_points=1.5:runner_target_points=5:runner_stop_mode=breakeven,vwap_extension_fade_3pt,all,1.5,1.5,5,breakeven,144,144,144,82,62,22,40,0,0,62,0.43055556,-2150,-10358,-71.93055556,80,64,"two-contract post-signal scalp: one contract exits at first target, one runner uses selected stop mode and runner target"
1,signal_scaled_scalp:strategy=vwap_extension_fade_3pt:direction=all:first_target_points=1.5:stop_points=1.5:runner_target_points=5:runner_stop_mode=initial,vwap_extension_fade_3pt,all,1.5,1.5,5,initial,144,144,144,82,62,29,33,0,0,29,0.20138889,-2875,-11083,-76.96527778,80,64,"two-contract post-signal scalp: one contract exits at first target, one runner uses selected stop mode and runner target"
1,signal_scaled_scalp:strategy=vwap_extension_fade_3pt:direction=all:first_target_points=1.5:stop_points=2:runner_target_points=2:runner_stop_mode=breakeven,vwap_extension_fade_3pt,all,1.5,2,2,breakeven,144,144,144,67,77,67,10,0,0,77,0.53472222,-925,-9133,-63.42361111,80,64,"two-contract post-signal scalp: one contract exits at first target, one runner uses selected stop mode and runner target"
1,signal_scaled_scalp:strategy=vwap_extension_fade_3pt:direction=all:first_target_points=1.5:stop_points=2:runner_target_points=2:runner_stop_mode=initial,vwap_extension_fade_3pt,all,1.5,2,2,initial,144,144,144,67,77,74,3,0,0,74,0.51388889,-525,-8733,-60.64583333,80,64,"two-contract post-signal scalp: one contract exits at first target, one runner uses selected stop mode and runner target"
1,signal_scaled_scalp:strategy=vwap_extension_fade_3pt:direction=all:first_target_points=1.5:stop_points=2:runner_target_points=3:runner_stop_mode=breakeven,vwap_extension_fade_3pt,all,1.5,2,3,breakeven,144,144,144,67,77,41,36,0,0,77,0.53472222,-1475,-9683,-67.24305556,80,64,"two-contract post-signal scalp: one contract exits at first target, one runner uses selected stop mode and runner target"
1,signal_scaled_scalp:strategy=vwap_extension_fade_3pt:direction=all:first_target_points=1.5:stop_points=2:runner_target_points=3:runner_stop_mode=initial,vwap_extension_fade_3pt,all,1.5,2,3,initial,144,144,144,67,77,58,19,0,0,58,0.40277778,-825,-9033,-62.72916667,80,64,"two-contract post-signal scalp: one contract exits at first target, one runner uses selected stop mode and runner target"
1,signal_scaled_scalp:strategy=vwap_extension_fade_3pt:direction=all:first_target_points=1.5:stop_points=2:runner_target_points=5:runner_stop_mode=breakeven,vwap_extension_fade_3pt,all,1.5,2,5,breakeven,144,144,144,67,77,26,51,0,0,77,0.53472222,-1125,-9333,-64.8125,80,64,"two-contract post-signal scalp: one contract exits at first target, one runner uses selected stop mode and runner target"
1,signal_scaled_scalp:strategy=vwap_extension_fade_3pt:direction=all:first_target_points=1.5:stop_points=2:runner_target_points=5:runner_stop_mode=initial,vwap_extension_fade_3pt,all,1.5,2,5,initial,144,144,144,67,77,42,35,0,0,42,0.29166667,-625,-8833,-61.34027778,80,64,"two-contract post-signal scalp: one contract exits at first target, one runner uses selected stop mode and runner target"
1,signal_scaled_scalp:strategy=vwap_extension_fade_4pt:direction=all:first_target_points=0.5:stop_points=1:runner_target_points=1.5:runner_stop_mode=breakeven,vwap_extension_fade_4pt,all,0.5,1,1.5,breakeven,140,140,140,74,66,29,37,0,0,29,0.20714286,-3575,-11555,-82.53571429,79,61,"two-contract post-signal scalp: one contract exits at first target, one runner uses selected stop mode and runner target"
1,signal_scaled_scalp:strategy=vwap_extension_fade_4pt:direction=all:first_target_points=0.5:stop_points=1:runner_target_points=1.5:runner_stop_mode=initial,vwap_extension_fade_4pt,all,0.5,1,1.5,initial,140,140,140,74,66,42,24,0,0,42,0.3,-3800,-11780,-84.14285714,79,61,"two-contract post-signal scalp: one contract exits at first target, one runner uses selected stop mode and runner target"
1,signal_scaled_scalp:strategy=vwap_extension_fade_4pt:direction=all:first_target_points=0.5:stop_points=1:runner_target_points=2:runner_stop_mode=breakeven,vwap_extension_fade_4pt,all,0.5,1,2,breakeven,140,140,140,74,66,24,42,0,0,24,0.17142857,-3350,-11330,-80.92857143,79,61,"two-contract post-signal scalp: one contract exits at first target, one runner uses selected stop mode and runner target"
1,signal_scaled_scalp:strategy=vwap_extension_fade_4pt:direction=all:first_target_points=0.5:stop_points=1:runner_target_points=2:runner_stop_mode=initial,vwap_extension_fade_4pt,all,0.5,1,2,initial,140,140,140,74,66,38,28,0,0,38,0.27142857,-3350,-11330,-80.92857143,79,61,"two-contract post-signal scalp: one contract exits at first target, one runner uses selected stop mode and runner target"
1,signal_scaled_scalp:strategy=vwap_extension_fade_4pt:direction=all:first_target_points=0.5:stop_points=1:runner_target_points=3:runner_stop_mode=breakeven,vwap_extension_fade_4pt,all,0.5,1,3,breakeven,140,140,140,74,66,11,55,0,0,11,0.07857143,-4100,-12080,-86.28571429,79,61,"two-contract post-signal scalp: one contract exits at first target, one runner uses selected stop mode and runner target"
1,signal_scaled_scalp:strategy=vwap_extension_fade_4pt:direction=all:first_target_points=0.5:stop_points=1:runner_target_points=3:runner_stop_mode=initial,vwap_extension_fade_4pt,all,0.5,1,3,initial,140,140,140,74,66,27,39,0,0,27,0.19285714,-3650,-11630,-83.07142857,79,61,"two-contract post-signal scalp: one contract exits at first target, one runner uses selected stop mode and runner target"
1,signal_scaled_scalp:strategy=vwap_extension_fade_4pt:direction=all:first_target_points=0.5:stop_points=1:runner_target_points=5:runner_stop_mode=breakeven,vwap_extension_fade_4pt,all,0.5,1,5,breakeven,140,140,140,74,66,7,59,0,0,7,0.05,-4000,-11980,-85.57142857,79,61,"two-contract post-signal scalp: one contract exits at first target, one runner uses selected stop mode and runner target"
1,signal_scaled_scalp:strategy=vwap_extension_fade_4pt:direction=all:first_target_points=0.5:stop_points=1:runner_target_points=5:runner_stop_mode=initial,vwap_extension_fade_4pt,all,0.5,1,5,initial,140,140,140,74,66,18,48,0,0,18,0.12857143,-3650,-11630,-83.07142857,79,61,"two-contract post-signal scalp: one contract exits at first target, one runner uses selected stop mode and runner target"
1,signal_scaled_scalp:strategy=vwap_extension_fade_4pt:direction=all:first_target_points=0.5:stop_points=1.5:runner_target_points=1.5:runner_stop_mode=breakeven,vwap_extension_fade_4pt,all,0.5,1.5,1.5,breakeven,140,140,140,62,78,31,47,0,0,31,0.22142857,-5025,-13005,-92.89285714,79,61,"two-contract post-signal scalp: one contract exits at first target, one runner uses selected stop mode and runner target"
1,signal_scaled_scalp:strategy=vwap_extension_fade_4pt:direction=all:first_target_points=0.5:stop_points=1.5:runner_target_points=1.5:runner_stop_mode=initial,vwap_extension_fade_4pt,all,0.5,1.5,1.5,initial,140,140,140,62,78,51,27,0,0,51,0.36428571,-5550,-13530,-96.64285714,79,61,"two-contract post-signal scalp: one contract exits at first target, one runner uses selected stop mode and runner target"
1,signal_scaled_scalp:strategy=vwap_extension_fade_4pt:direction=all:first_target_points=0.5:stop_points=1.5:runner_target_points=2:runner_stop_mode=breakeven,vwap_extension_fade_4pt,all,0.5,1.5,2,breakeven,140,140,140,62,78,26,52,0,0,26,0.18571429,-4750,-12730,-90.92857143,79,61,"two-contract post-signal scalp: one contract exits at first target, one runner uses selected stop mode and runner target"
1,signal_scaled_scalp:strategy=vwap_extension_fade_4pt:direction=all:first_target_points=0.5:stop_points=1.5:runner_target_points=2:runner_stop_mode=initial,vwap_extension_fade_4pt,all,0.5,1.5,2,initial,140,140,140,62,78,47,31,0,0,47,0.33571429,-4975,-12955,-92.53571429,79,61,"two-contract post-signal scalp: one contract exits at first target, one runner uses selected stop mode and runner target"
1,signal_scaled_scalp:strategy=vwap_extension_fade_4pt:direction=all:first_target_points=0.5:stop_points=1.5:runner_target_points=3:runner_stop_mode=breakeven,vwap_extension_fade_4pt,all,0.5,1.5,3,breakeven,140,140,140,62,78,12,66,0,0,12,0.08571429,-5550,-13530,-96.64285714,79,61,"two-contract post-signal scalp: one contract exits at first target, one runner uses selected stop mode and runner target"
1,signal_scaled_scalp:strategy=vwap_extension_fade_4pt:direction=all:first_target_points=0.5:stop_points=1.5:runner_target_points=3:runner_stop_mode=initial,vwap_extension_fade_4pt,all,0.5,1.5,3,initial,140,140,140,62,78,36,42,0,0,36,0.25714286,-5100,-13080,-93.42857143,79,61,"two-contract post-signal scalp: one contract exits at first target, one runner uses selected stop mode and runner target"
1,signal_scaled_scalp:strategy=vwap_extension_fade_4pt:direction=all:first_target_points=0.5:stop_points=1.5:runner_target_points=5:runner_stop_mode=breakeven,vwap_extension_fade_4pt,all,0.5,1.5,5,breakeven,140,140,140,62,78,7,71,0,0,7,0.05,-5600,-13580,-97,79,61,"two-contract post-signal scalp: one contract exits at first target, one runner uses selected stop mode and runner target"
1,signal_scaled_scalp:strategy=vwap_extension_fade_4pt:direction=all:first_target_points=0.5:stop_points=1.5:runner_target_points=5:runner_stop_mode=initial,vwap_extension_fade_4pt,all,0.5,1.5,5,initial,140,140,140,62,78,23,55,0,0,23,0.16428571,-5725,-13705,-97.89285714,79,61,"two-contract post-signal scalp: one contract exits at first target, one runner uses selected stop mode and runner target"
1,signal_scaled_scalp:strategy=vwap_extension_fade_4pt:direction=all:first_target_points=0.5:stop_points=2:runner_target_points=1.5:runner_stop_mode=breakeven,vwap_extension_fade_4pt,all,0.5,2,1.5,breakeven,140,140,140,51,89,34,55,0,0,34,0.24285714,-5425,-13405,-95.75,79,61,"two-contract post-signal scalp: one contract exits at first target, one runner uses selected stop mode and runner target"
1,signal_scaled_scalp:strategy=vwap_extension_fade_4pt:direction=all:first_target_points=0.5:stop_points=2:runner_target_points=1.5:runner_stop_mode=initial,vwap_extension_fade_4pt,all,0.5,2,1.5,initial,140,140,140,51,89,66,23,0,0,66,0.47142857,-5325,-13305,-95.03571429,79,61,"two-contract post-signal scalp: one contract exits at first target, one runner uses selected stop mode and runner target"
1,signal_scaled_scalp:strategy=vwap_extension_fade_4pt:direction=all:first_target_points=0.5:stop_points=2:runner_target_points=2:runner_stop_mode=breakeven,vwap_extension_fade_4pt,all,0.5,2,2,breakeven,140,140,140,51,89,29,60,0,0,29,0.20714286,-5075,-13055,-93.25,79,61,"two-contract post-signal scalp: one contract exits at first target, one runner uses selected stop mode and runner target"
1,signal_scaled_scalp:strategy=vwap_extension_fade_4pt:direction=all:first_target_points=0.5:stop_points=2:runner_target_points=2:runner_stop_mode=initial,vwap_extension_fade_4pt,all,0.5,2,2,initial,140,140,140,51,89,62,27,0,0,62,0.44285714,-4475,-12455,-88.96428571,79,61,"two-contract post-signal scalp: one contract exits at first target, one runner uses selected stop mode and runner target"
1,signal_scaled_scalp:strategy=vwap_extension_fade_4pt:direction=all:first_target_points=0.5:stop_points=2:runner_target_points=3:runner_stop_mode=breakeven,vwap_extension_fade_4pt,all,0.5,2,3,breakeven,140,140,140,51,89,14,75,0,0,14,0.1,-5875,-13855,-98.96428571,79,61,"two-contract post-signal scalp: one contract exits at first target, one runner uses selected stop mode and runner target"
1,signal_scaled_scalp:strategy=vwap_extension_fade_4pt:direction=all:first_target_points=0.5:stop_points=2:runner_target_points=3:runner_stop_mode=initial,vwap_extension_fade_4pt,all,0.5,2,3,initial,140,140,140,51,89,48,41,0,0,48,0.34285714,-4875,-12855,-91.82142857,79,61,"two-contract post-signal scalp: one contract exits at first target, one runner uses selected stop mode and runner target"
1,signal_scaled_scalp:strategy=vwap_extension_fade_4pt:direction=all:first_target_points=0.5:stop_points=2:runner_target_points=5:runner_stop_mode=breakeven,vwap_extension_fade_4pt,all,0.5,2,5,breakeven,140,140,140,51,89,7,82,0,0,7,0.05,-6225,-14205,-101.46428571,79,61,"two-contract post-signal scalp: one contract exits at first target, one runner uses selected stop mode and runner target"
1,signal_scaled_scalp:strategy=vwap_extension_fade_4pt:direction=all:first_target_points=0.5:stop_points=2:runner_target_points=5:runner_stop_mode=initial,vwap_extension_fade_4pt,all,0.5,2,5,initial,140,140,140,51,89,31,58,0,0,31,0.22142857,-6025,-14005,-100.03571429,79,61,"two-contract post-signal scalp: one contract exits at first target, one runner uses selected stop mode and runner target"
1,signal_scaled_scalp:strategy=vwap_extension_fade_4pt:direction=all:first_target_points=1:stop_points=1:runner_target_points=1.5:runner_stop_mode=breakeven,vwap_extension_fade_4pt,all,1,1,1.5,breakeven,140,140,140,86,54,35,19,0,0,35,0.25,-3275,-11255,-80.39285714,79,61,"two-contract post-signal scalp: one contract exits at first target, one runner uses selected stop mode and runner target"
1,signal_scaled_scalp:strategy=vwap_extension_fade_4pt:direction=all:first_target_points=1:stop_points=1:runner_target_points=1.5:runner_stop_mode=initial,vwap_extension_fade_4pt,all,1,1,1.5,initial,140,140,140,86,54,42,12,0,0,42,0.3,-3350,-11330,-80.92857143,79,61,"two-contract post-signal scalp: one contract exits at first target, one runner uses selected stop mode and runner target"
1,signal_scaled_scalp:strategy=vwap_extension_fade_4pt:direction=all:first_target_points=1:stop_points=1:runner_target_points=2:runner_stop_mode=breakeven,vwap_extension_fade_4pt,all,1,1,2,breakeven,140,140,140,86,54,29,25,0,0,29,0.20714286,-3000,-10980,-78.42857143,79,61,"two-contract post-signal scalp: one contract exits at first target, one runner uses selected stop mode and runner target"
1,signal_scaled_scalp:strategy=vwap_extension_fade_4pt:direction=all:first_target_points=1:stop_points=1:runner_target_points=2:runner_stop_mode=initial,vwap_extension_fade_4pt,all,1,1,2,initial,140,140,140,86,54,38,16,0,0,38,0.27142857,-2900,-10880,-77.71428571,79,61,"two-contract post-signal scalp: one contract exits at first target, one runner uses selected stop mode and runner target"
1,signal_scaled_scalp:strategy=vwap_extension_fade_4pt:direction=all:first_target_points=1:stop_points=1:runner_target_points=3:runner_stop_mode=breakeven,vwap_extension_fade_4pt,all,1,1,3,breakeven,140,140,140,86,54,15,39,0,0,15,0.10714286,-3650,-11630,-83.07142857,79,61,"two-contract post-signal scalp: one contract exits at first target, one runner uses selected stop mode and runner target"
1,signal_scaled_scalp:strategy=vwap_extension_fade_4pt:direction=all:first_target_points=1:stop_points=1:runner_target_points=3:runner_stop_mode=initial,vwap_extension_fade_4pt,all,1,1,3,initial,140,140,140,86,54,27,27,0,0,27,0.19285714,-3200,-11180,-79.85714286,79,61,"two-contract post-signal scalp: one contract exits at first target, one runner uses selected stop mode and runner target"
1,signal_scaled_scalp:strategy=vwap_extension_fade_4pt:direction=all:first_target_points=1:stop_points=1:runner_target_points=5:runner_stop_mode=breakeven,vwap_extension_fade_4pt,all,1,1,5,breakeven,140,140,140,86,54,10,44,0,0,10,0.07142857,-3400,-11380,-81.28571429,79,61,"two-contract post-signal scalp: one contract exits at first target, one runner uses selected stop mode and runner target"
1,signal_scaled_scalp:strategy=vwap_extension_fade_4pt:direction=all:first_target_points=1:stop_points=1:runner_target_points=5:runner_stop_mode=initial,vwap_extension_fade_4pt,all,1,1,5,initial,140,140,140,86,54,18,36,0,0,18,0.12857143,-3200,-11180,-79.85714286,79,61,"two-contract post-signal scalp: one contract exits at first target, one runner uses selected stop mode and runner target"
1,signal_scaled_scalp:strategy=vwap_extension_fade_4pt:direction=all:first_target_points=1:stop_points=1.5:runner_target_points=1.5:runner_stop_mode=breakeven,vwap_extension_fade_4pt,all,1,1.5,1.5,breakeven,140,140,140,76,64,40,24,0,0,40,0.28571429,-5200,-13180,-94.14285714,79,61,"two-contract post-signal scalp: one contract exits at first target, one runner uses selected stop mode and runner target"
1,signal_scaled_scalp:strategy=vwap_extension_fade_4pt:direction=all:first_target_points=1:stop_points=1.5:runner_target_points=1.5:runner_stop_mode=initial,vwap_extension_fade_4pt,all,1,1.5,1.5,initial,140,140,140,76,64,51,13,0,0,51,0.36428571,-5350,-13330,-95.21428571,79,61,"two-contract post-signal scalp: one contract exits at first target, one runner uses selected stop mode and runner target"
1,signal_scaled_scalp:strategy=vwap_extension_fade_4pt:direction=all:first_target_points=1:stop_points=1.5:runner_target_points=2:runner_stop_mode=breakeven,vwap_extension_fade_4pt,all,1,1.5,2,breakeven,140,140,140,76,64,33,31,0,0,33,0.23571429,-4900,-12880,-92,79,61,"two-contract post-signal scalp: one contract exits at first target, one runner uses selected stop mode and runner target"
1,signal_scaled_scalp:strategy=vwap_extension_fade_4pt:direction=all:first_target_points=1:stop_points=1.5:runner_target_points=2:runner_stop_mode=initial,vwap_extension_fade_4pt,all,1,1.5,2,initial,140,140,140,76,64,47,17,0,0,47,0.33571429,-4775,-12755,-91.10714286,79,61,"two-contract post-signal scalp: one contract exits at first target, one runner uses selected stop mode and runner target"
1,signal_scaled_scalp:strategy=vwap_extension_fade_4pt:direction=all:first_target_points=1:stop_points=1.5:runner_target_points=3:runner_stop_mode=breakeven,vwap_extension_fade_4pt,all,1,1.5,3,breakeven,140,140,140,76,64,18,46,0,0,18,0.12857143,-5500,-13480,-96.28571429,79,61,"two-contract post-signal scalp: one contract exits at first target, one runner uses selected stop mode and runner target"
1,signal_scaled_scalp:strategy=vwap_extension_fade_4pt:direction=all:first_target_points=1:stop_points=1.5:runner_target_points=3:runner_stop_mode=initial,vwap_extension_fade_4pt,all,1,1.5,3,initial,140,140,140,76,64,36,28,0,0,36,0.25714286,-4900,-12880,-92,79,61,"two-contract post-signal scalp: one contract exits at first target, one runner uses selected stop mode and runner target"
1,signal_scaled_scalp:strategy=vwap_extension_fade_4pt:direction=all:first_target_points=1:stop_points=1.5:runner_target_points=5:runner_stop_mode=breakeven,vwap_extension_fade_4pt,all,1,1.5,5,breakeven,140,140,140,76,64,11,53,0,0,11,0.07857143,-5450,-13430,-95.92857143,79,61,"two-contract post-signal scalp: one contract exits at first target, one runner uses selected stop mode and runner target"
1,signal_scaled_scalp:strategy=vwap_extension_fade_4pt:direction=all:first_target_points=1:stop_points=1.5:runner_target_points=5:runner_stop_mode=initial,vwap_extension_fade_4pt,all,1,1.5,5,initial,140,140,140,76,64,23,41,0,0,23,0.16428571,-5525,-13505,-96.46428571,79,61,"two-contract post-signal scalp: one contract exits at first target, one runner uses selected stop mode and runner target"
1,signal_scaled_scalp:strategy=vwap_extension_fade_4pt:direction=all:first_target_points=1:stop_points=2:runner_target_points=1.5:runner_stop_mode=breakeven,vwap_extension_fade_4pt,all,1,2,1.5,breakeven,140,140,140,63,77,48,29,0,0,48,0.34285714,-5150,-13130,-93.78571429,79,61,"two-contract post-signal scalp: one contract exits at first target, one runner uses selected stop mode and runner target"
1,signal_scaled_scalp:strategy=vwap_extension_fade_4pt:direction=all:first_target_points=1:stop_points=2:runner_target_points=1.5:runner_stop_mode=initial,vwap_extension_fade_4pt,all,1,2,1.5,initial,140,140,140,63,77,66,11,0,0,66,0.47142857,-4900,-12880,-92,79,61,"two-contract post-signal scalp: one contract exits at first target, one runner uses selected stop mode and runner target"
1,signal_scaled_scalp:strategy=vwap_extension_fade_4pt:direction=all:first_target_points=1:stop_points=2:runner_target_points=2:runner_stop_mode=breakeven,vwap_extension_fade_4pt,all,1,2,2,breakeven,140,140,140,63,77,40,37,0,0,40,0.28571429,-4750,-12730,-90.92857143,79,61,"two-contract post-signal scalp: one contract exits at first target, one runner uses selected stop mode and runner target"
1,signal_scaled_scalp:strategy=vwap_extension_fade_4pt:direction=all:first_target_points=1:stop_points=2:runner_target_points=2:runner_stop_mode=initial,vwap_extension_fade_4pt,all,1,2,2,initial,140,140,140,63,77,62,15,0,0,62,0.44285714,-4050,-12030,-85.92857143,79,61,"two-contract post-signal scalp: one contract exits at first target, one runner uses selected stop mode and runner target"
1,signal_scaled_scalp:strategy=vwap_extension_fade_4pt:direction=all:first_target_points=1:stop_points=2:runner_target_points=3:runner_stop_mode=breakeven,vwap_extension_fade_4pt,all,1,2,3,breakeven,140,140,140,63,77,22,55,0,0,22,0.15714286,-5450,-13430,-95.92857143,79,61,"two-contract post-signal scalp: one contract exits at first target, one runner uses selected stop mode and runner target"
1,signal_scaled_scalp:strategy=vwap_extension_fade_4pt:direction=all:first_target_points=1:stop_points=2:runner_target_points=3:runner_stop_mode=initial,vwap_extension_fade_4pt,all,1,2,3,initial,140,140,140,63,77,48,29,0,0,48,0.34285714,-4450,-12430,-88.78571429,79,61,"two-contract post-signal scalp: one contract exits at first target, one runner uses selected stop mode and runner target"
1,signal_scaled_scalp:strategy=vwap_extension_fade_4pt:direction=all:first_target_points=1:stop_points=2:runner_target_points=5:runner_stop_mode=breakeven,vwap_extension_fade_4pt,all,1,2,5,breakeven,140,140,140,63,77,11,66,0,0,11,0.07857143,-6000,-13980,-99.85714286,79,61,"two-contract post-signal scalp: one contract exits at first target, one runner uses selected stop mode and runner target"
1,signal_scaled_scalp:strategy=vwap_extension_fade_4pt:direction=all:first_target_points=1:stop_points=2:runner_target_points=5:runner_stop_mode=initial,vwap_extension_fade_4pt,all,1,2,5,initial,140,140,140,63,77,31,46,0,0,31,0.22142857,-5600,-13580,-97,79,61,"two-contract post-signal scalp: one contract exits at first target, one runner uses selected stop mode and runner target"
1,signal_scaled_scalp:strategy=vwap_extension_fade_4pt:direction=all:first_target_points=1.5:stop_points=1:runner_target_points=2:runner_stop_mode=breakeven,vwap_extension_fade_4pt,all,1.5,1,2,breakeven,140,140,140,98,42,35,7,0,0,42,0.3,-3150,-11130,-79.5,79,61,"two-contract post-signal scalp: one contract exits at first target, one runner uses selected stop mode and runner target"
1,signal_scaled_scalp:strategy=vwap_extension_fade_4pt:direction=all:first_target_points=1.5:stop_points=1:runner_target_points=2:runner_stop_mode=initial,vwap_extension_fade_4pt,all,1.5,1,2,initial,140,140,140,98,42,38,4,0,0,38,0.27142857,-3050,-11030,-78.78571429,79,61,"two-contract post-signal scalp: one contract exits at first target, one runner uses selected stop mode and runner target"
1,signal_scaled_scalp:strategy=vwap_extension_fade_4pt:direction=all:first_target_points=1.5:stop_points=1:runner_target_points=3:runner_stop_mode=breakeven,vwap_extension_fade_4pt,all,1.5,1,3,breakeven,140,140,140,98,42,19,23,0,0,42,0.3,-3800,-11780,-84.14285714,79,61,"two-contract post-signal scalp: one contract exits at first target, one runner uses selected stop mode and runner target"
1,signal_scaled_scalp:strategy=vwap_extension_fade_4pt:direction=all:first_target_points=1.5:stop_points=1:runner_target_points=3:runner_stop_mode=initial,vwap_extension_fade_4pt,all,1.5,1,3,initial,140,140,140,98,42,27,15,0,0,27,0.19285714,-3350,-11330,-80.92857143,79,61,"two-contract post-signal scalp: one contract exits at first target, one runner uses selected stop mode and runner target"
1,signal_scaled_scalp:strategy=vwap_extension_fade_4pt:direction=all:first_target_points=1.5:stop_points=1:runner_target_points=5:runner_stop_mode=breakeven,vwap_extension_fade_4pt,all,1.5,1,5,breakeven,140,140,140,98,42,12,30,0,0,42,0.3,-3650,-11630,-83.07142857,79,61,"two-contract post-signal scalp: one contract exits at first target, one runner uses selected stop mode and runner target"
1,signal_scaled_scalp:strategy=vwap_extension_fade_4pt:direction=all:first_target_points=1.5:stop_points=1:runner_target_points=5:runner_stop_mode=initial,vwap_extension_fade_4pt,all,1.5,1,5,initial,140,140,140,98,42,18,24,0,0,18,0.12857143,-3350,-11330,-80.92857143,79,61,"two-contract post-signal scalp: one contract exits at first target, one runner uses selected stop mode and runner target"
1,signal_scaled_scalp:strategy=vwap_extension_fade_4pt:direction=all:first_target_points=1.5:stop_points=1.5:runner_target_points=2:runner_stop_mode=breakeven,vwap_extension_fade_4pt,all,1.5,1.5,2,breakeven,140,140,140,89,51,43,8,0,0,51,0.36428571,-5225,-13205,-94.32142857,79,61,"two-contract post-signal scalp: one contract exits at first target, one runner uses selected stop mode and runner target"
1,signal_scaled_scalp:strategy=vwap_extension_fade_4pt:direction=all:first_target_points=1.5:stop_points=1.5:runner_target_points=2:runner_stop_mode=initial,vwap_extension_fade_4pt,all,1.5,1.5,2,initial,140,140,140,89,51,47,4,0,0,47,0.33571429,-5125,-13105,-93.60714286,79,61,"two-contract post-signal scalp: one contract exits at first target, one runner uses selected stop mode and runner target"
1,signal_scaled_scalp:strategy=vwap_extension_fade_4pt:direction=all:first_target_points=1.5:stop_points=1.5:runner_target_points=3:runner_stop_mode=breakeven,vwap_extension_fade_4pt,all,1.5,1.5,3,breakeven,140,140,140,89,51,24,27,0,0,51,0.36428571,-5925,-13905,-99.32142857,79,61,"two-contract post-signal scalp: one contract exits at first target, one runner uses selected stop mode and runner target"
1,signal_scaled_scalp:strategy=vwap_extension_fade_4pt:direction=all:first_target_points=1.5:stop_points=1.5:runner_target_points=3:runner_stop_mode=initial,vwap_extension_fade_4pt,all,1.5,1.5,3,initial,140,140,140,89,51,36,15,0,0,36,0.25714286,-5250,-13230,-94.5,79,61,"two-contract post-signal scalp: one contract exits at first target, one runner uses selected stop mode and runner target"
1,signal_scaled_scalp:strategy=vwap_extension_fade_4pt:direction=all:first_target_points=1.5:stop_points=1.5:runner_target_points=5:runner_stop_mode=breakeven,vwap_extension_fade_4pt,all,1.5,1.5,5,breakeven,140,140,140,89,51,14,37,0,0,51,0.36428571,-6025,-14005,-100.03571429,79,61,"two-contract post-signal scalp: one contract exits at first target, one runner uses selected stop mode and runner target"
1,signal_scaled_scalp:strategy=vwap_extension_fade_4pt:direction=all:first_target_points=1.5:stop_points=1.5:runner_target_points=5:runner_stop_mode=initial,vwap_extension_fade_4pt,all,1.5,1.5,5,initial,140,140,140,89,51,23,28,0,0,23,0.16428571,-5875,-13855,-98.96428571,79,61,"two-contract post-signal scalp: one contract exits at first target, one runner uses selected stop mode and runner target"
1,signal_scaled_scalp:strategy=vwap_extension_fade_4pt:direction=all:first_target_points=1.5:stop_points=2:runner_target_points=2:runner_stop_mode=breakeven,vwap_extension_fade_4pt,all,1.5,2,2,breakeven,140,140,140,74,66,55,11,0,0,66,0.47142857,-4350,-12330,-88.07142857,79,61,"two-contract post-signal scalp: one contract exits at first target, one runner uses selected stop mode and runner target"
1,signal_scaled_scalp:strategy=vwap_extension_fade_4pt:direction=all:first_target_points=1.5:stop_points=2:runner_target_points=2:runner_stop_mode=initial,vwap_extension_fade_4pt,all,1.5,2,2,initial,140,140,140,74,66,62,4,0,0,62,0.44285714,-4050,-12030,-85.92857143,79,61,"two-contract post-signal scalp: one contract exits at first target, one runner uses selected stop mode and runner target"
1,signal_scaled_scalp:strategy=vwap_extension_fade_4pt:direction=all:first_target_points=1.5:stop_points=2:runner_target_points=3:runner_stop_mode=breakeven,vwap_extension_fade_4pt,all,1.5,2,3,breakeven,140,140,140,74,66,30,36,0,0,66,0.47142857,-5350,-13330,-95.21428571,79,61,"two-contract post-signal scalp: one contract exits at first target, one runner uses selected stop mode and runner target"
1,signal_scaled_scalp:strategy=vwap_extension_fade_4pt:direction=all:first_target_points=1.5:stop_points=2:runner_target_points=3:runner_stop_mode=initial,vwap_extension_fade_4pt,all,1.5,2,3,initial,140,140,140,74,66,48,18,0,0,48,0.34285714,-4450,-12430,-88.78571429,79,61,"two-contract post-signal scalp: one contract exits at first target, one runner uses selected stop mode and runner target"
1,signal_scaled_scalp:strategy=vwap_extension_fade_4pt:direction=all:first_target_points=1.5:stop_points=2:runner_target_points=5:runner_stop_mode=breakeven,vwap_extension_fade_4pt,all,1.5,2,5,breakeven,140,140,140,74,66,16,50,0,0,66,0.47142857,-5850,-13830,-98.78571429,79,61,"two-contract post-signal scalp: one contract exits at first target, one runner uses selected stop mode and runner target"
1,signal_scaled_scalp:strategy=vwap_extension_fade_4pt:direction=all:first_target_points=1.5:stop_points=2:runner_target_points=5:runner_stop_mode=initial,vwap_extension_fade_4pt,all,1.5,2,5,initial,140,140,140,74,66,31,35,0,0,31,0.22142857,-5600,-13580,-97,79,61,"two-contract post-signal scalp: one contract exits at first target, one runner uses selected stop mode and runner target"
1,signal_scaled_scalp:strategy=impulse_fade_3bar_1.5pt:direction=all:first_target_points=0.5:stop_points=1:runner_target_points=1.5:runner_stop_mode=breakeven,impulse_fade_3bar_1.5pt,all,0.5,1,1.5,breakeven,159,159,159,92,67,34,33,0,0,34,0.21383648,-4975,-14038,-88.28930818,85,74,"two-contract post-signal scalp: one contract exits at first target, one runner uses selected stop mode and runner target"
1,signal_scaled_scalp:strategy=impulse_fade_3bar_1.5pt:direction=all:first_target_points=0.5:stop_points=1:runner_target_points=1.5:runner_stop_mode=initial,impulse_fade_3bar_1.5pt,all,0.5,1,1.5,initial,159,159,159,92,67,48,19,0,0,48,0.30188679,-4875,-13938,-87.66037736,85,74,"two-contract post-signal scalp: one contract exits at first target, one runner uses selected stop mode and runner target"
1,signal_scaled_scalp:strategy=impulse_fade_3bar_1.5pt:direction=all:first_target_points=0.5:stop_points=1:runner_target_points=2:runner_stop_mode=breakeven,impulse_fade_3bar_1.5pt,all,0.5,1,2,breakeven,159,159,159,92,67,27,40,0,0,27,0.16981132,-4825,-13888,-87.34591195,85,74,"two-contract post-signal scalp: one contract exits at first target, one runner uses selected stop mode and runner target"
1,signal_scaled_scalp:strategy=impulse_fade_3bar_1.5pt:direction=all:first_target_points=0.5:stop_points=1:runner_target_points=2:runner_stop_mode=initial,impulse_fade_3bar_1.5pt,all,0.5,1,2,initial,159,159,159,92,67,39,28,0,0,39,0.24528302,-5025,-14088,-88.60377358,85,74,"two-contract post-signal scalp: one contract exits at first target, one runner uses selected stop mode and runner target"
1,signal_scaled_scalp:strategy=impulse_fade_3bar_1.5pt:direction=all:first_target_points=0.5:stop_points=1:runner_target_points=3:runner_stop_mode=breakeven,impulse_fade_3bar_1.5pt,all,0.5,1,3,breakeven,159,159,159,92,67,23,44,0,0,23,0.14465409,-4075,-13138,-82.62893082,85,74,"two-contract post-signal scalp: one contract exits at first target, one runner uses selected stop mode and runner target"
1,signal_scaled_scalp:strategy=impulse_fade_3bar_1.5pt:direction=all:first_target_points=0.5:stop_points=1:runner_target_points=3:runner_stop_mode=initial,impulse_fade_3bar_1.5pt,all,0.5,1,3,initial,159,159,159,92,67,35,32,0,0,35,0.22012579,-3875,-12938,-81.37106918,85,74,"two-contract post-signal scalp: one contract exits at first target, one runner uses selected stop mode and runner target"
1,signal_scaled_scalp:strategy=impulse_fade_3bar_1.5pt:direction=all:first_target_points=0.5:stop_points=1:runner_target_points=5:runner_stop_mode=breakeven,impulse_fade_3bar_1.5pt,all,0.5,1,5,breakeven,159,159,159,92,67,19,48,0,0,19,0.11949686,-2775,-11838,-74.45283019,85,74,"two-contract post-signal scalp: one contract exits at first target, one runner uses selected stop mode and runner target"
1,signal_scaled_scalp:strategy=impulse_fade_3bar_1.5pt:direction=all:first_target_points=0.5:stop_points=1:runner_target_points=5:runner_stop_mode=initial,impulse_fade_3bar_1.5pt,all,0.5,1,5,initial,159,159,159,92,67,28,39,0,0,28,0.17610063,-2475,-11538,-72.56603774,85,74,"two-contract post-signal scalp: one contract exits at first target, one runner uses selected stop mode and runner target"
1,signal_scaled_scalp:strategy=impulse_fade_3bar_1.5pt:direction=all:first_target_points=0.5:stop_points=1.5:runner_target_points=1.5:runner_stop_mode=breakeven,impulse_fade_3bar_1.5pt,all,0.5,1.5,1.5,breakeven,159,159,159,82,77,36,41,0,0,36,0.22641509,-7675,-16738,-105.27044025,85,74,"two-contract post-signal scalp: one contract exits at first target, one runner uses selected stop mode and runner target"
1,signal_scaled_scalp:strategy=impulse_fade_3bar_1.5pt:direction=all:first_target_points=0.5:stop_points=1.5:runner_target_points=1.5:runner_stop_mode=initial,impulse_fade_3bar_1.5pt,all,0.5,1.5,1.5,initial,159,159,159,82,77,56,21,0,0,56,0.35220126,-7750,-16813,-105.74213836,85,74,"two-contract post-signal scalp: one contract exits at first target, one runner uses selected stop mode and runner target"
1,signal_scaled_scalp:strategy=impulse_fade_3bar_1.5pt:direction=all:first_target_points=0.5:stop_points=1.5:runner_target_points=2:runner_stop_mode=breakeven,impulse_fade_3bar_1.5pt,all,0.5,1.5,2,breakeven,159,159,159,82,77,28,49,0,0,28,0.17610063,-7575,-16638,-104.64150943,85,74,"two-contract post-signal scalp: one contract exits at first target, one runner uses selected stop mode and runner target"
1,signal_scaled_scalp:strategy=impulse_fade_3bar_1.5pt:direction=all:first_target_points=0.5:stop_points=1.5:runner_target_points=2:runner_stop_mode=initial,impulse_fade_3bar_1.5pt,all,0.5,1.5,2,initial,159,159,159,82,77,50,27,0,0,50,0.31446541,-7400,-16463,-103.5408805,85,74,"two-contract post-signal scalp: one contract exits at first target, one runner uses selected stop mode and runner target"
1,signal_scaled_scalp:strategy=impulse_fade_3bar_1.5pt:direction=all:first_target_points=0.5:stop_points=1.5:runner_target_points=3:runner_stop_mode=breakeven,impulse_fade_3bar_1.5pt,all,0.5,1.5,3,breakeven,159,159,159,82,77,24,53,0,0,24,0.1509434,-6775,-15838,-99.61006289,85,74,"two-contract post-signal scalp: one contract exits at first target, one runner uses selected stop mode and runner target"
1,signal_scaled_scalp:strategy=impulse_fade_3bar_1.5pt:direction=all:first_target_points=0.5:stop_points=1.5:runner_target_points=3:runner_stop_mode=initial,impulse_fade_3bar_1.5pt,all,0.5,1.5,3,initial,159,159,159,82,77,45,32,0,0,45,0.28301887,-6025,-15088,-94.89308176,85,74,"two-contract post-signal scalp: one contract exits at first target, one runner uses selected stop mode and runner target"
1,signal_scaled_scalp:strategy=impulse_fade_3bar_1.5pt:direction=all:first_target_points=0.5:stop_points=1.5:runner_target_points=5:runner_stop_mode=breakeven,impulse_fade_3bar_1.5pt,all,0.5,1.5,5,breakeven,159,159,159,82,77,19,58,0,0,19,0.11949686,-5625,-14688,-92.37735849,85,74,"two-contract post-signal scalp: one contract exits at first target, one runner uses selected stop mode and runner target"
1,signal_scaled_scalp:strategy=impulse_fade_3bar_1.5pt:direction=all:first_target_points=0.5:stop_points=1.5:runner_target_points=5:runner_stop_mode=initial,impulse_fade_3bar_1.5pt,all,0.5,1.5,5,initial,159,159,159,82,77,35,42,0,0,35,0.22012579,-4775,-13838,-87.03144654,85,74,"two-contract post-signal scalp: one contract exits at first target, one runner uses selected stop mode and runner target"
1,signal_scaled_scalp:strategy=impulse_fade_3bar_1.5pt:direction=all:first_target_points=0.5:stop_points=2:runner_target_points=1.5:runner_stop_mode=breakeven,impulse_fade_3bar_1.5pt,all,0.5,2,1.5,breakeven,159,159,159,72,87,40,47,0,0,40,0.25157233,-9225,-18288,-115.01886792,85,74,"two-contract post-signal scalp: one contract exits at first target, one runner uses selected stop mode and runner target"
1,signal_scaled_scalp:strategy=impulse_fade_3bar_1.5pt:direction=all:first_target_points=0.5:stop_points=2:runner_target_points=1.5:runner_stop_mode=initial,impulse_fade_3bar_1.5pt,all,0.5,2,1.5,initial,159,159,159,72,87,69,18,0,0,69,0.43396226,-8850,-17913,-112.66037736,85,74,"two-contract post-signal scalp: one contract exits at first target, one runner uses selected stop mode and runner target"
1,signal_scaled_scalp:strategy=impulse_fade_3bar_1.5pt:direction=all:first_target_points=0.5:stop_points=2:runner_target_points=2:runner_stop_mode=breakeven,impulse_fade_3bar_1.5pt,all,0.5,2,2,breakeven,159,159,159,72,87,32,55,0,0,32,0.20125786,-9025,-18088,-113.76100629,85,74,"two-contract post-signal scalp: one contract exits at first target, one runner uses selected stop mode and runner target"
1,signal_scaled_scalp:strategy=impulse_fade_3bar_1.5pt:direction=all:first_target_points=0.5:stop_points=2:runner_target_points=2:runner_stop_mode=initial,impulse_fade_3bar_1.5pt,all,0.5,2,2,initial,159,159,159,72,87,61,26,0,0,61,0.3836478,-8725,-17788,-111.87421384,85,74,"two-contract post-signal scalp: one contract exits at first target, one runner uses selected stop mode and runner target"
1,signal_scaled_scalp:strategy=impulse_fade_3bar_1.5pt:direction=all:first_target_points=0.5:stop_points=2:runner_target_points=3:runner_stop_mode=breakeven,impulse_fade_3bar_1.5pt,all,0.5,2,3,breakeven,159,159,159,72,87,26,61,0,0,26,0.16352201,-8325,-17388,-109.35849057,85,74,"two-contract post-signal scalp: one contract exits at first target, one runner uses selected stop mode and runner target"
1,signal_scaled_scalp:strategy=impulse_fade_3bar_1.5pt:direction=all:first_target_points=0.5:stop_points=2:runner_target_points=3:runner_stop_mode=initial,impulse_fade_3bar_1.5pt,all,0.5,2,3,initial,159,159,159,72,87,53,34,0,0,53,0.33333333,-7675,-16738,-105.27044025,85,74,"two-contract post-signal scalp: one contract exits at first target, one runner uses selected stop mode and runner target"
1,signal_scaled_scalp:strategy=impulse_fade_3bar_1.5pt:direction=all:first_target_points=0.5:stop_points=2:runner_target_points=5:runner_stop_mode=breakeven,impulse_fade_3bar_1.5pt,all,0.5,2,5,breakeven,159,159,159,72,87,20,67,0,0,20,0.12578616,-7225,-16288,-102.44025157,85,74,"two-contract post-signal scalp: one contract exits at first target, one runner uses selected stop mode and runner target"
1,signal_scaled_scalp:strategy=impulse_fade_3bar_1.5pt:direction=all:first_target_points=0.5:stop_points=2:runner_target_points=5:runner_stop_mode=initial,impulse_fade_3bar_1.5pt,all,0.5,2,5,initial,159,159,159,72,87,40,47,0,0,40,0.25157233,-6925,-15988,-100.55345912,85,74,"two-contract post-signal scalp: one contract exits at first target, one runner uses selected stop mode and runner target"
1,signal_scaled_scalp:strategy=impulse_fade_3bar_1.5pt:direction=all:first_target_points=1:stop_points=1:runner_target_points=1.5:runner_stop_mode=breakeven,impulse_fade_3bar_1.5pt,all,1,1,1.5,breakeven,159,159,159,102,57,37,20,0,0,37,0.2327044,-4575,-13638,-85.77358491,85,74,"two-contract post-signal scalp: one contract exits at first target, one runner uses selected stop mode and runner target"
1,signal_scaled_scalp:strategy=impulse_fade_3bar_1.5pt:direction=all:first_target_points=1:stop_points=1:runner_target_points=1.5:runner_stop_mode=initial,impulse_fade_3bar_1.5pt,all,1,1,1.5,initial,159,159,159,102,57,48,9,0,0,48,0.30188679,-4200,-13263,-83.41509434,85,74,"two-contract post-signal scalp: one contract exits at first target, one runner uses selected stop mode and runner target"
1,signal_scaled_scalp:strategy=impulse_fade_3bar_1.5pt:direction=all:first_target_points=1:stop_points=1:runner_target_points=2:runner_stop_mode=breakeven,impulse_fade_3bar_1.5pt,all,1,1,2,breakeven,159,159,159,102,57,29,28,0,0,29,0.18238994,-4450,-13513,-84.98742138,85,74,"two-contract post-signal scalp: one contract exits at first target, one runner uses selected stop mode and runner target"
1,signal_scaled_scalp:strategy=impulse_fade_3bar_1.5pt:direction=all:first_target_points=1:stop_points=1:runner_target_points=2:runner_stop_mode=initial,impulse_fade_3bar_1.5pt,all,1,1,2,initial,159,159,159,102,57,39,18,0,0,39,0.24528302,-4350,-13413,-84.35849057,85,74,"two-contract post-signal scalp: one contract exits at first target, one runner uses selected stop mode and runner target"
1,signal_scaled_scalp:strategy=impulse_fade_3bar_1.5pt:direction=all:first_target_points=1:stop_points=1:runner_target_points=3:runner_stop_mode=breakeven,impulse_fade_3bar_1.5pt,all,1,1,3,breakeven,159,159,159,102,57,25,32,0,0,25,0.1572327,-3600,-12663,-79.64150943,85,74,"two-contract post-signal scalp: one contract exits at first target, one runner uses selected stop mode and runner target"
1,signal_scaled_scalp:strategy=impulse_fade_3bar_1.5pt:direction=all:first_target_points=1:stop_points=1:runner_target_points=3:runner_stop_mode=initial,impulse_fade_3bar_1.5pt,all,1,1,3,initial,159,159,159,102,57,35,22,0,0,35,0.22012579,-3200,-12263,-77.12578616,85,74,"two-contract post-signal scalp: one contract exits at first target, one runner uses selected stop mode and runner target"
1,signal_scaled_scalp:strategy=impulse_fade_3bar_1.5pt:direction=all:first_target_points=1:stop_points=1:runner_target_points=5:runner_stop_mode=breakeven,impulse_fade_3bar_1.5pt,all,1,1,5,breakeven,159,159,159,102,57,20,37,0,0,20,0.12578616,-2350,-11413,-71.77987421,85,74,"two-contract post-signal scalp: one contract exits at first target, one runner uses selected stop mode and runner target"
1,signal_scaled_scalp:strategy=impulse_fade_3bar_1.5pt:direction=all:first_target_points=1:stop_points=1:runner_target_points=5:runner_stop_mode=initial,impulse_fade_3bar_1.5pt,all,1,1,5,initial,159,159,159,102,57,28,29,0,0,28,0.17610063,-1800,-10863,-68.32075472,85,74,"two-contract post-signal scalp: one contract exits at first target, one runner uses selected stop mode and runner target"
1,signal_scaled_scalp:strategy=impulse_fade_3bar_1.5pt:direction=all:first_target_points=1:stop_points=1.5:runner_target_points=1.5:runner_stop_mode=breakeven,impulse_fade_3bar_1.5pt,all,1,1.5,1.5,breakeven,159,159,159,97,62,39,23,0,0,39,0.24528302,-8525,-17588,-110.6163522,85,74,"two-contract post-signal scalp: one contract exits at first target, one runner uses selected stop mode and runner target"
1,signal_scaled_scalp:strategy=impulse_fade_3bar_1.5pt:direction=all:first_target_points=1:stop_points=1.5:runner_target_points=1.5:runner_stop_mode=initial,impulse_fade_3bar_1.5pt,all,1,1.5,1.5,initial,159,159,159,97,62,56,6,0,0,56,0.35220126,-7700,-16763,-105.42767296,85,74,"two-contract post-signal scalp: one contract exits at first target, one runner uses selected stop mode and runner target"
1,signal_scaled_scalp:strategy=impulse_fade_3bar_1.5pt:direction=all:first_target_points=1:stop_points=1.5:runner_target_points=2:runner_stop_mode=breakeven,impulse_fade_3bar_1.5pt,all,1,1.5,2,breakeven,159,159,159,97,62,30,32,0,0,30,0.18867925,-8450,-17513,-110.14465409,85,74,"two-contract post-signal scalp: one contract exits at first target, one runner uses selected stop mode and runner target"
1,signal_scaled_scalp:strategy=impulse_fade_3bar_1.5pt:direction=all:first_target_points=1:stop_points=1.5:runner_target_points=2:runner_stop_mode=initial,impulse_fade_3bar_1.5pt,all,1,1.5,2,initial,159,159,159,97,62,50,12,0,0,50,0.31446541,-7350,-16413,-103.22641509,85,74,"two-contract post-signal scalp: one contract exits at first target, one runner uses selected stop mode and runner target"
1,signal_scaled_scalp:strategy=impulse_fade_3bar_1.5pt:direction=all:first_target_points=1:stop_points=1.5:runner_target_points=3:runner_stop_mode=breakeven,impulse_fade_3bar_1.5pt,all,1,1.5,3,breakeven,159,159,159,97,62,26,36,0,0,26,0.16352201,-7550,-16613,-104.48427673,85,74,"two-contract post-signal scalp: one contract exits at first target, one runner uses selected stop mode and runner target"
1,signal_scaled_scalp:strategy=impulse_fade_3bar_1.5pt:direction=all:first_target_points=1:stop_points=1.5:runner_target_points=3:runner_stop_mode=initial,impulse_fade_3bar_1.5pt,all,1,1.5,3,initial,159,159,159,97,62,45,17,0,0,45,0.28301887,-5975,-15038,-94.57861635,85,74,"two-contract post-signal scalp: one contract exits at first target, one runner uses selected stop mode and runner target"
1,signal_scaled_scalp:strategy=impulse_fade_3bar_1.5pt:direction=all:first_target_points=1:stop_points=1.5:runner_target_points=5:runner_stop_mode=breakeven,impulse_fade_3bar_1.5pt,all,1,1.5,5,breakeven,159,159,159,97,62,20,42,0,0,20,0.12578616,-6450,-15513,-97.56603774,85,74,"two-contract post-signal scalp: one contract exits at first target, one runner uses selected stop mode and runner target"
1,signal_scaled_scalp:strategy=impulse_fade_3bar_1.5pt:direction=all:first_target_points=1:stop_points=1.5:runner_target_points=5:runner_stop_mode=initial,impulse_fade_3bar_1.5pt,all,1,1.5,5,initial,159,159,159,97,62,35,27,0,0,35,0.22012579,-4725,-13788,-86.71698113,85,74,"two-contract post-signal scalp: one contract exits at first target, one runner uses selected stop mode and runner target"
1,signal_scaled_scalp:strategy=impulse_fade_3bar_1.5pt:direction=all:first_target_points=1:stop_points=2:runner_target_points=1.5:runner_stop_mode=breakeven,impulse_fade_3bar_1.5pt,all,1,2,1.5,breakeven,159,159,159,84,75,49,26,0,0,49,0.3081761,-9375,-18438,-115.96226415,85,74,"two-contract post-signal scalp: one contract exits at first target, one runner uses selected stop mode and runner target"
1,signal_scaled_scalp:strategy=impulse_fade_3bar_1.5pt:direction=all:first_target_points=1:stop_points=2:runner_target_points=1.5:runner_stop_mode=initial,impulse_fade_3bar_1.5pt,all,1,2,1.5,initial,159,159,159,84,75,69,6,0,0,69,0.43396226,-8475,-17538,-110.30188679,85,74,"two-contract post-signal scalp: one contract exits at first target, one runner uses selected stop mode and runner target"
1,signal_scaled_scalp:strategy=impulse_fade_3bar_1.5pt:direction=all:first_target_points=1:stop_points=2:runner_target_points=2:runner_stop_mode=breakeven,impulse_fade_3bar_1.5pt,all,1,2,2,breakeven,159,159,159,84,75,38,37,0,0,38,0.23899371,-9250,-18313,-115.17610063,85,74,"two-contract post-signal scalp: one contract exits at first target, one runner uses selected stop mode and runner target"
1,signal_scaled_scalp:strategy=impulse_fade_3bar_1.5pt:direction=all:first_target_points=1:stop_points=2:runner_target_points=2:runner_stop_mode=initial,impulse_fade_3bar_1.5pt,all,1,2,2,initial,159,159,159,84,75,61,14,0,0,61,0.3836478,-8350,-17413,-109.51572327,85,74,"two-contract post-signal scalp: one contract exits at first target, one runner uses selected stop mode and runner target"
1,signal_scaled_scalp:strategy=impulse_fade_3bar_1.5pt:direction=all:first_target_points=1:stop_points=2:runner_target_points=3:runner_stop_mode=breakeven,impulse_fade_3bar_1.5pt,all,1,2,3,breakeven,159,159,159,84,75,31,44,0,0,31,0.19496855,-8400,-17463,-109.83018868,85,74,"two-contract post-signal scalp: one contract exits at first target, one runner uses selected stop mode and runner target"
1,signal_scaled_scalp:strategy=impulse_fade_3bar_1.5pt:direction=all:first_target_points=1:stop_points=2:runner_target_points=3:runner_stop_mode=initial,impulse_fade_3bar_1.5pt,all,1,2,3,initial,159,159,159,84,75,53,22,0,0,53,0.33333333,-7300,-16363,-102.91194969,85,74,"two-contract post-signal scalp: one contract exits at first target, one runner uses selected stop mode and runner target"
1,signal_scaled_scalp:strategy=impulse_fade_3bar_1.5pt:direction=all:first_target_points=1:stop_points=2:runner_target_points=5:runner_stop_mode=breakeven,impulse_fade_3bar_1.5pt,all,1,2,5,breakeven,159,159,159,84,75,22,53,0,0,22,0.13836478,-7550,-16613,-104.48427673,85,74,"two-contract post-signal scalp: one contract exits at first target, one runner uses selected stop mode and runner target"
1,signal_scaled_scalp:strategy=impulse_fade_3bar_1.5pt:direction=all:first_target_points=1:stop_points=2:runner_target_points=5:runner_stop_mode=initial,impulse_fade_3bar_1.5pt,all,1,2,5,initial,159,159,159,84,75,40,35,0,0,40,0.25157233,-6550,-15613,-98.19496855,85,74,"two-contract post-signal scalp: one contract exits at first target, one runner uses selected stop mode and runner target"
1,signal_scaled_scalp:strategy=impulse_fade_3bar_1.5pt:direction=all:first_target_points=1.5:stop_points=1:runner_target_points=2:runner_stop_mode=breakeven,impulse_fade_3bar_1.5pt,all,1.5,1,2,breakeven,159,159,159,111,48,37,11,0,0,48,0.30188679,-3800,-12863,-80.89937107,85,74,"two-contract post-signal scalp: one contract exits at first target, one runner uses selected stop mode and runner target"
1,signal_scaled_scalp:strategy=impulse_fade_3bar_1.5pt:direction=all:first_target_points=1.5:stop_points=1:runner_target_points=2:runner_stop_mode=initial,impulse_fade_3bar_1.5pt,all,1.5,1,2,initial,159,159,159,111,48,39,9,0,0,39,0.24528302,-4050,-13113,-82.47169811,85,74,"two-contract post-signal scalp: one contract exits at first target, one runner uses selected stop mode and runner target"
1,signal_scaled_scalp:strategy=impulse_fade_3bar_1.5pt:direction=all:first_target_points=1.5:stop_points=1:runner_target_points=3:runner_stop_mode=breakeven,impulse_fade_3bar_1.5pt,all,1.5,1,3,breakeven,159,159,159,111,48,31,17,0,0,48,0.30188679,-2850,-11913,-74.9245283,85,74,"two-contract post-signal scalp: one contract exits at first target, one runner uses selected stop mode and runner target"
1,signal_scaled_scalp:strategy=impulse_fade_3bar_1.5pt:direction=all:first_target_points=1.5:stop_points=1:runner_target_points=3:runner_stop_mode=initial,impulse_fade_3bar_1.5pt,all,1.5,1,3,initial,159,159,159,111,48,35,13,0,0,35,0.22012579,-2900,-11963,-75.23899371,85,74,"two-contract post-signal scalp: one contract exits at first target, one runner uses selected stop mode and runner target"
1,signal_scaled_scalp:strategy=impulse_fade_3bar_1.5pt:direction=all:first_target_points=1.5:stop_points=1:runner_target_points=5:runner_stop_mode=breakeven,impulse_fade_3bar_1.5pt,all,1.5,1,5,breakeven,159,159,159,111,48,25,23,0,0,48,0.30188679,-1250,-10313,-64.86163522,85,74,"two-contract post-signal scalp: one contract exits at first target, one runner uses selected stop mode and runner target"
1,signal_scaled_scalp:strategy=impulse_fade_3bar_1.5pt:direction=all:first_target_points=1.5:stop_points=1:runner_target_points=5:runner_stop_mode=initial,impulse_fade_3bar_1.5pt,all,1.5,1,5,initial,159,159,159,111,48,28,20,0,0,28,0.17610063,-1500,-10563,-66.43396226,85,74,"two-contract post-signal scalp: one contract exits at first target, one runner uses selected stop mode and runner target"
1,signal_scaled_scalp:strategy=impulse_fade_3bar_1.5pt:direction=all:first_target_points=1.5:stop_points=1.5:runner_target_points=2:runner_stop_mode=breakeven,impulse_fade_3bar_1.5pt,all,1.5,1.5,2,breakeven,159,159,159,103,56,44,12,0,0,56,0.35220126,-6850,-15913,-100.08176101,85,74,"two-contract post-signal scalp: one contract exits at first target, one runner uses selected stop mode and runner target"
1,signal_scaled_scalp:strategy=impulse_fade_3bar_1.5pt:direction=all:first_target_points=1.5:stop_points=1.5:runner_target_points=2:runner_stop_mode=initial,impulse_fade_3bar_1.5pt,all,1.5,1.5,2,initial,159,159,159,103,56,50,6,0,0,50,0.31446541,-6700,-15763,-99.13836478,85,74,"two-contract post-signal scalp: one contract exits at first target, one runner uses selected stop mode and runner target"
1,signal_scaled_scalp:strategy=impulse_fade_3bar_1.5pt:direction=all:first_target_points=1.5:stop_points=1.5:runner_target_points=3:runner_stop_mode=breakeven,impulse_fade_3bar_1.5pt,all,1.5,1.5,3,breakeven,159,159,159,103,56,36,20,0,0,56,0.35220126,-5850,-14913,-93.79245283,85,74,"two-contract post-signal scalp: one contract exits at first target, one runner uses selected stop mode and runner target"
1,signal_scaled_scalp:strategy=impulse_fade_3bar_1.5pt:direction=all:first_target_points=1.5:stop_points=1.5:runner_target_points=3:runner_stop_mode=initial,impulse_fade_3bar_1.5pt,all,1.5,1.5,3,initial,159,159,159,103,56,45,11,0,0,45,0.28301887,-5325,-14388,-90.49056604,85,74,"two-contract post-signal scalp: one contract exits at first target, one runner uses selected stop mode and runner target"
1,signal_scaled_scalp:strategy=impulse_fade_3bar_1.5pt:direction=all:first_target_points=1.5:stop_points=1.5:runner_target_points=5:runner_stop_mode=breakeven,impulse_fade_3bar_1.5pt,all,1.5,1.5,5,breakeven,159,159,159,103,56,28,28,0,0,56,0.35220126,-4250,-13313,-83.72955975,85,74,"two-contract post-signal scalp: one contract exits at first target, one runner uses selected stop mode and runner target"
1,signal_scaled_scalp:strategy=impulse_fade_3bar_1.5pt:direction=all:first_target_points=1.5:stop_points=1.5:runner_target_points=5:runner_stop_mode=initial,impulse_fade_3bar_1.5pt,all,1.5,1.5,5,initial,159,159,159,103,56,35,21,0,0,35,0.22012579,-4075,-13138,-82.62893082,85,74,"two-contract post-signal scalp: one contract exits at first target, one runner uses selected stop mode and runner target"
1,signal_scaled_scalp:strategy=impulse_fade_3bar_1.5pt:direction=all:first_target_points=1.5:stop_points=2:runner_target_points=2:runner_stop_mode=breakeven,impulse_fade_3bar_1.5pt,all,1.5,2,2,breakeven,159,159,159,90,69,54,15,0,0,69,0.43396226,-7425,-16488,-103.69811321,85,74,"two-contract post-signal scalp: one contract exits at first target, one runner uses selected stop mode and runner target"
1,signal_scaled_scalp:strategy=impulse_fade_3bar_1.5pt:direction=all:first_target_points=1.5:stop_points=2:runner_target_points=2:runner_stop_mode=initial,impulse_fade_3bar_1.5pt,all,1.5,2,2,initial,159,159,159,90,69,61,8,0,0,61,0.3836478,-7525,-16588,-104.32704403,85,74,"two-contract post-signal scalp: one contract exits at first target, one runner uses selected stop mode and runner target"
1,signal_scaled_scalp:strategy=impulse_fade_3bar_1.5pt:direction=all:first_target_points=1.5:stop_points=2:runner_target_points=3:runner_stop_mode=breakeven,impulse_fade_3bar_1.5pt,all,1.5,2,3,breakeven,159,159,159,90,69,42,27,0,0,69,0.43396226,-6525,-15588,-98.03773585,85,74,"two-contract post-signal scalp: one contract exits at first target, one runner uses selected stop mode and runner target"
1,signal_scaled_scalp:strategy=impulse_fade_3bar_1.5pt:direction=all:first_target_points=1.5:stop_points=2:runner_target_points=3:runner_stop_mode=initial,impulse_fade_3bar_1.5pt,all,1.5,2,3,initial,159,159,159,90,69,53,16,0,0,53,0.33333333,-6475,-15538,-97.72327044,85,74,"two-contract post-signal scalp: one contract exits at first target, one runner uses selected stop mode and runner target"
1,signal_scaled_scalp:strategy=impulse_fade_3bar_1.5pt:direction=all:first_target_points=1.5:stop_points=2:runner_target_points=5:runner_stop_mode=breakeven,impulse_fade_3bar_1.5pt,all,1.5,2,5,breakeven,159,159,159,90,69,31,38,0,0,69,0.43396226,-5075,-14138,-88.91823899,85,74,"two-contract post-signal scalp: one contract exits at first target, one runner uses selected stop mode and runner target"
1,signal_scaled_scalp:strategy=impulse_fade_3bar_1.5pt:direction=all:first_target_points=1.5:stop_points=2:runner_target_points=5:runner_stop_mode=initial,impulse_fade_3bar_1.5pt,all,1.5,2,5,initial,159,159,159,90,69,40,29,0,0,40,0.25157233,-5725,-14788,-93.00628931,85,74,"two-contract post-signal scalp: one contract exits at first target, one runner uses selected stop mode and runner target"
1,signal_scaled_scalp:strategy=impulse_continue_3bar_1.5pt:direction=all:first_target_points=0.5:stop_points=1:runner_target_points=1.5:runner_stop_mode=breakeven,impulse_continue_3bar_1.5pt,all,0.5,1,1.5,breakeven,138,138,138,69,69,41,28,0,0,41,0.29710145,-2100,-9966,-72.2173913,63,75,"two-contract post-signal scalp: one contract exits at first target, one runner uses selected stop mode and runner target"
1,signal_scaled_scalp:strategy=impulse_continue_3bar_1.5pt:direction=all:first_target_points=0.5:stop_points=1:runner_target_points=1.5:runner_stop_mode=initial,impulse_continue_3bar_1.5pt,all,0.5,1,1.5,initial,138,138,138,69,69,62,7,0,0,62,0.44927536,-875,-8741,-63.34057971,63,75,"two-contract post-signal scalp: one contract exits at first target, one runner uses selected stop mode and runner target"
1,signal_scaled_scalp:strategy=impulse_continue_3bar_1.5pt:direction=all:first_target_points=0.5:stop_points=1:runner_target_points=2:runner_stop_mode=breakeven,impulse_continue_3bar_1.5pt,all,0.5,1,2,breakeven,138,138,138,69,69,34,35,0,0,34,0.24637681,-1775,-9641,-69.86231884,63,75,"two-contract post-signal scalp: one contract exits at first target, one runner uses selected stop mode and runner target"
1,signal_scaled_scalp:strategy=impulse_continue_3bar_1.5pt:direction=all:first_target_points=0.5:stop_points=1:runner_target_points=2:runner_stop_mode=initial,impulse_continue_3bar_1.5pt,all,0.5,1,2,initial,138,138,138,69,69,53,16,0,0,53,0.38405797,-675,-8541,-61.89130435,63,75,"two-contract post-signal scalp: one contract exits at first target, one runner uses selected stop mode and runner target"
1,signal_scaled_scalp:strategy=impulse_continue_3bar_1.5pt:direction=all:first_target_points=0.5:stop_points=1:runner_target_points=3:runner_stop_mode=breakeven,impulse_continue_3bar_1.5pt,all,0.5,1,3,breakeven,138,138,138,69,69,27,42,0,0,27,0.19565217,-1125,-8991,-65.15217391,63,75,"two-contract post-signal scalp: one contract exits at first target, one runner uses selected stop mode and runner target"
1,signal_scaled_scalp:strategy=impulse_continue_3bar_1.5pt:direction=all:first_target_points=0.5:stop_points=1:runner_target_points=3:runner_stop_mode=initial,impulse_continue_3bar_1.5pt,all,0.5,1,3,initial,138,138,138,69,69,45,24,0,0,45,0.32608696,375,-7491,-54.2826087,63,75,"two-contract post-signal scalp: one contract exits at first target, one runner uses selected stop mode and runner target"
1,signal_scaled_scalp:strategy=impulse_continue_3bar_1.5pt:direction=all:first_target_points=0.5:stop_points=1:runner_target_points=5:runner_stop_mode=breakeven,impulse_continue_3bar_1.5pt,all,0.5,1,5,breakeven,138,138,138,69,69,19,50,0,0,19,0.13768116,-425,-8291,-60.07971014,63,75,"two-contract post-signal scalp: one contract exits at first target, one runner uses selected stop mode and runner target"
1,signal_scaled_scalp:strategy=impulse_continue_3bar_1.5pt:direction=all:first_target_points=0.5:stop_points=1:runner_target_points=5:runner_stop_mode=initial,impulse_continue_3bar_1.5pt,all,0.5,1,5,initial,138,138,138,69,69,32,37,0,0,32,0.23188406,975,-6891,-49.93478261,63,75,"two-contract post-signal scalp: one contract exits at first target, one runner uses selected stop mode and runner target"
1,signal_scaled_scalp:strategy=impulse_continue_3bar_1.5pt:direction=all:first_target_points=0.5:stop_points=1.5:runner_target_points=1.5:runner_stop_mode=breakeven,impulse_continue_3bar_1.5pt,all,0.5,1.5,1.5,breakeven,138,138,138,57,81,42,39,0,0,42,0.30434783,-3375,-11241,-81.45652174,63,75,"two-contract post-signal scalp: one contract exits at first target, one runner uses selected stop mode and runner target"
1,signal_scaled_scalp:strategy=impulse_continue_3bar_1.5pt:direction=all:first_target_points=0.5:stop_points=1.5:runner_target_points=1.5:runner_stop_mode=initial,impulse_continue_3bar_1.5pt,all,0.5,1.5,1.5,initial,138,138,138,57,81,68,13,0,0,68,0.49275362,-2400,-10266,-74.39130435,63,75,"two-contract post-signal scalp: one contract exits at first target, one runner uses selected stop mode and runner target"
1,signal_scaled_scalp:strategy=impulse_continue_3bar_1.5pt:direction=all:first_target_points=0.5:stop_points=1.5:runner_target_points=2:runner_stop_mode=breakeven,impulse_continue_3bar_1.5pt,all,0.5,1.5,2,breakeven,138,138,138,57,81,35,46,0,0,35,0.25362319,-3025,-10891,-78.92028986,63,75,"two-contract post-signal scalp: one contract exits at first target, one runner uses selected stop mode and runner target"
1,signal_scaled_scalp:strategy=impulse_continue_3bar_1.5pt:direction=all:first_target_points=0.5:stop_points=1.5:runner_target_points=2:runner_stop_mode=initial,impulse_continue_3bar_1.5pt,all,0.5,1.5,2,initial,138,138,138,57,81,58,23,0,0,58,0.42028986,-2450,-10316,-74.75362319,63,75,"two-contract post-signal scalp: one contract exits at first target, one runner uses selected stop mode and runner target"
1,signal_scaled_scalp:strategy=impulse_continue_3bar_1.5pt:direction=all:first_target_points=0.5:stop_points=1.5:runner_target_points=3:runner_stop_mode=breakeven,impulse_continue_3bar_1.5pt,all,0.5,1.5,3,breakeven,138,138,138,57,81,28,53,0,0,28,0.20289855,-2325,-10191,-73.84782609,63,75,"two-contract post-signal scalp: one contract exits at first target, one runner uses selected stop mode and runner target"
1,signal_scaled_scalp:strategy=impulse_continue_3bar_1.5pt:direction=all:first_target_points=0.5:stop_points=1.5:runner_target_points=3:runner_stop_mode=initial,impulse_continue_3bar_1.5pt,all,0.5,1.5,3,initial,138,138,138,57,81,51,30,0,0,51,0.36956522,-1125,-8991,-65.15217391,63,75,"two-contract post-signal scalp: one contract exits at first target, one runner uses selected stop mode and runner target"
1,signal_scaled_scalp:strategy=impulse_continue_3bar_1.5pt:direction=all:first_target_points=0.5:stop_points=1.5:runner_target_points=5:runner_stop_mode=breakeven,impulse_continue_3bar_1.5pt,all,0.5,1.5,5,breakeven,138,138,138,57,81,20,61,0,0,20,0.14492754,-1525,-9391,-68.05072464,63,75,"two-contract post-signal scalp: one contract exits at first target, one runner uses selected stop mode and runner target"
1,signal_scaled_scalp:strategy=impulse_continue_3bar_1.5pt:direction=all:first_target_points=0.5:stop_points=1.5:runner_target_points=5:runner_stop_mode=initial,impulse_continue_3bar_1.5pt,all,0.5,1.5,5,initial,138,138,138,57,81,37,44,0,0,37,0.26811594,-575,-8441,-61.16666667,63,75,"two-contract post-signal scalp: one contract exits at first target, one runner uses selected stop mode and runner target"
1,signal_scaled_scalp:strategy=impulse_continue_3bar_1.5pt:direction=all:first_target_points=0.5:stop_points=2:runner_target_points=1.5:runner_stop_mode=breakeven,impulse_continue_3bar_1.5pt,all,0.5,2,1.5,breakeven,138,138,138,47,91,42,49,0,0,42,0.30434783,-3975,-11841,-85.80434783,63,75,"two-contract post-signal scalp: one contract exits at first target, one runner uses selected stop mode and runner target"
1,signal_scaled_scalp:strategy=impulse_continue_3bar_1.5pt:direction=all:first_target_points=0.5:stop_points=2:runner_target_points=1.5:runner_stop_mode=initial,impulse_continue_3bar_1.5pt,all,0.5,2,1.5,initial,138,138,138,47,91,75,16,0,0,75,0.54347826,-3100,-10966,-79.46376812,63,75,"two-contract post-signal scalp: one contract exits at first target, one runner uses selected stop mode and runner target"
1,signal_scaled_scalp:strategy=impulse_continue_3bar_1.5pt:direction=all:first_target_points=0.5:stop_points=2:runner_target_points=2:runner_stop_mode=breakeven,impulse_continue_3bar_1.5pt,all,0.5,2,2,breakeven,138,138,138,47,91,35,56,0,0,35,0.25362319,-3625,-11491,-83.26811594,63,75,"two-contract post-signal scalp: one contract exits at first target, one runner uses selected stop mode and runner target"
1,signal_scaled_scalp:strategy=impulse_continue_3bar_1.5pt:direction=all:first_target_points=0.5:stop_points=2:runner_target_points=2:runner_stop_mode=initial,impulse_continue_3bar_1.5pt,all,0.5,2,2,initial,138,138,138,47,91,67,24,0,0,67,0.48550725,-2825,-10691,-77.47101449,63,75,"two-contract post-signal scalp: one contract exits at first target, one runner uses selected stop mode and runner target"
1,signal_scaled_scalp:strategy=impulse_continue_3bar_1.5pt:direction=all:first_target_points=0.5:stop_points=2:runner_target_points=3:runner_stop_mode=breakeven,impulse_continue_3bar_1.5pt,all,0.5,2,3,breakeven,138,138,138,47,91,28,63,0,0,28,0.20289855,-2925,-10791,-78.19565217,63,75,"two-contract post-signal scalp: one contract exits at first target, one runner uses selected stop mode and runner target"
1,signal_scaled_scalp:strategy=impulse_continue_3bar_1.5pt:direction=all:first_target_points=0.5:stop_points=2:runner_target_points=3:runner_stop_mode=initial,impulse_continue_3bar_1.5pt,all,0.5,2,3,initial,138,138,138,47,91,58,33,0,0,58,0.42028986,-1725,-9591,-69.5,63,75,"two-contract post-signal scalp: one contract exits at first target, one runner uses selected stop mode and runner target"
1,signal_scaled_scalp:strategy=impulse_continue_3bar_1.5pt:direction=all:first_target_points=0.5:stop_points=2:runner_target_points=5:runner_stop_mode=breakeven,impulse_continue_3bar_1.5pt,all,0.5,2,5,breakeven,138,138,138,47,91,20,71,0,0,20,0.14492754,-2125,-9991,-72.39855072,63,75,"two-contract post-signal scalp: one contract exits at first target, one runner uses selected stop mode and runner target"
1,signal_scaled_scalp:strategy=impulse_continue_3bar_1.5pt:direction=all:first_target_points=0.5:stop_points=2:runner_target_points=5:runner_stop_mode=initial,impulse_continue_3bar_1.5pt,all,0.5,2,5,initial,138,138,138,47,91,42,49,0,0,42,0.30434783,-1525,-9391,-68.05072464,63,75,"two-contract post-signal scalp: one contract exits at first target, one runner uses selected stop mode and runner target"
1,signal_scaled_scalp:strategy=impulse_continue_3bar_1.5pt:direction=all:first_target_points=1:stop_points=1:runner_target_points=1.5:runner_stop_mode=breakeven,impulse_continue_3bar_1.5pt,all,1,1,1.5,breakeven,138,138,138,72,66,51,15,0,0,51,0.36956522,-75,-7941,-57.54347826,63,75,"two-contract post-signal scalp: one contract exits at first target, one runner uses selected stop mode and runner target"
1,signal_scaled_scalp:strategy=impulse_continue_3bar_1.5pt:direction=all:first_target_points=1:stop_points=1:runner_target_points=1.5:runner_stop_mode=initial,impulse_continue_3bar_1.5pt,all,1,1,1.5,initial,138,138,138,72,66,62,4,0,0,62,0.44927536,550,-7316,-53.01449275,63,75,"two-contract post-signal scalp: one contract exits at first target, one runner uses selected stop mode and runner target"
1,signal_scaled_scalp:strategy=impulse_continue_3bar_1.5pt:direction=all:first_target_points=1:stop_points=1:runner_target_points=2:runner_stop_mode=breakeven,impulse_continue_3bar_1.5pt,all,1,1,2,breakeven,138,138,138,72,66,43,23,0,0,43,0.3115942,400,-7466,-54.10144928,63,75,"two-contract post-signal scalp: one contract exits at first target, one runner uses selected stop mode and runner target"
1,signal_scaled_scalp:strategy=impulse_continue_3bar_1.5pt:direction=all:first_target_points=1:stop_points=1:runner_target_points=2:runner_stop_mode=initial,impulse_continue_3bar_1.5pt,all,1,1,2,initial,138,138,138,72,66,53,13,0,0,53,0.38405797,750,-7116,-51.56521739,63,75,"two-contract post-signal scalp: one contract exits at first target, one runner uses selected stop mode and runner target"
1,signal_scaled_scalp:strategy=impulse_continue_3bar_1.5pt:direction=all:first_target_points=1:stop_points=1:runner_target_points=3:runner_stop_mode=breakeven,impulse_continue_3bar_1.5pt,all,1,1,3,breakeven,138,138,138,72,66,34,32,0,0,34,0.24637681,1200,-6666,-48.30434783,63,75,"two-contract post-signal scalp: one contract exits at first target, one runner uses selected stop mode and runner target"
1,signal_scaled_scalp:strategy=impulse_continue_3bar_1.5pt:direction=all:first_target_points=1:stop_points=1:runner_target_points=3:runner_stop_mode=initial,impulse_continue_3bar_1.5pt,all,1,1,3,initial,138,138,138,72,66,45,21,0,0,45,0.32608696,1800,-6066,-43.95652174,63,75,"two-contract post-signal scalp: one contract exits at first target, one runner uses selected stop mode and runner target"
1,signal_scaled_scalp:strategy=impulse_continue_3bar_1.5pt:direction=all:first_target_points=1:stop_points=1:runner_target_points=5:runner_stop_mode=breakeven,impulse_continue_3bar_1.5pt,all,1,1,5,breakeven,138,138,138,72,66,22,44,0,0,22,0.15942029,1600,-6266,-45.4057971,63,75,"two-contract post-signal scalp: one contract exits at first target, one runner uses selected stop mode and runner target"
1,signal_scaled_scalp:strategy=impulse_continue_3bar_1.5pt:direction=all:first_target_points=1:stop_points=1:runner_target_points=5:runner_stop_mode=initial,impulse_continue_3bar_1.5pt,all,1,1,5,initial,138,138,138,72,66,32,34,0,0,32,0.23188406,2400,-5466,-39.60869565,63,75,"two-contract post-signal scalp: one contract exits at first target, one runner uses selected stop mode and runner target"
1,signal_scaled_scalp:strategy=impulse_continue_3bar_1.5pt:direction=all:first_target_points=1:stop_points=1.5:runner_target_points=1.5:runner_stop_mode=breakeven,impulse_continue_3bar_1.5pt,all,1,1.5,1.5,breakeven,138,138,138,63,75,52,23,0,0,52,0.37681159,-1800,-9666,-70.04347826,63,75,"two-contract post-signal scalp: one contract exits at first target, one runner uses selected stop mode and runner target"
1,signal_scaled_scalp:strategy=impulse_continue_3bar_1.5pt:direction=all:first_target_points=1:stop_points=1.5:runner_target_points=1.5:runner_stop_mode=initial,impulse_continue_3bar_1.5pt,all,1,1.5,1.5,initial,138,138,138,63,75,68,7,0,0,68,0.49275362,-1125,-8991,-65.15217391,63,75,"two-contract post-signal scalp: one contract exits at first target, one runner uses selected stop mode and runner target"
1,signal_scaled_scalp:strategy=impulse_continue_3bar_1.5pt:direction=all:first_target_points=1:stop_points=1.5:runner_target_points=2:runner_stop_mode=breakeven,impulse_continue_3bar_1.5pt,all,1,1.5,2,breakeven,138,138,138,63,75,44,31,0,0,44,0.31884058,-1300,-9166,-66.42028986,63,75,"two-contract post-signal scalp: one contract exits at first target, one runner uses selected stop mode and runner target"
1,signal_scaled_scalp:strategy=impulse_continue_3bar_1.5pt:direction=all:first_target_points=1:stop_points=1.5:runner_target_points=2:runner_stop_mode=initial,impulse_continue_3bar_1.5pt,all,1,1.5,2,initial,138,138,138,63,75,58,17,0,0,58,0.42028986,-1175,-9041,-65.51449275,63,75,"two-contract post-signal scalp: one contract exits at first target, one runner uses selected stop mode and runner target"
1,signal_scaled_scalp:strategy=impulse_continue_3bar_1.5pt:direction=all:first_target_points=1:stop_points=1.5:runner_target_points=3:runner_stop_mode=breakeven,impulse_continue_3bar_1.5pt,all,1,1.5,3,breakeven,138,138,138,63,75,35,40,0,0,35,0.25362319,-450,-8316,-60.26086957,63,75,"two-contract post-signal scalp: one contract exits at first target, one runner uses selected stop mode and runner target"
1,signal_scaled_scalp:strategy=impulse_continue_3bar_1.5pt:direction=all:first_target_points=1:stop_points=1.5:runner_target_points=3:runner_stop_mode=initial,impulse_continue_3bar_1.5pt,all,1,1.5,3,initial,138,138,138,63,75,51,24,0,0,51,0.36956522,150,-7716,-55.91304348,63,75,"two-contract post-signal scalp: one contract exits at first target, one runner uses selected stop mode and runner target"
1,signal_scaled_scalp:strategy=impulse_continue_3bar_1.5pt:direction=all:first_target_points=1:stop_points=1.5:runner_target_points=5:runner_stop_mode=breakeven,impulse_continue_3bar_1.5pt,all,1,1.5,5,breakeven,138,138,138,63,75,23,52,0,0,23,0.16666667,50,-7816,-56.63768116,63,75,"two-contract post-signal scalp: one contract exits at first target, one runner uses selected stop mode and runner target"
1,signal_scaled_scalp:strategy=impulse_continue_3bar_1.5pt:direction=all:first_target_points=1:stop_points=1.5:runner_target_points=5:runner_stop_mode=initial,impulse_continue_3bar_1.5pt,all,1,1.5,5,initial,138,138,138,63,75,37,38,0,0,37,0.26811594,700,-7166,-51.92753623,63,75,"two-contract post-signal scalp: one contract exits at first target, one runner uses selected stop mode and runner target"
1,signal_scaled_scalp:strategy=impulse_continue_3bar_1.5pt:direction=all:first_target_points=1:stop_points=2:runner_target_points=1.5:runner_stop_mode=breakeven,impulse_continue_3bar_1.5pt,all,1,2,1.5,breakeven,138,138,138,53,85,56,29,0,0,56,0.4057971,-2150,-10016,-72.57971014,63,75,"two-contract post-signal scalp: one contract exits at first target, one runner uses selected stop mode and runner target"
1,signal_scaled_scalp:strategy=impulse_continue_3bar_1.5pt:direction=all:first_target_points=1:stop_points=2:runner_target_points=1.5:runner_stop_mode=initial,impulse_continue_3bar_1.5pt,all,1,2,1.5,initial,138,138,138,53,85,75,10,0,0,75,0.54347826,-1725,-9591,-69.5,63,75,"two-contract post-signal scalp: one contract exits at first target, one runner uses selected stop mode and runner target"
1,signal_scaled_scalp:strategy=impulse_continue_3bar_1.5pt:direction=all:first_target_points=1:stop_points=2:runner_target_points=2:runner_stop_mode=breakeven,impulse_continue_3bar_1.5pt,all,1,2,2,breakeven,138,138,138,53,85,46,39,0,0,46,0.33333333,-1750,-9616,-69.68115942,63,75,"two-contract post-signal scalp: one contract exits at first target, one runner uses selected stop mode and runner target"
1,signal_scaled_scalp:strategy=impulse_continue_3bar_1.5pt:direction=all:first_target_points=1:stop_points=2:runner_target_points=2:runner_stop_mode=initial,impulse_continue_3bar_1.5pt,all,1,2,2,initial,138,138,138,53,85,67,18,0,0,67,0.48550725,-1450,-9316,-67.50724638,63,75,"two-contract post-signal scalp: one contract exits at first target, one runner uses selected stop mode and runner target"
1,signal_scaled_scalp:strategy=impulse_continue_3bar_1.5pt:direction=all:first_target_points=1:stop_points=2:runner_target_points=3:runner_stop_mode=breakeven,impulse_continue_3bar_1.5pt,all,1,2,3,breakeven,138,138,138,53,85,37,48,0,0,37,0.26811594,-800,-8666,-62.79710145,63,75,"two-contract post-signal scalp: one contract exits at first target, one runner uses selected stop mode and runner target"
1,signal_scaled_scalp:strategy=impulse_continue_3bar_1.5pt:direction=all:first_target_points=1:stop_points=2:runner_target_points=3:runner_stop_mode=initial,impulse_continue_3bar_1.5pt,all,1,2,3,initial,138,138,138,53,85,58,27,0,0,58,0.42028986,-350,-8216,-59.53623188,63,75,"two-contract post-signal scalp: one contract exits at first target, one runner uses selected stop mode and runner target"
1,signal_scaled_scalp:strategy=impulse_continue_3bar_1.5pt:direction=all:first_target_points=1:stop_points=2:runner_target_points=5:runner_stop_mode=breakeven,impulse_continue_3bar_1.5pt,all,1,2,5,breakeven,138,138,138,53,85,24,61,0,0,24,0.17391304,-350,-8216,-59.53623188,63,75,"two-contract post-signal scalp: one contract exits at first target, one runner uses selected stop mode and runner target"
1,signal_scaled_scalp:strategy=impulse_continue_3bar_1.5pt:direction=all:first_target_points=1:stop_points=2:runner_target_points=5:runner_stop_mode=initial,impulse_continue_3bar_1.5pt,all,1,2,5,initial,138,138,138,53,85,42,43,0,0,42,0.30434783,-150,-8016,-58.08695652,63,75,"two-contract post-signal scalp: one contract exits at first target, one runner uses selected stop mode and runner target"
1,signal_scaled_scalp:strategy=impulse_continue_3bar_1.5pt:direction=all:first_target_points=1.5:stop_points=1:runner_target_points=2:runner_stop_mode=breakeven,impulse_continue_3bar_1.5pt,all,1.5,1,2,breakeven,138,138,138,76,62,50,12,0,0,62,0.44927536,2050,-5816,-42.14492754,63,75,"two-contract post-signal scalp: one contract exits at first target, one runner uses selected stop mode and runner target"
1,signal_scaled_scalp:strategy=impulse_continue_3bar_1.5pt:direction=all:first_target_points=1.5:stop_points=1:runner_target_points=2:runner_stop_mode=initial,impulse_continue_3bar_1.5pt,all,1.5,1,2,initial,138,138,138,76,62,53,9,0,0,53,0.38405797,1900,-5966,-43.23188406,63,75,"two-contract post-signal scalp: one contract exits at first target, one runner uses selected stop mode and runner target"
1,signal_scaled_scalp:strategy=impulse_continue_3bar_1.5pt:direction=all:first_target_points=1.5:stop_points=1:runner_target_points=3:runner_stop_mode=breakeven,impulse_continue_3bar_1.5pt,all,1.5,1,3,breakeven,138,138,138,76,62,39,23,0,0,62,0.44927536,2900,-4966,-35.98550725,63,75,"two-contract post-signal scalp: one contract exits at first target, one runner uses selected stop mode and runner target"
1,signal_scaled_scalp:strategy=impulse_continue_3bar_1.5pt:direction=all:first_target_points=1.5:stop_points=1:runner_target_points=3:runner_stop_mode=initial,impulse_continue_3bar_1.5pt,all,1.5,1,3,initial,138,138,138,76,62,45,17,0,0,45,0.32608696,2950,-4916,-35.62318841,63,75,"two-contract post-signal scalp: one contract exits at first target, one runner uses selected stop mode and runner target"
1,signal_scaled_scalp:strategy=impulse_continue_3bar_1.5pt:direction=all:first_target_points=1.5:stop_points=1:runner_target_points=5:runner_stop_mode=breakeven,impulse_continue_3bar_1.5pt,all,1.5,1,5,breakeven,138,138,138,76,62,24,38,0,0,62,0.44927536,3050,-4816,-34.89855072,63,75,"two-contract post-signal scalp: one contract exits at first target, one runner uses selected stop mode and runner target"
1,signal_scaled_scalp:strategy=impulse_continue_3bar_1.5pt:direction=all:first_target_points=1.5:stop_points=1:runner_target_points=5:runner_stop_mode=initial,impulse_continue_3bar_1.5pt,all,1.5,1,5,initial,138,138,138,76,62,32,30,0,0,32,0.23188406,3550,-4316,-31.27536232,63,75,"two-contract post-signal scalp: one contract exits at first target, one runner uses selected stop mode and runner target"
1,signal_scaled_scalp:strategy=impulse_continue_3bar_1.5pt:direction=all:first_target_points=1.5:stop_points=1.5:runner_target_points=2:runner_stop_mode=breakeven,impulse_continue_3bar_1.5pt,all,1.5,1.5,2,breakeven,138,138,138,70,68,54,14,0,0,68,0.49275362,0,-7866,-57,63,75,"two-contract post-signal scalp: one contract exits at first target, one runner uses selected stop mode and runner target"
1,signal_scaled_scalp:strategy=impulse_continue_3bar_1.5pt:direction=all:first_target_points=1.5:stop_points=1.5:runner_target_points=2:runner_stop_mode=initial,impulse_continue_3bar_1.5pt,all,1.5,1.5,2,initial,138,138,138,70,68,58,10,0,0,58,0.42028986,-350,-8216,-59.53623188,63,75,"two-contract post-signal scalp: one contract exits at first target, one runner uses selected stop mode and runner target"
1,signal_scaled_scalp:strategy=impulse_continue_3bar_1.5pt:direction=all:first_target_points=1.5:stop_points=1.5:runner_target_points=3:runner_stop_mode=breakeven,impulse_continue_3bar_1.5pt,all,1.5,1.5,3,breakeven,138,138,138,70,68,41,27,0,0,68,0.49275362,750,-7116,-51.56521739,63,75,"two-contract post-signal scalp: one contract exits at first target, one runner uses selected stop mode and runner target"
1,signal_scaled_scalp:strategy=impulse_continue_3bar_1.5pt:direction=all:first_target_points=1.5:stop_points=1.5:runner_target_points=3:runner_stop_mode=initial,impulse_continue_3bar_1.5pt,all,1.5,1.5,3,initial,138,138,138,70,68,51,17,0,0,51,0.36956522,975,-6891,-49.93478261,63,75,"two-contract post-signal scalp: one contract exits at first target, one runner uses selected stop mode and runner target"
1,signal_scaled_scalp:strategy=impulse_continue_3bar_1.5pt:direction=all:first_target_points=1.5:stop_points=1.5:runner_target_points=5:runner_stop_mode=breakeven,impulse_continue_3bar_1.5pt,all,1.5,1.5,5,breakeven,138,138,138,70,68,26,42,0,0,68,0.49275362,1100,-6766,-49.02898551,63,75,"two-contract post-signal scalp: one contract exits at first target, one runner uses selected stop mode and runner target"
1,signal_scaled_scalp:strategy=impulse_continue_3bar_1.5pt:direction=all:first_target_points=1.5:stop_points=1.5:runner_target_points=5:runner_stop_mode=initial,impulse_continue_3bar_1.5pt,all,1.5,1.5,5,initial,138,138,138,70,68,37,31,0,0,37,0.26811594,1525,-6341,-45.94927536,63,75,"two-contract post-signal scalp: one contract exits at first target, one runner uses selected stop mode and runner target"
1,signal_scaled_scalp:strategy=impulse_continue_3bar_1.5pt:direction=all:first_target_points=1.5:stop_points=2:runner_target_points=2:runner_stop_mode=breakeven,impulse_continue_3bar_1.5pt,all,1.5,2,2,breakeven,138,138,138,63,75,59,16,0,0,75,0.54347826,-1075,-8941,-64.78985507,63,75,"two-contract post-signal scalp: one contract exits at first target, one runner uses selected stop mode and runner target"
1,signal_scaled_scalp:strategy=impulse_continue_3bar_1.5pt:direction=all:first_target_points=1.5:stop_points=2:runner_target_points=2:runner_stop_mode=initial,impulse_continue_3bar_1.5pt,all,1.5,2,2,initial,138,138,138,63,75,67,8,0,0,67,0.48550725,-1075,-8941,-64.78985507,63,75,"two-contract post-signal scalp: one contract exits at first target, one runner uses selected stop mode and runner target"
1,signal_scaled_scalp:strategy=impulse_continue_3bar_1.5pt:direction=all:first_target_points=1.5:stop_points=2:runner_target_points=3:runner_stop_mode=breakeven,impulse_continue_3bar_1.5pt,all,1.5,2,3,breakeven,138,138,138,63,75,44,31,0,0,75,0.54347826,-375,-8241,-59.7173913,63,75,"two-contract post-signal scalp: one contract exits at first target, one runner uses selected stop mode and runner target"
1,signal_scaled_scalp:strategy=impulse_continue_3bar_1.5pt:direction=all:first_target_points=1.5:stop_points=2:runner_target_points=3:runner_stop_mode=initial,impulse_continue_3bar_1.5pt,all,1.5,2,3,initial,138,138,138,63,75,58,17,0,0,58,0.42028986,25,-7841,-56.81884058,63,75,"two-contract post-signal scalp: one contract exits at first target, one runner uses selected stop mode and runner target"
1,signal_scaled_scalp:strategy=impulse_continue_3bar_1.5pt:direction=all:first_target_points=1.5:stop_points=2:runner_target_points=5:runner_stop_mode=breakeven,impulse_continue_3bar_1.5pt,all,1.5,2,5,breakeven,138,138,138,63,75,28,47,0,0,75,0.54347826,25,-7841,-56.81884058,63,75,"two-contract post-signal scalp: one contract exits at first target, one runner uses selected stop mode and runner target"
1,signal_scaled_scalp:strategy=impulse_continue_3bar_1.5pt:direction=all:first_target_points=1.5:stop_points=2:runner_target_points=5:runner_stop_mode=initial,impulse_continue_3bar_1.5pt,all,1.5,2,5,initial,138,138,138,63,75,42,33,0,0,42,0.30434783,225,-7641,-55.36956522,63,75,"two-contract post-signal scalp: one contract exits at first target, one runner uses selected stop mode and runner target"
1,signal_scaled_scalp:strategy=impulse_fade_5bar_2pt:direction=all:first_target_points=0.5:stop_points=1:runner_target_points=1.5:runner_stop_mode=breakeven,impulse_fade_5bar_2pt,all,0.5,1,1.5,breakeven,171,171,171,99,72,30,42,0,0,30,0.1754386,-5850,-15597,-91.21052632,79,92,"two-contract post-signal scalp: one contract exits at first target, one runner uses selected stop mode and runner target"
1,signal_scaled_scalp:strategy=impulse_fade_5bar_2pt:direction=all:first_target_points=0.5:stop_points=1:runner_target_points=1.5:runner_stop_mode=initial,impulse_fade_5bar_2pt,all,0.5,1,1.5,initial,171,171,171,99,72,45,27,0,0,45,0.26315789,-6075,-15822,-92.52631579,79,92,"two-contract post-signal scalp: one contract exits at first target, one runner uses selected stop mode and runner target"
1,signal_scaled_scalp:strategy=impulse_fade_5bar_2pt:direction=all:first_target_points=0.5:stop_points=1:runner_target_points=2:runner_stop_mode=breakeven,impulse_fade_5bar_2pt,all,0.5,1,2,breakeven,171,171,171,99,72,23,49,0,0,23,0.13450292,-5800,-15547,-90.91812865,79,92,"two-contract post-signal scalp: one contract exits at first target, one runner uses selected stop mode and runner target"
1,signal_scaled_scalp:strategy=impulse_fade_5bar_2pt:direction=all:first_target_points=0.5:stop_points=1:runner_target_points=2:runner_stop_mode=initial,impulse_fade_5bar_2pt,all,0.5,1,2,initial,171,171,171,99,72,39,33,0,0,39,0.22807018,-5850,-15597,-91.21052632,79,92,"two-contract post-signal scalp: one contract exits at first target, one runner uses selected stop mode and runner target"
1,signal_scaled_scalp:strategy=impulse_fade_5bar_2pt:direction=all:first_target_points=0.5:stop_points=1:runner_target_points=3:runner_stop_mode=breakeven,impulse_fade_5bar_2pt,all,0.5,1,3,breakeven,171,171,171,99,72,13,59,0,0,13,0.07602339,-6150,-15897,-92.96491228,79,92,"two-contract post-signal scalp: one contract exits at first target, one runner uses selected stop mode and runner target"
1,signal_scaled_scalp:strategy=impulse_fade_5bar_2pt:direction=all:first_target_points=0.5:stop_points=1:runner_target_points=3:runner_stop_mode=initial,impulse_fade_5bar_2pt,all,0.5,1,3,initial,171,171,171,99,72,31,41,0,0,31,0.18128655,-5500,-15247,-89.16374269,79,92,"two-contract post-signal scalp: one contract exits at first target, one runner uses selected stop mode and runner target"
1,signal_scaled_scalp:strategy=impulse_fade_5bar_2pt:direction=all:first_target_points=0.5:stop_points=1:runner_target_points=5:runner_stop_mode=breakeven,impulse_fade_5bar_2pt,all,0.5,1,5,breakeven,171,171,171,99,72,7,65,0,0,7,0.04093567,-6350,-16097,-94.13450292,79,92,"two-contract post-signal scalp: one contract exits at first target, one runner uses selected stop mode and runner target"
1,signal_scaled_scalp:strategy=impulse_fade_5bar_2pt:direction=all:first_target_points=0.5:stop_points=1:runner_target_points=5:runner_stop_mode=initial,impulse_fade_5bar_2pt,all,0.5,1,5,initial,171,171,171,99,72,15,57,0,0,15,0.0877193,-7200,-16947,-99.10526316,79,92,"two-contract post-signal scalp: one contract exits at first target, one runner uses selected stop mode and runner target"
1,signal_scaled_scalp:strategy=impulse_fade_5bar_2pt:direction=all:first_target_points=0.5:stop_points=1.5:runner_target_points=1.5:runner_stop_mode=breakeven,impulse_fade_5bar_2pt,all,0.5,1.5,1.5,breakeven,171,171,171,89,82,34,48,0,0,34,0.19883041,-8750,-18497,-108.16959064,79,92,"two-contract post-signal scalp: one contract exits at first target, one runner uses selected stop mode and runner target"
1,signal_scaled_scalp:strategy=impulse_fade_5bar_2pt:direction=all:first_target_points=0.5:stop_points=1.5:runner_target_points=1.5:runner_stop_mode=initial,impulse_fade_5bar_2pt,all,0.5,1.5,1.5,initial,171,171,171,89,82,61,21,0,0,61,0.35672515,-8300,-18047,-105.5380117,79,92,"two-contract post-signal scalp: one contract exits at first target, one runner uses selected stop mode and runner target"
1,signal_scaled_scalp:strategy=impulse_fade_5bar_2pt:direction=all:first_target_points=0.5:stop_points=1.5:runner_target_points=2:runner_stop_mode=breakeven,impulse_fade_5bar_2pt,all,0.5,1.5,2,breakeven,171,171,171,89,82,27,55,0,0,27,0.15789474,-8600,-18347,-107.29239766,79,92,"two-contract post-signal scalp: one contract exits at first target, one runner uses selected stop mode and runner target"
1,signal_scaled_scalp:strategy=impulse_fade_5bar_2pt:direction=all:first_target_points=0.5:stop_points=1.5:runner_target_points=2:runner_stop_mode=initial,impulse_fade_5bar_2pt,all,0.5,1.5,2,initial,171,171,171,89,82,56,26,0,0,56,0.32748538,-7650,-17397,-101.73684211,79,92,"two-contract post-signal scalp: one contract exits at first target, one runner uses selected stop mode and runner target"
1,signal_scaled_scalp:strategy=impulse_fade_5bar_2pt:direction=all:first_target_points=0.5:stop_points=1.5:runner_target_points=3:runner_stop_mode=breakeven,impulse_fade_5bar_2pt,all,0.5,1.5,3,breakeven,171,171,171,89,82,17,65,0,0,17,0.0994152,-8750,-18497,-108.16959064,79,92,"two-contract post-signal scalp: one contract exits at first target, one runner uses selected stop mode and runner target"
1,signal_scaled_scalp:strategy=impulse_fade_5bar_2pt:direction=all:first_target_points=0.5:stop_points=1.5:runner_target_points=3:runner_stop_mode=initial,impulse_fade_5bar_2pt,all,0.5,1.5,3,initial,171,171,171,89,82,47,35,0,0,47,0.2748538,-6875,-16622,-97.20467836,79,92,"two-contract post-signal scalp: one contract exits at first target, one runner uses selected stop mode and runner target"
1,signal_scaled_scalp:strategy=impulse_fade_5bar_2pt:direction=all:first_target_points=0.5:stop_points=1.5:runner_target_points=5:runner_stop_mode=breakeven,impulse_fade_5bar_2pt,all,0.5,1.5,5,breakeven,171,171,171,89,82,9,73,0,0,9,0.05263158,-9050,-18797,-109.92397661,79,92,"two-contract post-signal scalp: one contract exits at first target, one runner uses selected stop mode and runner target"
1,signal_scaled_scalp:strategy=impulse_fade_5bar_2pt:direction=all:first_target_points=0.5:stop_points=1.5:runner_target_points=5:runner_stop_mode=initial,impulse_fade_5bar_2pt,all,0.5,1.5,5,initial,171,171,171,89,82,27,55,0,0,27,0.15789474,-8675,-18422,-107.73099415,79,92,"two-contract post-signal scalp: one contract exits at first target, one runner uses selected stop mode and runner target"
1,signal_scaled_scalp:strategy=impulse_fade_5bar_2pt:direction=all:first_target_points=0.5:stop_points=2:runner_target_points=1.5:runner_stop_mode=breakeven,impulse_fade_5bar_2pt,all,0.5,2,1.5,breakeven,171,171,171,76,95,35,60,0,0,35,0.20467836,-10200,-19947,-116.64912281,79,92,"two-contract post-signal scalp: one contract exits at first target, one runner uses selected stop mode and runner target"
1,signal_scaled_scalp:strategy=impulse_fade_5bar_2pt:direction=all:first_target_points=0.5:stop_points=2:runner_target_points=1.5:runner_stop_mode=initial,impulse_fade_5bar_2pt,all,0.5,2,1.5,initial,171,171,171,76,95,72,23,0,0,72,0.42105263,-9725,-19472,-113.87134503,79,92,"two-contract post-signal scalp: one contract exits at first target, one runner uses selected stop mode and runner target"
1,signal_scaled_scalp:strategy=impulse_fade_5bar_2pt:direction=all:first_target_points=0.5:stop_points=2:runner_target_points=2:runner_stop_mode=breakeven,impulse_fade_5bar_2pt,all,0.5,2,2,breakeven,171,171,171,76,95,28,67,0,0,28,0.16374269,-10025,-19772,-115.62573099,79,92,"two-contract post-signal scalp: one contract exits at first target, one runner uses selected stop mode and runner target"
1,signal_scaled_scalp:strategy=impulse_fade_5bar_2pt:direction=all:first_target_points=0.5:stop_points=2:runner_target_points=2:runner_stop_mode=initial,impulse_fade_5bar_2pt,all,0.5,2,2,initial,171,171,171,76,95,66,29,0,0,66,0.38596491,-9125,-18872,-110.3625731,79,92,"two-contract post-signal scalp: one contract exits at first target, one runner uses selected stop mode and runner target"
1,signal_scaled_scalp:strategy=impulse_fade_5bar_2pt:direction=all:first_target_points=0.5:stop_points=2:runner_target_points=3:runner_stop_mode=breakeven,impulse_fade_5bar_2pt,all,0.5,2,3,breakeven,171,171,171,76,95,17,78,0,0,17,0.0994152,-10275,-20022,-117.0877193,79,92,"two-contract post-signal scalp: one contract exits at first target, one runner uses selected stop mode and runner target"
1,signal_scaled_scalp:strategy=impulse_fade_5bar_2pt:direction=all:first_target_points=0.5:stop_points=2:runner_target_points=3:runner_stop_mode=initial,impulse_fade_5bar_2pt,all,0.5,2,3,initial,171,171,171,76,95,52,43,0,0,52,0.30409357,-9325,-19072,-111.53216374,79,92,"two-contract post-signal scalp: one contract exits at first target, one runner uses selected stop mode and runner target"
1,signal_scaled_scalp:strategy=impulse_fade_5bar_2pt:direction=all:first_target_points=0.5:stop_points=2:runner_target_points=5:runner_stop_mode=breakeven,impulse_fade_5bar_2pt,all,0.5,2,5,breakeven,171,171,171,76,95,9,86,0,0,9,0.05263158,-10575,-20322,-118.84210526,79,92,"two-contract post-signal scalp: one contract exits at first target, one runner uses selected stop mode and runner target"
1,signal_scaled_scalp:strategy=impulse_fade_5bar_2pt:direction=all:first_target_points=0.5:stop_points=2:runner_target_points=5:runner_stop_mode=initial,impulse_fade_5bar_2pt,all,0.5,2,5,initial,171,171,171,76,95,30,65,0,0,30,0.1754386,-11825,-21572,-126.15204678,79,92,"two-contract post-signal scalp: one contract exits at first target, one runner uses selected stop mode and runner target"
1,signal_scaled_scalp:strategy=impulse_fade_5bar_2pt:direction=all:first_target_points=1:stop_points=1:runner_target_points=1.5:runner_stop_mode=breakeven,impulse_fade_5bar_2pt,all,1,1,1.5,breakeven,171,171,171,111,60,33,27,0,0,33,0.19298246,-5625,-15372,-89.89473684,79,92,"two-contract post-signal scalp: one contract exits at first target, one runner uses selected stop mode and runner target"
1,signal_scaled_scalp:strategy=impulse_fade_5bar_2pt:direction=all:first_target_points=1:stop_points=1:runner_target_points=1.5:runner_stop_mode=initial,impulse_fade_5bar_2pt,all,1,1,1.5,initial,171,171,171,111,60,45,15,0,0,45,0.26315789,-5475,-15222,-89.01754386,79,92,"two-contract post-signal scalp: one contract exits at first target, one runner uses selected stop mode and runner target"
1,signal_scaled_scalp:strategy=impulse_fade_5bar_2pt:direction=all:first_target_points=1:stop_points=1:runner_target_points=2:runner_stop_mode=breakeven,impulse_fade_5bar_2pt,all,1,1,2,breakeven,171,171,171,111,60,26,34,0,0,26,0.15204678,-5500,-15247,-89.16374269,79,92,"two-contract post-signal scalp: one contract exits at first target, one runner uses selected stop mode and runner target"
1,signal_scaled_scalp:strategy=impulse_fade_5bar_2pt:direction=all:first_target_points=1:stop_points=1:runner_target_points=2:runner_stop_mode=initial,impulse_fade_5bar_2pt,all,1,1,2,initial,171,171,171,111,60,39,21,0,0,39,0.22807018,-5250,-14997,-87.70175439,79,92,"two-contract post-signal scalp: one contract exits at first target, one runner uses selected stop mode and runner target"
1,signal_scaled_scalp:strategy=impulse_fade_5bar_2pt:direction=all:first_target_points=1:stop_points=1:runner_target_points=3:runner_stop_mode=breakeven,impulse_fade_5bar_2pt,all,1,1,3,breakeven,171,171,171,111,60,16,44,0,0,16,0.09356725,-5700,-15447,-90.33333333,79,92,"two-contract post-signal scalp: one contract exits at first target, one runner uses selected stop mode and runner target"
1,signal_scaled_scalp:strategy=impulse_fade_5bar_2pt:direction=all:first_target_points=1:stop_points=1:runner_target_points=3:runner_stop_mode=initial,impulse_fade_5bar_2pt,all,1,1,3,initial,171,171,171,111,60,31,29,0,0,31,0.18128655,-4900,-14647,-85.65497076,79,92,"two-contract post-signal scalp: one contract exits at first target, one runner uses selected stop mode and runner target"
1,signal_scaled_scalp:strategy=impulse_fade_5bar_2pt:direction=all:first_target_points=1:stop_points=1:runner_target_points=5:runner_stop_mode=breakeven,impulse_fade_5bar_2pt,all,1,1,5,breakeven,171,171,171,111,60,10,50,0,0,10,0.05847953,-5600,-15347,-89.74853801,79,92,"two-contract post-signal scalp: one contract exits at first target, one runner uses selected stop mode and runner target"
1,signal_scaled_scalp:strategy=impulse_fade_5bar_2pt:direction=all:first_target_points=1:stop_points=1:runner_target_points=5:runner_stop_mode=initial,impulse_fade_5bar_2pt,all,1,1,5,initial,171,171,171,111,60,15,45,0,0,15,0.0877193,-6600,-16347,-95.59649123,79,92,"two-contract post-signal scalp: one contract exits at first target, one runner uses selected stop mode and runner target"
1,signal_scaled_scalp:strategy=impulse_fade_5bar_2pt:direction=all:first_target_points=1:stop_points=1.5:runner_target_points=1.5:runner_stop_mode=breakeven,impulse_fade_5bar_2pt,all,1,1.5,1.5,breakeven,171,171,171,98,73,40,33,0,0,40,0.23391813,-8050,-17797,-104.07602339,79,92,"two-contract post-signal scalp: one contract exits at first target, one runner uses selected stop mode and runner target"
1,signal_scaled_scalp:strategy=impulse_fade_5bar_2pt:direction=all:first_target_points=1:stop_points=1.5:runner_target_points=1.5:runner_stop_mode=initial,impulse_fade_5bar_2pt,all,1,1.5,1.5,initial,171,171,171,98,73,61,12,0,0,61,0.35672515,-7375,-17122,-100.12865497,79,92,"two-contract post-signal scalp: one contract exits at first target, one runner uses selected stop mode and runner target"
1,signal_scaled_scalp:strategy=impulse_fade_5bar_2pt:direction=all:first_target_points=1:stop_points=1.5:runner_target_points=2:runner_stop_mode=breakeven,impulse_fade_5bar_2pt,all,1,1.5,2,breakeven,171,171,171,98,73,33,40,0,0,33,0.19298246,-7750,-17497,-102.32163743,79,92,"two-contract post-signal scalp: one contract exits at first target, one runner uses selected stop mode and runner target"
1,signal_scaled_scalp:strategy=impulse_fade_5bar_2pt:direction=all:first_target_points=1:stop_points=1.5:runner_target_points=2:runner_stop_mode=initial,impulse_fade_5bar_2pt,all,1,1.5,2,initial,171,171,171,98,73,56,17,0,0,56,0.32748538,-6725,-16472,-96.32748538,79,92,"two-contract post-signal scalp: one contract exits at first target, one runner uses selected stop mode and runner target"
1,signal_scaled_scalp:strategy=impulse_fade_5bar_2pt:direction=all:first_target_points=1:stop_points=1.5:runner_target_points=3:runner_stop_mode=breakeven,impulse_fade_5bar_2pt,all,1,1.5,3,breakeven,171,171,171,98,73,22,51,0,0,22,0.12865497,-7750,-17497,-102.32163743,79,92,"two-contract post-signal scalp: one contract exits at first target, one runner uses selected stop mode and runner target"
1,signal_scaled_scalp:strategy=impulse_fade_5bar_2pt:direction=all:first_target_points=1:stop_points=1.5:runner_target_points=3:runner_stop_mode=initial,impulse_fade_5bar_2pt,all,1,1.5,3,initial,171,171,171,98,73,47,26,0,0,47,0.2748538,-5950,-15697,-91.79532164,79,92,"two-contract post-signal scalp: one contract exits at first target, one runner uses selected stop mode and runner target"
1,signal_scaled_scalp:strategy=impulse_fade_5bar_2pt:direction=all:first_target_points=1:stop_points=1.5:runner_target_points=5:runner_stop_mode=breakeven,impulse_fade_5bar_2pt,all,1,1.5,5,breakeven,171,171,171,98,73,14,59,0,0,14,0.08187135,-7550,-17297,-101.15204678,79,92,"two-contract post-signal scalp: one contract exits at first target, one runner uses selected stop mode and runner target"
1,signal_scaled_scalp:strategy=impulse_fade_5bar_2pt:direction=all:first_target_points=1:stop_points=1.5:runner_target_points=5:runner_stop_mode=initial,impulse_fade_5bar_2pt,all,1,1.5,5,initial,171,171,171,98,73,27,46,0,0,27,0.15789474,-7750,-17497,-102.32163743,79,92,"two-contract post-signal scalp: one contract exits at first target, one runner uses selected stop mode and runner target"
1,signal_scaled_scalp:strategy=impulse_fade_5bar_2pt:direction=all:first_target_points=1:stop_points=2:runner_target_points=1.5:runner_stop_mode=breakeven,impulse_fade_5bar_2pt,all,1,2,1.5,breakeven,171,171,171,87,84,45,39,0,0,45,0.26315789,-9825,-19572,-114.45614035,79,92,"two-contract post-signal scalp: one contract exits at first target, one runner uses selected stop mode and runner target"
1,signal_scaled_scalp:strategy=impulse_fade_5bar_2pt:direction=all:first_target_points=1:stop_points=2:runner_target_points=1.5:runner_stop_mode=initial,impulse_fade_5bar_2pt,all,1,2,1.5,initial,171,171,171,87,84,72,12,0,0,72,0.42105263,-9000,-18747,-109.63157895,79,92,"two-contract post-signal scalp: one contract exits at first target, one runner uses selected stop mode and runner target"
1,signal_scaled_scalp:strategy=impulse_fade_5bar_2pt:direction=all:first_target_points=1:stop_points=2:runner_target_points=2:runner_stop_mode=breakeven,impulse_fade_5bar_2pt,all,1,2,2,breakeven,171,171,171,87,84,35,49,0,0,35,0.20467836,-9700,-19447,-113.7251462,79,92,"two-contract post-signal scalp: one contract exits at first target, one runner uses selected stop mode and runner target"
1,signal_scaled_scalp:strategy=impulse_fade_5bar_2pt:direction=all:first_target_points=1:stop_points=2:runner_target_points=2:runner_stop_mode=initial,impulse_fade_5bar_2pt,all,1,2,2,initial,171,171,171,87,84,66,18,0,0,66,0.38596491,-8400,-18147,-106.12280702,79,92,"two-contract post-signal scalp: one contract exits at first target, one runner uses selected stop mode and runner target"
1,signal_scaled_scalp:strategy=impulse_fade_5bar_2pt:direction=all:first_target_points=1:stop_points=2:runner_target_points=3:runner_stop_mode=breakeven,impulse_fade_5bar_2pt,all,1,2,3,breakeven,171,171,171,87,84,23,61,0,0,23,0.13450292,-9750,-19497,-114.01754386,79,92,"two-contract post-signal scalp: one contract exits at first target, one runner uses selected stop mode and runner target"
1,signal_scaled_scalp:strategy=impulse_fade_5bar_2pt:direction=all:first_target_points=1:stop_points=2:runner_target_points=3:runner_stop_mode=initial,impulse_fade_5bar_2pt,all,1,2,3,initial,171,171,171,87,84,52,32,0,0,52,0.30409357,-8600,-18347,-107.29239766,79,92,"two-contract post-signal scalp: one contract exits at first target, one runner uses selected stop mode and runner target"
1,signal_scaled_scalp:strategy=impulse_fade_5bar_2pt:direction=all:first_target_points=1:stop_points=2:runner_target_points=5:runner_stop_mode=breakeven,impulse_fade_5bar_2pt,all,1,2,5,breakeven,171,171,171,87,84,15,69,0,0,15,0.0877193,-9450,-19197,-112.26315789,79,92,"two-contract post-signal scalp: one contract exits at first target, one runner uses selected stop mode and runner target"
1,signal_scaled_scalp:strategy=impulse_fade_5bar_2pt:direction=all:first_target_points=1:stop_points=2:runner_target_points=5:runner_stop_mode=initial,impulse_fade_5bar_2pt,all,1,2,5,initial,171,171,171,87,84,30,54,0,0,30,0.1754386,-11100,-20847,-121.9122807,79,92,"two-contract post-signal scalp: one contract exits at first target, one runner uses selected stop mode and runner target"
1,signal_scaled_scalp:strategy=impulse_fade_5bar_2pt:direction=all:first_target_points=1.5:stop_points=1:runner_target_points=2:runner_stop_mode=breakeven,impulse_fade_5bar_2pt,all,1.5,1,2,breakeven,171,171,171,126,45,36,9,0,0,45,0.26315789,-5625,-15372,-89.89473684,79,92,"two-contract post-signal scalp: one contract exits at first target, one runner uses selected stop mode and runner target"
1,signal_scaled_scalp:strategy=impulse_fade_5bar_2pt:direction=all:first_target_points=1.5:stop_points=1:runner_target_points=2:runner_stop_mode=initial,impulse_fade_5bar_2pt,all,1.5,1,2,initial,171,171,171,126,45,39,6,0,0,39,0.22807018,-5625,-15372,-89.89473684,79,92,"two-contract post-signal scalp: one contract exits at first target, one runner uses selected stop mode and runner target"
1,signal_scaled_scalp:strategy=impulse_fade_5bar_2pt:direction=all:first_target_points=1.5:stop_points=1:runner_target_points=3:runner_stop_mode=breakeven,impulse_fade_5bar_2pt,all,1.5,1,3,breakeven,171,171,171,126,45,24,21,0,0,45,0.26315789,-5625,-15372,-89.89473684,79,92,"two-contract post-signal scalp: one contract exits at first target, one runner uses selected stop mode and runner target"
1,signal_scaled_scalp:strategy=impulse_fade_5bar_2pt:direction=all:first_target_points=1.5:stop_points=1:runner_target_points=3:runner_stop_mode=initial,impulse_fade_5bar_2pt,all,1.5,1,3,initial,171,171,171,126,45,31,14,0,0,31,0.18128655,-5275,-15022,-87.84795322,79,92,"two-contract post-signal scalp: one contract exits at first target, one runner uses selected stop mode and runner target"
1,signal_scaled_scalp:strategy=impulse_fade_5bar_2pt:direction=all:first_target_points=1.5:stop_points=1:runner_target_points=5:runner_stop_mode=breakeven,impulse_fade_5bar_2pt,all,1.5,1,5,breakeven,171,171,171,126,45,12,33,0,0,45,0.26315789,-6225,-15972,-93.40350877,79,92,"two-contract post-signal scalp: one contract exits at first target, one runner uses selected stop mode and runner target"
1,signal_scaled_scalp:strategy=impulse_fade_5bar_2pt:direction=all:first_target_points=1.5:stop_points=1:runner_target_points=5:runner_stop_mode=initial,impulse_fade_5bar_2pt,all,1.5,1,5,initial,171,171,171,126,45,15,30,0,0,15,0.0877193,-6975,-16722,-97.78947368,79,92,"two-contract post-signal scalp: one contract exits at first target, one runner uses selected stop mode and runner target"
1,signal_scaled_scalp:strategy=impulse_fade_5bar_2pt:direction=all:first_target_points=1.5:stop_points=1.5:runner_target_points=2:runner_stop_mode=breakeven,impulse_fade_5bar_2pt,all,1.5,1.5,2,breakeven,171,171,171,110,61,52,9,0,0,61,0.35672515,-6725,-16472,-96.32748538,79,92,"two-contract post-signal scalp: one contract exits at first target, one runner uses selected stop mode and runner target"
1,signal_scaled_scalp:strategy=impulse_fade_5bar_2pt:direction=all:first_target_points=1.5:stop_points=1.5:runner_target_points=2:runner_stop_mode=initial,impulse_fade_5bar_2pt,all,1.5,1.5,2,initial,171,171,171,110,61,56,5,0,0,56,0.32748538,-6700,-16447,-96.18128655,79,92,"two-contract post-signal scalp: one contract exits at first target, one runner uses selected stop mode and runner target"
1,signal_scaled_scalp:strategy=impulse_fade_5bar_2pt:direction=all:first_target_points=1.5:stop_points=1.5:runner_target_points=3:runner_stop_mode=breakeven,impulse_fade_5bar_2pt,all,1.5,1.5,3,breakeven,171,171,171,110,61,36,25,0,0,61,0.35672515,-6525,-16272,-95.15789474,79,92,"two-contract post-signal scalp: one contract exits at first target, one runner uses selected stop mode and runner target"
1,signal_scaled_scalp:strategy=impulse_fade_5bar_2pt:direction=all:first_target_points=1.5:stop_points=1.5:runner_target_points=3:runner_stop_mode=initial,impulse_fade_5bar_2pt,all,1.5,1.5,3,initial,171,171,171,110,61,47,14,0,0,47,0.2748538,-5925,-15672,-91.64912281,79,92,"two-contract post-signal scalp: one contract exits at first target, one runner uses selected stop mode and runner target"
1,signal_scaled_scalp:strategy=impulse_fade_5bar_2pt:direction=all:first_target_points=1.5:stop_points=1.5:runner_target_points=5:runner_stop_mode=breakeven,impulse_fade_5bar_2pt,all,1.5,1.5,5,breakeven,171,171,171,110,61,18,43,0,0,61,0.35672515,-7425,-17172,-100.42105263,79,92,"two-contract post-signal scalp: one contract exits at first target, one runner uses selected stop mode and runner target"
1,signal_scaled_scalp:strategy=impulse_fade_5bar_2pt:direction=all:first_target_points=1.5:stop_points=1.5:runner_target_points=5:runner_stop_mode=initial,impulse_fade_5bar_2pt,all,1.5,1.5,5,initial,171,171,171,110,61,27,34,0,0,27,0.15789474,-7725,-17472,-102.1754386,79,92,"two-contract post-signal scalp: one contract exits at first target, one runner uses selected stop mode and runner target"
1,signal_scaled_scalp:strategy=impulse_fade_5bar_2pt:direction=all:first_target_points=1.5:stop_points=2:runner_target_points=2:runner_stop_mode=breakeven,impulse_fade_5bar_2pt,all,1.5,2,2,breakeven,171,171,171,99,72,58,14,0,0,72,0.42105263,-8600,-18347,-107.29239766,79,92,"two-contract post-signal scalp: one contract exits at first target, one runner uses selected stop mode and runner target"
1,signal_scaled_scalp:strategy=impulse_fade_5bar_2pt:direction=all:first_target_points=1.5:stop_points=2:runner_target_points=2:runner_stop_mode=initial,impulse_fade_5bar_2pt,all,1.5,2,2,initial,171,171,171,99,72,66,6,0,0,66,0.38596491,-8400,-18147,-106.12280702,79,92,"two-contract post-signal scalp: one contract exits at first target, one runner uses selected stop mode and runner target"
1,signal_scaled_scalp:strategy=impulse_fade_5bar_2pt:direction=all:first_target_points=1.5:stop_points=2:runner_target_points=3:runner_stop_mode=breakeven,impulse_fade_5bar_2pt,all,1.5,2,3,breakeven,171,171,171,99,72,40,32,0,0,72,0.42105263,-8400,-18147,-106.12280702,79,92,"two-contract post-signal scalp: one contract exits at first target, one runner uses selected stop mode and runner target"
1,signal_scaled_scalp:strategy=impulse_fade_5bar_2pt:direction=all:first_target_points=1.5:stop_points=2:runner_target_points=3:runner_stop_mode=initial,impulse_fade_5bar_2pt,all,1.5,2,3,initial,171,171,171,99,72,52,20,0,0,52,0.30409357,-8600,-18347,-107.29239766,79,92,"two-contract post-signal scalp: one contract exits at first target, one runner uses selected stop mode and runner target"
1,signal_scaled_scalp:strategy=impulse_fade_5bar_2pt:direction=all:first_target_points=1.5:stop_points=2:runner_target_points=5:runner_stop_mode=breakeven,impulse_fade_5bar_2pt,all,1.5,2,5,breakeven,171,171,171,99,72,20,52,0,0,72,0.42105263,-9400,-19147,-111.97076023,79,92,"two-contract post-signal scalp: one contract exits at first target, one runner uses selected stop mode and runner target"
1,signal_scaled_scalp:strategy=impulse_fade_5bar_2pt:direction=all:first_target_points=1.5:stop_points=2:runner_target_points=5:runner_stop_mode=initial,impulse_fade_5bar_2pt,all,1.5,2,5,initial,171,171,171,99,72,30,42,0,0,30,0.1754386,-11100,-20847,-121.9122807,79,92,"two-contract post-signal scalp: one contract exits at first target, one runner uses selected stop mode and runner target"
1,signal_scaled_scalp:strategy=impulse_continue_5bar_2pt:direction=all:first_target_points=0.5:stop_points=1:runner_target_points=1.5:runner_stop_mode=breakeven,impulse_continue_5bar_2pt,all,0.5,1,1.5,breakeven,135,135,135,59,76,43,33,0,0,43,0.31851852,-775,-8470,-62.74074074,69,66,"two-contract post-signal scalp: one contract exits at first target, one runner uses selected stop mode and runner target"
1,signal_scaled_scalp:strategy=impulse_continue_5bar_2pt:direction=all:first_target_points=0.5:stop_points=1:runner_target_points=1.5:runner_stop_mode=initial,impulse_continue_5bar_2pt,all,0.5,1,1.5,initial,135,135,135,59,76,58,18,0,0,58,0.42962963,-550,-8245,-61.07407407,69,66,"two-contract post-signal scalp: one contract exits at first target, one runner uses selected stop mode and runner target"
1,signal_scaled_scalp:strategy=impulse_continue_5bar_2pt:direction=all:first_target_points=0.5:stop_points=1:runner_target_points=2:runner_stop_mode=breakeven,impulse_continue_5bar_2pt,all,0.5,1,2,breakeven,135,135,135,59,76,35,41,0,0,35,0.25925926,-500,-8195,-60.7037037,69,66,"two-contract post-signal scalp: one contract exits at first target, one runner uses selected stop mode and runner target"
1,signal_scaled_scalp:strategy=impulse_continue_5bar_2pt:direction=all:first_target_points=0.5:stop_points=1:runner_target_points=2:runner_stop_mode=initial,impulse_continue_5bar_2pt,all,0.5,1,2,initial,135,135,135,59,76,49,27,0,0,49,0.36296296,-450,-8145,-60.33333333,69,66,"two-contract post-signal scalp: one contract exits at first target, one runner uses selected stop mode and runner target"
1,signal_scaled_scalp:strategy=impulse_continue_5bar_2pt:direction=all:first_target_points=0.5:stop_points=1:runner_target_points=3:runner_stop_mode=breakeven,impulse_continue_5bar_2pt,all,0.5,1,3,breakeven,135,135,135,59,76,20,56,0,0,20,0.14814815,-1000,-8695,-64.40740741,69,66,"two-contract post-signal scalp: one contract exits at first target, one runner uses selected stop mode and runner target"
1,signal_scaled_scalp:strategy=impulse_continue_5bar_2pt:direction=all:first_target_points=0.5:stop_points=1:runner_target_points=3:runner_stop_mode=initial,impulse_continue_5bar_2pt,all,0.5,1,3,initial,135,135,135,59,76,35,41,0,0,35,0.25925926,-800,-8495,-62.92592593,69,66,"two-contract post-signal scalp: one contract exits at first target, one runner uses selected stop mode and runner target"
1,signal_scaled_scalp:strategy=impulse_continue_5bar_2pt:direction=all:first_target_points=0.5:stop_points=1:runner_target_points=5:runner_stop_mode=breakeven,impulse_continue_5bar_2pt,all,0.5,1,5,breakeven,135,135,135,59,76,10,66,0,0,10,0.07407407,-1500,-9195,-68.11111111,69,66,"two-contract post-signal scalp: one contract exits at first target, one runner uses selected stop mode and runner target"
1,signal_scaled_scalp:strategy=impulse_continue_5bar_2pt:direction=all:first_target_points=0.5:stop_points=1:runner_target_points=5:runner_stop_mode=initial,impulse_continue_5bar_2pt,all,0.5,1,5,initial,135,135,135,59,76,20,56,0,0,20,0.14814815,-1800,-9495,-70.33333333,69,66,"two-contract post-signal scalp: one contract exits at first target, one runner uses selected stop mode and runner target"
1,signal_scaled_scalp:strategy=impulse_continue_5bar_2pt:direction=all:first_target_points=0.5:stop_points=1.5:runner_target_points=1.5:runner_stop_mode=breakeven,impulse_continue_5bar_2pt,all,0.5,1.5,1.5,breakeven,135,135,135,44,91,44,47,0,0,44,0.32592593,-1025,-8720,-64.59259259,69,66,"two-contract post-signal scalp: one contract exits at first target, one runner uses selected stop mode and runner target"
1,signal_scaled_scalp:strategy=impulse_continue_5bar_2pt:direction=all:first_target_points=0.5:stop_points=1.5:runner_target_points=1.5:runner_stop_mode=initial,impulse_continue_5bar_2pt,all,0.5,1.5,1.5,initial,135,135,135,44,91,69,22,0,0,69,0.51111111,-800,-8495,-62.92592593,69,66,"two-contract post-signal scalp: one contract exits at first target, one runner uses selected stop mode and runner target"
1,signal_scaled_scalp:strategy=impulse_continue_5bar_2pt:direction=all:first_target_points=0.5:stop_points=1.5:runner_target_points=2:runner_stop_mode=breakeven,impulse_continue_5bar_2pt,all,0.5,1.5,2,breakeven,135,135,135,44,91,36,55,0,0,36,0.26666667,-725,-8420,-62.37037037,69,66,"two-contract post-signal scalp: one contract exits at first target, one runner uses selected stop mode and runner target"
1,signal_scaled_scalp:strategy=impulse_continue_5bar_2pt:direction=all:first_target_points=0.5:stop_points=1.5:runner_target_points=2:runner_stop_mode=initial,impulse_continue_5bar_2pt,all,0.5,1.5,2,initial,135,135,135,44,91,60,31,0,0,60,0.44444444,-650,-8345,-61.81481481,69,66,"two-contract post-signal scalp: one contract exits at first target, one runner uses selected stop mode and runner target"
1,signal_scaled_scalp:strategy=impulse_continue_5bar_2pt:direction=all:first_target_points=0.5:stop_points=1.5:runner_target_points=3:runner_stop_mode=breakeven,impulse_continue_5bar_2pt,all,0.5,1.5,3,breakeven,135,135,135,44,91,21,70,0,0,21,0.15555556,-1175,-8870,-65.7037037,69,66,"two-contract post-signal scalp: one contract exits at first target, one runner uses selected stop mode and runner target"
1,signal_scaled_scalp:strategy=impulse_continue_5bar_2pt:direction=all:first_target_points=0.5:stop_points=1.5:runner_target_points=3:runner_stop_mode=initial,impulse_continue_5bar_2pt,all,0.5,1.5,3,initial,135,135,135,44,91,47,44,0,0,47,0.34814815,-575,-8270,-61.25925926,69,66,"two-contract post-signal scalp: one contract exits at first target, one runner uses selected stop mode and runner target"
1,signal_scaled_scalp:strategy=impulse_continue_5bar_2pt:direction=all:first_target_points=0.5:stop_points=1.5:runner_target_points=5:runner_stop_mode=breakeven,impulse_continue_5bar_2pt,all,0.5,1.5,5,breakeven,135,135,135,44,91,10,81,0,0,10,0.07407407,-1825,-9520,-70.51851852,69,66,"two-contract post-signal scalp: one contract exits at first target, one runner uses selected stop mode and runner target"
1,signal_scaled_scalp:strategy=impulse_continue_5bar_2pt:direction=all:first_target_points=0.5:stop_points=1.5:runner_target_points=5:runner_stop_mode=initial,impulse_continue_5bar_2pt,all,0.5,1.5,5,initial,135,135,135,44,91,28,63,0,0,28,0.20740741,-2050,-9745,-72.18518519,69,66,"two-contract post-signal scalp: one contract exits at first target, one runner uses selected stop mode and runner target"
1,signal_scaled_scalp:strategy=impulse_continue_5bar_2pt:direction=all:first_target_points=0.5:stop_points=2:runner_target_points=1.5:runner_stop_mode=breakeven,impulse_continue_5bar_2pt,all,0.5,2,1.5,breakeven,135,135,135,38,97,46,51,0,0,46,0.34074074,-1725,-9420,-69.77777778,69,66,"two-contract post-signal scalp: one contract exits at first target, one runner uses selected stop mode and runner target"
1,signal_scaled_scalp:strategy=impulse_continue_5bar_2pt:direction=all:first_target_points=0.5:stop_points=2:runner_target_points=1.5:runner_stop_mode=initial,impulse_continue_5bar_2pt,all,0.5,2,1.5,initial,135,135,135,38,97,74,23,0,0,74,0.54814815,-1925,-9620,-71.25925926,69,66,"two-contract post-signal scalp: one contract exits at first target, one runner uses selected stop mode and runner target"
1,signal_scaled_scalp:strategy=impulse_continue_5bar_2pt:direction=all:first_target_points=0.5:stop_points=2:runner_target_points=2:runner_stop_mode=breakeven,impulse_continue_5bar_2pt,all,0.5,2,2,breakeven,135,135,135,38,97,37,60,0,0,37,0.27407407,-1475,-9170,-67.92592593,69,66,"two-contract post-signal scalp: one contract exits at first target, one runner uses selected stop mode and runner target"
1,signal_scaled_scalp:strategy=impulse_continue_5bar_2pt:direction=all:first_target_points=0.5:stop_points=2:runner_target_points=2:runner_stop_mode=initial,impulse_continue_5bar_2pt,all,0.5,2,2,initial,135,135,135,38,97,66,31,0,0,66,0.48888889,-1675,-9370,-69.40740741,69,66,"two-contract post-signal scalp: one contract exits at first target, one runner uses selected stop mode and runner target"
1,signal_scaled_scalp:strategy=impulse_continue_5bar_2pt:direction=all:first_target_points=0.5:stop_points=2:runner_target_points=3:runner_stop_mode=breakeven,impulse_continue_5bar_2pt,all,0.5,2,3,breakeven,135,135,135,38,97,22,75,0,0,22,0.16296296,-1875,-9570,-70.88888889,69,66,"two-contract post-signal scalp: one contract exits at first target, one runner uses selected stop mode and runner target"
1,signal_scaled_scalp:strategy=impulse_continue_5bar_2pt:direction=all:first_target_points=0.5:stop_points=2:runner_target_points=3:runner_stop_mode=initial,impulse_continue_5bar_2pt,all,0.5,2,3,initial,135,135,135,38,97,52,45,0,0,52,0.38518519,-1875,-9570,-70.88888889,69,66,"two-contract post-signal scalp: one contract exits at first target, one runner uses selected stop mode and runner target"
1,signal_scaled_scalp:strategy=impulse_continue_5bar_2pt:direction=all:first_target_points=0.5:stop_points=2:runner_target_points=5:runner_stop_mode=breakeven,impulse_continue_5bar_2pt,all,0.5,2,5,breakeven,135,135,135,38,97,11,86,0,0,11,0.08148148,-2425,-10120,-74.96296296,69,66,"two-contract post-signal scalp: one contract exits at first target, one runner uses selected stop mode and runner target"
1,signal_scaled_scalp:strategy=impulse_continue_5bar_2pt:direction=all:first_target_points=0.5:stop_points=2:runner_target_points=5:runner_stop_mode=initial,impulse_continue_5bar_2pt,all,0.5,2,5,initial,135,135,135,38,97,34,63,0,0,34,0.25185185,-2975,-10670,-79.03703704,69,66,"two-contract post-signal scalp: one contract exits at first target, one runner uses selected stop mode and runner target"
1,signal_scaled_scalp:strategy=impulse_continue_5bar_2pt:direction=all:first_target_points=1:stop_points=1:runner_target_points=1.5:runner_stop_mode=breakeven,impulse_continue_5bar_2pt,all,1,1,1.5,breakeven,135,135,135,67,68,49,19,0,0,49,0.36296296,375,-7320,-54.22222222,69,66,"two-contract post-signal scalp: one contract exits at first target, one runner uses selected stop mode and runner target"
1,signal_scaled_scalp:strategy=impulse_continue_5bar_2pt:direction=all:first_target_points=1:stop_points=1:runner_target_points=1.5:runner_stop_mode=initial,impulse_continue_5bar_2pt,all,1,1,1.5,initial,135,135,135,67,68,58,10,0,0,58,0.42962963,550,-7145,-52.92592593,69,66,"two-contract post-signal scalp: one contract exits at first target, one runner uses selected stop mode and runner target"
1,signal_scaled_scalp:strategy=impulse_continue_5bar_2pt:direction=all:first_target_points=1:stop_points=1:runner_target_points=2:runner_stop_mode=breakeven,impulse_continue_5bar_2pt,all,1,1,2,breakeven,135,135,135,67,68,39,29,0,0,39,0.28888889,600,-7095,-52.55555556,69,66,"two-contract post-signal scalp: one contract exits at first target, one runner uses selected stop mode and runner target"
1,signal_scaled_scalp:strategy=impulse_continue_5bar_2pt:direction=all:first_target_points=1:stop_points=1:runner_target_points=2:runner_stop_mode=initial,impulse_continue_5bar_2pt,all,1,1,2,initial,135,135,135,67,68,49,19,0,0,49,0.36296296,650,-7045,-52.18518519,69,66,"two-contract post-signal scalp: one contract exits at first target, one runner uses selected stop mode and runner target"
1,signal_scaled_scalp:strategy=impulse_continue_5bar_2pt:direction=all:first_target_points=1:stop_points=1:runner_target_points=3:runner_stop_mode=breakeven,impulse_continue_5bar_2pt,all,1,1,3,breakeven,135,135,135,67,68,24,44,0,0,24,0.17777778,300,-7395,-54.77777778,69,66,"two-contract post-signal scalp: one contract exits at first target, one runner uses selected stop mode and runner target"
1,signal_scaled_scalp:strategy=impulse_continue_5bar_2pt:direction=all:first_target_points=1:stop_points=1:runner_target_points=3:runner_stop_mode=initial,impulse_continue_5bar_2pt,all,1,1,3,initial,135,135,135,67,68,35,33,0,0,35,0.25925926,300,-7395,-54.77777778,69,66,"two-contract post-signal scalp: one contract exits at first target, one runner uses selected stop mode and runner target"
1,signal_scaled_scalp:strategy=impulse_continue_5bar_2pt:direction=all:first_target_points=1:stop_points=1:runner_target_points=5:runner_stop_mode=breakeven,impulse_continue_5bar_2pt,all,1,1,5,breakeven,135,135,135,67,68,11,57,0,0,11,0.08148148,-550,-8245,-61.07407407,69,66,"two-contract post-signal scalp: one contract exits at first target, one runner uses selected stop mode and runner target"
1,signal_scaled_scalp:strategy=impulse_continue_5bar_2pt:direction=all:first_target_points=1:stop_points=1:runner_target_points=5:runner_stop_mode=initial,impulse_continue_5bar_2pt,all,1,1,5,initial,135,135,135,67,68,20,48,0,0,20,0.14814815,-700,-8395,-62.18518519,69,66,"two-contract post-signal scalp: one contract exits at first target, one runner uses selected stop mode and runner target"
1,signal_scaled_scalp:strategy=impulse_continue_5bar_2pt:direction=all:first_target_points=1:stop_points=1.5:runner_target_points=1.5:runner_stop_mode=breakeven,impulse_continue_5bar_2pt,all,1,1.5,1.5,breakeven,135,135,135,54,81,54,27,0,0,54,0.4,0,-7695,-57,69,66,"two-contract post-signal scalp: one contract exits at first target, one runner uses selected stop mode and runner target"
1,signal_scaled_scalp:strategy=impulse_continue_5bar_2pt:direction=all:first_target_points=1:stop_points=1.5:runner_target_points=1.5:runner_stop_mode=initial,impulse_continue_5bar_2pt,all,1,1.5,1.5,initial,135,135,135,54,81,69,12,0,0,69,0.51111111,225,-7470,-55.33333333,69,66,"two-contract post-signal scalp: one contract exits at first target, one runner uses selected stop mode and runner target"
1,signal_scaled_scalp:strategy=impulse_continue_5bar_2pt:direction=all:first_target_points=1:stop_points=1.5:runner_target_points=2:runner_stop_mode=breakeven,impulse_continue_5bar_2pt,all,1,1.5,2,breakeven,135,135,135,54,81,44,37,0,0,44,0.32592593,350,-7345,-54.40740741,69,66,"two-contract post-signal scalp: one contract exits at first target, one runner uses selected stop mode and runner target"
1,signal_scaled_scalp:strategy=impulse_continue_5bar_2pt:direction=all:first_target_points=1:stop_points=1.5:runner_target_points=2:runner_stop_mode=initial,impulse_continue_5bar_2pt,all,1,1.5,2,initial,135,135,135,54,81,60,21,0,0,60,0.44444444,375,-7320,-54.22222222,69,66,"two-contract post-signal scalp: one contract exits at first target, one runner uses selected stop mode and runner target"
1,signal_scaled_scalp:strategy=impulse_continue_5bar_2pt:direction=all:first_target_points=1:stop_points=1.5:runner_target_points=3:runner_stop_mode=breakeven,impulse_continue_5bar_2pt,all,1,1.5,3,breakeven,135,135,135,54,81,29,52,0,0,29,0.21481481,300,-7395,-54.77777778,69,66,"two-contract post-signal scalp: one contract exits at first target, one runner uses selected stop mode and runner target"
1,signal_scaled_scalp:strategy=impulse_continue_5bar_2pt:direction=all:first_target_points=1:stop_points=1.5:runner_target_points=3:runner_stop_mode=initial,impulse_continue_5bar_2pt,all,1,1.5,3,initial,135,135,135,54,81,47,34,0,0,47,0.34814815,450,-7245,-53.66666667,69,66,"two-contract post-signal scalp: one contract exits at first target, one runner uses selected stop mode and runner target"
1,signal_scaled_scalp:strategy=impulse_continue_5bar_2pt:direction=all:first_target_points=1:stop_points=1.5:runner_target_points=5:runner_stop_mode=breakeven,impulse_continue_5bar_2pt,all,1,1.5,5,breakeven,135,135,135,54,81,14,67,0,0,14,0.1037037,-550,-8245,-61.07407407,69,66,"two-contract post-signal scalp: one contract exits at first target, one runner uses selected stop mode and runner target"
1,signal_scaled_scalp:strategy=impulse_continue_5bar_2pt:direction=all:first_target_points=1:stop_points=1.5:runner_target_points=5:runner_stop_mode=initial,impulse_continue_5bar_2pt,all,1,1.5,5,initial,135,135,135,54,81,28,53,0,0,28,0.20740741,-1025,-8720,-64.59259259,69,66,"two-contract post-signal scalp: one contract exits at first target, one runner uses selected stop mode and runner target"
1,signal_scaled_scalp:strategy=impulse_continue_5bar_2pt:direction=all:first_target_points=1:stop_points=2:runner_target_points=1.5:runner_stop_mode=breakeven,impulse_continue_5bar_2pt,all,1,2,1.5,breakeven,135,135,135,48,87,57,30,0,0,57,0.42222222,-975,-8670,-64.22222222,69,66,"two-contract post-signal scalp: one contract exits at first target, one runner uses selected stop mode and runner target"
1,signal_scaled_scalp:strategy=impulse_continue_5bar_2pt:direction=all:first_target_points=1:stop_points=2:runner_target_points=1.5:runner_stop_mode=initial,impulse_continue_5bar_2pt,all,1,2,1.5,initial,135,135,135,48,87,74,13,0,0,74,0.54814815,-1000,-8695,-64.40740741,69,66,"two-contract post-signal scalp: one contract exits at first target, one runner uses selected stop mode and runner target"
1,signal_scaled_scalp:strategy=impulse_continue_5bar_2pt:direction=all:first_target_points=1:stop_points=2:runner_target_points=2:runner_stop_mode=breakeven,impulse_continue_5bar_2pt,all,1,2,2,breakeven,135,135,135,48,87,46,41,0,0,46,0.34074074,-650,-8345,-61.81481481,69,66,"two-contract post-signal scalp: one contract exits at first target, one runner uses selected stop mode and runner target"
1,signal_scaled_scalp:strategy=impulse_continue_5bar_2pt:direction=all:first_target_points=1:stop_points=2:runner_target_points=2:runner_stop_mode=initial,impulse_continue_5bar_2pt,all,1,2,2,initial,135,135,135,48,87,66,21,0,0,66,0.48888889,-750,-8445,-62.55555556,69,66,"two-contract post-signal scalp: one contract exits at first target, one runner uses selected stop mode and runner target"
1,signal_scaled_scalp:strategy=impulse_continue_5bar_2pt:direction=all:first_target_points=1:stop_points=2:runner_target_points=3:runner_stop_mode=breakeven,impulse_continue_5bar_2pt,all,1,2,3,breakeven,135,135,135,48,87,30,57,0,0,30,0.22222222,-750,-8445,-62.55555556,69,66,"two-contract post-signal scalp: one contract exits at first target, one runner uses selected stop mode and runner target"
1,signal_scaled_scalp:strategy=impulse_continue_5bar_2pt:direction=all:first_target_points=1:stop_points=2:runner_target_points=3:runner_stop_mode=initial,impulse_continue_5bar_2pt,all,1,2,3,initial,135,135,135,48,87,52,35,0,0,52,0.38518519,-950,-8645,-64.03703704,69,66,"two-contract post-signal scalp: one contract exits at first target, one runner uses selected stop mode and runner target"
1,signal_scaled_scalp:strategy=impulse_continue_5bar_2pt:direction=all:first_target_points=1:stop_points=2:runner_target_points=5:runner_stop_mode=breakeven,impulse_continue_5bar_2pt,all,1,2,5,breakeven,135,135,135,48,87,15,72,0,0,15,0.11111111,-1500,-9195,-68.11111111,69,66,"two-contract post-signal scalp: one contract exits at first target, one runner uses selected stop mode and runner target"
1,signal_scaled_scalp:strategy=impulse_continue_5bar_2pt:direction=all:first_target_points=1:stop_points=2:runner_target_points=5:runner_stop_mode=initial,impulse_continue_5bar_2pt,all,1,2,5,initial,135,135,135,48,87,34,53,0,0,34,0.25185185,-2050,-9745,-72.18518519,69,66,"two-contract post-signal scalp: one contract exits at first target, one runner uses selected stop mode and runner target"
1,signal_scaled_scalp:strategy=impulse_continue_5bar_2pt:direction=all:first_target_points=1.5:stop_points=1:runner_target_points=2:runner_stop_mode=breakeven,impulse_continue_5bar_2pt,all,1.5,1,2,breakeven,135,135,135,77,58,44,14,0,0,58,0.42962963,1050,-6645,-49.22222222,69,66,"two-contract post-signal scalp: one contract exits at first target, one runner uses selected stop mode and runner target"
1,signal_scaled_scalp:strategy=impulse_continue_5bar_2pt:direction=all:first_target_points=1.5:stop_points=1:runner_target_points=2:runner_stop_mode=initial,impulse_continue_5bar_2pt,all,1.5,1,2,initial,135,135,135,77,58,49,9,0,0,49,0.36296296,1100,-6595,-48.85185185,69,66,"two-contract post-signal scalp: one contract exits at first target, one runner uses selected stop mode and runner target"
1,signal_scaled_scalp:strategy=impulse_continue_5bar_2pt:direction=all:first_target_points=1.5:stop_points=1:runner_target_points=3:runner_stop_mode=breakeven,impulse_continue_5bar_2pt,all,1.5,1,3,breakeven,135,135,135,77,58,29,29,0,0,58,0.42962963,1000,-6695,-49.59259259,69,66,"two-contract post-signal scalp: one contract exits at first target, one runner uses selected stop mode and runner target"
1,signal_scaled_scalp:strategy=impulse_continue_5bar_2pt:direction=all:first_target_points=1.5:stop_points=1:runner_target_points=3:runner_stop_mode=initial,impulse_continue_5bar_2pt,all,1.5,1,3,initial,135,135,135,77,58,35,23,0,0,35,0.25925926,750,-6945,-51.44444444,69,66,"two-contract post-signal scalp: one contract exits at first target, one runner uses selected stop mode and runner target"
1,signal_scaled_scalp:strategy=impulse_continue_5bar_2pt:direction=all:first_target_points=1.5:stop_points=1:runner_target_points=5:runner_stop_mode=breakeven,impulse_continue_5bar_2pt,all,1.5,1,5,breakeven,135,135,135,77,58,13,45,0,0,58,0.42962963,-100,-7795,-57.74074074,69,66,"two-contract post-signal scalp: one contract exits at first target, one runner uses selected stop mode and runner target"
1,signal_scaled_scalp:strategy=impulse_continue_5bar_2pt:direction=all:first_target_points=1.5:stop_points=1:runner_target_points=5:runner_stop_mode=initial,impulse_continue_5bar_2pt,all,1.5,1,5,initial,135,135,135,77,58,20,38,0,0,20,0.14814815,-250,-7945,-58.85185185,69,66,"two-contract post-signal scalp: one contract exits at first target, one runner uses selected stop mode and runner target"
1,signal_scaled_scalp:strategy=impulse_continue_5bar_2pt:direction=all:first_target_points=1.5:stop_points=1.5:runner_target_points=2:runner_stop_mode=breakeven,impulse_continue_5bar_2pt,all,1.5,1.5,2,breakeven,135,135,135,66,69,54,15,0,0,69,0.51111111,675,-7020,-52,69,66,"two-contract post-signal scalp: one contract exits at first target, one runner uses selected stop mode and runner target"
1,signal_scaled_scalp:strategy=impulse_continue_5bar_2pt:direction=all:first_target_points=1.5:stop_points=1.5:runner_target_points=2:runner_stop_mode=initial,impulse_continue_5bar_2pt,all,1.5,1.5,2,initial,135,135,135,66,69,60,9,0,0,60,0.44444444,600,-7095,-52.55555556,69,66,"two-contract post-signal scalp: one contract exits at first target, one runner uses selected stop mode and runner target"
1,signal_scaled_scalp:strategy=impulse_continue_5bar_2pt:direction=all:first_target_points=1.5:stop_points=1.5:runner_target_points=3:runner_stop_mode=breakeven,impulse_continue_5bar_2pt,all,1.5,1.5,3,breakeven,135,135,135,66,69,37,32,0,0,69,0.51111111,825,-6870,-50.88888889,69,66,"two-contract post-signal scalp: one contract exits at first target, one runner uses selected stop mode and runner target"
1,signal_scaled_scalp:strategy=impulse_continue_5bar_2pt:direction=all:first_target_points=1.5:stop_points=1.5:runner_target_points=3:runner_stop_mode=initial,impulse_continue_5bar_2pt,all,1.5,1.5,3,initial,135,135,135,66,69,47,22,0,0,47,0.34814815,675,-7020,-52,69,66,"two-contract post-signal scalp: one contract exits at first target, one runner uses selected stop mode and runner target"
1,signal_scaled_scalp:strategy=impulse_continue_5bar_2pt:direction=all:first_target_points=1.5:stop_points=1.5:runner_target_points=5:runner_stop_mode=breakeven,impulse_continue_5bar_2pt,all,1.5,1.5,5,breakeven,135,135,135,66,69,17,52,0,0,69,0.51111111,-475,-8170,-60.51851852,69,66,"two-contract post-signal scalp: one contract exits at first target, one runner uses selected stop mode and runner target"
1,signal_scaled_scalp:strategy=impulse_continue_5bar_2pt:direction=all:first_target_points=1.5:stop_points=1.5:runner_target_points=5:runner_stop_mode=initial,impulse_continue_5bar_2pt,all,1.5,1.5,5,initial,135,135,135,66,69,28,41,0,0,28,0.20740741,-800,-8495,-62.92592593,69,66,"two-contract post-signal scalp: one contract exits at first target, one runner uses selected stop mode and runner target"
1,signal_scaled_scalp:strategy=impulse_continue_5bar_2pt:direction=all:first_target_points=1.5:stop_points=2:runner_target_points=2:runner_stop_mode=breakeven,impulse_continue_5bar_2pt,all,1.5,2,2,breakeven,135,135,135,61,74,58,16,0,0,74,0.54814815,-850,-8545,-63.2962963,69,66,"two-contract post-signal scalp: one contract exits at first target, one runner uses selected stop mode and runner target"
1,signal_scaled_scalp:strategy=impulse_continue_5bar_2pt:direction=all:first_target_points=1.5:stop_points=2:runner_target_points=2:runner_stop_mode=initial,impulse_continue_5bar_2pt,all,1.5,2,2,initial,135,135,135,61,74,66,8,0,0,66,0.48888889,-850,-8545,-63.2962963,69,66,"two-contract post-signal scalp: one contract exits at first target, one runner uses selected stop mode and runner target"
1,signal_scaled_scalp:strategy=impulse_continue_5bar_2pt:direction=all:first_target_points=1.5:stop_points=2:runner_target_points=3:runner_stop_mode=breakeven,impulse_continue_5bar_2pt,all,1.5,2,3,breakeven,135,135,135,61,74,40,34,0,0,74,0.54814815,-650,-8345,-61.81481481,69,66,"two-contract post-signal scalp: one contract exits at first target, one runner uses selected stop mode and runner target"
1,signal_scaled_scalp:strategy=impulse_continue_5bar_2pt:direction=all:first_target_points=1.5:stop_points=2:runner_target_points=3:runner_stop_mode=initial,impulse_continue_5bar_2pt,all,1.5,2,3,initial,135,135,135,61,74,52,22,0,0,52,0.38518519,-1050,-8745,-64.77777778,69,66,"two-contract post-signal scalp: one contract exits at first target, one runner uses selected stop mode and runner target"
1,signal_scaled_scalp:strategy=impulse_continue_5bar_2pt:direction=all:first_target_points=1.5:stop_points=2:runner_target_points=5:runner_stop_mode=breakeven,impulse_continue_5bar_2pt,all,1.5,2,5,breakeven,135,135,135,61,74,19,55,0,0,74,0.54814815,-1900,-9595,-71.07407407,69,66,"two-contract post-signal scalp: one contract exits at first target, one runner uses selected stop mode and runner target"
1,signal_scaled_scalp:strategy=impulse_continue_5bar_2pt:direction=all:first_target_points=1.5:stop_points=2:runner_target_points=5:runner_stop_mode=initial,impulse_continue_5bar_2pt,all,1.5,2,5,initial,135,135,135,61,74,34,40,0,0,34,0.25185185,-2150,-9845,-72.92592593,69,66,"two-contract post-signal scalp: one contract exits at first target, one runner uses selected stop mode and runner target"
1,signal_scaled_scalp:strategy=impulse_fade_10bar_3pt:direction=all:first_target_points=0.5:stop_points=1:runner_target_points=1.5:runner_stop_mode=breakeven,impulse_fade_10bar_3pt,all,0.5,1,1.5,breakeven,152,152,152,76,76,39,37,0,0,39,0.25657895,-2775,-11439,-75.25657895,75,77,"two-contract post-signal scalp: one contract exits at first target, one runner uses selected stop mode and runner target"
1,signal_scaled_scalp:strategy=impulse_fade_10bar_3pt:direction=all:first_target_points=0.5:stop_points=1:runner_target_points=1.5:runner_stop_mode=initial,impulse_fade_10bar_3pt,all,0.5,1,1.5,initial,152,152,152,76,76,58,18,0,0,58,0.38157895,-2250,-10914,-71.80263158,75,77,"two-contract post-signal scalp: one contract exits at first target, one runner uses selected stop mode and runner target"
1,signal_scaled_scalp:strategy=impulse_fade_10bar_3pt:direction=all:first_target_points=0.5:stop_points=1:runner_target_points=2:runner_stop_mode=breakeven,impulse_fade_10bar_3pt,all,0.5,1,2,breakeven,152,152,152,76,76,35,41,0,0,35,0.23026316,-2200,-10864,-71.47368421,75,77,"two-contract post-signal scalp: one contract exits at first target, one runner uses selected stop mode and runner target"
1,signal_scaled_scalp:strategy=impulse_fade_10bar_3pt:direction=all:first_target_points=0.5:stop_points=1:runner_target_points=2:runner_stop_mode=initial,impulse_fade_10bar_3pt,all,0.5,1,2,initial,152,152,152,76,76,50,26,0,0,50,0.32894737,-2000,-10664,-70.15789474,75,77,"two-contract post-signal scalp: one contract exits at first target, one runner uses selected stop mode and runner target"
1,signal_scaled_scalp:strategy=impulse_fade_10bar_3pt:direction=all:first_target_points=0.5:stop_points=1:runner_target_points=3:runner_stop_mode=breakeven,impulse_fade_10bar_3pt,all,0.5,1,3,breakeven,152,152,152,76,76,24,52,0,0,24,0.15789474,-2100,-10764,-70.81578947,75,77,"two-contract post-signal scalp: one contract exits at first target, one runner uses selected stop mode and runner target"
1,signal_scaled_scalp:strategy=impulse_fade_10bar_3pt:direction=all:first_target_points=0.5:stop_points=1:runner_target_points=3:runner_stop_mode=initial,impulse_fade_10bar_3pt,all,0.5,1,3,initial,152,152,152,76,76,38,38,0,0,38,0.25,-1900,-10564,-69.5,75,77,"two-contract post-signal scalp: one contract exits at first target, one runner uses selected stop mode and runner target"
1,signal_scaled_scalp:strategy=impulse_fade_10bar_3pt:direction=all:first_target_points=0.5:stop_points=1:runner_target_points=5:runner_stop_mode=breakeven,impulse_fade_10bar_3pt,all,0.5,1,5,breakeven,152,152,152,76,76,9,67,0,0,9,0.05921053,-3450,-12114,-79.69736842,75,77,"two-contract post-signal scalp: one contract exits at first target, one runner uses selected stop mode and runner target"
1,signal_scaled_scalp:strategy=impulse_fade_10bar_3pt:direction=all:first_target_points=0.5:stop_points=1:runner_target_points=5:runner_stop_mode=initial,impulse_fade_10bar_3pt,all,0.5,1,5,initial,152,152,152,76,76,19,57,0,0,19,0.125,-3800,-12464,-82,75,77,"two-contract post-signal scalp: one contract exits at first target, one runner uses selected stop mode and runner target"
1,signal_scaled_scalp:strategy=impulse_fade_10bar_3pt:direction=all:first_target_points=0.5:stop_points=1.5:runner_target_points=1.5:runner_stop_mode=breakeven,impulse_fade_10bar_3pt,all,0.5,1.5,1.5,breakeven,152,152,152,61,91,41,50,0,0,41,0.26973684,-3800,-12464,-82,75,77,"two-contract post-signal scalp: one contract exits at first target, one runner uses selected stop mode and runner target"
1,signal_scaled_scalp:strategy=impulse_fade_10bar_3pt:direction=all:first_target_points=0.5:stop_points=1.5:runner_target_points=1.5:runner_stop_mode=initial,impulse_fade_10bar_3pt,all,0.5,1.5,1.5,initial,152,152,152,61,91,70,21,0,0,70,0.46052632,-3200,-11864,-78.05263158,75,77,"two-contract post-signal scalp: one contract exits at first target, one runner uses selected stop mode and runner target"
1,signal_scaled_scalp:strategy=impulse_fade_10bar_3pt:direction=all:first_target_points=0.5:stop_points=1.5:runner_target_points=2:runner_stop_mode=breakeven,impulse_fade_10bar_3pt,all,0.5,1.5,2,breakeven,152,152,152,61,91,37,54,0,0,37,0.24342105,-3175,-11839,-77.88815789,75,77,"two-contract post-signal scalp: one contract exits at first target, one runner uses selected stop mode and runner target"
1,signal_scaled_scalp:strategy=impulse_fade_10bar_3pt:direction=all:first_target_points=0.5:stop_points=1.5:runner_target_points=2:runner_stop_mode=initial,impulse_fade_10bar_3pt,all,0.5,1.5,2,initial,152,152,152,61,91,60,31,0,0,60,0.39473684,-3200,-11864,-78.05263158,75,77,"two-contract post-signal scalp: one contract exits at first target, one runner uses selected stop mode and runner target"
1,signal_scaled_scalp:strategy=impulse_fade_10bar_3pt:direction=all:first_target_points=0.5:stop_points=1.5:runner_target_points=3:runner_stop_mode=breakeven,impulse_fade_10bar_3pt,all,0.5,1.5,3,breakeven,152,152,152,61,91,26,65,0,0,26,0.17105263,-2975,-11639,-76.57236842,75,77,"two-contract post-signal scalp: one contract exits at first target, one runner uses selected stop mode and runner target"
1,signal_scaled_scalp:strategy=impulse_fade_10bar_3pt:direction=all:first_target_points=0.5:stop_points=1.5:runner_target_points=3:runner_stop_mode=initial,impulse_fade_10bar_3pt,all,0.5,1.5,3,initial,152,152,152,61,91,48,43,0,0,48,0.31578947,-2900,-11564,-76.07894737,75,77,"two-contract post-signal scalp: one contract exits at first target, one runner uses selected stop mode and runner target"
1,signal_scaled_scalp:strategy=impulse_fade_10bar_3pt:direction=all:first_target_points=0.5:stop_points=1.5:runner_target_points=5:runner_stop_mode=breakeven,impulse_fade_10bar_3pt,all,0.5,1.5,5,breakeven,152,152,152,61,91,10,81,0,0,10,0.06578947,-4375,-13039,-85.78289474,75,77,"two-contract post-signal scalp: one contract exits at first target, one runner uses selected stop mode and runner target"
1,signal_scaled_scalp:strategy=impulse_fade_10bar_3pt:direction=all:first_target_points=0.5:stop_points=1.5:runner_target_points=5:runner_stop_mode=initial,impulse_fade_10bar_3pt,all,0.5,1.5,5,initial,152,152,152,61,91,28,63,0,0,28,0.18421053,-4600,-13264,-87.26315789,75,77,"two-contract post-signal scalp: one contract exits at first target, one runner uses selected stop mode and runner target"
1,signal_scaled_scalp:strategy=impulse_fade_10bar_3pt:direction=all:first_target_points=0.5:stop_points=2:runner_target_points=1.5:runner_stop_mode=breakeven,impulse_fade_10bar_3pt,all,0.5,2,1.5,breakeven,152,152,152,53,99,42,57,0,0,42,0.27631579,-4975,-13639,-89.73026316,75,77,"two-contract post-signal scalp: one contract exits at first target, one runner uses selected stop mode and runner target"
1,signal_scaled_scalp:strategy=impulse_fade_10bar_3pt:direction=all:first_target_points=0.5:stop_points=2:runner_target_points=1.5:runner_stop_mode=initial,impulse_fade_10bar_3pt,all,0.5,2,1.5,initial,152,152,152,53,99,82,17,0,0,82,0.53947368,-3675,-12339,-81.17763158,75,77,"two-contract post-signal scalp: one contract exits at first target, one runner uses selected stop mode and runner target"
1,signal_scaled_scalp:strategy=impulse_fade_10bar_3pt:direction=all:first_target_points=0.5:stop_points=2:runner_target_points=2:runner_stop_mode=breakeven,impulse_fade_10bar_3pt,all,0.5,2,2,breakeven,152,152,152,53,99,38,61,0,0,38,0.25,-4325,-12989,-85.45394737,75,77,"two-contract post-signal scalp: one contract exits at first target, one runner uses selected stop mode and runner target"
1,signal_scaled_scalp:strategy=impulse_fade_10bar_3pt:direction=all:first_target_points=0.5:stop_points=2:runner_target_points=2:runner_stop_mode=initial,impulse_fade_10bar_3pt,all,0.5,2,2,initial,152,152,152,53,99,70,29,0,0,70,0.46052632,-4025,-12689,-83.48026316,75,77,"two-contract post-signal scalp: one contract exits at first target, one runner uses selected stop mode and runner target"
1,signal_scaled_scalp:strategy=impulse_fade_10bar_3pt:direction=all:first_target_points=0.5:stop_points=2:runner_target_points=3:runner_stop_mode=breakeven,impulse_fade_10bar_3pt,all,0.5,2,3,breakeven,152,152,152,53,99,27,72,0,0,27,0.17763158,-4075,-12739,-83.80921053,75,77,"two-contract post-signal scalp: one contract exits at first target, one runner uses selected stop mode and runner target"
1,signal_scaled_scalp:strategy=impulse_fade_10bar_3pt:direction=all:first_target_points=0.5:stop_points=2:runner_target_points=3:runner_stop_mode=initial,impulse_fade_10bar_3pt,all,0.5,2,3,initial,152,152,152,53,99,59,40,0,0,59,0.38815789,-3275,-11939,-78.54605263,75,77,"two-contract post-signal scalp: one contract exits at first target, one runner uses selected stop mode and runner target"
1,signal_scaled_scalp:strategy=impulse_fade_10bar_3pt:direction=all:first_target_points=0.5:stop_points=2:runner_target_points=5:runner_stop_mode=breakeven,impulse_fade_10bar_3pt,all,0.5,2,5,breakeven,152,152,152,53,99,10,89,0,0,10,0.06578947,-5625,-14289,-94.00657895,75,77,"two-contract post-signal scalp: one contract exits at first target, one runner uses selected stop mode and runner target"
1,signal_scaled_scalp:strategy=impulse_fade_10bar_3pt:direction=all:first_target_points=0.5:stop_points=2:runner_target_points=5:runner_stop_mode=initial,impulse_fade_10bar_3pt,all,0.5,2,5,initial,152,152,152,53,99,35,64,0,0,35,0.23026316,-5775,-14439,-94.99342105,75,77,"two-contract post-signal scalp: one contract exits at first target, one runner uses selected stop mode and runner target"
1,signal_scaled_scalp:strategy=impulse_fade_10bar_3pt:direction=all:first_target_points=1:stop_points=1:runner_target_points=1.5:runner_stop_mode=breakeven,impulse_fade_10bar_3pt,all,1,1,1.5,breakeven,152,152,152,83,69,44,25,0,0,44,0.28947368,-1550,-10214,-67.19736842,75,77,"two-contract post-signal scalp: one contract exits at first target, one runner uses selected stop mode and runner target"
1,signal_scaled_scalp:strategy=impulse_fade_10bar_3pt:direction=all:first_target_points=1:stop_points=1:runner_target_points=1.5:runner_stop_mode=initial,impulse_fade_10bar_3pt,all,1,1,1.5,initial,152,152,152,83,69,58,11,0,0,58,0.38157895,-1050,-9714,-63.90789474,75,77,"two-contract post-signal scalp: one contract exits at first target, one runner uses selected stop mode and runner target"
1,signal_scaled_scalp:strategy=impulse_fade_10bar_3pt:direction=all:first_target_points=1:stop_points=1:runner_target_points=2:runner_stop_mode=breakeven,impulse_fade_10bar_3pt,all,1,1,2,breakeven,152,152,152,83,69,38,31,0,0,38,0.25,-1050,-9714,-63.90789474,75,77,"two-contract post-signal scalp: one contract exits at first target, one runner uses selected stop mode and runner target"
1,signal_scaled_scalp:strategy=impulse_fade_10bar_3pt:direction=all:first_target_points=1:stop_points=1:runner_target_points=2:runner_stop_mode=initial,impulse_fade_10bar_3pt,all,1,1,2,initial,152,152,152,83,69,50,19,0,0,50,0.32894737,-800,-9464,-62.26315789,75,77,"two-contract post-signal scalp: one contract exits at first target, one runner uses selected stop mode and runner target"
1,signal_scaled_scalp:strategy=impulse_fade_10bar_3pt:direction=all:first_target_points=1:stop_points=1:runner_target_points=3:runner_stop_mode=breakeven,impulse_fade_10bar_3pt,all,1,1,3,breakeven,152,152,152,83,69,26,43,0,0,26,0.17105263,-950,-9614,-63.25,75,77,"two-contract post-signal scalp: one contract exits at first target, one runner uses selected stop mode and runner target"
1,signal_scaled_scalp:strategy=impulse_fade_10bar_3pt:direction=all:first_target_points=1:stop_points=1:runner_target_points=3:runner_stop_mode=initial,impulse_fade_10bar_3pt,all,1,1,3,initial,152,152,152,83,69,38,31,0,0,38,0.25,-700,-9364,-61.60526316,75,77,"two-contract post-signal scalp: one contract exits at first target, one runner uses selected stop mode and runner target"
1,signal_scaled_scalp:strategy=impulse_fade_10bar_3pt:direction=all:first_target_points=1:stop_points=1:runner_target_points=5:runner_stop_mode=breakeven,impulse_fade_10bar_3pt,all,1,1,5,breakeven,152,152,152,83,69,10,59,0,0,10,0.06578947,-2350,-11014,-72.46052632,75,77,"two-contract post-signal scalp: one contract exits at first target, one runner uses selected stop mode and runner target"
1,signal_scaled_scalp:strategy=impulse_fade_10bar_3pt:direction=all:first_target_points=1:stop_points=1:runner_target_points=5:runner_stop_mode=initial,impulse_fade_10bar_3pt,all,1,1,5,initial,152,152,152,83,69,19,50,0,0,19,0.125,-2600,-11264,-74.10526316,75,77,"two-contract post-signal scalp: one contract exits at first target, one runner uses selected stop mode and runner target"
1,signal_scaled_scalp:strategy=impulse_fade_10bar_3pt:direction=all:first_target_points=1:stop_points=1.5:runner_target_points=1.5:runner_stop_mode=breakeven,impulse_fade_10bar_3pt,all,1,1.5,1.5,breakeven,152,152,152,71,81,50,31,0,0,50,0.32894737,-2850,-11514,-75.75,75,77,"two-contract post-signal scalp: one contract exits at first target, one runner uses selected stop mode and runner target"
1,signal_scaled_scalp:strategy=impulse_fade_10bar_3pt:direction=all:first_target_points=1:stop_points=1.5:runner_target_points=1.5:runner_stop_mode=initial,impulse_fade_10bar_3pt,all,1,1.5,1.5,initial,152,152,152,71,81,70,11,0,0,70,0.46052632,-2175,-10839,-71.30921053,75,77,"two-contract post-signal scalp: one contract exits at first target, one runner uses selected stop mode and runner target"
1,signal_scaled_scalp:strategy=impulse_fade_10bar_3pt:direction=all:first_target_points=1:stop_points=1.5:runner_target_points=2:runner_stop_mode=breakeven,impulse_fade_10bar_3pt,all,1,1.5,2,breakeven,152,152,152,71,81,43,38,0,0,43,0.28289474,-2300,-10964,-72.13157895,75,77,"two-contract post-signal scalp: one contract exits at first target, one runner uses selected stop mode and runner target"
1,signal_scaled_scalp:strategy=impulse_fade_10bar_3pt:direction=all:first_target_points=1:stop_points=1.5:runner_target_points=2:runner_stop_mode=initial,impulse_fade_10bar_3pt,all,1,1.5,2,initial,152,152,152,71,81,60,21,0,0,60,0.39473684,-2175,-10839,-71.30921053,75,77,"two-contract post-signal scalp: one contract exits at first target, one runner uses selected stop mode and runner target"
1,signal_scaled_scalp:strategy=impulse_fade_10bar_3pt:direction=all:first_target_points=1:stop_points=1.5:runner_target_points=3:runner_stop_mode=breakeven,impulse_fade_10bar_3pt,all,1,1.5,3,breakeven,152,152,152,71,81,29,52,0,0,29,0.19078947,-2250,-10914,-71.80263158,75,77,"two-contract post-signal scalp: one contract exits at first target, one runner uses selected stop mode and runner target"
1,signal_scaled_scalp:strategy=impulse_fade_10bar_3pt:direction=all:first_target_points=1:stop_points=1.5:runner_target_points=3:runner_stop_mode=initial,impulse_fade_10bar_3pt,all,1,1.5,3,initial,152,152,152,71,81,48,33,0,0,48,0.31578947,-1875,-10539,-69.33552632,75,77,"two-contract post-signal scalp: one contract exits at first target, one runner uses selected stop mode and runner target"
1,signal_scaled_scalp:strategy=impulse_fade_10bar_3pt:direction=all:first_target_points=1:stop_points=1.5:runner_target_points=5:runner_stop_mode=breakeven,impulse_fade_10bar_3pt,all,1,1.5,5,breakeven,152,152,152,71,81,11,70,0,0,11,0.07236842,-3850,-12514,-82.32894737,75,77,"two-contract post-signal scalp: one contract exits at first target, one runner uses selected stop mode and runner target"
1,signal_scaled_scalp:strategy=impulse_fade_10bar_3pt:direction=all:first_target_points=1:stop_points=1.5:runner_target_points=5:runner_stop_mode=initial,impulse_fade_10bar_3pt,all,1,1.5,5,initial,152,152,152,71,81,28,53,0,0,28,0.18421053,-3575,-12239,-80.51973684,75,77,"two-contract post-signal scalp: one contract exits at first target, one runner uses selected stop mode and runner target"
1,signal_scaled_scalp:strategy=impulse_fade_10bar_3pt:direction=all:first_target_points=1:stop_points=2:runner_target_points=1.5:runner_stop_mode=breakeven,impulse_fade_10bar_3pt,all,1,2,1.5,breakeven,152,152,152,60,92,59,33,0,0,59,0.38815789,-2975,-11639,-76.57236842,75,77,"two-contract post-signal scalp: one contract exits at first target, one runner uses selected stop mode and runner target"
1,signal_scaled_scalp:strategy=impulse_fade_10bar_3pt:direction=all:first_target_points=1:stop_points=2:runner_target_points=1.5:runner_stop_mode=initial,impulse_fade_10bar_3pt,all,1,2,1.5,initial,152,152,152,60,92,82,10,0,0,82,0.53947368,-2250,-10914,-71.80263158,75,77,"two-contract post-signal scalp: one contract exits at first target, one runner uses selected stop mode and runner target"
1,signal_scaled_scalp:strategy=impulse_fade_10bar_3pt:direction=all:first_target_points=1:stop_points=2:runner_target_points=2:runner_stop_mode=breakeven,impulse_fade_10bar_3pt,all,1,2,2,breakeven,152,152,152,60,92,49,43,0,0,49,0.32236842,-2500,-11164,-73.44736842,75,77,"two-contract post-signal scalp: one contract exits at first target, one runner uses selected stop mode and runner target"
1,signal_scaled_scalp:strategy=impulse_fade_10bar_3pt:direction=all:first_target_points=1:stop_points=2:runner_target_points=2:runner_stop_mode=initial,impulse_fade_10bar_3pt,all,1,2,2,initial,152,152,152,60,92,70,22,0,0,70,0.46052632,-2600,-11264,-74.10526316,75,77,"two-contract post-signal scalp: one contract exits at first target, one runner uses selected stop mode and runner target"
1,signal_scaled_scalp:strategy=impulse_fade_10bar_3pt:direction=all:first_target_points=1:stop_points=2:runner_target_points=3:runner_stop_mode=breakeven,impulse_fade_10bar_3pt,all,1,2,3,breakeven,152,152,152,60,92,34,58,0,0,34,0.22368421,-2300,-10964,-72.13157895,75,77,"two-contract post-signal scalp: one contract exits at first target, one runner uses selected stop mode and runner target"
1,signal_scaled_scalp:strategy=impulse_fade_10bar_3pt:direction=all:first_target_points=1:stop_points=2:runner_target_points=3:runner_stop_mode=initial,impulse_fade_10bar_3pt,all,1,2,3,initial,152,152,152,60,92,59,33,0,0,59,0.38815789,-1850,-10514,-69.17105263,75,77,"two-contract post-signal scalp: one contract exits at first target, one runner uses selected stop mode and runner target"
1,signal_scaled_scalp:strategy=impulse_fade_10bar_3pt:direction=all:first_target_points=1:stop_points=2:runner_target_points=5:runner_stop_mode=breakeven,impulse_fade_10bar_3pt,all,1,2,5,breakeven,152,152,152,60,92,13,79,0,0,13,0.08552632,-4150,-12814,-84.30263158,75,77,"two-contract post-signal scalp: one contract exits at first target, one runner uses selected stop mode and runner target"
1,signal_scaled_scalp:strategy=impulse_fade_10bar_3pt:direction=all:first_target_points=1:stop_points=2:runner_target_points=5:runner_stop_mode=initial,impulse_fade_10bar_3pt,all,1,2,5,initial,152,152,152,60,92,35,57,0,0,35,0.23026316,-4350,-13014,-85.61842105,75,77,"two-contract post-signal scalp: one contract exits at first target, one runner uses selected stop mode and runner target"
1,signal_scaled_scalp:strategy=impulse_fade_10bar_3pt:direction=all:first_target_points=1.5:stop_points=1:runner_target_points=2:runner_stop_mode=breakeven,impulse_fade_10bar_3pt,all,1.5,1,2,breakeven,152,152,152,94,58,46,12,0,0,58,0.38157895,-450,-9114,-59.96052632,75,77,"two-contract post-signal scalp: one contract exits at first target, one runner uses selected stop mode and runner target"
1,signal_scaled_scalp:strategy=impulse_fade_10bar_3pt:direction=all:first_target_points=1.5:stop_points=1:runner_target_points=2:runner_stop_mode=initial,impulse_fade_10bar_3pt,all,1.5,1,2,initial,152,152,152,94,58,50,8,0,0,50,0.32894737,-450,-9114,-59.96052632,75,77,"two-contract post-signal scalp: one contract exits at first target, one runner uses selected stop mode and runner target"
1,signal_scaled_scalp:strategy=impulse_fade_10bar_3pt:direction=all:first_target_points=1.5:stop_points=1:runner_target_points=3:runner_stop_mode=breakeven,impulse_fade_10bar_3pt,all,1.5,1,3,breakeven,152,152,152,94,58,31,27,0,0,58,0.38157895,-400,-9064,-59.63157895,75,77,"two-contract post-signal scalp: one contract exits at first target, one runner uses selected stop mode and runner target"
1,signal_scaled_scalp:strategy=impulse_fade_10bar_3pt:direction=all:first_target_points=1.5:stop_points=1:runner_target_points=3:runner_stop_mode=initial,impulse_fade_10bar_3pt,all,1.5,1,3,initial,152,152,152,94,58,38,20,0,0,38,0.25,-350,-9014,-59.30263158,75,77,"two-contract post-signal scalp: one contract exits at first target, one runner uses selected stop mode and runner target"
1,signal_scaled_scalp:strategy=impulse_fade_10bar_3pt:direction=all:first_target_points=1.5:stop_points=1:runner_target_points=5:runner_stop_mode=breakeven,impulse_fade_10bar_3pt,all,1.5,1,5,breakeven,152,152,152,94,58,12,46,0,0,58,0.38157895,-2050,-10714,-70.48684211,75,77,"two-contract post-signal scalp: one contract exits at first target, one runner uses selected stop mode and runner target"
1,signal_scaled_scalp:strategy=impulse_fade_10bar_3pt:direction=all:first_target_points=1.5:stop_points=1:runner_target_points=5:runner_stop_mode=initial,impulse_fade_10bar_3pt,all,1.5,1,5,initial,152,152,152,94,58,19,39,0,0,19,0.125,-2250,-10914,-71.80263158,75,77,"two-contract post-signal scalp: one contract exits at first target, one runner uses selected stop mode and runner target"
1,signal_scaled_scalp:strategy=impulse_fade_10bar_3pt:direction=all:first_target_points=1.5:stop_points=1.5:runner_target_points=2:runner_stop_mode=breakeven,impulse_fade_10bar_3pt,all,1.5,1.5,2,breakeven,152,152,152,82,70,56,14,0,0,70,0.46052632,-1450,-10114,-66.53947368,75,77,"two-contract post-signal scalp: one contract exits at first target, one runner uses selected stop mode and runner target"
1,signal_scaled_scalp:strategy=impulse_fade_10bar_3pt:direction=all:first_target_points=1.5:stop_points=1.5:runner_target_points=2:runner_stop_mode=initial,impulse_fade_10bar_3pt,all,1.5,1.5,2,initial,152,152,152,82,70,60,10,0,0,60,0.39473684,-1800,-10464,-68.84210526,75,77,"two-contract post-signal scalp: one contract exits at first target, one runner uses selected stop mode and runner target"
1,signal_scaled_scalp:strategy=impulse_fade_10bar_3pt:direction=all:first_target_points=1.5:stop_points=1.5:runner_target_points=3:runner_stop_mode=breakeven,impulse_fade_10bar_3pt,all,1.5,1.5,3,breakeven,152,152,152,82,70,38,32,0,0,70,0.46052632,-1350,-10014,-65.88157895,75,77,"two-contract post-signal scalp: one contract exits at first target, one runner uses selected stop mode and runner target"
1,signal_scaled_scalp:strategy=impulse_fade_10bar_3pt:direction=all:first_target_points=1.5:stop_points=1.5:runner_target_points=3:runner_stop_mode=initial,impulse_fade_10bar_3pt,all,1.5,1.5,3,initial,152,152,152,82,70,48,22,0,0,48,0.31578947,-1500,-10164,-66.86842105,75,77,"two-contract post-signal scalp: one contract exits at first target, one runner uses selected stop mode and runner target"
1,signal_scaled_scalp:strategy=impulse_fade_10bar_3pt:direction=all:first_target_points=1.5:stop_points=1.5:runner_target_points=5:runner_stop_mode=breakeven,impulse_fade_10bar_3pt,all,1.5,1.5,5,breakeven,152,152,152,82,70,15,55,0,0,70,0.46052632,-3300,-11964,-78.71052632,75,77,"two-contract post-signal scalp: one contract exits at first target, one runner uses selected stop mode and runner target"
1,signal_scaled_scalp:strategy=impulse_fade_10bar_3pt:direction=all:first_target_points=1.5:stop_points=1.5:runner_target_points=5:runner_stop_mode=initial,impulse_fade_10bar_3pt,all,1.5,1.5,5,initial,152,152,152,82,70,28,42,0,0,28,0.18421053,-3200,-11864,-78.05263158,75,77,"two-contract post-signal scalp: one contract exits at first target, one runner uses selected stop mode and runner target"
1,signal_scaled_scalp:strategy=impulse_fade_10bar_3pt:direction=all:first_target_points=1.5:stop_points=2:runner_target_points=2:runner_stop_mode=breakeven,impulse_fade_10bar_3pt,all,1.5,2,2,breakeven,152,152,152,70,82,65,17,0,0,82,0.53947368,-1350,-10014,-65.88157895,75,77,"two-contract post-signal scalp: one contract exits at first target, one runner uses selected stop mode and runner target"
1,signal_scaled_scalp:strategy=impulse_fade_10bar_3pt:direction=all:first_target_points=1.5:stop_points=2:runner_target_points=2:runner_stop_mode=initial,impulse_fade_10bar_3pt,all,1.5,2,2,initial,152,152,152,70,82,70,12,0,0,70,0.46052632,-2050,-10714,-70.48684211,75,77,"two-contract post-signal scalp: one contract exits at first target, one runner uses selected stop mode and runner target"
1,signal_scaled_scalp:strategy=impulse_fade_10bar_3pt:direction=all:first_target_points=1.5:stop_points=2:runner_target_points=3:runner_stop_mode=breakeven,impulse_fade_10bar_3pt,all,1.5,2,3,breakeven,152,152,152,70,82,46,36,0,0,82,0.53947368,-950,-9614,-63.25,75,77,"two-contract post-signal scalp: one contract exits at first target, one runner uses selected stop mode and runner target"
1,signal_scaled_scalp:strategy=impulse_fade_10bar_3pt:direction=all:first_target_points=1.5:stop_points=2:runner_target_points=3:runner_stop_mode=initial,impulse_fade_10bar_3pt,all,1.5,2,3,initial,152,152,152,70,82,59,23,0,0,59,0.38815789,-1300,-9964,-65.55263158,75,77,"two-contract post-signal scalp: one contract exits at first target, one runner uses selected stop mode and runner target"
1,signal_scaled_scalp:strategy=impulse_fade_10bar_3pt:direction=all:first_target_points=1.5:stop_points=2:runner_target_points=5:runner_stop_mode=breakeven,impulse_fade_10bar_3pt,all,1.5,2,5,breakeven,152,152,152,70,82,17,65,0,0,82,0.53947368,-3600,-12264,-80.68421053,75,77,"two-contract post-signal scalp: one contract exits at first target, one runner uses selected stop mode and runner target"
1,signal_scaled_scalp:strategy=impulse_fade_10bar_3pt:direction=all:first_target_points=1.5:stop_points=2:runner_target_points=5:runner_stop_mode=initial,impulse_fade_10bar_3pt,all,1.5,2,5,initial,152,152,152,70,82,35,47,0,0,35,0.23026316,-3800,-12464,-82,75,77,"two-contract post-signal scalp: one contract exits at first target, one runner uses selected stop mode and runner target"
1,signal_scaled_scalp:strategy=impulse_continue_10bar_3pt:direction=all:first_target_points=0.5:stop_points=1:runner_target_points=1.5:runner_stop_mode=breakeven,impulse_continue_10bar_3pt,all,0.5,1,1.5,breakeven,144,144,144,80,64,35,29,0,0,35,0.24305556,-3775,-11983,-83.21527778,68,76,"two-contract post-signal scalp: one contract exits at first target, one runner uses selected stop mode and runner target"
1,signal_scaled_scalp:strategy=impulse_continue_10bar_3pt:direction=all:first_target_points=0.5:stop_points=1:runner_target_points=1.5:runner_stop_mode=initial,impulse_continue_10bar_3pt,all,0.5,1,1.5,initial,144,144,144,80,64,49,15,0,0,49,0.34027778,-3475,-11683,-81.13194444,68,76,"two-contract post-signal scalp: one contract exits at first target, one runner uses selected stop mode and runner target"
1,signal_scaled_scalp:strategy=impulse_continue_10bar_3pt:direction=all:first_target_points=0.5:stop_points=1:runner_target_points=2:runner_stop_mode=breakeven,impulse_continue_10bar_3pt,all,0.5,1,2,breakeven,144,144,144,80,64,27,37,0,0,27,0.1875,-3700,-11908,-82.69444444,68,76,"two-contract post-signal scalp: one contract exits at first target, one runner uses selected stop mode and runner target"
1,signal_scaled_scalp:strategy=impulse_continue_10bar_3pt:direction=all:first_target_points=0.5:stop_points=1:runner_target_points=2:runner_stop_mode=initial,impulse_continue_10bar_3pt,all,0.5,1,2,initial,144,144,144,80,64,43,21,0,0,43,0.29861111,-3150,-11358,-78.875,68,76,"two-contract post-signal scalp: one contract exits at first target, one runner uses selected stop mode and runner target"
1,signal_scaled_scalp:strategy=impulse_continue_10bar_3pt:direction=all:first_target_points=0.5:stop_points=1:runner_target_points=3:runner_stop_mode=breakeven,impulse_continue_10bar_3pt,all,0.5,1,3,breakeven,144,144,144,80,64,15,49,0,0,15,0.10416667,-4150,-12358,-85.81944444,68,76,"two-contract post-signal scalp: one contract exits at first target, one runner uses selected stop mode and runner target"
1,signal_scaled_scalp:strategy=impulse_continue_10bar_3pt:direction=all:first_target_points=0.5:stop_points=1:runner_target_points=3:runner_stop_mode=initial,impulse_continue_10bar_3pt,all,0.5,1,3,initial,144,144,144,80,64,32,32,0,0,32,0.22222222,-3200,-11408,-79.22222222,68,76,"two-contract post-signal scalp: one contract exits at first target, one runner uses selected stop mode and runner target"
1,signal_scaled_scalp:strategy=impulse_continue_10bar_3pt:direction=all:first_target_points=0.5:stop_points=1:runner_target_points=5:runner_stop_mode=breakeven,impulse_continue_10bar_3pt,all,0.5,1,5,breakeven,144,144,144,80,64,11,53,0,0,11,0.07638889,-3650,-11858,-82.34722222,68,76,"two-contract post-signal scalp: one contract exits at first target, one runner uses selected stop mode and runner target"
1,signal_scaled_scalp:strategy=impulse_continue_10bar_3pt:direction=all:first_target_points=0.5:stop_points=1:runner_target_points=5:runner_stop_mode=initial,impulse_continue_10bar_3pt,all,0.5,1,5,initial,144,144,144,80,64,22,42,0,0,22,0.15277778,-3000,-11208,-77.83333333,68,76,"two-contract post-signal scalp: one contract exits at first target, one runner uses selected stop mode and runner target"
1,signal_scaled_scalp:strategy=impulse_continue_10bar_3pt:direction=all:first_target_points=0.5:stop_points=1.5:runner_target_points=1.5:runner_stop_mode=breakeven,impulse_continue_10bar_3pt,all,0.5,1.5,1.5,breakeven,144,144,144,66,78,37,41,0,0,37,0.25694444,-5175,-13383,-92.9375,68,76,"two-contract post-signal scalp: one contract exits at first target, one runner uses selected stop mode and runner target"
1,signal_scaled_scalp:strategy=impulse_continue_10bar_3pt:direction=all:first_target_points=0.5:stop_points=1.5:runner_target_points=1.5:runner_stop_mode=initial,impulse_continue_10bar_3pt,all,0.5,1.5,1.5,initial,144,144,144,66,78,58,20,0,0,58,0.40277778,-5100,-13308,-92.41666667,68,76,"two-contract post-signal scalp: one contract exits at first target, one runner uses selected stop mode and runner target"
1,signal_scaled_scalp:strategy=impulse_continue_10bar_3pt:direction=all:first_target_points=0.5:stop_points=1.5:runner_target_points=2:runner_stop_mode=breakeven,impulse_continue_10bar_3pt,all,0.5,1.5,2,breakeven,144,144,144,66,78,28,50,0,0,28,0.19444444,-5150,-13358,-92.76388889,68,76,"two-contract post-signal scalp: one contract exits at first target, one runner uses selected stop mode and runner target"
1,signal_scaled_scalp:strategy=impulse_continue_10bar_3pt:direction=all:first_target_points=0.5:stop_points=1.5:runner_target_points=2:runner_stop_mode=initial,impulse_continue_10bar_3pt,all,0.5,1.5,2,initial,144,144,144,66,78,50,28,0,0,50,0.34722222,-5050,-13258,-92.06944444,68,76,"two-contract post-signal scalp: one contract exits at first target, one runner uses selected stop mode and runner target"
1,signal_scaled_scalp:strategy=impulse_continue_10bar_3pt:direction=all:first_target_points=0.5:stop_points=1.5:runner_target_points=3:runner_stop_mode=breakeven,impulse_continue_10bar_3pt,all,0.5,1.5,3,breakeven,144,144,144,66,78,15,63,0,0,15,0.10416667,-5700,-13908,-96.58333333,68,76,"two-contract post-signal scalp: one contract exits at first target, one runner uses selected stop mode and runner target"
1,signal_scaled_scalp:strategy=impulse_continue_10bar_3pt:direction=all:first_target_points=0.5:stop_points=1.5:runner_target_points=3:runner_stop_mode=initial,impulse_continue_10bar_3pt,all,0.5,1.5,3,initial,144,144,144,66,78,41,37,0,0,41,0.28472222,-4575,-12783,-88.77083333,68,76,"two-contract post-signal scalp: one contract exits at first target, one runner uses selected stop mode and runner target"
1,signal_scaled_scalp:strategy=impulse_continue_10bar_3pt:direction=all:first_target_points=0.5:stop_points=1.5:runner_target_points=5:runner_stop_mode=breakeven,impulse_continue_10bar_3pt,all,0.5,1.5,5,breakeven,144,144,144,66,78,11,67,0,0,11,0.07638889,-5200,-13408,-93.11111111,68,76,"two-contract post-signal scalp: one contract exits at first target, one runner uses selected stop mode and runner target"
1,signal_scaled_scalp:strategy=impulse_continue_10bar_3pt:direction=all:first_target_points=0.5:stop_points=1.5:runner_target_points=5:runner_stop_mode=initial,impulse_continue_10bar_3pt,all,0.5,1.5,5,initial,144,144,144,66,78,30,48,0,0,30,0.20833333,-4050,-12258,-85.125,68,76,"two-contract post-signal scalp: one contract exits at first target, one runner uses selected stop mode and runner target"
1,signal_scaled_scalp:strategy=impulse_continue_10bar_3pt:direction=all:first_target_points=0.5:stop_points=2:runner_target_points=1.5:runner_stop_mode=breakeven,impulse_continue_10bar_3pt,all,0.5,2,1.5,breakeven,144,144,144,56,88,38,50,0,0,38,0.26388889,-6150,-14358,-99.70833333,68,76,"two-contract post-signal scalp: one contract exits at first target, one runner uses selected stop mode and runner target"
1,signal_scaled_scalp:strategy=impulse_continue_10bar_3pt:direction=all:first_target_points=0.5:stop_points=2:runner_target_points=1.5:runner_stop_mode=initial,impulse_continue_10bar_3pt,all,0.5,2,1.5,initial,144,144,144,56,88,69,19,0,0,69,0.47916667,-5725,-13933,-96.75694444,68,76,"two-contract post-signal scalp: one contract exits at first target, one runner uses selected stop mode and runner target"
1,signal_scaled_scalp:strategy=impulse_continue_10bar_3pt:direction=all:first_target_points=0.5:stop_points=2:runner_target_points=2:runner_stop_mode=breakeven,impulse_continue_10bar_3pt,all,0.5,2,2,breakeven,144,144,144,56,88,29,59,0,0,29,0.20138889,-6100,-14308,-99.36111111,68,76,"two-contract post-signal scalp: one contract exits at first target, one runner uses selected stop mode and runner target"
1,signal_scaled_scalp:strategy=impulse_continue_10bar_3pt:direction=all:first_target_points=0.5:stop_points=2:runner_target_points=2:runner_stop_mode=initial,impulse_continue_10bar_3pt,all,0.5,2,2,initial,144,144,144,56,88,62,26,0,0,62,0.43055556,-5400,-13608,-94.5,68,76,"two-contract post-signal scalp: one contract exits at first target, one runner uses selected stop mode and runner target"
1,signal_scaled_scalp:strategy=impulse_continue_10bar_3pt:direction=all:first_target_points=0.5:stop_points=2:runner_target_points=3:runner_stop_mode=breakeven,impulse_continue_10bar_3pt,all,0.5,2,3,breakeven,144,144,144,56,88,16,72,0,0,16,0.11111111,-6600,-14808,-102.83333333,68,76,"two-contract post-signal scalp: one contract exits at first target, one runner uses selected stop mode and runner target"
1,signal_scaled_scalp:strategy=impulse_continue_10bar_3pt:direction=all:first_target_points=0.5:stop_points=2:runner_target_points=3:runner_stop_mode=initial,impulse_continue_10bar_3pt,all,0.5,2,3,initial,144,144,144,56,88,52,36,0,0,52,0.36111111,-4800,-13008,-90.33333333,68,76,"two-contract post-signal scalp: one contract exits at first target, one runner uses selected stop mode and runner target"
1,signal_scaled_scalp:strategy=impulse_continue_10bar_3pt:direction=all:first_target_points=0.5:stop_points=2:runner_target_points=5:runner_stop_mode=breakeven,impulse_continue_10bar_3pt,all,0.5,2,5,breakeven,144,144,144,56,88,11,77,0,0,11,0.07638889,-6250,-14458,-100.40277778,68,76,"two-contract post-signal scalp: one contract exits at first target, one runner uses selected stop mode and runner target"
1,signal_scaled_scalp:strategy=impulse_continue_10bar_3pt:direction=all:first_target_points=0.5:stop_points=2:runner_target_points=5:runner_stop_mode=initial,impulse_continue_10bar_3pt,all,0.5,2,5,initial,144,144,144,56,88,40,48,0,0,40,0.27777778,-3800,-12008,-83.38888889,68,76,"two-contract post-signal scalp: one contract exits at first target, one runner uses selected stop mode and runner target"
1,signal_scaled_scalp:strategy=impulse_continue_10bar_3pt:direction=all:first_target_points=1:stop_points=1:runner_target_points=1.5:runner_stop_mode=breakeven,impulse_continue_10bar_3pt,all,1,1,1.5,breakeven,144,144,144,85,59,37,22,0,0,37,0.25694444,-2775,-10983,-76.27083333,68,76,"two-contract post-signal scalp: one contract exits at first target, one runner uses selected stop mode and runner target"
1,signal_scaled_scalp:strategy=impulse_continue_10bar_3pt:direction=all:first_target_points=1:stop_points=1:runner_target_points=1.5:runner_stop_mode=initial,impulse_continue_10bar_3pt,all,1,1,1.5,initial,144,144,144,85,59,49,10,0,0,49,0.34027778,-2375,-10583,-73.49305556,68,76,"two-contract post-signal scalp: one contract exits at first target, one runner uses selected stop mode and runner target"
1,signal_scaled_scalp:strategy=impulse_continue_10bar_3pt:direction=all:first_target_points=1:stop_points=1:runner_target_points=2:runner_stop_mode=breakeven,impulse_continue_10bar_3pt,all,1,1,2,breakeven,144,144,144,85,59,29,30,0,0,29,0.20138889,-2650,-10858,-75.40277778,68,76,"two-contract post-signal scalp: one contract exits at first target, one runner uses selected stop mode and runner target"
1,signal_scaled_scalp:strategy=impulse_continue_10bar_3pt:direction=all:first_target_points=1:stop_points=1:runner_target_points=2:runner_stop_mode=initial,impulse_continue_10bar_3pt,all,1,1,2,initial,144,144,144,85,59,43,16,0,0,43,0.29861111,-2050,-10258,-71.23611111,68,76,"two-contract post-signal scalp: one contract exits at first target, one runner uses selected stop mode and runner target"
1,signal_scaled_scalp:strategy=impulse_continue_10bar_3pt:direction=all:first_target_points=1:stop_points=1:runner_target_points=3:runner_stop_mode=breakeven,impulse_continue_10bar_3pt,all,1,1,3,breakeven,144,144,144,85,59,16,43,0,0,16,0.11111111,-3150,-11358,-78.875,68,76,"two-contract post-signal scalp: one contract exits at first target, one runner uses selected stop mode and runner target"
1,signal_scaled_scalp:strategy=impulse_continue_10bar_3pt:direction=all:first_target_points=1:stop_points=1:runner_target_points=3:runner_stop_mode=initial,impulse_continue_10bar_3pt,all,1,1,3,initial,144,144,144,85,59,32,27,0,0,32,0.22222222,-2100,-10308,-71.58333333,68,76,"two-contract post-signal scalp: one contract exits at first target, one runner uses selected stop mode and runner target"
1,signal_scaled_scalp:strategy=impulse_continue_10bar_3pt:direction=all:first_target_points=1:stop_points=1:runner_target_points=5:runner_stop_mode=breakeven,impulse_continue_10bar_3pt,all,1,1,5,breakeven,144,144,144,85,59,11,48,0,0,11,0.07638889,-2800,-11008,-76.44444444,68,76,"two-contract post-signal scalp: one contract exits at first target, one runner uses selected stop mode and runner target"
1,signal_scaled_scalp:strategy=impulse_continue_10bar_3pt:direction=all:first_target_points=1:stop_points=1:runner_target_points=5:runner_stop_mode=initial,impulse_continue_10bar_3pt,all,1,1,5,initial,144,144,144,85,59,22,37,0,0,22,0.15277778,-1900,-10108,-70.19444444,68,76,"two-contract post-signal scalp: one contract exits at first target, one runner uses selected stop mode and runner target"
1,signal_scaled_scalp:strategy=impulse_continue_10bar_3pt:direction=all:first_target_points=1:stop_points=1.5:runner_target_points=1.5:runner_stop_mode=breakeven,impulse_continue_10bar_3pt,all,1,1.5,1.5,breakeven,144,144,144,76,68,42,26,0,0,42,0.29166667,-4850,-13058,-90.68055556,68,76,"two-contract post-signal scalp: one contract exits at first target, one runner uses selected stop mode and runner target"
1,signal_scaled_scalp:strategy=impulse_continue_10bar_3pt:direction=all:first_target_points=1:stop_points=1.5:runner_target_points=1.5:runner_stop_mode=initial,impulse_continue_10bar_3pt,all,1,1.5,1.5,initial,144,144,144,76,68,58,10,0,0,58,0.40277778,-4400,-12608,-87.55555556,68,76,"two-contract post-signal scalp: one contract exits at first target, one runner uses selected stop mode and runner target"
1,signal_scaled_scalp:strategy=impulse_continue_10bar_3pt:direction=all:first_target_points=1:stop_points=1.5:runner_target_points=2:runner_stop_mode=breakeven,impulse_continue_10bar_3pt,all,1,1.5,2,breakeven,144,144,144,76,68,32,36,0,0,32,0.22222222,-4800,-13008,-90.33333333,68,76,"two-contract post-signal scalp: one contract exits at first target, one runner uses selected stop mode and runner target"
1,signal_scaled_scalp:strategy=impulse_continue_10bar_3pt:direction=all:first_target_points=1:stop_points=1.5:runner_target_points=2:runner_stop_mode=initial,impulse_continue_10bar_3pt,all,1,1.5,2,initial,144,144,144,76,68,50,18,0,0,50,0.34722222,-4350,-12558,-87.20833333,68,76,"two-contract post-signal scalp: one contract exits at first target, one runner uses selected stop mode and runner target"
1,signal_scaled_scalp:strategy=impulse_continue_10bar_3pt:direction=all:first_target_points=1:stop_points=1.5:runner_target_points=3:runner_stop_mode=breakeven,impulse_continue_10bar_3pt,all,1,1.5,3,breakeven,144,144,144,76,68,18,50,0,0,18,0.125,-5300,-13508,-93.80555556,68,76,"two-contract post-signal scalp: one contract exits at first target, one runner uses selected stop mode and runner target"
1,signal_scaled_scalp:strategy=impulse_continue_10bar_3pt:direction=all:first_target_points=1:stop_points=1.5:runner_target_points=3:runner_stop_mode=initial,impulse_continue_10bar_3pt,all,1,1.5,3,initial,144,144,144,76,68,41,27,0,0,41,0.28472222,-3875,-12083,-83.90972222,68,76,"two-contract post-signal scalp: one contract exits at first target, one runner uses selected stop mode and runner target"
1,signal_scaled_scalp:strategy=impulse_continue_10bar_3pt:direction=all:first_target_points=1:stop_points=1.5:runner_target_points=5:runner_stop_mode=breakeven,impulse_continue_10bar_3pt,all,1,1.5,5,breakeven,144,144,144,76,68,13,55,0,0,13,0.09027778,-4750,-12958,-89.98611111,68,76,"two-contract post-signal scalp: one contract exits at first target, one runner uses selected stop mode and runner target"
1,signal_scaled_scalp:strategy=impulse_continue_10bar_3pt:direction=all:first_target_points=1:stop_points=1.5:runner_target_points=5:runner_stop_mode=initial,impulse_continue_10bar_3pt,all,1,1.5,5,initial,144,144,144,76,68,30,38,0,0,30,0.20833333,-3350,-11558,-80.26388889,68,76,"two-contract post-signal scalp: one contract exits at first target, one runner uses selected stop mode and runner target"
1,signal_scaled_scalp:strategy=impulse_continue_10bar_3pt:direction=all:first_target_points=1:stop_points=2:runner_target_points=1.5:runner_stop_mode=breakeven,impulse_continue_10bar_3pt,all,1,2,1.5,breakeven,144,144,144,66,78,48,30,0,0,48,0.33333333,-5700,-13908,-96.58333333,68,76,"two-contract post-signal scalp: one contract exits at first target, one runner uses selected stop mode and runner target"
1,signal_scaled_scalp:strategy=impulse_continue_10bar_3pt:direction=all:first_target_points=1:stop_points=2:runner_target_points=1.5:runner_stop_mode=initial,impulse_continue_10bar_3pt,all,1,2,1.5,initial,144,144,144,66,78,69,9,0,0,69,0.47916667,-5025,-13233,-91.89583333,68,76,"two-contract post-signal scalp: one contract exits at first target, one runner uses selected stop mode and runner target"
1,signal_scaled_scalp:strategy=impulse_continue_10bar_3pt:direction=all:first_target_points=1:stop_points=2:runner_target_points=2:runner_stop_mode=breakeven,impulse_continue_10bar_3pt,all,1,2,2,breakeven,144,144,144,66,78,38,40,0,0,38,0.26388889,-5500,-13708,-95.19444444,68,76,"two-contract post-signal scalp: one contract exits at first target, one runner uses selected stop mode and runner target"
1,signal_scaled_scalp:strategy=impulse_continue_10bar_3pt:direction=all:first_target_points=1:stop_points=2:runner_target_points=2:runner_stop_mode=initial,impulse_continue_10bar_3pt,all,1,2,2,initial,144,144,144,66,78,62,16,0,0,62,0.43055556,-4700,-12908,-89.63888889,68,76,"two-contract post-signal scalp: one contract exits at first target, one runner uses selected stop mode and runner target"
1,signal_scaled_scalp:strategy=impulse_continue_10bar_3pt:direction=all:first_target_points=1:stop_points=2:runner_target_points=3:runner_stop_mode=breakeven,impulse_continue_10bar_3pt,all,1,2,3,breakeven,144,144,144,66,78,23,55,0,0,23,0.15972222,-5850,-14058,-97.625,68,76,"two-contract post-signal scalp: one contract exits at first target, one runner uses selected stop mode and runner target"
1,signal_scaled_scalp:strategy=impulse_continue_10bar_3pt:direction=all:first_target_points=1:stop_points=2:runner_target_points=3:runner_stop_mode=initial,impulse_continue_10bar_3pt,all,1,2,3,initial,144,144,144,66,78,52,26,0,0,52,0.36111111,-4100,-12308,-85.47222222,68,76,"two-contract post-signal scalp: one contract exits at first target, one runner uses selected stop mode and runner target"
1,signal_scaled_scalp:strategy=impulse_continue_10bar_3pt:direction=all:first_target_points=1:stop_points=2:runner_target_points=5:runner_stop_mode=breakeven,impulse_continue_10bar_3pt,all,1,2,5,breakeven,144,144,144,66,78,16,62,0,0,16,0.11111111,-5300,-13508,-93.80555556,68,76,"two-contract post-signal scalp: one contract exits at first target, one runner uses selected stop mode and runner target"
1,signal_scaled_scalp:strategy=impulse_continue_10bar_3pt:direction=all:first_target_points=1:stop_points=2:runner_target_points=5:runner_stop_mode=initial,impulse_continue_10bar_3pt,all,1,2,5,initial,144,144,144,66,78,40,38,0,0,40,0.27777778,-3100,-11308,-78.52777778,68,76,"two-contract post-signal scalp: one contract exits at first target, one runner uses selected stop mode and runner target"
1,signal_scaled_scalp:strategy=impulse_continue_10bar_3pt:direction=all:first_target_points=1.5:stop_points=1:runner_target_points=2:runner_stop_mode=breakeven,impulse_continue_10bar_3pt,all,1.5,1,2,breakeven,144,144,144,95,49,37,12,0,0,49,0.34027778,-2125,-10333,-71.75694444,68,76,"two-contract post-signal scalp: one contract exits at first target, one runner uses selected stop mode and runner target"
1,signal_scaled_scalp:strategy=impulse_continue_10bar_3pt:direction=all:first_target_points=1.5:stop_points=1:runner_target_points=2:runner_stop_mode=initial,impulse_continue_10bar_3pt,all,1.5,1,2,initial,144,144,144,95,49,43,6,0,0,43,0.29861111,-1825,-10033,-69.67361111,68,76,"two-contract post-signal scalp: one contract exits at first target, one runner uses selected stop mode and runner target"
1,signal_scaled_scalp:strategy=impulse_continue_10bar_3pt:direction=all:first_target_points=1.5:stop_points=1:runner_target_points=3:runner_stop_mode=breakeven,impulse_continue_10bar_3pt,all,1.5,1,3,breakeven,144,144,144,95,49,24,25,0,0,49,0.34027778,-2225,-10433,-72.45138889,68,76,"two-contract post-signal scalp: one contract exits at first target, one runner uses selected stop mode and runner target"
1,signal_scaled_scalp:strategy=impulse_continue_10bar_3pt:direction=all:first_target_points=1.5:stop_points=1:runner_target_points=3:runner_stop_mode=initial,impulse_continue_10bar_3pt,all,1.5,1,3,initial,144,144,144,95,49,32,17,0,0,32,0.22222222,-1875,-10083,-70.02083333,68,76,"two-contract post-signal scalp: one contract exits at first target, one runner uses selected stop mode and runner target"
1,signal_scaled_scalp:strategy=impulse_continue_10bar_3pt:direction=all:first_target_points=1.5:stop_points=1:runner_target_points=5:runner_stop_mode=breakeven,impulse_continue_10bar_3pt,all,1.5,1,5,breakeven,144,144,144,95,49,18,31,0,0,49,0.34027778,-1325,-9533,-66.20138889,68,76,"two-contract post-signal scalp: one contract exits at first target, one runner uses selected stop mode and runner target"
1,signal_scaled_scalp:strategy=impulse_continue_10bar_3pt:direction=all:first_target_points=1.5:stop_points=1:runner_target_points=5:runner_stop_mode=initial,impulse_continue_10bar_3pt,all,1.5,1,5,initial,144,144,144,95,49,22,27,0,0,22,0.15277778,-1675,-9883,-68.63194444,68,76,"two-contract post-signal scalp: one contract exits at first target, one runner uses selected stop mode and runner target"
1,signal_scaled_scalp:strategy=impulse_continue_10bar_3pt:direction=all:first_target_points=1.5:stop_points=1.5:runner_target_points=2:runner_stop_mode=breakeven,impulse_continue_10bar_3pt,all,1.5,1.5,2,breakeven,144,144,144,86,58,43,15,0,0,58,0.40277778,-4250,-12458,-86.51388889,68,76,"two-contract post-signal scalp: one contract exits at first target, one runner uses selected stop mode and runner target"
1,signal_scaled_scalp:strategy=impulse_continue_10bar_3pt:direction=all:first_target_points=1.5:stop_points=1.5:runner_target_points=2:runner_stop_mode=initial,impulse_continue_10bar_3pt,all,1.5,1.5,2,initial,144,144,144,86,58,50,8,0,0,50,0.34722222,-4150,-12358,-85.81944444,68,76,"two-contract post-signal scalp: one contract exits at first target, one runner uses selected stop mode and runner target"
1,signal_scaled_scalp:strategy=impulse_continue_10bar_3pt:direction=all:first_target_points=1.5:stop_points=1.5:runner_target_points=3:runner_stop_mode=breakeven,impulse_continue_10bar_3pt,all,1.5,1.5,3,breakeven,144,144,144,86,58,29,29,0,0,58,0.40277778,-4200,-12408,-86.16666667,68,76,"two-contract post-signal scalp: one contract exits at first target, one runner uses selected stop mode and runner target"
1,signal_scaled_scalp:strategy=impulse_continue_10bar_3pt:direction=all:first_target_points=1.5:stop_points=1.5:runner_target_points=3:runner_stop_mode=initial,impulse_continue_10bar_3pt,all,1.5,1.5,3,initial,144,144,144,86,58,41,17,0,0,41,0.28472222,-3675,-11883,-82.52083333,68,76,"two-contract post-signal scalp: one contract exits at first target, one runner uses selected stop mode and runner target"
1,signal_scaled_scalp:strategy=impulse_continue_10bar_3pt:direction=all:first_target_points=1.5:stop_points=1.5:runner_target_points=5:runner_stop_mode=breakeven,impulse_continue_10bar_3pt,all,1.5,1.5,5,breakeven,144,144,144,86,58,21,37,0,0,58,0.40277778,-3300,-11508,-79.91666667,68,76,"two-contract post-signal scalp: one contract exits at first target, one runner uses selected stop mode and runner target"
1,signal_scaled_scalp:strategy=impulse_continue_10bar_3pt:direction=all:first_target_points=1.5:stop_points=1.5:runner_target_points=5:runner_stop_mode=initial,impulse_continue_10bar_3pt,all,1.5,1.5,5,initial,144,144,144,86,58,30,28,0,0,30,0.20833333,-3150,-11358,-78.875,68,76,"two-contract post-signal scalp: one contract exits at first target, one runner uses selected stop mode and runner target"
1,signal_scaled_scalp:strategy=impulse_continue_10bar_3pt:direction=all:first_target_points=1.5:stop_points=2:runner_target_points=2:runner_stop_mode=breakeven,impulse_continue_10bar_3pt,all,1.5,2,2,breakeven,144,144,144,75,69,54,15,0,0,69,0.47916667,-4425,-12633,-87.72916667,68,76,"two-contract post-signal scalp: one contract exits at first target, one runner uses selected stop mode and runner target"
1,signal_scaled_scalp:strategy=impulse_continue_10bar_3pt:direction=all:first_target_points=1.5:stop_points=2:runner_target_points=2:runner_stop_mode=initial,impulse_continue_10bar_3pt,all,1.5,2,2,initial,144,144,144,75,69,62,7,0,0,62,0.43055556,-4325,-12533,-87.03472222,68,76,"two-contract post-signal scalp: one contract exits at first target, one runner uses selected stop mode and runner target"
1,signal_scaled_scalp:strategy=impulse_continue_10bar_3pt:direction=all:first_target_points=1.5:stop_points=2:runner_target_points=3:runner_stop_mode=breakeven,impulse_continue_10bar_3pt,all,1.5,2,3,breakeven,144,144,144,75,69,37,32,0,0,69,0.47916667,-4275,-12483,-86.6875,68,76,"two-contract post-signal scalp: one contract exits at first target, one runner uses selected stop mode and runner target"
1,signal_scaled_scalp:strategy=impulse_continue_10bar_3pt:direction=all:first_target_points=1.5:stop_points=2:runner_target_points=3:runner_stop_mode=initial,impulse_continue_10bar_3pt,all,1.5,2,3,initial,144,144,144,75,69,52,17,0,0,52,0.36111111,-3725,-11933,-82.86805556,68,76,"two-contract post-signal scalp: one contract exits at first target, one runner uses selected stop mode and runner target"
1,signal_scaled_scalp:strategy=impulse_continue_10bar_3pt:direction=all:first_target_points=1.5:stop_points=2:runner_target_points=5:runner_stop_mode=breakeven,impulse_continue_10bar_3pt,all,1.5,2,5,breakeven,144,144,144,75,69,26,43,0,0,69,0.47916667,-3325,-11533,-80.09027778,68,76,"two-contract post-signal scalp: one contract exits at first target, one runner uses selected stop mode and runner target"
1,signal_scaled_scalp:strategy=impulse_continue_10bar_3pt:direction=all:first_target_points=1.5:stop_points=2:runner_target_points=5:runner_stop_mode=initial,impulse_continue_10bar_3pt,all,1.5,2,5,initial,144,144,144,75,69,40,29,0,0,40,0.27777778,-2725,-10933,-75.92361111,68,76,"two-contract post-signal scalp: one contract exits at first target, one runner uses selected stop mode and runner target"
1,signal_scaled_scalp:strategy=delta_impulse_continue_3bar_1pt_20d:direction=all:first_target_points=0.5:stop_points=1:runner_target_points=1.5:runner_stop_mode=breakeven,delta_impulse_continue_3bar_1pt_20d,all,0.5,1,1.5,breakeven,140,140,140,74,66,31,35,0,0,31,0.22142857,-3425,-11405,-81.46428571,70,70,"two-contract post-signal scalp: one contract exits at first target, one runner uses selected stop mode and runner target"
1,signal_scaled_scalp:strategy=delta_impulse_continue_3bar_1pt_20d:direction=all:first_target_points=0.5:stop_points=1:runner_target_points=1.5:runner_stop_mode=initial,delta_impulse_continue_3bar_1pt_20d,all,0.5,1,1.5,initial,140,140,140,74,66,48,18,0,0,48,0.34285714,-3050,-11030,-78.78571429,70,70,"two-contract post-signal scalp: one contract exits at first target, one runner uses selected stop mode and runner target"
1,signal_scaled_scalp:strategy=delta_impulse_continue_3bar_1pt_20d:direction=all:first_target_points=0.5:stop_points=1:runner_target_points=2:runner_stop_mode=breakeven,delta_impulse_continue_3bar_1pt_20d,all,0.5,1,2,breakeven,140,140,140,74,66,27,39,0,0,27,0.19285714,-3050,-11030,-78.78571429,70,70,"two-contract post-signal scalp: one contract exits at first target, one runner uses selected stop mode and runner target"
1,signal_scaled_scalp:strategy=delta_impulse_continue_3bar_1pt_20d:direction=all:first_target_points=0.5:stop_points=1:runner_target_points=2:runner_stop_mode=initial,delta_impulse_continue_3bar_1pt_20d,all,0.5,1,2,initial,140,140,140,74,66,45,21,0,0,45,0.32142857,-2300,-10280,-73.42857143,70,70,"two-contract post-signal scalp: one contract exits at first target, one runner uses selected stop mode and runner target"
1,signal_scaled_scalp:strategy=delta_impulse_continue_3bar_1pt_20d:direction=all:first_target_points=0.5:stop_points=1:runner_target_points=3:runner_stop_mode=breakeven,delta_impulse_continue_3bar_1pt_20d,all,0.5,1,3,breakeven,140,140,140,74,66,16,50,0,0,16,0.11428571,-3350,-11330,-80.92857143,70,70,"two-contract post-signal scalp: one contract exits at first target, one runner uses selected stop mode and runner target"
1,signal_scaled_scalp:strategy=delta_impulse_continue_3bar_1pt_20d:direction=all:first_target_points=0.5:stop_points=1:runner_target_points=3:runner_stop_mode=initial,delta_impulse_continue_3bar_1pt_20d,all,0.5,1,3,initial,140,140,140,74,66,32,34,0,0,32,0.22857143,-2650,-10630,-75.92857143,70,70,"two-contract post-signal scalp: one contract exits at first target, one runner uses selected stop mode and runner target"
1,signal_scaled_scalp:strategy=delta_impulse_continue_3bar_1pt_20d:direction=all:first_target_points=0.5:stop_points=1:runner_target_points=5:runner_stop_mode=breakeven,delta_impulse_continue_3bar_1pt_20d,all,0.5,1,5,breakeven,140,140,140,74,66,9,57,0,0,9,0.06428571,-3500,-11480,-82,70,70,"two-contract post-signal scalp: one contract exits at first target, one runner uses selected stop mode and runner target"
1,signal_scaled_scalp:strategy=delta_impulse_continue_3bar_1pt_20d:direction=all:first_target_points=0.5:stop_points=1:runner_target_points=5:runner_stop_mode=initial,delta_impulse_continue_3bar_1pt_20d,all,0.5,1,5,initial,140,140,140,74,66,21,45,0,0,21,0.15,-2750,-10730,-76.64285714,70,70,"two-contract post-signal scalp: one contract exits at first target, one runner uses selected stop mode and runner target"
1,signal_scaled_scalp:strategy=delta_impulse_continue_3bar_1pt_20d:direction=all:first_target_points=0.5:stop_points=1.5:runner_target_points=1.5:runner_stop_mode=breakeven,delta_impulse_continue_3bar_1pt_20d,all,0.5,1.5,1.5,breakeven,140,140,140,54,86,37,49,0,0,37,0.26428571,-3175,-11155,-79.67857143,70,70,"two-contract post-signal scalp: one contract exits at first target, one runner uses selected stop mode and runner target"
1,signal_scaled_scalp:strategy=delta_impulse_continue_3bar_1pt_20d:direction=all:first_target_points=0.5:stop_points=1.5:runner_target_points=1.5:runner_stop_mode=initial,delta_impulse_continue_3bar_1pt_20d,all,0.5,1.5,1.5,initial,140,140,140,54,86,65,21,0,0,65,0.46428571,-2650,-10630,-75.92857143,70,70,"two-contract post-signal scalp: one contract exits at first target, one runner uses selected stop mode and runner target"
1,signal_scaled_scalp:strategy=delta_impulse_continue_3bar_1pt_20d:direction=all:first_target_points=0.5:stop_points=1.5:runner_target_points=2:runner_stop_mode=breakeven,delta_impulse_continue_3bar_1pt_20d,all,0.5,1.5,2,breakeven,140,140,140,54,86,32,54,0,0,32,0.22857143,-2750,-10730,-76.64285714,70,70,"two-contract post-signal scalp: one contract exits at first target, one runner uses selected stop mode and runner target"
1,signal_scaled_scalp:strategy=delta_impulse_continue_3bar_1pt_20d:direction=all:first_target_points=0.5:stop_points=1.5:runner_target_points=2:runner_stop_mode=initial,delta_impulse_continue_3bar_1pt_20d,all,0.5,1.5,2,initial,140,140,140,54,86,60,26,0,0,60,0.42857143,-1900,-9880,-70.57142857,70,70,"two-contract post-signal scalp: one contract exits at first target, one runner uses selected stop mode and runner target"
1,signal_scaled_scalp:strategy=delta_impulse_continue_3bar_1pt_20d:direction=all:first_target_points=0.5:stop_points=1.5:runner_target_points=3:runner_stop_mode=breakeven,delta_impulse_continue_3bar_1pt_20d,all,0.5,1.5,3,breakeven,140,140,140,54,86,19,67,0,0,19,0.13571429,-3100,-11080,-79.14285714,70,70,"two-contract post-signal scalp: one contract exits at first target, one runner uses selected stop mode and runner target"
1,signal_scaled_scalp:strategy=delta_impulse_continue_3bar_1pt_20d:direction=all:first_target_points=0.5:stop_points=1.5:runner_target_points=3:runner_stop_mode=initial,delta_impulse_continue_3bar_1pt_20d,all,0.5,1.5,3,initial,140,140,140,54,86,45,41,0,0,45,0.32142857,-2275,-10255,-73.25,70,70,"two-contract post-signal scalp: one contract exits at first target, one runner uses selected stop mode and runner target"
1,signal_scaled_scalp:strategy=delta_impulse_continue_3bar_1pt_20d:direction=all:first_target_points=0.5:stop_points=1.5:runner_target_points=5:runner_stop_mode=breakeven,delta_impulse_continue_3bar_1pt_20d,all,0.5,1.5,5,breakeven,140,140,140,54,86,12,74,0,0,12,0.08571429,-2950,-10930,-78.07142857,70,70,"two-contract post-signal scalp: one contract exits at first target, one runner uses selected stop mode and runner target"
1,signal_scaled_scalp:strategy=delta_impulse_continue_3bar_1pt_20d:direction=all:first_target_points=0.5:stop_points=1.5:runner_target_points=5:runner_stop_mode=initial,delta_impulse_continue_3bar_1pt_20d,all,0.5,1.5,5,initial,140,140,140,54,86,34,52,0,0,34,0.24285714,-1350,-9330,-66.64285714,70,70,"two-contract post-signal scalp: one contract exits at first target, one runner uses selected stop mode and runner target"
1,signal_scaled_scalp:strategy=delta_impulse_continue_3bar_1pt_20d:direction=all:first_target_points=0.5:stop_points=2:runner_target_points=1.5:runner_stop_mode=breakeven,delta_impulse_continue_3bar_1pt_20d,all,0.5,2,1.5,breakeven,140,140,140,48,92,38,54,0,0,38,0.27142857,-4450,-12430,-88.78571429,70,70,"two-contract post-signal scalp: one contract exits at first target, one runner uses selected stop mode and runner target"
1,signal_scaled_scalp:strategy=delta_impulse_continue_3bar_1pt_20d:direction=all:first_target_points=0.5:stop_points=2:runner_target_points=1.5:runner_stop_mode=initial,delta_impulse_continue_3bar_1pt_20d,all,0.5,2,1.5,initial,140,140,140,48,92,72,20,0,0,72,0.51428571,-3900,-11880,-84.85714286,70,70,"two-contract post-signal scalp: one contract exits at first target, one runner uses selected stop mode and runner target"
1,signal_scaled_scalp:strategy=delta_impulse_continue_3bar_1pt_20d:direction=all:first_target_points=0.5:stop_points=2:runner_target_points=2:runner_stop_mode=breakeven,delta_impulse_continue_3bar_1pt_20d,all,0.5,2,2,breakeven,140,140,140,48,92,33,59,0,0,33,0.23571429,-4000,-11980,-85.57142857,70,70,"two-contract post-signal scalp: one contract exits at first target, one runner uses selected stop mode and runner target"
1,signal_scaled_scalp:strategy=delta_impulse_continue_3bar_1pt_20d:direction=all:first_target_points=0.5:stop_points=2:runner_target_points=2:runner_stop_mode=initial,delta_impulse_continue_3bar_1pt_20d,all,0.5,2,2,initial,140,140,140,48,92,66,26,0,0,66,0.47142857,-3300,-11280,-80.57142857,70,70,"two-contract post-signal scalp: one contract exits at first target, one runner uses selected stop mode and runner target"
1,signal_scaled_scalp:strategy=delta_impulse_continue_3bar_1pt_20d:direction=all:first_target_points=0.5:stop_points=2:runner_target_points=3:runner_stop_mode=breakeven,delta_impulse_continue_3bar_1pt_20d,all,0.5,2,3,breakeven,140,140,140,48,92,20,72,0,0,20,0.14285714,-4300,-12280,-87.71428571,70,70,"two-contract post-signal scalp: one contract exits at first target, one runner uses selected stop mode and runner target"
1,signal_scaled_scalp:strategy=delta_impulse_continue_3bar_1pt_20d:direction=all:first_target_points=0.5:stop_points=2:runner_target_points=3:runner_stop_mode=initial,delta_impulse_continue_3bar_1pt_20d,all,0.5,2,3,initial,140,140,140,48,92,51,41,0,0,51,0.36428571,-3750,-11730,-83.78571429,70,70,"two-contract post-signal scalp: one contract exits at first target, one runner uses selected stop mode and runner target"
1,signal_scaled_scalp:strategy=delta_impulse_continue_3bar_1pt_20d:direction=all:first_target_points=0.5:stop_points=2:runner_target_points=5:runner_stop_mode=breakeven,delta_impulse_continue_3bar_1pt_20d,all,0.5,2,5,breakeven,140,140,140,48,92,13,79,0,0,13,0.09285714,-4050,-12030,-85.92857143,70,70,"two-contract post-signal scalp: one contract exits at first target, one runner uses selected stop mode and runner target"
1,signal_scaled_scalp:strategy=delta_impulse_continue_3bar_1pt_20d:direction=all:first_target_points=0.5:stop_points=2:runner_target_points=5:runner_stop_mode=initial,delta_impulse_continue_3bar_1pt_20d,all,0.5,2,5,initial,140,140,140,48,92,38,54,0,0,38,0.27142857,-3200,-11180,-79.85714286,70,70,"two-contract post-signal scalp: one contract exits at first target, one runner uses selected stop mode and runner target"
1,signal_scaled_scalp:strategy=delta_impulse_continue_3bar_1pt_20d:direction=all:first_target_points=1:stop_points=1:runner_target_points=1.5:runner_stop_mode=breakeven,delta_impulse_continue_3bar_1pt_20d,all,1,1,1.5,breakeven,140,140,140,82,58,37,21,0,0,37,0.26428571,-2525,-10505,-75.03571429,70,70,"two-contract post-signal scalp: one contract exits at first target, one runner uses selected stop mode and runner target"
1,signal_scaled_scalp:strategy=delta_impulse_continue_3bar_1pt_20d:direction=all:first_target_points=1:stop_points=1:runner_target_points=1.5:runner_stop_mode=initial,delta_impulse_continue_3bar_1pt_20d,all,1,1,1.5,initial,140,140,140,82,58,48,10,0,0,48,0.34285714,-2200,-10180,-72.71428571,70,70,"two-contract post-signal scalp: one contract exits at first target, one runner uses selected stop mode and runner target"
1,signal_scaled_scalp:strategy=delta_impulse_continue_3bar_1pt_20d:direction=all:first_target_points=1:stop_points=1:runner_target_points=2:runner_stop_mode=breakeven,delta_impulse_continue_3bar_1pt_20d,all,1,1,2,breakeven,140,140,140,82,58,33,25,0,0,33,0.23571429,-2000,-9980,-71.28571429,70,70,"two-contract post-signal scalp: one contract exits at first target, one runner uses selected stop mode and runner target"
1,signal_scaled_scalp:strategy=delta_impulse_continue_3bar_1pt_20d:direction=all:first_target_points=1:stop_points=1:runner_target_points=2:runner_stop_mode=initial,delta_impulse_continue_3bar_1pt_20d,all,1,1,2,initial,140,140,140,82,58,45,13,0,0,45,0.32142857,-1450,-9430,-67.35714286,70,70,"two-contract post-signal scalp: one contract exits at first target, one runner uses selected stop mode and runner target"
1,signal_scaled_scalp:strategy=delta_impulse_continue_3bar_1pt_20d:direction=all:first_target_points=1:stop_points=1:runner_target_points=3:runner_stop_mode=breakeven,delta_impulse_continue_3bar_1pt_20d,all,1,1,3,breakeven,140,140,140,82,58,19,39,0,0,19,0.13571429,-2450,-10430,-74.5,70,70,"two-contract post-signal scalp: one contract exits at first target, one runner uses selected stop mode and runner target"
1,signal_scaled_scalp:strategy=delta_impulse_continue_3bar_1pt_20d:direction=all:first_target_points=1:stop_points=1:runner_target_points=3:runner_stop_mode=initial,delta_impulse_continue_3bar_1pt_20d,all,1,1,3,initial,140,140,140,82,58,32,26,0,0,32,0.22857143,-1800,-9780,-69.85714286,70,70,"two-contract post-signal scalp: one contract exits at first target, one runner uses selected stop mode and runner target"
1,signal_scaled_scalp:strategy=delta_impulse_continue_3bar_1pt_20d:direction=all:first_target_points=1:stop_points=1:runner_target_points=5:runner_stop_mode=breakeven,delta_impulse_continue_3bar_1pt_20d,all,1,1,5,breakeven,140,140,140,82,58,11,47,0,0,11,0.07857143,-2550,-10530,-75.21428571,70,70,"two-contract post-signal scalp: one contract exits at first target, one runner uses selected stop mode and runner target"
1,signal_scaled_scalp:strategy=delta_impulse_continue_3bar_1pt_20d:direction=all:first_target_points=1:stop_points=1:runner_target_points=5:runner_stop_mode=initial,delta_impulse_continue_3bar_1pt_20d,all,1,1,5,initial,140,140,140,82,58,21,37,0,0,21,0.15,-1900,-9880,-70.57142857,70,70,"two-contract post-signal scalp: one contract exits at first target, one runner uses selected stop mode and runner target"
1,signal_scaled_scalp:strategy=delta_impulse_continue_3bar_1pt_20d:direction=all:first_target_points=1:stop_points=1.5:runner_target_points=1.5:runner_stop_mode=breakeven,delta_impulse_continue_3bar_1pt_20d,all,1,1.5,1.5,breakeven,140,140,140,63,77,48,29,0,0,48,0.34285714,-2000,-9980,-71.28571429,70,70,"two-contract post-signal scalp: one contract exits at first target, one runner uses selected stop mode and runner target"
1,signal_scaled_scalp:strategy=delta_impulse_continue_3bar_1pt_20d:direction=all:first_target_points=1:stop_points=1.5:runner_target_points=1.5:runner_stop_mode=initial,delta_impulse_continue_3bar_1pt_20d,all,1,1.5,1.5,initial,140,140,140,63,77,65,12,0,0,65,0.46428571,-1625,-9605,-68.60714286,70,70,"two-contract post-signal scalp: one contract exits at first target, one runner uses selected stop mode and runner target"
1,signal_scaled_scalp:strategy=delta_impulse_continue_3bar_1pt_20d:direction=all:first_target_points=1:stop_points=1.5:runner_target_points=2:runner_stop_mode=breakeven,delta_impulse_continue_3bar_1pt_20d,all,1,1.5,2,breakeven,140,140,140,63,77,42,35,0,0,42,0.3,-1400,-9380,-67,70,70,"two-contract post-signal scalp: one contract exits at first target, one runner uses selected stop mode and runner target"
1,signal_scaled_scalp:strategy=delta_impulse_continue_3bar_1pt_20d:direction=all:first_target_points=1:stop_points=1.5:runner_target_points=2:runner_stop_mode=initial,delta_impulse_continue_3bar_1pt_20d,all,1,1.5,2,initial,140,140,140,63,77,60,17,0,0,60,0.42857143,-875,-8855,-63.25,70,70,"two-contract post-signal scalp: one contract exits at first target, one runner uses selected stop mode and runner target"
1,signal_scaled_scalp:strategy=delta_impulse_continue_3bar_1pt_20d:direction=all:first_target_points=1:stop_points=1.5:runner_target_points=3:runner_stop_mode=breakeven,delta_impulse_continue_3bar_1pt_20d,all,1,1.5,3,breakeven,140,140,140,63,77,24,53,0,0,24,0.17142857,-2000,-9980,-71.28571429,70,70,"two-contract post-signal scalp: one contract exits at first target, one runner uses selected stop mode and runner target"
1,signal_scaled_scalp:strategy=delta_impulse_continue_3bar_1pt_20d:direction=all:first_target_points=1:stop_points=1.5:runner_target_points=3:runner_stop_mode=initial,delta_impulse_continue_3bar_1pt_20d,all,1,1.5,3,initial,140,140,140,63,77,45,32,0,0,45,0.32142857,-1250,-9230,-65.92857143,70,70,"two-contract post-signal scalp: one contract exits at first target, one runner uses selected stop mode and runner target"
1,signal_scaled_scalp:strategy=delta_impulse_continue_3bar_1pt_20d:direction=all:first_target_points=1:stop_points=1.5:runner_target_points=5:runner_stop_mode=breakeven,delta_impulse_continue_3bar_1pt_20d,all,1,1.5,5,breakeven,140,140,140,63,77,15,62,0,0,15,0.10714286,-1850,-9830,-70.21428571,70,70,"two-contract post-signal scalp: one contract exits at first target, one runner uses selected stop mode and runner target"
1,signal_scaled_scalp:strategy=delta_impulse_continue_3bar_1pt_20d:direction=all:first_target_points=1:stop_points=1.5:runner_target_points=5:runner_stop_mode=initial,delta_impulse_continue_3bar_1pt_20d,all,1,1.5,5,initial,140,140,140,63,77,34,43,0,0,34,0.24285714,-325,-8305,-59.32142857,70,70,"two-contract post-signal scalp: one contract exits at first target, one runner uses selected stop mode and runner target"
1,signal_scaled_scalp:strategy=delta_impulse_continue_3bar_1pt_20d:direction=all:first_target_points=1:stop_points=2:runner_target_points=1.5:runner_stop_mode=breakeven,delta_impulse_continue_3bar_1pt_20d,all,1,2,1.5,breakeven,140,140,140,56,84,52,32,0,0,52,0.37142857,-3100,-11080,-79.14285714,70,70,"two-contract post-signal scalp: one contract exits at first target, one runner uses selected stop mode and runner target"
1,signal_scaled_scalp:strategy=delta_impulse_continue_3bar_1pt_20d:direction=all:first_target_points=1:stop_points=2:runner_target_points=1.5:runner_stop_mode=initial,delta_impulse_continue_3bar_1pt_20d,all,1,2,1.5,initial,140,140,140,56,84,72,12,0,0,72,0.51428571,-2800,-10780,-77,70,70,"two-contract post-signal scalp: one contract exits at first target, one runner uses selected stop mode and runner target"
1,signal_scaled_scalp:strategy=delta_impulse_continue_3bar_1pt_20d:direction=all:first_target_points=1:stop_points=2:runner_target_points=2:runner_stop_mode=breakeven,delta_impulse_continue_3bar_1pt_20d,all,1,2,2,breakeven,140,140,140,56,84,45,39,0,0,45,0.32142857,-2500,-10480,-74.85714286,70,70,"two-contract post-signal scalp: one contract exits at first target, one runner uses selected stop mode and runner target"
1,signal_scaled_scalp:strategy=delta_impulse_continue_3bar_1pt_20d:direction=all:first_target_points=1:stop_points=2:runner_target_points=2:runner_stop_mode=initial,delta_impulse_continue_3bar_1pt_20d,all,1,2,2,initial,140,140,140,56,84,66,18,0,0,66,0.47142857,-2200,-10180,-72.71428571,70,70,"two-contract post-signal scalp: one contract exits at first target, one runner uses selected stop mode and runner target"
1,signal_scaled_scalp:strategy=delta_impulse_continue_3bar_1pt_20d:direction=all:first_target_points=1:stop_points=2:runner_target_points=3:runner_stop_mode=breakeven,delta_impulse_continue_3bar_1pt_20d,all,1,2,3,breakeven,140,140,140,56,84,26,58,0,0,26,0.18571429,-3100,-11080,-79.14285714,70,70,"two-contract post-signal scalp: one contract exits at first target, one runner uses selected stop mode and runner target"
1,signal_scaled_scalp:strategy=delta_impulse_continue_3bar_1pt_20d:direction=all:first_target_points=1:stop_points=2:runner_target_points=3:runner_stop_mode=initial,delta_impulse_continue_3bar_1pt_20d,all,1,2,3,initial,140,140,140,56,84,51,33,0,0,51,0.36428571,-2650,-10630,-75.92857143,70,70,"two-contract post-signal scalp: one contract exits at first target, one runner uses selected stop mode and runner target"
1,signal_scaled_scalp:strategy=delta_impulse_continue_3bar_1pt_20d:direction=all:first_target_points=1:stop_points=2:runner_target_points=5:runner_stop_mode=breakeven,delta_impulse_continue_3bar_1pt_20d,all,1,2,5,breakeven,140,140,140,56,84,17,67,0,0,17,0.12142857,-2750,-10730,-76.64285714,70,70,"two-contract post-signal scalp: one contract exits at first target, one runner uses selected stop mode and runner target"
1,signal_scaled_scalp:strategy=delta_impulse_continue_3bar_1pt_20d:direction=all:first_target_points=1:stop_points=2:runner_target_points=5:runner_stop_mode=initial,delta_impulse_continue_3bar_1pt_20d,all,1,2,5,initial,140,140,140,56,84,38,46,0,0,38,0.27142857,-2100,-10080,-72,70,70,"two-contract post-signal scalp: one contract exits at first target, one runner uses selected stop mode and runner target"
1,signal_scaled_scalp:strategy=delta_impulse_continue_3bar_1pt_20d:direction=all:first_target_points=1.5:stop_points=1:runner_target_points=2:runner_stop_mode=breakeven,delta_impulse_continue_3bar_1pt_20d,all,1.5,1,2,breakeven,140,140,140,92,48,42,6,0,0,48,0.34285714,-1400,-9380,-67,70,70,"two-contract post-signal scalp: one contract exits at first target, one runner uses selected stop mode and runner target"
1,signal_scaled_scalp:strategy=delta_impulse_continue_3bar_1pt_20d:direction=all:first_target_points=1.5:stop_points=1:runner_target_points=2:runner_stop_mode=initial,delta_impulse_continue_3bar_1pt_20d,all,1.5,1,2,initial,140,140,140,92,48,45,3,0,0,45,0.32142857,-1250,-9230,-65.92857143,70,70,"two-contract post-signal scalp: one contract exits at first target, one runner uses selected stop mode and runner target"
1,signal_scaled_scalp:strategy=delta_impulse_continue_3bar_1pt_20d:direction=all:first_target_points=1.5:stop_points=1:runner_target_points=3:runner_stop_mode=breakeven,delta_impulse_continue_3bar_1pt_20d,all,1.5,1,3,breakeven,140,140,140,92,48,24,24,0,0,48,0.34285714,-2000,-9980,-71.28571429,70,70,"two-contract post-signal scalp: one contract exits at first target, one runner uses selected stop mode and runner target"
1,signal_scaled_scalp:strategy=delta_impulse_continue_3bar_1pt_20d:direction=all:first_target_points=1.5:stop_points=1:runner_target_points=3:runner_stop_mode=initial,delta_impulse_continue_3bar_1pt_20d,all,1.5,1,3,initial,140,140,140,92,48,32,16,0,0,32,0.22857143,-1600,-9580,-68.42857143,70,70,"two-contract post-signal scalp: one contract exits at first target, one runner uses selected stop mode and runner target"
1,signal_scaled_scalp:strategy=delta_impulse_continue_3bar_1pt_20d:direction=all:first_target_points=1.5:stop_points=1:runner_target_points=5:runner_stop_mode=breakeven,delta_impulse_continue_3bar_1pt_20d,all,1.5,1,5,breakeven,140,140,140,92,48,15,33,0,0,48,0.34285714,-1850,-9830,-70.21428571,70,70,"two-contract post-signal scalp: one contract exits at first target, one runner uses selected stop mode and runner target"
1,signal_scaled_scalp:strategy=delta_impulse_continue_3bar_1pt_20d:direction=all:first_target_points=1.5:stop_points=1:runner_target_points=5:runner_stop_mode=initial,delta_impulse_continue_3bar_1pt_20d,all,1.5,1,5,initial,140,140,140,92,48,21,27,0,0,21,0.15,-1700,-9680,-69.14285714,70,70,"two-contract post-signal scalp: one contract exits at first target, one runner uses selected stop mode and runner target"
1,signal_scaled_scalp:strategy=delta_impulse_continue_3bar_1pt_20d:direction=all:first_target_points=1.5:stop_points=1.5:runner_target_points=2:runner_stop_mode=breakeven,delta_impulse_continue_3bar_1pt_20d,all,1.5,1.5,2,breakeven,140,140,140,75,65,55,10,0,0,65,0.46428571,-875,-8855,-63.25,70,70,"two-contract post-signal scalp: one contract exits at first target, one runner uses selected stop mode and runner target"
1,signal_scaled_scalp:strategy=delta_impulse_continue_3bar_1pt_20d:direction=all:first_target_points=1.5:stop_points=1.5:runner_target_points=2:runner_stop_mode=initial,delta_impulse_continue_3bar_1pt_20d,all,1.5,1.5,2,initial,140,140,140,75,65,60,5,0,0,60,0.42857143,-750,-8730,-62.35714286,70,70,"two-contract post-signal scalp: one contract exits at first target, one runner uses selected stop mode and runner target"
1,signal_scaled_scalp:strategy=delta_impulse_continue_3bar_1pt_20d:direction=all:first_target_points=1.5:stop_points=1.5:runner_target_points=3:runner_stop_mode=breakeven,delta_impulse_continue_3bar_1pt_20d,all,1.5,1.5,3,breakeven,140,140,140,75,65,31,34,0,0,65,0.46428571,-1725,-9705,-69.32142857,70,70,"two-contract post-signal scalp: one contract exits at first target, one runner uses selected stop mode and runner target"
1,signal_scaled_scalp:strategy=delta_impulse_continue_3bar_1pt_20d:direction=all:first_target_points=1.5:stop_points=1.5:runner_target_points=3:runner_stop_mode=initial,delta_impulse_continue_3bar_1pt_20d,all,1.5,1.5,3,initial,140,140,140,75,65,45,20,0,0,45,0.32142857,-1125,-9105,-65.03571429,70,70,"two-contract post-signal scalp: one contract exits at first target, one runner uses selected stop mode and runner target"
1,signal_scaled_scalp:strategy=delta_impulse_continue_3bar_1pt_20d:direction=all:first_target_points=1.5:stop_points=1.5:runner_target_points=5:runner_stop_mode=breakeven,delta_impulse_continue_3bar_1pt_20d,all,1.5,1.5,5,breakeven,140,140,140,75,65,21,44,0,0,65,0.46428571,-1125,-9105,-65.03571429,70,70,"two-contract post-signal scalp: one contract exits at first target, one runner uses selected stop mode and runner target"
1,signal_scaled_scalp:strategy=delta_impulse_continue_3bar_1pt_20d:direction=all:first_target_points=1.5:stop_points=1.5:runner_target_points=5:runner_stop_mode=initial,delta_impulse_continue_3bar_1pt_20d,all,1.5,1.5,5,initial,140,140,140,75,65,34,31,0,0,34,0.24285714,-200,-8180,-58.42857143,70,70,"two-contract post-signal scalp: one contract exits at first target, one runner uses selected stop mode and runner target"
1,signal_scaled_scalp:strategy=delta_impulse_continue_3bar_1pt_20d:direction=all:first_target_points=1.5:stop_points=2:runner_target_points=2:runner_stop_mode=breakeven,delta_impulse_continue_3bar_1pt_20d,all,1.5,2,2,breakeven,140,140,140,68,72,61,11,0,0,72,0.51428571,-2100,-10080,-72,70,70,"two-contract post-signal scalp: one contract exits at first target, one runner uses selected stop mode and runner target"
1,signal_scaled_scalp:strategy=delta_impulse_continue_3bar_1pt_20d:direction=all:first_target_points=1.5:stop_points=2:runner_target_points=2:runner_stop_mode=initial,delta_impulse_continue_3bar_1pt_20d,all,1.5,2,2,initial,140,140,140,68,72,66,6,0,0,66,0.47142857,-2200,-10180,-72.71428571,70,70,"two-contract post-signal scalp: one contract exits at first target, one runner uses selected stop mode and runner target"
1,signal_scaled_scalp:strategy=delta_impulse_continue_3bar_1pt_20d:direction=all:first_target_points=1.5:stop_points=2:runner_target_points=3:runner_stop_mode=breakeven,delta_impulse_continue_3bar_1pt_20d,all,1.5,2,3,breakeven,140,140,140,68,72,34,38,0,0,72,0.51428571,-3100,-11080,-79.14285714,70,70,"two-contract post-signal scalp: one contract exits at first target, one runner uses selected stop mode and runner target"
1,signal_scaled_scalp:strategy=delta_impulse_continue_3bar_1pt_20d:direction=all:first_target_points=1.5:stop_points=2:runner_target_points=3:runner_stop_mode=initial,delta_impulse_continue_3bar_1pt_20d,all,1.5,2,3,initial,140,140,140,68,72,51,21,0,0,51,0.36428571,-2650,-10630,-75.92857143,70,70,"two-contract post-signal scalp: one contract exits at first target, one runner uses selected stop mode and runner target"
1,signal_scaled_scalp:strategy=delta_impulse_continue_3bar_1pt_20d:direction=all:first_target_points=1.5:stop_points=2:runner_target_points=5:runner_stop_mode=breakeven,delta_impulse_continue_3bar_1pt_20d,all,1.5,2,5,breakeven,140,140,140,68,72,23,49,0,0,72,0.51428571,-2450,-10430,-74.5,70,70,"two-contract post-signal scalp: one contract exits at first target, one runner uses selected stop mode and runner target"
1,signal_scaled_scalp:strategy=delta_impulse_continue_3bar_1pt_20d:direction=all:first_target_points=1.5:stop_points=2:runner_target_points=5:runner_stop_mode=initial,delta_impulse_continue_3bar_1pt_20d,all,1.5,2,5,initial,140,140,140,68,72,38,34,0,0,38,0.27142857,-2100,-10080,-72,70,70,"two-contract post-signal scalp: one contract exits at first target, one runner uses selected stop mode and runner target"
1,signal_scaled_scalp:strategy=delta_impulse_continue_5bar_1.5pt_30d:direction=all:first_target_points=0.5:stop_points=1:runner_target_points=1.5:runner_stop_mode=breakeven,delta_impulse_continue_5bar_1.5pt_30d,all,0.5,1,1.5,breakeven,125,125,125,70,55,29,26,0,0,29,0.232,-3450,-10575,-84.6,58,67,"two-contract post-signal scalp: one contract exits at first target, one runner uses selected stop mode and runner target"
1,signal_scaled_scalp:strategy=delta_impulse_continue_5bar_1.5pt_30d:direction=all:first_target_points=0.5:stop_points=1:runner_target_points=1.5:runner_stop_mode=initial,delta_impulse_continue_5bar_1.5pt_30d,all,0.5,1,1.5,initial,125,125,125,70,55,39,16,0,0,39,0.312,-3500,-10625,-85,58,67,"two-contract post-signal scalp: one contract exits at first target, one runner uses selected stop mode and runner target"
1,signal_scaled_scalp:strategy=delta_impulse_continue_5bar_1.5pt_30d:direction=all:first_target_points=0.5:stop_points=1:runner_target_points=2:runner_stop_mode=breakeven,delta_impulse_continue_5bar_1.5pt_30d,all,0.5,1,2,breakeven,125,125,125,70,55,21,34,0,0,21,0.168,-3525,-10650,-85.2,58,67,"two-contract post-signal scalp: one contract exits at first target, one runner uses selected stop mode and runner target"
1,signal_scaled_scalp:strategy=delta_impulse_continue_5bar_1.5pt_30d:direction=all:first_target_points=0.5:stop_points=1:runner_target_points=2:runner_stop_mode=initial,delta_impulse_continue_5bar_1.5pt_30d,all,0.5,1,2,initial,125,125,125,70,55,28,27,0,0,28,0.224,-4175,-11300,-90.4,58,67,"two-contract post-signal scalp: one contract exits at first target, one runner uses selected stop mode and runner target"
1,signal_scaled_scalp:strategy=delta_impulse_continue_5bar_1.5pt_30d:direction=all:first_target_points=0.5:stop_points=1:runner_target_points=3:runner_stop_mode=breakeven,delta_impulse_continue_5bar_1.5pt_30d,all,0.5,1,3,breakeven,125,125,125,70,55,15,40,0,0,15,0.12,-3375,-10500,-84,58,67,"two-contract post-signal scalp: one contract exits at first target, one runner uses selected stop mode and runner target"
1,signal_scaled_scalp:strategy=delta_impulse_continue_5bar_1.5pt_30d:direction=all:first_target_points=0.5:stop_points=1:runner_target_points=3:runner_stop_mode=initial,delta_impulse_continue_5bar_1.5pt_30d,all,0.5,1,3,initial,125,125,125,70,55,24,31,0,0,24,0.192,-3575,-10700,-85.6,58,67,"two-contract post-signal scalp: one contract exits at first target, one runner uses selected stop mode and runner target"
1,signal_scaled_scalp:strategy=delta_impulse_continue_5bar_1.5pt_30d:direction=all:first_target_points=0.5:stop_points=1:runner_target_points=5:runner_stop_mode=breakeven,delta_impulse_continue_5bar_1.5pt_30d,all,0.5,1,5,breakeven,125,125,125,70,55,7,48,0,0,7,0.056,-3875,-11000,-88,58,67,"two-contract post-signal scalp: one contract exits at first target, one runner uses selected stop mode and runner target"
1,signal_scaled_scalp:strategy=delta_impulse_continue_5bar_1.5pt_30d:direction=all:first_target_points=0.5:stop_points=1:runner_target_points=5:runner_stop_mode=initial,delta_impulse_continue_5bar_1.5pt_30d,all,0.5,1,5,initial,125,125,125,70,55,12,43,0,0,12,0.096,-4775,-11900,-95.2,58,67,"two-contract post-signal scalp: one contract exits at first target, one runner uses selected stop mode and runner target"
1,signal_scaled_scalp:strategy=delta_impulse_continue_5bar_1.5pt_30d:direction=all:first_target_points=0.5:stop_points=1.5:runner_target_points=1.5:runner_stop_mode=breakeven,delta_impulse_continue_5bar_1.5pt_30d,all,0.5,1.5,1.5,breakeven,125,125,125,56,69,29,40,0,0,29,0.232,-4500,-11625,-93,58,67,"two-contract post-signal scalp: one contract exits at first target, one runner uses selected stop mode and runner target"
1,signal_scaled_scalp:strategy=delta_impulse_continue_5bar_1.5pt_30d:direction=all:first_target_points=0.5:stop_points=1.5:runner_target_points=1.5:runner_stop_mode=initial,delta_impulse_continue_5bar_1.5pt_30d,all,0.5,1.5,1.5,initial,125,125,125,56,69,50,19,0,0,50,0.4,-4350,-11475,-91.8,58,67,"two-contract post-signal scalp: one contract exits at first target, one runner uses selected stop mode and runner target"
1,signal_scaled_scalp:strategy=delta_impulse_continue_5bar_1.5pt_30d:direction=all:first_target_points=0.5:stop_points=1.5:runner_target_points=2:runner_stop_mode=breakeven,delta_impulse_continue_5bar_1.5pt_30d,all,0.5,1.5,2,breakeven,125,125,125,56,69,21,48,0,0,21,0.168,-4575,-11700,-93.6,58,67,"two-contract post-signal scalp: one contract exits at first target, one runner uses selected stop mode and runner target"
1,signal_scaled_scalp:strategy=delta_impulse_continue_5bar_1.5pt_30d:direction=all:first_target_points=0.5:stop_points=1.5:runner_target_points=2:runner_stop_mode=initial,delta_impulse_continue_5bar_1.5pt_30d,all,0.5,1.5,2,initial,125,125,125,56,69,40,29,0,0,40,0.32,-4850,-11975,-95.8,58,67,"two-contract post-signal scalp: one contract exits at first target, one runner uses selected stop mode and runner target"
1,signal_scaled_scalp:strategy=delta_impulse_continue_5bar_1.5pt_30d:direction=all:first_target_points=0.5:stop_points=1.5:runner_target_points=3:runner_stop_mode=breakeven,delta_impulse_continue_5bar_1.5pt_30d,all,0.5,1.5,3,breakeven,125,125,125,56,69,15,54,0,0,15,0.12,-4425,-11550,-92.4,58,67,"two-contract post-signal scalp: one contract exits at first target, one runner uses selected stop mode and runner target"
1,signal_scaled_scalp:strategy=delta_impulse_continue_5bar_1.5pt_30d:direction=all:first_target_points=0.5:stop_points=1.5:runner_target_points=3:runner_stop_mode=initial,delta_impulse_continue_5bar_1.5pt_30d,all,0.5,1.5,3,initial,125,125,125,56,69,34,35,0,0,34,0.272,-4200,-11325,-90.6,58,67,"two-contract post-signal scalp: one contract exits at first target, one runner uses selected stop mode and runner target"
1,signal_scaled_scalp:strategy=delta_impulse_continue_5bar_1.5pt_30d:direction=all:first_target_points=0.5:stop_points=1.5:runner_target_points=5:runner_stop_mode=breakeven,delta_impulse_continue_5bar_1.5pt_30d,all,0.5,1.5,5,breakeven,125,125,125,56,69,7,62,0,0,7,0.056,-4925,-12050,-96.4,58,67,"two-contract post-signal scalp: one contract exits at first target, one runner uses selected stop mode and runner target"
1,signal_scaled_scalp:strategy=delta_impulse_continue_5bar_1.5pt_30d:direction=all:first_target_points=0.5:stop_points=1.5:runner_target_points=5:runner_stop_mode=initial,delta_impulse_continue_5bar_1.5pt_30d,all,0.5,1.5,5,initial,125,125,125,56,69,21,48,0,0,21,0.168,-5025,-12150,-97.2,58,67,"two-contract post-signal scalp: one contract exits at first target, one runner uses selected stop mode and runner target"
1,signal_scaled_scalp:strategy=delta_impulse_continue_5bar_1.5pt_30d:direction=all:first_target_points=0.5:stop_points=2:runner_target_points=1.5:runner_stop_mode=breakeven,delta_impulse_continue_5bar_1.5pt_30d,all,0.5,2,1.5,breakeven,125,125,125,52,73,30,43,0,0,30,0.24,-6325,-13450,-107.6,58,67,"two-contract post-signal scalp: one contract exits at first target, one runner uses selected stop mode and runner target"
1,signal_scaled_scalp:strategy=delta_impulse_continue_5bar_1.5pt_30d:direction=all:first_target_points=0.5:stop_points=2:runner_target_points=1.5:runner_stop_mode=initial,delta_impulse_continue_5bar_1.5pt_30d,all,0.5,2,1.5,initial,125,125,125,52,73,54,19,0,0,54,0.432,-6425,-13550,-108.4,58,67,"two-contract post-signal scalp: one contract exits at first target, one runner uses selected stop mode and runner target"
1,signal_scaled_scalp:strategy=delta_impulse_continue_5bar_1.5pt_30d:direction=all:first_target_points=0.5:stop_points=2:runner_target_points=2:runner_stop_mode=breakeven,delta_impulse_continue_5bar_1.5pt_30d,all,0.5,2,2,breakeven,125,125,125,52,73,21,52,0,0,21,0.168,-6475,-13600,-108.8,58,67,"two-contract post-signal scalp: one contract exits at first target, one runner uses selected stop mode and runner target"
1,signal_scaled_scalp:strategy=delta_impulse_continue_5bar_1.5pt_30d:direction=all:first_target_points=0.5:stop_points=2:runner_target_points=2:runner_stop_mode=initial,delta_impulse_continue_5bar_1.5pt_30d,all,0.5,2,2,initial,125,125,125,52,73,44,29,0,0,44,0.352,-7075,-14200,-113.6,58,67,"two-contract post-signal scalp: one contract exits at first target, one runner uses selected stop mode and runner target"
1,signal_scaled_scalp:strategy=delta_impulse_continue_5bar_1.5pt_30d:direction=all:first_target_points=0.5:stop_points=2:runner_target_points=3:runner_stop_mode=breakeven,delta_impulse_continue_5bar_1.5pt_30d,all,0.5,2,3,breakeven,125,125,125,52,73,15,58,0,0,15,0.12,-6325,-13450,-107.6,58,67,"two-contract post-signal scalp: one contract exits at first target, one runner uses selected stop mode and runner target"
1,signal_scaled_scalp:strategy=delta_impulse_continue_5bar_1.5pt_30d:direction=all:first_target_points=0.5:stop_points=2:runner_target_points=3:runner_stop_mode=initial,delta_impulse_continue_5bar_1.5pt_30d,all,0.5,2,3,initial,125,125,125,52,73,39,34,0,0,39,0.312,-6125,-13250,-106,58,67,"two-contract post-signal scalp: one contract exits at first target, one runner uses selected stop mode and runner target"
1,signal_scaled_scalp:strategy=delta_impulse_continue_5bar_1.5pt_30d:direction=all:first_target_points=0.5:stop_points=2:runner_target_points=5:runner_stop_mode=breakeven,delta_impulse_continue_5bar_1.5pt_30d,all,0.5,2,5,breakeven,125,125,125,52,73,7,66,0,0,7,0.056,-6825,-13950,-111.6,58,67,"two-contract post-signal scalp: one contract exits at first target, one runner uses selected stop mode and runner target"
1,signal_scaled_scalp:strategy=delta_impulse_continue_5bar_1.5pt_30d:direction=all:first_target_points=0.5:stop_points=2:runner_target_points=5:runner_stop_mode=initial,delta_impulse_continue_5bar_1.5pt_30d,all,0.5,2,5,initial,125,125,125,52,73,27,46,0,0,27,0.216,-6425,-13550,-108.4,58,67,"two-contract post-signal scalp: one contract exits at first target, one runner uses selected stop mode and runner target"
1,signal_scaled_scalp:strategy=delta_impulse_continue_5bar_1.5pt_30d:direction=all:first_target_points=1:stop_points=1:runner_target_points=1.5:runner_stop_mode=breakeven,delta_impulse_continue_5bar_1.5pt_30d,all,1,1,1.5,breakeven,125,125,125,81,44,35,9,0,0,35,0.28,-3275,-10400,-83.2,58,67,"two-contract post-signal scalp: one contract exits at first target, one runner uses selected stop mode and runner target"
1,signal_scaled_scalp:strategy=delta_impulse_continue_5bar_1.5pt_30d:direction=all:first_target_points=1:stop_points=1:runner_target_points=1.5:runner_stop_mode=initial,delta_impulse_continue_5bar_1.5pt_30d,all,1,1,1.5,initial,125,125,125,81,44,39,5,0,0,39,0.312,-3225,-10350,-82.8,58,67,"two-contract post-signal scalp: one contract exits at first target, one runner uses selected stop mode and runner target"
1,signal_scaled_scalp:strategy=delta_impulse_continue_5bar_1.5pt_30d:direction=all:first_target_points=1:stop_points=1:runner_target_points=2:runner_stop_mode=breakeven,delta_impulse_continue_5bar_1.5pt_30d,all,1,1,2,breakeven,125,125,125,81,44,23,21,0,0,23,0.184,-3600,-10725,-85.8,58,67,"two-contract post-signal scalp: one contract exits at first target, one runner uses selected stop mode and runner target"
1,signal_scaled_scalp:strategy=delta_impulse_continue_5bar_1.5pt_30d:direction=all:first_target_points=1:stop_points=1:runner_target_points=2:runner_stop_mode=initial,delta_impulse_continue_5bar_1.5pt_30d,all,1,1,2,initial,125,125,125,81,44,28,16,0,0,28,0.224,-3900,-11025,-88.2,58,67,"two-contract post-signal scalp: one contract exits at first target, one runner uses selected stop mode and runner target"
1,signal_scaled_scalp:strategy=delta_impulse_continue_5bar_1.5pt_30d:direction=all:first_target_points=1:stop_points=1:runner_target_points=3:runner_stop_mode=breakeven,delta_impulse_continue_5bar_1.5pt_30d,all,1,1,3,breakeven,125,125,125,81,44,16,28,0,0,16,0.128,-3500,-10625,-85,58,67,"two-contract post-signal scalp: one contract exits at first target, one runner uses selected stop mode and runner target"
1,signal_scaled_scalp:strategy=delta_impulse_continue_5bar_1.5pt_30d:direction=all:first_target_points=1:stop_points=1:runner_target_points=3:runner_stop_mode=initial,delta_impulse_continue_5bar_1.5pt_30d,all,1,1,3,initial,125,125,125,81,44,24,20,0,0,24,0.192,-3300,-10425,-83.4,58,67,"two-contract post-signal scalp: one contract exits at first target, one runner uses selected stop mode and runner target"
1,signal_scaled_scalp:strategy=delta_impulse_continue_5bar_1.5pt_30d:direction=all:first_target_points=1:stop_points=1:runner_target_points=5:runner_stop_mode=breakeven,delta_impulse_continue_5bar_1.5pt_30d,all,1,1,5,breakeven,125,125,125,81,44,7,37,0,0,7,0.056,-4150,-11275,-90.2,58,67,"two-contract post-signal scalp: one contract exits at first target, one runner uses selected stop mode and runner target"
1,signal_scaled_scalp:strategy=delta_impulse_continue_5bar_1.5pt_30d:direction=all:first_target_points=1:stop_points=1:runner_target_points=5:runner_stop_mode=initial,delta_impulse_continue_5bar_1.5pt_30d,all,1,1,5,initial,125,125,125,81,44,12,32,0,0,12,0.096,-4500,-11625,-93,58,67,"two-contract post-signal scalp: one contract exits at first target, one runner uses selected stop mode and runner target"
1,signal_scaled_scalp:strategy=delta_impulse_continue_5bar_1.5pt_30d:direction=all:first_target_points=1:stop_points=1.5:runner_target_points=1.5:runner_stop_mode=breakeven,delta_impulse_continue_5bar_1.5pt_30d,all,1,1.5,1.5,breakeven,125,125,125,67,58,41,17,0,0,41,0.328,-4075,-11200,-89.6,58,67,"two-contract post-signal scalp: one contract exits at first target, one runner uses selected stop mode and runner target"
1,signal_scaled_scalp:strategy=delta_impulse_continue_5bar_1.5pt_30d:direction=all:first_target_points=1:stop_points=1.5:runner_target_points=1.5:runner_stop_mode=initial,delta_impulse_continue_5bar_1.5pt_30d,all,1,1.5,1.5,initial,125,125,125,67,58,50,8,0,0,50,0.4,-4000,-11125,-89,58,67,"two-contract post-signal scalp: one contract exits at first target, one runner uses selected stop mode and runner target"
1,signal_scaled_scalp:strategy=delta_impulse_continue_5bar_1.5pt_30d:direction=all:first_target_points=1:stop_points=1.5:runner_target_points=2:runner_stop_mode=breakeven,delta_impulse_continue_5bar_1.5pt_30d,all,1,1.5,2,breakeven,125,125,125,67,58,29,29,0,0,29,0.232,-4250,-11375,-91,58,67,"two-contract post-signal scalp: one contract exits at first target, one runner uses selected stop mode and runner target"
1,signal_scaled_scalp:strategy=delta_impulse_continue_5bar_1.5pt_30d:direction=all:first_target_points=1:stop_points=1.5:runner_target_points=2:runner_stop_mode=initial,delta_impulse_continue_5bar_1.5pt_30d,all,1,1.5,2,initial,125,125,125,67,58,40,18,0,0,40,0.32,-4500,-11625,-93,58,67,"two-contract post-signal scalp: one contract exits at first target, one runner uses selected stop mode and runner target"
1,signal_scaled_scalp:strategy=delta_impulse_continue_5bar_1.5pt_30d:direction=all:first_target_points=1:stop_points=1.5:runner_target_points=3:runner_stop_mode=breakeven,delta_impulse_continue_5bar_1.5pt_30d,all,1,1.5,3,breakeven,125,125,125,67,58,20,38,0,0,20,0.16,-4150,-11275,-90.2,58,67,"two-contract post-signal scalp: one contract exits at first target, one runner uses selected stop mode and runner target"
1,signal_scaled_scalp:strategy=delta_impulse_continue_5bar_1.5pt_30d:direction=all:first_target_points=1:stop_points=1.5:runner_target_points=3:runner_stop_mode=initial,delta_impulse_continue_5bar_1.5pt_30d,all,1,1.5,3,initial,125,125,125,67,58,34,24,0,0,34,0.272,-3850,-10975,-87.8,58,67,"two-contract post-signal scalp: one contract exits at first target, one runner uses selected stop mode and runner target"
1,signal_scaled_scalp:strategy=delta_impulse_continue_5bar_1.5pt_30d:direction=all:first_target_points=1:stop_points=1.5:runner_target_points=5:runner_stop_mode=breakeven,delta_impulse_continue_5bar_1.5pt_30d,all,1,1.5,5,breakeven,125,125,125,67,58,11,47,0,0,11,0.088,-4400,-11525,-92.2,58,67,"two-contract post-signal scalp: one contract exits at first target, one runner uses selected stop mode and runner target"
1,signal_scaled_scalp:strategy=delta_impulse_continue_5bar_1.5pt_30d:direction=all:first_target_points=1:stop_points=1.5:runner_target_points=5:runner_stop_mode=initial,delta_impulse_continue_5bar_1.5pt_30d,all,1,1.5,5,initial,125,125,125,67,58,21,37,0,0,21,0.168,-4675,-11800,-94.4,58,67,"two-contract post-signal scalp: one contract exits at first target, one runner uses selected stop mode and runner target"
1,signal_scaled_scalp:strategy=delta_impulse_continue_5bar_1.5pt_30d:direction=all:first_target_points=1:stop_points=2:runner_target_points=1.5:runner_stop_mode=breakeven,delta_impulse_continue_5bar_1.5pt_30d,all,1,2,1.5,breakeven,125,125,125,63,62,44,18,0,0,44,0.352,-6200,-13325,-106.6,58,67,"two-contract post-signal scalp: one contract exits at first target, one runner uses selected stop mode and runner target"
1,signal_scaled_scalp:strategy=delta_impulse_continue_5bar_1.5pt_30d:direction=all:first_target_points=1:stop_points=2:runner_target_points=1.5:runner_stop_mode=initial,delta_impulse_continue_5bar_1.5pt_30d,all,1,2,1.5,initial,125,125,125,63,62,54,8,0,0,54,0.432,-6250,-13375,-107,58,67,"two-contract post-signal scalp: one contract exits at first target, one runner uses selected stop mode and runner target"
1,signal_scaled_scalp:strategy=delta_impulse_continue_5bar_1.5pt_30d:direction=all:first_target_points=1:stop_points=2:runner_target_points=2:runner_stop_mode=breakeven,delta_impulse_continue_5bar_1.5pt_30d,all,1,2,2,breakeven,125,125,125,63,62,30,32,0,0,30,0.24,-6500,-13625,-109,58,67,"two-contract post-signal scalp: one contract exits at first target, one runner uses selected stop mode and runner target"
1,signal_scaled_scalp:strategy=delta_impulse_continue_5bar_1.5pt_30d:direction=all:first_target_points=1:stop_points=2:runner_target_points=2:runner_stop_mode=initial,delta_impulse_continue_5bar_1.5pt_30d,all,1,2,2,initial,125,125,125,63,62,44,18,0,0,44,0.352,-6900,-14025,-112.2,58,67,"two-contract post-signal scalp: one contract exits at first target, one runner uses selected stop mode and runner target"
1,signal_scaled_scalp:strategy=delta_impulse_continue_5bar_1.5pt_30d:direction=all:first_target_points=1:stop_points=2:runner_target_points=3:runner_stop_mode=breakeven,delta_impulse_continue_5bar_1.5pt_30d,all,1,2,3,breakeven,125,125,125,63,62,21,41,0,0,21,0.168,-6350,-13475,-107.8,58,67,"two-contract post-signal scalp: one contract exits at first target, one runner uses selected stop mode and runner target"
1,signal_scaled_scalp:strategy=delta_impulse_continue_5bar_1.5pt_30d:direction=all:first_target_points=1:stop_points=2:runner_target_points=3:runner_stop_mode=initial,delta_impulse_continue_5bar_1.5pt_30d,all,1,2,3,initial,125,125,125,63,62,39,23,0,0,39,0.312,-5950,-13075,-104.6,58,67,"two-contract post-signal scalp: one contract exits at first target, one runner uses selected stop mode and runner target"
1,signal_scaled_scalp:strategy=delta_impulse_continue_5bar_1.5pt_30d:direction=all:first_target_points=1:stop_points=2:runner_target_points=5:runner_stop_mode=breakeven,delta_impulse_continue_5bar_1.5pt_30d,all,1,2,5,breakeven,125,125,125,63,62,11,51,0,0,11,0.088,-6750,-13875,-111,58,67,"two-contract post-signal scalp: one contract exits at first target, one runner uses selected stop mode and runner target"
1,signal_scaled_scalp:strategy=delta_impulse_continue_5bar_1.5pt_30d:direction=all:first_target_points=1:stop_points=2:runner_target_points=5:runner_stop_mode=initial,delta_impulse_continue_5bar_1.5pt_30d,all,1,2,5,initial,125,125,125,63,62,27,35,0,0,27,0.216,-6250,-13375,-107,58,67,"two-contract post-signal scalp: one contract exits at first target, one runner uses selected stop mode and runner target"
1,signal_scaled_scalp:strategy=delta_impulse_continue_5bar_1.5pt_30d:direction=all:first_target_points=1.5:stop_points=1:runner_target_points=2:runner_stop_mode=breakeven,delta_impulse_continue_5bar_1.5pt_30d,all,1.5,1,2,breakeven,125,125,125,86,39,27,12,0,0,39,0.312,-2975,-10100,-80.8,58,67,"two-contract post-signal scalp: one contract exits at first target, one runner uses selected stop mode and runner target"
1,signal_scaled_scalp:strategy=delta_impulse_continue_5bar_1.5pt_30d:direction=all:first_target_points=1.5:stop_points=1:runner_target_points=2:runner_stop_mode=initial,delta_impulse_continue_5bar_1.5pt_30d,all,1.5,1,2,initial,125,125,125,86,39,28,11,0,0,28,0.224,-3425,-10550,-84.4,58,67,"two-contract post-signal scalp: one contract exits at first target, one runner uses selected stop mode and runner target"
1,signal_scaled_scalp:strategy=delta_impulse_continue_5bar_1.5pt_30d:direction=all:first_target_points=1.5:stop_points=1:runner_target_points=3:runner_stop_mode=breakeven,delta_impulse_continue_5bar_1.5pt_30d,all,1.5,1,3,breakeven,125,125,125,86,39,19,20,0,0,39,0.312,-2825,-9950,-79.6,58,67,"two-contract post-signal scalp: one contract exits at first target, one runner uses selected stop mode and runner target"
1,signal_scaled_scalp:strategy=delta_impulse_continue_5bar_1.5pt_30d:direction=all:first_target_points=1.5:stop_points=1:runner_target_points=3:runner_stop_mode=initial,delta_impulse_continue_5bar_1.5pt_30d,all,1.5,1,3,initial,125,125,125,86,39,24,15,0,0,24,0.192,-2825,-9950,-79.6,58,67,"two-contract post-signal scalp: one contract exits at first target, one runner uses selected stop mode and runner target"
1,signal_scaled_scalp:strategy=delta_impulse_continue_5bar_1.5pt_30d:direction=all:first_target_points=1.5:stop_points=1:runner_target_points=5:runner_stop_mode=breakeven,delta_impulse_continue_5bar_1.5pt_30d,all,1.5,1,5,breakeven,125,125,125,86,39,9,30,0,0,39,0.312,-3425,-10550,-84.4,58,67,"two-contract post-signal scalp: one contract exits at first target, one runner uses selected stop mode and runner target"
1,signal_scaled_scalp:strategy=delta_impulse_continue_5bar_1.5pt_30d:direction=all:first_target_points=1.5:stop_points=1:runner_target_points=5:runner_stop_mode=initial,delta_impulse_continue_5bar_1.5pt_30d,all,1.5,1,5,initial,125,125,125,86,39,12,27,0,0,12,0.096,-4025,-11150,-89.2,58,67,"two-contract post-signal scalp: one contract exits at first target, one runner uses selected stop mode and runner target"
1,signal_scaled_scalp:strategy=delta_impulse_continue_5bar_1.5pt_30d:direction=all:first_target_points=1.5:stop_points=1.5:runner_target_points=2:runner_stop_mode=breakeven,delta_impulse_continue_5bar_1.5pt_30d,all,1.5,1.5,2,breakeven,125,125,125,75,50,37,13,0,0,50,0.4,-3800,-10925,-87.4,58,67,"two-contract post-signal scalp: one contract exits at first target, one runner uses selected stop mode and runner target"
1,signal_scaled_scalp:strategy=delta_impulse_continue_5bar_1.5pt_30d:direction=all:first_target_points=1.5:stop_points=1.5:runner_target_points=2:runner_stop_mode=initial,delta_impulse_continue_5bar_1.5pt_30d,all,1.5,1.5,2,initial,125,125,125,75,50,40,10,0,0,40,0.32,-4250,-11375,-91,58,67,"two-contract post-signal scalp: one contract exits at first target, one runner uses selected stop mode and runner target"
1,signal_scaled_scalp:strategy=delta_impulse_continue_5bar_1.5pt_30d:direction=all:first_target_points=1.5:stop_points=1.5:runner_target_points=3:runner_stop_mode=breakeven,delta_impulse_continue_5bar_1.5pt_30d,all,1.5,1.5,3,breakeven,125,125,125,75,50,26,24,0,0,50,0.4,-3600,-10725,-85.8,58,67,"two-contract post-signal scalp: one contract exits at first target, one runner uses selected stop mode and runner target"
1,signal_scaled_scalp:strategy=delta_impulse_continue_5bar_1.5pt_30d:direction=all:first_target_points=1.5:stop_points=1.5:runner_target_points=3:runner_stop_mode=initial,delta_impulse_continue_5bar_1.5pt_30d,all,1.5,1.5,3,initial,125,125,125,75,50,34,16,0,0,34,0.272,-3600,-10725,-85.8,58,67,"two-contract post-signal scalp: one contract exits at first target, one runner uses selected stop mode and runner target"
1,signal_scaled_scalp:strategy=delta_impulse_continue_5bar_1.5pt_30d:direction=all:first_target_points=1.5:stop_points=1.5:runner_target_points=5:runner_stop_mode=breakeven,delta_impulse_continue_5bar_1.5pt_30d,all,1.5,1.5,5,breakeven,125,125,125,75,50,15,35,0,0,50,0.4,-3750,-10875,-87,58,67,"two-contract post-signal scalp: one contract exits at first target, one runner uses selected stop mode and runner target"
1,signal_scaled_scalp:strategy=delta_impulse_continue_5bar_1.5pt_30d:direction=all:first_target_points=1.5:stop_points=1.5:runner_target_points=5:runner_stop_mode=initial,delta_impulse_continue_5bar_1.5pt_30d,all,1.5,1.5,5,initial,125,125,125,75,50,21,29,0,0,21,0.168,-4425,-11550,-92.4,58,67,"two-contract post-signal scalp: one contract exits at first target, one runner uses selected stop mode and runner target"
1,signal_scaled_scalp:strategy=delta_impulse_continue_5bar_1.5pt_30d:direction=all:first_target_points=1.5:stop_points=2:runner_target_points=2:runner_stop_mode=breakeven,delta_impulse_continue_5bar_1.5pt_30d,all,1.5,2,2,breakeven,125,125,125,71,54,39,15,0,0,54,0.432,-6250,-13375,-107,58,67,"two-contract post-signal scalp: one contract exits at first target, one runner uses selected stop mode and runner target"
1,signal_scaled_scalp:strategy=delta_impulse_continue_5bar_1.5pt_30d:direction=all:first_target_points=1.5:stop_points=2:runner_target_points=2:runner_stop_mode=initial,delta_impulse_continue_5bar_1.5pt_30d,all,1.5,2,2,initial,125,125,125,71,54,44,10,0,0,44,0.352,-6750,-13875,-111,58,67,"two-contract post-signal scalp: one contract exits at first target, one runner uses selected stop mode and runner target"
1,signal_scaled_scalp:strategy=delta_impulse_continue_5bar_1.5pt_30d:direction=all:first_target_points=1.5:stop_points=2:runner_target_points=3:runner_stop_mode=breakeven,delta_impulse_continue_5bar_1.5pt_30d,all,1.5,2,3,breakeven,125,125,125,71,54,27,27,0,0,54,0.432,-6100,-13225,-105.8,58,67,"two-contract post-signal scalp: one contract exits at first target, one runner uses selected stop mode and runner target"
1,signal_scaled_scalp:strategy=delta_impulse_continue_5bar_1.5pt_30d:direction=all:first_target_points=1.5:stop_points=2:runner_target_points=3:runner_stop_mode=initial,delta_impulse_continue_5bar_1.5pt_30d,all,1.5,2,3,initial,125,125,125,71,54,39,15,0,0,39,0.312,-5800,-12925,-103.4,58,67,"two-contract post-signal scalp: one contract exits at first target, one runner uses selected stop mode and runner target"
1,signal_scaled_scalp:strategy=delta_impulse_continue_5bar_1.5pt_30d:direction=all:first_target_points=1.5:stop_points=2:runner_target_points=5:runner_stop_mode=breakeven,delta_impulse_continue_5bar_1.5pt_30d,all,1.5,2,5,breakeven,125,125,125,71,54,15,39,0,0,54,0.432,-6400,-13525,-108.2,58,67,"two-contract post-signal scalp: one contract exits at first target, one runner uses selected stop mode and runner target"
1,signal_scaled_scalp:strategy=delta_impulse_continue_5bar_1.5pt_30d:direction=all:first_target_points=1.5:stop_points=2:runner_target_points=5:runner_stop_mode=initial,delta_impulse_continue_5bar_1.5pt_30d,all,1.5,2,5,initial,125,125,125,71,54,27,27,0,0,27,0.216,-6100,-13225,-105.8,58,67,"two-contract post-signal scalp: one contract exits at first target, one runner uses selected stop mode and runner target"
1,signal_scaled_scalp:strategy=delta_impulse_continue_10bar_2.5pt_50d:direction=all:first_target_points=0.5:stop_points=1:runner_target_points=1.5:runner_stop_mode=breakeven,delta_impulse_continue_10bar_2.5pt_50d,all,0.5,1,1.5,breakeven,119,119,119,55,64,34,30,0,0,34,0.28571429,-1350,-8133,-68.34453782,56,63,"two-contract post-signal scalp: one contract exits at first target, one runner uses selected stop mode and runner target"
1,signal_scaled_scalp:strategy=delta_impulse_continue_10bar_2.5pt_50d:direction=all:first_target_points=0.5:stop_points=1:runner_target_points=1.5:runner_stop_mode=initial,delta_impulse_continue_10bar_2.5pt_50d,all,0.5,1,1.5,initial,119,119,119,55,64,46,18,0,0,46,0.38655462,-1350,-8133,-68.34453782,56,63,"two-contract post-signal scalp: one contract exits at first target, one runner uses selected stop mode and runner target"
1,signal_scaled_scalp:strategy=delta_impulse_continue_10bar_2.5pt_50d:direction=all:first_target_points=0.5:stop_points=1:runner_target_points=2:runner_stop_mode=breakeven,delta_impulse_continue_10bar_2.5pt_50d,all,0.5,1,2,breakeven,119,119,119,55,64,27,37,0,0,27,0.22689076,-1200,-7983,-67.08403361,56,63,"two-contract post-signal scalp: one contract exits at first target, one runner uses selected stop mode and runner target"
1,signal_scaled_scalp:strategy=delta_impulse_continue_10bar_2.5pt_50d:direction=all:first_target_points=0.5:stop_points=1:runner_target_points=2:runner_stop_mode=initial,delta_impulse_continue_10bar_2.5pt_50d,all,0.5,1,2,initial,119,119,119,55,64,38,26,0,0,38,0.31932773,-1400,-8183,-68.76470588,56,63,"two-contract post-signal scalp: one contract exits at first target, one runner uses selected stop mode and runner target"
1,signal_scaled_scalp:strategy=delta_impulse_continue_10bar_2.5pt_50d:direction=all:first_target_points=0.5:stop_points=1:runner_target_points=3:runner_stop_mode=breakeven,delta_impulse_continue_10bar_2.5pt_50d,all,0.5,1,3,breakeven,119,119,119,55,64,20,44,0,0,20,0.16806723,-900,-7683,-64.56302521,56,63,"two-contract post-signal scalp: one contract exits at first target, one runner uses selected stop mode and runner target"
1,signal_scaled_scalp:strategy=delta_impulse_continue_10bar_2.5pt_50d:direction=all:first_target_points=0.5:stop_points=1:runner_target_points=3:runner_stop_mode=initial,delta_impulse_continue_10bar_2.5pt_50d,all,0.5,1,3,initial,119,119,119,55,64,32,32,0,0,32,0.26890756,-700,-7483,-62.88235294,56,63,"two-contract post-signal scalp: one contract exits at first target, one runner uses selected stop mode and runner target"
1,signal_scaled_scalp:strategy=delta_impulse_continue_10bar_2.5pt_50d:direction=all:first_target_points=0.5:stop_points=1:runner_target_points=5:runner_stop_mode=breakeven,delta_impulse_continue_10bar_2.5pt_50d,all,0.5,1,5,breakeven,119,119,119,55,64,13,51,0,0,13,0.1092437,-650,-7433,-62.46218487,56,63,"two-contract post-signal scalp: one contract exits at first target, one runner uses selected stop mode and runner target"
1,signal_scaled_scalp:strategy=delta_impulse_continue_10bar_2.5pt_50d:direction=all:first_target_points=0.5:stop_points=1:runner_target_points=5:runner_stop_mode=initial,delta_impulse_continue_10bar_2.5pt_50d,all,0.5,1,5,initial,119,119,119,55,64,26,38,0,0,26,0.21848739,700,-6083,-51.11764706,56,63,"two-contract post-signal scalp: one contract exits at first target, one runner uses selected stop mode and runner target"
1,signal_scaled_scalp:strategy=delta_impulse_continue_10bar_2.5pt_50d:direction=all:first_target_points=0.5:stop_points=1.5:runner_target_points=1.5:runner_stop_mode=breakeven,delta_impulse_continue_10bar_2.5pt_50d,all,0.5,1.5,1.5,breakeven,119,119,119,49,70,37,33,0,0,37,0.31092437,-2825,-9608,-80.7394958,56,63,"two-contract post-signal scalp: one contract exits at first target, one runner uses selected stop mode and runner target"
1,signal_scaled_scalp:strategy=delta_impulse_continue_10bar_2.5pt_50d:direction=all:first_target_points=0.5:stop_points=1.5:runner_target_points=1.5:runner_stop_mode=initial,delta_impulse_continue_10bar_2.5pt_50d,all,0.5,1.5,1.5,initial,119,119,119,49,70,52,18,0,0,52,0.43697479,-3050,-9833,-82.6302521,56,63,"two-contract post-signal scalp: one contract exits at first target, one runner uses selected stop mode and runner target"
1,signal_scaled_scalp:strategy=delta_impulse_continue_10bar_2.5pt_50d:direction=all:first_target_points=0.5:stop_points=1.5:runner_target_points=2:runner_stop_mode=breakeven,delta_impulse_continue_10bar_2.5pt_50d,all,0.5,1.5,2,breakeven,119,119,119,49,70,30,40,0,0,30,0.25210084,-2600,-9383,-78.8487395,56,63,"two-contract post-signal scalp: one contract exits at first target, one runner uses selected stop mode and runner target"
1,signal_scaled_scalp:strategy=delta_impulse_continue_10bar_2.5pt_50d:direction=all:first_target_points=0.5:stop_points=1.5:runner_target_points=2:runner_stop_mode=initial,delta_impulse_continue_10bar_2.5pt_50d,all,0.5,1.5,2,initial,119,119,119,49,70,46,24,0,0,46,0.38655462,-2800,-9583,-80.52941176,56,63,"two-contract post-signal scalp: one contract exits at first target, one runner uses selected stop mode and runner target"
1,signal_scaled_scalp:strategy=delta_impulse_continue_10bar_2.5pt_50d:direction=all:first_target_points=0.5:stop_points=1.5:runner_target_points=3:runner_stop_mode=breakeven,delta_impulse_continue_10bar_2.5pt_50d,all,0.5,1.5,3,breakeven,119,119,119,49,70,21,49,0,0,21,0.17647059,-2450,-9233,-77.58823529,56,63,"two-contract post-signal scalp: one contract exits at first target, one runner uses selected stop mode and runner target"
1,signal_scaled_scalp:strategy=delta_impulse_continue_10bar_2.5pt_50d:direction=all:first_target_points=0.5:stop_points=1.5:runner_target_points=3:runner_stop_mode=initial,delta_impulse_continue_10bar_2.5pt_50d,all,0.5,1.5,3,initial,119,119,119,49,70,40,30,0,0,40,0.33613445,-1850,-8633,-72.54621849,56,63,"two-contract post-signal scalp: one contract exits at first target, one runner uses selected stop mode and runner target"
1,signal_scaled_scalp:strategy=delta_impulse_continue_10bar_2.5pt_50d:direction=all:first_target_points=0.5:stop_points=1.5:runner_target_points=5:runner_stop_mode=breakeven,delta_impulse_continue_10bar_2.5pt_50d,all,0.5,1.5,5,breakeven,119,119,119,49,70,13,57,0,0,13,0.1092437,-2350,-9133,-76.74789916,56,63,"two-contract post-signal scalp: one contract exits at first target, one runner uses selected stop mode and runner target"
1,signal_scaled_scalp:strategy=delta_impulse_continue_10bar_2.5pt_50d:direction=all:first_target_points=0.5:stop_points=1.5:runner_target_points=5:runner_stop_mode=initial,delta_impulse_continue_10bar_2.5pt_50d,all,0.5,1.5,5,initial,119,119,119,49,70,33,37,0,0,33,0.27731092,-125,-6908,-58.05042017,56,63,"two-contract post-signal scalp: one contract exits at first target, one runner uses selected stop mode and runner target"
1,signal_scaled_scalp:strategy=delta_impulse_continue_10bar_2.5pt_50d:direction=all:first_target_points=0.5:stop_points=2:runner_target_points=1.5:runner_stop_mode=breakeven,delta_impulse_continue_10bar_2.5pt_50d,all,0.5,2,1.5,breakeven,119,119,119,38,81,38,43,0,0,38,0.31932773,-2725,-9508,-79.89915966,56,63,"two-contract post-signal scalp: one contract exits at first target, one runner uses selected stop mode and runner target"
1,signal_scaled_scalp:strategy=delta_impulse_continue_10bar_2.5pt_50d:direction=all:first_target_points=0.5:stop_points=2:runner_target_points=1.5:runner_stop_mode=initial,delta_impulse_continue_10bar_2.5pt_50d,all,0.5,2,1.5,initial,119,119,119,38,81,60,21,0,0,60,0.50420168,-3175,-9958,-83.68067227,56,63,"two-contract post-signal scalp: one contract exits at first target, one runner uses selected stop mode and runner target"
1,signal_scaled_scalp:strategy=delta_impulse_continue_10bar_2.5pt_50d:direction=all:first_target_points=0.5:stop_points=2:runner_target_points=2:runner_stop_mode=breakeven,delta_impulse_continue_10bar_2.5pt_50d,all,0.5,2,2,breakeven,119,119,119,38,81,31,50,0,0,31,0.2605042,-2475,-9258,-77.79831933,56,63,"two-contract post-signal scalp: one contract exits at first target, one runner uses selected stop mode and runner target"
1,signal_scaled_scalp:strategy=delta_impulse_continue_10bar_2.5pt_50d:direction=all:first_target_points=0.5:stop_points=2:runner_target_points=2:runner_stop_mode=initial,delta_impulse_continue_10bar_2.5pt_50d,all,0.5,2,2,initial,119,119,119,38,81,55,26,0,0,55,0.46218487,-2675,-9458,-79.4789916,56,63,"two-contract post-signal scalp: one contract exits at first target, one runner uses selected stop mode and runner target"
1,signal_scaled_scalp:strategy=delta_impulse_continue_10bar_2.5pt_50d:direction=all:first_target_points=0.5:stop_points=2:runner_target_points=3:runner_stop_mode=breakeven,delta_impulse_continue_10bar_2.5pt_50d,all,0.5,2,3,breakeven,119,119,119,38,81,22,59,0,0,22,0.18487395,-2275,-9058,-76.11764706,56,63,"two-contract post-signal scalp: one contract exits at first target, one runner uses selected stop mode and runner target"
1,signal_scaled_scalp:strategy=delta_impulse_continue_10bar_2.5pt_50d:direction=all:first_target_points=0.5:stop_points=2:runner_target_points=3:runner_stop_mode=initial,delta_impulse_continue_10bar_2.5pt_50d,all,0.5,2,3,initial,119,119,119,38,81,48,33,0,0,48,0.40336134,-1675,-8458,-71.07563025,56,63,"two-contract post-signal scalp: one contract exits at first target, one runner uses selected stop mode and runner target"
1,signal_scaled_scalp:strategy=delta_impulse_continue_10bar_2.5pt_50d:direction=all:first_target_points=0.5:stop_points=2:runner_target_points=5:runner_stop_mode=breakeven,delta_impulse_continue_10bar_2.5pt_50d,all,0.5,2,5,breakeven,119,119,119,38,81,13,68,0,0,13,0.1092437,-2325,-9108,-76.53781513,56,63,"two-contract post-signal scalp: one contract exits at first target, one runner uses selected stop mode and runner target"
1,signal_scaled_scalp:strategy=delta_impulse_continue_10bar_2.5pt_50d:direction=all:first_target_points=0.5:stop_points=2:runner_target_points=5:runner_stop_mode=initial,delta_impulse_continue_10bar_2.5pt_50d,all,0.5,2,5,initial,119,119,119,38,81,38,43,0,0,38,0.31932773,-375,-7158,-60.1512605,56,63,"two-contract post-signal scalp: one contract exits at first target, one runner uses selected stop mode and runner target"
1,signal_scaled_scalp:strategy=delta_impulse_continue_10bar_2.5pt_50d:direction=all:first_target_points=1:stop_points=1:runner_target_points=1.5:runner_stop_mode=breakeven,delta_impulse_continue_10bar_2.5pt_50d,all,1,1,1.5,breakeven,119,119,119,63,56,37,19,0,0,37,0.31092437,-725,-7508,-63.09243697,56,63,"two-contract post-signal scalp: one contract exits at first target, one runner uses selected stop mode and runner target"
1,signal_scaled_scalp:strategy=delta_impulse_continue_10bar_2.5pt_50d:direction=all:first_target_points=1:stop_points=1:runner_target_points=1.5:runner_stop_mode=initial,delta_impulse_continue_10bar_2.5pt_50d,all,1,1,1.5,initial,119,119,119,63,56,46,10,0,0,46,0.38655462,-550,-7333,-61.62184874,56,63,"two-contract post-signal scalp: one contract exits at first target, one runner uses selected stop mode and runner target"
1,signal_scaled_scalp:strategy=delta_impulse_continue_10bar_2.5pt_50d:direction=all:first_target_points=1:stop_points=1:runner_target_points=2:runner_stop_mode=breakeven,delta_impulse_continue_10bar_2.5pt_50d,all,1,1,2,breakeven,119,119,119,63,56,29,27,0,0,29,0.24369748,-600,-7383,-62.04201681,56,63,"two-contract post-signal scalp: one contract exits at first target, one runner uses selected stop mode and runner target"
1,signal_scaled_scalp:strategy=delta_impulse_continue_10bar_2.5pt_50d:direction=all:first_target_points=1:stop_points=1:runner_target_points=2:runner_stop_mode=initial,delta_impulse_continue_10bar_2.5pt_50d,all,1,1,2,initial,119,119,119,63,56,38,18,0,0,38,0.31932773,-600,-7383,-62.04201681,56,63,"two-contract post-signal scalp: one contract exits at first target, one runner uses selected stop mode and runner target"
1,signal_scaled_scalp:strategy=delta_impulse_continue_10bar_2.5pt_50d:direction=all:first_target_points=1:stop_points=1:runner_target_points=3:runner_stop_mode=breakeven,delta_impulse_continue_10bar_2.5pt_50d,all,1,1,3,breakeven,119,119,119,63,56,20,36,0,0,20,0.16806723,-500,-7283,-61.20168067,56,63,"two-contract post-signal scalp: one contract exits at first target, one runner uses selected stop mode and runner target"
1,signal_scaled_scalp:strategy=delta_impulse_continue_10bar_2.5pt_50d:direction=all:first_target_points=1:stop_points=1:runner_target_points=3:runner_stop_mode=initial,delta_impulse_continue_10bar_2.5pt_50d,all,1,1,3,initial,119,119,119,63,56,32,24,0,0,32,0.26890756,100,-6683,-56.15966387,56,63,"two-contract post-signal scalp: one contract exits at first target, one runner uses selected stop mode and runner target"
1,signal_scaled_scalp:strategy=delta_impulse_continue_10bar_2.5pt_50d:direction=all:first_target_points=1:stop_points=1:runner_target_points=5:runner_stop_mode=breakeven,delta_impulse_continue_10bar_2.5pt_50d,all,1,1,5,breakeven,119,119,119,63,56,13,43,0,0,13,0.1092437,-250,-7033,-59.10084034,56,63,"two-contract post-signal scalp: one contract exits at first target, one runner uses selected stop mode and runner target"
1,signal_scaled_scalp:strategy=delta_impulse_continue_10bar_2.5pt_50d:direction=all:first_target_points=1:stop_points=1:runner_target_points=5:runner_stop_mode=initial,delta_impulse_continue_10bar_2.5pt_50d,all,1,1,5,initial,119,119,119,63,56,26,30,0,0,26,0.21848739,1500,-5283,-44.39495798,56,63,"two-contract post-signal scalp: one contract exits at first target, one runner uses selected stop mode and runner target"
1,signal_scaled_scalp:strategy=delta_impulse_continue_10bar_2.5pt_50d:direction=all:first_target_points=1:stop_points=1.5:runner_target_points=1.5:runner_stop_mode=breakeven,delta_impulse_continue_10bar_2.5pt_50d,all,1,1.5,1.5,breakeven,119,119,119,55,64,41,23,0,0,41,0.34453782,-1975,-8758,-73.59663866,56,63,"two-contract post-signal scalp: one contract exits at first target, one runner uses selected stop mode and runner target"
1,signal_scaled_scalp:strategy=delta_impulse_continue_10bar_2.5pt_50d:direction=all:first_target_points=1:stop_points=1.5:runner_target_points=1.5:runner_stop_mode=initial,delta_impulse_continue_10bar_2.5pt_50d,all,1,1.5,1.5,initial,119,119,119,55,64,52,12,0,0,52,0.43697479,-2050,-8833,-74.22689076,56,63,"two-contract post-signal scalp: one contract exits at first target, one runner uses selected stop mode and runner target"
1,signal_scaled_scalp:strategy=delta_impulse_continue_10bar_2.5pt_50d:direction=all:first_target_points=1:stop_points=1.5:runner_target_points=2:runner_stop_mode=breakeven,delta_impulse_continue_10bar_2.5pt_50d,all,1,1.5,2,breakeven,119,119,119,55,64,33,31,0,0,33,0.27731092,-1750,-8533,-71.70588235,56,63,"two-contract post-signal scalp: one contract exits at first target, one runner uses selected stop mode and runner target"
1,signal_scaled_scalp:strategy=delta_impulse_continue_10bar_2.5pt_50d:direction=all:first_target_points=1:stop_points=1.5:runner_target_points=2:runner_stop_mode=initial,delta_impulse_continue_10bar_2.5pt_50d,all,1,1.5,2,initial,119,119,119,55,64,46,18,0,0,46,0.38655462,-1800,-8583,-72.12605042,56,63,"two-contract post-signal scalp: one contract exits at first target, one runner uses selected stop mode and runner target"
1,signal_scaled_scalp:strategy=delta_impulse_continue_10bar_2.5pt_50d:direction=all:first_target_points=1:stop_points=1.5:runner_target_points=3:runner_stop_mode=breakeven,delta_impulse_continue_10bar_2.5pt_50d,all,1,1.5,3,breakeven,119,119,119,55,64,21,43,0,0,21,0.17647059,-1900,-8683,-72.96638655,56,63,"two-contract post-signal scalp: one contract exits at first target, one runner uses selected stop mode and runner target"
1,signal_scaled_scalp:strategy=delta_impulse_continue_10bar_2.5pt_50d:direction=all:first_target_points=1:stop_points=1.5:runner_target_points=3:runner_stop_mode=initial,delta_impulse_continue_10bar_2.5pt_50d,all,1,1.5,3,initial,119,119,119,55,64,40,24,0,0,40,0.33613445,-850,-7633,-64.14285714,56,63,"two-contract post-signal scalp: one contract exits at first target, one runner uses selected stop mode and runner target"
1,signal_scaled_scalp:strategy=delta_impulse_continue_10bar_2.5pt_50d:direction=all:first_target_points=1:stop_points=1.5:runner_target_points=5:runner_stop_mode=breakeven,delta_impulse_continue_10bar_2.5pt_50d,all,1,1.5,5,breakeven,119,119,119,55,64,13,51,0,0,13,0.1092437,-1800,-8583,-72.12605042,56,63,"two-contract post-signal scalp: one contract exits at first target, one runner uses selected stop mode and runner target"
1,signal_scaled_scalp:strategy=delta_impulse_continue_10bar_2.5pt_50d:direction=all:first_target_points=1:stop_points=1.5:runner_target_points=5:runner_stop_mode=initial,delta_impulse_continue_10bar_2.5pt_50d,all,1,1.5,5,initial,119,119,119,55,64,33,31,0,0,33,0.27731092,875,-5908,-49.64705882,56,63,"two-contract post-signal scalp: one contract exits at first target, one runner uses selected stop mode and runner target"
1,signal_scaled_scalp:strategy=delta_impulse_continue_10bar_2.5pt_50d:direction=all:first_target_points=1:stop_points=2:runner_target_points=1.5:runner_stop_mode=breakeven,delta_impulse_continue_10bar_2.5pt_50d,all,1,2,1.5,breakeven,119,119,119,46,73,46,27,0,0,46,0.38655462,-2100,-8883,-74.64705882,56,63,"two-contract post-signal scalp: one contract exits at first target, one runner uses selected stop mode and runner target"
1,signal_scaled_scalp:strategy=delta_impulse_continue_10bar_2.5pt_50d:direction=all:first_target_points=1:stop_points=2:runner_target_points=1.5:runner_stop_mode=initial,delta_impulse_continue_10bar_2.5pt_50d,all,1,2,1.5,initial,119,119,119,46,73,60,13,0,0,60,0.50420168,-2350,-9133,-76.74789916,56,63,"two-contract post-signal scalp: one contract exits at first target, one runner uses selected stop mode and runner target"
1,signal_scaled_scalp:strategy=delta_impulse_continue_10bar_2.5pt_50d:direction=all:first_target_points=1:stop_points=2:runner_target_points=2:runner_stop_mode=breakeven,delta_impulse_continue_10bar_2.5pt_50d,all,1,2,2,breakeven,119,119,119,46,73,38,35,0,0,38,0.31932773,-1750,-8533,-71.70588235,56,63,"two-contract post-signal scalp: one contract exits at first target, one runner uses selected stop mode and runner target"
1,signal_scaled_scalp:strategy=delta_impulse_continue_10bar_2.5pt_50d:direction=all:first_target_points=1:stop_points=2:runner_target_points=2:runner_stop_mode=initial,delta_impulse_continue_10bar_2.5pt_50d,all,1,2,2,initial,119,119,119,46,73,55,18,0,0,55,0.46218487,-1850,-8633,-72.54621849,56,63,"two-contract post-signal scalp: one contract exits at first target, one runner uses selected stop mode and runner target"
1,signal_scaled_scalp:strategy=delta_impulse_continue_10bar_2.5pt_50d:direction=all:first_target_points=1:stop_points=2:runner_target_points=3:runner_stop_mode=breakeven,delta_impulse_continue_10bar_2.5pt_50d,all,1,2,3,breakeven,119,119,119,46,73,25,48,0,0,25,0.21008403,-1800,-8583,-72.12605042,56,63,"two-contract post-signal scalp: one contract exits at first target, one runner uses selected stop mode and runner target"
1,signal_scaled_scalp:strategy=delta_impulse_continue_10bar_2.5pt_50d:direction=all:first_target_points=1:stop_points=2:runner_target_points=3:runner_stop_mode=initial,delta_impulse_continue_10bar_2.5pt_50d,all,1,2,3,initial,119,119,119,46,73,48,25,0,0,48,0.40336134,-850,-7633,-64.14285714,56,63,"two-contract post-signal scalp: one contract exits at first target, one runner uses selected stop mode and runner target"
1,signal_scaled_scalp:strategy=delta_impulse_continue_10bar_2.5pt_50d:direction=all:first_target_points=1:stop_points=2:runner_target_points=5:runner_stop_mode=breakeven,delta_impulse_continue_10bar_2.5pt_50d,all,1,2,5,breakeven,119,119,119,46,73,13,60,0,0,13,0.1092437,-2300,-9083,-76.32773109,56,63,"two-contract post-signal scalp: one contract exits at first target, one runner uses selected stop mode and runner target"
1,signal_scaled_scalp:strategy=delta_impulse_continue_10bar_2.5pt_50d:direction=all:first_target_points=1:stop_points=2:runner_target_points=5:runner_stop_mode=initial,delta_impulse_continue_10bar_2.5pt_50d,all,1,2,5,initial,119,119,119,46,73,38,35,0,0,38,0.31932773,450,-6333,-53.21848739,56,63,"two-contract post-signal scalp: one contract exits at first target, one runner uses selected stop mode and runner target"
1,signal_scaled_scalp:strategy=delta_impulse_continue_10bar_2.5pt_50d:direction=all:first_target_points=1.5:stop_points=1:runner_target_points=2:runner_stop_mode=breakeven,delta_impulse_continue_10bar_2.5pt_50d,all,1.5,1,2,breakeven,119,119,119,73,46,36,10,0,0,46,0.38655462,-250,-7033,-59.10084034,56,63,"two-contract post-signal scalp: one contract exits at first target, one runner uses selected stop mode and runner target"
1,signal_scaled_scalp:strategy=delta_impulse_continue_10bar_2.5pt_50d:direction=all:first_target_points=1.5:stop_points=1:runner_target_points=2:runner_stop_mode=initial,delta_impulse_continue_10bar_2.5pt_50d,all,1.5,1,2,initial,119,119,119,73,46,38,8,0,0,38,0.31932773,-450,-7233,-60.78151261,56,63,"two-contract post-signal scalp: one contract exits at first target, one runner uses selected stop mode and runner target"
1,signal_scaled_scalp:strategy=delta_impulse_continue_10bar_2.5pt_50d:direction=all:first_target_points=1.5:stop_points=1:runner_target_points=3:runner_stop_mode=breakeven,delta_impulse_continue_10bar_2.5pt_50d,all,1.5,1,3,breakeven,119,119,119,73,46,26,20,0,0,46,0.38655462,50,-6733,-56.57983193,56,63,"two-contract post-signal scalp: one contract exits at first target, one runner uses selected stop mode and runner target"
1,signal_scaled_scalp:strategy=delta_impulse_continue_10bar_2.5pt_50d:direction=all:first_target_points=1.5:stop_points=1:runner_target_points=3:runner_stop_mode=initial,delta_impulse_continue_10bar_2.5pt_50d,all,1.5,1,3,initial,119,119,119,73,46,32,14,0,0,32,0.26890756,250,-6533,-54.89915966,56,63,"two-contract post-signal scalp: one contract exits at first target, one runner uses selected stop mode and runner target"
1,signal_scaled_scalp:strategy=delta_impulse_continue_10bar_2.5pt_50d:direction=all:first_target_points=1.5:stop_points=1:runner_target_points=5:runner_stop_mode=breakeven,delta_impulse_continue_10bar_2.5pt_50d,all,1.5,1,5,breakeven,119,119,119,73,46,18,28,0,0,46,0.38655462,650,-6133,-51.53781513,56,63,"two-contract post-signal scalp: one contract exits at first target, one runner uses selected stop mode and runner target"
1,signal_scaled_scalp:strategy=delta_impulse_continue_10bar_2.5pt_50d:direction=all:first_target_points=1.5:stop_points=1:runner_target_points=5:runner_stop_mode=initial,delta_impulse_continue_10bar_2.5pt_50d,all,1.5,1,5,initial,119,119,119,73,46,26,20,0,0,26,0.21848739,1650,-5133,-43.13445378,56,63,"two-contract post-signal scalp: one contract exits at first target, one runner uses selected stop mode and runner target"
1,signal_scaled_scalp:strategy=delta_impulse_continue_10bar_2.5pt_50d:direction=all:first_target_points=1.5:stop_points=1.5:runner_target_points=2:runner_stop_mode=breakeven,delta_impulse_continue_10bar_2.5pt_50d,all,1.5,1.5,2,breakeven,119,119,119,67,52,41,11,0,0,52,0.43697479,-2050,-8833,-74.22689076,56,63,"two-contract post-signal scalp: one contract exits at first target, one runner uses selected stop mode and runner target"
1,signal_scaled_scalp:strategy=delta_impulse_continue_10bar_2.5pt_50d:direction=all:first_target_points=1.5:stop_points=1.5:runner_target_points=2:runner_stop_mode=initial,delta_impulse_continue_10bar_2.5pt_50d,all,1.5,1.5,2,initial,119,119,119,67,52,46,6,0,0,46,0.38655462,-2000,-8783,-73.80672269,56,63,"two-contract post-signal scalp: one contract exits at first target, one runner uses selected stop mode and runner target"
1,signal_scaled_scalp:strategy=delta_impulse_continue_10bar_2.5pt_50d:direction=all:first_target_points=1.5:stop_points=1.5:runner_target_points=3:runner_stop_mode=breakeven,delta_impulse_continue_10bar_2.5pt_50d,all,1.5,1.5,3,breakeven,119,119,119,67,52,28,24,0,0,52,0.43697479,-1950,-8733,-73.38655462,56,63,"two-contract post-signal scalp: one contract exits at first target, one runner uses selected stop mode and runner target"
1,signal_scaled_scalp:strategy=delta_impulse_continue_10bar_2.5pt_50d:direction=all:first_target_points=1.5:stop_points=1.5:runner_target_points=3:runner_stop_mode=initial,delta_impulse_continue_10bar_2.5pt_50d,all,1.5,1.5,3,initial,119,119,119,67,52,40,12,0,0,40,0.33613445,-1050,-7833,-65.82352941,56,63,"two-contract post-signal scalp: one contract exits at first target, one runner uses selected stop mode and runner target"
1,signal_scaled_scalp:strategy=delta_impulse_continue_10bar_2.5pt_50d:direction=all:first_target_points=1.5:stop_points=1.5:runner_target_points=5:runner_stop_mode=breakeven,delta_impulse_continue_10bar_2.5pt_50d,all,1.5,1.5,5,breakeven,119,119,119,67,52,18,34,0,0,52,0.43697479,-1650,-8433,-70.86554622,56,63,"two-contract post-signal scalp: one contract exits at first target, one runner uses selected stop mode and runner target"
1,signal_scaled_scalp:strategy=delta_impulse_continue_10bar_2.5pt_50d:direction=all:first_target_points=1.5:stop_points=1.5:runner_target_points=5:runner_stop_mode=initial,delta_impulse_continue_10bar_2.5pt_50d,all,1.5,1.5,5,initial,119,119,119,67,52,33,19,0,0,33,0.27731092,675,-6108,-51.32773109,56,63,"two-contract post-signal scalp: one contract exits at first target, one runner uses selected stop mode and runner target"
1,signal_scaled_scalp:strategy=delta_impulse_continue_10bar_2.5pt_50d:direction=all:first_target_points=1.5:stop_points=2:runner_target_points=2:runner_stop_mode=breakeven,delta_impulse_continue_10bar_2.5pt_50d,all,1.5,2,2,breakeven,119,119,119,59,60,49,11,0,0,60,0.50420168,-2400,-9183,-77.16806723,56,63,"two-contract post-signal scalp: one contract exits at first target, one runner uses selected stop mode and runner target"
1,signal_scaled_scalp:strategy=delta_impulse_continue_10bar_2.5pt_50d:direction=all:first_target_points=1.5:stop_points=2:runner_target_points=2:runner_stop_mode=initial,delta_impulse_continue_10bar_2.5pt_50d,all,1.5,2,2,initial,119,119,119,59,60,55,5,0,0,55,0.46218487,-2300,-9083,-76.32773109,56,63,"two-contract post-signal scalp: one contract exits at first target, one runner uses selected stop mode and runner target"
1,signal_scaled_scalp:strategy=delta_impulse_continue_10bar_2.5pt_50d:direction=all:first_target_points=1.5:stop_points=2:runner_target_points=3:runner_stop_mode=breakeven,delta_impulse_continue_10bar_2.5pt_50d,all,1.5,2,3,breakeven,119,119,119,59,60,32,28,0,0,60,0.50420168,-2500,-9283,-78.00840336,56,63,"two-contract post-signal scalp: one contract exits at first target, one runner uses selected stop mode and runner target"
1,signal_scaled_scalp:strategy=delta_impulse_continue_10bar_2.5pt_50d:direction=all:first_target_points=1.5:stop_points=2:runner_target_points=3:runner_stop_mode=initial,delta_impulse_continue_10bar_2.5pt_50d,all,1.5,2,3,initial,119,119,119,59,60,48,12,0,0,48,0.40336134,-1300,-8083,-67.92436975,56,63,"two-contract post-signal scalp: one contract exits at first target, one runner uses selected stop mode and runner target"
1,signal_scaled_scalp:strategy=delta_impulse_continue_10bar_2.5pt_50d:direction=all:first_target_points=1.5:stop_points=2:runner_target_points=5:runner_stop_mode=breakeven,delta_impulse_continue_10bar_2.5pt_50d,all,1.5,2,5,breakeven,119,119,119,59,60,18,42,0,0,60,0.50420168,-2800,-9583,-80.52941176,56,63,"two-contract post-signal scalp: one contract exits at first target, one runner uses selected stop mode and runner target"
1,signal_scaled_scalp:strategy=delta_impulse_continue_10bar_2.5pt_50d:direction=all:first_target_points=1.5:stop_points=2:runner_target_points=5:runner_stop_mode=initial,delta_impulse_continue_10bar_2.5pt_50d,all,1.5,2,5,initial,119,119,119,59,60,38,22,0,0,38,0.31932773,0,-6783,-57,56,63,"two-contract post-signal scalp: one contract exits at first target, one runner uses selected stop mode and runner target"
1,signal_scaled_scalp:strategy=delta_absorption_fade_10d_cl0.35:direction=all:first_target_points=0.5:stop_points=1:runner_target_points=1.5:runner_stop_mode=breakeven,delta_absorption_fade_10d_cl0.35,all,0.5,1,1.5,breakeven,107,107,107,52,55,30,25,0,0,30,0.28037383,-1575,-7674,-71.71962617,47,60,"two-contract post-signal scalp: one contract exits at first target, one runner uses selected stop mode and runner target"
1,signal_scaled_scalp:strategy=delta_absorption_fade_10d_cl0.35:direction=all:first_target_points=0.5:stop_points=1:runner_target_points=1.5:runner_stop_mode=initial,delta_absorption_fade_10d_cl0.35,all,0.5,1,1.5,initial,107,107,107,52,55,40,15,0,0,40,0.37383178,-1575,-7674,-71.71962617,47,60,"two-contract post-signal scalp: one contract exits at first target, one runner uses selected stop mode and runner target"
1,signal_scaled_scalp:strategy=delta_absorption_fade_10d_cl0.35:direction=all:first_target_points=0.5:stop_points=1:runner_target_points=2:runner_stop_mode=breakeven,delta_absorption_fade_10d_cl0.35,all,0.5,1,2,breakeven,107,107,107,52,55,21,34,0,0,21,0.19626168,-1725,-7824,-73.12149533,47,60,"two-contract post-signal scalp: one contract exits at first target, one runner uses selected stop mode and runner target"
1,signal_scaled_scalp:strategy=delta_absorption_fade_10d_cl0.35:direction=all:first_target_points=0.5:stop_points=1:runner_target_points=2:runner_stop_mode=initial,delta_absorption_fade_10d_cl0.35,all,0.5,1,2,initial,107,107,107,52,55,32,23,0,0,32,0.29906542,-1775,-7874,-73.58878505,47,60,"two-contract post-signal scalp: one contract exits at first target, one runner uses selected stop mode and runner target"
1,signal_scaled_scalp:strategy=delta_absorption_fade_10d_cl0.35:direction=all:first_target_points=0.5:stop_points=1:runner_target_points=3:runner_stop_mode=breakeven,delta_absorption_fade_10d_cl0.35,all,0.5,1,3,breakeven,107,107,107,52,55,16,39,0,0,16,0.14953271,-1425,-7524,-70.31775701,47,60,"two-contract post-signal scalp: one contract exits at first target, one runner uses selected stop mode and runner target"
1,signal_scaled_scalp:strategy=delta_absorption_fade_10d_cl0.35:direction=all:first_target_points=0.5:stop_points=1:runner_target_points=3:runner_stop_mode=initial,delta_absorption_fade_10d_cl0.35,all,0.5,1,3,initial,107,107,107,52,55,26,29,0,0,26,0.24299065,-1375,-7474,-69.85046729,47,60,"two-contract post-signal scalp: one contract exits at first target, one runner uses selected stop mode and runner target"
1,signal_scaled_scalp:strategy=delta_absorption_fade_10d_cl0.35:direction=all:first_target_points=0.5:stop_points=1:runner_target_points=5:runner_stop_mode=breakeven,delta_absorption_fade_10d_cl0.35,all,0.5,1,5,breakeven,107,107,107,52,55,11,44,0,0,11,0.10280374,-1075,-7174,-67.04672897,47,60,"two-contract post-signal scalp: one contract exits at first target, one runner uses selected stop mode and runner target"
1,signal_scaled_scalp:strategy=delta_absorption_fade_10d_cl0.35:direction=all:first_target_points=0.5:stop_points=1:runner_target_points=5:runner_stop_mode=initial,delta_absorption_fade_10d_cl0.35,all,0.5,1,5,initial,107,107,107,52,55,20,35,0,0,20,0.18691589,-575,-6674,-62.37383178,47,60,"two-contract post-signal scalp: one contract exits at first target, one runner uses selected stop mode and runner target"
1,signal_scaled_scalp:strategy=delta_absorption_fade_10d_cl0.35:direction=all:first_target_points=0.5:stop_points=1.5:runner_target_points=1.5:runner_stop_mode=breakeven,delta_absorption_fade_10d_cl0.35,all,0.5,1.5,1.5,breakeven,107,107,107,42,65,35,30,0,0,35,0.3271028,-2050,-8149,-76.1588785,47,60,"two-contract post-signal scalp: one contract exits at first target, one runner uses selected stop mode and runner target"
1,signal_scaled_scalp:strategy=delta_absorption_fade_10d_cl0.35:direction=all:first_target_points=0.5:stop_points=1.5:runner_target_points=1.5:runner_stop_mode=initial,delta_absorption_fade_10d_cl0.35,all,0.5,1.5,1.5,initial,107,107,107,42,65,51,14,0,0,51,0.47663551,-1900,-7999,-74.75700935,47,60,"two-contract post-signal scalp: one contract exits at first target, one runner uses selected stop mode and runner target"
1,signal_scaled_scalp:strategy=delta_absorption_fade_10d_cl0.35:direction=all:first_target_points=0.5:stop_points=1.5:runner_target_points=2:runner_stop_mode=breakeven,delta_absorption_fade_10d_cl0.35,all,0.5,1.5,2,breakeven,107,107,107,42,65,26,39,0,0,26,0.24299065,-2075,-8174,-76.39252336,47,60,"two-contract post-signal scalp: one contract exits at first target, one runner uses selected stop mode and runner target"
1,signal_scaled_scalp:strategy=delta_absorption_fade_10d_cl0.35:direction=all:first_target_points=0.5:stop_points=1.5:runner_target_points=2:runner_stop_mode=initial,delta_absorption_fade_10d_cl0.35,all,0.5,1.5,2,initial,107,107,107,42,65,42,23,0,0,42,0.39252336,-2200,-8299,-77.56074766,47,60,"two-contract post-signal scalp: one contract exits at first target, one runner uses selected stop mode and runner target"
1,signal_scaled_scalp:strategy=delta_absorption_fade_10d_cl0.35:direction=all:first_target_points=0.5:stop_points=1.5:runner_target_points=3:runner_stop_mode=breakeven,delta_absorption_fade_10d_cl0.35,all,0.5,1.5,3,breakeven,107,107,107,42,65,20,45,0,0,20,0.18691589,-1675,-7774,-72.65420561,47,60,"two-contract post-signal scalp: one contract exits at first target, one runner uses selected stop mode and runner target"
1,signal_scaled_scalp:strategy=delta_absorption_fade_10d_cl0.35:direction=all:first_target_points=0.5:stop_points=1.5:runner_target_points=3:runner_stop_mode=initial,delta_absorption_fade_10d_cl0.35,all,0.5,1.5,3,initial,107,107,107,42,65,35,30,0,0,35,0.3271028,-1675,-7774,-72.65420561,47,60,"two-contract post-signal scalp: one contract exits at first target, one runner uses selected stop mode and runner target"
1,signal_scaled_scalp:strategy=delta_absorption_fade_10d_cl0.35:direction=all:first_target_points=0.5:stop_points=1.5:runner_target_points=5:runner_stop_mode=breakeven,delta_absorption_fade_10d_cl0.35,all,0.5,1.5,5,breakeven,107,107,107,42,65,12,53,0,0,12,0.11214953,-1675,-7774,-72.65420561,47,60,"two-contract post-signal scalp: one contract exits at first target, one runner uses selected stop mode and runner target"
1,signal_scaled_scalp:strategy=delta_absorption_fade_10d_cl0.35:direction=all:first_target_points=0.5:stop_points=1.5:runner_target_points=5:runner_stop_mode=initial,delta_absorption_fade_10d_cl0.35,all,0.5,1.5,5,initial,107,107,107,42,65,25,40,0,0,25,0.23364486,-1425,-7524,-70.31775701,47,60,"two-contract post-signal scalp: one contract exits at first target, one runner uses selected stop mode and runner target"
1,signal_scaled_scalp:strategy=delta_absorption_fade_10d_cl0.35:direction=all:first_target_points=0.5:stop_points=2:runner_target_points=1.5:runner_stop_mode=breakeven,delta_absorption_fade_10d_cl0.35,all,0.5,2,1.5,breakeven,107,107,107,33,74,35,39,0,0,35,0.3271028,-2125,-8224,-76.85981308,47,60,"two-contract post-signal scalp: one contract exits at first target, one runner uses selected stop mode and runner target"
1,signal_scaled_scalp:strategy=delta_absorption_fade_10d_cl0.35:direction=all:first_target_points=0.5:stop_points=2:runner_target_points=1.5:runner_stop_mode=initial,delta_absorption_fade_10d_cl0.35,all,0.5,2,1.5,initial,107,107,107,33,74,58,16,0,0,58,0.54205607,-2000,-8099,-75.69158879,47,60,"two-contract post-signal scalp: one contract exits at first target, one runner uses selected stop mode and runner target"
1,signal_scaled_scalp:strategy=delta_absorption_fade_10d_cl0.35:direction=all:first_target_points=0.5:stop_points=2:runner_target_points=2:runner_stop_mode=breakeven,delta_absorption_fade_10d_cl0.35,all,0.5,2,2,breakeven,107,107,107,33,74,26,48,0,0,26,0.24299065,-2150,-8249,-77.09345794,47,60,"two-contract post-signal scalp: one contract exits at first target, one runner uses selected stop mode and runner target"
1,signal_scaled_scalp:strategy=delta_absorption_fade_10d_cl0.35:direction=all:first_target_points=0.5:stop_points=2:runner_target_points=2:runner_stop_mode=initial,delta_absorption_fade_10d_cl0.35,all,0.5,2,2,initial,107,107,107,33,74,50,24,0,0,50,0.46728972,-2150,-8249,-77.09345794,47,60,"two-contract post-signal scalp: one contract exits at first target, one runner uses selected stop mode and runner target"
1,signal_scaled_scalp:strategy=delta_absorption_fade_10d_cl0.35:direction=all:first_target_points=0.5:stop_points=2:runner_target_points=3:runner_stop_mode=breakeven,delta_absorption_fade_10d_cl0.35,all,0.5,2,3,breakeven,107,107,107,33,74,20,54,0,0,20,0.18691589,-1750,-7849,-73.35514019,47,60,"two-contract post-signal scalp: one contract exits at first target, one runner uses selected stop mode and runner target"
1,signal_scaled_scalp:strategy=delta_absorption_fade_10d_cl0.35:direction=all:first_target_points=0.5:stop_points=2:runner_target_points=3:runner_stop_mode=initial,delta_absorption_fade_10d_cl0.35,all,0.5,2,3,initial,107,107,107,33,74,43,31,0,0,43,0.40186916,-1400,-7499,-70.08411215,47,60,"two-contract post-signal scalp: one contract exits at first target, one runner uses selected stop mode and runner target"
1,signal_scaled_scalp:strategy=delta_absorption_fade_10d_cl0.35:direction=all:first_target_points=0.5:stop_points=2:runner_target_points=5:runner_stop_mode=breakeven,delta_absorption_fade_10d_cl0.35,all,0.5,2,5,breakeven,107,107,107,33,74,12,62,0,0,12,0.11214953,-1750,-7849,-73.35514019,47,60,"two-contract post-signal scalp: one contract exits at first target, one runner uses selected stop mode and runner target"
1,signal_scaled_scalp:strategy=delta_absorption_fade_10d_cl0.35:direction=all:first_target_points=0.5:stop_points=2:runner_target_points=5:runner_stop_mode=initial,delta_absorption_fade_10d_cl0.35,all,0.5,2,5,initial,107,107,107,33,74,32,42,0,0,32,0.29906542,-950,-7049,-65.87850467,47,60,"two-contract post-signal scalp: one contract exits at first target, one runner uses selected stop mode and runner target"
1,signal_scaled_scalp:strategy=delta_absorption_fade_10d_cl0.35:direction=all:first_target_points=1:stop_points=1:runner_target_points=1.5:runner_stop_mode=breakeven,delta_absorption_fade_10d_cl0.35,all,1,1,1.5,breakeven,107,107,107,60,47,37,10,0,0,37,0.34579439,-875,-6974,-65.17757009,47,60,"two-contract post-signal scalp: one contract exits at first target, one runner uses selected stop mode and runner target"
1,signal_scaled_scalp:strategy=delta_absorption_fade_10d_cl0.35:direction=all:first_target_points=1:stop_points=1:runner_target_points=1.5:runner_stop_mode=initial,delta_absorption_fade_10d_cl0.35,all,1,1,1.5,initial,107,107,107,60,47,40,7,0,0,40,0.37383178,-1000,-7099,-66.34579439,47,60,"two-contract post-signal scalp: one contract exits at first target, one runner uses selected stop mode and runner target"
1,signal_scaled_scalp:strategy=delta_absorption_fade_10d_cl0.35:direction=all:first_target_points=1:stop_points=1:runner_target_points=2:runner_stop_mode=breakeven,delta_absorption_fade_10d_cl0.35,all,1,1,2,breakeven,107,107,107,60,47,26,21,0,0,26,0.24299065,-1050,-7149,-66.81308411,47,60,"two-contract post-signal scalp: one contract exits at first target, one runner uses selected stop mode and runner target"
1,signal_scaled_scalp:strategy=delta_absorption_fade_10d_cl0.35:direction=all:first_target_points=1:stop_points=1:runner_target_points=2:runner_stop_mode=initial,delta_absorption_fade_10d_cl0.35,all,1,1,2,initial,107,107,107,60,47,32,15,0,0,32,0.29906542,-1200,-7299,-68.21495327,47,60,"two-contract post-signal scalp: one contract exits at first target, one runner uses selected stop mode and runner target"
1,signal_scaled_scalp:strategy=delta_absorption_fade_10d_cl0.35:direction=all:first_target_points=1:stop_points=1:runner_target_points=3:runner_stop_mode=breakeven,delta_absorption_fade_10d_cl0.35,all,1,1,3,breakeven,107,107,107,60,47,20,27,0,0,20,0.18691589,-650,-6749,-63.07476636,47,60,"two-contract post-signal scalp: one contract exits at first target, one runner uses selected stop mode and runner target"
1,signal_scaled_scalp:strategy=delta_absorption_fade_10d_cl0.35:direction=all:first_target_points=1:stop_points=1:runner_target_points=3:runner_stop_mode=initial,delta_absorption_fade_10d_cl0.35,all,1,1,3,initial,107,107,107,60,47,26,21,0,0,26,0.24299065,-800,-6899,-64.47663551,47,60,"two-contract post-signal scalp: one contract exits at first target, one runner uses selected stop mode and runner target"
1,signal_scaled_scalp:strategy=delta_absorption_fade_10d_cl0.35:direction=all:first_target_points=1:stop_points=1:runner_target_points=5:runner_stop_mode=breakeven,delta_absorption_fade_10d_cl0.35,all,1,1,5,breakeven,107,107,107,60,47,14,33,0,0,14,0.13084112,-150,-6249,-58.40186916,47,60,"two-contract post-signal scalp: one contract exits at first target, one runner uses selected stop mode and runner target"
1,signal_scaled_scalp:strategy=delta_absorption_fade_10d_cl0.35:direction=all:first_target_points=1:stop_points=1:runner_target_points=5:runner_stop_mode=initial,delta_absorption_fade_10d_cl0.35,all,1,1,5,initial,107,107,107,60,47,20,27,0,0,20,0.18691589,0,-6099,-57,47,60,"two-contract post-signal scalp: one contract exits at first target, one runner uses selected stop mode and runner target"
1,signal_scaled_scalp:strategy=delta_absorption_fade_10d_cl0.35:direction=all:first_target_points=1:stop_points=1.5:runner_target_points=1.5:runner_stop_mode=breakeven,delta_absorption_fade_10d_cl0.35,all,1,1.5,1.5,breakeven,107,107,107,49,58,43,15,0,0,43,0.40186916,-1225,-7324,-68.44859813,47,60,"two-contract post-signal scalp: one contract exits at first target, one runner uses selected stop mode and runner target"
1,signal_scaled_scalp:strategy=delta_absorption_fade_10d_cl0.35:direction=all:first_target_points=1:stop_points=1.5:runner_target_points=1.5:runner_stop_mode=initial,delta_absorption_fade_10d_cl0.35,all,1,1.5,1.5,initial,107,107,107,49,58,51,7,0,0,51,0.47663551,-1150,-7249,-67.74766355,47,60,"two-contract post-signal scalp: one contract exits at first target, one runner uses selected stop mode and runner target"
1,signal_scaled_scalp:strategy=delta_absorption_fade_10d_cl0.35:direction=all:first_target_points=1:stop_points=1.5:runner_target_points=2:runner_stop_mode=breakeven,delta_absorption_fade_10d_cl0.35,all,1,1.5,2,breakeven,107,107,107,49,58,31,27,0,0,31,0.28971963,-1350,-7449,-69.61682243,47,60,"two-contract post-signal scalp: one contract exits at first target, one runner uses selected stop mode and runner target"
1,signal_scaled_scalp:strategy=delta_absorption_fade_10d_cl0.35:direction=all:first_target_points=1:stop_points=1.5:runner_target_points=2:runner_stop_mode=initial,delta_absorption_fade_10d_cl0.35,all,1,1.5,2,initial,107,107,107,49,58,42,16,0,0,42,0.39252336,-1450,-7549,-70.55140187,47,60,"two-contract post-signal scalp: one contract exits at first target, one runner uses selected stop mode and runner target"
1,signal_scaled_scalp:strategy=delta_absorption_fade_10d_cl0.35:direction=all:first_target_points=1:stop_points=1.5:runner_target_points=3:runner_stop_mode=breakeven,delta_absorption_fade_10d_cl0.35,all,1,1.5,3,breakeven,107,107,107,49,58,24,34,0,0,24,0.22429907,-850,-6949,-64.94392523,47,60,"two-contract post-signal scalp: one contract exits at first target, one runner uses selected stop mode and runner target"
1,signal_scaled_scalp:strategy=delta_absorption_fade_10d_cl0.35:direction=all:first_target_points=1:stop_points=1.5:runner_target_points=3:runner_stop_mode=initial,delta_absorption_fade_10d_cl0.35,all,1,1.5,3,initial,107,107,107,49,58,35,23,0,0,35,0.3271028,-925,-7024,-65.64485981,47,60,"two-contract post-signal scalp: one contract exits at first target, one runner uses selected stop mode and runner target"
1,signal_scaled_scalp:strategy=delta_absorption_fade_10d_cl0.35:direction=all:first_target_points=1:stop_points=1.5:runner_target_points=5:runner_stop_mode=breakeven,delta_absorption_fade_10d_cl0.35,all,1,1.5,5,breakeven,107,107,107,49,58,15,43,0,0,15,0.14018692,-700,-6799,-63.54205607,47,60,"two-contract post-signal scalp: one contract exits at first target, one runner uses selected stop mode and runner target"
1,signal_scaled_scalp:strategy=delta_absorption_fade_10d_cl0.35:direction=all:first_target_points=1:stop_points=1.5:runner_target_points=5:runner_stop_mode=initial,delta_absorption_fade_10d_cl0.35,all,1,1.5,5,initial,107,107,107,49,58,25,33,0,0,25,0.23364486,-675,-6774,-63.30841121,47,60,"two-contract post-signal scalp: one contract exits at first target, one runner uses selected stop mode and runner target"
1,signal_scaled_scalp:strategy=delta_absorption_fade_10d_cl0.35:direction=all:first_target_points=1:stop_points=2:runner_target_points=1.5:runner_stop_mode=breakeven,delta_absorption_fade_10d_cl0.35,all,1,2,1.5,breakeven,107,107,107,41,66,44,22,0,0,44,0.41121495,-1600,-7699,-71.95327103,47,60,"two-contract post-signal scalp: one contract exits at first target, one runner uses selected stop mode and runner target"
1,signal_scaled_scalp:strategy=delta_absorption_fade_10d_cl0.35:direction=all:first_target_points=1:stop_points=2:runner_target_points=1.5:runner_stop_mode=initial,delta_absorption_fade_10d_cl0.35,all,1,2,1.5,initial,107,107,107,41,66,58,8,0,0,58,0.54205607,-1350,-7449,-69.61682243,47,60,"two-contract post-signal scalp: one contract exits at first target, one runner uses selected stop mode and runner target"
1,signal_scaled_scalp:strategy=delta_absorption_fade_10d_cl0.35:direction=all:first_target_points=1:stop_points=2:runner_target_points=2:runner_stop_mode=breakeven,delta_absorption_fade_10d_cl0.35,all,1,2,2,breakeven,107,107,107,41,66,32,34,0,0,32,0.29906542,-1700,-7799,-72.88785047,47,60,"two-contract post-signal scalp: one contract exits at first target, one runner uses selected stop mode and runner target"
1,signal_scaled_scalp:strategy=delta_absorption_fade_10d_cl0.35:direction=all:first_target_points=1:stop_points=2:runner_target_points=2:runner_stop_mode=initial,delta_absorption_fade_10d_cl0.35,all,1,2,2,initial,107,107,107,41,66,50,16,0,0,50,0.46728972,-1500,-7599,-71.01869159,47,60,"two-contract post-signal scalp: one contract exits at first target, one runner uses selected stop mode and runner target"
1,signal_scaled_scalp:strategy=delta_absorption_fade_10d_cl0.35:direction=all:first_target_points=1:stop_points=2:runner_target_points=3:runner_stop_mode=breakeven,delta_absorption_fade_10d_cl0.35,all,1,2,3,breakeven,107,107,107,41,66,25,41,0,0,25,0.23364486,-1150,-7249,-67.74766355,47,60,"two-contract post-signal scalp: one contract exits at first target, one runner uses selected stop mode and runner target"
1,signal_scaled_scalp:strategy=delta_absorption_fade_10d_cl0.35:direction=all:first_target_points=1:stop_points=2:runner_target_points=3:runner_stop_mode=initial,delta_absorption_fade_10d_cl0.35,all,1,2,3,initial,107,107,107,41,66,43,23,0,0,43,0.40186916,-750,-6849,-64.00934579,47,60,"two-contract post-signal scalp: one contract exits at first target, one runner uses selected stop mode and runner target"
1,signal_scaled_scalp:strategy=delta_absorption_fade_10d_cl0.35:direction=all:first_target_points=1:stop_points=2:runner_target_points=5:runner_stop_mode=breakeven,delta_absorption_fade_10d_cl0.35,all,1,2,5,breakeven,107,107,107,41,66,15,51,0,0,15,0.14018692,-1150,-7249,-67.74766355,47,60,"two-contract post-signal scalp: one contract exits at first target, one runner uses selected stop mode and runner target"
1,signal_scaled_scalp:strategy=delta_absorption_fade_10d_cl0.35:direction=all:first_target_points=1:stop_points=2:runner_target_points=5:runner_stop_mode=initial,delta_absorption_fade_10d_cl0.35,all,1,2,5,initial,107,107,107,41,66,32,34,0,0,32,0.29906542,-300,-6399,-59.80373832,47,60,"two-contract post-signal scalp: one contract exits at first target, one runner uses selected stop mode and runner target"
1,signal_scaled_scalp:strategy=delta_absorption_fade_10d_cl0.35:direction=all:first_target_points=1.5:stop_points=1:runner_target_points=2:runner_stop_mode=breakeven,delta_absorption_fade_10d_cl0.35,all,1.5,1,2,breakeven,107,107,107,67,40,28,12,0,0,40,0.37383178,-900,-6999,-65.41121495,47,60,"two-contract post-signal scalp: one contract exits at first target, one runner uses selected stop mode and runner target"
1,signal_scaled_scalp:strategy=delta_absorption_fade_10d_cl0.35:direction=all:first_target_points=1.5:stop_points=1:runner_target_points=2:runner_stop_mode=initial,delta_absorption_fade_10d_cl0.35,all,1.5,1,2,initial,107,107,107,67,40,32,8,0,0,32,0.29906542,-900,-6999,-65.41121495,47,60,"two-contract post-signal scalp: one contract exits at first target, one runner uses selected stop mode and runner target"
1,signal_scaled_scalp:strategy=delta_absorption_fade_10d_cl0.35:direction=all:first_target_points=1.5:stop_points=1:runner_target_points=3:runner_stop_mode=breakeven,delta_absorption_fade_10d_cl0.35,all,1.5,1,3,breakeven,107,107,107,67,40,22,18,0,0,40,0.37383178,-400,-6499,-60.73831776,47,60,"two-contract post-signal scalp: one contract exits at first target, one runner uses selected stop mode and runner target"
1,signal_scaled_scalp:strategy=delta_absorption_fade_10d_cl0.35:direction=all:first_target_points=1.5:stop_points=1:runner_target_points=3:runner_stop_mode=initial,delta_absorption_fade_10d_cl0.35,all,1.5,1,3,initial,107,107,107,67,40,26,14,0,0,26,0.24299065,-500,-6599,-61.6728972,47,60,"two-contract post-signal scalp: one contract exits at first target, one runner uses selected stop mode and runner target"
1,signal_scaled_scalp:strategy=delta_absorption_fade_10d_cl0.35:direction=all:first_target_points=1.5:stop_points=1:runner_target_points=5:runner_stop_mode=breakeven,delta_absorption_fade_10d_cl0.35,all,1.5,1,5,breakeven,107,107,107,67,40,15,25,0,0,40,0.37383178,50,-6049,-56.53271028,47,60,"two-contract post-signal scalp: one contract exits at first target, one runner uses selected stop mode and runner target"
1,signal_scaled_scalp:strategy=delta_absorption_fade_10d_cl0.35:direction=all:first_target_points=1.5:stop_points=1:runner_target_points=5:runner_stop_mode=initial,delta_absorption_fade_10d_cl0.35,all,1.5,1,5,initial,107,107,107,67,40,20,20,0,0,20,0.18691589,300,-5799,-54.19626168,47,60,"two-contract post-signal scalp: one contract exits at first target, one runner uses selected stop mode and runner target"
1,signal_scaled_scalp:strategy=delta_absorption_fade_10d_cl0.35:direction=all:first_target_points=1.5:stop_points=1.5:runner_target_points=2:runner_stop_mode=breakeven,delta_absorption_fade_10d_cl0.35,all,1.5,1.5,2,breakeven,107,107,107,56,51,37,14,0,0,51,0.47663551,-875,-6974,-65.17757009,47,60,"two-contract post-signal scalp: one contract exits at first target, one runner uses selected stop mode and runner target"
1,signal_scaled_scalp:strategy=delta_absorption_fade_10d_cl0.35:direction=all:first_target_points=1.5:stop_points=1.5:runner_target_points=2:runner_stop_mode=initial,delta_absorption_fade_10d_cl0.35,all,1.5,1.5,2,initial,107,107,107,56,51,42,9,0,0,42,0.39252336,-1050,-7149,-66.81308411,47,60,"two-contract post-signal scalp: one contract exits at first target, one runner uses selected stop mode and runner target"
1,signal_scaled_scalp:strategy=delta_absorption_fade_10d_cl0.35:direction=all:first_target_points=1.5:stop_points=1.5:runner_target_points=3:runner_stop_mode=breakeven,delta_absorption_fade_10d_cl0.35,all,1.5,1.5,3,breakeven,107,107,107,56,51,28,23,0,0,51,0.47663551,-375,-6474,-60.5046729,47,60,"two-contract post-signal scalp: one contract exits at first target, one runner uses selected stop mode and runner target"
1,signal_scaled_scalp:strategy=delta_absorption_fade_10d_cl0.35:direction=all:first_target_points=1.5:stop_points=1.5:runner_target_points=3:runner_stop_mode=initial,delta_absorption_fade_10d_cl0.35,all,1.5,1.5,3,initial,107,107,107,56,51,35,16,0,0,35,0.3271028,-525,-6624,-61.90654206,47,60,"two-contract post-signal scalp: one contract exits at first target, one runner uses selected stop mode and runner target"
1,signal_scaled_scalp:strategy=delta_absorption_fade_10d_cl0.35:direction=all:first_target_points=1.5:stop_points=1.5:runner_target_points=5:runner_stop_mode=breakeven,delta_absorption_fade_10d_cl0.35,all,1.5,1.5,5,breakeven,107,107,107,56,51,16,35,0,0,51,0.47663551,-575,-6674,-62.37383178,47,60,"two-contract post-signal scalp: one contract exits at first target, one runner uses selected stop mode and runner target"
1,signal_scaled_scalp:strategy=delta_absorption_fade_10d_cl0.35:direction=all:first_target_points=1.5:stop_points=1.5:runner_target_points=5:runner_stop_mode=initial,delta_absorption_fade_10d_cl0.35,all,1.5,1.5,5,initial,107,107,107,56,51,25,26,0,0,25,0.23364486,-275,-6374,-59.57009346,47,60,"two-contract post-signal scalp: one contract exits at first target, one runner uses selected stop mode and runner target"
1,signal_scaled_scalp:strategy=delta_absorption_fade_10d_cl0.35:direction=all:first_target_points=1.5:stop_points=2:runner_target_points=2:runner_stop_mode=breakeven,delta_absorption_fade_10d_cl0.35,all,1.5,2,2,breakeven,107,107,107,49,58,44,14,0,0,58,0.54205607,-1050,-7149,-66.81308411,47,60,"two-contract post-signal scalp: one contract exits at first target, one runner uses selected stop mode and runner target"
1,signal_scaled_scalp:strategy=delta_absorption_fade_10d_cl0.35:direction=all:first_target_points=1.5:stop_points=2:runner_target_points=2:runner_stop_mode=initial,delta_absorption_fade_10d_cl0.35,all,1.5,2,2,initial,107,107,107,49,58,50,8,0,0,50,0.46728972,-1250,-7349,-68.68224299,47,60,"two-contract post-signal scalp: one contract exits at first target, one runner uses selected stop mode and runner target"
1,signal_scaled_scalp:strategy=delta_absorption_fade_10d_cl0.35:direction=all:first_target_points=1.5:stop_points=2:runner_target_points=3:runner_stop_mode=breakeven,delta_absorption_fade_10d_cl0.35,all,1.5,2,3,breakeven,107,107,107,49,58,33,25,0,0,58,0.54205607,-500,-6599,-61.6728972,47,60,"two-contract post-signal scalp: one contract exits at first target, one runner uses selected stop mode and runner target"
1,signal_scaled_scalp:strategy=delta_absorption_fade_10d_cl0.35:direction=all:first_target_points=1.5:stop_points=2:runner_target_points=3:runner_stop_mode=initial,delta_absorption_fade_10d_cl0.35,all,1.5,2,3,initial,107,107,107,49,58,43,15,0,0,43,0.40186916,-500,-6599,-61.6728972,47,60,"two-contract post-signal scalp: one contract exits at first target, one runner uses selected stop mode and runner target"
1,signal_scaled_scalp:strategy=delta_absorption_fade_10d_cl0.35:direction=all:first_target_points=1.5:stop_points=2:runner_target_points=5:runner_stop_mode=breakeven,delta_absorption_fade_10d_cl0.35,all,1.5,2,5,breakeven,107,107,107,49,58,20,38,0,0,58,0.54205607,-450,-6549,-61.20560748,47,60,"two-contract post-signal scalp: one contract exits at first target, one runner uses selected stop mode and runner target"
1,signal_scaled_scalp:strategy=delta_absorption_fade_10d_cl0.35:direction=all:first_target_points=1.5:stop_points=2:runner_target_points=5:runner_stop_mode=initial,delta_absorption_fade_10d_cl0.35,all,1.5,2,5,initial,107,107,107,49,58,32,26,0,0,32,0.29906542,-50,-6149,-57.46728972,47,60,"two-contract post-signal scalp: one contract exits at first target, one runner uses selected stop mode and runner target"
1,signal_scaled_scalp:strategy=delta_absorption_fade_20d_cl0.35:direction=all:first_target_points=0.5:stop_points=1:runner_target_points=1.5:runner_stop_mode=breakeven,delta_absorption_fade_20d_cl0.35,all,0.5,1,1.5,breakeven,85,85,85,36,49,27,22,0,0,27,0.31764706,-350,-5195,-61.11764706,41,44,"two-contract post-signal scalp: one contract exits at first target, one runner uses selected stop mode and runner target"
1,signal_scaled_scalp:strategy=delta_absorption_fade_20d_cl0.35:direction=all:first_target_points=0.5:stop_points=1:runner_target_points=1.5:runner_stop_mode=initial,delta_absorption_fade_20d_cl0.35,all,0.5,1,1.5,initial,85,85,85,36,49,34,15,0,0,34,0.4,-575,-5420,-63.76470588,41,44,"two-contract post-signal scalp: one contract exits at first target, one runner uses selected stop mode and runner target"
1,signal_scaled_scalp:strategy=delta_absorption_fade_20d_cl0.35:direction=all:first_target_points=0.5:stop_points=1:runner_target_points=2:runner_stop_mode=breakeven,delta_absorption_fade_20d_cl0.35,all,0.5,1,2,breakeven,85,85,85,36,49,17,32,0,0,17,0.2,-675,-5520,-64.94117647,41,44,"two-contract post-signal scalp: one contract exits at first target, one runner uses selected stop mode and runner target"
1,signal_scaled_scalp:strategy=delta_absorption_fade_20d_cl0.35:direction=all:first_target_points=0.5:stop_points=1:runner_target_points=2:runner_stop_mode=initial,delta_absorption_fade_20d_cl0.35,all,0.5,1,2,initial,85,85,85,36,49,23,26,0,0,23,0.27058824,-1375,-6220,-73.17647059,41,44,"two-contract post-signal scalp: one contract exits at first target, one runner uses selected stop mode and runner target"
1,signal_scaled_scalp:strategy=delta_absorption_fade_20d_cl0.35:direction=all:first_target_points=0.5:stop_points=1:runner_target_points=3:runner_stop_mode=breakeven,delta_absorption_fade_20d_cl0.35,all,0.5,1,3,breakeven,85,85,85,36,49,12,37,0,0,12,0.14117647,-575,-5420,-63.76470588,41,44,"two-contract post-signal scalp: one contract exits at first target, one runner uses selected stop mode and runner target"
1,signal_scaled_scalp:strategy=delta_absorption_fade_20d_cl0.35:direction=all:first_target_points=0.5:stop_points=1:runner_target_points=3:runner_stop_mode=initial,delta_absorption_fade_20d_cl0.35,all,0.5,1,3,initial,85,85,85,36,49,15,34,0,0,15,0.17647059,-1825,-6670,-78.47058824,41,44,"two-contract post-signal scalp: one contract exits at first target, one runner uses selected stop mode and runner target"
1,signal_scaled_scalp:strategy=delta_absorption_fade_20d_cl0.35:direction=all:first_target_points=0.5:stop_points=1:runner_target_points=5:runner_stop_mode=breakeven,delta_absorption_fade_20d_cl0.35,all,0.5,1,5,breakeven,85,85,85,36,49,8,41,0,0,8,0.09411765,-375,-5220,-61.41176471,41,44,"two-contract post-signal scalp: one contract exits at first target, one runner uses selected stop mode and runner target"
1,signal_scaled_scalp:strategy=delta_absorption_fade_20d_cl0.35:direction=all:first_target_points=0.5:stop_points=1:runner_target_points=5:runner_stop_mode=initial,delta_absorption_fade_20d_cl0.35,all,0.5,1,5,initial,85,85,85,36,49,10,39,0,0,10,0.11764706,-1825,-6670,-78.47058824,41,44,"two-contract post-signal scalp: one contract exits at first target, one runner uses selected stop mode and runner target"
1,signal_scaled_scalp:strategy=delta_absorption_fade_20d_cl0.35:direction=all:first_target_points=0.5:stop_points=1.5:runner_target_points=1.5:runner_stop_mode=breakeven,delta_absorption_fade_20d_cl0.35,all,0.5,1.5,1.5,breakeven,85,85,85,27,58,29,29,0,0,29,0.34117647,-425,-5270,-62,41,44,"two-contract post-signal scalp: one contract exits at first target, one runner uses selected stop mode and runner target"
1,signal_scaled_scalp:strategy=delta_absorption_fade_20d_cl0.35:direction=all:first_target_points=0.5:stop_points=1.5:runner_target_points=1.5:runner_stop_mode=initial,delta_absorption_fade_20d_cl0.35,all,0.5,1.5,1.5,initial,85,85,85,27,58,42,16,0,0,42,0.49411765,-650,-5495,-64.64705882,41,44,"two-contract post-signal scalp: one contract exits at first target, one runner uses selected stop mode and runner target"
1,signal_scaled_scalp:strategy=delta_absorption_fade_20d_cl0.35:direction=all:first_target_points=0.5:stop_points=1.5:runner_target_points=2:runner_stop_mode=breakeven,delta_absorption_fade_20d_cl0.35,all,0.5,1.5,2,breakeven,85,85,85,27,58,19,39,0,0,19,0.22352941,-700,-5545,-65.23529412,41,44,"two-contract post-signal scalp: one contract exits at first target, one runner uses selected stop mode and runner target"
1,signal_scaled_scalp:strategy=delta_absorption_fade_20d_cl0.35:direction=all:first_target_points=0.5:stop_points=1.5:runner_target_points=2:runner_stop_mode=initial,delta_absorption_fade_20d_cl0.35,all,0.5,1.5,2,initial,85,85,85,27,58,33,25,0,0,33,0.38823529,-1175,-6020,-70.82352941,41,44,"two-contract post-signal scalp: one contract exits at first target, one runner uses selected stop mode and runner target"
1,signal_scaled_scalp:strategy=delta_absorption_fade_20d_cl0.35:direction=all:first_target_points=0.5:stop_points=1.5:runner_target_points=3:runner_stop_mode=breakeven,delta_absorption_fade_20d_cl0.35,all,0.5,1.5,3,breakeven,85,85,85,27,58,13,45,0,0,13,0.15294118,-650,-5495,-64.64705882,41,44,"two-contract post-signal scalp: one contract exits at first target, one runner uses selected stop mode and runner target"
1,signal_scaled_scalp:strategy=delta_absorption_fade_20d_cl0.35:direction=all:first_target_points=0.5:stop_points=1.5:runner_target_points=3:runner_stop_mode=initial,delta_absorption_fade_20d_cl0.35,all,0.5,1.5,3,initial,85,85,85,27,58,24,34,0,0,24,0.28235294,-1550,-6395,-75.23529412,41,44,"two-contract post-signal scalp: one contract exits at first target, one runner uses selected stop mode and runner target"
1,signal_scaled_scalp:strategy=delta_absorption_fade_20d_cl0.35:direction=all:first_target_points=0.5:stop_points=1.5:runner_target_points=5:runner_stop_mode=breakeven,delta_absorption_fade_20d_cl0.35,all,0.5,1.5,5,breakeven,85,85,85,27,58,9,49,0,0,9,0.10588235,-350,-5195,-61.11764706,41,44,"two-contract post-signal scalp: one contract exits at first target, one runner uses selected stop mode and runner target"
1,signal_scaled_scalp:strategy=delta_absorption_fade_20d_cl0.35:direction=all:first_target_points=0.5:stop_points=1.5:runner_target_points=5:runner_stop_mode=initial,delta_absorption_fade_20d_cl0.35,all,0.5,1.5,5,initial,85,85,85,27,58,16,42,0,0,16,0.18823529,-1750,-6595,-77.58823529,41,44,"two-contract post-signal scalp: one contract exits at first target, one runner uses selected stop mode and runner target"
1,signal_scaled_scalp:strategy=delta_absorption_fade_20d_cl0.35:direction=all:first_target_points=0.5:stop_points=2:runner_target_points=1.5:runner_stop_mode=breakeven,delta_absorption_fade_20d_cl0.35,all,0.5,2,1.5,breakeven,85,85,85,23,62,30,32,0,0,30,0.35294118,-800,-5645,-66.41176471,41,44,"two-contract post-signal scalp: one contract exits at first target, one runner uses selected stop mode and runner target"
1,signal_scaled_scalp:strategy=delta_absorption_fade_20d_cl0.35:direction=all:first_target_points=0.5:stop_points=2:runner_target_points=1.5:runner_stop_mode=initial,delta_absorption_fade_20d_cl0.35,all,0.5,2,1.5,initial,85,85,85,23,62,48,14,0,0,48,0.56470588,-850,-5695,-67,41,44,"two-contract post-signal scalp: one contract exits at first target, one runner uses selected stop mode and runner target"
1,signal_scaled_scalp:strategy=delta_absorption_fade_20d_cl0.35:direction=all:first_target_points=0.5:stop_points=2:runner_target_points=2:runner_stop_mode=breakeven,delta_absorption_fade_20d_cl0.35,all,0.5,2,2,breakeven,85,85,85,23,62,20,42,0,0,20,0.23529412,-1050,-5895,-69.35294118,41,44,"two-contract post-signal scalp: one contract exits at first target, one runner uses selected stop mode and runner target"
1,signal_scaled_scalp:strategy=delta_absorption_fade_20d_cl0.35:direction=all:first_target_points=0.5:stop_points=2:runner_target_points=2:runner_stop_mode=initial,delta_absorption_fade_20d_cl0.35,all,0.5,2,2,initial,85,85,85,23,62,40,22,0,0,40,0.47058824,-1250,-6095,-71.70588235,41,44,"two-contract post-signal scalp: one contract exits at first target, one runner uses selected stop mode and runner target"
1,signal_scaled_scalp:strategy=delta_absorption_fade_20d_cl0.35:direction=all:first_target_points=0.5:stop_points=2:runner_target_points=3:runner_stop_mode=breakeven,delta_absorption_fade_20d_cl0.35,all,0.5,2,3,breakeven,85,85,85,23,62,14,48,0,0,14,0.16470588,-950,-5795,-68.17647059,41,44,"two-contract post-signal scalp: one contract exits at first target, one runner uses selected stop mode and runner target"
1,signal_scaled_scalp:strategy=delta_absorption_fade_20d_cl0.35:direction=all:first_target_points=0.5:stop_points=2:runner_target_points=3:runner_stop_mode=initial,delta_absorption_fade_20d_cl0.35,all,0.5,2,3,initial,85,85,85,23,62,30,32,0,0,30,0.35294118,-1750,-6595,-77.58823529,41,44,"two-contract post-signal scalp: one contract exits at first target, one runner uses selected stop mode and runner target"
1,signal_scaled_scalp:strategy=delta_absorption_fade_20d_cl0.35:direction=all:first_target_points=0.5:stop_points=2:runner_target_points=5:runner_stop_mode=breakeven,delta_absorption_fade_20d_cl0.35,all,0.5,2,5,breakeven,85,85,85,23,62,9,53,0,0,9,0.10588235,-800,-5645,-66.41176471,41,44,"two-contract post-signal scalp: one contract exits at first target, one runner uses selected stop mode and runner target"
1,signal_scaled_scalp:strategy=delta_absorption_fade_20d_cl0.35:direction=all:first_target_points=0.5:stop_points=2:runner_target_points=5:runner_stop_mode=initial,delta_absorption_fade_20d_cl0.35,all,0.5,2,5,initial,85,85,85,23,62,21,41,0,0,21,0.24705882,-1900,-6745,-79.35294118,41,44,"two-contract post-signal scalp: one contract exits at first target, one runner uses selected stop mode and runner target"
1,signal_scaled_scalp:strategy=delta_absorption_fade_20d_cl0.35:direction=all:first_target_points=1:stop_points=1:runner_target_points=1.5:runner_stop_mode=breakeven,delta_absorption_fade_20d_cl0.35,all,1,1,1.5,breakeven,85,85,85,41,44,31,13,0,0,31,0.36470588,425,-4420,-52,41,44,"two-contract post-signal scalp: one contract exits at first target, one runner uses selected stop mode and runner target"
1,signal_scaled_scalp:strategy=delta_absorption_fade_20d_cl0.35:direction=all:first_target_points=1:stop_points=1:runner_target_points=1.5:runner_stop_mode=initial,delta_absorption_fade_20d_cl0.35,all,1,1,1.5,initial,85,85,85,41,44,34,10,0,0,34,0.4,150,-4695,-55.23529412,41,44,"two-contract post-signal scalp: one contract exits at first target, one runner uses selected stop mode and runner target"
1,signal_scaled_scalp:strategy=delta_absorption_fade_20d_cl0.35:direction=all:first_target_points=1:stop_points=1:runner_target_points=2:runner_stop_mode=breakeven,delta_absorption_fade_20d_cl0.35,all,1,1,2,breakeven,85,85,85,41,44,19,25,0,0,19,0.22352941,0,-4845,-57,41,44,"two-contract post-signal scalp: one contract exits at first target, one runner uses selected stop mode and runner target"
1,signal_scaled_scalp:strategy=delta_absorption_fade_20d_cl0.35:direction=all:first_target_points=1:stop_points=1:runner_target_points=2:runner_stop_mode=initial,delta_absorption_fade_20d_cl0.35,all,1,1,2,initial,85,85,85,41,44,23,21,0,0,23,0.27058824,-650,-5495,-64.64705882,41,44,"two-contract post-signal scalp: one contract exits at first target, one runner uses selected stop mode and runner target"
1,signal_scaled_scalp:strategy=delta_absorption_fade_20d_cl0.35:direction=all:first_target_points=1:stop_points=1:runner_target_points=3:runner_stop_mode=breakeven,delta_absorption_fade_20d_cl0.35,all,1,1,3,breakeven,85,85,85,41,44,12,32,0,0,12,0.14117647,-100,-4945,-58.17647059,41,44,"two-contract post-signal scalp: one contract exits at first target, one runner uses selected stop mode and runner target"
1,signal_scaled_scalp:strategy=delta_absorption_fade_20d_cl0.35:direction=all:first_target_points=1:stop_points=1:runner_target_points=3:runner_stop_mode=initial,delta_absorption_fade_20d_cl0.35,all,1,1,3,initial,85,85,85,41,44,15,29,0,0,15,0.17647059,-1100,-5945,-69.94117647,41,44,"two-contract post-signal scalp: one contract exits at first target, one runner uses selected stop mode and runner target"
1,signal_scaled_scalp:strategy=delta_absorption_fade_20d_cl0.35:direction=all:first_target_points=1:stop_points=1:runner_target_points=5:runner_stop_mode=breakeven,delta_absorption_fade_20d_cl0.35,all,1,1,5,breakeven,85,85,85,41,44,8,36,0,0,8,0.09411765,100,-4745,-55.82352941,41,44,"two-contract post-signal scalp: one contract exits at first target, one runner uses selected stop mode and runner target"
1,signal_scaled_scalp:strategy=delta_absorption_fade_20d_cl0.35:direction=all:first_target_points=1:stop_points=1:runner_target_points=5:runner_stop_mode=initial,delta_absorption_fade_20d_cl0.35,all,1,1,5,initial,85,85,85,41,44,10,34,0,0,10,0.11764706,-1100,-5945,-69.94117647,41,44,"two-contract post-signal scalp: one contract exits at first target, one runner uses selected stop mode and runner target"
1,signal_scaled_scalp:strategy=delta_absorption_fade_20d_cl0.35:direction=all:first_target_points=1:stop_points=1.5:runner_target_points=1.5:runner_stop_mode=breakeven,delta_absorption_fade_20d_cl0.35,all,1,1.5,1.5,breakeven,85,85,85,33,52,35,17,0,0,35,0.41176471,275,-4570,-53.76470588,41,44,"two-contract post-signal scalp: one contract exits at first target, one runner uses selected stop mode and runner target"
1,signal_scaled_scalp:strategy=delta_absorption_fade_20d_cl0.35:direction=all:first_target_points=1:stop_points=1.5:runner_target_points=1.5:runner_stop_mode=initial,delta_absorption_fade_20d_cl0.35,all,1,1.5,1.5,initial,85,85,85,33,52,42,10,0,0,42,0.49411765,50,-4795,-56.41176471,41,44,"two-contract post-signal scalp: one contract exits at first target, one runner uses selected stop mode and runner target"
1,signal_scaled_scalp:strategy=delta_absorption_fade_20d_cl0.35:direction=all:first_target_points=1:stop_points=1.5:runner_target_points=2:runner_stop_mode=breakeven,delta_absorption_fade_20d_cl0.35,all,1,1.5,2,breakeven,85,85,85,33,52,23,29,0,0,23,0.27058824,-50,-4895,-57.58823529,41,44,"two-contract post-signal scalp: one contract exits at first target, one runner uses selected stop mode and runner target"
1,signal_scaled_scalp:strategy=delta_absorption_fade_20d_cl0.35:direction=all:first_target_points=1:stop_points=1.5:runner_target_points=2:runner_stop_mode=initial,delta_absorption_fade_20d_cl0.35,all,1,1.5,2,initial,85,85,85,33,52,33,19,0,0,33,0.38823529,-475,-5320,-62.58823529,41,44,"two-contract post-signal scalp: one contract exits at first target, one runner uses selected stop mode and runner target"
1,signal_scaled_scalp:strategy=delta_absorption_fade_20d_cl0.35:direction=all:first_target_points=1:stop_points=1.5:runner_target_points=3:runner_stop_mode=breakeven,delta_absorption_fade_20d_cl0.35,all,1,1.5,3,breakeven,85,85,85,33,52,14,38,0,0,14,0.16470588,-250,-5095,-59.94117647,41,44,"two-contract post-signal scalp: one contract exits at first target, one runner uses selected stop mode and runner target"
1,signal_scaled_scalp:strategy=delta_absorption_fade_20d_cl0.35:direction=all:first_target_points=1:stop_points=1.5:runner_target_points=3:runner_stop_mode=initial,delta_absorption_fade_20d_cl0.35,all,1,1.5,3,initial,85,85,85,33,52,24,28,0,0,24,0.28235294,-850,-5695,-67,41,44,"two-contract post-signal scalp: one contract exits at first target, one runner uses selected stop mode and runner target"
1,signal_scaled_scalp:strategy=delta_absorption_fade_20d_cl0.35:direction=all:first_target_points=1:stop_points=1.5:runner_target_points=5:runner_stop_mode=breakeven,delta_absorption_fade_20d_cl0.35,all,1,1.5,5,breakeven,85,85,85,33,52,9,43,0,0,9,0.10588235,-100,-4945,-58.17647059,41,44,"two-contract post-signal scalp: one contract exits at first target, one runner uses selected stop mode and runner target"
1,signal_scaled_scalp:strategy=delta_absorption_fade_20d_cl0.35:direction=all:first_target_points=1:stop_points=1.5:runner_target_points=5:runner_stop_mode=initial,delta_absorption_fade_20d_cl0.35,all,1,1.5,5,initial,85,85,85,33,52,16,36,0,0,16,0.18823529,-1050,-5895,-69.35294118,41,44,"two-contract post-signal scalp: one contract exits at first target, one runner uses selected stop mode and runner target"
1,signal_scaled_scalp:strategy=delta_absorption_fade_20d_cl0.35:direction=all:first_target_points=1:stop_points=2:runner_target_points=1.5:runner_stop_mode=breakeven,delta_absorption_fade_20d_cl0.35,all,1,2,1.5,breakeven,85,85,85,29,56,37,19,0,0,37,0.43529412,-225,-5070,-59.64705882,41,44,"two-contract post-signal scalp: one contract exits at first target, one runner uses selected stop mode and runner target"
1,signal_scaled_scalp:strategy=delta_absorption_fade_20d_cl0.35:direction=all:first_target_points=1:stop_points=2:runner_target_points=1.5:runner_stop_mode=initial,delta_absorption_fade_20d_cl0.35,all,1,2,1.5,initial,85,85,85,29,56,48,8,0,0,48,0.56470588,-200,-5045,-59.35294118,41,44,"two-contract post-signal scalp: one contract exits at first target, one runner uses selected stop mode and runner target"
1,signal_scaled_scalp:strategy=delta_absorption_fade_20d_cl0.35:direction=all:first_target_points=1:stop_points=2:runner_target_points=2:runner_stop_mode=breakeven,delta_absorption_fade_20d_cl0.35,all,1,2,2,breakeven,85,85,85,29,56,25,31,0,0,25,0.29411765,-500,-5345,-62.88235294,41,44,"two-contract post-signal scalp: one contract exits at first target, one runner uses selected stop mode and runner target"
1,signal_scaled_scalp:strategy=delta_absorption_fade_20d_cl0.35:direction=all:first_target_points=1:stop_points=2:runner_target_points=2:runner_stop_mode=initial,delta_absorption_fade_20d_cl0.35,all,1,2,2,initial,85,85,85,29,56,40,16,0,0,40,0.47058824,-600,-5445,-64.05882353,41,44,"two-contract post-signal scalp: one contract exits at first target, one runner uses selected stop mode and runner target"
1,signal_scaled_scalp:strategy=delta_absorption_fade_20d_cl0.35:direction=all:first_target_points=1:stop_points=2:runner_target_points=3:runner_stop_mode=breakeven,delta_absorption_fade_20d_cl0.35,all,1,2,3,breakeven,85,85,85,29,56,15,41,0,0,15,0.17647059,-750,-5595,-65.82352941,41,44,"two-contract post-signal scalp: one contract exits at first target, one runner uses selected stop mode and runner target"
1,signal_scaled_scalp:strategy=delta_absorption_fade_20d_cl0.35:direction=all:first_target_points=1:stop_points=2:runner_target_points=3:runner_stop_mode=initial,delta_absorption_fade_20d_cl0.35,all,1,2,3,initial,85,85,85,29,56,30,26,0,0,30,0.35294118,-1100,-5945,-69.94117647,41,44,"two-contract post-signal scalp: one contract exits at first target, one runner uses selected stop mode and runner target"
1,signal_scaled_scalp:strategy=delta_absorption_fade_20d_cl0.35:direction=all:first_target_points=1:stop_points=2:runner_target_points=5:runner_stop_mode=breakeven,delta_absorption_fade_20d_cl0.35,all,1,2,5,breakeven,85,85,85,29,56,9,47,0,0,9,0.10588235,-750,-5595,-65.82352941,41,44,"two-contract post-signal scalp: one contract exits at first target, one runner uses selected stop mode and runner target"
1,signal_scaled_scalp:strategy=delta_absorption_fade_20d_cl0.35:direction=all:first_target_points=1:stop_points=2:runner_target_points=5:runner_stop_mode=initial,delta_absorption_fade_20d_cl0.35,all,1,2,5,initial,85,85,85,29,56,21,35,0,0,21,0.24705882,-1250,-6095,-71.70588235,41,44,"two-contract post-signal scalp: one contract exits at first target, one runner uses selected stop mode and runner target"
1,signal_scaled_scalp:strategy=delta_absorption_fade_20d_cl0.35:direction=all:first_target_points=1.5:stop_points=1:runner_target_points=2:runner_stop_mode=breakeven,delta_absorption_fade_20d_cl0.35,all,1.5,1,2,breakeven,85,85,85,51,34,21,13,0,0,34,0.4,-450,-5295,-62.29411765,41,44,"two-contract post-signal scalp: one contract exits at first target, one runner uses selected stop mode and runner target"
1,signal_scaled_scalp:strategy=delta_absorption_fade_20d_cl0.35:direction=all:first_target_points=1.5:stop_points=1:runner_target_points=2:runner_stop_mode=initial,delta_absorption_fade_20d_cl0.35,all,1.5,1,2,initial,85,85,85,51,34,23,11,0,0,23,0.27058824,-800,-5645,-66.41176471,41,44,"two-contract post-signal scalp: one contract exits at first target, one runner uses selected stop mode and runner target"
1,signal_scaled_scalp:strategy=delta_absorption_fade_20d_cl0.35:direction=all:first_target_points=1.5:stop_points=1:runner_target_points=3:runner_stop_mode=breakeven,delta_absorption_fade_20d_cl0.35,all,1.5,1,3,breakeven,85,85,85,51,34,14,20,0,0,34,0.4,-450,-5295,-62.29411765,41,44,"two-contract post-signal scalp: one contract exits at first target, one runner uses selected stop mode and runner target"
1,signal_scaled_scalp:strategy=delta_absorption_fade_20d_cl0.35:direction=all:first_target_points=1.5:stop_points=1:runner_target_points=3:runner_stop_mode=initial,delta_absorption_fade_20d_cl0.35,all,1.5,1,3,initial,85,85,85,51,34,15,19,0,0,15,0.17647059,-1250,-6095,-71.70588235,41,44,"two-contract post-signal scalp: one contract exits at first target, one runner uses selected stop mode and runner target"
1,signal_scaled_scalp:strategy=delta_absorption_fade_20d_cl0.35:direction=all:first_target_points=1.5:stop_points=1:runner_target_points=5:runner_stop_mode=breakeven,delta_absorption_fade_20d_cl0.35,all,1.5,1,5,breakeven,85,85,85,51,34,9,25,0,0,34,0.4,-300,-5145,-60.52941176,41,44,"two-contract post-signal scalp: one contract exits at first target, one runner uses selected stop mode and runner target"
1,signal_scaled_scalp:strategy=delta_absorption_fade_20d_cl0.35:direction=all:first_target_points=1.5:stop_points=1:runner_target_points=5:runner_stop_mode=initial,delta_absorption_fade_20d_cl0.35,all,1.5,1,5,initial,85,85,85,51,34,10,24,0,0,10,0.11764706,-1250,-6095,-71.70588235,41,44,"two-contract post-signal scalp: one contract exits at first target, one runner uses selected stop mode and runner target"
1,signal_scaled_scalp:strategy=delta_absorption_fade_20d_cl0.35:direction=all:first_target_points=1.5:stop_points=1.5:runner_target_points=2:runner_stop_mode=breakeven,delta_absorption_fade_20d_cl0.35,all,1.5,1.5,2,breakeven,85,85,85,43,42,28,14,0,0,42,0.49411765,-500,-5345,-62.88235294,41,44,"two-contract post-signal scalp: one contract exits at first target, one runner uses selected stop mode and runner target"
1,signal_scaled_scalp:strategy=delta_absorption_fade_20d_cl0.35:direction=all:first_target_points=1.5:stop_points=1.5:runner_target_points=2:runner_stop_mode=initial,delta_absorption_fade_20d_cl0.35,all,1.5,1.5,2,initial,85,85,85,43,42,33,9,0,0,33,0.38823529,-675,-5520,-64.94117647,41,44,"two-contract post-signal scalp: one contract exits at first target, one runner uses selected stop mode and runner target"
1,signal_scaled_scalp:strategy=delta_absorption_fade_20d_cl0.35:direction=all:first_target_points=1.5:stop_points=1.5:runner_target_points=3:runner_stop_mode=breakeven,delta_absorption_fade_20d_cl0.35,all,1.5,1.5,3,breakeven,85,85,85,43,42,18,24,0,0,42,0.49411765,-600,-5445,-64.05882353,41,44,"two-contract post-signal scalp: one contract exits at first target, one runner uses selected stop mode and runner target"
1,signal_scaled_scalp:strategy=delta_absorption_fade_20d_cl0.35:direction=all:first_target_points=1.5:stop_points=1.5:runner_target_points=3:runner_stop_mode=initial,delta_absorption_fade_20d_cl0.35,all,1.5,1.5,3,initial,85,85,85,43,42,24,18,0,0,24,0.28235294,-1050,-5895,-69.35294118,41,44,"two-contract post-signal scalp: one contract exits at first target, one runner uses selected stop mode and runner target"
1,signal_scaled_scalp:strategy=delta_absorption_fade_20d_cl0.35:direction=all:first_target_points=1.5:stop_points=1.5:runner_target_points=5:runner_stop_mode=breakeven,delta_absorption_fade_20d_cl0.35,all,1.5,1.5,5,breakeven,85,85,85,43,42,11,31,0,0,42,0.49411765,-550,-5395,-63.47058824,41,44,"two-contract post-signal scalp: one contract exits at first target, one runner uses selected stop mode and runner target"
1,signal_scaled_scalp:strategy=delta_absorption_fade_20d_cl0.35:direction=all:first_target_points=1.5:stop_points=1.5:runner_target_points=5:runner_stop_mode=initial,delta_absorption_fade_20d_cl0.35,all,1.5,1.5,5,initial,85,85,85,43,42,16,26,0,0,16,0.18823529,-1250,-6095,-71.70588235,41,44,"two-contract post-signal scalp: one contract exits at first target, one runner uses selected stop mode and runner target"
1,signal_scaled_scalp:strategy=delta_absorption_fade_20d_cl0.35:direction=all:first_target_points=1.5:stop_points=2:runner_target_points=2:runner_stop_mode=breakeven,delta_absorption_fade_20d_cl0.35,all,1.5,2,2,breakeven,85,85,85,37,48,33,15,0,0,48,0.56470588,-500,-5345,-62.88235294,41,44,"two-contract post-signal scalp: one contract exits at first target, one runner uses selected stop mode and runner target"
1,signal_scaled_scalp:strategy=delta_absorption_fade_20d_cl0.35:direction=all:first_target_points=1.5:stop_points=2:runner_target_points=2:runner_stop_mode=initial,delta_absorption_fade_20d_cl0.35,all,1.5,2,2,initial,85,85,85,37,48,40,8,0,0,40,0.47058824,-600,-5445,-64.05882353,41,44,"two-contract post-signal scalp: one contract exits at first target, one runner uses selected stop mode and runner target"
1,signal_scaled_scalp:strategy=delta_absorption_fade_20d_cl0.35:direction=all:first_target_points=1.5:stop_points=2:runner_target_points=3:runner_stop_mode=breakeven,delta_absorption_fade_20d_cl0.35,all,1.5,2,3,breakeven,85,85,85,37,48,21,27,0,0,48,0.56470588,-650,-5495,-64.64705882,41,44,"two-contract post-signal scalp: one contract exits at first target, one runner uses selected stop mode and runner target"
1,signal_scaled_scalp:strategy=delta_absorption_fade_20d_cl0.35:direction=all:first_target_points=1.5:stop_points=2:runner_target_points=3:runner_stop_mode=initial,delta_absorption_fade_20d_cl0.35,all,1.5,2,3,initial,85,85,85,37,48,30,18,0,0,30,0.35294118,-1100,-5945,-69.94117647,41,44,"two-contract post-signal scalp: one contract exits at first target, one runner uses selected stop mode and runner target"
1,signal_scaled_scalp:strategy=delta_absorption_fade_20d_cl0.35:direction=all:first_target_points=1.5:stop_points=2:runner_target_points=5:runner_stop_mode=breakeven,delta_absorption_fade_20d_cl0.35,all,1.5,2,5,breakeven,85,85,85,37,48,12,36,0,0,48,0.56470588,-800,-5645,-66.41176471,41,44,"two-contract post-signal scalp: one contract exits at first target, one runner uses selected stop mode and runner target"
1,signal_scaled_scalp:strategy=delta_absorption_fade_20d_cl0.35:direction=all:first_target_points=1.5:stop_points=2:runner_target_points=5:runner_stop_mode=initial,delta_absorption_fade_20d_cl0.35,all,1.5,2,5,initial,85,85,85,37,48,21,27,0,0,21,0.24705882,-1250,-6095,-71.70588235,41,44,"two-contract post-signal scalp: one contract exits at first target, one runner uses selected stop mode and runner target"
1,signal_scaled_scalp:strategy=delta_absorption_fade_30d_cl0.4:direction=all:first_target_points=0.5:stop_points=1:runner_target_points=1.5:runner_stop_mode=breakeven,delta_absorption_fade_30d_cl0.4,all,0.5,1,1.5,breakeven,82,82,82,35,47,30,17,0,0,30,0.36585366,-75,-4749,-57.91463415,44,38,"two-contract post-signal scalp: one contract exits at first target, one runner uses selected stop mode and runner target"
1,signal_scaled_scalp:strategy=delta_absorption_fade_30d_cl0.4:direction=all:first_target_points=0.5:stop_points=1:runner_target_points=1.5:runner_stop_mode=initial,delta_absorption_fade_30d_cl0.4,all,0.5,1,1.5,initial,82,82,82,35,47,35,12,0,0,35,0.42682927,-300,-4974,-60.65853659,44,38,"two-contract post-signal scalp: one contract exits at first target, one runner uses selected stop mode and runner target"
1,signal_scaled_scalp:strategy=delta_absorption_fade_30d_cl0.4:direction=all:first_target_points=0.5:stop_points=1:runner_target_points=2:runner_stop_mode=breakeven,delta_absorption_fade_30d_cl0.4,all,0.5,1,2,breakeven,82,82,82,35,47,15,32,0,0,15,0.18292683,-825,-5499,-67.06097561,44,38,"two-contract post-signal scalp: one contract exits at first target, one runner uses selected stop mode and runner target"
1,signal_scaled_scalp:strategy=delta_absorption_fade_30d_cl0.4:direction=all:first_target_points=0.5:stop_points=1:runner_target_points=2:runner_stop_mode=initial,delta_absorption_fade_30d_cl0.4,all,0.5,1,2,initial,82,82,82,35,47,24,23,0,0,24,0.29268293,-1075,-5749,-70.1097561,44,38,"two-contract post-signal scalp: one contract exits at first target, one runner uses selected stop mode and runner target"
1,signal_scaled_scalp:strategy=delta_absorption_fade_30d_cl0.4:direction=all:first_target_points=0.5:stop_points=1:runner_target_points=3:runner_stop_mode=breakeven,delta_absorption_fade_30d_cl0.4,all,0.5,1,3,breakeven,82,82,82,35,47,12,35,0,0,12,0.14634146,-525,-5199,-63.40243902,44,38,"two-contract post-signal scalp: one contract exits at first target, one runner uses selected stop mode and runner target"
1,signal_scaled_scalp:strategy=delta_absorption_fade_30d_cl0.4:direction=all:first_target_points=0.5:stop_points=1:runner_target_points=3:runner_stop_mode=initial,delta_absorption_fade_30d_cl0.4,all,0.5,1,3,initial,82,82,82,35,47,16,31,0,0,16,0.19512195,-1475,-6149,-74.98780488,44,38,"two-contract post-signal scalp: one contract exits at first target, one runner uses selected stop mode and runner target"
1,signal_scaled_scalp:strategy=delta_absorption_fade_30d_cl0.4:direction=all:first_target_points=0.5:stop_points=1:runner_target_points=5:runner_stop_mode=breakeven,delta_absorption_fade_30d_cl0.4,all,0.5,1,5,breakeven,82,82,82,35,47,7,40,0,0,7,0.08536585,-575,-5249,-64.01219512,44,38,"two-contract post-signal scalp: one contract exits at first target, one runner uses selected stop mode and runner target"
1,signal_scaled_scalp:strategy=delta_absorption_fade_30d_cl0.4:direction=all:first_target_points=0.5:stop_points=1:runner_target_points=5:runner_stop_mode=initial,delta_absorption_fade_30d_cl0.4,all,0.5,1,5,initial,82,82,82,35,47,10,37,0,0,10,0.12195122,-1675,-6349,-77.42682927,44,38,"two-contract post-signal scalp: one contract exits at first target, one runner uses selected stop mode and runner target"
1,signal_scaled_scalp:strategy=delta_absorption_fade_30d_cl0.4:direction=all:first_target_points=0.5:stop_points=1.5:runner_target_points=1.5:runner_stop_mode=breakeven,delta_absorption_fade_30d_cl0.4,all,0.5,1.5,1.5,breakeven,82,82,82,26,56,33,23,0,0,33,0.40243902,-25,-4699,-57.30487805,44,38,"two-contract post-signal scalp: one contract exits at first target, one runner uses selected stop mode and runner target"
1,signal_scaled_scalp:strategy=delta_absorption_fade_30d_cl0.4:direction=all:first_target_points=0.5:stop_points=1.5:runner_target_points=1.5:runner_stop_mode=initial,delta_absorption_fade_30d_cl0.4,all,0.5,1.5,1.5,initial,82,82,82,26,56,44,12,0,0,44,0.53658537,-100,-4774,-58.2195122,44,38,"two-contract post-signal scalp: one contract exits at first target, one runner uses selected stop mode and runner target"
1,signal_scaled_scalp:strategy=delta_absorption_fade_30d_cl0.4:direction=all:first_target_points=0.5:stop_points=1.5:runner_target_points=2:runner_stop_mode=breakeven,delta_absorption_fade_30d_cl0.4,all,0.5,1.5,2,breakeven,82,82,82,26,56,17,39,0,0,17,0.20731707,-800,-5474,-66.75609756,44,38,"two-contract post-signal scalp: one contract exits at first target, one runner uses selected stop mode and runner target"
1,signal_scaled_scalp:strategy=delta_absorption_fade_30d_cl0.4:direction=all:first_target_points=0.5:stop_points=1.5:runner_target_points=2:runner_stop_mode=initial,delta_absorption_fade_30d_cl0.4,all,0.5,1.5,2,initial,82,82,82,26,56,33,23,0,0,33,0.40243902,-925,-5599,-68.2804878,44,38,"two-contract post-signal scalp: one contract exits at first target, one runner uses selected stop mode and runner target"
1,signal_scaled_scalp:strategy=delta_absorption_fade_30d_cl0.4:direction=all:first_target_points=0.5:stop_points=1.5:runner_target_points=3:runner_stop_mode=breakeven,delta_absorption_fade_30d_cl0.4,all,0.5,1.5,3,breakeven,82,82,82,26,56,14,42,0,0,14,0.17073171,-400,-5074,-61.87804878,44,38,"two-contract post-signal scalp: one contract exits at first target, one runner uses selected stop mode and runner target"
1,signal_scaled_scalp:strategy=delta_absorption_fade_30d_cl0.4:direction=all:first_target_points=0.5:stop_points=1.5:runner_target_points=3:runner_stop_mode=initial,delta_absorption_fade_30d_cl0.4,all,0.5,1.5,3,initial,82,82,82,26,56,22,34,0,0,22,0.26829268,-1750,-6424,-78.34146341,44,38,"two-contract post-signal scalp: one contract exits at first target, one runner uses selected stop mode and runner target"
1,signal_scaled_scalp:strategy=delta_absorption_fade_30d_cl0.4:direction=all:first_target_points=0.5:stop_points=1.5:runner_target_points=5:runner_stop_mode=breakeven,delta_absorption_fade_30d_cl0.4,all,0.5,1.5,5,breakeven,82,82,82,26,56,9,47,0,0,9,0.1097561,-250,-4924,-60.04878049,44,38,"two-contract post-signal scalp: one contract exits at first target, one runner uses selected stop mode and runner target"
1,signal_scaled_scalp:strategy=delta_absorption_fade_30d_cl0.4:direction=all:first_target_points=0.5:stop_points=1.5:runner_target_points=5:runner_stop_mode=initial,delta_absorption_fade_30d_cl0.4,all,0.5,1.5,5,initial,82,82,82,26,56,14,42,0,0,14,0.17073171,-2150,-6824,-83.2195122,44,38,"two-contract post-signal scalp: one contract exits at first target, one runner uses selected stop mode and runner target"
1,signal_scaled_scalp:strategy=delta_absorption_fade_30d_cl0.4:direction=all:first_target_points=0.5:stop_points=2:runner_target_points=1.5:runner_stop_mode=breakeven,delta_absorption_fade_30d_cl0.4,all,0.5,2,1.5,breakeven,82,82,82,19,63,33,30,0,0,33,0.40243902,250,-4424,-53.95121951,44,38,"two-contract post-signal scalp: one contract exits at first target, one runner uses selected stop mode and runner target"
1,signal_scaled_scalp:strategy=delta_absorption_fade_30d_cl0.4:direction=all:first_target_points=0.5:stop_points=2:runner_target_points=1.5:runner_stop_mode=initial,delta_absorption_fade_30d_cl0.4,all,0.5,2,1.5,initial,82,82,82,19,63,52,11,0,0,52,0.63414634,575,-4099,-49.98780488,44,38,"two-contract post-signal scalp: one contract exits at first target, one runner uses selected stop mode and runner target"
1,signal_scaled_scalp:strategy=delta_absorption_fade_30d_cl0.4:direction=all:first_target_points=0.5:stop_points=2:runner_target_points=2:runner_stop_mode=breakeven,delta_absorption_fade_30d_cl0.4,all,0.5,2,2,breakeven,82,82,82,19,63,17,46,0,0,17,0.20731707,-525,-5199,-63.40243902,44,38,"two-contract post-signal scalp: one contract exits at first target, one runner uses selected stop mode and runner target"
1,signal_scaled_scalp:strategy=delta_absorption_fade_30d_cl0.4:direction=all:first_target_points=0.5:stop_points=2:runner_target_points=2:runner_stop_mode=initial,delta_absorption_fade_30d_cl0.4,all,0.5,2,2,initial,82,82,82,19,63,40,23,0,0,40,0.48780488,-525,-5199,-63.40243902,44,38,"two-contract post-signal scalp: one contract exits at first target, one runner uses selected stop mode and runner target"
1,signal_scaled_scalp:strategy=delta_absorption_fade_30d_cl0.4:direction=all:first_target_points=0.5:stop_points=2:runner_target_points=3:runner_stop_mode=breakeven,delta_absorption_fade_30d_cl0.4,all,0.5,2,3,breakeven,82,82,82,19,63,14,49,0,0,14,0.17073171,-125,-4799,-58.52439024,44,38,"two-contract post-signal scalp: one contract exits at first target, one runner uses selected stop mode and runner target"
1,signal_scaled_scalp:strategy=delta_absorption_fade_30d_cl0.4:direction=all:first_target_points=0.5:stop_points=2:runner_target_points=3:runner_stop_mode=initial,delta_absorption_fade_30d_cl0.4,all,0.5,2,3,initial,82,82,82,19,63,28,35,0,0,28,0.34146341,-1525,-6199,-75.59756098,44,38,"two-contract post-signal scalp: one contract exits at first target, one runner uses selected stop mode and runner target"
1,signal_scaled_scalp:strategy=delta_absorption_fade_30d_cl0.4:direction=all:first_target_points=0.5:stop_points=2:runner_target_points=5:runner_stop_mode=breakeven,delta_absorption_fade_30d_cl0.4,all,0.5,2,5,breakeven,82,82,82,19,63,9,54,0,0,9,0.1097561,25,-4649,-56.69512195,44,38,"two-contract post-signal scalp: one contract exits at first target, one runner uses selected stop mode and runner target"
1,signal_scaled_scalp:strategy=delta_absorption_fade_30d_cl0.4:direction=all:first_target_points=0.5:stop_points=2:runner_target_points=5:runner_stop_mode=initial,delta_absorption_fade_30d_cl0.4,all,0.5,2,5,initial,82,82,82,19,63,19,44,0,0,19,0.23170732,-1875,-6549,-79.86585366,44,38,"two-contract post-signal scalp: one contract exits at first target, one runner uses selected stop mode and runner target"
1,signal_scaled_scalp:strategy=delta_absorption_fade_30d_cl0.4:direction=all:first_target_points=1:stop_points=1:runner_target_points=1.5:runner_stop_mode=breakeven,delta_absorption_fade_30d_cl0.4,all,1,1,1.5,breakeven,82,82,82,40,42,31,11,0,0,31,0.37804878,425,-4249,-51.81707317,44,38,"two-contract post-signal scalp: one contract exits at first target, one runner uses selected stop mode and runner target"
1,signal_scaled_scalp:strategy=delta_absorption_fade_30d_cl0.4:direction=all:first_target_points=1:stop_points=1:runner_target_points=1.5:runner_stop_mode=initial,delta_absorption_fade_30d_cl0.4,all,1,1,1.5,initial,82,82,82,40,42,35,7,0,0,35,0.42682927,375,-4299,-52.42682927,44,38,"two-contract post-signal scalp: one contract exits at first target, one runner uses selected stop mode and runner target"
1,signal_scaled_scalp:strategy=delta_absorption_fade_30d_cl0.4:direction=all:first_target_points=1:stop_points=1:runner_target_points=2:runner_stop_mode=breakeven,delta_absorption_fade_30d_cl0.4,all,1,1,2,breakeven,82,82,82,40,42,16,26,0,0,16,0.19512195,-300,-4974,-60.65853659,44,38,"two-contract post-signal scalp: one contract exits at first target, one runner uses selected stop mode and runner target"
1,signal_scaled_scalp:strategy=delta_absorption_fade_30d_cl0.4:direction=all:first_target_points=1:stop_points=1:runner_target_points=2:runner_stop_mode=initial,delta_absorption_fade_30d_cl0.4,all,1,1,2,initial,82,82,82,40,42,24,18,0,0,24,0.29268293,-400,-5074,-61.87804878,44,38,"two-contract post-signal scalp: one contract exits at first target, one runner uses selected stop mode and runner target"
1,signal_scaled_scalp:strategy=delta_absorption_fade_30d_cl0.4:direction=all:first_target_points=1:stop_points=1:runner_target_points=3:runner_stop_mode=breakeven,delta_absorption_fade_30d_cl0.4,all,1,1,3,breakeven,82,82,82,40,42,12,30,0,0,12,0.14634146,-100,-4774,-58.2195122,44,38,"two-contract post-signal scalp: one contract exits at first target, one runner uses selected stop mode and runner target"
1,signal_scaled_scalp:strategy=delta_absorption_fade_30d_cl0.4:direction=all:first_target_points=1:stop_points=1:runner_target_points=3:runner_stop_mode=initial,delta_absorption_fade_30d_cl0.4,all,1,1,3,initial,82,82,82,40,42,16,26,0,0,16,0.19512195,-800,-5474,-66.75609756,44,38,"two-contract post-signal scalp: one contract exits at first target, one runner uses selected stop mode and runner target"
1,signal_scaled_scalp:strategy=delta_absorption_fade_30d_cl0.4:direction=all:first_target_points=1:stop_points=1:runner_target_points=5:runner_stop_mode=breakeven,delta_absorption_fade_30d_cl0.4,all,1,1,5,breakeven,82,82,82,40,42,7,35,0,0,7,0.08536585,-150,-4824,-58.82926829,44,38,"two-contract post-signal scalp: one contract exits at first target, one runner uses selected stop mode and runner target"
1,signal_scaled_scalp:strategy=delta_absorption_fade_30d_cl0.4:direction=all:first_target_points=1:stop_points=1:runner_target_points=5:runner_stop_mode=initial,delta_absorption_fade_30d_cl0.4,all,1,1,5,initial,82,82,82,40,42,10,32,0,0,10,0.12195122,-1000,-5674,-69.19512195,44,38,"two-contract post-signal scalp: one contract exits at first target, one runner uses selected stop mode and runner target"
1,signal_scaled_scalp:strategy=delta_absorption_fade_30d_cl0.4:direction=all:first_target_points=1:stop_points=1.5:runner_target_points=1.5:runner_stop_mode=breakeven,delta_absorption_fade_30d_cl0.4,all,1,1.5,1.5,breakeven,82,82,82,30,52,36,16,0,0,36,0.43902439,800,-3874,-47.24390244,44,38,"two-contract post-signal scalp: one contract exits at first target, one runner uses selected stop mode and runner target"
1,signal_scaled_scalp:strategy=delta_absorption_fade_30d_cl0.4:direction=all:first_target_points=1:stop_points=1.5:runner_target_points=1.5:runner_stop_mode=initial,delta_absorption_fade_30d_cl0.4,all,1,1.5,1.5,initial,82,82,82,30,52,44,8,0,0,44,0.53658537,800,-3874,-47.24390244,44,38,"two-contract post-signal scalp: one contract exits at first target, one runner uses selected stop mode and runner target"
1,signal_scaled_scalp:strategy=delta_absorption_fade_30d_cl0.4:direction=all:first_target_points=1:stop_points=1.5:runner_target_points=2:runner_stop_mode=breakeven,delta_absorption_fade_30d_cl0.4,all,1,1.5,2,breakeven,82,82,82,30,52,20,32,0,0,20,0.24390244,100,-4574,-55.7804878,44,38,"two-contract post-signal scalp: one contract exits at first target, one runner uses selected stop mode and runner target"
1,signal_scaled_scalp:strategy=delta_absorption_fade_30d_cl0.4:direction=all:first_target_points=1:stop_points=1.5:runner_target_points=2:runner_stop_mode=initial,delta_absorption_fade_30d_cl0.4,all,1,1.5,2,initial,82,82,82,30,52,33,19,0,0,33,0.40243902,-25,-4699,-57.30487805,44,38,"two-contract post-signal scalp: one contract exits at first target, one runner uses selected stop mode and runner target"
1,signal_scaled_scalp:strategy=delta_absorption_fade_30d_cl0.4:direction=all:first_target_points=1:stop_points=1.5:runner_target_points=3:runner_stop_mode=breakeven,delta_absorption_fade_30d_cl0.4,all,1,1.5,3,breakeven,82,82,82,30,52,15,37,0,0,15,0.18292683,350,-4324,-52.73170732,44,38,"two-contract post-signal scalp: one contract exits at first target, one runner uses selected stop mode and runner target"
1,signal_scaled_scalp:strategy=delta_absorption_fade_30d_cl0.4:direction=all:first_target_points=1:stop_points=1.5:runner_target_points=3:runner_stop_mode=initial,delta_absorption_fade_30d_cl0.4,all,1,1.5,3,initial,82,82,82,30,52,22,30,0,0,22,0.26829268,-850,-5524,-67.36585366,44,38,"two-contract post-signal scalp: one contract exits at first target, one runner uses selected stop mode and runner target"
1,signal_scaled_scalp:strategy=delta_absorption_fade_30d_cl0.4:direction=all:first_target_points=1:stop_points=1.5:runner_target_points=5:runner_stop_mode=breakeven,delta_absorption_fade_30d_cl0.4,all,1,1.5,5,breakeven,82,82,82,30,52,9,43,0,0,9,0.1097561,350,-4324,-52.73170732,44,38,"two-contract post-signal scalp: one contract exits at first target, one runner uses selected stop mode and runner target"
1,signal_scaled_scalp:strategy=delta_absorption_fade_30d_cl0.4:direction=all:first_target_points=1:stop_points=1.5:runner_target_points=5:runner_stop_mode=initial,delta_absorption_fade_30d_cl0.4,all,1,1.5,5,initial,82,82,82,30,52,14,38,0,0,14,0.17073171,-1250,-5924,-72.24390244,44,38,"two-contract post-signal scalp: one contract exits at first target, one runner uses selected stop mode and runner target"
1,signal_scaled_scalp:strategy=delta_absorption_fade_30d_cl0.4:direction=all:first_target_points=1:stop_points=2:runner_target_points=1.5:runner_stop_mode=breakeven,delta_absorption_fade_30d_cl0.4,all,1,2,1.5,breakeven,82,82,82,23,59,40,19,0,0,40,0.48780488,1350,-3324,-40.53658537,44,38,"two-contract post-signal scalp: one contract exits at first target, one runner uses selected stop mode and runner target"
1,signal_scaled_scalp:strategy=delta_absorption_fade_30d_cl0.4:direction=all:first_target_points=1:stop_points=2:runner_target_points=1.5:runner_stop_mode=initial,delta_absorption_fade_30d_cl0.4,all,1,2,1.5,initial,82,82,82,23,59,52,7,0,0,52,0.63414634,1550,-3124,-38.09756098,44,38,"two-contract post-signal scalp: one contract exits at first target, one runner uses selected stop mode and runner target"
1,signal_scaled_scalp:strategy=delta_absorption_fade_30d_cl0.4:direction=all:first_target_points=1:stop_points=2:runner_target_points=2:runner_stop_mode=breakeven,delta_absorption_fade_30d_cl0.4,all,1,2,2,breakeven,82,82,82,23,59,22,37,0,0,22,0.26829268,550,-4124,-50.29268293,44,38,"two-contract post-signal scalp: one contract exits at first target, one runner uses selected stop mode and runner target"
1,signal_scaled_scalp:strategy=delta_absorption_fade_30d_cl0.4:direction=all:first_target_points=1:stop_points=2:runner_target_points=2:runner_stop_mode=initial,delta_absorption_fade_30d_cl0.4,all,1,2,2,initial,82,82,82,23,59,40,19,0,0,40,0.48780488,450,-4224,-51.51219512,44,38,"two-contract post-signal scalp: one contract exits at first target, one runner uses selected stop mode and runner target"
1,signal_scaled_scalp:strategy=delta_absorption_fade_30d_cl0.4:direction=all:first_target_points=1:stop_points=2:runner_target_points=3:runner_stop_mode=breakeven,delta_absorption_fade_30d_cl0.4,all,1,2,3,breakeven,82,82,82,23,59,16,43,0,0,16,0.19512195,750,-3924,-47.85365854,44,38,"two-contract post-signal scalp: one contract exits at first target, one runner uses selected stop mode and runner target"
1,signal_scaled_scalp:strategy=delta_absorption_fade_30d_cl0.4:direction=all:first_target_points=1:stop_points=2:runner_target_points=3:runner_stop_mode=initial,delta_absorption_fade_30d_cl0.4,all,1,2,3,initial,82,82,82,23,59,28,31,0,0,28,0.34146341,-550,-5224,-63.70731707,44,38,"two-contract post-signal scalp: one contract exits at first target, one runner uses selected stop mode and runner target"
1,signal_scaled_scalp:strategy=delta_absorption_fade_30d_cl0.4:direction=all:first_target_points=1:stop_points=2:runner_target_points=5:runner_stop_mode=breakeven,delta_absorption_fade_30d_cl0.4,all,1,2,5,breakeven,82,82,82,23,59,9,50,0,0,9,0.1097561,600,-4074,-49.68292683,44,38,"two-contract post-signal scalp: one contract exits at first target, one runner uses selected stop mode and runner target"
1,signal_scaled_scalp:strategy=delta_absorption_fade_30d_cl0.4:direction=all:first_target_points=1:stop_points=2:runner_target_points=5:runner_stop_mode=initial,delta_absorption_fade_30d_cl0.4,all,1,2,5,initial,82,82,82,23,59,19,40,0,0,19,0.23170732,-900,-5574,-67.97560976,44,38,"two-contract post-signal scalp: one contract exits at first target, one runner uses selected stop mode and runner target"
1,signal_scaled_scalp:strategy=delta_absorption_fade_30d_cl0.4:direction=all:first_target_points=1.5:stop_points=1:runner_target_points=2:runner_stop_mode=breakeven,delta_absorption_fade_30d_cl0.4,all,1.5,1,2,breakeven,82,82,82,47,35,19,16,0,0,35,0.42682927,-175,-4849,-59.13414634,44,38,"two-contract post-signal scalp: one contract exits at first target, one runner uses selected stop mode and runner target"
1,signal_scaled_scalp:strategy=delta_absorption_fade_30d_cl0.4:direction=all:first_target_points=1.5:stop_points=1:runner_target_points=2:runner_stop_mode=initial,delta_absorption_fade_30d_cl0.4,all,1.5,1,2,initial,82,82,82,47,35,24,11,0,0,24,0.29268293,-225,-4899,-59.74390244,44,38,"two-contract post-signal scalp: one contract exits at first target, one runner uses selected stop mode and runner target"
1,signal_scaled_scalp:strategy=delta_absorption_fade_30d_cl0.4:direction=all:first_target_points=1.5:stop_points=1:runner_target_points=3:runner_stop_mode=breakeven,delta_absorption_fade_30d_cl0.4,all,1.5,1,3,breakeven,82,82,82,47,35,14,21,0,0,35,0.42682927,25,-4649,-56.69512195,44,38,"two-contract post-signal scalp: one contract exits at first target, one runner uses selected stop mode and runner target"
1,signal_scaled_scalp:strategy=delta_absorption_fade_30d_cl0.4:direction=all:first_target_points=1.5:stop_points=1:runner_target_points=3:runner_stop_mode=initial,delta_absorption_fade_30d_cl0.4,all,1.5,1,3,initial,82,82,82,47,35,16,19,0,0,16,0.19512195,-625,-5299,-64.62195122,44,38,"two-contract post-signal scalp: one contract exits at first target, one runner uses selected stop mode and runner target"
1,signal_scaled_scalp:strategy=delta_absorption_fade_30d_cl0.4:direction=all:first_target_points=1.5:stop_points=1:runner_target_points=5:runner_stop_mode=breakeven,delta_absorption_fade_30d_cl0.4,all,1.5,1,5,breakeven,82,82,82,47,35,8,27,0,0,35,0.42682927,-75,-4749,-57.91463415,44,38,"two-contract post-signal scalp: one contract exits at first target, one runner uses selected stop mode and runner target"
1,signal_scaled_scalp:strategy=delta_absorption_fade_30d_cl0.4:direction=all:first_target_points=1.5:stop_points=1:runner_target_points=5:runner_stop_mode=initial,delta_absorption_fade_30d_cl0.4,all,1.5,1,5,initial,82,82,82,47,35,10,25,0,0,10,0.12195122,-825,-5499,-67.06097561,44,38,"two-contract post-signal scalp: one contract exits at first target, one runner uses selected stop mode and runner target"
1,signal_scaled_scalp:strategy=delta_absorption_fade_30d_cl0.4:direction=all:first_target_points=1.5:stop_points=1.5:runner_target_points=2:runner_stop_mode=breakeven,delta_absorption_fade_30d_cl0.4,all,1.5,1.5,2,breakeven,82,82,82,38,44,27,17,0,0,44,0.53658537,300,-4374,-53.34146341,44,38,"two-contract post-signal scalp: one contract exits at first target, one runner uses selected stop mode and runner target"
1,signal_scaled_scalp:strategy=delta_absorption_fade_30d_cl0.4:direction=all:first_target_points=1.5:stop_points=1.5:runner_target_points=2:runner_stop_mode=initial,delta_absorption_fade_30d_cl0.4,all,1.5,1.5,2,initial,82,82,82,38,44,33,11,0,0,33,0.40243902,75,-4599,-56.08536585,44,38,"two-contract post-signal scalp: one contract exits at first target, one runner uses selected stop mode and runner target"
1,signal_scaled_scalp:strategy=delta_absorption_fade_30d_cl0.4:direction=all:first_target_points=1.5:stop_points=1.5:runner_target_points=3:runner_stop_mode=breakeven,delta_absorption_fade_30d_cl0.4,all,1.5,1.5,3,breakeven,82,82,82,38,44,20,24,0,0,44,0.53658537,600,-4074,-49.68292683,44,38,"two-contract post-signal scalp: one contract exits at first target, one runner uses selected stop mode and runner target"
1,signal_scaled_scalp:strategy=delta_absorption_fade_30d_cl0.4:direction=all:first_target_points=1.5:stop_points=1.5:runner_target_points=3:runner_stop_mode=initial,delta_absorption_fade_30d_cl0.4,all,1.5,1.5,3,initial,82,82,82,38,44,22,22,0,0,22,0.26829268,-750,-5424,-66.14634146,44,38,"two-contract post-signal scalp: one contract exits at first target, one runner uses selected stop mode and runner target"
1,signal_scaled_scalp:strategy=delta_absorption_fade_30d_cl0.4:direction=all:first_target_points=1.5:stop_points=1.5:runner_target_points=5:runner_stop_mode=breakeven,delta_absorption_fade_30d_cl0.4,all,1.5,1.5,5,breakeven,82,82,82,38,44,12,32,0,0,44,0.53658537,600,-4074,-49.68292683,44,38,"two-contract post-signal scalp: one contract exits at first target, one runner uses selected stop mode and runner target"
1,signal_scaled_scalp:strategy=delta_absorption_fade_30d_cl0.4:direction=all:first_target_points=1.5:stop_points=1.5:runner_target_points=5:runner_stop_mode=initial,delta_absorption_fade_30d_cl0.4,all,1.5,1.5,5,initial,82,82,82,38,44,14,30,0,0,14,0.17073171,-1150,-5824,-71.02439024,44,38,"two-contract post-signal scalp: one contract exits at first target, one runner uses selected stop mode and runner target"
1,signal_scaled_scalp:strategy=delta_absorption_fade_30d_cl0.4:direction=all:first_target_points=1.5:stop_points=2:runner_target_points=2:runner_stop_mode=breakeven,delta_absorption_fade_30d_cl0.4,all,1.5,2,2,breakeven,82,82,82,30,52,31,21,0,0,52,0.63414634,1000,-3674,-44.80487805,44,38,"two-contract post-signal scalp: one contract exits at first target, one runner uses selected stop mode and runner target"
1,signal_scaled_scalp:strategy=delta_absorption_fade_30d_cl0.4:direction=all:first_target_points=1.5:stop_points=2:runner_target_points=2:runner_stop_mode=initial,delta_absorption_fade_30d_cl0.4,all,1.5,2,2,initial,82,82,82,30,52,40,12,0,0,40,0.48780488,700,-3974,-48.46341463,44,38,"two-contract post-signal scalp: one contract exits at first target, one runner uses selected stop mode and runner target"
1,signal_scaled_scalp:strategy=delta_absorption_fade_30d_cl0.4:direction=all:first_target_points=1.5:stop_points=2:runner_target_points=3:runner_stop_mode=breakeven,delta_absorption_fade_30d_cl0.4,all,1.5,2,3,breakeven,82,82,82,30,52,22,30,0,0,52,0.63414634,1200,-3474,-42.36585366,44,38,"two-contract post-signal scalp: one contract exits at first target, one runner uses selected stop mode and runner target"
1,signal_scaled_scalp:strategy=delta_absorption_fade_30d_cl0.4:direction=all:first_target_points=1.5:stop_points=2:runner_target_points=3:runner_stop_mode=initial,delta_absorption_fade_30d_cl0.4,all,1.5,2,3,initial,82,82,82,30,52,28,24,0,0,28,0.34146341,-300,-4974,-60.65853659,44,38,"two-contract post-signal scalp: one contract exits at first target, one runner uses selected stop mode and runner target"
1,signal_scaled_scalp:strategy=delta_absorption_fade_30d_cl0.4:direction=all:first_target_points=1.5:stop_points=2:runner_target_points=5:runner_stop_mode=breakeven,delta_absorption_fade_30d_cl0.4,all,1.5,2,5,breakeven,82,82,82,30,52,12,40,0,0,52,0.63414634,900,-3774,-46.02439024,44,38,"two-contract post-signal scalp: one contract exits at first target, one runner uses selected stop mode and runner target"
1,signal_scaled_scalp:strategy=delta_absorption_fade_30d_cl0.4:direction=all:first_target_points=1.5:stop_points=2:runner_target_points=5:runner_stop_mode=initial,delta_absorption_fade_30d_cl0.4,all,1.5,2,5,initial,82,82,82,30,52,19,33,0,0,19,0.23170732,-650,-5324,-64.92682927,44,38,"two-contract post-signal scalp: one contract exits at first target, one runner uses selected stop mode and runner target"
1,signal_scaled_scalp:strategy=vwap_delta_exhaustion_fade_2pt_10d_cl0.5:direction=all:first_target_points=0.5:stop_points=1:runner_target_points=1.5:runner_stop_mode=breakeven,vwap_delta_exhaustion_fade_2pt_10d_cl0.5,all,0.5,1,1.5,breakeven,105,105,105,49,56,35,21,0,0,35,0.33333333,-875,-6860,-65.33333333,68,37,"two-contract post-signal scalp: one contract exits at first target, one runner uses selected stop mode and runner target"
1,signal_scaled_scalp:strategy=vwap_delta_exhaustion_fade_2pt_10d_cl0.5:direction=all:first_target_points=0.5:stop_points=1:runner_target_points=1.5:runner_stop_mode=initial,vwap_delta_exhaustion_fade_2pt_10d_cl0.5,all,0.5,1,1.5,initial,105,105,105,49,56,44,12,0,0,44,0.41904762,-800,-6785,-64.61904762,68,37,"two-contract post-signal scalp: one contract exits at first target, one runner uses selected stop mode and runner target"
1,signal_scaled_scalp:strategy=vwap_delta_exhaustion_fade_2pt_10d_cl0.5:direction=all:first_target_points=0.5:stop_points=1:runner_target_points=2:runner_stop_mode=breakeven,vwap_delta_exhaustion_fade_2pt_10d_cl0.5,all,0.5,1,2,breakeven,105,105,105,49,56,30,26,0,0,30,0.28571429,-500,-6485,-61.76190476,68,37,"two-contract post-signal scalp: one contract exits at first target, one runner uses selected stop mode and runner target"
1,signal_scaled_scalp:strategy=vwap_delta_exhaustion_fade_2pt_10d_cl0.5:direction=all:first_target_points=0.5:stop_points=1:runner_target_points=2:runner_stop_mode=initial,vwap_delta_exhaustion_fade_2pt_10d_cl0.5,all,0.5,1,2,initial,105,105,105,49,56,40,16,0,0,40,0.38095238,-300,-6285,-59.85714286,68,37,"two-contract post-signal scalp: one contract exits at first target, one runner uses selected stop mode and runner target"
1,signal_scaled_scalp:strategy=vwap_delta_exhaustion_fade_2pt_10d_cl0.5:direction=all:first_target_points=0.5:stop_points=1:runner_target_points=3:runner_stop_mode=breakeven,vwap_delta_exhaustion_fade_2pt_10d_cl0.5,all,0.5,1,3,breakeven,105,105,105,49,56,19,37,0,0,19,0.18095238,-650,-6635,-63.19047619,68,37,"two-contract post-signal scalp: one contract exits at first target, one runner uses selected stop mode and runner target"
1,signal_scaled_scalp:strategy=vwap_delta_exhaustion_fade_2pt_10d_cl0.5:direction=all:first_target_points=0.5:stop_points=1:runner_target_points=3:runner_stop_mode=initial,vwap_delta_exhaustion_fade_2pt_10d_cl0.5,all,0.5,1,3,initial,105,105,105,49,56,26,30,0,0,26,0.24761905,-1100,-7085,-67.47619048,68,37,"two-contract post-signal scalp: one contract exits at first target, one runner uses selected stop mode and runner target"
1,signal_scaled_scalp:strategy=vwap_delta_exhaustion_fade_2pt_10d_cl0.5:direction=all:first_target_points=0.5:stop_points=1:runner_target_points=5:runner_stop_mode=breakeven,vwap_delta_exhaustion_fade_2pt_10d_cl0.5,all,0.5,1,5,breakeven,105,105,105,49,56,14,42,0,0,14,0.13333333,0,-5985,-57,68,37,"two-contract post-signal scalp: one contract exits at first target, one runner uses selected stop mode and runner target"
1,signal_scaled_scalp:strategy=vwap_delta_exhaustion_fade_2pt_10d_cl0.5:direction=all:first_target_points=0.5:stop_points=1:runner_target_points=5:runner_stop_mode=initial,vwap_delta_exhaustion_fade_2pt_10d_cl0.5,all,0.5,1,5,initial,105,105,105,49,56,18,38,0,0,18,0.17142857,-900,-6885,-65.57142857,68,37,"two-contract post-signal scalp: one contract exits at first target, one runner uses selected stop mode and runner target"
1,signal_scaled_scalp:strategy=vwap_delta_exhaustion_fade_2pt_10d_cl0.5:direction=all:first_target_points=0.5:stop_points=1.5:runner_target_points=1.5:runner_stop_mode=breakeven,vwap_delta_exhaustion_fade_2pt_10d_cl0.5,all,0.5,1.5,1.5,breakeven,105,105,105,35,70,38,32,0,0,38,0.36190476,-650,-6635,-63.19047619,68,37,"two-contract post-signal scalp: one contract exits at first target, one runner uses selected stop mode and runner target"
1,signal_scaled_scalp:strategy=vwap_delta_exhaustion_fade_2pt_10d_cl0.5:direction=all:first_target_points=0.5:stop_points=1.5:runner_target_points=1.5:runner_stop_mode=initial,vwap_delta_exhaustion_fade_2pt_10d_cl0.5,all,0.5,1.5,1.5,initial,105,105,105,35,70,52,18,0,0,52,0.4952381,-950,-6935,-66.04761905,68,37,"two-contract post-signal scalp: one contract exits at first target, one runner uses selected stop mode and runner target"
1,signal_scaled_scalp:strategy=vwap_delta_exhaustion_fade_2pt_10d_cl0.5:direction=all:first_target_points=0.5:stop_points=1.5:runner_target_points=2:runner_stop_mode=breakeven,vwap_delta_exhaustion_fade_2pt_10d_cl0.5,all,0.5,1.5,2,breakeven,105,105,105,35,70,33,37,0,0,33,0.31428571,-200,-6185,-58.9047619,68,37,"two-contract post-signal scalp: one contract exits at first target, one runner uses selected stop mode and runner target"
1,signal_scaled_scalp:strategy=vwap_delta_exhaustion_fade_2pt_10d_cl0.5:direction=all:first_target_points=0.5:stop_points=1.5:runner_target_points=2:runner_stop_mode=initial,vwap_delta_exhaustion_fade_2pt_10d_cl0.5,all,0.5,1.5,2,initial,105,105,105,35,70,48,22,0,0,48,0.45714286,-350,-6335,-60.33333333,68,37,"two-contract post-signal scalp: one contract exits at first target, one runner uses selected stop mode and runner target"
1,signal_scaled_scalp:strategy=vwap_delta_exhaustion_fade_2pt_10d_cl0.5:direction=all:first_target_points=0.5:stop_points=1.5:runner_target_points=3:runner_stop_mode=breakeven,vwap_delta_exhaustion_fade_2pt_10d_cl0.5,all,0.5,1.5,3,breakeven,105,105,105,35,70,21,49,0,0,21,0.2,-350,-6335,-60.33333333,68,37,"two-contract post-signal scalp: one contract exits at first target, one runner uses selected stop mode and runner target"
1,signal_scaled_scalp:strategy=vwap_delta_exhaustion_fade_2pt_10d_cl0.5:direction=all:first_target_points=0.5:stop_points=1.5:runner_target_points=3:runner_stop_mode=initial,vwap_delta_exhaustion_fade_2pt_10d_cl0.5,all,0.5,1.5,3,initial,105,105,105,35,70,34,36,0,0,34,0.32380952,-1100,-7085,-67.47619048,68,37,"two-contract post-signal scalp: one contract exits at first target, one runner uses selected stop mode and runner target"
1,signal_scaled_scalp:strategy=vwap_delta_exhaustion_fade_2pt_10d_cl0.5:direction=all:first_target_points=0.5:stop_points=1.5:runner_target_points=5:runner_stop_mode=breakeven,vwap_delta_exhaustion_fade_2pt_10d_cl0.5,all,0.5,1.5,5,breakeven,105,105,105,35,70,14,56,0,0,14,0.13333333,0,-5985,-57,68,37,"two-contract post-signal scalp: one contract exits at first target, one runner uses selected stop mode and runner target"
1,signal_scaled_scalp:strategy=vwap_delta_exhaustion_fade_2pt_10d_cl0.5:direction=all:first_target_points=0.5:stop_points=1.5:runner_target_points=5:runner_stop_mode=initial,vwap_delta_exhaustion_fade_2pt_10d_cl0.5,all,0.5,1.5,5,initial,105,105,105,35,70,24,46,0,0,24,0.22857143,-950,-6935,-66.04761905,68,37,"two-contract post-signal scalp: one contract exits at first target, one runner uses selected stop mode and runner target"
1,signal_scaled_scalp:strategy=vwap_delta_exhaustion_fade_2pt_10d_cl0.5:direction=all:first_target_points=0.5:stop_points=2:runner_target_points=1.5:runner_stop_mode=breakeven,vwap_delta_exhaustion_fade_2pt_10d_cl0.5,all,0.5,2,1.5,breakeven,105,105,105,32,73,39,34,0,0,39,0.37142857,-1650,-7635,-72.71428571,68,37,"two-contract post-signal scalp: one contract exits at first target, one runner uses selected stop mode and runner target"
1,signal_scaled_scalp:strategy=vwap_delta_exhaustion_fade_2pt_10d_cl0.5:direction=all:first_target_points=0.5:stop_points=2:runner_target_points=1.5:runner_stop_mode=initial,vwap_delta_exhaustion_fade_2pt_10d_cl0.5,all,0.5,2,1.5,initial,105,105,105,32,73,58,15,0,0,58,0.55238095,-1725,-7710,-73.42857143,68,37,"two-contract post-signal scalp: one contract exits at first target, one runner uses selected stop mode and runner target"
1,signal_scaled_scalp:strategy=vwap_delta_exhaustion_fade_2pt_10d_cl0.5:direction=all:first_target_points=0.5:stop_points=2:runner_target_points=2:runner_stop_mode=breakeven,vwap_delta_exhaustion_fade_2pt_10d_cl0.5,all,0.5,2,2,breakeven,105,105,105,32,73,34,39,0,0,34,0.32380952,-1175,-7160,-68.19047619,68,37,"two-contract post-signal scalp: one contract exits at first target, one runner uses selected stop mode and runner target"
1,signal_scaled_scalp:strategy=vwap_delta_exhaustion_fade_2pt_10d_cl0.5:direction=all:first_target_points=0.5:stop_points=2:runner_target_points=2:runner_stop_mode=initial,vwap_delta_exhaustion_fade_2pt_10d_cl0.5,all,0.5,2,2,initial,105,105,105,32,73,54,19,0,0,54,0.51428571,-1075,-7060,-67.23809524,68,37,"two-contract post-signal scalp: one contract exits at first target, one runner uses selected stop mode and runner target"
1,signal_scaled_scalp:strategy=vwap_delta_exhaustion_fade_2pt_10d_cl0.5:direction=all:first_target_points=0.5:stop_points=2:runner_target_points=3:runner_stop_mode=breakeven,vwap_delta_exhaustion_fade_2pt_10d_cl0.5,all,0.5,2,3,breakeven,105,105,105,32,73,22,51,0,0,22,0.20952381,-1275,-7260,-69.14285714,68,37,"two-contract post-signal scalp: one contract exits at first target, one runner uses selected stop mode and runner target"
1,signal_scaled_scalp:strategy=vwap_delta_exhaustion_fade_2pt_10d_cl0.5:direction=all:first_target_points=0.5:stop_points=2:runner_target_points=3:runner_stop_mode=initial,vwap_delta_exhaustion_fade_2pt_10d_cl0.5,all,0.5,2,3,initial,105,105,105,32,73,40,33,0,0,40,0.38095238,-1875,-7860,-74.85714286,68,37,"two-contract post-signal scalp: one contract exits at first target, one runner uses selected stop mode and runner target"
1,signal_scaled_scalp:strategy=vwap_delta_exhaustion_fade_2pt_10d_cl0.5:direction=all:first_target_points=0.5:stop_points=2:runner_target_points=5:runner_stop_mode=breakeven,vwap_delta_exhaustion_fade_2pt_10d_cl0.5,all,0.5,2,5,breakeven,105,105,105,32,73,14,59,0,0,14,0.13333333,-1075,-7060,-67.23809524,68,37,"two-contract post-signal scalp: one contract exits at first target, one runner uses selected stop mode and runner target"
1,signal_scaled_scalp:strategy=vwap_delta_exhaustion_fade_2pt_10d_cl0.5:direction=all:first_target_points=0.5:stop_points=2:runner_target_points=5:runner_stop_mode=initial,vwap_delta_exhaustion_fade_2pt_10d_cl0.5,all,0.5,2,5,initial,105,105,105,32,73,27,46,0,0,27,0.25714286,-2425,-8410,-80.0952381,68,37,"two-contract post-signal scalp: one contract exits at first target, one runner uses selected stop mode and runner target"
1,signal_scaled_scalp:strategy=vwap_delta_exhaustion_fade_2pt_10d_cl0.5:direction=all:first_target_points=1:stop_points=1:runner_target_points=1.5:runner_stop_mode=breakeven,vwap_delta_exhaustion_fade_2pt_10d_cl0.5,all,1,1,1.5,breakeven,105,105,105,56,49,37,12,0,0,37,0.35238095,-375,-6360,-60.57142857,68,37,"two-contract post-signal scalp: one contract exits at first target, one runner uses selected stop mode and runner target"
1,signal_scaled_scalp:strategy=vwap_delta_exhaustion_fade_2pt_10d_cl0.5:direction=all:first_target_points=1:stop_points=1:runner_target_points=1.5:runner_stop_mode=initial,vwap_delta_exhaustion_fade_2pt_10d_cl0.5,all,1,1,1.5,initial,105,105,105,56,49,44,5,0,0,44,0.41904762,-100,-6085,-57.95238095,68,37,"two-contract post-signal scalp: one contract exits at first target, one runner uses selected stop mode and runner target"
1,signal_scaled_scalp:strategy=vwap_delta_exhaustion_fade_2pt_10d_cl0.5:direction=all:first_target_points=1:stop_points=1:runner_target_points=2:runner_stop_mode=breakeven,vwap_delta_exhaustion_fade_2pt_10d_cl0.5,all,1,1,2,breakeven,105,105,105,56,49,32,17,0,0,32,0.3047619,50,-5935,-56.52380952,68,37,"two-contract post-signal scalp: one contract exits at first target, one runner uses selected stop mode and runner target"
1,signal_scaled_scalp:strategy=vwap_delta_exhaustion_fade_2pt_10d_cl0.5:direction=all:first_target_points=1:stop_points=1:runner_target_points=2:runner_stop_mode=initial,vwap_delta_exhaustion_fade_2pt_10d_cl0.5,all,1,1,2,initial,105,105,105,56,49,40,9,0,0,40,0.38095238,400,-5585,-53.19047619,68,37,"two-contract post-signal scalp: one contract exits at first target, one runner uses selected stop mode and runner target"
1,signal_scaled_scalp:strategy=vwap_delta_exhaustion_fade_2pt_10d_cl0.5:direction=all:first_target_points=1:stop_points=1:runner_target_points=3:runner_stop_mode=breakeven,vwap_delta_exhaustion_fade_2pt_10d_cl0.5,all,1,1,3,breakeven,105,105,105,56,49,21,28,0,0,21,0.2,0,-5985,-57,68,37,"two-contract post-signal scalp: one contract exits at first target, one runner uses selected stop mode and runner target"
1,signal_scaled_scalp:strategy=vwap_delta_exhaustion_fade_2pt_10d_cl0.5:direction=all:first_target_points=1:stop_points=1:runner_target_points=3:runner_stop_mode=initial,vwap_delta_exhaustion_fade_2pt_10d_cl0.5,all,1,1,3,initial,105,105,105,56,49,26,23,0,0,26,0.24761905,-400,-6385,-60.80952381,68,37,"two-contract post-signal scalp: one contract exits at first target, one runner uses selected stop mode and runner target"
1,signal_scaled_scalp:strategy=vwap_delta_exhaustion_fade_2pt_10d_cl0.5:direction=all:first_target_points=1:stop_points=1:runner_target_points=5:runner_stop_mode=breakeven,vwap_delta_exhaustion_fade_2pt_10d_cl0.5,all,1,1,5,breakeven,105,105,105,56,49,15,34,0,0,15,0.14285714,600,-5385,-51.28571429,68,37,"two-contract post-signal scalp: one contract exits at first target, one runner uses selected stop mode and runner target"
1,signal_scaled_scalp:strategy=vwap_delta_exhaustion_fade_2pt_10d_cl0.5:direction=all:first_target_points=1:stop_points=1:runner_target_points=5:runner_stop_mode=initial,vwap_delta_exhaustion_fade_2pt_10d_cl0.5,all,1,1,5,initial,105,105,105,56,49,18,31,0,0,18,0.17142857,-200,-6185,-58.9047619,68,37,"two-contract post-signal scalp: one contract exits at first target, one runner uses selected stop mode and runner target"
1,signal_scaled_scalp:strategy=vwap_delta_exhaustion_fade_2pt_10d_cl0.5:direction=all:first_target_points=1:stop_points=1.5:runner_target_points=1.5:runner_stop_mode=breakeven,vwap_delta_exhaustion_fade_2pt_10d_cl0.5,all,1,1.5,1.5,breakeven,105,105,105,46,59,43,16,0,0,43,0.40952381,-725,-6710,-63.9047619,68,37,"two-contract post-signal scalp: one contract exits at first target, one runner uses selected stop mode and runner target"
1,signal_scaled_scalp:strategy=vwap_delta_exhaustion_fade_2pt_10d_cl0.5:direction=all:first_target_points=1:stop_points=1.5:runner_target_points=1.5:runner_stop_mode=initial,vwap_delta_exhaustion_fade_2pt_10d_cl0.5,all,1,1.5,1.5,initial,105,105,105,46,59,52,7,0,0,52,0.4952381,-575,-6560,-62.47619048,68,37,"two-contract post-signal scalp: one contract exits at first target, one runner uses selected stop mode and runner target"
1,signal_scaled_scalp:strategy=vwap_delta_exhaustion_fade_2pt_10d_cl0.5:direction=all:first_target_points=1:stop_points=1.5:runner_target_points=2:runner_stop_mode=breakeven,vwap_delta_exhaustion_fade_2pt_10d_cl0.5,all,1,1.5,2,breakeven,105,105,105,46,59,37,22,0,0,37,0.35238095,-250,-6235,-59.38095238,68,37,"two-contract post-signal scalp: one contract exits at first target, one runner uses selected stop mode and runner target"
1,signal_scaled_scalp:strategy=vwap_delta_exhaustion_fade_2pt_10d_cl0.5:direction=all:first_target_points=1:stop_points=1.5:runner_target_points=2:runner_stop_mode=initial,vwap_delta_exhaustion_fade_2pt_10d_cl0.5,all,1,1.5,2,initial,105,105,105,46,59,48,11,0,0,48,0.45714286,25,-5960,-56.76190476,68,37,"two-contract post-signal scalp: one contract exits at first target, one runner uses selected stop mode and runner target"
1,signal_scaled_scalp:strategy=vwap_delta_exhaustion_fade_2pt_10d_cl0.5:direction=all:first_target_points=1:stop_points=1.5:runner_target_points=3:runner_stop_mode=breakeven,vwap_delta_exhaustion_fade_2pt_10d_cl0.5,all,1,1.5,3,breakeven,105,105,105,46,59,24,35,0,0,24,0.22857143,-350,-6335,-60.33333333,68,37,"two-contract post-signal scalp: one contract exits at first target, one runner uses selected stop mode and runner target"
1,signal_scaled_scalp:strategy=vwap_delta_exhaustion_fade_2pt_10d_cl0.5:direction=all:first_target_points=1:stop_points=1.5:runner_target_points=3:runner_stop_mode=initial,vwap_delta_exhaustion_fade_2pt_10d_cl0.5,all,1,1.5,3,initial,105,105,105,46,59,34,25,0,0,34,0.32380952,-725,-6710,-63.9047619,68,37,"two-contract post-signal scalp: one contract exits at first target, one runner uses selected stop mode and runner target"
1,signal_scaled_scalp:strategy=vwap_delta_exhaustion_fade_2pt_10d_cl0.5:direction=all:first_target_points=1:stop_points=1.5:runner_target_points=5:runner_stop_mode=breakeven,vwap_delta_exhaustion_fade_2pt_10d_cl0.5,all,1,1.5,5,breakeven,105,105,105,46,59,16,43,0,0,16,0.15238095,50,-5935,-56.52380952,68,37,"two-contract post-signal scalp: one contract exits at first target, one runner uses selected stop mode and runner target"
1,signal_scaled_scalp:strategy=vwap_delta_exhaustion_fade_2pt_10d_cl0.5:direction=all:first_target_points=1:stop_points=1.5:runner_target_points=5:runner_stop_mode=initial,vwap_delta_exhaustion_fade_2pt_10d_cl0.5,all,1,1.5,5,initial,105,105,105,46,59,24,35,0,0,24,0.22857143,-575,-6560,-62.47619048,68,37,"two-contract post-signal scalp: one contract exits at first target, one runner uses selected stop mode and runner target"
1,signal_scaled_scalp:strategy=vwap_delta_exhaustion_fade_2pt_10d_cl0.5:direction=all:first_target_points=1:stop_points=2:runner_target_points=1.5:runner_stop_mode=breakeven,vwap_delta_exhaustion_fade_2pt_10d_cl0.5,all,1,2,1.5,breakeven,105,105,105,43,62,45,17,0,0,45,0.42857143,-2125,-8110,-77.23809524,68,37,"two-contract post-signal scalp: one contract exits at first target, one runner uses selected stop mode and runner target"
1,signal_scaled_scalp:strategy=vwap_delta_exhaustion_fade_2pt_10d_cl0.5:direction=all:first_target_points=1:stop_points=2:runner_target_points=1.5:runner_stop_mode=initial,vwap_delta_exhaustion_fade_2pt_10d_cl0.5,all,1,2,1.5,initial,105,105,105,43,62,58,4,0,0,58,0.55238095,-1550,-7535,-71.76190476,68,37,"two-contract post-signal scalp: one contract exits at first target, one runner uses selected stop mode and runner target"
1,signal_scaled_scalp:strategy=vwap_delta_exhaustion_fade_2pt_10d_cl0.5:direction=all:first_target_points=1:stop_points=2:runner_target_points=2:runner_stop_mode=breakeven,vwap_delta_exhaustion_fade_2pt_10d_cl0.5,all,1,2,2,breakeven,105,105,105,43,62,38,24,0,0,38,0.36190476,-1700,-7685,-73.19047619,68,37,"two-contract post-signal scalp: one contract exits at first target, one runner uses selected stop mode and runner target"
1,signal_scaled_scalp:strategy=vwap_delta_exhaustion_fade_2pt_10d_cl0.5:direction=all:first_target_points=1:stop_points=2:runner_target_points=2:runner_stop_mode=initial,vwap_delta_exhaustion_fade_2pt_10d_cl0.5,all,1,2,2,initial,105,105,105,43,62,54,8,0,0,54,0.51428571,-900,-6885,-65.57142857,68,37,"two-contract post-signal scalp: one contract exits at first target, one runner uses selected stop mode and runner target"
1,signal_scaled_scalp:strategy=vwap_delta_exhaustion_fade_2pt_10d_cl0.5:direction=all:first_target_points=1:stop_points=2:runner_target_points=3:runner_stop_mode=breakeven,vwap_delta_exhaustion_fade_2pt_10d_cl0.5,all,1,2,3,breakeven,105,105,105,43,62,25,37,0,0,25,0.23809524,-1750,-7735,-73.66666667,68,37,"two-contract post-signal scalp: one contract exits at first target, one runner uses selected stop mode and runner target"
1,signal_scaled_scalp:strategy=vwap_delta_exhaustion_fade_2pt_10d_cl0.5:direction=all:first_target_points=1:stop_points=2:runner_target_points=3:runner_stop_mode=initial,vwap_delta_exhaustion_fade_2pt_10d_cl0.5,all,1,2,3,initial,105,105,105,43,62,40,22,0,0,40,0.38095238,-1700,-7685,-73.19047619,68,37,"two-contract post-signal scalp: one contract exits at first target, one runner uses selected stop mode and runner target"
1,signal_scaled_scalp:strategy=vwap_delta_exhaustion_fade_2pt_10d_cl0.5:direction=all:first_target_points=1:stop_points=2:runner_target_points=5:runner_stop_mode=breakeven,vwap_delta_exhaustion_fade_2pt_10d_cl0.5,all,1,2,5,breakeven,105,105,105,43,62,16,46,0,0,16,0.15238095,-1500,-7485,-71.28571429,68,37,"two-contract post-signal scalp: one contract exits at first target, one runner uses selected stop mode and runner target"
1,signal_scaled_scalp:strategy=vwap_delta_exhaustion_fade_2pt_10d_cl0.5:direction=all:first_target_points=1:stop_points=2:runner_target_points=5:runner_stop_mode=initial,vwap_delta_exhaustion_fade_2pt_10d_cl0.5,all,1,2,5,initial,105,105,105,43,62,27,35,0,0,27,0.25714286,-2250,-8235,-78.42857143,68,37,"two-contract post-signal scalp: one contract exits at first target, one runner uses selected stop mode and runner target"
1,signal_scaled_scalp:strategy=vwap_delta_exhaustion_fade_2pt_10d_cl0.5:direction=all:first_target_points=1.5:stop_points=1:runner_target_points=2:runner_stop_mode=breakeven,vwap_delta_exhaustion_fade_2pt_10d_cl0.5,all,1.5,1,2,breakeven,105,105,105,61,44,38,6,0,0,44,0.41904762,1000,-4985,-47.47619048,68,37,"two-contract post-signal scalp: one contract exits at first target, one runner uses selected stop mode and runner target"
1,signal_scaled_scalp:strategy=vwap_delta_exhaustion_fade_2pt_10d_cl0.5:direction=all:first_target_points=1.5:stop_points=1:runner_target_points=2:runner_stop_mode=initial,vwap_delta_exhaustion_fade_2pt_10d_cl0.5,all,1.5,1,2,initial,105,105,105,61,44,40,4,0,0,40,0.38095238,1000,-4985,-47.47619048,68,37,"two-contract post-signal scalp: one contract exits at first target, one runner uses selected stop mode and runner target"
1,signal_scaled_scalp:strategy=vwap_delta_exhaustion_fade_2pt_10d_cl0.5:direction=all:first_target_points=1.5:stop_points=1:runner_target_points=3:runner_stop_mode=breakeven,vwap_delta_exhaustion_fade_2pt_10d_cl0.5,all,1.5,1,3,breakeven,105,105,105,61,44,24,20,0,0,44,0.41904762,800,-5185,-49.38095238,68,37,"two-contract post-signal scalp: one contract exits at first target, one runner uses selected stop mode and runner target"
1,signal_scaled_scalp:strategy=vwap_delta_exhaustion_fade_2pt_10d_cl0.5:direction=all:first_target_points=1.5:stop_points=1:runner_target_points=3:runner_stop_mode=initial,vwap_delta_exhaustion_fade_2pt_10d_cl0.5,all,1.5,1,3,initial,105,105,105,61,44,26,18,0,0,26,0.24761905,200,-5785,-55.0952381,68,37,"two-contract post-signal scalp: one contract exits at first target, one runner uses selected stop mode and runner target"
1,signal_scaled_scalp:strategy=vwap_delta_exhaustion_fade_2pt_10d_cl0.5:direction=all:first_target_points=1.5:stop_points=1:runner_target_points=5:runner_stop_mode=breakeven,vwap_delta_exhaustion_fade_2pt_10d_cl0.5,all,1.5,1,5,breakeven,105,105,105,61,44,16,28,0,0,44,0.41904762,1200,-4785,-45.57142857,68,37,"two-contract post-signal scalp: one contract exits at first target, one runner uses selected stop mode and runner target"
1,signal_scaled_scalp:strategy=vwap_delta_exhaustion_fade_2pt_10d_cl0.5:direction=all:first_target_points=1.5:stop_points=1:runner_target_points=5:runner_stop_mode=initial,vwap_delta_exhaustion_fade_2pt_10d_cl0.5,all,1.5,1,5,initial,105,105,105,61,44,18,26,0,0,18,0.17142857,400,-5585,-53.19047619,68,37,"two-contract post-signal scalp: one contract exits at first target, one runner uses selected stop mode and runner target"
1,signal_scaled_scalp:strategy=vwap_delta_exhaustion_fade_2pt_10d_cl0.5:direction=all:first_target_points=1.5:stop_points=1.5:runner_target_points=2:runner_stop_mode=breakeven,vwap_delta_exhaustion_fade_2pt_10d_cl0.5,all,1.5,1.5,2,breakeven,105,105,105,53,52,45,7,0,0,52,0.4952381,450,-5535,-52.71428571,68,37,"two-contract post-signal scalp: one contract exits at first target, one runner uses selected stop mode and runner target"
1,signal_scaled_scalp:strategy=vwap_delta_exhaustion_fade_2pt_10d_cl0.5:direction=all:first_target_points=1.5:stop_points=1.5:runner_target_points=2:runner_stop_mode=initial,vwap_delta_exhaustion_fade_2pt_10d_cl0.5,all,1.5,1.5,2,initial,105,105,105,53,52,48,4,0,0,48,0.45714286,450,-5535,-52.71428571,68,37,"two-contract post-signal scalp: one contract exits at first target, one runner uses selected stop mode and runner target"
1,signal_scaled_scalp:strategy=vwap_delta_exhaustion_fade_2pt_10d_cl0.5:direction=all:first_target_points=1.5:stop_points=1.5:runner_target_points=3:runner_stop_mode=breakeven,vwap_delta_exhaustion_fade_2pt_10d_cl0.5,all,1.5,1.5,3,breakeven,105,105,105,53,52,29,23,0,0,52,0.4952381,300,-5685,-54.14285714,68,37,"two-contract post-signal scalp: one contract exits at first target, one runner uses selected stop mode and runner target"
1,signal_scaled_scalp:strategy=vwap_delta_exhaustion_fade_2pt_10d_cl0.5:direction=all:first_target_points=1.5:stop_points=1.5:runner_target_points=3:runner_stop_mode=initial,vwap_delta_exhaustion_fade_2pt_10d_cl0.5,all,1.5,1.5,3,initial,105,105,105,53,52,34,18,0,0,34,0.32380952,-300,-6285,-59.85714286,68,37,"two-contract post-signal scalp: one contract exits at first target, one runner uses selected stop mode and runner target"
1,signal_scaled_scalp:strategy=vwap_delta_exhaustion_fade_2pt_10d_cl0.5:direction=all:first_target_points=1.5:stop_points=1.5:runner_target_points=5:runner_stop_mode=breakeven,vwap_delta_exhaustion_fade_2pt_10d_cl0.5,all,1.5,1.5,5,breakeven,105,105,105,53,52,18,34,0,0,52,0.4952381,450,-5535,-52.71428571,68,37,"two-contract post-signal scalp: one contract exits at first target, one runner uses selected stop mode and runner target"
1,signal_scaled_scalp:strategy=vwap_delta_exhaustion_fade_2pt_10d_cl0.5:direction=all:first_target_points=1.5:stop_points=1.5:runner_target_points=5:runner_stop_mode=initial,vwap_delta_exhaustion_fade_2pt_10d_cl0.5,all,1.5,1.5,5,initial,105,105,105,53,52,24,28,0,0,24,0.22857143,-150,-6135,-58.42857143,68,37,"two-contract post-signal scalp: one contract exits at first target, one runner uses selected stop mode and runner target"
1,signal_scaled_scalp:strategy=vwap_delta_exhaustion_fade_2pt_10d_cl0.5:direction=all:first_target_points=1.5:stop_points=2:runner_target_points=2:runner_stop_mode=breakeven,vwap_delta_exhaustion_fade_2pt_10d_cl0.5,all,1.5,2,2,breakeven,105,105,105,47,58,49,9,0,0,58,0.55238095,-150,-6135,-58.42857143,68,37,"two-contract post-signal scalp: one contract exits at first target, one runner uses selected stop mode and runner target"
1,signal_scaled_scalp:strategy=vwap_delta_exhaustion_fade_2pt_10d_cl0.5:direction=all:first_target_points=1.5:stop_points=2:runner_target_points=2:runner_stop_mode=initial,vwap_delta_exhaustion_fade_2pt_10d_cl0.5,all,1.5,2,2,initial,105,105,105,47,58,54,4,0,0,54,0.51428571,-50,-6035,-57.47619048,68,37,"two-contract post-signal scalp: one contract exits at first target, one runner uses selected stop mode and runner target"
1,signal_scaled_scalp:strategy=vwap_delta_exhaustion_fade_2pt_10d_cl0.5:direction=all:first_target_points=1.5:stop_points=2:runner_target_points=3:runner_stop_mode=breakeven,vwap_delta_exhaustion_fade_2pt_10d_cl0.5,all,1.5,2,3,breakeven,105,105,105,47,58,33,25,0,0,58,0.55238095,-100,-6085,-57.95238095,68,37,"two-contract post-signal scalp: one contract exits at first target, one runner uses selected stop mode and runner target"
1,signal_scaled_scalp:strategy=vwap_delta_exhaustion_fade_2pt_10d_cl0.5:direction=all:first_target_points=1.5:stop_points=2:runner_target_points=3:runner_stop_mode=initial,vwap_delta_exhaustion_fade_2pt_10d_cl0.5,all,1.5,2,3,initial,105,105,105,47,58,40,18,0,0,40,0.38095238,-850,-6835,-65.0952381,68,37,"two-contract post-signal scalp: one contract exits at first target, one runner uses selected stop mode and runner target"
1,signal_scaled_scalp:strategy=vwap_delta_exhaustion_fade_2pt_10d_cl0.5:direction=all:first_target_points=1.5:stop_points=2:runner_target_points=5:runner_stop_mode=breakeven,vwap_delta_exhaustion_fade_2pt_10d_cl0.5,all,1.5,2,5,breakeven,105,105,105,47,58,20,38,0,0,58,0.55238095,-50,-6035,-57.47619048,68,37,"two-contract post-signal scalp: one contract exits at first target, one runner uses selected stop mode and runner target"
1,signal_scaled_scalp:strategy=vwap_delta_exhaustion_fade_2pt_10d_cl0.5:direction=all:first_target_points=1.5:stop_points=2:runner_target_points=5:runner_stop_mode=initial,vwap_delta_exhaustion_fade_2pt_10d_cl0.5,all,1.5,2,5,initial,105,105,105,47,58,27,31,0,0,27,0.25714286,-1400,-7385,-70.33333333,68,37,"two-contract post-signal scalp: one contract exits at first target, one runner uses selected stop mode and runner target"
1,signal_scaled_scalp:strategy=vwap_delta_exhaustion_fade_3pt_20d_cl0.5:direction=all:first_target_points=0.5:stop_points=1:runner_target_points=1.5:runner_stop_mode=breakeven,vwap_delta_exhaustion_fade_3pt_20d_cl0.5,all,0.5,1,1.5,breakeven,86,86,86,35,51,31,20,0,0,31,0.36046512,100,-4802,-55.8372093,51,35,"two-contract post-signal scalp: one contract exits at first target, one runner uses selected stop mode and runner target"
1,signal_scaled_scalp:strategy=vwap_delta_exhaustion_fade_3pt_20d_cl0.5:direction=all:first_target_points=0.5:stop_points=1:runner_target_points=1.5:runner_stop_mode=initial,vwap_delta_exhaustion_fade_3pt_20d_cl0.5,all,0.5,1,1.5,initial,86,86,86,35,51,44,7,0,0,44,0.51162791,725,-4177,-48.56976744,51,35,"two-contract post-signal scalp: one contract exits at first target, one runner uses selected stop mode and runner target"
1,signal_scaled_scalp:strategy=vwap_delta_exhaustion_fade_3pt_20d_cl0.5:direction=all:first_target_points=0.5:stop_points=1:runner_target_points=2:runner_stop_mode=breakeven,vwap_delta_exhaustion_fade_3pt_20d_cl0.5,all,0.5,1,2,breakeven,86,86,86,35,51,21,30,0,0,21,0.24418605,-125,-5027,-58.45348837,51,35,"two-contract post-signal scalp: one contract exits at first target, one runner uses selected stop mode and runner target"
1,signal_scaled_scalp:strategy=vwap_delta_exhaustion_fade_3pt_20d_cl0.5:direction=all:first_target_points=0.5:stop_points=1:runner_target_points=2:runner_stop_mode=initial,vwap_delta_exhaustion_fade_3pt_20d_cl0.5,all,0.5,1,2,initial,86,86,86,35,51,36,15,0,0,36,0.41860465,625,-4277,-49.73255814,51,35,"two-contract post-signal scalp: one contract exits at first target, one runner uses selected stop mode and runner target"
1,signal_scaled_scalp:strategy=vwap_delta_exhaustion_fade_3pt_20d_cl0.5:direction=all:first_target_points=0.5:stop_points=1:runner_target_points=3:runner_stop_mode=breakeven,vwap_delta_exhaustion_fade_3pt_20d_cl0.5,all,0.5,1,3,breakeven,86,86,86,35,51,14,37,0,0,14,0.1627907,-125,-5027,-58.45348837,51,35,"two-contract post-signal scalp: one contract exits at first target, one runner uses selected stop mode and runner target"
1,signal_scaled_scalp:strategy=vwap_delta_exhaustion_fade_3pt_20d_cl0.5:direction=all:first_target_points=0.5:stop_points=1:runner_target_points=3:runner_stop_mode=initial,vwap_delta_exhaustion_fade_3pt_20d_cl0.5,all,0.5,1,3,initial,86,86,86,35,51,24,27,0,0,24,0.27906977,25,-4877,-56.70930233,51,35,"two-contract post-signal scalp: one contract exits at first target, one runner uses selected stop mode and runner target"
1,signal_scaled_scalp:strategy=vwap_delta_exhaustion_fade_3pt_20d_cl0.5:direction=all:first_target_points=0.5:stop_points=1:runner_target_points=5:runner_stop_mode=breakeven,vwap_delta_exhaustion_fade_3pt_20d_cl0.5,all,0.5,1,5,breakeven,86,86,86,35,51,10,41,0,0,10,0.11627907,275,-4627,-53.80232558,51,35,"two-contract post-signal scalp: one contract exits at first target, one runner uses selected stop mode and runner target"
1,signal_scaled_scalp:strategy=vwap_delta_exhaustion_fade_3pt_20d_cl0.5:direction=all:first_target_points=0.5:stop_points=1:runner_target_points=5:runner_stop_mode=initial,vwap_delta_exhaustion_fade_3pt_20d_cl0.5,all,0.5,1,5,initial,86,86,86,35,51,16,35,0,0,16,0.18604651,25,-4877,-56.70930233,51,35,"two-contract post-signal scalp: one contract exits at first target, one runner uses selected stop mode and runner target"
1,signal_scaled_scalp:strategy=vwap_delta_exhaustion_fade_3pt_20d_cl0.5:direction=all:first_target_points=0.5:stop_points=1.5:runner_target_points=1.5:runner_stop_mode=breakeven,vwap_delta_exhaustion_fade_3pt_20d_cl0.5,all,0.5,1.5,1.5,breakeven,86,86,86,27,59,34,25,0,0,34,0.39534884,-25,-4927,-57.29069767,51,35,"two-contract post-signal scalp: one contract exits at first target, one runner uses selected stop mode and runner target"
1,signal_scaled_scalp:strategy=vwap_delta_exhaustion_fade_3pt_20d_cl0.5:direction=all:first_target_points=0.5:stop_points=1.5:runner_target_points=1.5:runner_stop_mode=initial,vwap_delta_exhaustion_fade_3pt_20d_cl0.5,all,0.5,1.5,1.5,initial,86,86,86,27,59,52,7,0,0,52,0.60465116,800,-4102,-47.69767442,51,35,"two-contract post-signal scalp: one contract exits at first target, one runner uses selected stop mode and runner target"
1,signal_scaled_scalp:strategy=vwap_delta_exhaustion_fade_3pt_20d_cl0.5:direction=all:first_target_points=0.5:stop_points=1.5:runner_target_points=2:runner_stop_mode=breakeven,vwap_delta_exhaustion_fade_3pt_20d_cl0.5,all,0.5,1.5,2,breakeven,86,86,86,27,59,23,36,0,0,23,0.26744186,-275,-5177,-60.19767442,51,35,"two-contract post-signal scalp: one contract exits at first target, one runner uses selected stop mode and runner target"
1,signal_scaled_scalp:strategy=vwap_delta_exhaustion_fade_3pt_20d_cl0.5:direction=all:first_target_points=0.5:stop_points=1.5:runner_target_points=2:runner_stop_mode=initial,vwap_delta_exhaustion_fade_3pt_20d_cl0.5,all,0.5,1.5,2,initial,86,86,86,27,59,44,15,0,0,44,0.51162791,700,-4202,-48.86046512,51,35,"two-contract post-signal scalp: one contract exits at first target, one runner uses selected stop mode and runner target"
1,signal_scaled_scalp:strategy=vwap_delta_exhaustion_fade_3pt_20d_cl0.5:direction=all:first_target_points=0.5:stop_points=1.5:runner_target_points=3:runner_stop_mode=breakeven,vwap_delta_exhaustion_fade_3pt_20d_cl0.5,all,0.5,1.5,3,breakeven,86,86,86,27,59,15,44,0,0,15,0.1744186,-325,-5227,-60.77906977,51,35,"two-contract post-signal scalp: one contract exits at first target, one runner uses selected stop mode and runner target"
1,signal_scaled_scalp:strategy=vwap_delta_exhaustion_fade_3pt_20d_cl0.5:direction=all:first_target_points=0.5:stop_points=1.5:runner_target_points=3:runner_stop_mode=initial,vwap_delta_exhaustion_fade_3pt_20d_cl0.5,all,0.5,1.5,3,initial,86,86,86,27,59,33,26,0,0,33,0.38372093,425,-4477,-52.05813953,51,35,"two-contract post-signal scalp: one contract exits at first target, one runner uses selected stop mode and runner target"
1,signal_scaled_scalp:strategy=vwap_delta_exhaustion_fade_3pt_20d_cl0.5:direction=all:first_target_points=0.5:stop_points=1.5:runner_target_points=5:runner_stop_mode=breakeven,vwap_delta_exhaustion_fade_3pt_20d_cl0.5,all,0.5,1.5,5,breakeven,86,86,86,27,59,11,48,0,0,11,0.12790698,175,-4727,-54.96511628,51,35,"two-contract post-signal scalp: one contract exits at first target, one runner uses selected stop mode and runner target"
1,signal_scaled_scalp:strategy=vwap_delta_exhaustion_fade_3pt_20d_cl0.5:direction=all:first_target_points=0.5:stop_points=1.5:runner_target_points=5:runner_stop_mode=initial,vwap_delta_exhaustion_fade_3pt_20d_cl0.5,all,0.5,1.5,5,initial,86,86,86,27,59,24,35,0,0,24,0.27906977,800,-4102,-47.69767442,51,35,"two-contract post-signal scalp: one contract exits at first target, one runner uses selected stop mode and runner target"
1,signal_scaled_scalp:strategy=vwap_delta_exhaustion_fade_3pt_20d_cl0.5:direction=all:first_target_points=0.5:stop_points=2:runner_target_points=1.5:runner_stop_mode=breakeven,vwap_delta_exhaustion_fade_3pt_20d_cl0.5,all,0.5,2,1.5,breakeven,86,86,86,22,64,35,29,0,0,35,0.40697674,-175,-5077,-59.03488372,51,35,"two-contract post-signal scalp: one contract exits at first target, one runner uses selected stop mode and runner target"
1,signal_scaled_scalp:strategy=vwap_delta_exhaustion_fade_3pt_20d_cl0.5:direction=all:first_target_points=0.5:stop_points=2:runner_target_points=1.5:runner_stop_mode=initial,vwap_delta_exhaustion_fade_3pt_20d_cl0.5,all,0.5,2,1.5,initial,86,86,86,22,64,59,5,0,0,59,0.68604651,1125,-3777,-43.91860465,51,35,"two-contract post-signal scalp: one contract exits at first target, one runner uses selected stop mode and runner target"
1,signal_scaled_scalp:strategy=vwap_delta_exhaustion_fade_3pt_20d_cl0.5:direction=all:first_target_points=0.5:stop_points=2:runner_target_points=2:runner_stop_mode=breakeven,vwap_delta_exhaustion_fade_3pt_20d_cl0.5,all,0.5,2,2,breakeven,86,86,86,22,64,24,40,0,0,24,0.27906977,-400,-5302,-61.65116279,51,35,"two-contract post-signal scalp: one contract exits at first target, one runner uses selected stop mode and runner target"
1,signal_scaled_scalp:strategy=vwap_delta_exhaustion_fade_3pt_20d_cl0.5:direction=all:first_target_points=0.5:stop_points=2:runner_target_points=2:runner_stop_mode=initial,vwap_delta_exhaustion_fade_3pt_20d_cl0.5,all,0.5,2,2,initial,86,86,86,22,64,51,13,0,0,51,0.59302326,1000,-3902,-45.37209302,51,35,"two-contract post-signal scalp: one contract exits at first target, one runner uses selected stop mode and runner target"
1,signal_scaled_scalp:strategy=vwap_delta_exhaustion_fade_3pt_20d_cl0.5:direction=all:first_target_points=0.5:stop_points=2:runner_target_points=3:runner_stop_mode=breakeven,vwap_delta_exhaustion_fade_3pt_20d_cl0.5,all,0.5,2,3,breakeven,86,86,86,22,64,16,48,0,0,16,0.18604651,-400,-5302,-61.65116279,51,35,"two-contract post-signal scalp: one contract exits at first target, one runner uses selected stop mode and runner target"
1,signal_scaled_scalp:strategy=vwap_delta_exhaustion_fade_3pt_20d_cl0.5:direction=all:first_target_points=0.5:stop_points=2:runner_target_points=3:runner_stop_mode=initial,vwap_delta_exhaustion_fade_3pt_20d_cl0.5,all,0.5,2,3,initial,86,86,86,22,64,39,25,0,0,39,0.45348837,550,-4352,-50.60465116,51,35,"two-contract post-signal scalp: one contract exits at first target, one runner uses selected stop mode and runner target"
1,signal_scaled_scalp:strategy=vwap_delta_exhaustion_fade_3pt_20d_cl0.5:direction=all:first_target_points=0.5:stop_points=2:runner_target_points=5:runner_stop_mode=breakeven,vwap_delta_exhaustion_fade_3pt_20d_cl0.5,all,0.5,2,5,breakeven,86,86,86,22,64,11,53,0,0,11,0.12790698,-50,-4952,-57.58139535,51,35,"two-contract post-signal scalp: one contract exits at first target, one runner uses selected stop mode and runner target"
1,signal_scaled_scalp:strategy=vwap_delta_exhaustion_fade_3pt_20d_cl0.5:direction=all:first_target_points=0.5:stop_points=2:runner_target_points=5:runner_stop_mode=initial,vwap_delta_exhaustion_fade_3pt_20d_cl0.5,all,0.5,2,5,initial,86,86,86,22,64,28,36,0,0,28,0.3255814,600,-4302,-50.02325581,51,35,"two-contract post-signal scalp: one contract exits at first target, one runner uses selected stop mode and runner target"
1,signal_scaled_scalp:strategy=vwap_delta_exhaustion_fade_3pt_20d_cl0.5:direction=all:first_target_points=1:stop_points=1:runner_target_points=1.5:runner_stop_mode=breakeven,vwap_delta_exhaustion_fade_3pt_20d_cl0.5,all,1,1,1.5,breakeven,86,86,86,40,46,36,10,0,0,36,0.41860465,1000,-3902,-45.37209302,51,35,"two-contract post-signal scalp: one contract exits at first target, one runner uses selected stop mode and runner target"
1,signal_scaled_scalp:strategy=vwap_delta_exhaustion_fade_3pt_20d_cl0.5:direction=all:first_target_points=1:stop_points=1:runner_target_points=1.5:runner_stop_mode=initial,vwap_delta_exhaustion_fade_3pt_20d_cl0.5,all,1,1,1.5,initial,86,86,86,40,46,44,2,0,0,44,0.51162791,1500,-3402,-39.55813953,51,35,"two-contract post-signal scalp: one contract exits at first target, one runner uses selected stop mode and runner target"
1,signal_scaled_scalp:strategy=vwap_delta_exhaustion_fade_3pt_20d_cl0.5:direction=all:first_target_points=1:stop_points=1:runner_target_points=2:runner_stop_mode=breakeven,vwap_delta_exhaustion_fade_3pt_20d_cl0.5,all,1,1,2,breakeven,86,86,86,40,46,24,22,0,0,24,0.27906977,700,-4202,-48.86046512,51,35,"two-contract post-signal scalp: one contract exits at first target, one runner uses selected stop mode and runner target"
1,signal_scaled_scalp:strategy=vwap_delta_exhaustion_fade_3pt_20d_cl0.5:direction=all:first_target_points=1:stop_points=1:runner_target_points=2:runner_stop_mode=initial,vwap_delta_exhaustion_fade_3pt_20d_cl0.5,all,1,1,2,initial,86,86,86,40,46,36,10,0,0,36,0.41860465,1400,-3502,-40.72093023,51,35,"two-contract post-signal scalp: one contract exits at first target, one runner uses selected stop mode and runner target"
1,signal_scaled_scalp:strategy=vwap_delta_exhaustion_fade_3pt_20d_cl0.5:direction=all:first_target_points=1:stop_points=1:runner_target_points=3:runner_stop_mode=breakeven,vwap_delta_exhaustion_fade_3pt_20d_cl0.5,all,1,1,3,breakeven,86,86,86,40,46,16,30,0,0,16,0.18604651,700,-4202,-48.86046512,51,35,"two-contract post-signal scalp: one contract exits at first target, one runner uses selected stop mode and runner target"
1,signal_scaled_scalp:strategy=vwap_delta_exhaustion_fade_3pt_20d_cl0.5:direction=all:first_target_points=1:stop_points=1:runner_target_points=3:runner_stop_mode=initial,vwap_delta_exhaustion_fade_3pt_20d_cl0.5,all,1,1,3,initial,86,86,86,40,46,24,22,0,0,24,0.27906977,800,-4102,-47.69767442,51,35,"two-contract post-signal scalp: one contract exits at first target, one runner uses selected stop mode and runner target"
1,signal_scaled_scalp:strategy=vwap_delta_exhaustion_fade_3pt_20d_cl0.5:direction=all:first_target_points=1:stop_points=1:runner_target_points=5:runner_stop_mode=breakeven,vwap_delta_exhaustion_fade_3pt_20d_cl0.5,all,1,1,5,breakeven,86,86,86,40,46,12,34,0,0,12,0.13953488,1300,-3602,-41.88372093,51,35,"two-contract post-signal scalp: one contract exits at first target, one runner uses selected stop mode and runner target"
1,signal_scaled_scalp:strategy=vwap_delta_exhaustion_fade_3pt_20d_cl0.5:direction=all:first_target_points=1:stop_points=1:runner_target_points=5:runner_stop_mode=initial,vwap_delta_exhaustion_fade_3pt_20d_cl0.5,all,1,1,5,initial,86,86,86,40,46,16,30,0,0,16,0.18604651,800,-4102,-47.69767442,51,35,"two-contract post-signal scalp: one contract exits at first target, one runner uses selected stop mode and runner target"
1,signal_scaled_scalp:strategy=vwap_delta_exhaustion_fade_3pt_20d_cl0.5:direction=all:first_target_points=1:stop_points=1.5:runner_target_points=1.5:runner_stop_mode=breakeven,vwap_delta_exhaustion_fade_3pt_20d_cl0.5,all,1,1.5,1.5,breakeven,86,86,86,31,55,41,14,0,0,41,0.47674419,1175,-3727,-43.3372093,51,35,"two-contract post-signal scalp: one contract exits at first target, one runner uses selected stop mode and runner target"
1,signal_scaled_scalp:strategy=vwap_delta_exhaustion_fade_3pt_20d_cl0.5:direction=all:first_target_points=1:stop_points=1.5:runner_target_points=1.5:runner_stop_mode=initial,vwap_delta_exhaustion_fade_3pt_20d_cl0.5,all,1,1.5,1.5,initial,86,86,86,31,55,52,3,0,0,52,0.60465116,1775,-3127,-36.36046512,51,35,"two-contract post-signal scalp: one contract exits at first target, one runner uses selected stop mode and runner target"
1,signal_scaled_scalp:strategy=vwap_delta_exhaustion_fade_3pt_20d_cl0.5:direction=all:first_target_points=1:stop_points=1.5:runner_target_points=2:runner_stop_mode=breakeven,vwap_delta_exhaustion_fade_3pt_20d_cl0.5,all,1,1.5,2,breakeven,86,86,86,31,55,27,28,0,0,27,0.31395349,800,-4102,-47.69767442,51,35,"two-contract post-signal scalp: one contract exits at first target, one runner uses selected stop mode and runner target"
1,signal_scaled_scalp:strategy=vwap_delta_exhaustion_fade_3pt_20d_cl0.5:direction=all:first_target_points=1:stop_points=1.5:runner_target_points=2:runner_stop_mode=initial,vwap_delta_exhaustion_fade_3pt_20d_cl0.5,all,1,1.5,2,initial,86,86,86,31,55,44,11,0,0,44,0.51162791,1675,-3227,-37.52325581,51,35,"two-contract post-signal scalp: one contract exits at first target, one runner uses selected stop mode and runner target"
1,signal_scaled_scalp:strategy=vwap_delta_exhaustion_fade_3pt_20d_cl0.5:direction=all:first_target_points=1:stop_points=1.5:runner_target_points=3:runner_stop_mode=breakeven,vwap_delta_exhaustion_fade_3pt_20d_cl0.5,all,1,1.5,3,breakeven,86,86,86,31,55,18,37,0,0,18,0.20930233,800,-4102,-47.69767442,51,35,"two-contract post-signal scalp: one contract exits at first target, one runner uses selected stop mode and runner target"
1,signal_scaled_scalp:strategy=vwap_delta_exhaustion_fade_3pt_20d_cl0.5:direction=all:first_target_points=1:stop_points=1.5:runner_target_points=3:runner_stop_mode=initial,vwap_delta_exhaustion_fade_3pt_20d_cl0.5,all,1,1.5,3,initial,86,86,86,31,55,33,22,0,0,33,0.38372093,1400,-3502,-40.72093023,51,35,"two-contract post-signal scalp: one contract exits at first target, one runner uses selected stop mode and runner target"
1,signal_scaled_scalp:strategy=vwap_delta_exhaustion_fade_3pt_20d_cl0.5:direction=all:first_target_points=1:stop_points=1.5:runner_target_points=5:runner_stop_mode=breakeven,vwap_delta_exhaustion_fade_3pt_20d_cl0.5,all,1,1.5,5,breakeven,86,86,86,31,55,14,41,0,0,14,0.1627907,1600,-3302,-38.39534884,51,35,"two-contract post-signal scalp: one contract exits at first target, one runner uses selected stop mode and runner target"
1,signal_scaled_scalp:strategy=vwap_delta_exhaustion_fade_3pt_20d_cl0.5:direction=all:first_target_points=1:stop_points=1.5:runner_target_points=5:runner_stop_mode=initial,vwap_delta_exhaustion_fade_3pt_20d_cl0.5,all,1,1.5,5,initial,86,86,86,31,55,24,31,0,0,24,0.27906977,1775,-3127,-36.36046512,51,35,"two-contract post-signal scalp: one contract exits at first target, one runner uses selected stop mode and runner target"
1,signal_scaled_scalp:strategy=vwap_delta_exhaustion_fade_3pt_20d_cl0.5:direction=all:first_target_points=1:stop_points=2:runner_target_points=1.5:runner_stop_mode=breakeven,vwap_delta_exhaustion_fade_3pt_20d_cl0.5,all,1,2,1.5,breakeven,86,86,86,26,60,44,16,0,0,44,0.51162791,1100,-3802,-44.20930233,51,35,"two-contract post-signal scalp: one contract exits at first target, one runner uses selected stop mode and runner target"
1,signal_scaled_scalp:strategy=vwap_delta_exhaustion_fade_3pt_20d_cl0.5:direction=all:first_target_points=1:stop_points=2:runner_target_points=1.5:runner_stop_mode=initial,vwap_delta_exhaustion_fade_3pt_20d_cl0.5,all,1,2,1.5,initial,86,86,86,26,60,59,1,0,0,59,0.68604651,2125,-2777,-32.29069767,51,35,"two-contract post-signal scalp: one contract exits at first target, one runner uses selected stop mode and runner target"
1,signal_scaled_scalp:strategy=vwap_delta_exhaustion_fade_3pt_20d_cl0.5:direction=all:first_target_points=1:stop_points=2:runner_target_points=2:runner_stop_mode=breakeven,vwap_delta_exhaustion_fade_3pt_20d_cl0.5,all,1,2,2,breakeven,86,86,86,26,60,29,31,0,0,29,0.3372093,700,-4202,-48.86046512,51,35,"two-contract post-signal scalp: one contract exits at first target, one runner uses selected stop mode and runner target"
1,signal_scaled_scalp:strategy=vwap_delta_exhaustion_fade_3pt_20d_cl0.5:direction=all:first_target_points=1:stop_points=2:runner_target_points=2:runner_stop_mode=initial,vwap_delta_exhaustion_fade_3pt_20d_cl0.5,all,1,2,2,initial,86,86,86,26,60,51,9,0,0,51,0.59302326,2000,-2902,-33.74418605,51,35,"two-contract post-signal scalp: one contract exits at first target, one runner uses selected stop mode and runner target"
1,signal_scaled_scalp:strategy=vwap_delta_exhaustion_fade_3pt_20d_cl0.5:direction=all:first_target_points=1:stop_points=2:runner_target_points=3:runner_stop_mode=breakeven,vwap_delta_exhaustion_fade_3pt_20d_cl0.5,all,1,2,3,breakeven,86,86,86,26,60,20,40,0,0,20,0.23255814,800,-4102,-47.69767442,51,35,"two-contract post-signal scalp: one contract exits at first target, one runner uses selected stop mode and runner target"
1,signal_scaled_scalp:strategy=vwap_delta_exhaustion_fade_3pt_20d_cl0.5:direction=all:first_target_points=1:stop_points=2:runner_target_points=3:runner_stop_mode=initial,vwap_delta_exhaustion_fade_3pt_20d_cl0.5,all,1,2,3,initial,86,86,86,26,60,39,21,0,0,39,0.45348837,1550,-3352,-38.97674419,51,35,"two-contract post-signal scalp: one contract exits at first target, one runner uses selected stop mode and runner target"
1,signal_scaled_scalp:strategy=vwap_delta_exhaustion_fade_3pt_20d_cl0.5:direction=all:first_target_points=1:stop_points=2:runner_target_points=5:runner_stop_mode=breakeven,vwap_delta_exhaustion_fade_3pt_20d_cl0.5,all,1,2,5,breakeven,86,86,86,26,60,14,46,0,0,14,0.1627907,1300,-3602,-41.88372093,51,35,"two-contract post-signal scalp: one contract exits at first target, one runner uses selected stop mode and runner target"
1,signal_scaled_scalp:strategy=vwap_delta_exhaustion_fade_3pt_20d_cl0.5:direction=all:first_target_points=1:stop_points=2:runner_target_points=5:runner_stop_mode=initial,vwap_delta_exhaustion_fade_3pt_20d_cl0.5,all,1,2,5,initial,86,86,86,26,60,28,32,0,0,28,0.3255814,1600,-3302,-38.39534884,51,35,"two-contract post-signal scalp: one contract exits at first target, one runner uses selected stop mode and runner target"
1,signal_scaled_scalp:strategy=vwap_delta_exhaustion_fade_3pt_20d_cl0.5:direction=all:first_target_points=1.5:stop_points=1:runner_target_points=2:runner_stop_mode=breakeven,vwap_delta_exhaustion_fade_3pt_20d_cl0.5,all,1.5,1,2,breakeven,86,86,86,42,44,31,13,0,0,44,0.51162791,2200,-2702,-31.41860465,51,35,"two-contract post-signal scalp: one contract exits at first target, one runner uses selected stop mode and runner target"
1,signal_scaled_scalp:strategy=vwap_delta_exhaustion_fade_3pt_20d_cl0.5:direction=all:first_target_points=1.5:stop_points=1:runner_target_points=2:runner_stop_mode=initial,vwap_delta_exhaustion_fade_3pt_20d_cl0.5,all,1.5,1,2,initial,86,86,86,42,44,36,8,0,0,36,0.41860465,2300,-2602,-30.25581395,51,35,"two-contract post-signal scalp: one contract exits at first target, one runner uses selected stop mode and runner target"
1,signal_scaled_scalp:strategy=vwap_delta_exhaustion_fade_3pt_20d_cl0.5:direction=all:first_target_points=1.5:stop_points=1:runner_target_points=3:runner_stop_mode=breakeven,vwap_delta_exhaustion_fade_3pt_20d_cl0.5,all,1.5,1,3,breakeven,86,86,86,42,44,21,23,0,0,44,0.51162791,2250,-2652,-30.8372093,51,35,"two-contract post-signal scalp: one contract exits at first target, one runner uses selected stop mode and runner target"
1,signal_scaled_scalp:strategy=vwap_delta_exhaustion_fade_3pt_20d_cl0.5:direction=all:first_target_points=1.5:stop_points=1:runner_target_points=3:runner_stop_mode=initial,vwap_delta_exhaustion_fade_3pt_20d_cl0.5,all,1.5,1,3,initial,86,86,86,42,44,24,20,0,0,24,0.27906977,1700,-3202,-37.23255814,51,35,"two-contract post-signal scalp: one contract exits at first target, one runner uses selected stop mode and runner target"
1,signal_scaled_scalp:strategy=vwap_delta_exhaustion_fade_3pt_20d_cl0.5:direction=all:first_target_points=1.5:stop_points=1:runner_target_points=5:runner_stop_mode=breakeven,vwap_delta_exhaustion_fade_3pt_20d_cl0.5,all,1.5,1,5,breakeven,86,86,86,42,44,14,30,0,0,44,0.51162791,2600,-2302,-26.76744186,51,35,"two-contract post-signal scalp: one contract exits at first target, one runner uses selected stop mode and runner target"
1,signal_scaled_scalp:strategy=vwap_delta_exhaustion_fade_3pt_20d_cl0.5:direction=all:first_target_points=1.5:stop_points=1:runner_target_points=5:runner_stop_mode=initial,vwap_delta_exhaustion_fade_3pt_20d_cl0.5,all,1.5,1,5,initial,86,86,86,42,44,16,28,0,0,16,0.18604651,1700,-3202,-37.23255814,51,35,"two-contract post-signal scalp: one contract exits at first target, one runner uses selected stop mode and runner target"
1,signal_scaled_scalp:strategy=vwap_delta_exhaustion_fade_3pt_20d_cl0.5:direction=all:first_target_points=1.5:stop_points=1.5:runner_target_points=2:runner_stop_mode=breakeven,vwap_delta_exhaustion_fade_3pt_20d_cl0.5,all,1.5,1.5,2,breakeven,86,86,86,34,52,37,15,0,0,52,0.60465116,2500,-2402,-27.93023256,51,35,"two-contract post-signal scalp: one contract exits at first target, one runner uses selected stop mode and runner target"
1,signal_scaled_scalp:strategy=vwap_delta_exhaustion_fade_3pt_20d_cl0.5:direction=all:first_target_points=1.5:stop_points=1.5:runner_target_points=2:runner_stop_mode=initial,vwap_delta_exhaustion_fade_3pt_20d_cl0.5,all,1.5,1.5,2,initial,86,86,86,34,52,44,8,0,0,44,0.51162791,2600,-2302,-26.76744186,51,35,"two-contract post-signal scalp: one contract exits at first target, one runner uses selected stop mode and runner target"
1,signal_scaled_scalp:strategy=vwap_delta_exhaustion_fade_3pt_20d_cl0.5:direction=all:first_target_points=1.5:stop_points=1.5:runner_target_points=3:runner_stop_mode=breakeven,vwap_delta_exhaustion_fade_3pt_20d_cl0.5,all,1.5,1.5,3,breakeven,86,86,86,34,52,25,27,0,0,52,0.60465116,2550,-2352,-27.34883721,51,35,"two-contract post-signal scalp: one contract exits at first target, one runner uses selected stop mode and runner target"
1,signal_scaled_scalp:strategy=vwap_delta_exhaustion_fade_3pt_20d_cl0.5:direction=all:first_target_points=1.5:stop_points=1.5:runner_target_points=3:runner_stop_mode=initial,vwap_delta_exhaustion_fade_3pt_20d_cl0.5,all,1.5,1.5,3,initial,86,86,86,34,52,33,19,0,0,33,0.38372093,2325,-2577,-29.96511628,51,35,"two-contract post-signal scalp: one contract exits at first target, one runner uses selected stop mode and runner target"
1,signal_scaled_scalp:strategy=vwap_delta_exhaustion_fade_3pt_20d_cl0.5:direction=all:first_target_points=1.5:stop_points=1.5:runner_target_points=5:runner_stop_mode=breakeven,vwap_delta_exhaustion_fade_3pt_20d_cl0.5,all,1.5,1.5,5,breakeven,86,86,86,34,52,17,35,0,0,52,0.60465116,3050,-1852,-21.53488372,51,35,"two-contract post-signal scalp: one contract exits at first target, one runner uses selected stop mode and runner target"
1,signal_scaled_scalp:strategy=vwap_delta_exhaustion_fade_3pt_20d_cl0.5:direction=all:first_target_points=1.5:stop_points=1.5:runner_target_points=5:runner_stop_mode=initial,vwap_delta_exhaustion_fade_3pt_20d_cl0.5,all,1.5,1.5,5,initial,86,86,86,34,52,24,28,0,0,24,0.27906977,2700,-2202,-25.60465116,51,35,"two-contract post-signal scalp: one contract exits at first target, one runner uses selected stop mode and runner target"
1,signal_scaled_scalp:strategy=vwap_delta_exhaustion_fade_3pt_20d_cl0.5:direction=all:first_target_points=1.5:stop_points=2:runner_target_points=2:runner_stop_mode=breakeven,vwap_delta_exhaustion_fade_3pt_20d_cl0.5,all,1.5,2,2,breakeven,86,86,86,27,59,42,17,0,0,59,0.68604651,3225,-1677,-19.5,51,35,"two-contract post-signal scalp: one contract exits at first target, one runner uses selected stop mode and runner target"
1,signal_scaled_scalp:strategy=vwap_delta_exhaustion_fade_3pt_20d_cl0.5:direction=all:first_target_points=1.5:stop_points=2:runner_target_points=2:runner_stop_mode=initial,vwap_delta_exhaustion_fade_3pt_20d_cl0.5,all,1.5,2,2,initial,86,86,86,27,59,51,8,0,0,51,0.59302326,3325,-1577,-18.3372093,51,35,"two-contract post-signal scalp: one contract exits at first target, one runner uses selected stop mode and runner target"
1,signal_scaled_scalp:strategy=vwap_delta_exhaustion_fade_3pt_20d_cl0.5:direction=all:first_target_points=1.5:stop_points=2:runner_target_points=3:runner_stop_mode=breakeven,vwap_delta_exhaustion_fade_3pt_20d_cl0.5,all,1.5,2,3,breakeven,86,86,86,27,59,29,30,0,0,59,0.68604651,3375,-1527,-17.75581395,51,35,"two-contract post-signal scalp: one contract exits at first target, one runner uses selected stop mode and runner target"
1,signal_scaled_scalp:strategy=vwap_delta_exhaustion_fade_3pt_20d_cl0.5:direction=all:first_target_points=1.5:stop_points=2:runner_target_points=3:runner_stop_mode=initial,vwap_delta_exhaustion_fade_3pt_20d_cl0.5,all,1.5,2,3,initial,86,86,86,27,59,39,20,0,0,39,0.45348837,2875,-2027,-23.56976744,51,35,"two-contract post-signal scalp: one contract exits at first target, one runner uses selected stop mode and runner target"
1,signal_scaled_scalp:strategy=vwap_delta_exhaustion_fade_3pt_20d_cl0.5:direction=all:first_target_points=1.5:stop_points=2:runner_target_points=5:runner_stop_mode=breakeven,vwap_delta_exhaustion_fade_3pt_20d_cl0.5,all,1.5,2,5,breakeven,86,86,86,27,59,18,41,0,0,59,0.68604651,3525,-1377,-16.01162791,51,35,"two-contract post-signal scalp: one contract exits at first target, one runner uses selected stop mode and runner target"
1,signal_scaled_scalp:strategy=vwap_delta_exhaustion_fade_3pt_20d_cl0.5:direction=all:first_target_points=1.5:stop_points=2:runner_target_points=5:runner_stop_mode=initial,vwap_delta_exhaustion_fade_3pt_20d_cl0.5,all,1.5,2,5,initial,86,86,86,27,59,28,31,0,0,28,0.3255814,2925,-1977,-22.98837209,51,35,"two-contract post-signal scalp: one contract exits at first target, one runner uses selected stop mode and runner target"
1,signal_scaled_scalp:strategy=vwap_delta_exhaustion_fade_4pt_30d_cl0.55:direction=all:first_target_points=0.5:stop_points=1:runner_target_points=1.5:runner_stop_mode=breakeven,vwap_delta_exhaustion_fade_4pt_30d_cl0.55,all,0.5,1,1.5,breakeven,76,76,76,34,42,29,13,0,0,29,0.38157895,-175,-4507,-59.30263158,46,30,"two-contract post-signal scalp: one contract exits at first target, one runner uses selected stop mode and runner target"
1,signal_scaled_scalp:strategy=vwap_delta_exhaustion_fade_4pt_30d_cl0.55:direction=all:first_target_points=0.5:stop_points=1:runner_target_points=1.5:runner_stop_mode=initial,vwap_delta_exhaustion_fade_4pt_30d_cl0.55,all,0.5,1,1.5,initial,76,76,76,34,42,39,3,0,0,39,0.51315789,425,-3907,-51.40789474,46,30,"two-contract post-signal scalp: one contract exits at first target, one runner uses selected stop mode and runner target"
1,signal_scaled_scalp:strategy=vwap_delta_exhaustion_fade_4pt_30d_cl0.55:direction=all:first_target_points=0.5:stop_points=1:runner_target_points=2:runner_stop_mode=breakeven,vwap_delta_exhaustion_fade_4pt_30d_cl0.55,all,0.5,1,2,breakeven,76,76,76,34,42,18,24,0,0,18,0.23684211,-550,-4882,-64.23684211,46,30,"two-contract post-signal scalp: one contract exits at first target, one runner uses selected stop mode and runner target"
1,signal_scaled_scalp:strategy=vwap_delta_exhaustion_fade_4pt_30d_cl0.55:direction=all:first_target_points=0.5:stop_points=1:runner_target_points=2:runner_stop_mode=initial,vwap_delta_exhaustion_fade_4pt_30d_cl0.55,all,0.5,1,2,initial,76,76,76,34,42,29,13,0,0,29,0.38157895,-100,-4432,-58.31578947,46,30,"two-contract post-signal scalp: one contract exits at first target, one runner uses selected stop mode and runner target"
1,signal_scaled_scalp:strategy=vwap_delta_exhaustion_fade_4pt_30d_cl0.55:direction=all:first_target_points=0.5:stop_points=1:runner_target_points=3:runner_stop_mode=breakeven,vwap_delta_exhaustion_fade_4pt_30d_cl0.55,all,0.5,1,3,breakeven,76,76,76,34,42,10,32,0,0,10,0.13157895,-850,-5182,-68.18421053,46,30,"two-contract post-signal scalp: one contract exits at first target, one runner uses selected stop mode and runner target"
1,signal_scaled_scalp:strategy=vwap_delta_exhaustion_fade_4pt_30d_cl0.55:direction=all:first_target_points=0.5:stop_points=1:runner_target_points=3:runner_stop_mode=initial,vwap_delta_exhaustion_fade_4pt_30d_cl0.55,all,0.5,1,3,initial,76,76,76,34,42,20,22,0,0,20,0.26315789,-450,-4782,-62.92105263,46,30,"two-contract post-signal scalp: one contract exits at first target, one runner uses selected stop mode and runner target"
1,signal_scaled_scalp:strategy=vwap_delta_exhaustion_fade_4pt_30d_cl0.55:direction=all:first_target_points=0.5:stop_points=1:runner_target_points=5:runner_stop_mode=breakeven,vwap_delta_exhaustion_fade_4pt_30d_cl0.55,all,0.5,1,5,breakeven,76,76,76,34,42,8,34,0,0,8,0.10526316,-350,-4682,-61.60526316,46,30,"two-contract post-signal scalp: one contract exits at first target, one runner uses selected stop mode and runner target"
1,signal_scaled_scalp:strategy=vwap_delta_exhaustion_fade_4pt_30d_cl0.55:direction=all:first_target_points=0.5:stop_points=1:runner_target_points=5:runner_stop_mode=initial,vwap_delta_exhaustion_fade_4pt_30d_cl0.55,all,0.5,1,5,initial,76,76,76,34,42,16,26,0,0,16,0.21052632,350,-3982,-52.39473684,46,30,"two-contract post-signal scalp: one contract exits at first target, one runner uses selected stop mode and runner target"
1,signal_scaled_scalp:strategy=vwap_delta_exhaustion_fade_4pt_30d_cl0.55:direction=all:first_target_points=0.5:stop_points=1.5:runner_target_points=1.5:runner_stop_mode=breakeven,vwap_delta_exhaustion_fade_4pt_30d_cl0.55,all,0.5,1.5,1.5,breakeven,76,76,76,23,53,32,21,0,0,32,0.42105263,275,-4057,-53.38157895,46,30,"two-contract post-signal scalp: one contract exits at first target, one runner uses selected stop mode and runner target"
1,signal_scaled_scalp:strategy=vwap_delta_exhaustion_fade_4pt_30d_cl0.55:direction=all:first_target_points=0.5:stop_points=1.5:runner_target_points=1.5:runner_stop_mode=initial,vwap_delta_exhaustion_fade_4pt_30d_cl0.55,all,0.5,1.5,1.5,initial,76,76,76,23,53,50,3,0,0,50,0.65789474,1400,-2932,-38.57894737,46,30,"two-contract post-signal scalp: one contract exits at first target, one runner uses selected stop mode and runner target"
1,signal_scaled_scalp:strategy=vwap_delta_exhaustion_fade_4pt_30d_cl0.55:direction=all:first_target_points=0.5:stop_points=1.5:runner_target_points=2:runner_stop_mode=breakeven,vwap_delta_exhaustion_fade_4pt_30d_cl0.55,all,0.5,1.5,2,breakeven,76,76,76,23,53,21,32,0,0,21,0.27631579,-25,-4357,-57.32894737,46,30,"two-contract post-signal scalp: one contract exits at first target, one runner uses selected stop mode and runner target"
1,signal_scaled_scalp:strategy=vwap_delta_exhaustion_fade_4pt_30d_cl0.55:direction=all:first_target_points=0.5:stop_points=1.5:runner_target_points=2:runner_stop_mode=initial,vwap_delta_exhaustion_fade_4pt_30d_cl0.55,all,0.5,1.5,2,initial,76,76,76,23,53,38,15,0,0,38,0.5,550,-3782,-49.76315789,46,30,"two-contract post-signal scalp: one contract exits at first target, one runner uses selected stop mode and runner target"
1,signal_scaled_scalp:strategy=vwap_delta_exhaustion_fade_4pt_30d_cl0.55:direction=all:first_target_points=0.5:stop_points=1.5:runner_target_points=3:runner_stop_mode=breakeven,vwap_delta_exhaustion_fade_4pt_30d_cl0.55,all,0.5,1.5,3,breakeven,76,76,76,23,53,13,40,0,0,13,0.17105263,-175,-4507,-59.30263158,46,30,"two-contract post-signal scalp: one contract exits at first target, one runner uses selected stop mode and runner target"
1,signal_scaled_scalp:strategy=vwap_delta_exhaustion_fade_4pt_30d_cl0.55:direction=all:first_target_points=0.5:stop_points=1.5:runner_target_points=3:runner_stop_mode=initial,vwap_delta_exhaustion_fade_4pt_30d_cl0.55,all,0.5,1.5,3,initial,76,76,76,23,53,32,21,0,0,32,0.42105263,1100,-3232,-42.52631579,46,30,"two-contract post-signal scalp: one contract exits at first target, one runner uses selected stop mode and runner target"
1,signal_scaled_scalp:strategy=vwap_delta_exhaustion_fade_4pt_30d_cl0.55:direction=all:first_target_points=0.5:stop_points=1.5:runner_target_points=5:runner_stop_mode=breakeven,vwap_delta_exhaustion_fade_4pt_30d_cl0.55,all,0.5,1.5,5,breakeven,76,76,76,23,53,10,43,0,0,10,0.13157895,375,-3957,-52.06578947,46,30,"two-contract post-signal scalp: one contract exits at first target, one runner uses selected stop mode and runner target"
1,signal_scaled_scalp:strategy=vwap_delta_exhaustion_fade_4pt_30d_cl0.55:direction=all:first_target_points=0.5:stop_points=1.5:runner_target_points=5:runner_stop_mode=initial,vwap_delta_exhaustion_fade_4pt_30d_cl0.55,all,0.5,1.5,5,initial,76,76,76,23,53,25,28,0,0,25,0.32894737,2025,-2307,-30.35526316,46,30,"two-contract post-signal scalp: one contract exits at first target, one runner uses selected stop mode and runner target"
1,signal_scaled_scalp:strategy=vwap_delta_exhaustion_fade_4pt_30d_cl0.55:direction=all:first_target_points=0.5:stop_points=2:runner_target_points=1.5:runner_stop_mode=breakeven,vwap_delta_exhaustion_fade_4pt_30d_cl0.55,all,0.5,2,1.5,breakeven,76,76,76,17,59,32,27,0,0,32,0.42105263,475,-3857,-50.75,46,30,"two-contract post-signal scalp: one contract exits at first target, one runner uses selected stop mode and runner target"
1,signal_scaled_scalp:strategy=vwap_delta_exhaustion_fade_4pt_30d_cl0.55:direction=all:first_target_points=0.5:stop_points=2:runner_target_points=1.5:runner_stop_mode=initial,vwap_delta_exhaustion_fade_4pt_30d_cl0.55,all,0.5,2,1.5,initial,76,76,76,17,59,54,5,0,0,54,0.71052632,1625,-2707,-35.61842105,46,30,"two-contract post-signal scalp: one contract exits at first target, one runner uses selected stop mode and runner target"
1,signal_scaled_scalp:strategy=vwap_delta_exhaustion_fade_4pt_30d_cl0.55:direction=all:first_target_points=0.5:stop_points=2:runner_target_points=2:runner_stop_mode=breakeven,vwap_delta_exhaustion_fade_4pt_30d_cl0.55,all,0.5,2,2,breakeven,76,76,76,17,59,21,38,0,0,21,0.27631579,175,-4157,-54.69736842,46,30,"two-contract post-signal scalp: one contract exits at first target, one runner uses selected stop mode and runner target"
1,signal_scaled_scalp:strategy=vwap_delta_exhaustion_fade_4pt_30d_cl0.55:direction=all:first_target_points=0.5:stop_points=2:runner_target_points=2:runner_stop_mode=initial,vwap_delta_exhaustion_fade_4pt_30d_cl0.55,all,0.5,2,2,initial,76,76,76,17,59,42,17,0,0,42,0.55263158,575,-3757,-49.43421053,46,30,"two-contract post-signal scalp: one contract exits at first target, one runner uses selected stop mode and runner target"
1,signal_scaled_scalp:strategy=vwap_delta_exhaustion_fade_4pt_30d_cl0.55:direction=all:first_target_points=0.5:stop_points=2:runner_target_points=3:runner_stop_mode=breakeven,vwap_delta_exhaustion_fade_4pt_30d_cl0.55,all,0.5,2,3,breakeven,76,76,76,17,59,13,46,0,0,13,0.17105263,25,-4307,-56.67105263,46,30,"two-contract post-signal scalp: one contract exits at first target, one runner uses selected stop mode and runner target"
1,signal_scaled_scalp:strategy=vwap_delta_exhaustion_fade_4pt_30d_cl0.55:direction=all:first_target_points=0.5:stop_points=2:runner_target_points=3:runner_stop_mode=initial,vwap_delta_exhaustion_fade_4pt_30d_cl0.55,all,0.5,2,3,initial,76,76,76,17,59,35,24,0,0,35,0.46052632,925,-3407,-44.82894737,46,30,"two-contract post-signal scalp: one contract exits at first target, one runner uses selected stop mode and runner target"
1,signal_scaled_scalp:strategy=vwap_delta_exhaustion_fade_4pt_30d_cl0.55:direction=all:first_target_points=0.5:stop_points=2:runner_target_points=5:runner_stop_mode=breakeven,vwap_delta_exhaustion_fade_4pt_30d_cl0.55,all,0.5,2,5,breakeven,76,76,76,17,59,10,49,0,0,10,0.13157895,575,-3757,-49.43421053,46,30,"two-contract post-signal scalp: one contract exits at first target, one runner uses selected stop mode and runner target"
1,signal_scaled_scalp:strategy=vwap_delta_exhaustion_fade_4pt_30d_cl0.55:direction=all:first_target_points=0.5:stop_points=2:runner_target_points=5:runner_stop_mode=initial,vwap_delta_exhaustion_fade_4pt_30d_cl0.55,all,0.5,2,5,initial,76,76,76,17,59,27,32,0,0,27,0.35526316,1625,-2707,-35.61842105,46,30,"two-contract post-signal scalp: one contract exits at first target, one runner uses selected stop mode and runner target"
1,signal_scaled_scalp:strategy=vwap_delta_exhaustion_fade_4pt_30d_cl0.55:direction=all:first_target_points=1:stop_points=1:runner_target_points=1.5:runner_stop_mode=breakeven,vwap_delta_exhaustion_fade_4pt_30d_cl0.55,all,1,1,1.5,breakeven,76,76,76,35,41,35,6,0,0,35,0.46052632,1175,-3157,-41.53947368,46,30,"two-contract post-signal scalp: one contract exits at first target, one runner uses selected stop mode and runner target"
1,signal_scaled_scalp:strategy=vwap_delta_exhaustion_fade_4pt_30d_cl0.55:direction=all:first_target_points=1:stop_points=1:runner_target_points=1.5:runner_stop_mode=initial,vwap_delta_exhaustion_fade_4pt_30d_cl0.55,all,1,1,1.5,initial,76,76,76,35,41,39,2,0,0,39,0.51315789,1375,-2957,-38.90789474,46,30,"two-contract post-signal scalp: one contract exits at first target, one runner uses selected stop mode and runner target"
1,signal_scaled_scalp:strategy=vwap_delta_exhaustion_fade_4pt_30d_cl0.55:direction=all:first_target_points=1:stop_points=1:runner_target_points=2:runner_stop_mode=breakeven,vwap_delta_exhaustion_fade_4pt_30d_cl0.55,all,1,1,2,breakeven,76,76,76,35,41,22,19,0,0,22,0.28947368,750,-3582,-47.13157895,46,30,"two-contract post-signal scalp: one contract exits at first target, one runner uses selected stop mode and runner target"
1,signal_scaled_scalp:strategy=vwap_delta_exhaustion_fade_4pt_30d_cl0.55:direction=all:first_target_points=1:stop_points=1:runner_target_points=2:runner_stop_mode=initial,vwap_delta_exhaustion_fade_4pt_30d_cl0.55,all,1,1,2,initial,76,76,76,35,41,29,12,0,0,29,0.38157895,850,-3482,-45.81578947,46,30,"two-contract post-signal scalp: one contract exits at first target, one runner uses selected stop mode and runner target"
1,signal_scaled_scalp:strategy=vwap_delta_exhaustion_fade_4pt_30d_cl0.55:direction=all:first_target_points=1:stop_points=1:runner_target_points=3:runner_stop_mode=breakeven,vwap_delta_exhaustion_fade_4pt_30d_cl0.55,all,1,1,3,breakeven,76,76,76,35,41,13,28,0,0,13,0.17105263,500,-3832,-50.42105263,46,30,"two-contract post-signal scalp: one contract exits at first target, one runner uses selected stop mode and runner target"
1,signal_scaled_scalp:strategy=vwap_delta_exhaustion_fade_4pt_30d_cl0.55:direction=all:first_target_points=1:stop_points=1:runner_target_points=3:runner_stop_mode=initial,vwap_delta_exhaustion_fade_4pt_30d_cl0.55,all,1,1,3,initial,76,76,76,35,41,20,21,0,0,20,0.26315789,500,-3832,-50.42105263,46,30,"two-contract post-signal scalp: one contract exits at first target, one runner uses selected stop mode and runner target"
1,signal_scaled_scalp:strategy=vwap_delta_exhaustion_fade_4pt_30d_cl0.55:direction=all:first_target_points=1:stop_points=1:runner_target_points=5:runner_stop_mode=breakeven,vwap_delta_exhaustion_fade_4pt_30d_cl0.55,all,1,1,5,breakeven,76,76,76,35,41,11,30,0,0,11,0.14473684,1300,-3032,-39.89473684,46,30,"two-contract post-signal scalp: one contract exits at first target, one runner uses selected stop mode and runner target"
1,signal_scaled_scalp:strategy=vwap_delta_exhaustion_fade_4pt_30d_cl0.55:direction=all:first_target_points=1:stop_points=1:runner_target_points=5:runner_stop_mode=initial,vwap_delta_exhaustion_fade_4pt_30d_cl0.55,all,1,1,5,initial,76,76,76,35,41,16,25,0,0,16,0.21052632,1300,-3032,-39.89473684,46,30,"two-contract post-signal scalp: one contract exits at first target, one runner uses selected stop mode and runner target"
1,signal_scaled_scalp:strategy=vwap_delta_exhaustion_fade_4pt_30d_cl0.55:direction=all:first_target_points=1:stop_points=1.5:runner_target_points=1.5:runner_stop_mode=breakeven,vwap_delta_exhaustion_fade_4pt_30d_cl0.55,all,1,1.5,1.5,breakeven,76,76,76,24,52,44,8,0,0,44,0.57894737,2300,-2032,-26.73684211,46,30,"two-contract post-signal scalp: one contract exits at first target, one runner uses selected stop mode and runner target"
1,signal_scaled_scalp:strategy=vwap_delta_exhaustion_fade_4pt_30d_cl0.55:direction=all:first_target_points=1:stop_points=1.5:runner_target_points=1.5:runner_stop_mode=initial,vwap_delta_exhaustion_fade_4pt_30d_cl0.55,all,1,1.5,1.5,initial,76,76,76,24,52,50,2,0,0,50,0.65789474,2600,-1732,-22.78947368,46,30,"two-contract post-signal scalp: one contract exits at first target, one runner uses selected stop mode and runner target"
1,signal_scaled_scalp:strategy=vwap_delta_exhaustion_fade_4pt_30d_cl0.55:direction=all:first_target_points=1:stop_points=1.5:runner_target_points=2:runner_stop_mode=breakeven,vwap_delta_exhaustion_fade_4pt_30d_cl0.55,all,1,1.5,2,breakeven,76,76,76,24,52,29,23,0,0,29,0.38157895,1900,-2432,-32,46,30,"two-contract post-signal scalp: one contract exits at first target, one runner uses selected stop mode and runner target"
1,signal_scaled_scalp:strategy=vwap_delta_exhaustion_fade_4pt_30d_cl0.55:direction=all:first_target_points=1:stop_points=1.5:runner_target_points=2:runner_stop_mode=initial,vwap_delta_exhaustion_fade_4pt_30d_cl0.55,all,1,1.5,2,initial,76,76,76,24,52,38,14,0,0,38,0.5,1750,-2582,-33.97368421,46,30,"two-contract post-signal scalp: one contract exits at first target, one runner uses selected stop mode and runner target"
1,signal_scaled_scalp:strategy=vwap_delta_exhaustion_fade_4pt_30d_cl0.55:direction=all:first_target_points=1:stop_points=1.5:runner_target_points=3:runner_stop_mode=breakeven,vwap_delta_exhaustion_fade_4pt_30d_cl0.55,all,1,1.5,3,breakeven,76,76,76,24,52,18,34,0,0,18,0.23684211,1700,-2632,-34.63157895,46,30,"two-contract post-signal scalp: one contract exits at first target, one runner uses selected stop mode and runner target"
1,signal_scaled_scalp:strategy=vwap_delta_exhaustion_fade_4pt_30d_cl0.55:direction=all:first_target_points=1:stop_points=1.5:runner_target_points=3:runner_stop_mode=initial,vwap_delta_exhaustion_fade_4pt_30d_cl0.55,all,1,1.5,3,initial,76,76,76,24,52,32,20,0,0,32,0.42105263,2300,-2032,-26.73684211,46,30,"two-contract post-signal scalp: one contract exits at first target, one runner uses selected stop mode and runner target"
1,signal_scaled_scalp:strategy=vwap_delta_exhaustion_fade_4pt_30d_cl0.55:direction=all:first_target_points=1:stop_points=1.5:runner_target_points=5:runner_stop_mode=breakeven,vwap_delta_exhaustion_fade_4pt_30d_cl0.55,all,1,1.5,5,breakeven,76,76,76,24,52,14,38,0,0,14,0.18421053,2500,-1832,-24.10526316,46,30,"two-contract post-signal scalp: one contract exits at first target, one runner uses selected stop mode and runner target"
1,signal_scaled_scalp:strategy=vwap_delta_exhaustion_fade_4pt_30d_cl0.55:direction=all:first_target_points=1:stop_points=1.5:runner_target_points=5:runner_stop_mode=initial,vwap_delta_exhaustion_fade_4pt_30d_cl0.55,all,1,1.5,5,initial,76,76,76,24,52,25,27,0,0,25,0.32894737,3225,-1107,-14.56578947,46,30,"two-contract post-signal scalp: one contract exits at first target, one runner uses selected stop mode and runner target"
1,signal_scaled_scalp:strategy=vwap_delta_exhaustion_fade_4pt_30d_cl0.55:direction=all:first_target_points=1:stop_points=2:runner_target_points=1.5:runner_stop_mode=breakeven,vwap_delta_exhaustion_fade_4pt_30d_cl0.55,all,1,2,1.5,breakeven,76,76,76,18,58,46,12,0,0,46,0.60526316,2750,-1582,-20.81578947,46,30,"two-contract post-signal scalp: one contract exits at first target, one runner uses selected stop mode and runner target"
1,signal_scaled_scalp:strategy=vwap_delta_exhaustion_fade_4pt_30d_cl0.55:direction=all:first_target_points=1:stop_points=2:runner_target_points=1.5:runner_stop_mode=initial,vwap_delta_exhaustion_fade_4pt_30d_cl0.55,all,1,2,1.5,initial,76,76,76,18,58,54,4,0,0,54,0.71052632,2950,-1382,-18.18421053,46,30,"two-contract post-signal scalp: one contract exits at first target, one runner uses selected stop mode and runner target"
1,signal_scaled_scalp:strategy=vwap_delta_exhaustion_fade_4pt_30d_cl0.55:direction=all:first_target_points=1:stop_points=2:runner_target_points=2:runner_stop_mode=breakeven,vwap_delta_exhaustion_fade_4pt_30d_cl0.55,all,1,2,2,breakeven,76,76,76,18,58,30,28,0,0,30,0.39473684,2300,-2032,-26.73684211,46,30,"two-contract post-signal scalp: one contract exits at first target, one runner uses selected stop mode and runner target"
1,signal_scaled_scalp:strategy=vwap_delta_exhaustion_fade_4pt_30d_cl0.55:direction=all:first_target_points=1:stop_points=2:runner_target_points=2:runner_stop_mode=initial,vwap_delta_exhaustion_fade_4pt_30d_cl0.55,all,1,2,2,initial,76,76,76,18,58,42,16,0,0,42,0.55263158,1900,-2432,-32,46,30,"two-contract post-signal scalp: one contract exits at first target, one runner uses selected stop mode and runner target"
1,signal_scaled_scalp:strategy=vwap_delta_exhaustion_fade_4pt_30d_cl0.55:direction=all:first_target_points=1:stop_points=2:runner_target_points=3:runner_stop_mode=breakeven,vwap_delta_exhaustion_fade_4pt_30d_cl0.55,all,1,2,3,breakeven,76,76,76,18,58,19,39,0,0,19,0.25,2150,-2182,-28.71052632,46,30,"two-contract post-signal scalp: one contract exits at first target, one runner uses selected stop mode and runner target"
1,signal_scaled_scalp:strategy=vwap_delta_exhaustion_fade_4pt_30d_cl0.55:direction=all:first_target_points=1:stop_points=2:runner_target_points=3:runner_stop_mode=initial,vwap_delta_exhaustion_fade_4pt_30d_cl0.55,all,1,2,3,initial,76,76,76,18,58,35,23,0,0,35,0.46052632,2250,-2082,-27.39473684,46,30,"two-contract post-signal scalp: one contract exits at first target, one runner uses selected stop mode and runner target"
1,signal_scaled_scalp:strategy=vwap_delta_exhaustion_fade_4pt_30d_cl0.55:direction=all:first_target_points=1:stop_points=2:runner_target_points=5:runner_stop_mode=breakeven,vwap_delta_exhaustion_fade_4pt_30d_cl0.55,all,1,2,5,breakeven,76,76,76,18,58,14,44,0,0,14,0.18421053,2800,-1532,-20.15789474,46,30,"two-contract post-signal scalp: one contract exits at first target, one runner uses selected stop mode and runner target"
1,signal_scaled_scalp:strategy=vwap_delta_exhaustion_fade_4pt_30d_cl0.55:direction=all:first_target_points=1:stop_points=2:runner_target_points=5:runner_stop_mode=initial,vwap_delta_exhaustion_fade_4pt_30d_cl0.55,all,1,2,5,initial,76,76,76,18,58,27,31,0,0,27,0.35526316,2950,-1382,-18.18421053,46,30,"two-contract post-signal scalp: one contract exits at first target, one runner uses selected stop mode and runner target"
1,signal_scaled_scalp:strategy=vwap_delta_exhaustion_fade_4pt_30d_cl0.55:direction=all:first_target_points=1.5:stop_points=1:runner_target_points=2:runner_stop_mode=breakeven,vwap_delta_exhaustion_fade_4pt_30d_cl0.55,all,1.5,1,2,breakeven,76,76,76,37,39,25,14,0,0,39,0.51315789,1725,-2607,-34.30263158,46,30,"two-contract post-signal scalp: one contract exits at first target, one runner uses selected stop mode and runner target"
1,signal_scaled_scalp:strategy=vwap_delta_exhaustion_fade_4pt_30d_cl0.55:direction=all:first_target_points=1.5:stop_points=1:runner_target_points=2:runner_stop_mode=initial,vwap_delta_exhaustion_fade_4pt_30d_cl0.55,all,1.5,1,2,initial,76,76,76,37,39,29,10,0,0,29,0.38157895,1625,-2707,-35.61842105,46,30,"two-contract post-signal scalp: one contract exits at first target, one runner uses selected stop mode and runner target"
1,signal_scaled_scalp:strategy=vwap_delta_exhaustion_fade_4pt_30d_cl0.55:direction=all:first_target_points=1.5:stop_points=1:runner_target_points=3:runner_stop_mode=breakeven,vwap_delta_exhaustion_fade_4pt_30d_cl0.55,all,1.5,1,3,breakeven,76,76,76,37,39,15,24,0,0,39,0.51315789,1475,-2857,-37.59210526,46,30,"two-contract post-signal scalp: one contract exits at first target, one runner uses selected stop mode and runner target"
1,signal_scaled_scalp:strategy=vwap_delta_exhaustion_fade_4pt_30d_cl0.55:direction=all:first_target_points=1.5:stop_points=1:runner_target_points=3:runner_stop_mode=initial,vwap_delta_exhaustion_fade_4pt_30d_cl0.55,all,1.5,1,3,initial,76,76,76,37,39,20,19,0,0,20,0.26315789,1275,-3057,-40.22368421,46,30,"two-contract post-signal scalp: one contract exits at first target, one runner uses selected stop mode and runner target"
1,signal_scaled_scalp:strategy=vwap_delta_exhaustion_fade_4pt_30d_cl0.55:direction=all:first_target_points=1.5:stop_points=1:runner_target_points=5:runner_stop_mode=breakeven,vwap_delta_exhaustion_fade_4pt_30d_cl0.55,all,1.5,1,5,breakeven,76,76,76,37,39,12,27,0,0,39,0.51315789,2225,-2107,-27.72368421,46,30,"two-contract post-signal scalp: one contract exits at first target, one runner uses selected stop mode and runner target"
1,signal_scaled_scalp:strategy=vwap_delta_exhaustion_fade_4pt_30d_cl0.55:direction=all:first_target_points=1.5:stop_points=1:runner_target_points=5:runner_stop_mode=initial,vwap_delta_exhaustion_fade_4pt_30d_cl0.55,all,1.5,1,5,initial,76,76,76,37,39,16,23,0,0,16,0.21052632,2075,-2257,-29.69736842,46,30,"two-contract post-signal scalp: one contract exits at first target, one runner uses selected stop mode and runner target"
1,signal_scaled_scalp:strategy=vwap_delta_exhaustion_fade_4pt_30d_cl0.55:direction=all:first_target_points=1.5:stop_points=1.5:runner_target_points=2:runner_stop_mode=breakeven,vwap_delta_exhaustion_fade_4pt_30d_cl0.55,all,1.5,1.5,2,breakeven,76,76,76,26,50,34,16,0,0,50,0.65789474,3250,-1082,-14.23684211,46,30,"two-contract post-signal scalp: one contract exits at first target, one runner uses selected stop mode and runner target"
1,signal_scaled_scalp:strategy=vwap_delta_exhaustion_fade_4pt_30d_cl0.55:direction=all:first_target_points=1.5:stop_points=1.5:runner_target_points=2:runner_stop_mode=initial,vwap_delta_exhaustion_fade_4pt_30d_cl0.55,all,1.5,1.5,2,initial,76,76,76,26,50,38,12,0,0,38,0.5,2750,-1582,-20.81578947,46,30,"two-contract post-signal scalp: one contract exits at first target, one runner uses selected stop mode and runner target"
1,signal_scaled_scalp:strategy=vwap_delta_exhaustion_fade_4pt_30d_cl0.55:direction=all:first_target_points=1.5:stop_points=1.5:runner_target_points=3:runner_stop_mode=breakeven,vwap_delta_exhaustion_fade_4pt_30d_cl0.55,all,1.5,1.5,3,breakeven,76,76,76,26,50,22,28,0,0,50,0.65789474,3150,-1182,-15.55263158,46,30,"two-contract post-signal scalp: one contract exits at first target, one runner uses selected stop mode and runner target"
1,signal_scaled_scalp:strategy=vwap_delta_exhaustion_fade_4pt_30d_cl0.55:direction=all:first_target_points=1.5:stop_points=1.5:runner_target_points=3:runner_stop_mode=initial,vwap_delta_exhaustion_fade_4pt_30d_cl0.55,all,1.5,1.5,3,initial,76,76,76,26,50,32,18,0,0,32,0.42105263,3300,-1032,-13.57894737,46,30,"two-contract post-signal scalp: one contract exits at first target, one runner uses selected stop mode and runner target"
1,signal_scaled_scalp:strategy=vwap_delta_exhaustion_fade_4pt_30d_cl0.55:direction=all:first_target_points=1.5:stop_points=1.5:runner_target_points=5:runner_stop_mode=breakeven,vwap_delta_exhaustion_fade_4pt_30d_cl0.55,all,1.5,1.5,5,breakeven,76,76,76,26,50,16,34,0,0,50,0.65789474,3850,-482,-6.34210526,46,30,"two-contract post-signal scalp: one contract exits at first target, one runner uses selected stop mode and runner target"
1,signal_scaled_scalp:strategy=vwap_delta_exhaustion_fade_4pt_30d_cl0.55:direction=all:first_target_points=1.5:stop_points=1.5:runner_target_points=5:runner_stop_mode=initial,vwap_delta_exhaustion_fade_4pt_30d_cl0.55,all,1.5,1.5,5,initial,76,76,76,26,50,25,25,0,0,25,0.32894737,4225,-107,-1.40789474,46,30,"two-contract post-signal scalp: one contract exits at first target, one runner uses selected stop mode and runner target"
1,signal_scaled_scalp:strategy=vwap_delta_exhaustion_fade_4pt_30d_cl0.55:direction=all:first_target_points=1.5:stop_points=2:runner_target_points=2:runner_stop_mode=breakeven,vwap_delta_exhaustion_fade_4pt_30d_cl0.55,all,1.5,2,2,breakeven,76,76,76,22,54,36,18,0,0,54,0.71052632,3250,-1082,-14.23684211,46,30,"two-contract post-signal scalp: one contract exits at first target, one runner uses selected stop mode and runner target"
1,signal_scaled_scalp:strategy=vwap_delta_exhaustion_fade_4pt_30d_cl0.55:direction=all:first_target_points=1.5:stop_points=2:runner_target_points=2:runner_stop_mode=initial,vwap_delta_exhaustion_fade_4pt_30d_cl0.55,all,1.5,2,2,initial,76,76,76,22,54,42,12,0,0,42,0.55263158,2650,-1682,-22.13157895,46,30,"two-contract post-signal scalp: one contract exits at first target, one runner uses selected stop mode and runner target"
1,signal_scaled_scalp:strategy=vwap_delta_exhaustion_fade_4pt_30d_cl0.55:direction=all:first_target_points=1.5:stop_points=2:runner_target_points=3:runner_stop_mode=breakeven,vwap_delta_exhaustion_fade_4pt_30d_cl0.55,all,1.5,2,3,breakeven,76,76,76,22,54,23,31,0,0,54,0.71052632,3100,-1232,-16.21052632,46,30,"two-contract post-signal scalp: one contract exits at first target, one runner uses selected stop mode and runner target"
1,signal_scaled_scalp:strategy=vwap_delta_exhaustion_fade_4pt_30d_cl0.55:direction=all:first_target_points=1.5:stop_points=2:runner_target_points=3:runner_stop_mode=initial,vwap_delta_exhaustion_fade_4pt_30d_cl0.55,all,1.5,2,3,initial,76,76,76,22,54,35,19,0,0,35,0.46052632,3000,-1332,-17.52631579,46,30,"two-contract post-signal scalp: one contract exits at first target, one runner uses selected stop mode and runner target"
1,signal_scaled_scalp:strategy=vwap_delta_exhaustion_fade_4pt_30d_cl0.55:direction=all:first_target_points=1.5:stop_points=2:runner_target_points=5:runner_stop_mode=breakeven,vwap_delta_exhaustion_fade_4pt_30d_cl0.55,all,1.5,2,5,breakeven,76,76,76,22,54,16,38,0,0,54,0.71052632,3650,-682,-8.97368421,46,30,"two-contract post-signal scalp: one contract exits at first target, one runner uses selected stop mode and runner target"
1,signal_scaled_scalp:strategy=vwap_delta_exhaustion_fade_4pt_30d_cl0.55:direction=all:first_target_points=1.5:stop_points=2:runner_target_points=5:runner_stop_mode=initial,vwap_delta_exhaustion_fade_4pt_30d_cl0.55,all,1.5,2,5,initial,76,76,76,22,54,27,27,0,0,27,0.35526316,3700,-632,-8.31578947,46,30,"two-contract post-signal scalp: one contract exits at first target, one runner uses selected stop mode and runner target"
