schema_version,experiment_id,strategy_id,direction_filter,first_target_points,stop_points,runner_target_points,runner_stop_mode,input_signal_rows,input_candidates,evaluated_trades,full_stops,first_target_hits,runner_target_hits,runner_stop_exits,end_of_session_exits,other_exits,positive_net_trades,positive_net_rate,gross_usd,net_usd,average_net_usd,long_trades,short_trades,notes
1,signal_scaled_scalp:strategy=random_25_per_day:direction=all:first_target_points=0.5:stop_points=1:runner_target_points=1.5:runner_stop_mode=breakeven,random_25_per_day,all,0.5,1,1.5,breakeven,550,550,550,236,313,161,152,1,0,313,0.56909091,-3700,-7550,-13.72727273,276,274,"two-contract post-signal scalp: one contract exits at first target, one runner uses selected stop mode and runner target"
1,signal_scaled_scalp:strategy=random_25_per_day:direction=all:first_target_points=0.5:stop_points=1:runner_target_points=1.5:runner_stop_mode=initial,random_25_per_day,all,0.5,1,1.5,initial,550,550,550,236,313,230,83,1,0,230,0.41818182,-2675,-6525,-11.86363636,276,274,"two-contract post-signal scalp: one contract exits at first target, one runner uses selected stop mode and runner target"
1,signal_scaled_scalp:strategy=random_25_per_day:direction=all:first_target_points=0.5:stop_points=1:runner_target_points=2:runner_stop_mode=breakeven,random_25_per_day,all,0.5,1,2,breakeven,550,550,550,236,313,133,180,1,0,313,0.56909091,-2475,-6325,-11.5,276,274,"two-contract post-signal scalp: one contract exits at first target, one runner uses selected stop mode and runner target"
1,signal_scaled_scalp:strategy=random_25_per_day:direction=all:first_target_points=0.5:stop_points=1:runner_target_points=2:runner_stop_mode=initial,random_25_per_day,all,0.5,1,2,initial,550,550,550,236,313,195,118,1,0,195,0.35454545,-2175,-6025,-10.95454545,276,274,"two-contract post-signal scalp: one contract exits at first target, one runner uses selected stop mode and runner target"
1,signal_scaled_scalp:strategy=random_25_per_day:direction=all:first_target_points=0.5:stop_points=1:runner_target_points=3:runner_stop_mode=breakeven,random_25_per_day,all,0.5,1,3,breakeven,550,550,550,236,313,97,216,1,0,313,0.56909091,-1225,-5075,-9.22727273,276,274,"two-contract post-signal scalp: one contract exits at first target, one runner uses selected stop mode and runner target"
1,signal_scaled_scalp:strategy=random_25_per_day:direction=all:first_target_points=0.5:stop_points=1:runner_target_points=3:runner_stop_mode=initial,random_25_per_day,all,0.5,1,3,initial,550,550,550,236,313,149,164,1,0,149,0.27090909,-1625,-5475,-9.95454545,276,274,"two-contract post-signal scalp: one contract exits at first target, one runner uses selected stop mode and runner target"
1,signal_scaled_scalp:strategy=random_25_per_day:direction=all:first_target_points=0.5:stop_points=1:runner_target_points=5:runner_stop_mode=breakeven,random_25_per_day,all,0.5,1,5,breakeven,550,550,550,236,313,62,251,1,0,313,0.56909091,-275,-4125,-7.5,276,274,"two-contract post-signal scalp: one contract exits at first target, one runner uses selected stop mode and runner target"
1,signal_scaled_scalp:strategy=random_25_per_day:direction=all:first_target_points=0.5:stop_points=1:runner_target_points=5:runner_stop_mode=initial,random_25_per_day,all,0.5,1,5,initial,550,550,550,236,313,97,215,2,0,98,0.17818182,-2075,-5925,-10.77272727,276,274,"two-contract post-signal scalp: one contract exits at first target, one runner uses selected stop mode and runner target"
1,signal_scaled_scalp:strategy=random_25_per_day:direction=all:first_target_points=0.5:stop_points=1.5:runner_target_points=1.5:runner_stop_mode=breakeven,random_25_per_day,all,0.5,1.5,1.5,breakeven,550,550,550,197,352,175,177,1,0,352,0.64,-7625,-11475,-20.86363636,276,274,"two-contract post-signal scalp: one contract exits at first target, one runner uses selected stop mode and runner target"
1,signal_scaled_scalp:strategy=random_25_per_day:direction=all:first_target_points=0.5:stop_points=1.5:runner_target_points=1.5:runner_stop_mode=initial,random_25_per_day,all,0.5,1.5,1.5,initial,550,550,550,197,352,267,85,1,0,267,0.48545455,-7100,-10950,-19.90909091,276,274,"two-contract post-signal scalp: one contract exits at first target, one runner uses selected stop mode and runner target"
1,signal_scaled_scalp:strategy=random_25_per_day:direction=all:first_target_points=0.5:stop_points=1.5:runner_target_points=2:runner_stop_mode=breakeven,random_25_per_day,all,0.5,1.5,2,breakeven,550,550,550,197,352,144,208,1,0,352,0.64,-6350,-10200,-18.54545455,276,274,"two-contract post-signal scalp: one contract exits at first target, one runner uses selected stop mode and runner target"
1,signal_scaled_scalp:strategy=random_25_per_day:direction=all:first_target_points=0.5:stop_points=1.5:runner_target_points=2:runner_stop_mode=initial,random_25_per_day,all,0.5,1.5,2,initial,550,550,550,197,352,229,123,1,0,229,0.41636364,-7075,-10925,-19.86363636,276,274,"two-contract post-signal scalp: one contract exits at first target, one runner uses selected stop mode and runner target"
1,signal_scaled_scalp:strategy=random_25_per_day:direction=all:first_target_points=0.5:stop_points=1.5:runner_target_points=3:runner_stop_mode=breakeven,random_25_per_day,all,0.5,1.5,3,breakeven,550,550,550,197,352,105,247,1,0,352,0.64,-5000,-8850,-16.09090909,276,274,"two-contract post-signal scalp: one contract exits at first target, one runner uses selected stop mode and runner target"
1,signal_scaled_scalp:strategy=random_25_per_day:direction=all:first_target_points=0.5:stop_points=1.5:runner_target_points=3:runner_stop_mode=initial,random_25_per_day,all,0.5,1.5,3,initial,550,550,550,197,352,175,177,1,0,175,0.31818182,-7775,-11625,-21.13636364,276,274,"two-contract post-signal scalp: one contract exits at first target, one runner uses selected stop mode and runner target"
1,signal_scaled_scalp:strategy=random_25_per_day:direction=all:first_target_points=0.5:stop_points=1.5:runner_target_points=5:runner_stop_mode=breakeven,random_25_per_day,all,0.5,1.5,5,breakeven,550,550,550,197,352,66,286,1,0,352,0.64,-4250,-8100,-14.72727273,276,274,"two-contract post-signal scalp: one contract exits at first target, one runner uses selected stop mode and runner target"
1,signal_scaled_scalp:strategy=random_25_per_day:direction=all:first_target_points=0.5:stop_points=1.5:runner_target_points=5:runner_stop_mode=initial,random_25_per_day,all,0.5,1.5,5,initial,550,550,550,197,352,119,231,3,0,120,0.21818182,-8175,-12025,-21.86363636,276,274,"two-contract post-signal scalp: one contract exits at first target, one runner uses selected stop mode and runner target"
1,signal_scaled_scalp:strategy=random_25_per_day:direction=all:first_target_points=0.5:stop_points=2:runner_target_points=1.5:runner_stop_mode=breakeven,random_25_per_day,all,0.5,2,1.5,breakeven,550,550,550,168,381,187,194,1,0,381,0.69272727,-10050,-13900,-25.27272727,276,274,"two-contract post-signal scalp: one contract exits at first target, one runner uses selected stop mode and runner target"
1,signal_scaled_scalp:strategy=random_25_per_day:direction=all:first_target_points=0.5:stop_points=2:runner_target_points=1.5:runner_stop_mode=initial,random_25_per_day,all,0.5,2,1.5,initial,550,550,550,168,381,300,81,1,0,300,0.54545455,-9675,-13525,-24.59090909,276,274,"two-contract post-signal scalp: one contract exits at first target, one runner uses selected stop mode and runner target"
1,signal_scaled_scalp:strategy=random_25_per_day:direction=all:first_target_points=0.5:stop_points=2:runner_target_points=2:runner_stop_mode=breakeven,random_25_per_day,all,0.5,2,2,breakeven,550,550,550,168,381,154,227,1,0,381,0.69272727,-8675,-12525,-22.77272727,276,274,"two-contract post-signal scalp: one contract exits at first target, one runner uses selected stop mode and runner target"
1,signal_scaled_scalp:strategy=random_25_per_day:direction=all:first_target_points=0.5:stop_points=2:runner_target_points=2:runner_stop_mode=initial,random_25_per_day,all,0.5,2,2,initial,550,550,550,168,381,262,119,1,0,262,0.47636364,-9775,-13625,-24.77272727,276,274,"two-contract post-signal scalp: one contract exits at first target, one runner uses selected stop mode and runner target"
1,signal_scaled_scalp:strategy=random_25_per_day:direction=all:first_target_points=0.5:stop_points=2:runner_target_points=3:runner_stop_mode=breakeven,random_25_per_day,all,0.5,2,3,breakeven,550,550,550,168,381,113,268,1,0,381,0.69272727,-7125,-10975,-19.95454545,276,274,"two-contract post-signal scalp: one contract exits at first target, one runner uses selected stop mode and runner target"
1,signal_scaled_scalp:strategy=random_25_per_day:direction=all:first_target_points=0.5:stop_points=2:runner_target_points=3:runner_stop_mode=initial,random_25_per_day,all,0.5,2,3,initial,550,550,550,168,381,207,174,1,0,207,0.37636364,-10425,-14275,-25.95454545,276,274,"two-contract post-signal scalp: one contract exits at first target, one runner uses selected stop mode and runner target"
1,signal_scaled_scalp:strategy=random_25_per_day:direction=all:first_target_points=0.5:stop_points=2:runner_target_points=5:runner_stop_mode=breakeven,random_25_per_day,all,0.5,2,5,breakeven,550,550,550,168,381,73,308,1,0,381,0.69272727,-5825,-9675,-17.59090909,276,274,"two-contract post-signal scalp: one contract exits at first target, one runner uses selected stop mode and runner target"
1,signal_scaled_scalp:strategy=random_25_per_day:direction=all:first_target_points=0.5:stop_points=2:runner_target_points=5:runner_stop_mode=initial,random_25_per_day,all,0.5,2,5,initial,550,550,550,168,381,146,233,3,0,147,0.26727273,-10725,-14575,-26.5,276,274,"two-contract post-signal scalp: one contract exits at first target, one runner uses selected stop mode and runner target"
1,signal_scaled_scalp:strategy=random_25_per_day:direction=all:first_target_points=1:stop_points=1:runner_target_points=1.5:runner_stop_mode=breakeven,random_25_per_day,all,1,1,1.5,breakeven,550,550,550,284,265,200,65,1,0,265,0.48181818,-150,-4000,-7.27272727,276,274,"two-contract post-signal scalp: one contract exits at first target, one runner uses selected stop mode and runner target"
1,signal_scaled_scalp:strategy=random_25_per_day:direction=all:first_target_points=1:stop_points=1:runner_target_points=1.5:runner_stop_mode=initial,random_25_per_day,all,1,1,1.5,initial,550,550,550,284,265,230,35,1,0,230,0.41818182,350,-3500,-6.36363636,276,274,"two-contract post-signal scalp: one contract exits at first target, one runner uses selected stop mode and runner target"
1,signal_scaled_scalp:strategy=random_25_per_day:direction=all:first_target_points=1:stop_points=1:runner_target_points=2:runner_stop_mode=breakeven,random_25_per_day,all,1,1,2,breakeven,550,550,550,284,265,160,105,1,0,265,0.48181818,850,-3000,-5.45454545,276,274,"two-contract post-signal scalp: one contract exits at first target, one runner uses selected stop mode and runner target"
1,signal_scaled_scalp:strategy=random_25_per_day:direction=all:first_target_points=1:stop_points=1:runner_target_points=2:runner_stop_mode=initial,random_25_per_day,all,1,1,2,initial,550,550,550,284,265,195,70,1,0,195,0.35454545,850,-3000,-5.45454545,276,274,"two-contract post-signal scalp: one contract exits at first target, one runner uses selected stop mode and runner target"
1,signal_scaled_scalp:strategy=random_25_per_day:direction=all:first_target_points=1:stop_points=1:runner_target_points=3:runner_stop_mode=breakeven,random_25_per_day,all,1,1,3,breakeven,550,550,550,284,265,116,149,1,0,265,0.48181818,2250,-1600,-2.90909091,276,274,"two-contract post-signal scalp: one contract exits at first target, one runner uses selected stop mode and runner target"
1,signal_scaled_scalp:strategy=random_25_per_day:direction=all:first_target_points=1:stop_points=1:runner_target_points=3:runner_stop_mode=initial,random_25_per_day,all,1,1,3,initial,550,550,550,284,265,149,116,1,0,149,0.27090909,1400,-2450,-4.45454545,276,274,"two-contract post-signal scalp: one contract exits at first target, one runner uses selected stop mode and runner target"
1,signal_scaled_scalp:strategy=random_25_per_day:direction=all:first_target_points=1:stop_points=1:runner_target_points=5:runner_stop_mode=breakeven,random_25_per_day,all,1,1,5,breakeven,550,550,550,284,265,73,192,1,0,265,0.48181818,3100,-750,-1.36363636,276,274,"two-contract post-signal scalp: one contract exits at first target, one runner uses selected stop mode and runner target"
1,signal_scaled_scalp:strategy=random_25_per_day:direction=all:first_target_points=1:stop_points=1:runner_target_points=5:runner_stop_mode=initial,random_25_per_day,all,1,1,5,initial,550,550,550,284,265,97,167,2,0,98,0.17818182,950,-2900,-5.27272727,276,274,"two-contract post-signal scalp: one contract exits at first target, one runner uses selected stop mode and runner target"
1,signal_scaled_scalp:strategy=random_25_per_day:direction=all:first_target_points=1:stop_points=1.5:runner_target_points=1.5:runner_stop_mode=breakeven,random_25_per_day,all,1,1.5,1.5,breakeven,550,550,550,240,309,226,83,1,0,309,0.56181818,-3600,-7450,-13.54545455,276,274,"two-contract post-signal scalp: one contract exits at first target, one runner uses selected stop mode and runner target"
1,signal_scaled_scalp:strategy=random_25_per_day:direction=all:first_target_points=1:stop_points=1.5:runner_target_points=1.5:runner_stop_mode=initial,random_25_per_day,all,1,1.5,1.5,initial,550,550,550,240,309,267,42,1,0,267,0.48545455,-3675,-7525,-13.68181818,276,274,"two-contract post-signal scalp: one contract exits at first target, one runner uses selected stop mode and runner target"
1,signal_scaled_scalp:strategy=random_25_per_day:direction=all:first_target_points=1:stop_points=1.5:runner_target_points=2:runner_stop_mode=breakeven,random_25_per_day,all,1,1.5,2,breakeven,550,550,550,240,309,180,129,1,0,309,0.56181818,-2550,-6400,-11.63636364,276,274,"two-contract post-signal scalp: one contract exits at first target, one runner uses selected stop mode and runner target"
1,signal_scaled_scalp:strategy=random_25_per_day:direction=all:first_target_points=1:stop_points=1.5:runner_target_points=2:runner_stop_mode=initial,random_25_per_day,all,1,1.5,2,initial,550,550,550,240,309,229,80,1,0,229,0.41636364,-3650,-7500,-13.63636364,276,274,"two-contract post-signal scalp: one contract exits at first target, one runner uses selected stop mode and runner target"
1,signal_scaled_scalp:strategy=random_25_per_day:direction=all:first_target_points=1:stop_points=1.5:runner_target_points=3:runner_stop_mode=breakeven,random_25_per_day,all,1,1.5,3,breakeven,550,550,550,240,309,127,182,1,0,309,0.56181818,-1500,-5350,-9.72727273,276,274,"two-contract post-signal scalp: one contract exits at first target, one runner uses selected stop mode and runner target"
1,signal_scaled_scalp:strategy=random_25_per_day:direction=all:first_target_points=1:stop_points=1.5:runner_target_points=3:runner_stop_mode=initial,random_25_per_day,all,1,1.5,3,initial,550,550,550,240,309,175,134,1,0,175,0.31818182,-4350,-8200,-14.90909091,276,274,"two-contract post-signal scalp: one contract exits at first target, one runner uses selected stop mode and runner target"
1,signal_scaled_scalp:strategy=random_25_per_day:direction=all:first_target_points=1:stop_points=1.5:runner_target_points=5:runner_stop_mode=breakeven,random_25_per_day,all,1,1.5,5,breakeven,550,550,550,240,309,79,230,1,0,309,0.56181818,-800,-4650,-8.45454545,276,274,"two-contract post-signal scalp: one contract exits at first target, one runner uses selected stop mode and runner target"
1,signal_scaled_scalp:strategy=random_25_per_day:direction=all:first_target_points=1:stop_points=1.5:runner_target_points=5:runner_stop_mode=initial,random_25_per_day,all,1,1.5,5,initial,550,550,550,240,309,119,188,3,0,120,0.21818182,-4750,-8600,-15.63636364,276,274,"two-contract post-signal scalp: one contract exits at first target, one runner uses selected stop mode and runner target"
1,signal_scaled_scalp:strategy=random_25_per_day:direction=all:first_target_points=1:stop_points=2:runner_target_points=1.5:runner_stop_mode=breakeven,random_25_per_day,all,1,2,1.5,breakeven,550,550,550,205,344,246,98,1,0,344,0.62545455,-5350,-9200,-16.72727273,276,274,"two-contract post-signal scalp: one contract exits at first target, one runner uses selected stop mode and runner target"
1,signal_scaled_scalp:strategy=random_25_per_day:direction=all:first_target_points=1:stop_points=2:runner_target_points=1.5:runner_stop_mode=initial,random_25_per_day,all,1,2,1.5,initial,550,550,550,205,344,300,44,1,0,300,0.54545455,-5700,-9550,-17.36363636,276,274,"two-contract post-signal scalp: one contract exits at first target, one runner uses selected stop mode and runner target"
1,signal_scaled_scalp:strategy=random_25_per_day:direction=all:first_target_points=1:stop_points=2:runner_target_points=2:runner_stop_mode=breakeven,random_25_per_day,all,1,2,2,breakeven,550,550,550,205,344,194,150,1,0,344,0.62545455,-4400,-8250,-15,276,274,"two-contract post-signal scalp: one contract exits at first target, one runner uses selected stop mode and runner target"
1,signal_scaled_scalp:strategy=random_25_per_day:direction=all:first_target_points=1:stop_points=2:runner_target_points=2:runner_stop_mode=initial,random_25_per_day,all,1,2,2,initial,550,550,550,205,344,262,82,1,0,262,0.47636364,-5800,-9650,-17.54545455,276,274,"two-contract post-signal scalp: one contract exits at first target, one runner uses selected stop mode and runner target"
1,signal_scaled_scalp:strategy=random_25_per_day:direction=all:first_target_points=1:stop_points=2:runner_target_points=3:runner_stop_mode=breakeven,random_25_per_day,all,1,2,3,breakeven,550,550,550,205,344,137,207,1,0,344,0.62545455,-3250,-7100,-12.90909091,276,274,"two-contract post-signal scalp: one contract exits at first target, one runner uses selected stop mode and runner target"
1,signal_scaled_scalp:strategy=random_25_per_day:direction=all:first_target_points=1:stop_points=2:runner_target_points=3:runner_stop_mode=initial,random_25_per_day,all,1,2,3,initial,550,550,550,205,344,207,137,1,0,207,0.37636364,-6450,-10300,-18.72727273,276,274,"two-contract post-signal scalp: one contract exits at first target, one runner uses selected stop mode and runner target"
1,signal_scaled_scalp:strategy=random_25_per_day:direction=all:first_target_points=1:stop_points=2:runner_target_points=5:runner_stop_mode=breakeven,random_25_per_day,all,1,2,5,breakeven,550,550,550,205,344,87,257,1,0,344,0.62545455,-2050,-5900,-10.72727273,276,274,"two-contract post-signal scalp: one contract exits at first target, one runner uses selected stop mode and runner target"
1,signal_scaled_scalp:strategy=random_25_per_day:direction=all:first_target_points=1:stop_points=2:runner_target_points=5:runner_stop_mode=initial,random_25_per_day,all,1,2,5,initial,550,550,550,205,344,146,196,3,0,147,0.26727273,-6750,-10600,-19.27272727,276,274,"two-contract post-signal scalp: one contract exits at first target, one runner uses selected stop mode and runner target"
1,signal_scaled_scalp:strategy=random_25_per_day:direction=all:first_target_points=1.5:stop_points=1:runner_target_points=2:runner_stop_mode=breakeven,random_25_per_day,all,1.5,1,2,breakeven,550,550,550,319,230,181,49,1,0,230,0.41818182,3450,-400,-0.72727273,276,274,"two-contract post-signal scalp: one contract exits at first target, one runner uses selected stop mode and runner target"
1,signal_scaled_scalp:strategy=random_25_per_day:direction=all:first_target_points=1.5:stop_points=1:runner_target_points=2:runner_stop_mode=initial,random_25_per_day,all,1.5,1,2,initial,550,550,550,319,230,195,35,1,0,230,0.41818182,3100,-750,-1.36363636,276,274,"two-contract post-signal scalp: one contract exits at first target, one runner uses selected stop mode and runner target"
1,signal_scaled_scalp:strategy=random_25_per_day:direction=all:first_target_points=1.5:stop_points=1:runner_target_points=3:runner_stop_mode=breakeven,random_25_per_day,all,1.5,1,3,breakeven,550,550,550,319,230,130,100,1,0,230,0.41818182,4850,1000,1.81818182,276,274,"two-contract post-signal scalp: one contract exits at first target, one runner uses selected stop mode and runner target"
1,signal_scaled_scalp:strategy=random_25_per_day:direction=all:first_target_points=1.5:stop_points=1:runner_target_points=3:runner_stop_mode=initial,random_25_per_day,all,1.5,1,3,initial,550,550,550,319,230,149,81,1,0,230,0.41818182,3650,-200,-0.36363636,276,274,"two-contract post-signal scalp: one contract exits at first target, one runner uses selected stop mode and runner target"
1,signal_scaled_scalp:strategy=random_25_per_day:direction=all:first_target_points=1.5:stop_points=1:runner_target_points=5:runner_stop_mode=breakeven,random_25_per_day,all,1.5,1,5,breakeven,550,550,550,319,230,82,148,1,0,230,0.41818182,5850,2000,3.63636364,276,274,"two-contract post-signal scalp: one contract exits at first target, one runner uses selected stop mode and runner target"
1,signal_scaled_scalp:strategy=random_25_per_day:direction=all:first_target_points=1.5:stop_points=1:runner_target_points=5:runner_stop_mode=initial,random_25_per_day,all,1.5,1,5,initial,550,550,550,319,230,97,132,2,0,230,0.41818182,3200,-650,-1.18181818,276,274,"two-contract post-signal scalp: one contract exits at first target, one runner uses selected stop mode and runner target"
1,signal_scaled_scalp:strategy=random_25_per_day:direction=all:first_target_points=1.5:stop_points=1.5:runner_target_points=2:runner_stop_mode=breakeven,random_25_per_day,all,1.5,1.5,2,breakeven,550,550,550,282,267,209,58,1,0,267,0.48545455,-1375,-5225,-9.5,276,274,"two-contract post-signal scalp: one contract exits at first target, one runner uses selected stop mode and runner target"
1,signal_scaled_scalp:strategy=random_25_per_day:direction=all:first_target_points=1.5:stop_points=1.5:runner_target_points=2:runner_stop_mode=initial,random_25_per_day,all,1.5,1.5,2,initial,550,550,550,282,267,229,38,1,0,229,0.41636364,-2225,-6075,-11.04545455,276,274,"two-contract post-signal scalp: one contract exits at first target, one runner uses selected stop mode and runner target"
1,signal_scaled_scalp:strategy=random_25_per_day:direction=all:first_target_points=1.5:stop_points=1.5:runner_target_points=3:runner_stop_mode=breakeven,random_25_per_day,all,1.5,1.5,3,breakeven,550,550,550,282,267,144,123,1,0,267,0.48545455,-675,-4525,-8.22727273,276,274,"two-contract post-signal scalp: one contract exits at first target, one runner uses selected stop mode and runner target"
1,signal_scaled_scalp:strategy=random_25_per_day:direction=all:first_target_points=1.5:stop_points=1.5:runner_target_points=3:runner_stop_mode=initial,random_25_per_day,all,1.5,1.5,3,initial,550,550,550,282,267,175,92,1,0,175,0.31818182,-2925,-6775,-12.31818182,276,274,"two-contract post-signal scalp: one contract exits at first target, one runner uses selected stop mode and runner target"
1,signal_scaled_scalp:strategy=random_25_per_day:direction=all:first_target_points=1.5:stop_points=1.5:runner_target_points=5:runner_stop_mode=breakeven,random_25_per_day,all,1.5,1.5,5,breakeven,550,550,550,282,267,88,179,1,0,267,0.48545455,-275,-4125,-7.5,276,274,"two-contract post-signal scalp: one contract exits at first target, one runner uses selected stop mode and runner target"
1,signal_scaled_scalp:strategy=random_25_per_day:direction=all:first_target_points=1.5:stop_points=1.5:runner_target_points=5:runner_stop_mode=initial,random_25_per_day,all,1.5,1.5,5,initial,550,550,550,282,267,119,146,3,0,121,0.22,-3325,-7175,-13.04545455,276,274,"two-contract post-signal scalp: one contract exits at first target, one runner uses selected stop mode and runner target"
1,signal_scaled_scalp:strategy=random_25_per_day:direction=all:first_target_points=1.5:stop_points=2:runner_target_points=2:runner_stop_mode=breakeven,random_25_per_day,all,1.5,2,2,breakeven,550,550,550,249,300,235,65,1,0,300,0.54545455,-3800,-7650,-13.90909091,276,274,"two-contract post-signal scalp: one contract exits at first target, one runner uses selected stop mode and runner target"
1,signal_scaled_scalp:strategy=random_25_per_day:direction=all:first_target_points=1.5:stop_points=2:runner_target_points=2:runner_stop_mode=initial,random_25_per_day,all,1.5,2,2,initial,550,550,550,249,300,262,38,1,0,262,0.47636364,-4900,-8750,-15.90909091,276,274,"two-contract post-signal scalp: one contract exits at first target, one runner uses selected stop mode and runner target"
1,signal_scaled_scalp:strategy=random_25_per_day:direction=all:first_target_points=1.5:stop_points=2:runner_target_points=3:runner_stop_mode=breakeven,random_25_per_day,all,1.5,2,3,breakeven,550,550,550,249,300,163,137,1,0,300,0.54545455,-2850,-6700,-12.18181818,276,274,"two-contract post-signal scalp: one contract exits at first target, one runner uses selected stop mode and runner target"
1,signal_scaled_scalp:strategy=random_25_per_day:direction=all:first_target_points=1.5:stop_points=2:runner_target_points=3:runner_stop_mode=initial,random_25_per_day,all,1.5,2,3,initial,550,550,550,249,300,207,93,1,0,207,0.37636364,-5550,-9400,-17.09090909,276,274,"two-contract post-signal scalp: one contract exits at first target, one runner uses selected stop mode and runner target"
1,signal_scaled_scalp:strategy=random_25_per_day:direction=all:first_target_points=1.5:stop_points=2:runner_target_points=5:runner_stop_mode=breakeven,random_25_per_day,all,1.5,2,5,breakeven,550,550,550,249,300,102,198,1,0,300,0.54545455,-1800,-5650,-10.27272727,276,274,"two-contract post-signal scalp: one contract exits at first target, one runner uses selected stop mode and runner target"
1,signal_scaled_scalp:strategy=random_25_per_day:direction=all:first_target_points=1.5:stop_points=2:runner_target_points=5:runner_stop_mode=initial,random_25_per_day,all,1.5,2,5,initial,550,550,550,249,300,146,152,3,0,148,0.26909091,-5850,-9700,-17.63636364,276,274,"two-contract post-signal scalp: one contract exits at first target, one runner uses selected stop mode and runner target"
1,signal_scaled_scalp:strategy=vwap_extension_fade_1pt:direction=all:first_target_points=0.5:stop_points=1:runner_target_points=1.5:runner_stop_mode=breakeven,vwap_extension_fade_1pt,all,0.5,1,1.5,breakeven,438,438,438,182,255,131,124,1,0,255,0.58219178,-2000,-5066,-11.56621005,203,235,"two-contract post-signal scalp: one contract exits at first target, one runner uses selected stop mode and runner target"
1,signal_scaled_scalp:strategy=vwap_extension_fade_1pt:direction=all:first_target_points=0.5:stop_points=1:runner_target_points=1.5:runner_stop_mode=initial,vwap_extension_fade_1pt,all,0.5,1,1.5,initial,438,438,438,182,255,187,68,1,0,187,0.42694064,-1200,-4266,-9.73972603,203,235,"two-contract post-signal scalp: one contract exits at first target, one runner uses selected stop mode and runner target"
1,signal_scaled_scalp:strategy=vwap_extension_fade_1pt:direction=all:first_target_points=0.5:stop_points=1:runner_target_points=2:runner_stop_mode=breakeven,vwap_extension_fade_1pt,all,0.5,1,2,breakeven,438,438,438,182,255,109,146,1,0,255,0.58219178,-925,-3991,-9.11187215,203,235,"two-contract post-signal scalp: one contract exits at first target, one runner uses selected stop mode and runner target"
1,signal_scaled_scalp:strategy=vwap_extension_fade_1pt:direction=all:first_target_points=0.5:stop_points=1:runner_target_points=2:runner_stop_mode=initial,vwap_extension_fade_1pt,all,0.5,1,2,initial,438,438,438,182,255,162,93,1,0,162,0.36986301,-275,-3341,-7.62785388,203,235,"two-contract post-signal scalp: one contract exits at first target, one runner uses selected stop mode and runner target"
1,signal_scaled_scalp:strategy=vwap_extension_fade_1pt:direction=all:first_target_points=0.5:stop_points=1:runner_target_points=3:runner_stop_mode=breakeven,vwap_extension_fade_1pt,all,0.5,1,3,breakeven,438,438,438,182,255,76,179,1,0,255,0.58219178,-425,-3491,-7.97031963,203,235,"two-contract post-signal scalp: one contract exits at first target, one runner uses selected stop mode and runner target"
1,signal_scaled_scalp:strategy=vwap_extension_fade_1pt:direction=all:first_target_points=0.5:stop_points=1:runner_target_points=3:runner_stop_mode=initial,vwap_extension_fade_1pt,all,0.5,1,3,initial,438,438,438,182,255,130,125,1,0,130,0.29680365,1425,-1641,-3.74657534,203,235,"two-contract post-signal scalp: one contract exits at first target, one runner uses selected stop mode and runner target"
1,signal_scaled_scalp:strategy=vwap_extension_fade_1pt:direction=all:first_target_points=0.5:stop_points=1:runner_target_points=5:runner_stop_mode=breakeven,vwap_extension_fade_1pt,all,0.5,1,5,breakeven,438,438,438,182,255,46,208,2,0,255,0.58219178,-100,-3166,-7.2283105,203,235,"two-contract post-signal scalp: one contract exits at first target, one runner uses selected stop mode and runner target"
1,signal_scaled_scalp:strategy=vwap_extension_fade_1pt:direction=all:first_target_points=0.5:stop_points=1:runner_target_points=5:runner_stop_mode=initial,vwap_extension_fade_1pt,all,0.5,1,5,initial,438,438,438,182,255,85,169,2,0,86,0.19634703,1200,-1866,-4.26027397,203,235,"two-contract post-signal scalp: one contract exits at first target, one runner uses selected stop mode and runner target"
1,signal_scaled_scalp:strategy=vwap_extension_fade_1pt:direction=all:first_target_points=0.5:stop_points=1.5:runner_target_points=1.5:runner_stop_mode=breakeven,vwap_extension_fade_1pt,all,0.5,1.5,1.5,breakeven,438,438,438,161,276,136,140,1,0,276,0.63013699,-7050,-10116,-23.09589041,203,235,"two-contract post-signal scalp: one contract exits at first target, one runner uses selected stop mode and runner target"
1,signal_scaled_scalp:strategy=vwap_extension_fade_1pt:direction=all:first_target_points=0.5:stop_points=1.5:runner_target_points=1.5:runner_stop_mode=initial,vwap_extension_fade_1pt,all,0.5,1.5,1.5,initial,438,438,438,161,276,206,70,1,0,206,0.47031963,-7050,-10116,-23.09589041,203,235,"two-contract post-signal scalp: one contract exits at first target, one runner uses selected stop mode and runner target"
1,signal_scaled_scalp:strategy=vwap_extension_fade_1pt:direction=all:first_target_points=0.5:stop_points=1.5:runner_target_points=2:runner_stop_mode=breakeven,vwap_extension_fade_1pt,all,0.5,1.5,2,breakeven,438,438,438,161,276,113,163,1,0,276,0.63013699,-5950,-9016,-20.58447489,203,235,"two-contract post-signal scalp: one contract exits at first target, one runner uses selected stop mode and runner target"
1,signal_scaled_scalp:strategy=vwap_extension_fade_1pt:direction=all:first_target_points=0.5:stop_points=1.5:runner_target_points=2:runner_stop_mode=initial,vwap_extension_fade_1pt,all,0.5,1.5,2,initial,438,438,438,161,276,185,91,1,0,185,0.42237443,-5575,-8641,-19.7283105,203,235,"two-contract post-signal scalp: one contract exits at first target, one runner uses selected stop mode and runner target"
1,signal_scaled_scalp:strategy=vwap_extension_fade_1pt:direction=all:first_target_points=0.5:stop_points=1.5:runner_target_points=3:runner_stop_mode=breakeven,vwap_extension_fade_1pt,all,0.5,1.5,3,breakeven,438,438,438,161,276,78,198,1,0,276,0.63013699,-5550,-8616,-19.67123288,203,235,"two-contract post-signal scalp: one contract exits at first target, one runner uses selected stop mode and runner target"
1,signal_scaled_scalp:strategy=vwap_extension_fade_1pt:direction=all:first_target_points=0.5:stop_points=1.5:runner_target_points=3:runner_stop_mode=initial,vwap_extension_fade_1pt,all,0.5,1.5,3,initial,438,438,438,161,276,153,123,1,0,153,0.34931507,-3525,-6591,-15.04794521,203,235,"two-contract post-signal scalp: one contract exits at first target, one runner uses selected stop mode and runner target"
1,signal_scaled_scalp:strategy=vwap_extension_fade_1pt:direction=all:first_target_points=0.5:stop_points=1.5:runner_target_points=5:runner_stop_mode=breakeven,vwap_extension_fade_1pt,all,0.5,1.5,5,breakeven,438,438,438,161,276,48,227,2,0,276,0.63013699,-5025,-8091,-18.47260274,203,235,"two-contract post-signal scalp: one contract exits at first target, one runner uses selected stop mode and runner target"
1,signal_scaled_scalp:strategy=vwap_extension_fade_1pt:direction=all:first_target_points=0.5:stop_points=1.5:runner_target_points=5:runner_stop_mode=initial,vwap_extension_fade_1pt,all,0.5,1.5,5,initial,438,438,438,161,276,106,168,3,0,107,0.24429224,-3175,-6241,-14.24885845,203,235,"two-contract post-signal scalp: one contract exits at first target, one runner uses selected stop mode and runner target"
1,signal_scaled_scalp:strategy=vwap_extension_fade_1pt:direction=all:first_target_points=0.5:stop_points=2:runner_target_points=1.5:runner_stop_mode=breakeven,vwap_extension_fade_1pt,all,0.5,2,1.5,breakeven,438,438,438,138,299,149,150,1,0,299,0.6826484,-8950,-12016,-27.43378995,203,235,"two-contract post-signal scalp: one contract exits at first target, one runner uses selected stop mode and runner target"
1,signal_scaled_scalp:strategy=vwap_extension_fade_1pt:direction=all:first_target_points=0.5:stop_points=2:runner_target_points=1.5:runner_stop_mode=initial,vwap_extension_fade_1pt,all,0.5,2,1.5,initial,438,438,438,138,299,235,64,1,0,235,0.53652968,-8900,-11966,-27.3196347,203,235,"two-contract post-signal scalp: one contract exits at first target, one runner uses selected stop mode and runner target"
1,signal_scaled_scalp:strategy=vwap_extension_fade_1pt:direction=all:first_target_points=0.5:stop_points=2:runner_target_points=2:runner_stop_mode=breakeven,vwap_extension_fade_1pt,all,0.5,2,2,breakeven,438,438,438,138,299,125,174,1,0,299,0.6826484,-7625,-10691,-24.4086758,203,235,"two-contract post-signal scalp: one contract exits at first target, one runner uses selected stop mode and runner target"
1,signal_scaled_scalp:strategy=vwap_extension_fade_1pt:direction=all:first_target_points=0.5:stop_points=2:runner_target_points=2:runner_stop_mode=initial,vwap_extension_fade_1pt,all,0.5,2,2,initial,438,438,438,138,299,217,82,1,0,217,0.49543379,-6625,-9691,-22.12557078,203,235,"two-contract post-signal scalp: one contract exits at first target, one runner uses selected stop mode and runner target"
1,signal_scaled_scalp:strategy=vwap_extension_fade_1pt:direction=all:first_target_points=0.5:stop_points=2:runner_target_points=3:runner_stop_mode=breakeven,vwap_extension_fade_1pt,all,0.5,2,3,breakeven,438,438,438,138,299,87,212,1,0,299,0.6826484,-7075,-10141,-23.15296804,203,235,"two-contract post-signal scalp: one contract exits at first target, one runner uses selected stop mode and runner target"
1,signal_scaled_scalp:strategy=vwap_extension_fade_1pt:direction=all:first_target_points=0.5:stop_points=2:runner_target_points=3:runner_stop_mode=initial,vwap_extension_fade_1pt,all,0.5,2,3,initial,438,438,438,138,299,183,116,1,0,183,0.41780822,-4275,-7341,-16.76027397,203,235,"two-contract post-signal scalp: one contract exits at first target, one runner uses selected stop mode and runner target"
1,signal_scaled_scalp:strategy=vwap_extension_fade_1pt:direction=all:first_target_points=0.5:stop_points=2:runner_target_points=5:runner_stop_mode=breakeven,vwap_extension_fade_1pt,all,0.5,2,5,breakeven,438,438,438,138,299,54,244,2,0,299,0.6826484,-6400,-9466,-21.61187215,203,235,"two-contract post-signal scalp: one contract exits at first target, one runner uses selected stop mode and runner target"
1,signal_scaled_scalp:strategy=vwap_extension_fade_1pt:direction=all:first_target_points=0.5:stop_points=2:runner_target_points=5:runner_stop_mode=initial,vwap_extension_fade_1pt,all,0.5,2,5,initial,438,438,438,138,299,132,165,3,0,133,0.30365297,-3450,-6516,-14.87671233,203,235,"two-contract post-signal scalp: one contract exits at first target, one runner uses selected stop mode and runner target"
1,signal_scaled_scalp:strategy=vwap_extension_fade_1pt:direction=all:first_target_points=1:stop_points=1:runner_target_points=1.5:runner_stop_mode=breakeven,vwap_extension_fade_1pt,all,1,1,1.5,breakeven,438,438,438,221,216,163,53,1,0,216,0.49315068,925,-2141,-4.88812785,203,235,"two-contract post-signal scalp: one contract exits at first target, one runner uses selected stop mode and runner target"
1,signal_scaled_scalp:strategy=vwap_extension_fade_1pt:direction=all:first_target_points=1:stop_points=1:runner_target_points=1.5:runner_stop_mode=initial,vwap_extension_fade_1pt,all,1,1,1.5,initial,438,438,438,221,216,187,29,1,0,187,0.42694064,1275,-1791,-4.0890411,203,235,"two-contract post-signal scalp: one contract exits at first target, one runner uses selected stop mode and runner target"
1,signal_scaled_scalp:strategy=vwap_extension_fade_1pt:direction=all:first_target_points=1:stop_points=1:runner_target_points=2:runner_stop_mode=breakeven,vwap_extension_fade_1pt,all,1,1,2,breakeven,438,438,438,221,216,133,83,1,0,216,0.49315068,2000,-1066,-2.43378995,203,235,"two-contract post-signal scalp: one contract exits at first target, one runner uses selected stop mode and runner target"
1,signal_scaled_scalp:strategy=vwap_extension_fade_1pt:direction=all:first_target_points=1:stop_points=1:runner_target_points=2:runner_stop_mode=initial,vwap_extension_fade_1pt,all,1,1,2,initial,438,438,438,221,216,162,54,1,0,162,0.36986301,2200,-866,-1.97716895,203,235,"two-contract post-signal scalp: one contract exits at first target, one runner uses selected stop mode and runner target"
1,signal_scaled_scalp:strategy=vwap_extension_fade_1pt:direction=all:first_target_points=1:stop_points=1:runner_target_points=3:runner_stop_mode=breakeven,vwap_extension_fade_1pt,all,1,1,3,breakeven,438,438,438,221,216,94,122,1,0,216,0.49315068,2800,-266,-0.60730594,203,235,"two-contract post-signal scalp: one contract exits at first target, one runner uses selected stop mode and runner target"
1,signal_scaled_scalp:strategy=vwap_extension_fade_1pt:direction=all:first_target_points=1:stop_points=1:runner_target_points=3:runner_stop_mode=initial,vwap_extension_fade_1pt,all,1,1,3,initial,438,438,438,221,216,130,86,1,0,130,0.29680365,3900,834,1.90410959,203,235,"two-contract post-signal scalp: one contract exits at first target, one runner uses selected stop mode and runner target"
1,signal_scaled_scalp:strategy=vwap_extension_fade_1pt:direction=all:first_target_points=1:stop_points=1:runner_target_points=5:runner_stop_mode=breakeven,vwap_extension_fade_1pt,all,1,1,5,breakeven,438,438,438,221,216,55,160,2,0,216,0.49315068,2675,-391,-0.89269406,203,235,"two-contract post-signal scalp: one contract exits at first target, one runner uses selected stop mode and runner target"
1,signal_scaled_scalp:strategy=vwap_extension_fade_1pt:direction=all:first_target_points=1:stop_points=1:runner_target_points=5:runner_stop_mode=initial,vwap_extension_fade_1pt,all,1,1,5,initial,438,438,438,221,216,85,130,2,0,86,0.19634703,3675,609,1.39041096,203,235,"two-contract post-signal scalp: one contract exits at first target, one runner uses selected stop mode and runner target"
1,signal_scaled_scalp:strategy=vwap_extension_fade_1pt:direction=all:first_target_points=1:stop_points=1.5:runner_target_points=1.5:runner_stop_mode=breakeven,vwap_extension_fade_1pt,all,1,1.5,1.5,breakeven,438,438,438,203,234,171,63,1,0,234,0.53424658,-5925,-8991,-20.52739726,203,235,"two-contract post-signal scalp: one contract exits at first target, one runner uses selected stop mode and runner target"
1,signal_scaled_scalp:strategy=vwap_extension_fade_1pt:direction=all:first_target_points=1:stop_points=1.5:runner_target_points=1.5:runner_stop_mode=initial,vwap_extension_fade_1pt,all,1,1.5,1.5,initial,438,438,438,203,234,206,28,1,0,206,0.47031963,-5400,-8466,-19.32876712,203,235,"two-contract post-signal scalp: one contract exits at first target, one runner uses selected stop mode and runner target"
1,signal_scaled_scalp:strategy=vwap_extension_fade_1pt:direction=all:first_target_points=1:stop_points=1.5:runner_target_points=2:runner_stop_mode=breakeven,vwap_extension_fade_1pt,all,1,1.5,2,breakeven,438,438,438,203,234,139,95,1,0,234,0.53424658,-4850,-7916,-18.07305936,203,235,"two-contract post-signal scalp: one contract exits at first target, one runner uses selected stop mode and runner target"
1,signal_scaled_scalp:strategy=vwap_extension_fade_1pt:direction=all:first_target_points=1:stop_points=1.5:runner_target_points=2:runner_stop_mode=initial,vwap_extension_fade_1pt,all,1,1.5,2,initial,438,438,438,203,234,185,49,1,0,185,0.42237443,-3925,-6991,-15.96118721,203,235,"two-contract post-signal scalp: one contract exits at first target, one runner uses selected stop mode and runner target"
1,signal_scaled_scalp:strategy=vwap_extension_fade_1pt:direction=all:first_target_points=1:stop_points=1.5:runner_target_points=3:runner_stop_mode=breakeven,vwap_extension_fade_1pt,all,1,1.5,3,breakeven,438,438,438,203,234,98,136,1,0,234,0.53424658,-4050,-7116,-16.24657534,203,235,"two-contract post-signal scalp: one contract exits at first target, one runner uses selected stop mode and runner target"
1,signal_scaled_scalp:strategy=vwap_extension_fade_1pt:direction=all:first_target_points=1:stop_points=1.5:runner_target_points=3:runner_stop_mode=initial,vwap_extension_fade_1pt,all,1,1.5,3,initial,438,438,438,203,234,153,81,1,0,153,0.34931507,-1875,-4941,-11.28082192,203,235,"two-contract post-signal scalp: one contract exits at first target, one runner uses selected stop mode and runner target"
1,signal_scaled_scalp:strategy=vwap_extension_fade_1pt:direction=all:first_target_points=1:stop_points=1.5:runner_target_points=5:runner_stop_mode=breakeven,vwap_extension_fade_1pt,all,1,1.5,5,breakeven,438,438,438,203,234,57,176,2,0,234,0.53424658,-4275,-7341,-16.76027397,203,235,"two-contract post-signal scalp: one contract exits at first target, one runner uses selected stop mode and runner target"
1,signal_scaled_scalp:strategy=vwap_extension_fade_1pt:direction=all:first_target_points=1:stop_points=1.5:runner_target_points=5:runner_stop_mode=initial,vwap_extension_fade_1pt,all,1,1.5,5,initial,438,438,438,203,234,106,126,3,0,107,0.24429224,-1525,-4591,-10.48173516,203,235,"two-contract post-signal scalp: one contract exits at first target, one runner uses selected stop mode and runner target"
1,signal_scaled_scalp:strategy=vwap_extension_fade_1pt:direction=all:first_target_points=1:stop_points=2:runner_target_points=1.5:runner_stop_mode=breakeven,vwap_extension_fade_1pt,all,1,2,1.5,breakeven,438,438,438,177,260,190,70,1,0,260,0.59360731,-8150,-11216,-25.60730594,203,235,"two-contract post-signal scalp: one contract exits at first target, one runner uses selected stop mode and runner target"
1,signal_scaled_scalp:strategy=vwap_extension_fade_1pt:direction=all:first_target_points=1:stop_points=2:runner_target_points=1.5:runner_stop_mode=initial,vwap_extension_fade_1pt,all,1,2,1.5,initial,438,438,438,177,260,235,25,1,0,235,0.53652968,-7275,-10341,-23.60958904,203,235,"two-contract post-signal scalp: one contract exits at first target, one runner uses selected stop mode and runner target"
1,signal_scaled_scalp:strategy=vwap_extension_fade_1pt:direction=all:first_target_points=1:stop_points=2:runner_target_points=2:runner_stop_mode=breakeven,vwap_extension_fade_1pt,all,1,2,2,breakeven,438,438,438,177,260,157,103,1,0,260,0.59360731,-6700,-9766,-22.29680365,203,235,"two-contract post-signal scalp: one contract exits at first target, one runner uses selected stop mode and runner target"
1,signal_scaled_scalp:strategy=vwap_extension_fade_1pt:direction=all:first_target_points=1:stop_points=2:runner_target_points=2:runner_stop_mode=initial,vwap_extension_fade_1pt,all,1,2,2,initial,438,438,438,177,260,217,43,1,0,217,0.49543379,-5000,-8066,-18.41552511,203,235,"two-contract post-signal scalp: one contract exits at first target, one runner uses selected stop mode and runner target"
1,signal_scaled_scalp:strategy=vwap_extension_fade_1pt:direction=all:first_target_points=1:stop_points=2:runner_target_points=3:runner_stop_mode=breakeven,vwap_extension_fade_1pt,all,1,2,3,breakeven,438,438,438,177,260,108,152,1,0,260,0.59360731,-6200,-9266,-21.15525114,203,235,"two-contract post-signal scalp: one contract exits at first target, one runner uses selected stop mode and runner target"
1,signal_scaled_scalp:strategy=vwap_extension_fade_1pt:direction=all:first_target_points=1:stop_points=2:runner_target_points=3:runner_stop_mode=initial,vwap_extension_fade_1pt,all,1,2,3,initial,438,438,438,177,260,183,77,1,0,183,0.41780822,-2650,-5716,-13.05022831,203,235,"two-contract post-signal scalp: one contract exits at first target, one runner uses selected stop mode and runner target"
1,signal_scaled_scalp:strategy=vwap_extension_fade_1pt:direction=all:first_target_points=1:stop_points=2:runner_target_points=5:runner_stop_mode=breakeven,vwap_extension_fade_1pt,all,1,2,5,breakeven,438,438,438,177,260,64,195,2,0,260,0.59360731,-6175,-9241,-21.09817352,203,235,"two-contract post-signal scalp: one contract exits at first target, one runner uses selected stop mode and runner target"
1,signal_scaled_scalp:strategy=vwap_extension_fade_1pt:direction=all:first_target_points=1:stop_points=2:runner_target_points=5:runner_stop_mode=initial,vwap_extension_fade_1pt,all,1,2,5,initial,438,438,438,177,260,132,126,3,0,133,0.30365297,-1825,-4891,-11.16666667,203,235,"two-contract post-signal scalp: one contract exits at first target, one runner uses selected stop mode and runner target"
1,signal_scaled_scalp:strategy=vwap_extension_fade_1pt:direction=all:first_target_points=1.5:stop_points=1:runner_target_points=2:runner_stop_mode=breakeven,vwap_extension_fade_1pt,all,1.5,1,2,breakeven,438,438,438,250,187,150,37,1,0,187,0.42694064,4025,959,2.18949772,203,235,"two-contract post-signal scalp: one contract exits at first target, one runner uses selected stop mode and runner target"
1,signal_scaled_scalp:strategy=vwap_extension_fade_1pt:direction=all:first_target_points=1.5:stop_points=1:runner_target_points=2:runner_stop_mode=initial,vwap_extension_fade_1pt,all,1.5,1,2,initial,438,438,438,250,187,162,25,1,0,187,0.42694064,3975,909,2.07534247,203,235,"two-contract post-signal scalp: one contract exits at first target, one runner uses selected stop mode and runner target"
1,signal_scaled_scalp:strategy=vwap_extension_fade_1pt:direction=all:first_target_points=1.5:stop_points=1:runner_target_points=3:runner_stop_mode=breakeven,vwap_extension_fade_1pt,all,1.5,1,3,breakeven,438,438,438,250,187,109,78,1,0,187,0.42694064,5375,2309,5.2716895,203,235,"two-contract post-signal scalp: one contract exits at first target, one runner uses selected stop mode and runner target"
1,signal_scaled_scalp:strategy=vwap_extension_fade_1pt:direction=all:first_target_points=1.5:stop_points=1:runner_target_points=3:runner_stop_mode=initial,vwap_extension_fade_1pt,all,1.5,1,3,initial,438,438,438,250,187,130,57,1,0,187,0.42694064,5675,2609,5.956621,203,235,"two-contract post-signal scalp: one contract exits at first target, one runner uses selected stop mode and runner target"
1,signal_scaled_scalp:strategy=vwap_extension_fade_1pt:direction=all:first_target_points=1.5:stop_points=1:runner_target_points=5:runner_stop_mode=breakeven,vwap_extension_fade_1pt,all,1.5,1,5,breakeven,438,438,438,250,187,64,122,2,0,187,0.42694064,5250,2184,4.98630137,203,235,"two-contract post-signal scalp: one contract exits at first target, one runner uses selected stop mode and runner target"
1,signal_scaled_scalp:strategy=vwap_extension_fade_1pt:direction=all:first_target_points=1.5:stop_points=1:runner_target_points=5:runner_stop_mode=initial,vwap_extension_fade_1pt,all,1.5,1,5,initial,438,438,438,250,187,85,101,2,0,187,0.42694064,5450,2384,5.44292237,203,235,"two-contract post-signal scalp: one contract exits at first target, one runner uses selected stop mode and runner target"
1,signal_scaled_scalp:strategy=vwap_extension_fade_1pt:direction=all:first_target_points=1.5:stop_points=1.5:runner_target_points=2:runner_stop_mode=breakeven,vwap_extension_fade_1pt,all,1.5,1.5,2,breakeven,438,438,438,231,206,166,40,1,0,206,0.47031963,-2600,-5666,-12.93607306,203,235,"two-contract post-signal scalp: one contract exits at first target, one runner uses selected stop mode and runner target"
1,signal_scaled_scalp:strategy=vwap_extension_fade_1pt:direction=all:first_target_points=1.5:stop_points=1.5:runner_target_points=2:runner_stop_mode=initial,vwap_extension_fade_1pt,all,1.5,1.5,2,initial,438,438,438,231,206,185,21,1,0,185,0.42237443,-2275,-5341,-12.19406393,203,235,"two-contract post-signal scalp: one contract exits at first target, one runner uses selected stop mode and runner target"
1,signal_scaled_scalp:strategy=vwap_extension_fade_1pt:direction=all:first_target_points=1.5:stop_points=1.5:runner_target_points=3:runner_stop_mode=breakeven,vwap_extension_fade_1pt,all,1.5,1.5,3,breakeven,438,438,438,231,206,120,86,1,0,206,0.47031963,-1200,-4266,-9.73972603,203,235,"two-contract post-signal scalp: one contract exits at first target, one runner uses selected stop mode and runner target"
1,signal_scaled_scalp:strategy=vwap_extension_fade_1pt:direction=all:first_target_points=1.5:stop_points=1.5:runner_target_points=3:runner_stop_mode=initial,vwap_extension_fade_1pt,all,1.5,1.5,3,initial,438,438,438,231,206,153,53,1,0,153,0.34931507,-225,-3291,-7.51369863,203,235,"two-contract post-signal scalp: one contract exits at first target, one runner uses selected stop mode and runner target"
1,signal_scaled_scalp:strategy=vwap_extension_fade_1pt:direction=all:first_target_points=1.5:stop_points=1.5:runner_target_points=5:runner_stop_mode=breakeven,vwap_extension_fade_1pt,all,1.5,1.5,5,breakeven,438,438,438,231,206,72,133,2,0,206,0.47031963,-975,-4041,-9.2260274,203,235,"two-contract post-signal scalp: one contract exits at first target, one runner uses selected stop mode and runner target"
1,signal_scaled_scalp:strategy=vwap_extension_fade_1pt:direction=all:first_target_points=1.5:stop_points=1.5:runner_target_points=5:runner_stop_mode=initial,vwap_extension_fade_1pt,all,1.5,1.5,5,initial,438,438,438,231,206,106,98,3,0,108,0.24657534,125,-2941,-6.71461187,203,235,"two-contract post-signal scalp: one contract exits at first target, one runner uses selected stop mode and runner target"
1,signal_scaled_scalp:strategy=vwap_extension_fade_1pt:direction=all:first_target_points=1.5:stop_points=2:runner_target_points=2:runner_stop_mode=breakeven,vwap_extension_fade_1pt,all,1.5,2,2,breakeven,438,438,438,202,235,190,45,1,0,235,0.53652968,-3775,-6841,-15.61872146,203,235,"two-contract post-signal scalp: one contract exits at first target, one runner uses selected stop mode and runner target"
1,signal_scaled_scalp:strategy=vwap_extension_fade_1pt:direction=all:first_target_points=1.5:stop_points=2:runner_target_points=2:runner_stop_mode=initial,vwap_extension_fade_1pt,all,1.5,2,2,initial,438,438,438,202,235,217,18,1,0,217,0.49543379,-2875,-5941,-13.56392694,203,235,"two-contract post-signal scalp: one contract exits at first target, one runner uses selected stop mode and runner target"
1,signal_scaled_scalp:strategy=vwap_extension_fade_1pt:direction=all:first_target_points=1.5:stop_points=2:runner_target_points=3:runner_stop_mode=breakeven,vwap_extension_fade_1pt,all,1.5,2,3,breakeven,438,438,438,202,235,134,101,1,0,235,0.53652968,-2675,-5741,-13.10730594,203,235,"two-contract post-signal scalp: one contract exits at first target, one runner uses selected stop mode and runner target"
1,signal_scaled_scalp:strategy=vwap_extension_fade_1pt:direction=all:first_target_points=1.5:stop_points=2:runner_target_points=3:runner_stop_mode=initial,vwap_extension_fade_1pt,all,1.5,2,3,initial,438,438,438,202,235,183,52,1,0,183,0.41780822,-525,-3591,-8.19863014,203,235,"two-contract post-signal scalp: one contract exits at first target, one runner uses selected stop mode and runner target"
1,signal_scaled_scalp:strategy=vwap_extension_fade_1pt:direction=all:first_target_points=1.5:stop_points=2:runner_target_points=5:runner_stop_mode=breakeven,vwap_extension_fade_1pt,all,1.5,2,5,breakeven,438,438,438,202,235,82,152,2,0,235,0.53652968,-2050,-5116,-11.6803653,203,235,"two-contract post-signal scalp: one contract exits at first target, one runner uses selected stop mode and runner target"
1,signal_scaled_scalp:strategy=vwap_extension_fade_1pt:direction=all:first_target_points=1.5:stop_points=2:runner_target_points=5:runner_stop_mode=initial,vwap_extension_fade_1pt,all,1.5,2,5,initial,438,438,438,202,235,132,101,3,0,134,0.30593607,300,-2766,-6.31506849,203,235,"two-contract post-signal scalp: one contract exits at first target, one runner uses selected stop mode and runner target"
1,signal_scaled_scalp:strategy=vwap_extension_fade_2pt:direction=all:first_target_points=0.5:stop_points=1:runner_target_points=1.5:runner_stop_mode=breakeven,vwap_extension_fade_2pt,all,0.5,1,1.5,breakeven,434,434,434,183,250,127,123,1,0,250,0.57603687,-2525,-5563,-12.81797235,202,232,"two-contract post-signal scalp: one contract exits at first target, one runner uses selected stop mode and runner target"
1,signal_scaled_scalp:strategy=vwap_extension_fade_2pt:direction=all:first_target_points=0.5:stop_points=1:runner_target_points=1.5:runner_stop_mode=initial,vwap_extension_fade_2pt,all,0.5,1,1.5,initial,434,434,434,183,250,176,74,1,0,176,0.40552995,-2550,-5588,-12.87557604,202,232,"two-contract post-signal scalp: one contract exits at first target, one runner uses selected stop mode and runner target"
1,signal_scaled_scalp:strategy=vwap_extension_fade_2pt:direction=all:first_target_points=0.5:stop_points=1:runner_target_points=2:runner_stop_mode=breakeven,vwap_extension_fade_2pt,all,0.5,1,2,breakeven,434,434,434,183,250,109,141,1,0,250,0.57603687,-1150,-4188,-9.64976959,202,232,"two-contract post-signal scalp: one contract exits at first target, one runner uses selected stop mode and runner target"
1,signal_scaled_scalp:strategy=vwap_extension_fade_2pt:direction=all:first_target_points=0.5:stop_points=1:runner_target_points=2:runner_stop_mode=initial,vwap_extension_fade_2pt,all,0.5,1,2,initial,434,434,434,183,250,161,89,1,0,161,0.37096774,-400,-3438,-7.92165899,202,232,"two-contract post-signal scalp: one contract exits at first target, one runner uses selected stop mode and runner target"
1,signal_scaled_scalp:strategy=vwap_extension_fade_2pt:direction=all:first_target_points=0.5:stop_points=1:runner_target_points=3:runner_stop_mode=breakeven,vwap_extension_fade_2pt,all,0.5,1,3,breakeven,434,434,434,183,250,79,171,1,0,250,0.57603687,-200,-3238,-7.46082949,202,232,"two-contract post-signal scalp: one contract exits at first target, one runner uses selected stop mode and runner target"
1,signal_scaled_scalp:strategy=vwap_extension_fade_2pt:direction=all:first_target_points=0.5:stop_points=1:runner_target_points=3:runner_stop_mode=initial,vwap_extension_fade_2pt,all,0.5,1,3,initial,434,434,434,183,250,128,122,1,0,128,0.29493088,1050,-1988,-4.58064516,202,232,"two-contract post-signal scalp: one contract exits at first target, one runner uses selected stop mode and runner target"
1,signal_scaled_scalp:strategy=vwap_extension_fade_2pt:direction=all:first_target_points=0.5:stop_points=1:runner_target_points=5:runner_stop_mode=breakeven,vwap_extension_fade_2pt,all,0.5,1,5,breakeven,434,434,434,183,250,55,194,2,0,250,0.57603687,1925,-1113,-2.56451613,202,232,"two-contract post-signal scalp: one contract exits at first target, one runner uses selected stop mode and runner target"
1,signal_scaled_scalp:strategy=vwap_extension_fade_2pt:direction=all:first_target_points=0.5:stop_points=1:runner_target_points=5:runner_stop_mode=initial,vwap_extension_fade_2pt,all,0.5,1,5,initial,434,434,434,183,250,93,156,2,0,94,0.21658986,3625,587,1.35253456,202,232,"two-contract post-signal scalp: one contract exits at first target, one runner uses selected stop mode and runner target"
1,signal_scaled_scalp:strategy=vwap_extension_fade_2pt:direction=all:first_target_points=0.5:stop_points=1.5:runner_target_points=1.5:runner_stop_mode=breakeven,vwap_extension_fade_2pt,all,0.5,1.5,1.5,breakeven,434,434,434,151,282,134,148,1,0,282,0.64976959,-5550,-8588,-19.78801843,202,232,"two-contract post-signal scalp: one contract exits at first target, one runner uses selected stop mode and runner target"
1,signal_scaled_scalp:strategy=vwap_extension_fade_2pt:direction=all:first_target_points=0.5:stop_points=1.5:runner_target_points=1.5:runner_stop_mode=initial,vwap_extension_fade_2pt,all,0.5,1.5,1.5,initial,434,434,434,151,282,203,79,1,0,203,0.46774194,-6300,-9338,-21.51612903,202,232,"two-contract post-signal scalp: one contract exits at first target, one runner uses selected stop mode and runner target"
1,signal_scaled_scalp:strategy=vwap_extension_fade_2pt:direction=all:first_target_points=0.5:stop_points=1.5:runner_target_points=2:runner_stop_mode=breakeven,vwap_extension_fade_2pt,all,0.5,1.5,2,breakeven,434,434,434,151,282,115,167,1,0,282,0.64976959,-4100,-7138,-16.44700461,202,232,"two-contract post-signal scalp: one contract exits at first target, one runner uses selected stop mode and runner target"
1,signal_scaled_scalp:strategy=vwap_extension_fade_2pt:direction=all:first_target_points=0.5:stop_points=1.5:runner_target_points=2:runner_stop_mode=initial,vwap_extension_fade_2pt,all,0.5,1.5,2,initial,434,434,434,151,282,188,94,1,0,188,0.43317972,-3850,-6888,-15.87096774,202,232,"two-contract post-signal scalp: one contract exits at first target, one runner uses selected stop mode and runner target"
1,signal_scaled_scalp:strategy=vwap_extension_fade_2pt:direction=all:first_target_points=0.5:stop_points=1.5:runner_target_points=3:runner_stop_mode=breakeven,vwap_extension_fade_2pt,all,0.5,1.5,3,breakeven,434,434,434,151,282,82,200,1,0,282,0.64976959,-3300,-6338,-14.60368664,202,232,"two-contract post-signal scalp: one contract exits at first target, one runner uses selected stop mode and runner target"
1,signal_scaled_scalp:strategy=vwap_extension_fade_2pt:direction=all:first_target_points=0.5:stop_points=1.5:runner_target_points=3:runner_stop_mode=initial,vwap_extension_fade_2pt,all,0.5,1.5,3,initial,434,434,434,151,282,153,129,1,0,153,0.35253456,-2325,-5363,-12.35714286,202,232,"two-contract post-signal scalp: one contract exits at first target, one runner uses selected stop mode and runner target"
1,signal_scaled_scalp:strategy=vwap_extension_fade_2pt:direction=all:first_target_points=0.5:stop_points=1.5:runner_target_points=5:runner_stop_mode=breakeven,vwap_extension_fade_2pt,all,0.5,1.5,5,breakeven,434,434,434,151,282,58,223,2,0,282,0.64976959,-875,-3913,-9.01612903,202,232,"two-contract post-signal scalp: one contract exits at first target, one runner uses selected stop mode and runner target"
1,signal_scaled_scalp:strategy=vwap_extension_fade_2pt:direction=all:first_target_points=0.5:stop_points=1.5:runner_target_points=5:runner_stop_mode=initial,vwap_extension_fade_2pt,all,0.5,1.5,5,initial,434,434,434,151,282,114,167,2,0,115,0.26497696,600,-2438,-5.61751152,202,232,"two-contract post-signal scalp: one contract exits at first target, one runner uses selected stop mode and runner target"
1,signal_scaled_scalp:strategy=vwap_extension_fade_2pt:direction=all:first_target_points=0.5:stop_points=2:runner_target_points=1.5:runner_stop_mode=breakeven,vwap_extension_fade_2pt,all,0.5,2,1.5,breakeven,434,434,434,124,309,148,161,1,0,309,0.71198157,-5975,-9013,-20.76728111,202,232,"two-contract post-signal scalp: one contract exits at first target, one runner uses selected stop mode and runner target"
1,signal_scaled_scalp:strategy=vwap_extension_fade_2pt:direction=all:first_target_points=0.5:stop_points=2:runner_target_points=1.5:runner_stop_mode=initial,vwap_extension_fade_2pt,all,0.5,2,1.5,initial,434,434,434,124,309,236,73,1,0,236,0.5437788,-6675,-9713,-22.38018433,202,232,"two-contract post-signal scalp: one contract exits at first target, one runner uses selected stop mode and runner target"
1,signal_scaled_scalp:strategy=vwap_extension_fade_2pt:direction=all:first_target_points=0.5:stop_points=2:runner_target_points=2:runner_stop_mode=breakeven,vwap_extension_fade_2pt,all,0.5,2,2,breakeven,434,434,434,124,309,128,181,1,0,309,0.71198157,-4275,-7313,-16.85023041,202,232,"two-contract post-signal scalp: one contract exits at first target, one runner uses selected stop mode and runner target"
1,signal_scaled_scalp:strategy=vwap_extension_fade_2pt:direction=all:first_target_points=0.5:stop_points=2:runner_target_points=2:runner_stop_mode=initial,vwap_extension_fade_2pt,all,0.5,2,2,initial,434,434,434,124,309,223,86,1,0,223,0.51382488,-3375,-6413,-14.7764977,202,232,"two-contract post-signal scalp: one contract exits at first target, one runner uses selected stop mode and runner target"
1,signal_scaled_scalp:strategy=vwap_extension_fade_2pt:direction=all:first_target_points=0.5:stop_points=2:runner_target_points=3:runner_stop_mode=breakeven,vwap_extension_fade_2pt,all,0.5,2,3,breakeven,434,434,434,124,309,92,217,1,0,309,0.71198157,-3275,-6313,-14.54608295,202,232,"two-contract post-signal scalp: one contract exits at first target, one runner uses selected stop mode and runner target"
1,signal_scaled_scalp:strategy=vwap_extension_fade_2pt:direction=all:first_target_points=0.5:stop_points=2:runner_target_points=3:runner_stop_mode=initial,vwap_extension_fade_2pt,all,0.5,2,3,initial,434,434,434,124,309,181,128,1,0,181,0.41705069,-2725,-5763,-13.27880184,202,232,"two-contract post-signal scalp: one contract exits at first target, one runner uses selected stop mode and runner target"
1,signal_scaled_scalp:strategy=vwap_extension_fade_2pt:direction=all:first_target_points=0.5:stop_points=2:runner_target_points=5:runner_stop_mode=breakeven,vwap_extension_fade_2pt,all,0.5,2,5,breakeven,434,434,434,124,309,65,243,2,0,309,0.71198157,-600,-3638,-8.38248848,202,232,"two-contract post-signal scalp: one contract exits at first target, one runner uses selected stop mode and runner target"
1,signal_scaled_scalp:strategy=vwap_extension_fade_2pt:direction=all:first_target_points=0.5:stop_points=2:runner_target_points=5:runner_stop_mode=initial,vwap_extension_fade_2pt,all,0.5,2,5,initial,434,434,434,124,309,140,168,2,0,141,0.32488479,1350,-1688,-3.88940092,202,232,"two-contract post-signal scalp: one contract exits at first target, one runner uses selected stop mode and runner target"
1,signal_scaled_scalp:strategy=vwap_extension_fade_2pt:direction=all:first_target_points=1:stop_points=1:runner_target_points=1.5:runner_stop_mode=breakeven,vwap_extension_fade_2pt,all,1,1,1.5,breakeven,434,434,434,220,213,155,58,1,0,213,0.49078341,275,-2763,-6.36635945,202,232,"two-contract post-signal scalp: one contract exits at first target, one runner uses selected stop mode and runner target"
1,signal_scaled_scalp:strategy=vwap_extension_fade_2pt:direction=all:first_target_points=1:stop_points=1:runner_target_points=1.5:runner_stop_mode=initial,vwap_extension_fade_2pt,all,1,1,1.5,initial,434,434,434,220,213,176,37,1,0,176,0.40552995,0,-3038,-7,202,232,"two-contract post-signal scalp: one contract exits at first target, one runner uses selected stop mode and runner target"
1,signal_scaled_scalp:strategy=vwap_extension_fade_2pt:direction=all:first_target_points=1:stop_points=1:runner_target_points=2:runner_stop_mode=breakeven,vwap_extension_fade_2pt,all,1,1,2,breakeven,434,434,434,220,213,133,80,1,0,213,0.49078341,1950,-1088,-2.50691244,202,232,"two-contract post-signal scalp: one contract exits at first target, one runner uses selected stop mode and runner target"
1,signal_scaled_scalp:strategy=vwap_extension_fade_2pt:direction=all:first_target_points=1:stop_points=1:runner_target_points=2:runner_stop_mode=initial,vwap_extension_fade_2pt,all,1,1,2,initial,434,434,434,220,213,161,52,1,0,161,0.37096774,2150,-888,-2.04608295,202,232,"two-contract post-signal scalp: one contract exits at first target, one runner uses selected stop mode and runner target"
1,signal_scaled_scalp:strategy=vwap_extension_fade_2pt:direction=all:first_target_points=1:stop_points=1:runner_target_points=3:runner_stop_mode=breakeven,vwap_extension_fade_2pt,all,1,1,3,breakeven,434,434,434,220,213,97,116,1,0,213,0.49078341,3200,162,0.37327189,202,232,"two-contract post-signal scalp: one contract exits at first target, one runner uses selected stop mode and runner target"
1,signal_scaled_scalp:strategy=vwap_extension_fade_2pt:direction=all:first_target_points=1:stop_points=1:runner_target_points=3:runner_stop_mode=initial,vwap_extension_fade_2pt,all,1,1,3,initial,434,434,434,220,213,128,85,1,0,128,0.29493088,3600,562,1.29493088,202,232,"two-contract post-signal scalp: one contract exits at first target, one runner uses selected stop mode and runner target"
1,signal_scaled_scalp:strategy=vwap_extension_fade_2pt:direction=all:first_target_points=1:stop_points=1:runner_target_points=5:runner_stop_mode=breakeven,vwap_extension_fade_2pt,all,1,1,5,breakeven,434,434,434,220,213,65,147,2,0,213,0.49078341,5125,2087,4.80875576,202,232,"two-contract post-signal scalp: one contract exits at first target, one runner uses selected stop mode and runner target"
1,signal_scaled_scalp:strategy=vwap_extension_fade_2pt:direction=all:first_target_points=1:stop_points=1:runner_target_points=5:runner_stop_mode=initial,vwap_extension_fade_2pt,all,1,1,5,initial,434,434,434,220,213,93,119,2,0,94,0.21658986,6175,3137,7.2281106,202,232,"two-contract post-signal scalp: one contract exits at first target, one runner uses selected stop mode and runner target"
1,signal_scaled_scalp:strategy=vwap_extension_fade_2pt:direction=all:first_target_points=1:stop_points=1.5:runner_target_points=1.5:runner_stop_mode=breakeven,vwap_extension_fade_2pt,all,1,1.5,1.5,breakeven,434,434,434,195,238,167,71,1,0,238,0.5483871,-4825,-7863,-18.11751152,202,232,"two-contract post-signal scalp: one contract exits at first target, one runner uses selected stop mode and runner target"
1,signal_scaled_scalp:strategy=vwap_extension_fade_2pt:direction=all:first_target_points=1:stop_points=1.5:runner_target_points=1.5:runner_stop_mode=initial,vwap_extension_fade_2pt,all,1,1.5,1.5,initial,434,434,434,195,238,203,35,1,0,203,0.46774194,-4750,-7788,-17.94470046,202,232,"two-contract post-signal scalp: one contract exits at first target, one runner uses selected stop mode and runner target"
1,signal_scaled_scalp:strategy=vwap_extension_fade_2pt:direction=all:first_target_points=1:stop_points=1.5:runner_target_points=2:runner_stop_mode=breakeven,vwap_extension_fade_2pt,all,1,1.5,2,breakeven,434,434,434,195,238,142,96,1,0,238,0.5483871,-3150,-6188,-14.25806452,202,232,"two-contract post-signal scalp: one contract exits at first target, one runner uses selected stop mode and runner target"
1,signal_scaled_scalp:strategy=vwap_extension_fade_2pt:direction=all:first_target_points=1:stop_points=1.5:runner_target_points=2:runner_stop_mode=initial,vwap_extension_fade_2pt,all,1,1.5,2,initial,434,434,434,195,238,188,50,1,0,188,0.43317972,-2300,-5338,-12.29953917,202,232,"two-contract post-signal scalp: one contract exits at first target, one runner uses selected stop mode and runner target"
1,signal_scaled_scalp:strategy=vwap_extension_fade_2pt:direction=all:first_target_points=1:stop_points=1.5:runner_target_points=3:runner_stop_mode=breakeven,vwap_extension_fade_2pt,all,1,1.5,3,breakeven,434,434,434,195,238,103,135,1,0,238,0.5483871,-1900,-4938,-11.37788018,202,232,"two-contract post-signal scalp: one contract exits at first target, one runner uses selected stop mode and runner target"
1,signal_scaled_scalp:strategy=vwap_extension_fade_2pt:direction=all:first_target_points=1:stop_points=1.5:runner_target_points=3:runner_stop_mode=initial,vwap_extension_fade_2pt,all,1,1.5,3,initial,434,434,434,195,238,153,85,1,0,153,0.35253456,-775,-3813,-8.78571429,202,232,"two-contract post-signal scalp: one contract exits at first target, one runner uses selected stop mode and runner target"
1,signal_scaled_scalp:strategy=vwap_extension_fade_2pt:direction=all:first_target_points=1:stop_points=1.5:runner_target_points=5:runner_stop_mode=breakeven,vwap_extension_fade_2pt,all,1,1.5,5,breakeven,434,434,434,195,238,68,169,2,0,238,0.5483871,-125,-3163,-7.28801843,202,232,"two-contract post-signal scalp: one contract exits at first target, one runner uses selected stop mode and runner target"
1,signal_scaled_scalp:strategy=vwap_extension_fade_2pt:direction=all:first_target_points=1:stop_points=1.5:runner_target_points=5:runner_stop_mode=initial,vwap_extension_fade_2pt,all,1,1.5,5,initial,434,434,434,195,238,114,123,2,0,115,0.26497696,2150,-888,-2.04608295,202,232,"two-contract post-signal scalp: one contract exits at first target, one runner uses selected stop mode and runner target"
1,signal_scaled_scalp:strategy=vwap_extension_fade_2pt:direction=all:first_target_points=1:stop_points=2:runner_target_points=1.5:runner_stop_mode=breakeven,vwap_extension_fade_2pt,all,1,2,1.5,breakeven,434,434,434,164,269,191,78,1,0,269,0.61981567,-5025,-8063,-18.57834101,202,232,"two-contract post-signal scalp: one contract exits at first target, one runner uses selected stop mode and runner target"
1,signal_scaled_scalp:strategy=vwap_extension_fade_2pt:direction=all:first_target_points=1:stop_points=2:runner_target_points=1.5:runner_stop_mode=initial,vwap_extension_fade_2pt,all,1,2,1.5,initial,434,434,434,164,269,236,33,1,0,236,0.5437788,-4950,-7988,-18.40552995,202,232,"two-contract post-signal scalp: one contract exits at first target, one runner uses selected stop mode and runner target"
1,signal_scaled_scalp:strategy=vwap_extension_fade_2pt:direction=all:first_target_points=1:stop_points=2:runner_target_points=2:runner_stop_mode=breakeven,vwap_extension_fade_2pt,all,1,2,2,breakeven,434,434,434,164,269,163,106,1,0,269,0.61981567,-3050,-6088,-14.02764977,202,232,"two-contract post-signal scalp: one contract exits at first target, one runner uses selected stop mode and runner target"
1,signal_scaled_scalp:strategy=vwap_extension_fade_2pt:direction=all:first_target_points=1:stop_points=2:runner_target_points=2:runner_stop_mode=initial,vwap_extension_fade_2pt,all,1,2,2,initial,434,434,434,164,269,223,46,1,0,223,0.51382488,-1650,-4688,-10.80184332,202,232,"two-contract post-signal scalp: one contract exits at first target, one runner uses selected stop mode and runner target"
1,signal_scaled_scalp:strategy=vwap_extension_fade_2pt:direction=all:first_target_points=1:stop_points=2:runner_target_points=3:runner_stop_mode=breakeven,vwap_extension_fade_2pt,all,1,2,3,breakeven,434,434,434,164,269,116,153,1,0,269,0.61981567,-1950,-4988,-11.49308756,202,232,"two-contract post-signal scalp: one contract exits at first target, one runner uses selected stop mode and runner target"
1,signal_scaled_scalp:strategy=vwap_extension_fade_2pt:direction=all:first_target_points=1:stop_points=2:runner_target_points=3:runner_stop_mode=initial,vwap_extension_fade_2pt,all,1,2,3,initial,434,434,434,164,269,181,88,1,0,181,0.41705069,-1000,-4038,-9.30414747,202,232,"two-contract post-signal scalp: one contract exits at first target, one runner uses selected stop mode and runner target"
1,signal_scaled_scalp:strategy=vwap_extension_fade_2pt:direction=all:first_target_points=1:stop_points=2:runner_target_points=5:runner_stop_mode=breakeven,vwap_extension_fade_2pt,all,1,2,5,breakeven,434,434,434,164,269,78,190,2,0,269,0.61981567,375,-2663,-6.1359447,202,232,"two-contract post-signal scalp: one contract exits at first target, one runner uses selected stop mode and runner target"
1,signal_scaled_scalp:strategy=vwap_extension_fade_2pt:direction=all:first_target_points=1:stop_points=2:runner_target_points=5:runner_stop_mode=initial,vwap_extension_fade_2pt,all,1,2,5,initial,434,434,434,164,269,140,128,2,0,141,0.32488479,3075,37,0.08525346,202,232,"two-contract post-signal scalp: one contract exits at first target, one runner uses selected stop mode and runner target"
1,signal_scaled_scalp:strategy=vwap_extension_fade_2pt:direction=all:first_target_points=1.5:stop_points=1:runner_target_points=2:runner_stop_mode=breakeven,vwap_extension_fade_2pt,all,1.5,1,2,breakeven,434,434,434,257,176,151,25,1,0,176,0.40552995,2600,-438,-1.00921659,202,232,"two-contract post-signal scalp: one contract exits at first target, one runner uses selected stop mode and runner target"
1,signal_scaled_scalp:strategy=vwap_extension_fade_2pt:direction=all:first_target_points=1.5:stop_points=1:runner_target_points=2:runner_stop_mode=initial,vwap_extension_fade_2pt,all,1.5,1,2,initial,434,434,434,257,176,161,15,1,0,176,0.40552995,2850,-188,-0.43317972,202,232,"two-contract post-signal scalp: one contract exits at first target, one runner uses selected stop mode and runner target"
1,signal_scaled_scalp:strategy=vwap_extension_fade_2pt:direction=all:first_target_points=1.5:stop_points=1:runner_target_points=3:runner_stop_mode=breakeven,vwap_extension_fade_2pt,all,1.5,1,3,breakeven,434,434,434,257,176,112,64,1,0,176,0.40552995,4300,1262,2.9078341,202,232,"two-contract post-signal scalp: one contract exits at first target, one runner uses selected stop mode and runner target"
1,signal_scaled_scalp:strategy=vwap_extension_fade_2pt:direction=all:first_target_points=1.5:stop_points=1:runner_target_points=3:runner_stop_mode=initial,vwap_extension_fade_2pt,all,1.5,1,3,initial,434,434,434,257,176,128,48,1,0,176,0.40552995,4300,1262,2.9078341,202,232,"two-contract post-signal scalp: one contract exits at first target, one runner uses selected stop mode and runner target"
1,signal_scaled_scalp:strategy=vwap_extension_fade_2pt:direction=all:first_target_points=1.5:stop_points=1:runner_target_points=5:runner_stop_mode=breakeven,vwap_extension_fade_2pt,all,1.5,1,5,breakeven,434,434,434,257,176,73,102,2,0,176,0.40552995,5975,2937,6.76728111,202,232,"two-contract post-signal scalp: one contract exits at first target, one runner uses selected stop mode and runner target"
1,signal_scaled_scalp:strategy=vwap_extension_fade_2pt:direction=all:first_target_points=1.5:stop_points=1:runner_target_points=5:runner_stop_mode=initial,vwap_extension_fade_2pt,all,1.5,1,5,initial,434,434,434,257,176,93,82,2,0,176,0.40552995,6875,3837,8.84101382,202,232,"two-contract post-signal scalp: one contract exits at first target, one runner uses selected stop mode and runner target"
1,signal_scaled_scalp:strategy=vwap_extension_fade_2pt:direction=all:first_target_points=1.5:stop_points=1.5:runner_target_points=2:runner_stop_mode=breakeven,vwap_extension_fade_2pt,all,1.5,1.5,2,breakeven,434,434,434,230,203,174,29,1,0,203,0.46774194,-1875,-4913,-11.3202765,202,232,"two-contract post-signal scalp: one contract exits at first target, one runner uses selected stop mode and runner target"
1,signal_scaled_scalp:strategy=vwap_extension_fade_2pt:direction=all:first_target_points=1.5:stop_points=1.5:runner_target_points=2:runner_stop_mode=initial,vwap_extension_fade_2pt,all,1.5,1.5,2,initial,434,434,434,230,203,188,15,1,0,188,0.43317972,-1600,-4638,-10.68663594,202,232,"two-contract post-signal scalp: one contract exits at first target, one runner uses selected stop mode and runner target"
1,signal_scaled_scalp:strategy=vwap_extension_fade_2pt:direction=all:first_target_points=1.5:stop_points=1.5:runner_target_points=3:runner_stop_mode=breakeven,vwap_extension_fade_2pt,all,1.5,1.5,3,breakeven,434,434,434,230,203,127,76,1,0,203,0.46774194,-225,-3263,-7.51843318,202,232,"two-contract post-signal scalp: one contract exits at first target, one runner uses selected stop mode and runner target"
1,signal_scaled_scalp:strategy=vwap_extension_fade_2pt:direction=all:first_target_points=1.5:stop_points=1.5:runner_target_points=3:runner_stop_mode=initial,vwap_extension_fade_2pt,all,1.5,1.5,3,initial,434,434,434,230,203,153,50,1,0,153,0.35253456,-75,-3113,-7.17281106,202,232,"two-contract post-signal scalp: one contract exits at first target, one runner uses selected stop mode and runner target"
1,signal_scaled_scalp:strategy=vwap_extension_fade_2pt:direction=all:first_target_points=1.5:stop_points=1.5:runner_target_points=5:runner_stop_mode=breakeven,vwap_extension_fade_2pt,all,1.5,1.5,5,breakeven,434,434,434,230,203,84,118,2,0,203,0.46774194,1950,-1088,-2.50691244,202,232,"two-contract post-signal scalp: one contract exits at first target, one runner uses selected stop mode and runner target"
1,signal_scaled_scalp:strategy=vwap_extension_fade_2pt:direction=all:first_target_points=1.5:stop_points=1.5:runner_target_points=5:runner_stop_mode=initial,vwap_extension_fade_2pt,all,1.5,1.5,5,initial,434,434,434,230,203,114,88,2,0,115,0.26497696,2850,-188,-0.43317972,202,232,"two-contract post-signal scalp: one contract exits at first target, one runner uses selected stop mode and runner target"
1,signal_scaled_scalp:strategy=vwap_extension_fade_2pt:direction=all:first_target_points=1.5:stop_points=2:runner_target_points=2:runner_stop_mode=breakeven,vwap_extension_fade_2pt,all,1.5,2,2,breakeven,434,434,434,197,236,202,34,1,0,236,0.5437788,-1500,-4538,-10.4562212,202,232,"two-contract post-signal scalp: one contract exits at first target, one runner uses selected stop mode and runner target"
1,signal_scaled_scalp:strategy=vwap_extension_fade_2pt:direction=all:first_target_points=1.5:stop_points=2:runner_target_points=2:runner_stop_mode=initial,vwap_extension_fade_2pt,all,1.5,2,2,initial,434,434,434,197,236,223,13,1,0,223,0.51382488,-700,-3738,-8.61290323,202,232,"two-contract post-signal scalp: one contract exits at first target, one runner uses selected stop mode and runner target"
1,signal_scaled_scalp:strategy=vwap_extension_fade_2pt:direction=all:first_target_points=1.5:stop_points=2:runner_target_points=3:runner_stop_mode=breakeven,vwap_extension_fade_2pt,all,1.5,2,3,breakeven,434,434,434,197,236,146,90,1,0,236,0.5437788,200,-2838,-6.53917051,202,232,"two-contract post-signal scalp: one contract exits at first target, one runner uses selected stop mode and runner target"
1,signal_scaled_scalp:strategy=vwap_extension_fade_2pt:direction=all:first_target_points=1.5:stop_points=2:runner_target_points=3:runner_stop_mode=initial,vwap_extension_fade_2pt,all,1.5,2,3,initial,434,434,434,197,236,181,55,1,0,181,0.41705069,-50,-3088,-7.11520737,202,232,"two-contract post-signal scalp: one contract exits at first target, one runner uses selected stop mode and runner target"
1,signal_scaled_scalp:strategy=vwap_extension_fade_2pt:direction=all:first_target_points=1.5:stop_points=2:runner_target_points=5:runner_stop_mode=breakeven,vwap_extension_fade_2pt,all,1.5,2,5,breakeven,434,434,434,197,236,98,137,2,0,236,0.5437788,3025,-13,-0.02995392,202,232,"two-contract post-signal scalp: one contract exits at first target, one runner uses selected stop mode and runner target"
1,signal_scaled_scalp:strategy=vwap_extension_fade_2pt:direction=all:first_target_points=1.5:stop_points=2:runner_target_points=5:runner_stop_mode=initial,vwap_extension_fade_2pt,all,1.5,2,5,initial,434,434,434,197,236,140,95,2,0,141,0.32488479,4025,987,2.27419355,202,232,"two-contract post-signal scalp: one contract exits at first target, one runner uses selected stop mode and runner target"
1,signal_scaled_scalp:strategy=vwap_extension_fade_3pt:direction=all:first_target_points=0.5:stop_points=1:runner_target_points=1.5:runner_stop_mode=breakeven,vwap_extension_fade_3pt,all,0.5,1,1.5,breakeven,429,429,429,179,250,139,111,0,0,250,0.58275058,-1225,-4228,-9.85547786,199,230,"two-contract post-signal scalp: one contract exits at first target, one runner uses selected stop mode and runner target"
1,signal_scaled_scalp:strategy=vwap_extension_fade_3pt:direction=all:first_target_points=0.5:stop_points=1:runner_target_points=1.5:runner_stop_mode=initial,vwap_extension_fade_3pt,all,0.5,1,1.5,initial,429,429,429,179,250,190,60,0,0,190,0.44289044,-400,-3403,-7.93240093,199,230,"two-contract post-signal scalp: one contract exits at first target, one runner uses selected stop mode and runner target"
1,signal_scaled_scalp:strategy=vwap_extension_fade_3pt:direction=all:first_target_points=0.5:stop_points=1:runner_target_points=2:runner_stop_mode=breakeven,vwap_extension_fade_3pt,all,0.5,1,2,breakeven,429,429,429,179,250,119,131,0,0,250,0.58275058,250,-2753,-6.41724942,199,230,"two-contract post-signal scalp: one contract exits at first target, one runner uses selected stop mode and runner target"
1,signal_scaled_scalp:strategy=vwap_extension_fade_3pt:direction=all:first_target_points=0.5:stop_points=1:runner_target_points=2:runner_stop_mode=initial,vwap_extension_fade_3pt,all,0.5,1,2,initial,429,429,429,179,250,171,79,0,0,171,0.3986014,1500,-1503,-3.5034965,199,230,"two-contract post-signal scalp: one contract exits at first target, one runner uses selected stop mode and runner target"
1,signal_scaled_scalp:strategy=vwap_extension_fade_3pt:direction=all:first_target_points=0.5:stop_points=1:runner_target_points=3:runner_stop_mode=breakeven,vwap_extension_fade_3pt,all,0.5,1,3,breakeven,429,429,429,179,250,87,163,0,0,250,0.58275058,1400,-1603,-3.73659674,199,230,"two-contract post-signal scalp: one contract exits at first target, one runner uses selected stop mode and runner target"
1,signal_scaled_scalp:strategy=vwap_extension_fade_3pt:direction=all:first_target_points=0.5:stop_points=1:runner_target_points=3:runner_stop_mode=initial,vwap_extension_fade_3pt,all,0.5,1,3,initial,429,429,429,179,250,133,117,0,0,133,0.31002331,2450,-553,-1.28904429,199,230,"two-contract post-signal scalp: one contract exits at first target, one runner uses selected stop mode and runner target"
1,signal_scaled_scalp:strategy=vwap_extension_fade_3pt:direction=all:first_target_points=0.5:stop_points=1:runner_target_points=5:runner_stop_mode=breakeven,vwap_extension_fade_3pt,all,0.5,1,5,breakeven,429,429,429,179,250,61,189,0,0,250,0.58275058,3600,597,1.39160839,199,230,"two-contract post-signal scalp: one contract exits at first target, one runner uses selected stop mode and runner target"
1,signal_scaled_scalp:strategy=vwap_extension_fade_3pt:direction=all:first_target_points=0.5:stop_points=1:runner_target_points=5:runner_stop_mode=initial,vwap_extension_fade_3pt,all,0.5,1,5,initial,429,429,429,179,250,96,154,0,0,96,0.22377622,4650,1647,3.83916084,199,230,"two-contract post-signal scalp: one contract exits at first target, one runner uses selected stop mode and runner target"
1,signal_scaled_scalp:strategy=vwap_extension_fade_3pt:direction=all:first_target_points=0.5:stop_points=1.5:runner_target_points=1.5:runner_stop_mode=breakeven,vwap_extension_fade_3pt,all,0.5,1.5,1.5,breakeven,429,429,429,144,285,147,138,0,0,285,0.66433566,-3450,-6453,-15.04195804,199,230,"two-contract post-signal scalp: one contract exits at first target, one runner uses selected stop mode and runner target"
1,signal_scaled_scalp:strategy=vwap_extension_fade_3pt:direction=all:first_target_points=0.5:stop_points=1.5:runner_target_points=1.5:runner_stop_mode=initial,vwap_extension_fade_3pt,all,0.5,1.5,1.5,initial,429,429,429,144,285,217,68,0,0,217,0.50582751,-3300,-6303,-14.69230769,199,230,"two-contract post-signal scalp: one contract exits at first target, one runner uses selected stop mode and runner target"
1,signal_scaled_scalp:strategy=vwap_extension_fade_3pt:direction=all:first_target_points=0.5:stop_points=1.5:runner_target_points=2:runner_stop_mode=breakeven,vwap_extension_fade_3pt,all,0.5,1.5,2,breakeven,429,429,429,144,285,126,159,0,0,285,0.66433566,-1875,-4878,-11.37062937,199,230,"two-contract post-signal scalp: one contract exits at first target, one runner uses selected stop mode and runner target"
1,signal_scaled_scalp:strategy=vwap_extension_fade_3pt:direction=all:first_target_points=0.5:stop_points=1.5:runner_target_points=2:runner_stop_mode=initial,vwap_extension_fade_3pt,all,0.5,1.5,2,initial,429,429,429,144,285,200,85,0,0,200,0.46620047,-850,-3853,-8.98135198,199,230,"two-contract post-signal scalp: one contract exits at first target, one runner uses selected stop mode and runner target"
1,signal_scaled_scalp:strategy=vwap_extension_fade_3pt:direction=all:first_target_points=0.5:stop_points=1.5:runner_target_points=3:runner_stop_mode=breakeven,vwap_extension_fade_3pt,all,0.5,1.5,3,breakeven,429,429,429,144,285,93,192,0,0,285,0.66433566,-525,-3528,-8.22377622,199,230,"two-contract post-signal scalp: one contract exits at first target, one runner uses selected stop mode and runner target"
1,signal_scaled_scalp:strategy=vwap_extension_fade_3pt:direction=all:first_target_points=0.5:stop_points=1.5:runner_target_points=3:runner_stop_mode=initial,vwap_extension_fade_3pt,all,0.5,1.5,3,initial,429,429,429,144,285,162,123,0,0,162,0.37762238,600,-2403,-5.6013986,199,230,"two-contract post-signal scalp: one contract exits at first target, one runner uses selected stop mode and runner target"
1,signal_scaled_scalp:strategy=vwap_extension_fade_3pt:direction=all:first_target_points=0.5:stop_points=1.5:runner_target_points=5:runner_stop_mode=breakeven,vwap_extension_fade_3pt,all,0.5,1.5,5,breakeven,429,429,429,144,285,66,219,0,0,285,0.66433566,2025,-978,-2.27972028,199,230,"two-contract post-signal scalp: one contract exits at first target, one runner uses selected stop mode and runner target"
1,signal_scaled_scalp:strategy=vwap_extension_fade_3pt:direction=all:first_target_points=0.5:stop_points=1.5:runner_target_points=5:runner_stop_mode=initial,vwap_extension_fade_3pt,all,0.5,1.5,5,initial,429,429,429,144,285,118,167,0,0,118,0.27505828,2500,-503,-1.17249417,199,230,"two-contract post-signal scalp: one contract exits at first target, one runner uses selected stop mode and runner target"
1,signal_scaled_scalp:strategy=vwap_extension_fade_3pt:direction=all:first_target_points=0.5:stop_points=2:runner_target_points=1.5:runner_stop_mode=breakeven,vwap_extension_fade_3pt,all,0.5,2,1.5,breakeven,429,429,429,116,313,159,154,0,0,313,0.72960373,-3450,-6453,-15.04195804,199,230,"two-contract post-signal scalp: one contract exits at first target, one runner uses selected stop mode and runner target"
1,signal_scaled_scalp:strategy=vwap_extension_fade_3pt:direction=all:first_target_points=0.5:stop_points=2:runner_target_points=1.5:runner_stop_mode=initial,vwap_extension_fade_3pt,all,0.5,2,1.5,initial,429,429,429,116,313,254,59,0,0,254,0.59207459,-2225,-5228,-12.18648019,199,230,"two-contract post-signal scalp: one contract exits at first target, one runner uses selected stop mode and runner target"
1,signal_scaled_scalp:strategy=vwap_extension_fade_3pt:direction=all:first_target_points=0.5:stop_points=2:runner_target_points=2:runner_stop_mode=breakeven,vwap_extension_fade_3pt,all,0.5,2,2,breakeven,429,429,429,116,313,136,177,0,0,313,0.72960373,-1775,-4778,-11.13752914,199,230,"two-contract post-signal scalp: one contract exits at first target, one runner uses selected stop mode and runner target"
1,signal_scaled_scalp:strategy=vwap_extension_fade_3pt:direction=all:first_target_points=0.5:stop_points=2:runner_target_points=2:runner_stop_mode=initial,vwap_extension_fade_3pt,all,0.5,2,2,initial,429,429,429,116,313,236,77,0,0,236,0.55011655,525,-2478,-5.77622378,199,230,"two-contract post-signal scalp: one contract exits at first target, one runner uses selected stop mode and runner target"
1,signal_scaled_scalp:strategy=vwap_extension_fade_3pt:direction=all:first_target_points=0.5:stop_points=2:runner_target_points=3:runner_stop_mode=breakeven,vwap_extension_fade_3pt,all,0.5,2,3,breakeven,429,429,429,116,313,99,214,0,0,313,0.72960373,-525,-3528,-8.22377622,199,230,"two-contract post-signal scalp: one contract exits at first target, one runner uses selected stop mode and runner target"
1,signal_scaled_scalp:strategy=vwap_extension_fade_3pt:direction=all:first_target_points=0.5:stop_points=2:runner_target_points=3:runner_stop_mode=initial,vwap_extension_fade_3pt,all,0.5,2,3,initial,429,429,429,116,313,192,121,0,0,192,0.44755245,1325,-1678,-3.91142191,199,230,"two-contract post-signal scalp: one contract exits at first target, one runner uses selected stop mode and runner target"
1,signal_scaled_scalp:strategy=vwap_extension_fade_3pt:direction=all:first_target_points=0.5:stop_points=2:runner_target_points=5:runner_stop_mode=breakeven,vwap_extension_fade_3pt,all,0.5,2,5,breakeven,429,429,429,116,313,70,243,0,0,313,0.72960373,2125,-878,-2.04662005,199,230,"two-contract post-signal scalp: one contract exits at first target, one runner uses selected stop mode and runner target"
1,signal_scaled_scalp:strategy=vwap_extension_fade_3pt:direction=all:first_target_points=0.5:stop_points=2:runner_target_points=5:runner_stop_mode=initial,vwap_extension_fade_3pt,all,0.5,2,5,initial,429,429,429,116,313,146,167,0,0,146,0.34032634,4425,1422,3.31468531,199,230,"two-contract post-signal scalp: one contract exits at first target, one runner uses selected stop mode and runner target"
1,signal_scaled_scalp:strategy=vwap_extension_fade_3pt:direction=all:first_target_points=1:stop_points=1:runner_target_points=1.5:runner_stop_mode=breakeven,vwap_extension_fade_3pt,all,1,1,1.5,breakeven,429,429,429,207,222,165,57,0,0,222,0.51748252,2775,-228,-0.53146853,199,230,"two-contract post-signal scalp: one contract exits at first target, one runner uses selected stop mode and runner target"
1,signal_scaled_scalp:strategy=vwap_extension_fade_3pt:direction=all:first_target_points=1:stop_points=1:runner_target_points=1.5:runner_stop_mode=initial,vwap_extension_fade_3pt,all,1,1,1.5,initial,429,429,429,207,222,190,32,0,0,190,0.44289044,3050,47,0.10955711,199,230,"two-contract post-signal scalp: one contract exits at first target, one runner uses selected stop mode and runner target"
1,signal_scaled_scalp:strategy=vwap_extension_fade_3pt:direction=all:first_target_points=1:stop_points=1:runner_target_points=2:runner_stop_mode=breakeven,vwap_extension_fade_3pt,all,1,1,2,breakeven,429,429,429,207,222,140,82,0,0,222,0.51748252,4400,1397,3.25641026,199,230,"two-contract post-signal scalp: one contract exits at first target, one runner uses selected stop mode and runner target"
1,signal_scaled_scalp:strategy=vwap_extension_fade_3pt:direction=all:first_target_points=1:stop_points=1:runner_target_points=2:runner_stop_mode=initial,vwap_extension_fade_3pt,all,1,1,2,initial,429,429,429,207,222,171,51,0,0,171,0.3986014,4950,1947,4.53846154,199,230,"two-contract post-signal scalp: one contract exits at first target, one runner uses selected stop mode and runner target"
1,signal_scaled_scalp:strategy=vwap_extension_fade_3pt:direction=all:first_target_points=1:stop_points=1:runner_target_points=3:runner_stop_mode=breakeven,vwap_extension_fade_3pt,all,1,1,3,breakeven,429,429,429,207,222,101,121,0,0,222,0.51748252,5550,2547,5.93706294,199,230,"two-contract post-signal scalp: one contract exits at first target, one runner uses selected stop mode and runner target"
1,signal_scaled_scalp:strategy=vwap_extension_fade_3pt:direction=all:first_target_points=1:stop_points=1:runner_target_points=3:runner_stop_mode=initial,vwap_extension_fade_3pt,all,1,1,3,initial,429,429,429,207,222,133,89,0,0,133,0.31002331,5900,2897,6.75291375,199,230,"two-contract post-signal scalp: one contract exits at first target, one runner uses selected stop mode and runner target"
1,signal_scaled_scalp:strategy=vwap_extension_fade_3pt:direction=all:first_target_points=1:stop_points=1:runner_target_points=5:runner_stop_mode=breakeven,vwap_extension_fade_3pt,all,1,1,5,breakeven,429,429,429,207,222,70,152,0,0,222,0.51748252,7900,4897,11.41491841,199,230,"two-contract post-signal scalp: one contract exits at first target, one runner uses selected stop mode and runner target"
1,signal_scaled_scalp:strategy=vwap_extension_fade_3pt:direction=all:first_target_points=1:stop_points=1:runner_target_points=5:runner_stop_mode=initial,vwap_extension_fade_3pt,all,1,1,5,initial,429,429,429,207,222,96,126,0,0,96,0.22377622,8100,5097,11.88111888,199,230,"two-contract post-signal scalp: one contract exits at first target, one runner uses selected stop mode and runner target"
1,signal_scaled_scalp:strategy=vwap_extension_fade_3pt:direction=all:first_target_points=1:stop_points=1.5:runner_target_points=1.5:runner_stop_mode=breakeven,vwap_extension_fade_3pt,all,1,1.5,1.5,breakeven,429,429,429,180,249,177,72,0,0,249,0.58041958,-1275,-4278,-9.97202797,199,230,"two-contract post-signal scalp: one contract exits at first target, one runner uses selected stop mode and runner target"
1,signal_scaled_scalp:strategy=vwap_extension_fade_3pt:direction=all:first_target_points=1:stop_points=1.5:runner_target_points=1.5:runner_stop_mode=initial,vwap_extension_fade_3pt,all,1,1.5,1.5,initial,429,429,429,180,249,217,32,0,0,217,0.50582751,-675,-3678,-8.57342657,199,230,"two-contract post-signal scalp: one contract exits at first target, one runner uses selected stop mode and runner target"
1,signal_scaled_scalp:strategy=vwap_extension_fade_3pt:direction=all:first_target_points=1:stop_points=1.5:runner_target_points=2:runner_stop_mode=breakeven,vwap_extension_fade_3pt,all,1,1.5,2,breakeven,429,429,429,180,249,150,99,0,0,249,0.58041958,450,-2553,-5.95104895,199,230,"two-contract post-signal scalp: one contract exits at first target, one runner uses selected stop mode and runner target"
1,signal_scaled_scalp:strategy=vwap_extension_fade_3pt:direction=all:first_target_points=1:stop_points=1.5:runner_target_points=2:runner_stop_mode=initial,vwap_extension_fade_3pt,all,1,1.5,2,initial,429,429,429,180,249,200,49,0,0,200,0.46620047,1775,-1228,-2.86247086,199,230,"two-contract post-signal scalp: one contract exits at first target, one runner uses selected stop mode and runner target"
1,signal_scaled_scalp:strategy=vwap_extension_fade_3pt:direction=all:first_target_points=1:stop_points=1.5:runner_target_points=3:runner_stop_mode=breakeven,vwap_extension_fade_3pt,all,1,1.5,3,breakeven,429,429,429,180,249,109,140,0,0,249,0.58041958,1800,-1203,-2.8041958,199,230,"two-contract post-signal scalp: one contract exits at first target, one runner uses selected stop mode and runner target"
1,signal_scaled_scalp:strategy=vwap_extension_fade_3pt:direction=all:first_target_points=1:stop_points=1.5:runner_target_points=3:runner_stop_mode=initial,vwap_extension_fade_3pt,all,1,1.5,3,initial,429,429,429,180,249,162,87,0,0,162,0.37762238,3225,222,0.51748252,199,230,"two-contract post-signal scalp: one contract exits at first target, one runner uses selected stop mode and runner target"
1,signal_scaled_scalp:strategy=vwap_extension_fade_3pt:direction=all:first_target_points=1:stop_points=1.5:runner_target_points=5:runner_stop_mode=breakeven,vwap_extension_fade_3pt,all,1,1.5,5,breakeven,429,429,429,180,249,75,174,0,0,249,0.58041958,4200,1197,2.79020979,199,230,"two-contract post-signal scalp: one contract exits at first target, one runner uses selected stop mode and runner target"
1,signal_scaled_scalp:strategy=vwap_extension_fade_3pt:direction=all:first_target_points=1:stop_points=1.5:runner_target_points=5:runner_stop_mode=initial,vwap_extension_fade_3pt,all,1,1.5,5,initial,429,429,429,180,249,118,131,0,0,118,0.27505828,5125,2122,4.94638695,199,230,"two-contract post-signal scalp: one contract exits at first target, one runner uses selected stop mode and runner target"
1,signal_scaled_scalp:strategy=vwap_extension_fade_3pt:direction=all:first_target_points=1:stop_points=2:runner_target_points=1.5:runner_stop_mode=breakeven,vwap_extension_fade_3pt,all,1,2,1.5,breakeven,429,429,429,150,279,201,78,0,0,279,0.65034965,-975,-3978,-9.27272727,199,230,"two-contract post-signal scalp: one contract exits at first target, one runner uses selected stop mode and runner target"
1,signal_scaled_scalp:strategy=vwap_extension_fade_3pt:direction=all:first_target_points=1:stop_points=2:runner_target_points=1.5:runner_stop_mode=initial,vwap_extension_fade_3pt,all,1,2,1.5,initial,429,429,429,150,279,254,25,0,0,254,0.59207459,500,-2503,-5.83449883,199,230,"two-contract post-signal scalp: one contract exits at first target, one runner uses selected stop mode and runner target"
1,signal_scaled_scalp:strategy=vwap_extension_fade_3pt:direction=all:first_target_points=1:stop_points=2:runner_target_points=2:runner_stop_mode=breakeven,vwap_extension_fade_3pt,all,1,2,2,breakeven,429,429,429,150,279,169,110,0,0,279,0.65034965,850,-2153,-5.01864802,199,230,"two-contract post-signal scalp: one contract exits at first target, one runner uses selected stop mode and runner target"
1,signal_scaled_scalp:strategy=vwap_extension_fade_3pt:direction=all:first_target_points=1:stop_points=2:runner_target_points=2:runner_stop_mode=initial,vwap_extension_fade_3pt,all,1,2,2,initial,429,429,429,150,279,236,43,0,0,236,0.55011655,3250,247,0.57575758,199,230,"two-contract post-signal scalp: one contract exits at first target, one runner uses selected stop mode and runner target"
1,signal_scaled_scalp:strategy=vwap_extension_fade_3pt:direction=all:first_target_points=1:stop_points=2:runner_target_points=3:runner_stop_mode=breakeven,vwap_extension_fade_3pt,all,1,2,3,breakeven,429,429,429,150,279,120,159,0,0,279,0.65034965,1950,-1053,-2.45454545,199,230,"two-contract post-signal scalp: one contract exits at first target, one runner uses selected stop mode and runner target"
1,signal_scaled_scalp:strategy=vwap_extension_fade_3pt:direction=all:first_target_points=1:stop_points=2:runner_target_points=3:runner_stop_mode=initial,vwap_extension_fade_3pt,all,1,2,3,initial,429,429,429,150,279,192,87,0,0,192,0.44755245,4050,1047,2.44055944,199,230,"two-contract post-signal scalp: one contract exits at first target, one runner uses selected stop mode and runner target"
1,signal_scaled_scalp:strategy=vwap_extension_fade_3pt:direction=all:first_target_points=1:stop_points=2:runner_target_points=5:runner_stop_mode=breakeven,vwap_extension_fade_3pt,all,1,2,5,breakeven,429,429,429,150,279,82,197,0,0,279,0.65034965,4450,1447,3.37296037,199,230,"two-contract post-signal scalp: one contract exits at first target, one runner uses selected stop mode and runner target"
1,signal_scaled_scalp:strategy=vwap_extension_fade_3pt:direction=all:first_target_points=1:stop_points=2:runner_target_points=5:runner_stop_mode=initial,vwap_extension_fade_3pt,all,1,2,5,initial,429,429,429,150,279,146,133,0,0,146,0.34032634,7150,4147,9.66666667,199,230,"two-contract post-signal scalp: one contract exits at first target, one runner uses selected stop mode and runner target"
1,signal_scaled_scalp:strategy=vwap_extension_fade_3pt:direction=all:first_target_points=1.5:stop_points=1:runner_target_points=2:runner_stop_mode=breakeven,vwap_extension_fade_3pt,all,1.5,1,2,breakeven,429,429,429,239,190,163,27,0,0,190,0.44289044,6650,3647,8.5011655,199,230,"two-contract post-signal scalp: one contract exits at first target, one runner uses selected stop mode and runner target"
1,signal_scaled_scalp:strategy=vwap_extension_fade_3pt:direction=all:first_target_points=1.5:stop_points=1:runner_target_points=2:runner_stop_mode=initial,vwap_extension_fade_3pt,all,1.5,1,2,initial,429,429,429,239,190,171,19,0,0,190,0.44289044,6500,3497,8.15151515,199,230,"two-contract post-signal scalp: one contract exits at first target, one runner uses selected stop mode and runner target"
1,signal_scaled_scalp:strategy=vwap_extension_fade_3pt:direction=all:first_target_points=1.5:stop_points=1:runner_target_points=3:runner_stop_mode=breakeven,vwap_extension_fade_3pt,all,1.5,1,3,breakeven,429,429,429,239,190,117,73,0,0,190,0.44289044,7900,4897,11.41491841,199,230,"two-contract post-signal scalp: one contract exits at first target, one runner uses selected stop mode and runner target"
1,signal_scaled_scalp:strategy=vwap_extension_fade_3pt:direction=all:first_target_points=1.5:stop_points=1:runner_target_points=3:runner_stop_mode=initial,vwap_extension_fade_3pt,all,1.5,1,3,initial,429,429,429,239,190,133,57,0,0,190,0.44289044,7450,4447,10.36596737,199,230,"two-contract post-signal scalp: one contract exits at first target, one runner uses selected stop mode and runner target"
1,signal_scaled_scalp:strategy=vwap_extension_fade_3pt:direction=all:first_target_points=1.5:stop_points=1:runner_target_points=5:runner_stop_mode=breakeven,vwap_extension_fade_3pt,all,1.5,1,5,breakeven,429,429,429,239,190,79,111,0,0,190,0.44289044,10100,7097,16.54312354,199,230,"two-contract post-signal scalp: one contract exits at first target, one runner uses selected stop mode and runner target"
1,signal_scaled_scalp:strategy=vwap_extension_fade_3pt:direction=all:first_target_points=1.5:stop_points=1:runner_target_points=5:runner_stop_mode=initial,vwap_extension_fade_3pt,all,1.5,1,5,initial,429,429,429,239,190,96,94,0,0,190,0.44289044,9650,6647,15.49417249,199,230,"two-contract post-signal scalp: one contract exits at first target, one runner uses selected stop mode and runner target"
1,signal_scaled_scalp:strategy=vwap_extension_fade_3pt:direction=all:first_target_points=1.5:stop_points=1.5:runner_target_points=2:runner_stop_mode=breakeven,vwap_extension_fade_3pt,all,1.5,1.5,2,breakeven,429,429,429,212,217,188,29,0,0,217,0.50582751,3275,272,0.63403263,199,230,"two-contract post-signal scalp: one contract exits at first target, one runner uses selected stop mode and runner target"
1,signal_scaled_scalp:strategy=vwap_extension_fade_3pt:direction=all:first_target_points=1.5:stop_points=1.5:runner_target_points=2:runner_stop_mode=initial,vwap_extension_fade_3pt,all,1.5,1.5,2,initial,429,429,429,212,217,200,17,0,0,200,0.46620047,3200,197,0.45920746,199,230,"two-contract post-signal scalp: one contract exits at first target, one runner uses selected stop mode and runner target"
1,signal_scaled_scalp:strategy=vwap_extension_fade_3pt:direction=all:first_target_points=1.5:stop_points=1.5:runner_target_points=3:runner_stop_mode=breakeven,vwap_extension_fade_3pt,all,1.5,1.5,3,breakeven,429,429,429,212,217,135,82,0,0,217,0.50582751,4725,1722,4.01398601,199,230,"two-contract post-signal scalp: one contract exits at first target, one runner uses selected stop mode and runner target"
1,signal_scaled_scalp:strategy=vwap_extension_fade_3pt:direction=all:first_target_points=1.5:stop_points=1.5:runner_target_points=3:runner_stop_mode=initial,vwap_extension_fade_3pt,all,1.5,1.5,3,initial,429,429,429,212,217,162,55,0,0,162,0.37762238,4650,1647,3.83916084,199,230,"two-contract post-signal scalp: one contract exits at first target, one runner uses selected stop mode and runner target"
1,signal_scaled_scalp:strategy=vwap_extension_fade_3pt:direction=all:first_target_points=1.5:stop_points=1.5:runner_target_points=5:runner_stop_mode=breakeven,vwap_extension_fade_3pt,all,1.5,1.5,5,breakeven,429,429,429,212,217,92,125,0,0,217,0.50582751,7475,4472,10.42424242,199,230,"two-contract post-signal scalp: one contract exits at first target, one runner uses selected stop mode and runner target"
1,signal_scaled_scalp:strategy=vwap_extension_fade_3pt:direction=all:first_target_points=1.5:stop_points=1.5:runner_target_points=5:runner_stop_mode=initial,vwap_extension_fade_3pt,all,1.5,1.5,5,initial,429,429,429,212,217,118,99,0,0,118,0.27505828,6550,3547,8.26806527,199,230,"two-contract post-signal scalp: one contract exits at first target, one runner uses selected stop mode and runner target"
1,signal_scaled_scalp:strategy=vwap_extension_fade_3pt:direction=all:first_target_points=1.5:stop_points=2:runner_target_points=2:runner_stop_mode=breakeven,vwap_extension_fade_3pt,all,1.5,2,2,breakeven,429,429,429,175,254,216,38,0,0,254,0.59207459,5650,2647,6.17016317,199,230,"two-contract post-signal scalp: one contract exits at first target, one runner uses selected stop mode and runner target"
1,signal_scaled_scalp:strategy=vwap_extension_fade_3pt:direction=all:first_target_points=1.5:stop_points=2:runner_target_points=2:runner_stop_mode=initial,vwap_extension_fade_3pt,all,1.5,2,2,initial,429,429,429,175,254,236,18,0,0,236,0.55011655,5850,2847,6.63636364,199,230,"two-contract post-signal scalp: one contract exits at first target, one runner uses selected stop mode and runner target"
1,signal_scaled_scalp:strategy=vwap_extension_fade_3pt:direction=all:first_target_points=1.5:stop_points=2:runner_target_points=3:runner_stop_mode=breakeven,vwap_extension_fade_3pt,all,1.5,2,3,breakeven,429,429,429,175,254,153,101,0,0,254,0.59207459,7000,3997,9.31701632,199,230,"two-contract post-signal scalp: one contract exits at first target, one runner uses selected stop mode and runner target"
1,signal_scaled_scalp:strategy=vwap_extension_fade_3pt:direction=all:first_target_points=1.5:stop_points=2:runner_target_points=3:runner_stop_mode=initial,vwap_extension_fade_3pt,all,1.5,2,3,initial,429,429,429,175,254,192,62,0,0,192,0.44755245,6650,3647,8.5011655,199,230,"two-contract post-signal scalp: one contract exits at first target, one runner uses selected stop mode and runner target"
1,signal_scaled_scalp:strategy=vwap_extension_fade_3pt:direction=all:first_target_points=1.5:stop_points=2:runner_target_points=5:runner_stop_mode=breakeven,vwap_extension_fade_3pt,all,1.5,2,5,breakeven,429,429,429,175,254,104,150,0,0,254,0.59207459,10050,7047,16.42657343,199,230,"two-contract post-signal scalp: one contract exits at first target, one runner uses selected stop mode and runner target"
1,signal_scaled_scalp:strategy=vwap_extension_fade_3pt:direction=all:first_target_points=1.5:stop_points=2:runner_target_points=5:runner_stop_mode=initial,vwap_extension_fade_3pt,all,1.5,2,5,initial,429,429,429,175,254,146,108,0,0,146,0.34032634,9750,6747,15.72727273,199,230,"two-contract post-signal scalp: one contract exits at first target, one runner uses selected stop mode and runner target"
1,signal_scaled_scalp:strategy=vwap_extension_fade_4pt:direction=all:first_target_points=0.5:stop_points=1:runner_target_points=1.5:runner_stop_mode=breakeven,vwap_extension_fade_4pt,all,0.5,1,1.5,breakeven,422,422,422,166,256,146,110,0,0,256,0.60663507,750,-2204,-5.22274882,202,220,"two-contract post-signal scalp: one contract exits at first target, one runner uses selected stop mode and runner target"
1,signal_scaled_scalp:strategy=vwap_extension_fade_4pt:direction=all:first_target_points=0.5:stop_points=1:runner_target_points=1.5:runner_stop_mode=initial,vwap_extension_fade_4pt,all,0.5,1,1.5,initial,422,422,422,166,256,194,62,0,0,194,0.45971564,1250,-1704,-4.03791469,202,220,"two-contract post-signal scalp: one contract exits at first target, one runner uses selected stop mode and runner target"
1,signal_scaled_scalp:strategy=vwap_extension_fade_4pt:direction=all:first_target_points=0.5:stop_points=1:runner_target_points=2:runner_stop_mode=breakeven,vwap_extension_fade_4pt,all,0.5,1,2,breakeven,422,422,422,166,256,131,125,0,0,256,0.60663507,2900,-54,-0.12796209,202,220,"two-contract post-signal scalp: one contract exits at first target, one runner uses selected stop mode and runner target"
1,signal_scaled_scalp:strategy=vwap_extension_fade_4pt:direction=all:first_target_points=0.5:stop_points=1:runner_target_points=2:runner_stop_mode=initial,vwap_extension_fade_4pt,all,0.5,1,2,initial,422,422,422,166,256,177,79,0,0,177,0.41943128,3550,596,1.41232227,202,220,"two-contract post-signal scalp: one contract exits at first target, one runner uses selected stop mode and runner target"
1,signal_scaled_scalp:strategy=vwap_extension_fade_4pt:direction=all:first_target_points=0.5:stop_points=1:runner_target_points=3:runner_stop_mode=breakeven,vwap_extension_fade_4pt,all,0.5,1,3,breakeven,422,422,422,166,256,96,160,0,0,256,0.60663507,4200,1246,2.95260664,202,220,"two-contract post-signal scalp: one contract exits at first target, one runner uses selected stop mode and runner target"
1,signal_scaled_scalp:strategy=vwap_extension_fade_4pt:direction=all:first_target_points=0.5:stop_points=1:runner_target_points=3:runner_stop_mode=initial,vwap_extension_fade_4pt,all,0.5,1,3,initial,422,422,422,166,256,142,114,0,0,142,0.33649289,5400,2446,5.79620853,202,220,"two-contract post-signal scalp: one contract exits at first target, one runner uses selected stop mode and runner target"
1,signal_scaled_scalp:strategy=vwap_extension_fade_4pt:direction=all:first_target_points=0.5:stop_points=1:runner_target_points=5:runner_stop_mode=breakeven,vwap_extension_fade_4pt,all,0.5,1,5,breakeven,422,422,422,166,256,65,191,0,0,256,0.60663507,6050,3096,7.33649289,202,220,"two-contract post-signal scalp: one contract exits at first target, one runner uses selected stop mode and runner target"
1,signal_scaled_scalp:strategy=vwap_extension_fade_4pt:direction=all:first_target_points=0.5:stop_points=1:runner_target_points=5:runner_stop_mode=initial,vwap_extension_fade_4pt,all,0.5,1,5,initial,422,422,422,166,256,103,153,0,0,103,0.24407583,7900,4946,11.72037915,202,220,"two-contract post-signal scalp: one contract exits at first target, one runner uses selected stop mode and runner target"
1,signal_scaled_scalp:strategy=vwap_extension_fade_4pt:direction=all:first_target_points=0.5:stop_points=1.5:runner_target_points=1.5:runner_stop_mode=breakeven,vwap_extension_fade_4pt,all,0.5,1.5,1.5,breakeven,422,422,422,135,287,154,133,0,0,287,0.68009479,-1525,-4479,-10.61374408,202,220,"two-contract post-signal scalp: one contract exits at first target, one runner uses selected stop mode and runner target"
1,signal_scaled_scalp:strategy=vwap_extension_fade_4pt:direction=all:first_target_points=0.5:stop_points=1.5:runner_target_points=1.5:runner_stop_mode=initial,vwap_extension_fade_4pt,all,0.5,1.5,1.5,initial,422,422,422,135,287,218,69,0,0,218,0.51658768,-1900,-4854,-11.50236967,202,220,"two-contract post-signal scalp: one contract exits at first target, one runner uses selected stop mode and runner target"
1,signal_scaled_scalp:strategy=vwap_extension_fade_4pt:direction=all:first_target_points=0.5:stop_points=1.5:runner_target_points=2:runner_stop_mode=breakeven,vwap_extension_fade_4pt,all,0.5,1.5,2,breakeven,422,422,422,135,287,139,148,0,0,287,0.68009479,825,-2129,-5.0450237,202,220,"two-contract post-signal scalp: one contract exits at first target, one runner uses selected stop mode and runner target"
1,signal_scaled_scalp:strategy=vwap_extension_fade_4pt:direction=all:first_target_points=0.5:stop_points=1.5:runner_target_points=2:runner_stop_mode=initial,vwap_extension_fade_4pt,all,0.5,1.5,2,initial,422,422,422,135,287,203,84,0,0,203,0.48104265,925,-2029,-4.80805687,202,220,"two-contract post-signal scalp: one contract exits at first target, one runner uses selected stop mode and runner target"
1,signal_scaled_scalp:strategy=vwap_extension_fade_4pt:direction=all:first_target_points=0.5:stop_points=1.5:runner_target_points=3:runner_stop_mode=breakeven,vwap_extension_fade_4pt,all,0.5,1.5,3,breakeven,422,422,422,135,287,101,186,0,0,287,0.68009479,2075,-879,-2.08293839,202,220,"two-contract post-signal scalp: one contract exits at first target, one runner uses selected stop mode and runner target"
1,signal_scaled_scalp:strategy=vwap_extension_fade_4pt:direction=all:first_target_points=0.5:stop_points=1.5:runner_target_points=3:runner_stop_mode=initial,vwap_extension_fade_4pt,all,0.5,1.5,3,initial,422,422,422,135,287,166,121,0,0,166,0.39336493,2750,-204,-0.48341232,202,220,"two-contract post-signal scalp: one contract exits at first target, one runner uses selected stop mode and runner target"
1,signal_scaled_scalp:strategy=vwap_extension_fade_4pt:direction=all:first_target_points=0.5:stop_points=1.5:runner_target_points=5:runner_stop_mode=breakeven,vwap_extension_fade_4pt,all,0.5,1.5,5,breakeven,422,422,422,135,287,68,219,0,0,287,0.68009479,3925,971,2.30094787,202,220,"two-contract post-signal scalp: one contract exits at first target, one runner uses selected stop mode and runner target"
1,signal_scaled_scalp:strategy=vwap_extension_fade_4pt:direction=all:first_target_points=0.5:stop_points=1.5:runner_target_points=5:runner_stop_mode=initial,vwap_extension_fade_4pt,all,0.5,1.5,5,initial,422,422,422,135,287,124,163,0,0,124,0.29383886,5700,2746,6.507109,202,220,"two-contract post-signal scalp: one contract exits at first target, one runner uses selected stop mode and runner target"
1,signal_scaled_scalp:strategy=vwap_extension_fade_4pt:direction=all:first_target_points=0.5:stop_points=2:runner_target_points=1.5:runner_stop_mode=breakeven,vwap_extension_fade_4pt,all,0.5,2,1.5,breakeven,422,422,422,112,310,163,147,0,0,310,0.73459716,-2425,-5379,-12.7464455,202,220,"two-contract post-signal scalp: one contract exits at first target, one runner uses selected stop mode and runner target"
1,signal_scaled_scalp:strategy=vwap_extension_fade_4pt:direction=all:first_target_points=0.5:stop_points=2:runner_target_points=1.5:runner_stop_mode=initial,vwap_extension_fade_4pt,all,0.5,2,1.5,initial,422,422,422,112,310,254,56,0,0,254,0.60189573,-1200,-4154,-9.8436019,202,220,"two-contract post-signal scalp: one contract exits at first target, one runner uses selected stop mode and runner target"
1,signal_scaled_scalp:strategy=vwap_extension_fade_4pt:direction=all:first_target_points=0.5:stop_points=2:runner_target_points=2:runner_stop_mode=breakeven,vwap_extension_fade_4pt,all,0.5,2,2,breakeven,422,422,422,112,310,148,162,0,0,310,0.73459716,150,-2804,-6.64454976,202,220,"two-contract post-signal scalp: one contract exits at first target, one runner uses selected stop mode and runner target"
1,signal_scaled_scalp:strategy=vwap_extension_fade_4pt:direction=all:first_target_points=0.5:stop_points=2:runner_target_points=2:runner_stop_mode=initial,vwap_extension_fade_4pt,all,0.5,2,2,initial,422,422,422,112,310,238,72,0,0,238,0.56398104,1950,-1004,-2.37914692,202,220,"two-contract post-signal scalp: one contract exits at first target, one runner uses selected stop mode and runner target"
1,signal_scaled_scalp:strategy=vwap_extension_fade_4pt:direction=all:first_target_points=0.5:stop_points=2:runner_target_points=3:runner_stop_mode=breakeven,vwap_extension_fade_4pt,all,0.5,2,3,breakeven,422,422,422,112,310,108,202,0,0,310,0.73459716,1550,-1404,-3.32701422,202,220,"two-contract post-signal scalp: one contract exits at first target, one runner uses selected stop mode and runner target"
1,signal_scaled_scalp:strategy=vwap_extension_fade_4pt:direction=all:first_target_points=0.5:stop_points=2:runner_target_points=3:runner_stop_mode=initial,vwap_extension_fade_4pt,all,0.5,2,3,initial,422,422,422,112,310,197,113,0,0,197,0.46682464,3600,646,1.53080569,202,220,"two-contract post-signal scalp: one contract exits at first target, one runner uses selected stop mode and runner target"
1,signal_scaled_scalp:strategy=vwap_extension_fade_4pt:direction=all:first_target_points=0.5:stop_points=2:runner_target_points=5:runner_stop_mode=breakeven,vwap_extension_fade_4pt,all,0.5,2,5,breakeven,422,422,422,112,310,71,239,0,0,310,0.73459716,3100,146,0.34597156,202,220,"two-contract post-signal scalp: one contract exits at first target, one runner uses selected stop mode and runner target"
1,signal_scaled_scalp:strategy=vwap_extension_fade_4pt:direction=all:first_target_points=0.5:stop_points=2:runner_target_points=5:runner_stop_mode=initial,vwap_extension_fade_4pt,all,0.5,2,5,initial,422,422,422,112,310,148,162,0,0,148,0.3507109,6150,3196,7.57345972,202,220,"two-contract post-signal scalp: one contract exits at first target, one runner uses selected stop mode and runner target"
1,signal_scaled_scalp:strategy=vwap_extension_fade_4pt:direction=all:first_target_points=1:stop_points=1:runner_target_points=1.5:runner_stop_mode=breakeven,vwap_extension_fade_4pt,all,1,1,1.5,breakeven,422,422,422,196,226,172,54,0,0,226,0.53554502,4600,1646,3.90047393,202,220,"two-contract post-signal scalp: one contract exits at first target, one runner uses selected stop mode and runner target"
1,signal_scaled_scalp:strategy=vwap_extension_fade_4pt:direction=all:first_target_points=1:stop_points=1:runner_target_points=1.5:runner_stop_mode=initial,vwap_extension_fade_4pt,all,1,1,1.5,initial,422,422,422,196,226,194,32,0,0,194,0.45971564,4650,1696,4.01895735,202,220,"two-contract post-signal scalp: one contract exits at first target, one runner uses selected stop mode and runner target"
1,signal_scaled_scalp:strategy=vwap_extension_fade_4pt:direction=all:first_target_points=1:stop_points=1:runner_target_points=2:runner_stop_mode=breakeven,vwap_extension_fade_4pt,all,1,1,2,breakeven,422,422,422,196,226,153,73,0,0,226,0.53554502,7000,4046,9.58767773,202,220,"two-contract post-signal scalp: one contract exits at first target, one runner uses selected stop mode and runner target"
1,signal_scaled_scalp:strategy=vwap_extension_fade_4pt:direction=all:first_target_points=1:stop_points=1:runner_target_points=2:runner_stop_mode=initial,vwap_extension_fade_4pt,all,1,1,2,initial,422,422,422,196,226,177,49,0,0,177,0.41943128,6950,3996,9.46919431,202,220,"two-contract post-signal scalp: one contract exits at first target, one runner uses selected stop mode and runner target"
1,signal_scaled_scalp:strategy=vwap_extension_fade_4pt:direction=all:first_target_points=1:stop_points=1:runner_target_points=3:runner_stop_mode=breakeven,vwap_extension_fade_4pt,all,1,1,3,breakeven,422,422,422,196,226,110,116,0,0,226,0.53554502,8200,5246,12.43127962,202,220,"two-contract post-signal scalp: one contract exits at first target, one runner uses selected stop mode and runner target"
1,signal_scaled_scalp:strategy=vwap_extension_fade_4pt:direction=all:first_target_points=1:stop_points=1:runner_target_points=3:runner_stop_mode=initial,vwap_extension_fade_4pt,all,1,1,3,initial,422,422,422,196,226,142,84,0,0,142,0.33649289,8800,5846,13.85308057,202,220,"two-contract post-signal scalp: one contract exits at first target, one runner uses selected stop mode and runner target"
1,signal_scaled_scalp:strategy=vwap_extension_fade_4pt:direction=all:first_target_points=1:stop_points=1:runner_target_points=5:runner_stop_mode=breakeven,vwap_extension_fade_4pt,all,1,1,5,breakeven,422,422,422,196,226,72,154,0,0,226,0.53554502,9700,6746,15.98578199,202,220,"two-contract post-signal scalp: one contract exits at first target, one runner uses selected stop mode and runner target"
1,signal_scaled_scalp:strategy=vwap_extension_fade_4pt:direction=all:first_target_points=1:stop_points=1:runner_target_points=5:runner_stop_mode=initial,vwap_extension_fade_4pt,all,1,1,5,initial,422,422,422,196,226,103,123,0,0,103,0.24407583,11300,8346,19.77725118,202,220,"two-contract post-signal scalp: one contract exits at first target, one runner uses selected stop mode and runner target"
1,signal_scaled_scalp:strategy=vwap_extension_fade_4pt:direction=all:first_target_points=1:stop_points=1.5:runner_target_points=1.5:runner_stop_mode=breakeven,vwap_extension_fade_4pt,all,1,1.5,1.5,breakeven,422,422,422,173,249,183,66,0,0,249,0.59004739,225,-2729,-6.46682464,202,220,"two-contract post-signal scalp: one contract exits at first target, one runner uses selected stop mode and runner target"
1,signal_scaled_scalp:strategy=vwap_extension_fade_4pt:direction=all:first_target_points=1:stop_points=1.5:runner_target_points=1.5:runner_stop_mode=initial,vwap_extension_fade_4pt,all,1,1.5,1.5,initial,422,422,422,173,249,218,31,0,0,218,0.51658768,525,-2429,-5.75592417,202,220,"two-contract post-signal scalp: one contract exits at first target, one runner uses selected stop mode and runner target"
1,signal_scaled_scalp:strategy=vwap_extension_fade_4pt:direction=all:first_target_points=1:stop_points=1.5:runner_target_points=2:runner_stop_mode=breakeven,vwap_extension_fade_4pt,all,1,1.5,2,breakeven,422,422,422,173,249,163,86,0,0,249,0.59004739,2800,-154,-0.36492891,202,220,"two-contract post-signal scalp: one contract exits at first target, one runner uses selected stop mode and runner target"
1,signal_scaled_scalp:strategy=vwap_extension_fade_4pt:direction=all:first_target_points=1:stop_points=1.5:runner_target_points=2:runner_stop_mode=initial,vwap_extension_fade_4pt,all,1,1.5,2,initial,422,422,422,173,249,203,46,0,0,203,0.48104265,3350,396,0.93838863,202,220,"two-contract post-signal scalp: one contract exits at first target, one runner uses selected stop mode and runner target"
1,signal_scaled_scalp:strategy=vwap_extension_fade_4pt:direction=all:first_target_points=1:stop_points=1.5:runner_target_points=3:runner_stop_mode=breakeven,vwap_extension_fade_4pt,all,1,1.5,3,breakeven,422,422,422,173,249,117,132,0,0,249,0.59004739,4050,1096,2.5971564,202,220,"two-contract post-signal scalp: one contract exits at first target, one runner uses selected stop mode and runner target"
1,signal_scaled_scalp:strategy=vwap_extension_fade_4pt:direction=all:first_target_points=1:stop_points=1.5:runner_target_points=3:runner_stop_mode=initial,vwap_extension_fade_4pt,all,1,1.5,3,initial,422,422,422,173,249,166,83,0,0,166,0.39336493,5175,2221,5.26303318,202,220,"two-contract post-signal scalp: one contract exits at first target, one runner uses selected stop mode and runner target"
1,signal_scaled_scalp:strategy=vwap_extension_fade_4pt:direction=all:first_target_points=1:stop_points=1.5:runner_target_points=5:runner_stop_mode=breakeven,vwap_extension_fade_4pt,all,1,1.5,5,breakeven,422,422,422,173,249,75,174,0,0,249,0.59004739,5250,2296,5.44075829,202,220,"two-contract post-signal scalp: one contract exits at first target, one runner uses selected stop mode and runner target"
1,signal_scaled_scalp:strategy=vwap_extension_fade_4pt:direction=all:first_target_points=1:stop_points=1.5:runner_target_points=5:runner_stop_mode=initial,vwap_extension_fade_4pt,all,1,1.5,5,initial,422,422,422,173,249,124,125,0,0,124,0.29383886,8125,5171,12.2535545,202,220,"two-contract post-signal scalp: one contract exits at first target, one runner uses selected stop mode and runner target"
1,signal_scaled_scalp:strategy=vwap_extension_fade_4pt:direction=all:first_target_points=1:stop_points=2:runner_target_points=1.5:runner_stop_mode=breakeven,vwap_extension_fade_4pt,all,1,2,1.5,breakeven,422,422,422,143,279,207,72,0,0,279,0.66113744,875,-2079,-4.92654028,202,220,"two-contract post-signal scalp: one contract exits at first target, one runner uses selected stop mode and runner target"
1,signal_scaled_scalp:strategy=vwap_extension_fade_4pt:direction=all:first_target_points=1:stop_points=2:runner_target_points=1.5:runner_stop_mode=initial,vwap_extension_fade_4pt,all,1,2,1.5,initial,422,422,422,143,279,254,25,0,0,254,0.60189573,1900,-1054,-2.49763033,202,220,"two-contract post-signal scalp: one contract exits at first target, one runner uses selected stop mode and runner target"
1,signal_scaled_scalp:strategy=vwap_extension_fade_4pt:direction=all:first_target_points=1:stop_points=2:runner_target_points=2:runner_stop_mode=breakeven,vwap_extension_fade_4pt,all,1,2,2,breakeven,422,422,422,143,279,183,96,0,0,279,0.66113744,3650,696,1.6492891,202,220,"two-contract post-signal scalp: one contract exits at first target, one runner uses selected stop mode and runner target"
1,signal_scaled_scalp:strategy=vwap_extension_fade_4pt:direction=all:first_target_points=1:stop_points=2:runner_target_points=2:runner_stop_mode=initial,vwap_extension_fade_4pt,all,1,2,2,initial,422,422,422,143,279,238,41,0,0,238,0.56398104,5050,2096,4.96682464,202,220,"two-contract post-signal scalp: one contract exits at first target, one runner uses selected stop mode and runner target"
1,signal_scaled_scalp:strategy=vwap_extension_fade_4pt:direction=all:first_target_points=1:stop_points=2:runner_target_points=3:runner_stop_mode=breakeven,vwap_extension_fade_4pt,all,1,2,3,breakeven,422,422,422,143,279,131,148,0,0,279,0.66113744,5000,2046,4.84834123,202,220,"two-contract post-signal scalp: one contract exits at first target, one runner uses selected stop mode and runner target"
1,signal_scaled_scalp:strategy=vwap_extension_fade_4pt:direction=all:first_target_points=1:stop_points=2:runner_target_points=3:runner_stop_mode=initial,vwap_extension_fade_4pt,all,1,2,3,initial,422,422,422,143,279,197,82,0,0,197,0.46682464,6700,3746,8.87677725,202,220,"two-contract post-signal scalp: one contract exits at first target, one runner uses selected stop mode and runner target"
1,signal_scaled_scalp:strategy=vwap_extension_fade_4pt:direction=all:first_target_points=1:stop_points=2:runner_target_points=5:runner_stop_mode=breakeven,vwap_extension_fade_4pt,all,1,2,5,breakeven,422,422,422,143,279,83,196,0,0,279,0.66113744,6100,3146,7.4549763,202,220,"two-contract post-signal scalp: one contract exits at first target, one runner uses selected stop mode and runner target"
1,signal_scaled_scalp:strategy=vwap_extension_fade_4pt:direction=all:first_target_points=1:stop_points=2:runner_target_points=5:runner_stop_mode=initial,vwap_extension_fade_4pt,all,1,2,5,initial,422,422,422,143,279,148,131,0,0,148,0.3507109,9250,6296,14.91943128,202,220,"two-contract post-signal scalp: one contract exits at first target, one runner uses selected stop mode and runner target"
1,signal_scaled_scalp:strategy=vwap_extension_fade_4pt:direction=all:first_target_points=1.5:stop_points=1:runner_target_points=2:runner_stop_mode=breakeven,vwap_extension_fade_4pt,all,1.5,1,2,breakeven,422,422,422,228,194,171,23,0,0,194,0.45971564,8850,5896,13.97156398,202,220,"two-contract post-signal scalp: one contract exits at first target, one runner uses selected stop mode and runner target"
1,signal_scaled_scalp:strategy=vwap_extension_fade_4pt:direction=all:first_target_points=1.5:stop_points=1:runner_target_points=2:runner_stop_mode=initial,vwap_extension_fade_4pt,all,1.5,1,2,initial,422,422,422,228,194,177,17,0,0,194,0.45971564,8600,5646,13.37914692,202,220,"two-contract post-signal scalp: one contract exits at first target, one runner uses selected stop mode and runner target"
1,signal_scaled_scalp:strategy=vwap_extension_fade_4pt:direction=all:first_target_points=1.5:stop_points=1:runner_target_points=3:runner_stop_mode=breakeven,vwap_extension_fade_4pt,all,1.5,1,3,breakeven,422,422,422,228,194,123,71,0,0,194,0.45971564,10200,7246,17.17061611,202,220,"two-contract post-signal scalp: one contract exits at first target, one runner uses selected stop mode and runner target"
1,signal_scaled_scalp:strategy=vwap_extension_fade_4pt:direction=all:first_target_points=1.5:stop_points=1:runner_target_points=3:runner_stop_mode=initial,vwap_extension_fade_4pt,all,1.5,1,3,initial,422,422,422,228,194,142,52,0,0,194,0.45971564,10450,7496,17.76303318,202,220,"two-contract post-signal scalp: one contract exits at first target, one runner uses selected stop mode and runner target"
1,signal_scaled_scalp:strategy=vwap_extension_fade_4pt:direction=all:first_target_points=1.5:stop_points=1:runner_target_points=5:runner_stop_mode=breakeven,vwap_extension_fade_4pt,all,1.5,1,5,breakeven,422,422,422,228,194,81,113,0,0,194,0.45971564,12000,9046,21.43601896,202,220,"two-contract post-signal scalp: one contract exits at first target, one runner uses selected stop mode and runner target"
1,signal_scaled_scalp:strategy=vwap_extension_fade_4pt:direction=all:first_target_points=1.5:stop_points=1:runner_target_points=5:runner_stop_mode=initial,vwap_extension_fade_4pt,all,1.5,1,5,initial,422,422,422,228,194,103,91,0,0,194,0.45971564,12950,9996,23.68720379,202,220,"two-contract post-signal scalp: one contract exits at first target, one runner uses selected stop mode and runner target"
1,signal_scaled_scalp:strategy=vwap_extension_fade_4pt:direction=all:first_target_points=1.5:stop_points=1.5:runner_target_points=2:runner_stop_mode=breakeven,vwap_extension_fade_4pt,all,1.5,1.5,2,breakeven,422,422,422,204,218,194,24,0,0,218,0.51658768,5150,2196,5.20379147,202,220,"two-contract post-signal scalp: one contract exits at first target, one runner uses selected stop mode and runner target"
1,signal_scaled_scalp:strategy=vwap_extension_fade_4pt:direction=all:first_target_points=1.5:stop_points=1.5:runner_target_points=2:runner_stop_mode=initial,vwap_extension_fade_4pt,all,1.5,1.5,2,initial,422,422,422,204,218,203,15,0,0,203,0.48104265,4925,1971,4.67061611,202,220,"two-contract post-signal scalp: one contract exits at first target, one runner uses selected stop mode and runner target"
1,signal_scaled_scalp:strategy=vwap_extension_fade_4pt:direction=all:first_target_points=1.5:stop_points=1.5:runner_target_points=3:runner_stop_mode=breakeven,vwap_extension_fade_4pt,all,1.5,1.5,3,breakeven,422,422,422,204,218,137,81,0,0,218,0.51658768,6300,3346,7.92890995,202,220,"two-contract post-signal scalp: one contract exits at first target, one runner uses selected stop mode and runner target"
1,signal_scaled_scalp:strategy=vwap_extension_fade_4pt:direction=all:first_target_points=1.5:stop_points=1.5:runner_target_points=3:runner_stop_mode=initial,vwap_extension_fade_4pt,all,1.5,1.5,3,initial,422,422,422,204,218,166,52,0,0,166,0.39336493,6750,3796,8.99526066,202,220,"two-contract post-signal scalp: one contract exits at first target, one runner uses selected stop mode and runner target"
1,signal_scaled_scalp:strategy=vwap_extension_fade_4pt:direction=all:first_target_points=1.5:stop_points=1.5:runner_target_points=5:runner_stop_mode=breakeven,vwap_extension_fade_4pt,all,1.5,1.5,5,breakeven,422,422,422,204,218,89,129,0,0,218,0.51658768,8000,5046,11.95734597,202,220,"two-contract post-signal scalp: one contract exits at first target, one runner uses selected stop mode and runner target"
1,signal_scaled_scalp:strategy=vwap_extension_fade_4pt:direction=all:first_target_points=1.5:stop_points=1.5:runner_target_points=5:runner_stop_mode=initial,vwap_extension_fade_4pt,all,1.5,1.5,5,initial,422,422,422,204,218,124,94,0,0,124,0.29383886,9700,6746,15.98578199,202,220,"two-contract post-signal scalp: one contract exits at first target, one runner uses selected stop mode and runner target"
1,signal_scaled_scalp:strategy=vwap_extension_fade_4pt:direction=all:first_target_points=1.5:stop_points=2:runner_target_points=2:runner_stop_mode=breakeven,vwap_extension_fade_4pt,all,1.5,2,2,breakeven,422,422,422,168,254,222,32,0,0,254,0.60189573,7650,4696,11.12796209,202,220,"two-contract post-signal scalp: one contract exits at first target, one runner uses selected stop mode and runner target"
1,signal_scaled_scalp:strategy=vwap_extension_fade_4pt:direction=all:first_target_points=1.5:stop_points=2:runner_target_points=2:runner_stop_mode=initial,vwap_extension_fade_4pt,all,1.5,2,2,initial,422,422,422,168,254,238,16,0,0,238,0.56398104,7650,4696,11.12796209,202,220,"two-contract post-signal scalp: one contract exits at first target, one runner uses selected stop mode and runner target"
1,signal_scaled_scalp:strategy=vwap_extension_fade_4pt:direction=all:first_target_points=1.5:stop_points=2:runner_target_points=3:runner_stop_mode=breakeven,vwap_extension_fade_4pt,all,1.5,2,3,breakeven,422,422,422,168,254,156,98,0,0,254,0.60189573,8850,5896,13.97156398,202,220,"two-contract post-signal scalp: one contract exits at first target, one runner uses selected stop mode and runner target"
1,signal_scaled_scalp:strategy=vwap_extension_fade_4pt:direction=all:first_target_points=1.5:stop_points=2:runner_target_points=3:runner_stop_mode=initial,vwap_extension_fade_4pt,all,1.5,2,3,initial,422,422,422,168,254,197,57,0,0,197,0.46682464,9300,6346,15.03791469,202,220,"two-contract post-signal scalp: one contract exits at first target, one runner uses selected stop mode and runner target"
1,signal_scaled_scalp:strategy=vwap_extension_fade_4pt:direction=all:first_target_points=1.5:stop_points=2:runner_target_points=5:runner_stop_mode=breakeven,vwap_extension_fade_4pt,all,1.5,2,5,breakeven,422,422,422,168,254,101,153,0,0,254,0.60189573,10700,7746,18.35545024,202,220,"two-contract post-signal scalp: one contract exits at first target, one runner uses selected stop mode and runner target"
1,signal_scaled_scalp:strategy=vwap_extension_fade_4pt:direction=all:first_target_points=1.5:stop_points=2:runner_target_points=5:runner_stop_mode=initial,vwap_extension_fade_4pt,all,1.5,2,5,initial,422,422,422,168,254,148,106,0,0,148,0.3507109,11850,8896,21.08056872,202,220,"two-contract post-signal scalp: one contract exits at first target, one runner uses selected stop mode and runner target"
1,signal_scaled_scalp:strategy=impulse_fade_3bar_1.5pt:direction=all:first_target_points=0.5:stop_points=1:runner_target_points=1.5:runner_stop_mode=breakeven,impulse_fade_3bar_1.5pt,all,0.5,1,1.5,breakeven,433,433,433,203,229,126,103,1,0,229,0.52886836,-5125,-8156,-18.83602771,216,217,"two-contract post-signal scalp: one contract exits at first target, one runner uses selected stop mode and runner target"
1,signal_scaled_scalp:strategy=impulse_fade_3bar_1.5pt:direction=all:first_target_points=0.5:stop_points=1:runner_target_points=1.5:runner_stop_mode=initial,impulse_fade_3bar_1.5pt,all,0.5,1,1.5,initial,433,433,433,203,229,174,55,1,0,174,0.40184758,-4275,-7306,-16.87297921,216,217,"two-contract post-signal scalp: one contract exits at first target, one runner uses selected stop mode and runner target"
1,signal_scaled_scalp:strategy=impulse_fade_3bar_1.5pt:direction=all:first_target_points=0.5:stop_points=1:runner_target_points=2:runner_stop_mode=breakeven,impulse_fade_3bar_1.5pt,all,0.5,1,2,breakeven,433,433,433,203,229,107,122,1,0,229,0.52886836,-3875,-6906,-15.94919169,216,217,"two-contract post-signal scalp: one contract exits at first target, one runner uses selected stop mode and runner target"
1,signal_scaled_scalp:strategy=impulse_fade_3bar_1.5pt:direction=all:first_target_points=0.5:stop_points=1:runner_target_points=2:runner_stop_mode=initial,impulse_fade_3bar_1.5pt,all,0.5,1,2,initial,433,433,433,203,229,149,80,1,0,149,0.34411085,-3675,-6706,-15.48729792,216,217,"two-contract post-signal scalp: one contract exits at first target, one runner uses selected stop mode and runner target"
1,signal_scaled_scalp:strategy=impulse_fade_3bar_1.5pt:direction=all:first_target_points=0.5:stop_points=1:runner_target_points=3:runner_stop_mode=breakeven,impulse_fade_3bar_1.5pt,all,0.5,1,3,breakeven,433,433,433,203,229,72,157,1,0,229,0.52886836,-3775,-6806,-15.7182448,216,217,"two-contract post-signal scalp: one contract exits at first target, one runner uses selected stop mode and runner target"
1,signal_scaled_scalp:strategy=impulse_fade_3bar_1.5pt:direction=all:first_target_points=0.5:stop_points=1:runner_target_points=3:runner_stop_mode=initial,impulse_fade_3bar_1.5pt,all,0.5,1,3,initial,433,433,433,203,229,111,118,1,0,111,0.25635104,-3825,-6856,-15.83371824,216,217,"two-contract post-signal scalp: one contract exits at first target, one runner uses selected stop mode and runner target"
1,signal_scaled_scalp:strategy=impulse_fade_3bar_1.5pt:direction=all:first_target_points=0.5:stop_points=1:runner_target_points=5:runner_stop_mode=breakeven,impulse_fade_3bar_1.5pt,all,0.5,1,5,breakeven,433,433,433,203,229,47,182,1,0,229,0.52886836,-2825,-5856,-13.52424942,216,217,"two-contract post-signal scalp: one contract exits at first target, one runner uses selected stop mode and runner target"
1,signal_scaled_scalp:strategy=impulse_fade_3bar_1.5pt:direction=all:first_target_points=0.5:stop_points=1:runner_target_points=5:runner_stop_mode=initial,impulse_fade_3bar_1.5pt,all,0.5,1,5,initial,433,433,433,203,229,82,147,1,0,82,0.18937644,-1425,-4456,-10.29099307,216,217,"two-contract post-signal scalp: one contract exits at first target, one runner uses selected stop mode and runner target"
1,signal_scaled_scalp:strategy=impulse_fade_3bar_1.5pt:direction=all:first_target_points=0.5:stop_points=1.5:runner_target_points=1.5:runner_stop_mode=breakeven,impulse_fade_3bar_1.5pt,all,0.5,1.5,1.5,breakeven,433,433,433,172,260,138,122,1,0,260,0.60046189,-8950,-11981,-27.66974596,216,217,"two-contract post-signal scalp: one contract exits at first target, one runner uses selected stop mode and runner target"
1,signal_scaled_scalp:strategy=impulse_fade_3bar_1.5pt:direction=all:first_target_points=0.5:stop_points=1.5:runner_target_points=1.5:runner_stop_mode=initial,impulse_fade_3bar_1.5pt,all,0.5,1.5,1.5,initial,433,433,433,172,260,199,61,1,0,199,0.4595843,-8950,-11981,-27.66974596,216,217,"two-contract post-signal scalp: one contract exits at first target, one runner uses selected stop mode and runner target"
1,signal_scaled_scalp:strategy=impulse_fade_3bar_1.5pt:direction=all:first_target_points=0.5:stop_points=1.5:runner_target_points=2:runner_stop_mode=breakeven,impulse_fade_3bar_1.5pt,all,0.5,1.5,2,breakeven,433,433,433,172,260,115,145,1,0,260,0.60046189,-7800,-10831,-25.01385681,216,217,"two-contract post-signal scalp: one contract exits at first target, one runner uses selected stop mode and runner target"
1,signal_scaled_scalp:strategy=impulse_fade_3bar_1.5pt:direction=all:first_target_points=0.5:stop_points=1.5:runner_target_points=2:runner_stop_mode=initial,impulse_fade_3bar_1.5pt,all,0.5,1.5,2,initial,433,433,433,172,260,176,84,1,0,176,0.40646651,-8000,-11031,-25.47575058,216,217,"two-contract post-signal scalp: one contract exits at first target, one runner uses selected stop mode and runner target"
1,signal_scaled_scalp:strategy=impulse_fade_3bar_1.5pt:direction=all:first_target_points=0.5:stop_points=1.5:runner_target_points=3:runner_stop_mode=breakeven,impulse_fade_3bar_1.5pt,all,0.5,1.5,3,breakeven,433,433,433,172,260,78,182,1,0,260,0.60046189,-7600,-10631,-24.55196305,216,217,"two-contract post-signal scalp: one contract exits at first target, one runner uses selected stop mode and runner target"
1,signal_scaled_scalp:strategy=impulse_fade_3bar_1.5pt:direction=all:first_target_points=0.5:stop_points=1.5:runner_target_points=3:runner_stop_mode=initial,impulse_fade_3bar_1.5pt,all,0.5,1.5,3,initial,433,433,433,172,260,138,122,1,0,138,0.3187067,-7750,-10781,-24.89838337,216,217,"two-contract post-signal scalp: one contract exits at first target, one runner uses selected stop mode and runner target"
1,signal_scaled_scalp:strategy=impulse_fade_3bar_1.5pt:direction=all:first_target_points=0.5:stop_points=1.5:runner_target_points=5:runner_stop_mode=breakeven,impulse_fade_3bar_1.5pt,all,0.5,1.5,5,breakeven,433,433,433,172,260,51,209,1,0,260,0.60046189,-6550,-9581,-22.12702079,216,217,"two-contract post-signal scalp: one contract exits at first target, one runner uses selected stop mode and runner target"
1,signal_scaled_scalp:strategy=impulse_fade_3bar_1.5pt:direction=all:first_target_points=0.5:stop_points=1.5:runner_target_points=5:runner_stop_mode=initial,impulse_fade_3bar_1.5pt,all,0.5,1.5,5,initial,433,433,433,172,260,104,156,1,0,104,0.24018476,-5000,-8031,-18.54734411,216,217,"two-contract post-signal scalp: one contract exits at first target, one runner uses selected stop mode and runner target"
1,signal_scaled_scalp:strategy=impulse_fade_3bar_1.5pt:direction=all:first_target_points=0.5:stop_points=2:runner_target_points=1.5:runner_stop_mode=breakeven,impulse_fade_3bar_1.5pt,all,0.5,2,1.5,breakeven,433,433,433,147,285,153,132,1,0,285,0.65819861,-10800,-13831,-31.94226328,216,217,"two-contract post-signal scalp: one contract exits at first target, one runner uses selected stop mode and runner target"
1,signal_scaled_scalp:strategy=impulse_fade_3bar_1.5pt:direction=all:first_target_points=0.5:stop_points=2:runner_target_points=1.5:runner_stop_mode=initial,impulse_fade_3bar_1.5pt,all,0.5,2,1.5,initial,433,433,433,147,285,231,54,1,0,231,0.5334873,-10350,-13381,-30.90300231,216,217,"two-contract post-signal scalp: one contract exits at first target, one runner uses selected stop mode and runner target"
1,signal_scaled_scalp:strategy=impulse_fade_3bar_1.5pt:direction=all:first_target_points=0.5:stop_points=2:runner_target_points=2:runner_stop_mode=breakeven,impulse_fade_3bar_1.5pt,all,0.5,2,2,breakeven,433,433,433,147,285,129,156,1,0,285,0.65819861,-9375,-12406,-28.65127021,216,217,"two-contract post-signal scalp: one contract exits at first target, one runner uses selected stop mode and runner target"
1,signal_scaled_scalp:strategy=impulse_fade_3bar_1.5pt:direction=all:first_target_points=0.5:stop_points=2:runner_target_points=2:runner_stop_mode=initial,impulse_fade_3bar_1.5pt,all,0.5,2,2,initial,433,433,433,147,285,206,79,1,0,206,0.47575058,-9575,-12606,-29.11316397,216,217,"two-contract post-signal scalp: one contract exits at first target, one runner uses selected stop mode and runner target"
1,signal_scaled_scalp:strategy=impulse_fade_3bar_1.5pt:direction=all:first_target_points=0.5:stop_points=2:runner_target_points=3:runner_stop_mode=breakeven,impulse_fade_3bar_1.5pt,all,0.5,2,3,breakeven,433,433,433,147,285,89,196,1,0,285,0.65819861,-8925,-11956,-27.61200924,216,217,"two-contract post-signal scalp: one contract exits at first target, one runner uses selected stop mode and runner target"
1,signal_scaled_scalp:strategy=impulse_fade_3bar_1.5pt:direction=all:first_target_points=0.5:stop_points=2:runner_target_points=3:runner_stop_mode=initial,impulse_fade_3bar_1.5pt,all,0.5,2,3,initial,433,433,433,147,285,166,119,1,0,166,0.38337182,-9275,-12306,-28.42032333,216,217,"two-contract post-signal scalp: one contract exits at first target, one runner uses selected stop mode and runner target"
1,signal_scaled_scalp:strategy=impulse_fade_3bar_1.5pt:direction=all:first_target_points=0.5:stop_points=2:runner_target_points=5:runner_stop_mode=breakeven,impulse_fade_3bar_1.5pt,all,0.5,2,5,breakeven,433,433,433,147,285,61,224,1,0,285,0.65819861,-7025,-10056,-23.22401848,216,217,"two-contract post-signal scalp: one contract exits at first target, one runner uses selected stop mode and runner target"
1,signal_scaled_scalp:strategy=impulse_fade_3bar_1.5pt:direction=all:first_target_points=0.5:stop_points=2:runner_target_points=5:runner_stop_mode=initial,impulse_fade_3bar_1.5pt,all,0.5,2,5,initial,433,433,433,147,285,129,156,1,0,129,0.29792148,-5625,-8656,-19.99076212,216,217,"two-contract post-signal scalp: one contract exits at first target, one runner uses selected stop mode and runner target"
1,signal_scaled_scalp:strategy=impulse_fade_3bar_1.5pt:direction=all:first_target_points=1:stop_points=1:runner_target_points=1.5:runner_stop_mode=breakeven,impulse_fade_3bar_1.5pt,all,1,1,1.5,breakeven,433,433,433,233,199,158,41,1,0,199,0.4595843,-1500,-4531,-10.46420323,216,217,"two-contract post-signal scalp: one contract exits at first target, one runner uses selected stop mode and runner target"
1,signal_scaled_scalp:strategy=impulse_fade_3bar_1.5pt:direction=all:first_target_points=1:stop_points=1:runner_target_points=1.5:runner_stop_mode=initial,impulse_fade_3bar_1.5pt,all,1,1,1.5,initial,433,433,433,233,199,174,25,1,0,174,0.40184758,-1550,-4581,-10.57967667,216,217,"two-contract post-signal scalp: one contract exits at first target, one runner uses selected stop mode and runner target"
1,signal_scaled_scalp:strategy=impulse_fade_3bar_1.5pt:direction=all:first_target_points=1:stop_points=1:runner_target_points=2:runner_stop_mode=breakeven,impulse_fade_3bar_1.5pt,all,1,1,2,breakeven,433,433,433,233,199,132,67,1,0,199,0.4595843,-150,-3181,-7.34642032,216,217,"two-contract post-signal scalp: one contract exits at first target, one runner uses selected stop mode and runner target"
1,signal_scaled_scalp:strategy=impulse_fade_3bar_1.5pt:direction=all:first_target_points=1:stop_points=1:runner_target_points=2:runner_stop_mode=initial,impulse_fade_3bar_1.5pt,all,1,1,2,initial,433,433,433,233,199,149,50,1,0,149,0.34411085,-950,-3981,-9.19399538,216,217,"two-contract post-signal scalp: one contract exits at first target, one runner uses selected stop mode and runner target"
1,signal_scaled_scalp:strategy=impulse_fade_3bar_1.5pt:direction=all:first_target_points=1:stop_points=1:runner_target_points=3:runner_stop_mode=breakeven,impulse_fade_3bar_1.5pt,all,1,1,3,breakeven,433,433,433,233,199,90,109,1,0,199,0.4595843,150,-2881,-6.65357968,216,217,"two-contract post-signal scalp: one contract exits at first target, one runner uses selected stop mode and runner target"
1,signal_scaled_scalp:strategy=impulse_fade_3bar_1.5pt:direction=all:first_target_points=1:stop_points=1:runner_target_points=3:runner_stop_mode=initial,impulse_fade_3bar_1.5pt,all,1,1,3,initial,433,433,433,233,199,111,88,1,0,111,0.25635104,-1100,-4131,-9.5404157,216,217,"two-contract post-signal scalp: one contract exits at first target, one runner uses selected stop mode and runner target"
1,signal_scaled_scalp:strategy=impulse_fade_3bar_1.5pt:direction=all:first_target_points=1:stop_points=1:runner_target_points=5:runner_stop_mode=breakeven,impulse_fade_3bar_1.5pt,all,1,1,5,breakeven,433,433,433,233,199,62,137,1,0,199,0.4595843,2150,-881,-2.03464203,216,217,"two-contract post-signal scalp: one contract exits at first target, one runner uses selected stop mode and runner target"
1,signal_scaled_scalp:strategy=impulse_fade_3bar_1.5pt:direction=all:first_target_points=1:stop_points=1:runner_target_points=5:runner_stop_mode=initial,impulse_fade_3bar_1.5pt,all,1,1,5,initial,433,433,433,233,199,82,117,1,0,82,0.18937644,1300,-1731,-3.99769053,216,217,"two-contract post-signal scalp: one contract exits at first target, one runner uses selected stop mode and runner target"
1,signal_scaled_scalp:strategy=impulse_fade_3bar_1.5pt:direction=all:first_target_points=1:stop_points=1.5:runner_target_points=1.5:runner_stop_mode=breakeven,impulse_fade_3bar_1.5pt,all,1,1.5,1.5,breakeven,433,433,433,210,222,174,48,1,0,222,0.51270208,-7350,-10381,-23.97459584,216,217,"two-contract post-signal scalp: one contract exits at first target, one runner uses selected stop mode and runner target"
1,signal_scaled_scalp:strategy=impulse_fade_3bar_1.5pt:direction=all:first_target_points=1:stop_points=1.5:runner_target_points=1.5:runner_stop_mode=initial,impulse_fade_3bar_1.5pt,all,1,1.5,1.5,initial,433,433,433,210,222,199,23,1,0,199,0.4595843,-7200,-10231,-23.62817552,216,217,"two-contract post-signal scalp: one contract exits at first target, one runner uses selected stop mode and runner target"
1,signal_scaled_scalp:strategy=impulse_fade_3bar_1.5pt:direction=all:first_target_points=1:stop_points=1.5:runner_target_points=2:runner_stop_mode=breakeven,impulse_fade_3bar_1.5pt,all,1,1.5,2,breakeven,433,433,433,210,222,143,79,1,0,222,0.51270208,-6100,-9131,-21.08775982,216,217,"two-contract post-signal scalp: one contract exits at first target, one runner uses selected stop mode and runner target"
1,signal_scaled_scalp:strategy=impulse_fade_3bar_1.5pt:direction=all:first_target_points=1:stop_points=1.5:runner_target_points=2:runner_stop_mode=initial,impulse_fade_3bar_1.5pt,all,1,1.5,2,initial,433,433,433,210,222,176,46,1,0,176,0.40646651,-6250,-9281,-21.43418014,216,217,"two-contract post-signal scalp: one contract exits at first target, one runner uses selected stop mode and runner target"
1,signal_scaled_scalp:strategy=impulse_fade_3bar_1.5pt:direction=all:first_target_points=1:stop_points=1.5:runner_target_points=3:runner_stop_mode=breakeven,impulse_fade_3bar_1.5pt,all,1,1.5,3,breakeven,433,433,433,210,222,99,123,1,0,222,0.51270208,-5550,-8581,-19.81755196,216,217,"two-contract post-signal scalp: one contract exits at first target, one runner uses selected stop mode and runner target"
1,signal_scaled_scalp:strategy=impulse_fade_3bar_1.5pt:direction=all:first_target_points=1:stop_points=1.5:runner_target_points=3:runner_stop_mode=initial,impulse_fade_3bar_1.5pt,all,1,1.5,3,initial,433,433,433,210,222,138,84,1,0,138,0.3187067,-6000,-9031,-20.85681293,216,217,"two-contract post-signal scalp: one contract exits at first target, one runner uses selected stop mode and runner target"
1,signal_scaled_scalp:strategy=impulse_fade_3bar_1.5pt:direction=all:first_target_points=1:stop_points=1.5:runner_target_points=5:runner_stop_mode=breakeven,impulse_fade_3bar_1.5pt,all,1,1.5,5,breakeven,433,433,433,210,222,68,154,1,0,222,0.51270208,-3400,-6431,-14.852194,216,217,"two-contract post-signal scalp: one contract exits at first target, one runner uses selected stop mode and runner target"
1,signal_scaled_scalp:strategy=impulse_fade_3bar_1.5pt:direction=all:first_target_points=1:stop_points=1.5:runner_target_points=5:runner_stop_mode=initial,impulse_fade_3bar_1.5pt,all,1,1.5,5,initial,433,433,433,210,222,104,118,1,0,104,0.24018476,-3250,-6281,-14.50577367,216,217,"two-contract post-signal scalp: one contract exits at first target, one runner uses selected stop mode and runner target"
1,signal_scaled_scalp:strategy=impulse_fade_3bar_1.5pt:direction=all:first_target_points=1:stop_points=2:runner_target_points=1.5:runner_stop_mode=breakeven,impulse_fade_3bar_1.5pt,all,1,2,1.5,breakeven,433,433,433,179,253,201,52,1,0,253,0.58429561,-8075,-11106,-25.64896074,216,217,"two-contract post-signal scalp: one contract exits at first target, one runner uses selected stop mode and runner target"
1,signal_scaled_scalp:strategy=impulse_fade_3bar_1.5pt:direction=all:first_target_points=1:stop_points=2:runner_target_points=1.5:runner_stop_mode=initial,impulse_fade_3bar_1.5pt,all,1,2,1.5,initial,433,433,433,179,253,231,22,1,0,231,0.5334873,-8025,-11056,-25.5334873,216,217,"two-contract post-signal scalp: one contract exits at first target, one runner uses selected stop mode and runner target"
1,signal_scaled_scalp:strategy=impulse_fade_3bar_1.5pt:direction=all:first_target_points=1:stop_points=2:runner_target_points=2:runner_stop_mode=breakeven,impulse_fade_3bar_1.5pt,all,1,2,2,breakeven,433,433,433,179,253,166,87,1,0,253,0.58429561,-6550,-9581,-22.12702079,216,217,"two-contract post-signal scalp: one contract exits at first target, one runner uses selected stop mode and runner target"
1,signal_scaled_scalp:strategy=impulse_fade_3bar_1.5pt:direction=all:first_target_points=1:stop_points=2:runner_target_points=2:runner_stop_mode=initial,impulse_fade_3bar_1.5pt,all,1,2,2,initial,433,433,433,179,253,206,47,1,0,206,0.47575058,-7250,-10281,-23.74364896,216,217,"two-contract post-signal scalp: one contract exits at first target, one runner uses selected stop mode and runner target"
1,signal_scaled_scalp:strategy=impulse_fade_3bar_1.5pt:direction=all:first_target_points=1:stop_points=2:runner_target_points=3:runner_stop_mode=breakeven,impulse_fade_3bar_1.5pt,all,1,2,3,breakeven,433,433,433,179,253,116,137,1,0,253,0.58429561,-5750,-8781,-20.27944573,216,217,"two-contract post-signal scalp: one contract exits at first target, one runner uses selected stop mode and runner target"
1,signal_scaled_scalp:strategy=impulse_fade_3bar_1.5pt:direction=all:first_target_points=1:stop_points=2:runner_target_points=3:runner_stop_mode=initial,impulse_fade_3bar_1.5pt,all,1,2,3,initial,433,433,433,179,253,166,87,1,0,166,0.38337182,-6950,-9981,-23.05080831,216,217,"two-contract post-signal scalp: one contract exits at first target, one runner uses selected stop mode and runner target"
1,signal_scaled_scalp:strategy=impulse_fade_3bar_1.5pt:direction=all:first_target_points=1:stop_points=2:runner_target_points=5:runner_stop_mode=breakeven,impulse_fade_3bar_1.5pt,all,1,2,5,breakeven,433,433,433,179,253,82,171,1,0,253,0.58429561,-2650,-5681,-13.12009238,216,217,"two-contract post-signal scalp: one contract exits at first target, one runner uses selected stop mode and runner target"
1,signal_scaled_scalp:strategy=impulse_fade_3bar_1.5pt:direction=all:first_target_points=1:stop_points=2:runner_target_points=5:runner_stop_mode=initial,impulse_fade_3bar_1.5pt,all,1,2,5,initial,433,433,433,179,253,129,124,1,0,129,0.29792148,-3300,-6331,-14.62124711,216,217,"two-contract post-signal scalp: one contract exits at first target, one runner uses selected stop mode and runner target"
1,signal_scaled_scalp:strategy=impulse_fade_3bar_1.5pt:direction=all:first_target_points=1.5:stop_points=1:runner_target_points=2:runner_stop_mode=breakeven,impulse_fade_3bar_1.5pt,all,1.5,1,2,breakeven,433,433,433,258,174,144,30,1,0,174,0.40184758,1650,-1381,-3.18937644,216,217,"two-contract post-signal scalp: one contract exits at first target, one runner uses selected stop mode and runner target"
1,signal_scaled_scalp:strategy=impulse_fade_3bar_1.5pt:direction=all:first_target_points=1.5:stop_points=1:runner_target_points=2:runner_stop_mode=initial,impulse_fade_3bar_1.5pt,all,1.5,1,2,initial,433,433,433,258,174,149,25,1,0,174,0.40184758,900,-2131,-4.92147806,216,217,"two-contract post-signal scalp: one contract exits at first target, one runner uses selected stop mode and runner target"
1,signal_scaled_scalp:strategy=impulse_fade_3bar_1.5pt:direction=all:first_target_points=1.5:stop_points=1:runner_target_points=3:runner_stop_mode=breakeven,impulse_fade_3bar_1.5pt,all,1.5,1,3,breakeven,433,433,433,258,174,98,76,1,0,174,0.40184758,1950,-1081,-2.4965358,216,217,"two-contract post-signal scalp: one contract exits at first target, one runner uses selected stop mode and runner target"
1,signal_scaled_scalp:strategy=impulse_fade_3bar_1.5pt:direction=all:first_target_points=1.5:stop_points=1:runner_target_points=3:runner_stop_mode=initial,impulse_fade_3bar_1.5pt,all,1.5,1,3,initial,433,433,433,258,174,111,63,1,0,174,0.40184758,750,-2281,-5.26789838,216,217,"two-contract post-signal scalp: one contract exits at first target, one runner uses selected stop mode and runner target"
1,signal_scaled_scalp:strategy=impulse_fade_3bar_1.5pt:direction=all:first_target_points=1.5:stop_points=1:runner_target_points=5:runner_stop_mode=breakeven,impulse_fade_3bar_1.5pt,all,1.5,1,5,breakeven,433,433,433,258,174,68,106,1,0,174,0.40184758,4250,1219,2.81524249,216,217,"two-contract post-signal scalp: one contract exits at first target, one runner uses selected stop mode and runner target"
1,signal_scaled_scalp:strategy=impulse_fade_3bar_1.5pt:direction=all:first_target_points=1.5:stop_points=1:runner_target_points=5:runner_stop_mode=initial,impulse_fade_3bar_1.5pt,all,1.5,1,5,initial,433,433,433,258,174,82,92,1,0,174,0.40184758,3150,119,0.27482679,216,217,"two-contract post-signal scalp: one contract exits at first target, one runner uses selected stop mode and runner target"
1,signal_scaled_scalp:strategy=impulse_fade_3bar_1.5pt:direction=all:first_target_points=1.5:stop_points=1.5:runner_target_points=2:runner_stop_mode=breakeven,impulse_fade_3bar_1.5pt,all,1.5,1.5,2,breakeven,433,433,433,233,199,163,36,1,0,199,0.4595843,-3725,-6756,-15.60277136,216,217,"two-contract post-signal scalp: one contract exits at first target, one runner uses selected stop mode and runner target"
1,signal_scaled_scalp:strategy=impulse_fade_3bar_1.5pt:direction=all:first_target_points=1.5:stop_points=1.5:runner_target_points=2:runner_stop_mode=initial,impulse_fade_3bar_1.5pt,all,1.5,1.5,2,initial,433,433,433,233,199,176,23,1,0,176,0.40646651,-4150,-7181,-16.58429561,216,217,"two-contract post-signal scalp: one contract exits at first target, one runner uses selected stop mode and runner target"
1,signal_scaled_scalp:strategy=impulse_fade_3bar_1.5pt:direction=all:first_target_points=1.5:stop_points=1.5:runner_target_points=3:runner_stop_mode=breakeven,impulse_fade_3bar_1.5pt,all,1.5,1.5,3,breakeven,433,433,433,233,199,112,87,1,0,199,0.4595843,-3225,-6256,-14.44803695,216,217,"two-contract post-signal scalp: one contract exits at first target, one runner uses selected stop mode and runner target"
1,signal_scaled_scalp:strategy=impulse_fade_3bar_1.5pt:direction=all:first_target_points=1.5:stop_points=1.5:runner_target_points=3:runner_stop_mode=initial,impulse_fade_3bar_1.5pt,all,1.5,1.5,3,initial,433,433,433,233,199,138,61,1,0,138,0.3187067,-3900,-6931,-16.00692841,216,217,"two-contract post-signal scalp: one contract exits at first target, one runner uses selected stop mode and runner target"
1,signal_scaled_scalp:strategy=impulse_fade_3bar_1.5pt:direction=all:first_target_points=1.5:stop_points=1.5:runner_target_points=5:runner_stop_mode=breakeven,impulse_fade_3bar_1.5pt,all,1.5,1.5,5,breakeven,433,433,433,233,199,78,121,1,0,199,0.4595843,-525,-3556,-8.21247113,216,217,"two-contract post-signal scalp: one contract exits at first target, one runner uses selected stop mode and runner target"
1,signal_scaled_scalp:strategy=impulse_fade_3bar_1.5pt:direction=all:first_target_points=1.5:stop_points=1.5:runner_target_points=5:runner_stop_mode=initial,impulse_fade_3bar_1.5pt,all,1.5,1.5,5,initial,433,433,433,233,199,104,95,1,0,104,0.24018476,-1150,-4181,-9.65588915,216,217,"two-contract post-signal scalp: one contract exits at first target, one runner uses selected stop mode and runner target"
1,signal_scaled_scalp:strategy=impulse_fade_3bar_1.5pt:direction=all:first_target_points=1.5:stop_points=2:runner_target_points=2:runner_stop_mode=breakeven,impulse_fade_3bar_1.5pt,all,1.5,2,2,breakeven,433,433,433,201,231,189,42,1,0,231,0.5334873,-3975,-7006,-16.18013857,216,217,"two-contract post-signal scalp: one contract exits at first target, one runner uses selected stop mode and runner target"
1,signal_scaled_scalp:strategy=impulse_fade_3bar_1.5pt:direction=all:first_target_points=1.5:stop_points=2:runner_target_points=2:runner_stop_mode=initial,impulse_fade_3bar_1.5pt,all,1.5,2,2,initial,433,433,433,201,231,206,25,1,0,206,0.47575058,-4775,-7806,-18.02771363,216,217,"two-contract post-signal scalp: one contract exits at first target, one runner uses selected stop mode and runner target"
1,signal_scaled_scalp:strategy=impulse_fade_3bar_1.5pt:direction=all:first_target_points=1.5:stop_points=2:runner_target_points=3:runner_stop_mode=breakeven,impulse_fade_3bar_1.5pt,all,1.5,2,3,breakeven,433,433,433,201,231,131,100,1,0,231,0.5334873,-3225,-6256,-14.44803695,216,217,"two-contract post-signal scalp: one contract exits at first target, one runner uses selected stop mode and runner target"
1,signal_scaled_scalp:strategy=impulse_fade_3bar_1.5pt:direction=all:first_target_points=1.5:stop_points=2:runner_target_points=3:runner_stop_mode=initial,impulse_fade_3bar_1.5pt,all,1.5,2,3,initial,433,433,433,201,231,166,65,1,0,166,0.38337182,-4475,-7506,-17.33487298,216,217,"two-contract post-signal scalp: one contract exits at first target, one runner uses selected stop mode and runner target"
1,signal_scaled_scalp:strategy=impulse_fade_3bar_1.5pt:direction=all:first_target_points=1.5:stop_points=2:runner_target_points=5:runner_stop_mode=breakeven,impulse_fade_3bar_1.5pt,all,1.5,2,5,breakeven,433,433,433,201,231,94,137,1,0,231,0.5334873,625,-2406,-5.55658199,216,217,"two-contract post-signal scalp: one contract exits at first target, one runner uses selected stop mode and runner target"
1,signal_scaled_scalp:strategy=impulse_fade_3bar_1.5pt:direction=all:first_target_points=1.5:stop_points=2:runner_target_points=5:runner_stop_mode=initial,impulse_fade_3bar_1.5pt,all,1.5,2,5,initial,433,433,433,201,231,129,102,1,0,129,0.29792148,-825,-3856,-8.90531178,216,217,"two-contract post-signal scalp: one contract exits at first target, one runner uses selected stop mode and runner target"
1,signal_scaled_scalp:strategy=impulse_continue_3bar_1.5pt:direction=all:first_target_points=0.5:stop_points=1:runner_target_points=1.5:runner_stop_mode=breakeven,impulse_continue_3bar_1.5pt,all,0.5,1,1.5,breakeven,433,433,433,151,281,135,146,1,0,281,0.64896074,2050,-981,-2.26558891,217,216,"two-contract post-signal scalp: one contract exits at first target, one runner uses selected stop mode and runner target"
1,signal_scaled_scalp:strategy=impulse_continue_3bar_1.5pt:direction=all:first_target_points=0.5:stop_points=1:runner_target_points=1.5:runner_stop_mode=initial,impulse_continue_3bar_1.5pt,all,0.5,1,1.5,initial,433,433,433,151,281,210,71,1,0,210,0.48498845,4125,1094,2.52655889,217,216,"two-contract post-signal scalp: one contract exits at first target, one runner uses selected stop mode and runner target"
1,signal_scaled_scalp:strategy=impulse_continue_3bar_1.5pt:direction=all:first_target_points=0.5:stop_points=1:runner_target_points=2:runner_stop_mode=breakeven,impulse_continue_3bar_1.5pt,all,0.5,1,2,breakeven,433,433,433,151,281,112,169,1,0,281,0.64896074,3125,94,0.21709007,217,216,"two-contract post-signal scalp: one contract exits at first target, one runner uses selected stop mode and runner target"
1,signal_scaled_scalp:strategy=impulse_continue_3bar_1.5pt:direction=all:first_target_points=0.5:stop_points=1:runner_target_points=2:runner_stop_mode=initial,impulse_continue_3bar_1.5pt,all,0.5,1,2,initial,433,433,433,151,281,179,102,1,0,179,0.41339492,4725,1694,3.91224018,217,216,"two-contract post-signal scalp: one contract exits at first target, one runner uses selected stop mode and runner target"
1,signal_scaled_scalp:strategy=impulse_continue_3bar_1.5pt:direction=all:first_target_points=0.5:stop_points=1:runner_target_points=3:runner_stop_mode=breakeven,impulse_continue_3bar_1.5pt,all,0.5,1,3,breakeven,433,433,433,151,281,88,193,1,0,281,0.64896074,5125,2094,4.83602771,217,216,"two-contract post-signal scalp: one contract exits at first target, one runner uses selected stop mode and runner target"
1,signal_scaled_scalp:strategy=impulse_continue_3bar_1.5pt:direction=all:first_target_points=0.5:stop_points=1:runner_target_points=3:runner_stop_mode=initial,impulse_continue_3bar_1.5pt,all,0.5,1,3,initial,433,433,433,151,281,143,138,1,0,143,0.33025404,6475,3444,7.95381062,217,216,"two-contract post-signal scalp: one contract exits at first target, one runner uses selected stop mode and runner target"
1,signal_scaled_scalp:strategy=impulse_continue_3bar_1.5pt:direction=all:first_target_points=0.5:stop_points=1:runner_target_points=5:runner_stop_mode=breakeven,impulse_continue_3bar_1.5pt,all,0.5,1,5,breakeven,433,433,433,151,281,65,216,1,0,281,0.64896074,8175,5144,11.87990762,217,216,"two-contract post-signal scalp: one contract exits at first target, one runner uses selected stop mode and runner target"
1,signal_scaled_scalp:strategy=impulse_continue_3bar_1.5pt:direction=all:first_target_points=0.5:stop_points=1:runner_target_points=5:runner_stop_mode=initial,impulse_continue_3bar_1.5pt,all,0.5,1,5,initial,433,433,433,151,281,105,175,2,0,106,0.2448037,9625,6594,15.22863741,217,216,"two-contract post-signal scalp: one contract exits at first target, one runner uses selected stop mode and runner target"
1,signal_scaled_scalp:strategy=impulse_continue_3bar_1.5pt:direction=all:first_target_points=0.5:stop_points=1.5:runner_target_points=1.5:runner_stop_mode=breakeven,impulse_continue_3bar_1.5pt,all,0.5,1.5,1.5,breakeven,433,433,433,132,300,143,157,1,0,300,0.69284065,-1575,-4606,-10.63741339,217,216,"two-contract post-signal scalp: one contract exits at first target, one runner uses selected stop mode and runner target"
1,signal_scaled_scalp:strategy=impulse_continue_3bar_1.5pt:direction=all:first_target_points=0.5:stop_points=1.5:runner_target_points=1.5:runner_stop_mode=initial,impulse_continue_3bar_1.5pt,all,0.5,1.5,1.5,initial,433,433,433,132,300,233,67,1,0,233,0.53810624,150,-2881,-6.65357968,217,216,"two-contract post-signal scalp: one contract exits at first target, one runner uses selected stop mode and runner target"
1,signal_scaled_scalp:strategy=impulse_continue_3bar_1.5pt:direction=all:first_target_points=0.5:stop_points=1.5:runner_target_points=2:runner_stop_mode=breakeven,impulse_continue_3bar_1.5pt,all,0.5,1.5,2,breakeven,433,433,433,132,300,120,180,1,0,300,0.69284065,-300,-3331,-7.69284065,217,216,"two-contract post-signal scalp: one contract exits at first target, one runner uses selected stop mode and runner target"
1,signal_scaled_scalp:strategy=impulse_continue_3bar_1.5pt:direction=all:first_target_points=0.5:stop_points=1.5:runner_target_points=2:runner_stop_mode=initial,impulse_continue_3bar_1.5pt,all,0.5,1.5,2,initial,433,433,433,132,300,201,99,1,0,201,0.46420323,375,-2656,-6.13394919,217,216,"two-contract post-signal scalp: one contract exits at first target, one runner uses selected stop mode and runner target"
1,signal_scaled_scalp:strategy=impulse_continue_3bar_1.5pt:direction=all:first_target_points=0.5:stop_points=1.5:runner_target_points=3:runner_stop_mode=breakeven,impulse_continue_3bar_1.5pt,all,0.5,1.5,3,breakeven,433,433,433,132,300,95,205,1,0,300,0.69284065,1950,-1081,-2.4965358,217,216,"two-contract post-signal scalp: one contract exits at first target, one runner uses selected stop mode and runner target"
1,signal_scaled_scalp:strategy=impulse_continue_3bar_1.5pt:direction=all:first_target_points=0.5:stop_points=1.5:runner_target_points=3:runner_stop_mode=initial,impulse_continue_3bar_1.5pt,all,0.5,1.5,3,initial,433,433,433,132,300,167,133,1,0,167,0.38568129,2775,-256,-0.59122402,217,216,"two-contract post-signal scalp: one contract exits at first target, one runner uses selected stop mode and runner target"
1,signal_scaled_scalp:strategy=impulse_continue_3bar_1.5pt:direction=all:first_target_points=0.5:stop_points=1.5:runner_target_points=5:runner_stop_mode=breakeven,impulse_continue_3bar_1.5pt,all,0.5,1.5,5,breakeven,433,433,433,132,300,71,229,1,0,300,0.69284065,5450,2419,5.58660508,217,216,"two-contract post-signal scalp: one contract exits at first target, one runner uses selected stop mode and runner target"
1,signal_scaled_scalp:strategy=impulse_continue_3bar_1.5pt:direction=all:first_target_points=0.5:stop_points=1.5:runner_target_points=5:runner_stop_mode=initial,impulse_continue_3bar_1.5pt,all,0.5,1.5,5,initial,433,433,433,132,300,125,174,2,0,126,0.29099307,6100,3069,7.08775982,217,216,"two-contract post-signal scalp: one contract exits at first target, one runner uses selected stop mode and runner target"
1,signal_scaled_scalp:strategy=impulse_continue_3bar_1.5pt:direction=all:first_target_points=0.5:stop_points=2:runner_target_points=1.5:runner_stop_mode=breakeven,impulse_continue_3bar_1.5pt,all,0.5,2,1.5,breakeven,433,433,433,113,319,152,167,1,0,319,0.73672055,-3225,-6256,-14.44803695,217,216,"two-contract post-signal scalp: one contract exits at first target, one runner uses selected stop mode and runner target"
1,signal_scaled_scalp:strategy=impulse_continue_3bar_1.5pt:direction=all:first_target_points=0.5:stop_points=2:runner_target_points=1.5:runner_stop_mode=initial,impulse_continue_3bar_1.5pt,all,0.5,2,1.5,initial,433,433,433,113,319,256,63,1,0,256,0.59122402,-1725,-4756,-10.98383372,217,216,"two-contract post-signal scalp: one contract exits at first target, one runner uses selected stop mode and runner target"
1,signal_scaled_scalp:strategy=impulse_continue_3bar_1.5pt:direction=all:first_target_points=0.5:stop_points=2:runner_target_points=2:runner_stop_mode=breakeven,impulse_continue_3bar_1.5pt,all,0.5,2,2,breakeven,433,433,433,113,319,128,191,1,0,319,0.73672055,-1825,-4856,-11.2147806,217,216,"two-contract post-signal scalp: one contract exits at first target, one runner uses selected stop mode and runner target"
1,signal_scaled_scalp:strategy=impulse_continue_3bar_1.5pt:direction=all:first_target_points=0.5:stop_points=2:runner_target_points=2:runner_stop_mode=initial,impulse_continue_3bar_1.5pt,all,0.5,2,2,initial,433,433,433,113,319,226,93,1,0,226,0.52193995,-1325,-4356,-10.06004619,217,216,"two-contract post-signal scalp: one contract exits at first target, one runner uses selected stop mode and runner target"
1,signal_scaled_scalp:strategy=impulse_continue_3bar_1.5pt:direction=all:first_target_points=0.5:stop_points=2:runner_target_points=3:runner_stop_mode=breakeven,impulse_continue_3bar_1.5pt,all,0.5,2,3,breakeven,433,433,433,113,319,103,216,1,0,319,0.73672055,825,-2206,-5.09468822,217,216,"two-contract post-signal scalp: one contract exits at first target, one runner uses selected stop mode and runner target"
1,signal_scaled_scalp:strategy=impulse_continue_3bar_1.5pt:direction=all:first_target_points=0.5:stop_points=2:runner_target_points=3:runner_stop_mode=initial,impulse_continue_3bar_1.5pt,all,0.5,2,3,initial,433,433,433,113,319,192,127,1,0,192,0.44341801,1475,-1556,-3.59353349,217,216,"two-contract post-signal scalp: one contract exits at first target, one runner uses selected stop mode and runner target"
1,signal_scaled_scalp:strategy=impulse_continue_3bar_1.5pt:direction=all:first_target_points=0.5:stop_points=2:runner_target_points=5:runner_stop_mode=breakeven,impulse_continue_3bar_1.5pt,all,0.5,2,5,breakeven,433,433,433,113,319,75,244,1,0,319,0.73672055,4125,1094,2.52655889,217,216,"two-contract post-signal scalp: one contract exits at first target, one runner uses selected stop mode and runner target"
1,signal_scaled_scalp:strategy=impulse_continue_3bar_1.5pt:direction=all:first_target_points=0.5:stop_points=2:runner_target_points=5:runner_stop_mode=initial,impulse_continue_3bar_1.5pt,all,0.5,2,5,initial,433,433,433,113,319,143,175,2,0,144,0.33256351,3825,794,1.83371824,217,216,"two-contract post-signal scalp: one contract exits at first target, one runner uses selected stop mode and runner target"
1,signal_scaled_scalp:strategy=impulse_continue_3bar_1.5pt:direction=all:first_target_points=1:stop_points=1:runner_target_points=1.5:runner_stop_mode=breakeven,impulse_continue_3bar_1.5pt,all,1,1,1.5,breakeven,433,433,433,199,233,164,69,1,0,233,0.53810624,4050,1019,2.35334873,217,216,"two-contract post-signal scalp: one contract exits at first target, one runner uses selected stop mode and runner target"
1,signal_scaled_scalp:strategy=impulse_continue_3bar_1.5pt:direction=all:first_target_points=1:stop_points=1:runner_target_points=1.5:runner_stop_mode=initial,impulse_continue_3bar_1.5pt,all,1,1,1.5,initial,433,433,433,199,233,210,23,1,0,210,0.48498845,6350,3319,7.66512702,217,216,"two-contract post-signal scalp: one contract exits at first target, one runner uses selected stop mode and runner target"
1,signal_scaled_scalp:strategy=impulse_continue_3bar_1.5pt:direction=all:first_target_points=1:stop_points=1:runner_target_points=2:runner_stop_mode=breakeven,impulse_continue_3bar_1.5pt,all,1,1,2,breakeven,433,433,433,199,233,133,100,1,0,233,0.53810624,5050,2019,4.66281755,217,216,"two-contract post-signal scalp: one contract exits at first target, one runner uses selected stop mode and runner target"
1,signal_scaled_scalp:strategy=impulse_continue_3bar_1.5pt:direction=all:first_target_points=1:stop_points=1:runner_target_points=2:runner_stop_mode=initial,impulse_continue_3bar_1.5pt,all,1,1,2,initial,433,433,433,199,233,179,54,1,0,179,0.41339492,6950,3919,9.05080831,217,216,"two-contract post-signal scalp: one contract exits at first target, one runner uses selected stop mode and runner target"
1,signal_scaled_scalp:strategy=impulse_continue_3bar_1.5pt:direction=all:first_target_points=1:stop_points=1:runner_target_points=3:runner_stop_mode=breakeven,impulse_continue_3bar_1.5pt,all,1,1,3,breakeven,433,433,433,199,233,99,134,1,0,233,0.53810624,6600,3569,8.24249423,217,216,"two-contract post-signal scalp: one contract exits at first target, one runner uses selected stop mode and runner target"
1,signal_scaled_scalp:strategy=impulse_continue_3bar_1.5pt:direction=all:first_target_points=1:stop_points=1:runner_target_points=3:runner_stop_mode=initial,impulse_continue_3bar_1.5pt,all,1,1,3,initial,433,433,433,199,233,143,90,1,0,143,0.33025404,8700,5669,13.09237875,217,216,"two-contract post-signal scalp: one contract exits at first target, one runner uses selected stop mode and runner target"
1,signal_scaled_scalp:strategy=impulse_continue_3bar_1.5pt:direction=all:first_target_points=1:stop_points=1:runner_target_points=5:runner_stop_mode=breakeven,impulse_continue_3bar_1.5pt,all,1,1,5,breakeven,433,433,433,199,233,71,162,1,0,233,0.53810624,9500,6469,14.93995381,217,216,"two-contract post-signal scalp: one contract exits at first target, one runner uses selected stop mode and runner target"
1,signal_scaled_scalp:strategy=impulse_continue_3bar_1.5pt:direction=all:first_target_points=1:stop_points=1:runner_target_points=5:runner_stop_mode=initial,impulse_continue_3bar_1.5pt,all,1,1,5,initial,433,433,433,199,233,105,127,2,0,106,0.2448037,11850,8819,20.36720554,217,216,"two-contract post-signal scalp: one contract exits at first target, one runner uses selected stop mode and runner target"
1,signal_scaled_scalp:strategy=impulse_continue_3bar_1.5pt:direction=all:first_target_points=1:stop_points=1.5:runner_target_points=1.5:runner_stop_mode=breakeven,impulse_continue_3bar_1.5pt,all,1,1.5,1.5,breakeven,433,433,433,174,258,176,82,1,0,258,0.59584296,0,-3031,-7,217,216,"two-contract post-signal scalp: one contract exits at first target, one runner uses selected stop mode and runner target"
1,signal_scaled_scalp:strategy=impulse_continue_3bar_1.5pt:direction=all:first_target_points=1:stop_points=1.5:runner_target_points=1.5:runner_stop_mode=initial,impulse_continue_3bar_1.5pt,all,1,1.5,1.5,initial,433,433,433,174,258,233,25,1,0,233,0.53810624,2400,-631,-1.45727483,217,216,"two-contract post-signal scalp: one contract exits at first target, one runner uses selected stop mode and runner target"
1,signal_scaled_scalp:strategy=impulse_continue_3bar_1.5pt:direction=all:first_target_points=1:stop_points=1.5:runner_target_points=2:runner_stop_mode=breakeven,impulse_continue_3bar_1.5pt,all,1,1.5,2,breakeven,433,433,433,174,258,144,114,1,0,258,0.59584296,1200,-1831,-4.22863741,217,216,"two-contract post-signal scalp: one contract exits at first target, one runner uses selected stop mode and runner target"
1,signal_scaled_scalp:strategy=impulse_continue_3bar_1.5pt:direction=all:first_target_points=1:stop_points=1.5:runner_target_points=2:runner_stop_mode=initial,impulse_continue_3bar_1.5pt,all,1,1.5,2,initial,433,433,433,174,258,201,57,1,0,201,0.46420323,2625,-406,-0.93764434,217,216,"two-contract post-signal scalp: one contract exits at first target, one runner uses selected stop mode and runner target"
1,signal_scaled_scalp:strategy=impulse_continue_3bar_1.5pt:direction=all:first_target_points=1:stop_points=1.5:runner_target_points=3:runner_stop_mode=breakeven,impulse_continue_3bar_1.5pt,all,1,1.5,3,breakeven,433,433,433,174,258,108,150,1,0,258,0.59584296,3000,-31,-0.07159353,217,216,"two-contract post-signal scalp: one contract exits at first target, one runner uses selected stop mode and runner target"
1,signal_scaled_scalp:strategy=impulse_continue_3bar_1.5pt:direction=all:first_target_points=1:stop_points=1.5:runner_target_points=3:runner_stop_mode=initial,impulse_continue_3bar_1.5pt,all,1,1.5,3,initial,433,433,433,174,258,167,91,1,0,167,0.38568129,5025,1994,4.60508083,217,216,"two-contract post-signal scalp: one contract exits at first target, one runner uses selected stop mode and runner target"
1,signal_scaled_scalp:strategy=impulse_continue_3bar_1.5pt:direction=all:first_target_points=1:stop_points=1.5:runner_target_points=5:runner_stop_mode=breakeven,impulse_continue_3bar_1.5pt,all,1,1.5,5,breakeven,433,433,433,174,258,78,180,1,0,258,0.59584296,6300,3269,7.54965358,217,216,"two-contract post-signal scalp: one contract exits at first target, one runner uses selected stop mode and runner target"
1,signal_scaled_scalp:strategy=impulse_continue_3bar_1.5pt:direction=all:first_target_points=1:stop_points=1.5:runner_target_points=5:runner_stop_mode=initial,impulse_continue_3bar_1.5pt,all,1,1.5,5,initial,433,433,433,174,258,125,132,2,0,126,0.29099307,8350,5319,12.28406467,217,216,"two-contract post-signal scalp: one contract exits at first target, one runner uses selected stop mode and runner target"
1,signal_scaled_scalp:strategy=impulse_continue_3bar_1.5pt:direction=all:first_target_points=1:stop_points=2:runner_target_points=1.5:runner_stop_mode=breakeven,impulse_continue_3bar_1.5pt,all,1,2,1.5,breakeven,433,433,433,149,283,192,91,1,0,283,0.65357968,-1250,-4281,-9.88683603,217,216,"two-contract post-signal scalp: one contract exits at first target, one runner uses selected stop mode and runner target"
1,signal_scaled_scalp:strategy=impulse_continue_3bar_1.5pt:direction=all:first_target_points=1:stop_points=2:runner_target_points=1.5:runner_stop_mode=initial,impulse_continue_3bar_1.5pt,all,1,2,1.5,initial,433,433,433,149,283,256,27,1,0,256,0.59122402,850,-2181,-5.0369515,217,216,"two-contract post-signal scalp: one contract exits at first target, one runner uses selected stop mode and runner target"
1,signal_scaled_scalp:strategy=impulse_continue_3bar_1.5pt:direction=all:first_target_points=1:stop_points=2:runner_target_points=2:runner_stop_mode=breakeven,impulse_continue_3bar_1.5pt,all,1,2,2,breakeven,433,433,433,149,283,156,127,1,0,283,0.65357968,-50,-3081,-7.11547344,217,216,"two-contract post-signal scalp: one contract exits at first target, one runner uses selected stop mode and runner target"
1,signal_scaled_scalp:strategy=impulse_continue_3bar_1.5pt:direction=all:first_target_points=1:stop_points=2:runner_target_points=2:runner_stop_mode=initial,impulse_continue_3bar_1.5pt,all,1,2,2,initial,433,433,433,149,283,226,57,1,0,226,0.52193995,1250,-1781,-4.11316397,217,216,"two-contract post-signal scalp: one contract exits at first target, one runner uses selected stop mode and runner target"
1,signal_scaled_scalp:strategy=impulse_continue_3bar_1.5pt:direction=all:first_target_points=1:stop_points=2:runner_target_points=3:runner_stop_mode=breakeven,impulse_continue_3bar_1.5pt,all,1,2,3,breakeven,433,433,433,149,283,120,163,1,0,283,0.65357968,2350,-681,-1.57274827,217,216,"two-contract post-signal scalp: one contract exits at first target, one runner uses selected stop mode and runner target"
1,signal_scaled_scalp:strategy=impulse_continue_3bar_1.5pt:direction=all:first_target_points=1:stop_points=2:runner_target_points=3:runner_stop_mode=initial,impulse_continue_3bar_1.5pt,all,1,2,3,initial,433,433,433,149,283,192,91,1,0,192,0.44341801,4050,1019,2.35334873,217,216,"two-contract post-signal scalp: one contract exits at first target, one runner uses selected stop mode and runner target"
1,signal_scaled_scalp:strategy=impulse_continue_3bar_1.5pt:direction=all:first_target_points=1:stop_points=2:runner_target_points=5:runner_stop_mode=breakeven,impulse_continue_3bar_1.5pt,all,1,2,5,breakeven,433,433,433,149,283,84,199,1,0,283,0.65357968,5350,2319,5.3556582,217,216,"two-contract post-signal scalp: one contract exits at first target, one runner uses selected stop mode and runner target"
1,signal_scaled_scalp:strategy=impulse_continue_3bar_1.5pt:direction=all:first_target_points=1:stop_points=2:runner_target_points=5:runner_stop_mode=initial,impulse_continue_3bar_1.5pt,all,1,2,5,initial,433,433,433,149,283,143,139,2,0,144,0.33256351,6400,3369,7.78060046,217,216,"two-contract post-signal scalp: one contract exits at first target, one runner uses selected stop mode and runner target"
1,signal_scaled_scalp:strategy=impulse_continue_3bar_1.5pt:direction=all:first_target_points=1.5:stop_points=1:runner_target_points=2:runner_stop_mode=breakeven,impulse_continue_3bar_1.5pt,all,1.5,1,2,breakeven,433,433,433,222,210,168,42,1,0,210,0.48498845,10350,7319,16.90300231,217,216,"two-contract post-signal scalp: one contract exits at first target, one runner uses selected stop mode and runner target"
1,signal_scaled_scalp:strategy=impulse_continue_3bar_1.5pt:direction=all:first_target_points=1.5:stop_points=1:runner_target_points=2:runner_stop_mode=initial,impulse_continue_3bar_1.5pt,all,1.5,1,2,initial,433,433,433,222,210,179,31,1,0,210,0.48498845,9900,6869,15.86374134,217,216,"two-contract post-signal scalp: one contract exits at first target, one runner uses selected stop mode and runner target"
1,signal_scaled_scalp:strategy=impulse_continue_3bar_1.5pt:direction=all:first_target_points=1.5:stop_points=1:runner_target_points=3:runner_stop_mode=breakeven,impulse_continue_3bar_1.5pt,all,1.5,1,3,breakeven,433,433,433,222,210,122,88,1,0,210,0.48498845,11850,8819,20.36720554,217,216,"two-contract post-signal scalp: one contract exits at first target, one runner uses selected stop mode and runner target"
1,signal_scaled_scalp:strategy=impulse_continue_3bar_1.5pt:direction=all:first_target_points=1.5:stop_points=1:runner_target_points=3:runner_stop_mode=initial,impulse_continue_3bar_1.5pt,all,1.5,1,3,initial,433,433,433,222,210,143,67,1,0,210,0.48498845,11650,8619,19.90531178,217,216,"two-contract post-signal scalp: one contract exits at first target, one runner uses selected stop mode and runner target"
1,signal_scaled_scalp:strategy=impulse_continue_3bar_1.5pt:direction=all:first_target_points=1.5:stop_points=1:runner_target_points=5:runner_stop_mode=breakeven,impulse_continue_3bar_1.5pt,all,1.5,1,5,breakeven,433,433,433,222,210,83,127,1,0,210,0.48498845,14300,11269,26.02540416,217,216,"two-contract post-signal scalp: one contract exits at first target, one runner uses selected stop mode and runner target"
1,signal_scaled_scalp:strategy=impulse_continue_3bar_1.5pt:direction=all:first_target_points=1.5:stop_points=1:runner_target_points=5:runner_stop_mode=initial,impulse_continue_3bar_1.5pt,all,1.5,1,5,initial,433,433,433,222,210,105,104,2,0,210,0.48498845,14800,11769,27.18013857,217,216,"two-contract post-signal scalp: one contract exits at first target, one runner uses selected stop mode and runner target"
1,signal_scaled_scalp:strategy=impulse_continue_3bar_1.5pt:direction=all:first_target_points=1.5:stop_points=1.5:runner_target_points=2:runner_stop_mode=breakeven,impulse_continue_3bar_1.5pt,all,1.5,1.5,2,breakeven,433,433,433,199,233,187,46,1,0,233,0.53810624,6325,3294,7.6073903,217,216,"two-contract post-signal scalp: one contract exits at first target, one runner uses selected stop mode and runner target"
1,signal_scaled_scalp:strategy=impulse_continue_3bar_1.5pt:direction=all:first_target_points=1.5:stop_points=1.5:runner_target_points=2:runner_stop_mode=initial,impulse_continue_3bar_1.5pt,all,1.5,1.5,2,initial,433,433,433,199,233,201,32,1,0,201,0.46420323,5325,2294,5.29792148,217,216,"two-contract post-signal scalp: one contract exits at first target, one runner uses selected stop mode and runner target"
1,signal_scaled_scalp:strategy=impulse_continue_3bar_1.5pt:direction=all:first_target_points=1.5:stop_points=1.5:runner_target_points=3:runner_stop_mode=breakeven,impulse_continue_3bar_1.5pt,all,1.5,1.5,3,breakeven,433,433,433,199,233,136,97,1,0,233,0.53810624,8025,4994,11.5334873,217,216,"two-contract post-signal scalp: one contract exits at first target, one runner uses selected stop mode and runner target"
1,signal_scaled_scalp:strategy=impulse_continue_3bar_1.5pt:direction=all:first_target_points=1.5:stop_points=1.5:runner_target_points=3:runner_stop_mode=initial,impulse_continue_3bar_1.5pt,all,1.5,1.5,3,initial,433,433,433,199,233,167,66,1,0,167,0.38568129,7725,4694,10.84064665,217,216,"two-contract post-signal scalp: one contract exits at first target, one runner uses selected stop mode and runner target"
1,signal_scaled_scalp:strategy=impulse_continue_3bar_1.5pt:direction=all:first_target_points=1.5:stop_points=1.5:runner_target_points=5:runner_stop_mode=breakeven,impulse_continue_3bar_1.5pt,all,1.5,1.5,5,breakeven,433,433,433,199,233,94,139,1,0,233,0.53810624,11125,8094,18.69284065,217,216,"two-contract post-signal scalp: one contract exits at first target, one runner uses selected stop mode and runner target"
1,signal_scaled_scalp:strategy=impulse_continue_3bar_1.5pt:direction=all:first_target_points=1.5:stop_points=1.5:runner_target_points=5:runner_stop_mode=initial,impulse_continue_3bar_1.5pt,all,1.5,1.5,5,initial,433,433,433,199,233,125,107,2,0,126,0.29099307,11050,8019,18.51963048,217,216,"two-contract post-signal scalp: one contract exits at first target, one runner uses selected stop mode and runner target"
1,signal_scaled_scalp:strategy=impulse_continue_3bar_1.5pt:direction=all:first_target_points=1.5:stop_points=2:runner_target_points=2:runner_stop_mode=breakeven,impulse_continue_3bar_1.5pt,all,1.5,2,2,breakeven,433,433,433,176,256,204,52,1,0,256,0.59122402,4400,1369,3.16166282,217,216,"two-contract post-signal scalp: one contract exits at first target, one runner uses selected stop mode and runner target"
1,signal_scaled_scalp:strategy=impulse_continue_3bar_1.5pt:direction=all:first_target_points=1.5:stop_points=2:runner_target_points=2:runner_stop_mode=initial,impulse_continue_3bar_1.5pt,all,1.5,2,2,initial,433,433,433,176,256,226,30,1,0,226,0.52193995,3600,569,1.31408776,217,216,"two-contract post-signal scalp: one contract exits at first target, one runner uses selected stop mode and runner target"
1,signal_scaled_scalp:strategy=impulse_continue_3bar_1.5pt:direction=all:first_target_points=1.5:stop_points=2:runner_target_points=3:runner_stop_mode=breakeven,impulse_continue_3bar_1.5pt,all,1.5,2,3,breakeven,433,433,433,176,256,150,106,1,0,256,0.59122402,6500,3469,8.01154734,217,216,"two-contract post-signal scalp: one contract exits at first target, one runner uses selected stop mode and runner target"
1,signal_scaled_scalp:strategy=impulse_continue_3bar_1.5pt:direction=all:first_target_points=1.5:stop_points=2:runner_target_points=3:runner_stop_mode=initial,impulse_continue_3bar_1.5pt,all,1.5,2,3,initial,433,433,433,176,256,192,64,1,0,192,0.44341801,6400,3369,7.78060046,217,216,"two-contract post-signal scalp: one contract exits at first target, one runner uses selected stop mode and runner target"
1,signal_scaled_scalp:strategy=impulse_continue_3bar_1.5pt:direction=all:first_target_points=1.5:stop_points=2:runner_target_points=5:runner_stop_mode=breakeven,impulse_continue_3bar_1.5pt,all,1.5,2,5,breakeven,433,433,433,176,256,100,156,1,0,256,0.59122402,9000,5969,13.7852194,217,216,"two-contract post-signal scalp: one contract exits at first target, one runner uses selected stop mode and runner target"
1,signal_scaled_scalp:strategy=impulse_continue_3bar_1.5pt:direction=all:first_target_points=1.5:stop_points=2:runner_target_points=5:runner_stop_mode=initial,impulse_continue_3bar_1.5pt,all,1.5,2,5,initial,433,433,433,176,256,143,112,2,0,144,0.33256351,8750,5719,13.20785219,217,216,"two-contract post-signal scalp: one contract exits at first target, one runner uses selected stop mode and runner target"
1,signal_scaled_scalp:strategy=impulse_fade_5bar_2pt:direction=all:first_target_points=0.5:stop_points=1:runner_target_points=1.5:runner_stop_mode=breakeven,impulse_fade_5bar_2pt,all,0.5,1,1.5,breakeven,435,435,435,207,227,114,113,1,0,227,0.52183908,-6475,-9520,-21.88505747,205,230,"two-contract post-signal scalp: one contract exits at first target, one runner uses selected stop mode and runner target"
1,signal_scaled_scalp:strategy=impulse_fade_5bar_2pt:direction=all:first_target_points=0.5:stop_points=1:runner_target_points=1.5:runner_stop_mode=initial,impulse_fade_5bar_2pt,all,0.5,1,1.5,initial,435,435,435,207,227,153,74,1,0,153,0.35172414,-7250,-10295,-23.66666667,205,230,"two-contract post-signal scalp: one contract exits at first target, one runner uses selected stop mode and runner target"
1,signal_scaled_scalp:strategy=impulse_fade_5bar_2pt:direction=all:first_target_points=0.5:stop_points=1:runner_target_points=2:runner_stop_mode=breakeven,impulse_fade_5bar_2pt,all,0.5,1,2,breakeven,435,435,435,207,227,92,135,1,0,227,0.52183908,-5825,-8870,-20.3908046,205,230,"two-contract post-signal scalp: one contract exits at first target, one runner uses selected stop mode and runner target"
1,signal_scaled_scalp:strategy=impulse_fade_5bar_2pt:direction=all:first_target_points=0.5:stop_points=1:runner_target_points=2:runner_stop_mode=initial,impulse_fade_5bar_2pt,all,0.5,1,2,initial,435,435,435,207,227,128,99,1,0,128,0.29425287,-7175,-10220,-23.49425287,205,230,"two-contract post-signal scalp: one contract exits at first target, one runner uses selected stop mode and runner target"
1,signal_scaled_scalp:strategy=impulse_fade_5bar_2pt:direction=all:first_target_points=0.5:stop_points=1:runner_target_points=3:runner_stop_mode=breakeven,impulse_fade_5bar_2pt,all,0.5,1,3,breakeven,435,435,435,207,227,64,163,1,0,227,0.52183908,-5425,-8470,-19.47126437,205,230,"two-contract post-signal scalp: one contract exits at first target, one runner uses selected stop mode and runner target"
1,signal_scaled_scalp:strategy=impulse_fade_5bar_2pt:direction=all:first_target_points=0.5:stop_points=1:runner_target_points=3:runner_stop_mode=initial,impulse_fade_5bar_2pt,all,0.5,1,3,initial,435,435,435,207,227,95,132,1,0,95,0.2183908,-7375,-10420,-23.95402299,205,230,"two-contract post-signal scalp: one contract exits at first target, one runner uses selected stop mode and runner target"
1,signal_scaled_scalp:strategy=impulse_fade_5bar_2pt:direction=all:first_target_points=0.5:stop_points=1:runner_target_points=5:runner_stop_mode=breakeven,impulse_fade_5bar_2pt,all,0.5,1,5,breakeven,435,435,435,207,227,43,184,1,0,227,0.52183908,-4275,-7320,-16.82758621,205,230,"two-contract post-signal scalp: one contract exits at first target, one runner uses selected stop mode and runner target"
1,signal_scaled_scalp:strategy=impulse_fade_5bar_2pt:direction=all:first_target_points=0.5:stop_points=1:runner_target_points=5:runner_stop_mode=initial,impulse_fade_5bar_2pt,all,0.5,1,5,initial,435,435,435,207,227,64,163,1,0,64,0.14712644,-7175,-10220,-23.49425287,205,230,"two-contract post-signal scalp: one contract exits at first target, one runner uses selected stop mode and runner target"
1,signal_scaled_scalp:strategy=impulse_fade_5bar_2pt:direction=all:first_target_points=0.5:stop_points=1.5:runner_target_points=1.5:runner_stop_mode=breakeven,impulse_fade_5bar_2pt,all,0.5,1.5,1.5,breakeven,435,435,435,172,262,125,137,1,0,262,0.60229885,-9875,-12920,-29.70114943,205,230,"two-contract post-signal scalp: one contract exits at first target, one runner uses selected stop mode and runner target"
1,signal_scaled_scalp:strategy=impulse_fade_5bar_2pt:direction=all:first_target_points=0.5:stop_points=1.5:runner_target_points=1.5:runner_stop_mode=initial,impulse_fade_5bar_2pt,all,0.5,1.5,1.5,initial,435,435,435,172,262,187,75,1,0,187,0.42988506,-10850,-13895,-31.94252874,205,230,"two-contract post-signal scalp: one contract exits at first target, one runner uses selected stop mode and runner target"
1,signal_scaled_scalp:strategy=impulse_fade_5bar_2pt:direction=all:first_target_points=0.5:stop_points=1.5:runner_target_points=2:runner_stop_mode=breakeven,impulse_fade_5bar_2pt,all,0.5,1.5,2,breakeven,435,435,435,172,262,102,160,1,0,262,0.60229885,-9050,-12095,-27.8045977,205,230,"two-contract post-signal scalp: one contract exits at first target, one runner uses selected stop mode and runner target"
1,signal_scaled_scalp:strategy=impulse_fade_5bar_2pt:direction=all:first_target_points=0.5:stop_points=1.5:runner_target_points=2:runner_stop_mode=initial,impulse_fade_5bar_2pt,all,0.5,1.5,2,initial,435,435,435,172,262,167,95,1,0,167,0.38390805,-9675,-12720,-29.24137931,205,230,"two-contract post-signal scalp: one contract exits at first target, one runner uses selected stop mode and runner target"
1,signal_scaled_scalp:strategy=impulse_fade_5bar_2pt:direction=all:first_target_points=0.5:stop_points=1.5:runner_target_points=3:runner_stop_mode=breakeven,impulse_fade_5bar_2pt,all,0.5,1.5,3,breakeven,435,435,435,172,262,71,191,1,0,262,0.60229885,-8600,-11645,-26.77011494,205,230,"two-contract post-signal scalp: one contract exits at first target, one runner uses selected stop mode and runner target"
1,signal_scaled_scalp:strategy=impulse_fade_5bar_2pt:direction=all:first_target_points=0.5:stop_points=1.5:runner_target_points=3:runner_stop_mode=initial,impulse_fade_5bar_2pt,all,0.5,1.5,3,initial,435,435,435,172,262,130,132,1,0,130,0.29885057,-9650,-12695,-29.18390805,205,230,"two-contract post-signal scalp: one contract exits at first target, one runner uses selected stop mode and runner target"
1,signal_scaled_scalp:strategy=impulse_fade_5bar_2pt:direction=all:first_target_points=0.5:stop_points=1.5:runner_target_points=5:runner_stop_mode=breakeven,impulse_fade_5bar_2pt,all,0.5,1.5,5,breakeven,435,435,435,172,262,46,216,1,0,262,0.60229885,-7750,-10795,-24.81609195,205,230,"two-contract post-signal scalp: one contract exits at first target, one runner uses selected stop mode and runner target"
1,signal_scaled_scalp:strategy=impulse_fade_5bar_2pt:direction=all:first_target_points=0.5:stop_points=1.5:runner_target_points=5:runner_stop_mode=initial,impulse_fade_5bar_2pt,all,0.5,1.5,5,initial,435,435,435,172,262,91,171,1,0,91,0.2091954,-9325,-12370,-28.43678161,205,230,"two-contract post-signal scalp: one contract exits at first target, one runner uses selected stop mode and runner target"
1,signal_scaled_scalp:strategy=impulse_fade_5bar_2pt:direction=all:first_target_points=0.5:stop_points=2:runner_target_points=1.5:runner_stop_mode=breakeven,impulse_fade_5bar_2pt,all,0.5,2,1.5,breakeven,435,435,435,143,291,136,155,1,0,291,0.66896552,-11125,-14170,-32.57471264,205,230,"two-contract post-signal scalp: one contract exits at first target, one runner uses selected stop mode and runner target"
1,signal_scaled_scalp:strategy=impulse_fade_5bar_2pt:direction=all:first_target_points=0.5:stop_points=2:runner_target_points=1.5:runner_stop_mode=initial,impulse_fade_5bar_2pt,all,0.5,2,1.5,initial,435,435,435,143,291,218,73,1,0,218,0.50114943,-12275,-15320,-35.2183908,205,230,"two-contract post-signal scalp: one contract exits at first target, one runner uses selected stop mode and runner target"
1,signal_scaled_scalp:strategy=impulse_fade_5bar_2pt:direction=all:first_target_points=0.5:stop_points=2:runner_target_points=2:runner_stop_mode=breakeven,impulse_fade_5bar_2pt,all,0.5,2,2,breakeven,435,435,435,143,291,112,179,1,0,291,0.66896552,-10125,-13170,-30.27586207,205,230,"two-contract post-signal scalp: one contract exits at first target, one runner uses selected stop mode and runner target"
1,signal_scaled_scalp:strategy=impulse_fade_5bar_2pt:direction=all:first_target_points=0.5:stop_points=2:runner_target_points=2:runner_stop_mode=initial,impulse_fade_5bar_2pt,all,0.5,2,2,initial,435,435,435,143,291,197,94,1,0,197,0.45287356,-11025,-14070,-32.34482759,205,230,"two-contract post-signal scalp: one contract exits at first target, one runner uses selected stop mode and runner target"
1,signal_scaled_scalp:strategy=impulse_fade_5bar_2pt:direction=all:first_target_points=0.5:stop_points=2:runner_target_points=3:runner_stop_mode=breakeven,impulse_fade_5bar_2pt,all,0.5,2,3,breakeven,435,435,435,143,291,78,213,1,0,291,0.66896552,-9625,-12670,-29.12643678,205,230,"two-contract post-signal scalp: one contract exits at first target, one runner uses selected stop mode and runner target"
1,signal_scaled_scalp:strategy=impulse_fade_5bar_2pt:direction=all:first_target_points=0.5:stop_points=2:runner_target_points=3:runner_stop_mode=initial,impulse_fade_5bar_2pt,all,0.5,2,3,initial,435,435,435,143,291,151,139,2,0,151,0.34712644,-12662.5,-15707.5,-36.1091954,205,230,"two-contract post-signal scalp: one contract exits at first target, one runner uses selected stop mode and runner target"
1,signal_scaled_scalp:strategy=impulse_fade_5bar_2pt:direction=all:first_target_points=0.5:stop_points=2:runner_target_points=5:runner_stop_mode=breakeven,impulse_fade_5bar_2pt,all,0.5,2,5,breakeven,435,435,435,143,291,51,240,1,0,291,0.66896552,-8575,-11620,-26.71264368,205,230,"two-contract post-signal scalp: one contract exits at first target, one runner uses selected stop mode and runner target"
1,signal_scaled_scalp:strategy=impulse_fade_5bar_2pt:direction=all:first_target_points=0.5:stop_points=2:runner_target_points=5:runner_stop_mode=initial,impulse_fade_5bar_2pt,all,0.5,2,5,initial,435,435,435,143,291,111,179,2,0,111,0.25517241,-11562.5,-14607.5,-33.58045977,205,230,"two-contract post-signal scalp: one contract exits at first target, one runner uses selected stop mode and runner target"
1,signal_scaled_scalp:strategy=impulse_fade_5bar_2pt:direction=all:first_target_points=1:stop_points=1:runner_target_points=1.5:runner_stop_mode=breakeven,impulse_fade_5bar_2pt,all,1,1,1.5,breakeven,435,435,435,244,190,138,52,1,0,190,0.43678161,-4550,-7595,-17.45977011,205,230,"two-contract post-signal scalp: one contract exits at first target, one runner uses selected stop mode and runner target"
1,signal_scaled_scalp:strategy=impulse_fade_5bar_2pt:direction=all:first_target_points=1:stop_points=1:runner_target_points=1.5:runner_stop_mode=initial,impulse_fade_5bar_2pt,all,1,1,1.5,initial,435,435,435,244,190,153,37,1,0,153,0.35172414,-5275,-8320,-19.12643678,205,230,"two-contract post-signal scalp: one contract exits at first target, one runner uses selected stop mode and runner target"
1,signal_scaled_scalp:strategy=impulse_fade_5bar_2pt:direction=all:first_target_points=1:stop_points=1:runner_target_points=2:runner_stop_mode=breakeven,impulse_fade_5bar_2pt,all,1,1,2,breakeven,435,435,435,244,190,111,79,1,0,190,0.43678161,-3800,-6845,-15.73563218,205,230,"two-contract post-signal scalp: one contract exits at first target, one runner uses selected stop mode and runner target"
1,signal_scaled_scalp:strategy=impulse_fade_5bar_2pt:direction=all:first_target_points=1:stop_points=1:runner_target_points=2:runner_stop_mode=initial,impulse_fade_5bar_2pt,all,1,1,2,initial,435,435,435,244,190,128,62,1,0,128,0.29425287,-5200,-8245,-18.95402299,205,230,"two-contract post-signal scalp: one contract exits at first target, one runner uses selected stop mode and runner target"
1,signal_scaled_scalp:strategy=impulse_fade_5bar_2pt:direction=all:first_target_points=1:stop_points=1:runner_target_points=3:runner_stop_mode=breakeven,impulse_fade_5bar_2pt,all,1,1,3,breakeven,435,435,435,244,190,74,116,1,0,190,0.43678161,-3800,-6845,-15.73563218,205,230,"two-contract post-signal scalp: one contract exits at first target, one runner uses selected stop mode and runner target"
1,signal_scaled_scalp:strategy=impulse_fade_5bar_2pt:direction=all:first_target_points=1:stop_points=1:runner_target_points=3:runner_stop_mode=initial,impulse_fade_5bar_2pt,all,1,1,3,initial,435,435,435,244,190,95,95,1,0,95,0.2183908,-5400,-8445,-19.4137931,205,230,"two-contract post-signal scalp: one contract exits at first target, one runner uses selected stop mode and runner target"
1,signal_scaled_scalp:strategy=impulse_fade_5bar_2pt:direction=all:first_target_points=1:stop_points=1:runner_target_points=5:runner_stop_mode=breakeven,impulse_fade_5bar_2pt,all,1,1,5,breakeven,435,435,435,244,190,50,140,1,0,190,0.43678161,-2400,-5445,-12.51724138,205,230,"two-contract post-signal scalp: one contract exits at first target, one runner uses selected stop mode and runner target"
1,signal_scaled_scalp:strategy=impulse_fade_5bar_2pt:direction=all:first_target_points=1:stop_points=1:runner_target_points=5:runner_stop_mode=initial,impulse_fade_5bar_2pt,all,1,1,5,initial,435,435,435,244,190,64,126,1,0,64,0.14712644,-5200,-8245,-18.95402299,205,230,"two-contract post-signal scalp: one contract exits at first target, one runner uses selected stop mode and runner target"
1,signal_scaled_scalp:strategy=impulse_fade_5bar_2pt:direction=all:first_target_points=1:stop_points=1.5:runner_target_points=1.5:runner_stop_mode=breakeven,impulse_fade_5bar_2pt,all,1,1.5,1.5,breakeven,435,435,435,211,223,155,68,1,0,223,0.51264368,-8875,-11920,-27.40229885,205,230,"two-contract post-signal scalp: one contract exits at first target, one runner uses selected stop mode and runner target"
1,signal_scaled_scalp:strategy=impulse_fade_5bar_2pt:direction=all:first_target_points=1:stop_points=1.5:runner_target_points=1.5:runner_stop_mode=initial,impulse_fade_5bar_2pt,all,1,1.5,1.5,initial,435,435,435,211,223,187,36,1,0,187,0.42988506,-9175,-12220,-28.09195402,205,230,"two-contract post-signal scalp: one contract exits at first target, one runner uses selected stop mode and runner target"
1,signal_scaled_scalp:strategy=impulse_fade_5bar_2pt:direction=all:first_target_points=1:stop_points=1.5:runner_target_points=2:runner_stop_mode=breakeven,impulse_fade_5bar_2pt,all,1,1.5,2,breakeven,435,435,435,211,223,126,97,1,0,223,0.51264368,-7900,-10945,-25.16091954,205,230,"two-contract post-signal scalp: one contract exits at first target, one runner uses selected stop mode and runner target"
1,signal_scaled_scalp:strategy=impulse_fade_5bar_2pt:direction=all:first_target_points=1:stop_points=1.5:runner_target_points=2:runner_stop_mode=initial,impulse_fade_5bar_2pt,all,1,1.5,2,initial,435,435,435,211,223,167,56,1,0,167,0.38390805,-8000,-11045,-25.3908046,205,230,"two-contract post-signal scalp: one contract exits at first target, one runner uses selected stop mode and runner target"
1,signal_scaled_scalp:strategy=impulse_fade_5bar_2pt:direction=all:first_target_points=1:stop_points=1.5:runner_target_points=3:runner_stop_mode=breakeven,impulse_fade_5bar_2pt,all,1,1.5,3,breakeven,435,435,435,211,223,85,138,1,0,223,0.51264368,-7750,-10795,-24.81609195,205,230,"two-contract post-signal scalp: one contract exits at first target, one runner uses selected stop mode and runner target"
1,signal_scaled_scalp:strategy=impulse_fade_5bar_2pt:direction=all:first_target_points=1:stop_points=1.5:runner_target_points=3:runner_stop_mode=initial,impulse_fade_5bar_2pt,all,1,1.5,3,initial,435,435,435,211,223,130,93,1,0,130,0.29885057,-7975,-11020,-25.33333333,205,230,"two-contract post-signal scalp: one contract exits at first target, one runner uses selected stop mode and runner target"
1,signal_scaled_scalp:strategy=impulse_fade_5bar_2pt:direction=all:first_target_points=1:stop_points=1.5:runner_target_points=5:runner_stop_mode=breakeven,impulse_fade_5bar_2pt,all,1,1.5,5,breakeven,435,435,435,211,223,57,166,1,0,223,0.51264368,-6250,-9295,-21.36781609,205,230,"two-contract post-signal scalp: one contract exits at first target, one runner uses selected stop mode and runner target"
1,signal_scaled_scalp:strategy=impulse_fade_5bar_2pt:direction=all:first_target_points=1:stop_points=1.5:runner_target_points=5:runner_stop_mode=initial,impulse_fade_5bar_2pt,all,1,1.5,5,initial,435,435,435,211,223,91,132,1,0,91,0.2091954,-7650,-10695,-24.5862069,205,230,"two-contract post-signal scalp: one contract exits at first target, one runner uses selected stop mode and runner target"
1,signal_scaled_scalp:strategy=impulse_fade_5bar_2pt:direction=all:first_target_points=1:stop_points=2:runner_target_points=1.5:runner_stop_mode=breakeven,impulse_fade_5bar_2pt,all,1,2,1.5,breakeven,435,435,435,180,254,176,78,1,0,254,0.58390805,-10100,-13145,-30.2183908,205,230,"two-contract post-signal scalp: one contract exits at first target, one runner uses selected stop mode and runner target"
1,signal_scaled_scalp:strategy=impulse_fade_5bar_2pt:direction=all:first_target_points=1:stop_points=2:runner_target_points=1.5:runner_stop_mode=initial,impulse_fade_5bar_2pt,all,1,2,1.5,initial,435,435,435,180,254,218,36,1,0,218,0.50114943,-10550,-13595,-31.25287356,205,230,"two-contract post-signal scalp: one contract exits at first target, one runner uses selected stop mode and runner target"
1,signal_scaled_scalp:strategy=impulse_fade_5bar_2pt:direction=all:first_target_points=1:stop_points=2:runner_target_points=2:runner_stop_mode=breakeven,impulse_fade_5bar_2pt,all,1,2,2,breakeven,435,435,435,180,254,142,112,1,0,254,0.58390805,-9100,-12145,-27.91954023,205,230,"two-contract post-signal scalp: one contract exits at first target, one runner uses selected stop mode and runner target"
1,signal_scaled_scalp:strategy=impulse_fade_5bar_2pt:direction=all:first_target_points=1:stop_points=2:runner_target_points=2:runner_stop_mode=initial,impulse_fade_5bar_2pt,all,1,2,2,initial,435,435,435,180,254,197,57,1,0,197,0.45287356,-9300,-12345,-28.37931034,205,230,"two-contract post-signal scalp: one contract exits at first target, one runner uses selected stop mode and runner target"
1,signal_scaled_scalp:strategy=impulse_fade_5bar_2pt:direction=all:first_target_points=1:stop_points=2:runner_target_points=3:runner_stop_mode=breakeven,impulse_fade_5bar_2pt,all,1,2,3,breakeven,435,435,435,180,254,97,157,1,0,254,0.58390805,-8750,-11795,-27.11494253,205,230,"two-contract post-signal scalp: one contract exits at first target, one runner uses selected stop mode and runner target"
1,signal_scaled_scalp:strategy=impulse_fade_5bar_2pt:direction=all:first_target_points=1:stop_points=2:runner_target_points=3:runner_stop_mode=initial,impulse_fade_5bar_2pt,all,1,2,3,initial,435,435,435,180,254,151,102,2,0,151,0.34712644,-10937.5,-13982.5,-32.14367816,205,230,"two-contract post-signal scalp: one contract exits at first target, one runner uses selected stop mode and runner target"
1,signal_scaled_scalp:strategy=impulse_fade_5bar_2pt:direction=all:first_target_points=1:stop_points=2:runner_target_points=5:runner_stop_mode=breakeven,impulse_fade_5bar_2pt,all,1,2,5,breakeven,435,435,435,180,254,67,187,1,0,254,0.58390805,-6550,-9595,-22.05747126,205,230,"two-contract post-signal scalp: one contract exits at first target, one runner uses selected stop mode and runner target"
1,signal_scaled_scalp:strategy=impulse_fade_5bar_2pt:direction=all:first_target_points=1:stop_points=2:runner_target_points=5:runner_stop_mode=initial,impulse_fade_5bar_2pt,all,1,2,5,initial,435,435,435,180,254,111,142,2,0,111,0.25517241,-9837.5,-12882.5,-29.61494253,205,230,"two-contract post-signal scalp: one contract exits at first target, one runner uses selected stop mode and runner target"
1,signal_scaled_scalp:strategy=impulse_fade_5bar_2pt:direction=all:first_target_points=1.5:stop_points=1:runner_target_points=2:runner_stop_mode=breakeven,impulse_fade_5bar_2pt,all,1.5,1,2,breakeven,435,435,435,281,153,123,30,1,0,153,0.35172414,-4325,-7370,-16.94252874,205,230,"two-contract post-signal scalp: one contract exits at first target, one runner uses selected stop mode and runner target"
1,signal_scaled_scalp:strategy=impulse_fade_5bar_2pt:direction=all:first_target_points=1.5:stop_points=1:runner_target_points=2:runner_stop_mode=initial,impulse_fade_5bar_2pt,all,1.5,1,2,initial,435,435,435,281,153,128,25,1,0,153,0.35172414,-5075,-8120,-18.66666667,205,230,"two-contract post-signal scalp: one contract exits at first target, one runner uses selected stop mode and runner target"
1,signal_scaled_scalp:strategy=impulse_fade_5bar_2pt:direction=all:first_target_points=1.5:stop_points=1:runner_target_points=3:runner_stop_mode=breakeven,impulse_fade_5bar_2pt,all,1.5,1,3,breakeven,435,435,435,281,153,83,70,1,0,153,0.35172414,-4175,-7220,-16.59770115,205,230,"two-contract post-signal scalp: one contract exits at first target, one runner uses selected stop mode and runner target"
1,signal_scaled_scalp:strategy=impulse_fade_5bar_2pt:direction=all:first_target_points=1.5:stop_points=1:runner_target_points=3:runner_stop_mode=initial,impulse_fade_5bar_2pt,all,1.5,1,3,initial,435,435,435,281,153,95,58,1,0,153,0.35172414,-5275,-8320,-19.12643678,205,230,"two-contract post-signal scalp: one contract exits at first target, one runner uses selected stop mode and runner target"
1,signal_scaled_scalp:strategy=impulse_fade_5bar_2pt:direction=all:first_target_points=1.5:stop_points=1:runner_target_points=5:runner_stop_mode=breakeven,impulse_fade_5bar_2pt,all,1.5,1,5,breakeven,435,435,435,281,153,53,100,1,0,153,0.35172414,-3375,-6420,-14.75862069,205,230,"two-contract post-signal scalp: one contract exits at first target, one runner uses selected stop mode and runner target"
1,signal_scaled_scalp:strategy=impulse_fade_5bar_2pt:direction=all:first_target_points=1.5:stop_points=1:runner_target_points=5:runner_stop_mode=initial,impulse_fade_5bar_2pt,all,1.5,1,5,initial,435,435,435,281,153,64,89,1,0,153,0.35172414,-5075,-8120,-18.66666667,205,230,"two-contract post-signal scalp: one contract exits at first target, one runner uses selected stop mode and runner target"
1,signal_scaled_scalp:strategy=impulse_fade_5bar_2pt:direction=all:first_target_points=1.5:stop_points=1.5:runner_target_points=2:runner_stop_mode=breakeven,impulse_fade_5bar_2pt,all,1.5,1.5,2,breakeven,435,435,435,247,187,154,33,1,0,187,0.42988506,-7625,-10670,-24.52873563,205,230,"two-contract post-signal scalp: one contract exits at first target, one runner uses selected stop mode and runner target"
1,signal_scaled_scalp:strategy=impulse_fade_5bar_2pt:direction=all:first_target_points=1.5:stop_points=1.5:runner_target_points=2:runner_stop_mode=initial,impulse_fade_5bar_2pt,all,1.5,1.5,2,initial,435,435,435,247,187,167,20,1,0,167,0.38390805,-7825,-10870,-24.98850575,205,230,"two-contract post-signal scalp: one contract exits at first target, one runner uses selected stop mode and runner target"
1,signal_scaled_scalp:strategy=impulse_fade_5bar_2pt:direction=all:first_target_points=1.5:stop_points=1.5:runner_target_points=3:runner_stop_mode=breakeven,impulse_fade_5bar_2pt,all,1.5,1.5,3,breakeven,435,435,435,247,187,105,82,1,0,187,0.42988506,-7275,-10320,-23.72413793,205,230,"two-contract post-signal scalp: one contract exits at first target, one runner uses selected stop mode and runner target"
1,signal_scaled_scalp:strategy=impulse_fade_5bar_2pt:direction=all:first_target_points=1.5:stop_points=1.5:runner_target_points=3:runner_stop_mode=initial,impulse_fade_5bar_2pt,all,1.5,1.5,3,initial,435,435,435,247,187,130,57,1,0,130,0.29885057,-7800,-10845,-24.93103448,205,230,"two-contract post-signal scalp: one contract exits at first target, one runner uses selected stop mode and runner target"
1,signal_scaled_scalp:strategy=impulse_fade_5bar_2pt:direction=all:first_target_points=1.5:stop_points=1.5:runner_target_points=5:runner_stop_mode=breakeven,impulse_fade_5bar_2pt,all,1.5,1.5,5,breakeven,435,435,435,247,187,66,121,1,0,187,0.42988506,-6525,-9570,-22,205,230,"two-contract post-signal scalp: one contract exits at first target, one runner uses selected stop mode and runner target"
1,signal_scaled_scalp:strategy=impulse_fade_5bar_2pt:direction=all:first_target_points=1.5:stop_points=1.5:runner_target_points=5:runner_stop_mode=initial,impulse_fade_5bar_2pt,all,1.5,1.5,5,initial,435,435,435,247,187,91,96,1,0,91,0.2091954,-7475,-10520,-24.18390805,205,230,"two-contract post-signal scalp: one contract exits at first target, one runner uses selected stop mode and runner target"
1,signal_scaled_scalp:strategy=impulse_fade_5bar_2pt:direction=all:first_target_points=1.5:stop_points=2:runner_target_points=2:runner_stop_mode=breakeven,impulse_fade_5bar_2pt,all,1.5,2,2,breakeven,435,435,435,216,218,178,40,1,0,218,0.50114943,-9050,-12095,-27.8045977,205,230,"two-contract post-signal scalp: one contract exits at first target, one runner uses selected stop mode and runner target"
1,signal_scaled_scalp:strategy=impulse_fade_5bar_2pt:direction=all:first_target_points=1.5:stop_points=2:runner_target_points=2:runner_stop_mode=initial,impulse_fade_5bar_2pt,all,1.5,2,2,initial,435,435,435,216,218,197,21,1,0,197,0.45287356,-9250,-12295,-28.26436782,205,230,"two-contract post-signal scalp: one contract exits at first target, one runner uses selected stop mode and runner target"
1,signal_scaled_scalp:strategy=impulse_fade_5bar_2pt:direction=all:first_target_points=1.5:stop_points=2:runner_target_points=3:runner_stop_mode=breakeven,impulse_fade_5bar_2pt,all,1.5,2,3,breakeven,435,435,435,216,218,121,97,1,0,218,0.50114943,-8700,-11745,-27,205,230,"two-contract post-signal scalp: one contract exits at first target, one runner uses selected stop mode and runner target"
1,signal_scaled_scalp:strategy=impulse_fade_5bar_2pt:direction=all:first_target_points=1.5:stop_points=2:runner_target_points=3:runner_stop_mode=initial,impulse_fade_5bar_2pt,all,1.5,2,3,initial,435,435,435,216,218,151,66,2,0,151,0.34712644,-10887.5,-13932.5,-32.02873563,205,230,"two-contract post-signal scalp: one contract exits at first target, one runner uses selected stop mode and runner target"
1,signal_scaled_scalp:strategy=impulse_fade_5bar_2pt:direction=all:first_target_points=1.5:stop_points=2:runner_target_points=5:runner_stop_mode=breakeven,impulse_fade_5bar_2pt,all,1.5,2,5,breakeven,435,435,435,216,218,78,140,1,0,218,0.50114943,-7350,-10395,-23.89655172,205,230,"two-contract post-signal scalp: one contract exits at first target, one runner uses selected stop mode and runner target"
1,signal_scaled_scalp:strategy=impulse_fade_5bar_2pt:direction=all:first_target_points=1.5:stop_points=2:runner_target_points=5:runner_stop_mode=initial,impulse_fade_5bar_2pt,all,1.5,2,5,initial,435,435,435,216,218,111,106,2,0,111,0.25517241,-9787.5,-12832.5,-29.5,205,230,"two-contract post-signal scalp: one contract exits at first target, one runner uses selected stop mode and runner target"
1,signal_scaled_scalp:strategy=impulse_continue_5bar_2pt:direction=all:first_target_points=0.5:stop_points=1:runner_target_points=1.5:runner_stop_mode=breakeven,impulse_continue_5bar_2pt,all,0.5,1,1.5,breakeven,435,435,435,145,289,144,145,1,0,289,0.66436782,3525,480,1.10344828,230,205,"two-contract post-signal scalp: one contract exits at first target, one runner uses selected stop mode and runner target"
1,signal_scaled_scalp:strategy=impulse_continue_5bar_2pt:direction=all:first_target_points=0.5:stop_points=1:runner_target_points=1.5:runner_stop_mode=initial,impulse_continue_5bar_2pt,all,0.5,1,1.5,initial,435,435,435,145,289,211,78,1,0,211,0.48505747,4650,1605,3.68965517,230,205,"two-contract post-signal scalp: one contract exits at first target, one runner uses selected stop mode and runner target"
1,signal_scaled_scalp:strategy=impulse_continue_5bar_2pt:direction=all:first_target_points=0.5:stop_points=1:runner_target_points=2:runner_stop_mode=breakeven,impulse_continue_5bar_2pt,all,0.5,1,2,breakeven,435,435,435,145,289,123,166,1,0,289,0.66436782,5025,1980,4.55172414,230,205,"two-contract post-signal scalp: one contract exits at first target, one runner uses selected stop mode and runner target"
1,signal_scaled_scalp:strategy=impulse_continue_5bar_2pt:direction=all:first_target_points=0.5:stop_points=1:runner_target_points=2:runner_stop_mode=initial,impulse_continue_5bar_2pt,all,0.5,1,2,initial,435,435,435,145,289,180,109,1,0,180,0.4137931,5275,2230,5.12643678,230,205,"two-contract post-signal scalp: one contract exits at first target, one runner uses selected stop mode and runner target"
1,signal_scaled_scalp:strategy=impulse_continue_5bar_2pt:direction=all:first_target_points=0.5:stop_points=1:runner_target_points=3:runner_stop_mode=breakeven,impulse_continue_5bar_2pt,all,0.5,1,3,breakeven,435,435,435,145,289,100,189,1,0,289,0.66436782,7725,4680,10.75862069,230,205,"two-contract post-signal scalp: one contract exits at first target, one runner uses selected stop mode and runner target"
1,signal_scaled_scalp:strategy=impulse_continue_5bar_2pt:direction=all:first_target_points=0.5:stop_points=1:runner_target_points=3:runner_stop_mode=initial,impulse_continue_5bar_2pt,all,0.5,1,3,initial,435,435,435,145,289,143,146,1,0,143,0.32873563,6875,3830,8.8045977,230,205,"two-contract post-signal scalp: one contract exits at first target, one runner uses selected stop mode and runner target"
1,signal_scaled_scalp:strategy=impulse_continue_5bar_2pt:direction=all:first_target_points=0.5:stop_points=1:runner_target_points=5:runner_stop_mode=breakeven,impulse_continue_5bar_2pt,all,0.5,1,5,breakeven,435,435,435,145,289,65,223,2,0,289,0.66436782,9162.5,6117.5,14.06321839,230,205,"two-contract post-signal scalp: one contract exits at first target, one runner uses selected stop mode and runner target"
1,signal_scaled_scalp:strategy=impulse_continue_5bar_2pt:direction=all:first_target_points=0.5:stop_points=1:runner_target_points=5:runner_stop_mode=initial,impulse_continue_5bar_2pt,all,0.5,1,5,initial,435,435,435,145,289,92,196,2,0,93,0.2137931,6112.5,3067.5,7.05172414,230,205,"two-contract post-signal scalp: one contract exits at first target, one runner uses selected stop mode and runner target"
1,signal_scaled_scalp:strategy=impulse_continue_5bar_2pt:direction=all:first_target_points=0.5:stop_points=1.5:runner_target_points=1.5:runner_stop_mode=breakeven,impulse_continue_5bar_2pt,all,0.5,1.5,1.5,breakeven,435,435,435,117,317,154,163,1,0,317,0.72873563,1925,-1120,-2.57471264,230,205,"two-contract post-signal scalp: one contract exits at first target, one runner uses selected stop mode and runner target"
1,signal_scaled_scalp:strategy=impulse_continue_5bar_2pt:direction=all:first_target_points=0.5:stop_points=1.5:runner_target_points=1.5:runner_stop_mode=initial,impulse_continue_5bar_2pt,all,0.5,1.5,1.5,initial,435,435,435,117,317,247,70,1,0,247,0.56781609,3650,605,1.3908046,230,205,"two-contract post-signal scalp: one contract exits at first target, one runner uses selected stop mode and runner target"
1,signal_scaled_scalp:strategy=impulse_continue_5bar_2pt:direction=all:first_target_points=0.5:stop_points=1.5:runner_target_points=2:runner_stop_mode=breakeven,impulse_continue_5bar_2pt,all,0.5,1.5,2,breakeven,435,435,435,117,317,133,184,1,0,317,0.72873563,3675,630,1.44827586,230,205,"two-contract post-signal scalp: one contract exits at first target, one runner uses selected stop mode and runner target"
1,signal_scaled_scalp:strategy=impulse_continue_5bar_2pt:direction=all:first_target_points=0.5:stop_points=1.5:runner_target_points=2:runner_stop_mode=initial,impulse_continue_5bar_2pt,all,0.5,1.5,2,initial,435,435,435,117,317,216,101,1,0,216,0.49655172,4400,1355,3.11494253,230,205,"two-contract post-signal scalp: one contract exits at first target, one runner uses selected stop mode and runner target"
1,signal_scaled_scalp:strategy=impulse_continue_5bar_2pt:direction=all:first_target_points=0.5:stop_points=1.5:runner_target_points=3:runner_stop_mode=breakeven,impulse_continue_5bar_2pt,all,0.5,1.5,3,breakeven,435,435,435,117,317,107,210,1,0,317,0.72873563,6425,3380,7.77011494,230,205,"two-contract post-signal scalp: one contract exits at first target, one runner uses selected stop mode and runner target"
1,signal_scaled_scalp:strategy=impulse_continue_5bar_2pt:direction=all:first_target_points=0.5:stop_points=1.5:runner_target_points=3:runner_stop_mode=initial,impulse_continue_5bar_2pt,all,0.5,1.5,3,initial,435,435,435,117,317,178,139,1,0,178,0.4091954,6650,3605,8.28735632,230,205,"two-contract post-signal scalp: one contract exits at first target, one runner uses selected stop mode and runner target"
1,signal_scaled_scalp:strategy=impulse_continue_5bar_2pt:direction=all:first_target_points=0.5:stop_points=1.5:runner_target_points=5:runner_stop_mode=breakeven,impulse_continue_5bar_2pt,all,0.5,1.5,5,breakeven,435,435,435,117,317,70,246,2,0,317,0.72873563,8062.5,5017.5,11.53448276,230,205,"two-contract post-signal scalp: one contract exits at first target, one runner uses selected stop mode and runner target"
1,signal_scaled_scalp:strategy=impulse_continue_5bar_2pt:direction=all:first_target_points=0.5:stop_points=1.5:runner_target_points=5:runner_stop_mode=initial,impulse_continue_5bar_2pt,all,0.5,1.5,5,initial,435,435,435,117,317,118,198,2,0,119,0.27356322,5212.5,2167.5,4.98275862,230,205,"two-contract post-signal scalp: one contract exits at first target, one runner uses selected stop mode and runner target"
1,signal_scaled_scalp:strategy=impulse_continue_5bar_2pt:direction=all:first_target_points=0.5:stop_points=2:runner_target_points=1.5:runner_stop_mode=breakeven,impulse_continue_5bar_2pt,all,0.5,2,1.5,breakeven,435,435,435,92,342,165,177,1,0,342,0.7862069,2525,-520,-1.1954023,230,205,"two-contract post-signal scalp: one contract exits at first target, one runner uses selected stop mode and runner target"
1,signal_scaled_scalp:strategy=impulse_continue_5bar_2pt:direction=all:first_target_points=0.5:stop_points=2:runner_target_points=1.5:runner_stop_mode=initial,impulse_continue_5bar_2pt,all,0.5,2,1.5,initial,435,435,435,92,342,267,75,1,0,267,0.6137931,2675,-370,-0.85057471,230,205,"two-contract post-signal scalp: one contract exits at first target, one runner uses selected stop mode and runner target"
1,signal_scaled_scalp:strategy=impulse_continue_5bar_2pt:direction=all:first_target_points=0.5:stop_points=2:runner_target_points=2:runner_stop_mode=breakeven,impulse_continue_5bar_2pt,all,0.5,2,2,breakeven,435,435,435,92,342,144,198,1,0,342,0.7862069,4550,1505,3.45977011,230,205,"two-contract post-signal scalp: one contract exits at first target, one runner uses selected stop mode and runner target"
1,signal_scaled_scalp:strategy=impulse_continue_5bar_2pt:direction=all:first_target_points=0.5:stop_points=2:runner_target_points=2:runner_stop_mode=initial,impulse_continue_5bar_2pt,all,0.5,2,2,initial,435,435,435,92,342,237,105,1,0,237,0.54482759,3350,305,0.70114943,230,205,"two-contract post-signal scalp: one contract exits at first target, one runner uses selected stop mode and runner target"
1,signal_scaled_scalp:strategy=impulse_continue_5bar_2pt:direction=all:first_target_points=0.5:stop_points=2:runner_target_points=3:runner_stop_mode=breakeven,impulse_continue_5bar_2pt,all,0.5,2,3,breakeven,435,435,435,92,342,116,226,1,0,342,0.7862069,7550,4505,10.35632184,230,205,"two-contract post-signal scalp: one contract exits at first target, one runner uses selected stop mode and runner target"
1,signal_scaled_scalp:strategy=impulse_continue_5bar_2pt:direction=all:first_target_points=0.5:stop_points=2:runner_target_points=3:runner_stop_mode=initial,impulse_continue_5bar_2pt,all,0.5,2,3,initial,435,435,435,92,342,199,143,1,0,199,0.45747126,5700,2655,6.10344828,230,205,"two-contract post-signal scalp: one contract exits at first target, one runner uses selected stop mode and runner target"
1,signal_scaled_scalp:strategy=impulse_continue_5bar_2pt:direction=all:first_target_points=0.5:stop_points=2:runner_target_points=5:runner_stop_mode=breakeven,impulse_continue_5bar_2pt,all,0.5,2,5,breakeven,435,435,435,92,342,77,264,2,0,342,0.7862069,9587.5,6542.5,15.04022989,230,205,"two-contract post-signal scalp: one contract exits at first target, one runner uses selected stop mode and runner target"
1,signal_scaled_scalp:strategy=impulse_continue_5bar_2pt:direction=all:first_target_points=0.5:stop_points=2:runner_target_points=5:runner_stop_mode=initial,impulse_continue_5bar_2pt,all,0.5,2,5,initial,435,435,435,92,342,140,201,2,0,141,0.32413793,5237.5,2192.5,5.04022989,230,205,"two-contract post-signal scalp: one contract exits at first target, one runner uses selected stop mode and runner target"
1,signal_scaled_scalp:strategy=impulse_continue_5bar_2pt:direction=all:first_target_points=1:stop_points=1:runner_target_points=1.5:runner_stop_mode=breakeven,impulse_continue_5bar_2pt,all,1,1,1.5,breakeven,435,435,435,190,244,177,67,1,0,244,0.56091954,6475,3430,7.88505747,230,205,"two-contract post-signal scalp: one contract exits at first target, one runner uses selected stop mode and runner target"
1,signal_scaled_scalp:strategy=impulse_continue_5bar_2pt:direction=all:first_target_points=1:stop_points=1:runner_target_points=1.5:runner_stop_mode=initial,impulse_continue_5bar_2pt,all,1,1,1.5,initial,435,435,435,190,244,211,33,1,0,211,0.48505747,7375,4330,9.95402299,230,205,"two-contract post-signal scalp: one contract exits at first target, one runner uses selected stop mode and runner target"
1,signal_scaled_scalp:strategy=impulse_continue_5bar_2pt:direction=all:first_target_points=1:stop_points=1:runner_target_points=2:runner_stop_mode=breakeven,impulse_continue_5bar_2pt,all,1,1,2,breakeven,435,435,435,190,244,145,99,1,0,244,0.56091954,7700,4655,10.70114943,230,205,"two-contract post-signal scalp: one contract exits at first target, one runner uses selected stop mode and runner target"
1,signal_scaled_scalp:strategy=impulse_continue_5bar_2pt:direction=all:first_target_points=1:stop_points=1:runner_target_points=2:runner_stop_mode=initial,impulse_continue_5bar_2pt,all,1,1,2,initial,435,435,435,190,244,180,64,1,0,180,0.4137931,8000,4955,11.3908046,230,205,"two-contract post-signal scalp: one contract exits at first target, one runner uses selected stop mode and runner target"
1,signal_scaled_scalp:strategy=impulse_continue_5bar_2pt:direction=all:first_target_points=1:stop_points=1:runner_target_points=3:runner_stop_mode=breakeven,impulse_continue_5bar_2pt,all,1,1,3,breakeven,435,435,435,190,244,114,130,1,0,244,0.56091954,10300,7255,16.67816092,230,205,"two-contract post-signal scalp: one contract exits at first target, one runner uses selected stop mode and runner target"
1,signal_scaled_scalp:strategy=impulse_continue_5bar_2pt:direction=all:first_target_points=1:stop_points=1:runner_target_points=3:runner_stop_mode=initial,impulse_continue_5bar_2pt,all,1,1,3,initial,435,435,435,190,244,143,101,1,0,143,0.32873563,9600,6555,15.06896552,230,205,"two-contract post-signal scalp: one contract exits at first target, one runner uses selected stop mode and runner target"
1,signal_scaled_scalp:strategy=impulse_continue_5bar_2pt:direction=all:first_target_points=1:stop_points=1:runner_target_points=5:runner_stop_mode=breakeven,impulse_continue_5bar_2pt,all,1,1,5,breakeven,435,435,435,190,244,71,172,2,0,244,0.56091954,11137.5,8092.5,18.60344828,230,205,"two-contract post-signal scalp: one contract exits at first target, one runner uses selected stop mode and runner target"
1,signal_scaled_scalp:strategy=impulse_continue_5bar_2pt:direction=all:first_target_points=1:stop_points=1:runner_target_points=5:runner_stop_mode=initial,impulse_continue_5bar_2pt,all,1,1,5,initial,435,435,435,190,244,92,151,2,0,93,0.2137931,8837.5,5792.5,13.31609195,230,205,"two-contract post-signal scalp: one contract exits at first target, one runner uses selected stop mode and runner target"
1,signal_scaled_scalp:strategy=impulse_continue_5bar_2pt:direction=all:first_target_points=1:stop_points=1.5:runner_target_points=1.5:runner_stop_mode=breakeven,impulse_continue_5bar_2pt,all,1,1.5,1.5,breakeven,435,435,435,153,281,196,85,1,0,281,0.64597701,5800,2755,6.33333333,230,205,"two-contract post-signal scalp: one contract exits at first target, one runner uses selected stop mode and runner target"
1,signal_scaled_scalp:strategy=impulse_continue_5bar_2pt:direction=all:first_target_points=1:stop_points=1.5:runner_target_points=1.5:runner_stop_mode=initial,impulse_continue_5bar_2pt,all,1,1.5,1.5,initial,435,435,435,153,281,247,34,1,0,247,0.56781609,7075,4030,9.26436782,230,205,"two-contract post-signal scalp: one contract exits at first target, one runner uses selected stop mode and runner target"
1,signal_scaled_scalp:strategy=impulse_continue_5bar_2pt:direction=all:first_target_points=1:stop_points=1.5:runner_target_points=2:runner_stop_mode=breakeven,impulse_continue_5bar_2pt,all,1,1.5,2,breakeven,435,435,435,153,281,164,117,1,0,281,0.64597701,7500,4455,10.24137931,230,205,"two-contract post-signal scalp: one contract exits at first target, one runner uses selected stop mode and runner target"
1,signal_scaled_scalp:strategy=impulse_continue_5bar_2pt:direction=all:first_target_points=1:stop_points=1.5:runner_target_points=2:runner_stop_mode=initial,impulse_continue_5bar_2pt,all,1,1.5,2,initial,435,435,435,153,281,216,65,1,0,216,0.49655172,7825,4780,10.98850575,230,205,"two-contract post-signal scalp: one contract exits at first target, one runner uses selected stop mode and runner target"
1,signal_scaled_scalp:strategy=impulse_continue_5bar_2pt:direction=all:first_target_points=1:stop_points=1.5:runner_target_points=3:runner_stop_mode=breakeven,impulse_continue_5bar_2pt,all,1,1.5,3,breakeven,435,435,435,153,281,128,153,1,0,281,0.64597701,10300,7255,16.67816092,230,205,"two-contract post-signal scalp: one contract exits at first target, one runner uses selected stop mode and runner target"
1,signal_scaled_scalp:strategy=impulse_continue_5bar_2pt:direction=all:first_target_points=1:stop_points=1.5:runner_target_points=3:runner_stop_mode=initial,impulse_continue_5bar_2pt,all,1,1.5,3,initial,435,435,435,153,281,178,103,1,0,178,0.4091954,10075,7030,16.16091954,230,205,"two-contract post-signal scalp: one contract exits at first target, one runner uses selected stop mode and runner target"
1,signal_scaled_scalp:strategy=impulse_continue_5bar_2pt:direction=all:first_target_points=1:stop_points=1.5:runner_target_points=5:runner_stop_mode=breakeven,impulse_continue_5bar_2pt,all,1,1.5,5,breakeven,435,435,435,153,281,81,199,2,0,281,0.64597701,11537.5,8492.5,19.52298851,230,205,"two-contract post-signal scalp: one contract exits at first target, one runner uses selected stop mode and runner target"
1,signal_scaled_scalp:strategy=impulse_continue_5bar_2pt:direction=all:first_target_points=1:stop_points=1.5:runner_target_points=5:runner_stop_mode=initial,impulse_continue_5bar_2pt,all,1,1.5,5,initial,435,435,435,153,281,118,162,2,0,119,0.27356322,8637.5,5592.5,12.85632184,230,205,"two-contract post-signal scalp: one contract exits at first target, one runner uses selected stop mode and runner target"
1,signal_scaled_scalp:strategy=impulse_continue_5bar_2pt:direction=all:first_target_points=1:stop_points=2:runner_target_points=1.5:runner_stop_mode=breakeven,impulse_continue_5bar_2pt,all,1,2,1.5,breakeven,435,435,435,128,306,211,95,1,0,306,0.70344828,5525,2480,5.70114943,230,205,"two-contract post-signal scalp: one contract exits at first target, one runner uses selected stop mode and runner target"
1,signal_scaled_scalp:strategy=impulse_continue_5bar_2pt:direction=all:first_target_points=1:stop_points=2:runner_target_points=1.5:runner_stop_mode=initial,impulse_continue_5bar_2pt,all,1,2,1.5,initial,435,435,435,128,306,267,39,1,0,267,0.6137931,5825,2780,6.3908046,230,205,"two-contract post-signal scalp: one contract exits at first target, one runner uses selected stop mode and runner target"
1,signal_scaled_scalp:strategy=impulse_continue_5bar_2pt:direction=all:first_target_points=1:stop_points=2:runner_target_points=2:runner_stop_mode=breakeven,impulse_continue_5bar_2pt,all,1,2,2,breakeven,435,435,435,128,306,176,130,1,0,306,0.70344828,7300,4255,9.7816092,230,205,"two-contract post-signal scalp: one contract exits at first target, one runner uses selected stop mode and runner target"
1,signal_scaled_scalp:strategy=impulse_continue_5bar_2pt:direction=all:first_target_points=1:stop_points=2:runner_target_points=2:runner_stop_mode=initial,impulse_continue_5bar_2pt,all,1,2,2,initial,435,435,435,128,306,237,69,1,0,237,0.54482759,6500,3455,7.94252874,230,205,"two-contract post-signal scalp: one contract exits at first target, one runner uses selected stop mode and runner target"
1,signal_scaled_scalp:strategy=impulse_continue_5bar_2pt:direction=all:first_target_points=1:stop_points=2:runner_target_points=3:runner_stop_mode=breakeven,impulse_continue_5bar_2pt,all,1,2,3,breakeven,435,435,435,128,306,137,169,1,0,306,0.70344828,10250,7205,16.56321839,230,205,"two-contract post-signal scalp: one contract exits at first target, one runner uses selected stop mode and runner target"
1,signal_scaled_scalp:strategy=impulse_continue_5bar_2pt:direction=all:first_target_points=1:stop_points=2:runner_target_points=3:runner_stop_mode=initial,impulse_continue_5bar_2pt,all,1,2,3,initial,435,435,435,128,306,199,107,1,0,199,0.45747126,8850,5805,13.34482759,230,205,"two-contract post-signal scalp: one contract exits at first target, one runner uses selected stop mode and runner target"
1,signal_scaled_scalp:strategy=impulse_continue_5bar_2pt:direction=all:first_target_points=1:stop_points=2:runner_target_points=5:runner_stop_mode=breakeven,impulse_continue_5bar_2pt,all,1,2,5,breakeven,435,435,435,128,306,88,217,2,0,306,0.70344828,11887.5,8842.5,20.32758621,230,205,"two-contract post-signal scalp: one contract exits at first target, one runner uses selected stop mode and runner target"
1,signal_scaled_scalp:strategy=impulse_continue_5bar_2pt:direction=all:first_target_points=1:stop_points=2:runner_target_points=5:runner_stop_mode=initial,impulse_continue_5bar_2pt,all,1,2,5,initial,435,435,435,128,306,140,165,2,0,141,0.32413793,8387.5,5342.5,12.2816092,230,205,"two-contract post-signal scalp: one contract exits at first target, one runner uses selected stop mode and runner target"
1,signal_scaled_scalp:strategy=impulse_continue_5bar_2pt:direction=all:first_target_points=1.5:stop_points=1:runner_target_points=2:runner_stop_mode=breakeven,impulse_continue_5bar_2pt,all,1.5,1,2,breakeven,435,435,435,223,211,170,41,1,0,211,0.48505747,10525,7480,17.1954023,230,205,"two-contract post-signal scalp: one contract exits at first target, one runner uses selected stop mode and runner target"
1,signal_scaled_scalp:strategy=impulse_continue_5bar_2pt:direction=all:first_target_points=1.5:stop_points=1:runner_target_points=2:runner_stop_mode=initial,impulse_continue_5bar_2pt,all,1.5,1,2,initial,435,435,435,223,211,180,31,1,0,211,0.48505747,9975,6930,15.93103448,230,205,"two-contract post-signal scalp: one contract exits at first target, one runner uses selected stop mode and runner target"
1,signal_scaled_scalp:strategy=impulse_continue_5bar_2pt:direction=all:first_target_points=1.5:stop_points=1:runner_target_points=3:runner_stop_mode=breakeven,impulse_continue_5bar_2pt,all,1.5,1,3,breakeven,435,435,435,223,211,128,83,1,0,211,0.48505747,12725,9680,22.25287356,230,205,"two-contract post-signal scalp: one contract exits at first target, one runner uses selected stop mode and runner target"
1,signal_scaled_scalp:strategy=impulse_continue_5bar_2pt:direction=all:first_target_points=1.5:stop_points=1:runner_target_points=3:runner_stop_mode=initial,impulse_continue_5bar_2pt,all,1.5,1,3,initial,435,435,435,223,211,143,68,1,0,211,0.48505747,11575,8530,19.6091954,230,205,"two-contract post-signal scalp: one contract exits at first target, one runner uses selected stop mode and runner target"
1,signal_scaled_scalp:strategy=impulse_continue_5bar_2pt:direction=all:first_target_points=1.5:stop_points=1:runner_target_points=5:runner_stop_mode=breakeven,impulse_continue_5bar_2pt,all,1.5,1,5,breakeven,435,435,435,223,211,77,133,2,0,211,0.48505747,12962.5,9917.5,22.79885057,230,205,"two-contract post-signal scalp: one contract exits at first target, one runner uses selected stop mode and runner target"
1,signal_scaled_scalp:strategy=impulse_continue_5bar_2pt:direction=all:first_target_points=1.5:stop_points=1:runner_target_points=5:runner_stop_mode=initial,impulse_continue_5bar_2pt,all,1.5,1,5,initial,435,435,435,223,211,92,118,2,0,211,0.48505747,10812.5,7767.5,17.85632184,230,205,"two-contract post-signal scalp: one contract exits at first target, one runner uses selected stop mode and runner target"
1,signal_scaled_scalp:strategy=impulse_continue_5bar_2pt:direction=all:first_target_points=1.5:stop_points=1.5:runner_target_points=2:runner_stop_mode=breakeven,impulse_continue_5bar_2pt,all,1.5,1.5,2,breakeven,435,435,435,187,247,205,42,1,0,247,0.56781609,10975,7930,18.22988506,230,205,"two-contract post-signal scalp: one contract exits at first target, one runner uses selected stop mode and runner target"
1,signal_scaled_scalp:strategy=impulse_continue_5bar_2pt:direction=all:first_target_points=1.5:stop_points=1.5:runner_target_points=2:runner_stop_mode=initial,impulse_continue_5bar_2pt,all,1.5,1.5,2,initial,435,435,435,187,247,216,31,1,0,216,0.49655172,9750,6705,15.4137931,230,205,"two-contract post-signal scalp: one contract exits at first target, one runner uses selected stop mode and runner target"
1,signal_scaled_scalp:strategy=impulse_continue_5bar_2pt:direction=all:first_target_points=1.5:stop_points=1.5:runner_target_points=3:runner_stop_mode=breakeven,impulse_continue_5bar_2pt,all,1.5,1.5,3,breakeven,435,435,435,187,247,153,94,1,0,247,0.56781609,13425,10380,23.86206897,230,205,"two-contract post-signal scalp: one contract exits at first target, one runner uses selected stop mode and runner target"
1,signal_scaled_scalp:strategy=impulse_continue_5bar_2pt:direction=all:first_target_points=1.5:stop_points=1.5:runner_target_points=3:runner_stop_mode=initial,impulse_continue_5bar_2pt,all,1.5,1.5,3,initial,435,435,435,187,247,178,69,1,0,178,0.4091954,12000,8955,20.5862069,230,205,"two-contract post-signal scalp: one contract exits at first target, one runner uses selected stop mode and runner target"
1,signal_scaled_scalp:strategy=impulse_continue_5bar_2pt:direction=all:first_target_points=1.5:stop_points=1.5:runner_target_points=5:runner_stop_mode=breakeven,impulse_continue_5bar_2pt,all,1.5,1.5,5,breakeven,435,435,435,187,247,92,154,2,0,247,0.56781609,13662.5,10617.5,24.40804598,230,205,"two-contract post-signal scalp: one contract exits at first target, one runner uses selected stop mode and runner target"
1,signal_scaled_scalp:strategy=impulse_continue_5bar_2pt:direction=all:first_target_points=1.5:stop_points=1.5:runner_target_points=5:runner_stop_mode=initial,impulse_continue_5bar_2pt,all,1.5,1.5,5,initial,435,435,435,187,247,118,128,2,0,119,0.27356322,10562.5,7517.5,17.2816092,230,205,"two-contract post-signal scalp: one contract exits at first target, one runner uses selected stop mode and runner target"
1,signal_scaled_scalp:strategy=impulse_continue_5bar_2pt:direction=all:first_target_points=1.5:stop_points=2:runner_target_points=2:runner_stop_mode=breakeven,impulse_continue_5bar_2pt,all,1.5,2,2,breakeven,435,435,435,167,267,222,45,1,0,267,0.6137931,8825,5780,13.28735632,230,205,"two-contract post-signal scalp: one contract exits at first target, one runner uses selected stop mode and runner target"
1,signal_scaled_scalp:strategy=impulse_continue_5bar_2pt:direction=all:first_target_points=1.5:stop_points=2:runner_target_points=2:runner_stop_mode=initial,impulse_continue_5bar_2pt,all,1.5,2,2,initial,435,435,435,167,267,237,30,1,0,237,0.54482759,7325,4280,9.83908046,230,205,"two-contract post-signal scalp: one contract exits at first target, one runner uses selected stop mode and runner target"
1,signal_scaled_scalp:strategy=impulse_continue_5bar_2pt:direction=all:first_target_points=1.5:stop_points=2:runner_target_points=3:runner_stop_mode=breakeven,impulse_continue_5bar_2pt,all,1.5,2,3,breakeven,435,435,435,167,267,167,100,1,0,267,0.6137931,11675,8630,19.83908046,230,205,"two-contract post-signal scalp: one contract exits at first target, one runner uses selected stop mode and runner target"
1,signal_scaled_scalp:strategy=impulse_continue_5bar_2pt:direction=all:first_target_points=1.5:stop_points=2:runner_target_points=3:runner_stop_mode=initial,impulse_continue_5bar_2pt,all,1.5,2,3,initial,435,435,435,167,267,199,68,1,0,199,0.45747126,9675,6630,15.24137931,230,205,"two-contract post-signal scalp: one contract exits at first target, one runner uses selected stop mode and runner target"
1,signal_scaled_scalp:strategy=impulse_continue_5bar_2pt:direction=all:first_target_points=1.5:stop_points=2:runner_target_points=5:runner_stop_mode=breakeven,impulse_continue_5bar_2pt,all,1.5,2,5,breakeven,435,435,435,167,267,101,165,2,0,267,0.6137931,12062.5,9017.5,20.72988506,230,205,"two-contract post-signal scalp: one contract exits at first target, one runner uses selected stop mode and runner target"
1,signal_scaled_scalp:strategy=impulse_continue_5bar_2pt:direction=all:first_target_points=1.5:stop_points=2:runner_target_points=5:runner_stop_mode=initial,impulse_continue_5bar_2pt,all,1.5,2,5,initial,435,435,435,167,267,140,126,2,0,141,0.32413793,9212.5,6167.5,14.17816092,230,205,"two-contract post-signal scalp: one contract exits at first target, one runner uses selected stop mode and runner target"
1,signal_scaled_scalp:strategy=impulse_fade_10bar_3pt:direction=all:first_target_points=0.5:stop_points=1:runner_target_points=1.5:runner_stop_mode=breakeven,impulse_fade_10bar_3pt,all,0.5,1,1.5,breakeven,430,430,430,181,248,125,123,1,0,248,0.57674419,-2525,-5535,-12.87209302,210,220,"two-contract post-signal scalp: one contract exits at first target, one runner uses selected stop mode and runner target"
1,signal_scaled_scalp:strategy=impulse_fade_10bar_3pt:direction=all:first_target_points=0.5:stop_points=1:runner_target_points=1.5:runner_stop_mode=initial,impulse_fade_10bar_3pt,all,0.5,1,1.5,initial,430,430,430,181,248,179,69,1,0,179,0.41627907,-1925,-4935,-11.47674419,210,220,"two-contract post-signal scalp: one contract exits at first target, one runner uses selected stop mode and runner target"
1,signal_scaled_scalp:strategy=impulse_fade_10bar_3pt:direction=all:first_target_points=0.5:stop_points=1:runner_target_points=2:runner_stop_mode=breakeven,impulse_fade_10bar_3pt,all,0.5,1,2,breakeven,430,430,430,181,248,108,140,1,0,248,0.57674419,-1100,-4110,-9.55813953,210,220,"two-contract post-signal scalp: one contract exits at first target, one runner uses selected stop mode and runner target"
1,signal_scaled_scalp:strategy=impulse_fade_10bar_3pt:direction=all:first_target_points=0.5:stop_points=1:runner_target_points=2:runner_stop_mode=initial,impulse_fade_10bar_3pt,all,0.5,1,2,initial,430,430,430,181,248,155,93,1,0,155,0.36046512,-1050,-4060,-9.44186047,210,220,"two-contract post-signal scalp: one contract exits at first target, one runner uses selected stop mode and runner target"
1,signal_scaled_scalp:strategy=impulse_fade_10bar_3pt:direction=all:first_target_points=0.5:stop_points=1:runner_target_points=3:runner_stop_mode=breakeven,impulse_fade_10bar_3pt,all,0.5,1,3,breakeven,430,430,430,181,248,78,170,1,0,248,0.57674419,-200,-3210,-7.46511628,210,220,"two-contract post-signal scalp: one contract exits at first target, one runner uses selected stop mode and runner target"
1,signal_scaled_scalp:strategy=impulse_fade_10bar_3pt:direction=all:first_target_points=0.5:stop_points=1:runner_target_points=3:runner_stop_mode=initial,impulse_fade_10bar_3pt,all,0.5,1,3,initial,430,430,430,181,248,120,128,1,0,120,0.27906977,-300,-3310,-7.69767442,210,220,"two-contract post-signal scalp: one contract exits at first target, one runner uses selected stop mode and runner target"
1,signal_scaled_scalp:strategy=impulse_fade_10bar_3pt:direction=all:first_target_points=0.5:stop_points=1:runner_target_points=5:runner_stop_mode=breakeven,impulse_fade_10bar_3pt,all,0.5,1,5,breakeven,430,430,430,181,248,54,193,2,0,248,0.57674419,1825,-1185,-2.75581395,210,220,"two-contract post-signal scalp: one contract exits at first target, one runner uses selected stop mode and runner target"
1,signal_scaled_scalp:strategy=impulse_fade_10bar_3pt:direction=all:first_target_points=0.5:stop_points=1:runner_target_points=5:runner_stop_mode=initial,impulse_fade_10bar_3pt,all,0.5,1,5,initial,430,430,430,181,248,84,163,2,0,85,0.19767442,1175,-1835,-4.26744186,210,220,"two-contract post-signal scalp: one contract exits at first target, one runner uses selected stop mode and runner target"
1,signal_scaled_scalp:strategy=impulse_fade_10bar_3pt:direction=all:first_target_points=0.5:stop_points=1.5:runner_target_points=1.5:runner_stop_mode=breakeven,impulse_fade_10bar_3pt,all,0.5,1.5,1.5,breakeven,430,430,430,146,283,137,146,1,0,283,0.65813953,-4550,-7560,-17.58139535,210,220,"two-contract post-signal scalp: one contract exits at first target, one runner uses selected stop mode and runner target"
1,signal_scaled_scalp:strategy=impulse_fade_10bar_3pt:direction=all:first_target_points=0.5:stop_points=1.5:runner_target_points=1.5:runner_stop_mode=initial,impulse_fade_10bar_3pt,all,0.5,1.5,1.5,initial,430,430,430,146,283,214,69,1,0,214,0.49767442,-3950,-6960,-16.18604651,210,220,"two-contract post-signal scalp: one contract exits at first target, one runner uses selected stop mode and runner target"
1,signal_scaled_scalp:strategy=impulse_fade_10bar_3pt:direction=all:first_target_points=0.5:stop_points=1.5:runner_target_points=2:runner_stop_mode=breakeven,impulse_fade_10bar_3pt,all,0.5,1.5,2,breakeven,430,430,430,146,283,116,167,1,0,283,0.65813953,-3225,-6235,-14.5,210,220,"two-contract post-signal scalp: one contract exits at first target, one runner uses selected stop mode and runner target"
1,signal_scaled_scalp:strategy=impulse_fade_10bar_3pt:direction=all:first_target_points=0.5:stop_points=1.5:runner_target_points=2:runner_stop_mode=initial,impulse_fade_10bar_3pt,all,0.5,1.5,2,initial,430,430,430,146,283,186,97,1,0,186,0.43255814,-3500,-6510,-15.13953488,210,220,"two-contract post-signal scalp: one contract exits at first target, one runner uses selected stop mode and runner target"
1,signal_scaled_scalp:strategy=impulse_fade_10bar_3pt:direction=all:first_target_points=0.5:stop_points=1.5:runner_target_points=3:runner_stop_mode=breakeven,impulse_fade_10bar_3pt,all,0.5,1.5,3,breakeven,430,430,430,146,283,80,203,1,0,283,0.65813953,-2825,-5835,-13.56976744,210,220,"two-contract post-signal scalp: one contract exits at first target, one runner uses selected stop mode and runner target"
1,signal_scaled_scalp:strategy=impulse_fade_10bar_3pt:direction=all:first_target_points=0.5:stop_points=1.5:runner_target_points=3:runner_stop_mode=initial,impulse_fade_10bar_3pt,all,0.5,1.5,3,initial,430,430,430,146,283,145,138,1,0,145,0.3372093,-3425,-6435,-14.96511628,210,220,"two-contract post-signal scalp: one contract exits at first target, one runner uses selected stop mode and runner target"
1,signal_scaled_scalp:strategy=impulse_fade_10bar_3pt:direction=all:first_target_points=0.5:stop_points=1.5:runner_target_points=5:runner_stop_mode=breakeven,impulse_fade_10bar_3pt,all,0.5,1.5,5,breakeven,430,430,430,146,283,55,227,2,0,283,0.65813953,-850,-3860,-8.97674419,210,220,"two-contract post-signal scalp: one contract exits at first target, one runner uses selected stop mode and runner target"
1,signal_scaled_scalp:strategy=impulse_fade_10bar_3pt:direction=all:first_target_points=0.5:stop_points=1.5:runner_target_points=5:runner_stop_mode=initial,impulse_fade_10bar_3pt,all,0.5,1.5,5,initial,430,430,430,146,283,106,176,2,0,107,0.24883721,-1300,-4310,-10.02325581,210,220,"two-contract post-signal scalp: one contract exits at first target, one runner uses selected stop mode and runner target"
1,signal_scaled_scalp:strategy=impulse_fade_10bar_3pt:direction=all:first_target_points=0.5:stop_points=2:runner_target_points=1.5:runner_stop_mode=breakeven,impulse_fade_10bar_3pt,all,0.5,2,1.5,breakeven,430,430,430,122,307,150,157,1,0,307,0.71395349,-5475,-8485,-19.73255814,210,220,"two-contract post-signal scalp: one contract exits at first target, one runner uses selected stop mode and runner target"
1,signal_scaled_scalp:strategy=impulse_fade_10bar_3pt:direction=all:first_target_points=0.5:stop_points=2:runner_target_points=1.5:runner_stop_mode=initial,impulse_fade_10bar_3pt,all,0.5,2,1.5,initial,430,430,430,122,307,246,61,1,0,246,0.57209302,-4375,-7385,-17.1744186,210,220,"two-contract post-signal scalp: one contract exits at first target, one runner uses selected stop mode and runner target"
1,signal_scaled_scalp:strategy=impulse_fade_10bar_3pt:direction=all:first_target_points=0.5:stop_points=2:runner_target_points=2:runner_stop_mode=breakeven,impulse_fade_10bar_3pt,all,0.5,2,2,breakeven,430,430,430,122,307,126,181,1,0,307,0.71395349,-4125,-7135,-16.59302326,210,220,"two-contract post-signal scalp: one contract exits at first target, one runner uses selected stop mode and runner target"
1,signal_scaled_scalp:strategy=impulse_fade_10bar_3pt:direction=all:first_target_points=0.5:stop_points=2:runner_target_points=2:runner_stop_mode=initial,impulse_fade_10bar_3pt,all,0.5,2,2,initial,430,430,430,122,307,216,91,1,0,216,0.50232558,-4225,-7235,-16.8255814,210,220,"two-contract post-signal scalp: one contract exits at first target, one runner uses selected stop mode and runner target"
1,signal_scaled_scalp:strategy=impulse_fade_10bar_3pt:direction=all:first_target_points=0.5:stop_points=2:runner_target_points=3:runner_stop_mode=breakeven,impulse_fade_10bar_3pt,all,0.5,2,3,breakeven,430,430,430,122,307,86,221,1,0,307,0.71395349,-3825,-6835,-15.89534884,210,220,"two-contract post-signal scalp: one contract exits at first target, one runner uses selected stop mode and runner target"
1,signal_scaled_scalp:strategy=impulse_fade_10bar_3pt:direction=all:first_target_points=0.5:stop_points=2:runner_target_points=3:runner_stop_mode=initial,impulse_fade_10bar_3pt,all,0.5,2,3,initial,430,430,430,122,307,172,134,2,0,173,0.40232558,-4300,-7310,-17,210,220,"two-contract post-signal scalp: one contract exits at first target, one runner uses selected stop mode and runner target"
1,signal_scaled_scalp:strategy=impulse_fade_10bar_3pt:direction=all:first_target_points=0.5:stop_points=2:runner_target_points=5:runner_stop_mode=breakeven,impulse_fade_10bar_3pt,all,0.5,2,5,breakeven,430,430,430,122,307,59,247,2,0,307,0.71395349,-1750,-4760,-11.06976744,210,220,"two-contract post-signal scalp: one contract exits at first target, one runner uses selected stop mode and runner target"
1,signal_scaled_scalp:strategy=impulse_fade_10bar_3pt:direction=all:first_target_points=0.5:stop_points=2:runner_target_points=5:runner_stop_mode=initial,impulse_fade_10bar_3pt,all,0.5,2,5,initial,430,430,430,122,307,128,177,3,0,130,0.30232558,-2175,-5185,-12.05813953,210,220,"two-contract post-signal scalp: one contract exits at first target, one runner uses selected stop mode and runner target"
1,signal_scaled_scalp:strategy=impulse_fade_10bar_3pt:direction=all:first_target_points=1:stop_points=1:runner_target_points=1.5:runner_stop_mode=breakeven,impulse_fade_10bar_3pt,all,1,1,1.5,breakeven,430,430,430,220,209,154,55,1,0,209,0.48604651,0,-3010,-7,210,220,"two-contract post-signal scalp: one contract exits at first target, one runner uses selected stop mode and runner target"
1,signal_scaled_scalp:strategy=impulse_fade_10bar_3pt:direction=all:first_target_points=1:stop_points=1:runner_target_points=1.5:runner_stop_mode=initial,impulse_fade_10bar_3pt,all,1,1,1.5,initial,430,430,430,220,209,179,30,1,0,179,0.41627907,375,-2635,-6.12790698,210,220,"two-contract post-signal scalp: one contract exits at first target, one runner uses selected stop mode and runner target"
1,signal_scaled_scalp:strategy=impulse_fade_10bar_3pt:direction=all:first_target_points=1:stop_points=1:runner_target_points=2:runner_stop_mode=breakeven,impulse_fade_10bar_3pt,all,1,1,2,breakeven,430,430,430,220,209,130,79,1,0,209,0.48604651,1450,-1560,-3.62790698,210,220,"two-contract post-signal scalp: one contract exits at first target, one runner uses selected stop mode and runner target"
1,signal_scaled_scalp:strategy=impulse_fade_10bar_3pt:direction=all:first_target_points=1:stop_points=1:runner_target_points=2:runner_stop_mode=initial,impulse_fade_10bar_3pt,all,1,1,2,initial,430,430,430,220,209,155,54,1,0,155,0.36046512,1250,-1760,-4.09302326,210,220,"two-contract post-signal scalp: one contract exits at first target, one runner uses selected stop mode and runner target"
1,signal_scaled_scalp:strategy=impulse_fade_10bar_3pt:direction=all:first_target_points=1:stop_points=1:runner_target_points=3:runner_stop_mode=breakeven,impulse_fade_10bar_3pt,all,1,1,3,breakeven,430,430,430,220,209,96,113,1,0,209,0.48604651,2850,-160,-0.37209302,210,220,"two-contract post-signal scalp: one contract exits at first target, one runner uses selected stop mode and runner target"
1,signal_scaled_scalp:strategy=impulse_fade_10bar_3pt:direction=all:first_target_points=1:stop_points=1:runner_target_points=3:runner_stop_mode=initial,impulse_fade_10bar_3pt,all,1,1,3,initial,430,430,430,220,209,120,89,1,0,120,0.27906977,2000,-1010,-2.34883721,210,220,"two-contract post-signal scalp: one contract exits at first target, one runner uses selected stop mode and runner target"
1,signal_scaled_scalp:strategy=impulse_fade_10bar_3pt:direction=all:first_target_points=1:stop_points=1:runner_target_points=5:runner_stop_mode=breakeven,impulse_fade_10bar_3pt,all,1,1,5,breakeven,430,430,430,220,209,61,147,2,0,209,0.48604651,3925,915,2.12790698,210,220,"two-contract post-signal scalp: one contract exits at first target, one runner uses selected stop mode and runner target"
1,signal_scaled_scalp:strategy=impulse_fade_10bar_3pt:direction=all:first_target_points=1:stop_points=1:runner_target_points=5:runner_stop_mode=initial,impulse_fade_10bar_3pt,all,1,1,5,initial,430,430,430,220,209,84,124,2,0,85,0.19767442,3475,465,1.08139535,210,220,"two-contract post-signal scalp: one contract exits at first target, one runner uses selected stop mode and runner target"
1,signal_scaled_scalp:strategy=impulse_fade_10bar_3pt:direction=all:first_target_points=1:stop_points=1.5:runner_target_points=1.5:runner_stop_mode=breakeven,impulse_fade_10bar_3pt,all,1,1.5,1.5,breakeven,430,430,430,181,248,171,77,1,0,248,0.57674419,-1925,-4935,-11.47674419,210,220,"two-contract post-signal scalp: one contract exits at first target, one runner uses selected stop mode and runner target"
1,signal_scaled_scalp:strategy=impulse_fade_10bar_3pt:direction=all:first_target_points=1:stop_points=1.5:runner_target_points=1.5:runner_stop_mode=initial,impulse_fade_10bar_3pt,all,1,1.5,1.5,initial,430,430,430,181,248,214,34,1,0,214,0.49767442,-1250,-4260,-9.90697674,210,220,"two-contract post-signal scalp: one contract exits at first target, one runner uses selected stop mode and runner target"
1,signal_scaled_scalp:strategy=impulse_fade_10bar_3pt:direction=all:first_target_points=1:stop_points=1.5:runner_target_points=2:runner_stop_mode=breakeven,impulse_fade_10bar_3pt,all,1,1.5,2,breakeven,430,430,430,181,248,142,106,1,0,248,0.57674419,-550,-3560,-8.27906977,210,220,"two-contract post-signal scalp: one contract exits at first target, one runner uses selected stop mode and runner target"
1,signal_scaled_scalp:strategy=impulse_fade_10bar_3pt:direction=all:first_target_points=1:stop_points=1.5:runner_target_points=2:runner_stop_mode=initial,impulse_fade_10bar_3pt,all,1,1.5,2,initial,430,430,430,181,248,186,62,1,0,186,0.43255814,-800,-3810,-8.86046512,210,220,"two-contract post-signal scalp: one contract exits at first target, one runner uses selected stop mode and runner target"
1,signal_scaled_scalp:strategy=impulse_fade_10bar_3pt:direction=all:first_target_points=1:stop_points=1.5:runner_target_points=3:runner_stop_mode=breakeven,impulse_fade_10bar_3pt,all,1,1.5,3,breakeven,430,430,430,181,248,100,148,1,0,248,0.57674419,250,-2760,-6.41860465,210,220,"two-contract post-signal scalp: one contract exits at first target, one runner uses selected stop mode and runner target"
1,signal_scaled_scalp:strategy=impulse_fade_10bar_3pt:direction=all:first_target_points=1:stop_points=1.5:runner_target_points=3:runner_stop_mode=initial,impulse_fade_10bar_3pt,all,1,1.5,3,initial,430,430,430,181,248,145,103,1,0,145,0.3372093,-725,-3735,-8.68604651,210,220,"two-contract post-signal scalp: one contract exits at first target, one runner uses selected stop mode and runner target"
1,signal_scaled_scalp:strategy=impulse_fade_10bar_3pt:direction=all:first_target_points=1:stop_points=1.5:runner_target_points=5:runner_stop_mode=breakeven,impulse_fade_10bar_3pt,all,1,1.5,5,breakeven,430,430,430,181,248,64,183,2,0,248,0.57674419,1475,-1535,-3.56976744,210,220,"two-contract post-signal scalp: one contract exits at first target, one runner uses selected stop mode and runner target"
1,signal_scaled_scalp:strategy=impulse_fade_10bar_3pt:direction=all:first_target_points=1:stop_points=1.5:runner_target_points=5:runner_stop_mode=initial,impulse_fade_10bar_3pt,all,1,1.5,5,initial,430,430,430,181,248,106,141,2,0,107,0.24883721,1400,-1610,-3.74418605,210,220,"two-contract post-signal scalp: one contract exits at first target, one runner uses selected stop mode and runner target"
1,signal_scaled_scalp:strategy=impulse_fade_10bar_3pt:direction=all:first_target_points=1:stop_points=2:runner_target_points=1.5:runner_stop_mode=breakeven,impulse_fade_10bar_3pt,all,1,2,1.5,breakeven,430,430,430,150,279,197,82,1,0,279,0.64883721,-1275,-4285,-9.96511628,210,220,"two-contract post-signal scalp: one contract exits at first target, one runner uses selected stop mode and runner target"
1,signal_scaled_scalp:strategy=impulse_fade_10bar_3pt:direction=all:first_target_points=1:stop_points=2:runner_target_points=1.5:runner_stop_mode=initial,impulse_fade_10bar_3pt,all,1,2,1.5,initial,430,430,430,150,279,246,33,1,0,246,0.57209302,-900,-3910,-9.09302326,210,220,"two-contract post-signal scalp: one contract exits at first target, one runner uses selected stop mode and runner target"
1,signal_scaled_scalp:strategy=impulse_fade_10bar_3pt:direction=all:first_target_points=1:stop_points=2:runner_target_points=2:runner_stop_mode=breakeven,impulse_fade_10bar_3pt,all,1,2,2,breakeven,430,430,430,150,279,161,118,1,0,279,0.64883721,50,-2960,-6.88372093,210,220,"two-contract post-signal scalp: one contract exits at first target, one runner uses selected stop mode and runner target"
1,signal_scaled_scalp:strategy=impulse_fade_10bar_3pt:direction=all:first_target_points=1:stop_points=2:runner_target_points=2:runner_stop_mode=initial,impulse_fade_10bar_3pt,all,1,2,2,initial,430,430,430,150,279,216,63,1,0,216,0.50232558,-750,-3760,-8.74418605,210,220,"two-contract post-signal scalp: one contract exits at first target, one runner uses selected stop mode and runner target"
1,signal_scaled_scalp:strategy=impulse_fade_10bar_3pt:direction=all:first_target_points=1:stop_points=2:runner_target_points=3:runner_stop_mode=breakeven,impulse_fade_10bar_3pt,all,1,2,3,breakeven,430,430,430,150,279,112,167,1,0,279,0.64883721,750,-2260,-5.25581395,210,220,"two-contract post-signal scalp: one contract exits at first target, one runner uses selected stop mode and runner target"
1,signal_scaled_scalp:strategy=impulse_fade_10bar_3pt:direction=all:first_target_points=1:stop_points=2:runner_target_points=3:runner_stop_mode=initial,impulse_fade_10bar_3pt,all,1,2,3,initial,430,430,430,150,279,172,106,2,0,173,0.40232558,-825,-3835,-8.91860465,210,220,"two-contract post-signal scalp: one contract exits at first target, one runner uses selected stop mode and runner target"
1,signal_scaled_scalp:strategy=impulse_fade_10bar_3pt:direction=all:first_target_points=1:stop_points=2:runner_target_points=5:runner_stop_mode=breakeven,impulse_fade_10bar_3pt,all,1,2,5,breakeven,430,430,430,150,279,72,206,2,0,279,0.64883721,2175,-835,-1.94186047,210,220,"two-contract post-signal scalp: one contract exits at first target, one runner uses selected stop mode and runner target"
1,signal_scaled_scalp:strategy=impulse_fade_10bar_3pt:direction=all:first_target_points=1:stop_points=2:runner_target_points=5:runner_stop_mode=initial,impulse_fade_10bar_3pt,all,1,2,5,initial,430,430,430,150,279,128,149,3,0,130,0.30232558,1300,-1710,-3.97674419,210,220,"two-contract post-signal scalp: one contract exits at first target, one runner uses selected stop mode and runner target"
1,signal_scaled_scalp:strategy=impulse_fade_10bar_3pt:direction=all:first_target_points=1.5:stop_points=1:runner_target_points=2:runner_stop_mode=breakeven,impulse_fade_10bar_3pt,all,1.5,1,2,breakeven,430,430,430,250,179,148,31,1,0,179,0.41627907,3225,215,0.5,210,220,"two-contract post-signal scalp: one contract exits at first target, one runner uses selected stop mode and runner target"
1,signal_scaled_scalp:strategy=impulse_fade_10bar_3pt:direction=all:first_target_points=1.5:stop_points=1:runner_target_points=2:runner_stop_mode=initial,impulse_fade_10bar_3pt,all,1.5,1,2,initial,430,430,430,250,179,155,24,1,0,179,0.41627907,2725,-285,-0.6627907,210,220,"two-contract post-signal scalp: one contract exits at first target, one runner uses selected stop mode and runner target"
1,signal_scaled_scalp:strategy=impulse_fade_10bar_3pt:direction=all:first_target_points=1.5:stop_points=1:runner_target_points=3:runner_stop_mode=breakeven,impulse_fade_10bar_3pt,all,1.5,1,3,breakeven,430,430,430,250,179,108,71,1,0,179,0.41627907,4625,1615,3.75581395,210,220,"two-contract post-signal scalp: one contract exits at first target, one runner uses selected stop mode and runner target"
1,signal_scaled_scalp:strategy=impulse_fade_10bar_3pt:direction=all:first_target_points=1.5:stop_points=1:runner_target_points=3:runner_stop_mode=initial,impulse_fade_10bar_3pt,all,1.5,1,3,initial,430,430,430,250,179,120,59,1,0,179,0.41627907,3475,465,1.08139535,210,220,"two-contract post-signal scalp: one contract exits at first target, one runner uses selected stop mode and runner target"
1,signal_scaled_scalp:strategy=impulse_fade_10bar_3pt:direction=all:first_target_points=1.5:stop_points=1:runner_target_points=5:runner_stop_mode=breakeven,impulse_fade_10bar_3pt,all,1.5,1,5,breakeven,430,430,430,250,179,68,110,2,0,179,0.41627907,5650,2640,6.13953488,210,220,"two-contract post-signal scalp: one contract exits at first target, one runner uses selected stop mode and runner target"
1,signal_scaled_scalp:strategy=impulse_fade_10bar_3pt:direction=all:first_target_points=1.5:stop_points=1:runner_target_points=5:runner_stop_mode=initial,impulse_fade_10bar_3pt,all,1.5,1,5,initial,430,430,430,250,179,84,94,2,0,179,0.41627907,4950,1940,4.51162791,210,220,"two-contract post-signal scalp: one contract exits at first target, one runner uses selected stop mode and runner target"
1,signal_scaled_scalp:strategy=impulse_fade_10bar_3pt:direction=all:first_target_points=1.5:stop_points=1.5:runner_target_points=2:runner_stop_mode=breakeven,impulse_fade_10bar_3pt,all,1.5,1.5,2,breakeven,430,430,430,215,214,173,41,1,0,214,0.49767442,1100,-1910,-4.44186047,210,220,"two-contract post-signal scalp: one contract exits at first target, one runner uses selected stop mode and runner target"
1,signal_scaled_scalp:strategy=impulse_fade_10bar_3pt:direction=all:first_target_points=1.5:stop_points=1.5:runner_target_points=2:runner_stop_mode=initial,impulse_fade_10bar_3pt,all,1.5,1.5,2,initial,430,430,430,215,214,186,28,1,0,186,0.43255814,300,-2710,-6.30232558,210,220,"two-contract post-signal scalp: one contract exits at first target, one runner uses selected stop mode and runner target"
1,signal_scaled_scalp:strategy=impulse_fade_10bar_3pt:direction=all:first_target_points=1.5:stop_points=1.5:runner_target_points=3:runner_stop_mode=breakeven,impulse_fade_10bar_3pt,all,1.5,1.5,3,breakeven,430,430,430,215,214,121,93,1,0,214,0.49767442,1950,-1060,-2.46511628,210,220,"two-contract post-signal scalp: one contract exits at first target, one runner uses selected stop mode and runner target"
1,signal_scaled_scalp:strategy=impulse_fade_10bar_3pt:direction=all:first_target_points=1.5:stop_points=1.5:runner_target_points=3:runner_stop_mode=initial,impulse_fade_10bar_3pt,all,1.5,1.5,3,initial,430,430,430,215,214,145,69,1,0,145,0.3372093,375,-2635,-6.12790698,210,220,"two-contract post-signal scalp: one contract exits at first target, one runner uses selected stop mode and runner target"
1,signal_scaled_scalp:strategy=impulse_fade_10bar_3pt:direction=all:first_target_points=1.5:stop_points=1.5:runner_target_points=5:runner_stop_mode=breakeven,impulse_fade_10bar_3pt,all,1.5,1.5,5,breakeven,430,430,430,215,214,76,137,2,0,214,0.49767442,3025,15,0.03488372,210,220,"two-contract post-signal scalp: one contract exits at first target, one runner uses selected stop mode and runner target"
1,signal_scaled_scalp:strategy=impulse_fade_10bar_3pt:direction=all:first_target_points=1.5:stop_points=1.5:runner_target_points=5:runner_stop_mode=initial,impulse_fade_10bar_3pt,all,1.5,1.5,5,initial,430,430,430,215,214,106,107,2,0,107,0.24883721,2500,-510,-1.18604651,210,220,"two-contract post-signal scalp: one contract exits at first target, one runner uses selected stop mode and runner target"
1,signal_scaled_scalp:strategy=impulse_fade_10bar_3pt:direction=all:first_target_points=1.5:stop_points=2:runner_target_points=2:runner_stop_mode=breakeven,impulse_fade_10bar_3pt,all,1.5,2,2,breakeven,430,430,430,183,246,198,48,1,0,246,0.57209302,1650,-1360,-3.1627907,210,220,"two-contract post-signal scalp: one contract exits at first target, one runner uses selected stop mode and runner target"
1,signal_scaled_scalp:strategy=impulse_fade_10bar_3pt:direction=all:first_target_points=1.5:stop_points=2:runner_target_points=2:runner_stop_mode=initial,impulse_fade_10bar_3pt,all,1.5,2,2,initial,430,430,430,183,246,216,30,1,0,216,0.50232558,450,-2560,-5.95348837,210,220,"two-contract post-signal scalp: one contract exits at first target, one runner uses selected stop mode and runner target"
1,signal_scaled_scalp:strategy=impulse_fade_10bar_3pt:direction=all:first_target_points=1.5:stop_points=2:runner_target_points=3:runner_stop_mode=breakeven,impulse_fade_10bar_3pt,all,1.5,2,3,breakeven,430,430,430,183,246,139,107,1,0,246,0.57209302,2700,-310,-0.72093023,210,220,"two-contract post-signal scalp: one contract exits at first target, one runner uses selected stop mode and runner target"
1,signal_scaled_scalp:strategy=impulse_fade_10bar_3pt:direction=all:first_target_points=1.5:stop_points=2:runner_target_points=3:runner_stop_mode=initial,impulse_fade_10bar_3pt,all,1.5,2,3,initial,430,430,430,183,246,172,73,2,0,173,0.40232558,375,-2635,-6.12790698,210,220,"two-contract post-signal scalp: one contract exits at first target, one runner uses selected stop mode and runner target"
1,signal_scaled_scalp:strategy=impulse_fade_10bar_3pt:direction=all:first_target_points=1.5:stop_points=2:runner_target_points=5:runner_stop_mode=breakeven,impulse_fade_10bar_3pt,all,1.5,2,5,breakeven,430,430,430,183,246,87,158,2,0,246,0.57209302,3825,815,1.89534884,210,220,"two-contract post-signal scalp: one contract exits at first target, one runner uses selected stop mode and runner target"
1,signal_scaled_scalp:strategy=impulse_fade_10bar_3pt:direction=all:first_target_points=1.5:stop_points=2:runner_target_points=5:runner_stop_mode=initial,impulse_fade_10bar_3pt,all,1.5,2,5,initial,430,430,430,183,246,128,116,3,0,130,0.30232558,2500,-510,-1.18604651,210,220,"two-contract post-signal scalp: one contract exits at first target, one runner uses selected stop mode and runner target"
1,signal_scaled_scalp:strategy=impulse_continue_10bar_3pt:direction=all:first_target_points=0.5:stop_points=1:runner_target_points=1.5:runner_stop_mode=breakeven,impulse_continue_10bar_3pt,all,0.5,1,1.5,breakeven,430,430,430,157,272,128,144,1,0,272,0.63255814,700,-2310,-5.37209302,220,210,"two-contract post-signal scalp: one contract exits at first target, one runner uses selected stop mode and runner target"
1,signal_scaled_scalp:strategy=impulse_continue_10bar_3pt:direction=all:first_target_points=0.5:stop_points=1:runner_target_points=1.5:runner_stop_mode=initial,impulse_continue_10bar_3pt,all,0.5,1,1.5,initial,430,430,430,157,272,181,91,1,0,181,0.42093023,125,-2885,-6.70930233,220,210,"two-contract post-signal scalp: one contract exits at first target, one runner uses selected stop mode and runner target"
1,signal_scaled_scalp:strategy=impulse_continue_10bar_3pt:direction=all:first_target_points=0.5:stop_points=1:runner_target_points=2:runner_stop_mode=breakeven,impulse_continue_10bar_3pt,all,0.5,1,2,breakeven,430,430,430,157,272,107,165,1,0,272,0.63255814,1800,-1210,-2.81395349,220,210,"two-contract post-signal scalp: one contract exits at first target, one runner uses selected stop mode and runner target"
1,signal_scaled_scalp:strategy=impulse_continue_10bar_3pt:direction=all:first_target_points=0.5:stop_points=1:runner_target_points=2:runner_stop_mode=initial,impulse_continue_10bar_3pt,all,0.5,1,2,initial,430,430,430,157,272,150,122,1,0,150,0.34883721,0,-3010,-7,220,210,"two-contract post-signal scalp: one contract exits at first target, one runner uses selected stop mode and runner target"
1,signal_scaled_scalp:strategy=impulse_continue_10bar_3pt:direction=all:first_target_points=0.5:stop_points=1:runner_target_points=3:runner_stop_mode=breakeven,impulse_continue_10bar_3pt,all,0.5,1,3,breakeven,430,430,430,157,272,77,195,1,0,272,0.63255814,2650,-360,-0.8372093,220,210,"two-contract post-signal scalp: one contract exits at first target, one runner uses selected stop mode and runner target"
1,signal_scaled_scalp:strategy=impulse_continue_10bar_3pt:direction=all:first_target_points=0.5:stop_points=1:runner_target_points=3:runner_stop_mode=initial,impulse_continue_10bar_3pt,all,0.5,1,3,initial,430,430,430,157,272,117,155,1,0,117,0.27209302,900,-2110,-4.90697674,220,210,"two-contract post-signal scalp: one contract exits at first target, one runner uses selected stop mode and runner target"
1,signal_scaled_scalp:strategy=impulse_continue_10bar_3pt:direction=all:first_target_points=0.5:stop_points=1:runner_target_points=5:runner_stop_mode=breakeven,impulse_continue_10bar_3pt,all,0.5,1,5,breakeven,430,430,430,157,272,53,219,1,0,272,0.63255814,4350,1340,3.11627907,220,210,"two-contract post-signal scalp: one contract exits at first target, one runner uses selected stop mode and runner target"
1,signal_scaled_scalp:strategy=impulse_continue_10bar_3pt:direction=all:first_target_points=0.5:stop_points=1:runner_target_points=5:runner_stop_mode=initial,impulse_continue_10bar_3pt,all,0.5,1,5,initial,430,430,430,157,272,82,190,1,0,82,0.19069767,2100,-910,-2.11627907,220,210,"two-contract post-signal scalp: one contract exits at first target, one runner uses selected stop mode and runner target"
1,signal_scaled_scalp:strategy=impulse_continue_10bar_3pt:direction=all:first_target_points=0.5:stop_points=1.5:runner_target_points=1.5:runner_stop_mode=breakeven,impulse_continue_10bar_3pt,all,0.5,1.5,1.5,breakeven,430,430,430,131,298,139,159,1,0,298,0.69302326,-1775,-4785,-11.12790698,220,210,"two-contract post-signal scalp: one contract exits at first target, one runner uses selected stop mode and runner target"
1,signal_scaled_scalp:strategy=impulse_continue_10bar_3pt:direction=all:first_target_points=0.5:stop_points=1.5:runner_target_points=1.5:runner_stop_mode=initial,impulse_continue_10bar_3pt,all,0.5,1.5,1.5,initial,430,430,430,131,298,215,83,1,0,215,0.5,-2300,-5310,-12.34883721,220,210,"two-contract post-signal scalp: one contract exits at first target, one runner uses selected stop mode and runner target"
1,signal_scaled_scalp:strategy=impulse_continue_10bar_3pt:direction=all:first_target_points=0.5:stop_points=1.5:runner_target_points=2:runner_stop_mode=breakeven,impulse_continue_10bar_3pt,all,0.5,1.5,2,breakeven,430,430,430,131,298,118,180,1,0,298,0.69302326,-400,-3410,-7.93023256,220,210,"two-contract post-signal scalp: one contract exits at first target, one runner uses selected stop mode and runner target"
1,signal_scaled_scalp:strategy=impulse_continue_10bar_3pt:direction=all:first_target_points=0.5:stop_points=1.5:runner_target_points=2:runner_stop_mode=initial,impulse_continue_10bar_3pt,all,0.5,1.5,2,initial,430,430,430,131,298,183,115,1,0,183,0.4255814,-2525,-5535,-12.87209302,220,210,"two-contract post-signal scalp: one contract exits at first target, one runner uses selected stop mode and runner target"
1,signal_scaled_scalp:strategy=impulse_continue_10bar_3pt:direction=all:first_target_points=0.5:stop_points=1.5:runner_target_points=3:runner_stop_mode=breakeven,impulse_continue_10bar_3pt,all,0.5,1.5,3,breakeven,430,430,430,131,298,85,213,1,0,298,0.69302326,550,-2460,-5.72093023,220,210,"two-contract post-signal scalp: one contract exits at first target, one runner uses selected stop mode and runner target"
1,signal_scaled_scalp:strategy=impulse_continue_10bar_3pt:direction=all:first_target_points=0.5:stop_points=1.5:runner_target_points=3:runner_stop_mode=initial,impulse_continue_10bar_3pt,all,0.5,1.5,3,initial,430,430,430,131,298,147,151,1,0,147,0.34186047,-1475,-4485,-10.43023256,220,210,"two-contract post-signal scalp: one contract exits at first target, one runner uses selected stop mode and runner target"
1,signal_scaled_scalp:strategy=impulse_continue_10bar_3pt:direction=all:first_target_points=0.5:stop_points=1.5:runner_target_points=5:runner_stop_mode=breakeven,impulse_continue_10bar_3pt,all,0.5,1.5,5,breakeven,430,430,430,131,298,58,240,1,0,298,0.69302326,2300,-710,-1.65116279,220,210,"two-contract post-signal scalp: one contract exits at first target, one runner uses selected stop mode and runner target"
1,signal_scaled_scalp:strategy=impulse_continue_10bar_3pt:direction=all:first_target_points=0.5:stop_points=1.5:runner_target_points=5:runner_stop_mode=initial,impulse_continue_10bar_3pt,all,0.5,1.5,5,initial,430,430,430,131,298,102,196,1,0,102,0.2372093,-1400,-4410,-10.25581395,220,210,"two-contract post-signal scalp: one contract exits at first target, one runner uses selected stop mode and runner target"
1,signal_scaled_scalp:strategy=impulse_continue_10bar_3pt:direction=all:first_target_points=0.5:stop_points=2:runner_target_points=1.5:runner_stop_mode=breakeven,impulse_continue_10bar_3pt,all,0.5,2,1.5,breakeven,430,430,430,113,316,148,168,1,0,316,0.73488372,-3600,-6610,-15.37209302,220,210,"two-contract post-signal scalp: one contract exits at first target, one runner uses selected stop mode and runner target"
1,signal_scaled_scalp:strategy=impulse_continue_10bar_3pt:direction=all:first_target_points=0.5:stop_points=2:runner_target_points=1.5:runner_stop_mode=initial,impulse_continue_10bar_3pt,all,0.5,2,1.5,initial,430,430,430,113,316,243,73,1,0,243,0.56511628,-3775,-6785,-15.77906977,220,210,"two-contract post-signal scalp: one contract exits at first target, one runner uses selected stop mode and runner target"
1,signal_scaled_scalp:strategy=impulse_continue_10bar_3pt:direction=all:first_target_points=0.5:stop_points=2:runner_target_points=2:runner_stop_mode=breakeven,impulse_continue_10bar_3pt,all,0.5,2,2,breakeven,430,430,430,113,316,127,189,1,0,316,0.73488372,-2000,-5010,-11.65116279,220,210,"two-contract post-signal scalp: one contract exits at first target, one runner uses selected stop mode and runner target"
1,signal_scaled_scalp:strategy=impulse_continue_10bar_3pt:direction=all:first_target_points=0.5:stop_points=2:runner_target_points=2:runner_stop_mode=initial,impulse_continue_10bar_3pt,all,0.5,2,2,initial,430,430,430,113,316,213,103,1,0,213,0.49534884,-3700,-6710,-15.60465116,220,210,"two-contract post-signal scalp: one contract exits at first target, one runner uses selected stop mode and runner target"
1,signal_scaled_scalp:strategy=impulse_continue_10bar_3pt:direction=all:first_target_points=0.5:stop_points=2:runner_target_points=3:runner_stop_mode=breakeven,impulse_continue_10bar_3pt,all,0.5,2,3,breakeven,430,430,430,113,316,92,224,1,0,316,0.73488372,-900,-3910,-9.09302326,220,210,"two-contract post-signal scalp: one contract exits at first target, one runner uses selected stop mode and runner target"
1,signal_scaled_scalp:strategy=impulse_continue_10bar_3pt:direction=all:first_target_points=0.5:stop_points=2:runner_target_points=3:runner_stop_mode=initial,impulse_continue_10bar_3pt,all,0.5,2,3,initial,430,430,430,113,316,173,143,1,0,173,0.40232558,-3050,-6060,-14.09302326,220,210,"two-contract post-signal scalp: one contract exits at first target, one runner uses selected stop mode and runner target"
1,signal_scaled_scalp:strategy=impulse_continue_10bar_3pt:direction=all:first_target_points=0.5:stop_points=2:runner_target_points=5:runner_stop_mode=breakeven,impulse_continue_10bar_3pt,all,0.5,2,5,breakeven,430,430,430,113,316,61,255,1,0,316,0.73488372,550,-2460,-5.72093023,220,210,"two-contract post-signal scalp: one contract exits at first target, one runner uses selected stop mode and runner target"
1,signal_scaled_scalp:strategy=impulse_continue_10bar_3pt:direction=all:first_target_points=0.5:stop_points=2:runner_target_points=5:runner_stop_mode=initial,impulse_continue_10bar_3pt,all,0.5,2,5,initial,430,430,430,113,316,126,190,1,0,126,0.29302326,-2200,-5210,-12.11627907,220,210,"two-contract post-signal scalp: one contract exits at first target, one runner uses selected stop mode and runner target"
1,signal_scaled_scalp:strategy=impulse_continue_10bar_3pt:direction=all:first_target_points=1:stop_points=1:runner_target_points=1.5:runner_stop_mode=breakeven,impulse_continue_10bar_3pt,all,1,1,1.5,breakeven,430,430,430,209,220,148,72,1,0,220,0.51162791,1200,-1810,-4.20930233,220,210,"two-contract post-signal scalp: one contract exits at first target, one runner uses selected stop mode and runner target"
1,signal_scaled_scalp:strategy=impulse_continue_10bar_3pt:direction=all:first_target_points=1:stop_points=1:runner_target_points=1.5:runner_stop_mode=initial,impulse_continue_10bar_3pt,all,1,1,1.5,initial,430,430,430,209,220,181,39,1,0,181,0.42093023,1725,-1285,-2.98837209,220,210,"two-contract post-signal scalp: one contract exits at first target, one runner uses selected stop mode and runner target"
1,signal_scaled_scalp:strategy=impulse_continue_10bar_3pt:direction=all:first_target_points=1:stop_points=1:runner_target_points=2:runner_stop_mode=breakeven,impulse_continue_10bar_3pt,all,1,1,2,breakeven,430,430,430,209,220,119,101,1,0,220,0.51162791,2000,-1010,-2.34883721,220,210,"two-contract post-signal scalp: one contract exits at first target, one runner uses selected stop mode and runner target"
1,signal_scaled_scalp:strategy=impulse_continue_10bar_3pt:direction=all:first_target_points=1:stop_points=1:runner_target_points=2:runner_stop_mode=initial,impulse_continue_10bar_3pt,all,1,1,2,initial,430,430,430,209,220,150,70,1,0,150,0.34883721,1600,-1410,-3.27906977,220,210,"two-contract post-signal scalp: one contract exits at first target, one runner uses selected stop mode and runner target"
1,signal_scaled_scalp:strategy=impulse_continue_10bar_3pt:direction=all:first_target_points=1:stop_points=1:runner_target_points=3:runner_stop_mode=breakeven,impulse_continue_10bar_3pt,all,1,1,3,breakeven,430,430,430,209,220,84,136,1,0,220,0.51162791,2700,-310,-0.72093023,220,210,"two-contract post-signal scalp: one contract exits at first target, one runner uses selected stop mode and runner target"
1,signal_scaled_scalp:strategy=impulse_continue_10bar_3pt:direction=all:first_target_points=1:stop_points=1:runner_target_points=3:runner_stop_mode=initial,impulse_continue_10bar_3pt,all,1,1,3,initial,430,430,430,209,220,117,103,1,0,117,0.27209302,2500,-510,-1.18604651,220,210,"two-contract post-signal scalp: one contract exits at first target, one runner uses selected stop mode and runner target"
1,signal_scaled_scalp:strategy=impulse_continue_10bar_3pt:direction=all:first_target_points=1:stop_points=1:runner_target_points=5:runner_stop_mode=breakeven,impulse_continue_10bar_3pt,all,1,1,5,breakeven,430,430,430,209,220,58,162,1,0,220,0.51162791,4600,1590,3.69767442,220,210,"two-contract post-signal scalp: one contract exits at first target, one runner uses selected stop mode and runner target"
1,signal_scaled_scalp:strategy=impulse_continue_10bar_3pt:direction=all:first_target_points=1:stop_points=1:runner_target_points=5:runner_stop_mode=initial,impulse_continue_10bar_3pt,all,1,1,5,initial,430,430,430,209,220,82,138,1,0,82,0.19069767,3700,690,1.60465116,220,210,"two-contract post-signal scalp: one contract exits at first target, one runner uses selected stop mode and runner target"
1,signal_scaled_scalp:strategy=impulse_continue_10bar_3pt:direction=all:first_target_points=1:stop_points=1.5:runner_target_points=1.5:runner_stop_mode=breakeven,impulse_continue_10bar_3pt,all,1,1.5,1.5,breakeven,430,430,430,179,250,168,82,1,0,250,0.58139535,-1750,-4760,-11.06976744,220,210,"two-contract post-signal scalp: one contract exits at first target, one runner uses selected stop mode and runner target"
1,signal_scaled_scalp:strategy=impulse_continue_10bar_3pt:direction=all:first_target_points=1:stop_points=1.5:runner_target_points=1.5:runner_stop_mode=initial,impulse_continue_10bar_3pt,all,1,1.5,1.5,initial,430,430,430,179,250,215,35,1,0,215,0.5,-850,-3860,-8.97674419,220,210,"two-contract post-signal scalp: one contract exits at first target, one runner uses selected stop mode and runner target"
1,signal_scaled_scalp:strategy=impulse_continue_10bar_3pt:direction=all:first_target_points=1:stop_points=1.5:runner_target_points=2:runner_stop_mode=breakeven,impulse_continue_10bar_3pt,all,1,1.5,2,breakeven,430,430,430,179,250,137,113,1,0,250,0.58139535,-650,-3660,-8.51162791,220,210,"two-contract post-signal scalp: one contract exits at first target, one runner uses selected stop mode and runner target"
1,signal_scaled_scalp:strategy=impulse_continue_10bar_3pt:direction=all:first_target_points=1:stop_points=1.5:runner_target_points=2:runner_stop_mode=initial,impulse_continue_10bar_3pt,all,1,1.5,2,initial,430,430,430,179,250,183,67,1,0,183,0.4255814,-1075,-4085,-9.5,220,210,"two-contract post-signal scalp: one contract exits at first target, one runner uses selected stop mode and runner target"
1,signal_scaled_scalp:strategy=impulse_continue_10bar_3pt:direction=all:first_target_points=1:stop_points=1.5:runner_target_points=3:runner_stop_mode=breakeven,impulse_continue_10bar_3pt,all,1,1.5,3,breakeven,430,430,430,179,250,98,152,1,0,250,0.58139535,350,-2660,-6.18604651,220,210,"two-contract post-signal scalp: one contract exits at first target, one runner uses selected stop mode and runner target"
1,signal_scaled_scalp:strategy=impulse_continue_10bar_3pt:direction=all:first_target_points=1:stop_points=1.5:runner_target_points=3:runner_stop_mode=initial,impulse_continue_10bar_3pt,all,1,1.5,3,initial,430,430,430,179,250,147,103,1,0,147,0.34186047,-25,-3035,-7.05813953,220,210,"two-contract post-signal scalp: one contract exits at first target, one runner uses selected stop mode and runner target"
1,signal_scaled_scalp:strategy=impulse_continue_10bar_3pt:direction=all:first_target_points=1:stop_points=1.5:runner_target_points=5:runner_stop_mode=breakeven,impulse_continue_10bar_3pt,all,1,1.5,5,breakeven,430,430,430,179,250,68,182,1,0,250,0.58139535,2650,-360,-0.8372093,220,210,"two-contract post-signal scalp: one contract exits at first target, one runner uses selected stop mode and runner target"
1,signal_scaled_scalp:strategy=impulse_continue_10bar_3pt:direction=all:first_target_points=1:stop_points=1.5:runner_target_points=5:runner_stop_mode=initial,impulse_continue_10bar_3pt,all,1,1.5,5,initial,430,430,430,179,250,102,148,1,0,102,0.2372093,50,-2960,-6.88372093,220,210,"two-contract post-signal scalp: one contract exits at first target, one runner uses selected stop mode and runner target"
1,signal_scaled_scalp:strategy=impulse_continue_10bar_3pt:direction=all:first_target_points=1:stop_points=2:runner_target_points=1.5:runner_stop_mode=breakeven,impulse_continue_10bar_3pt,all,1,2,1.5,breakeven,430,430,430,155,274,183,91,1,0,274,0.6372093,-3575,-6585,-15.31395349,220,210,"two-contract post-signal scalp: one contract exits at first target, one runner uses selected stop mode and runner target"
1,signal_scaled_scalp:strategy=impulse_continue_10bar_3pt:direction=all:first_target_points=1:stop_points=2:runner_target_points=1.5:runner_stop_mode=initial,impulse_continue_10bar_3pt,all,1,2,1.5,initial,430,430,430,155,274,243,31,1,0,243,0.56511628,-2175,-5185,-12.05813953,220,210,"two-contract post-signal scalp: one contract exits at first target, one runner uses selected stop mode and runner target"
1,signal_scaled_scalp:strategy=impulse_continue_10bar_3pt:direction=all:first_target_points=1:stop_points=2:runner_target_points=2:runner_stop_mode=breakeven,impulse_continue_10bar_3pt,all,1,2,2,breakeven,430,430,430,155,274,151,123,1,0,274,0.6372093,-2200,-5210,-12.11627907,220,210,"two-contract post-signal scalp: one contract exits at first target, one runner uses selected stop mode and runner target"
1,signal_scaled_scalp:strategy=impulse_continue_10bar_3pt:direction=all:first_target_points=1:stop_points=2:runner_target_points=2:runner_stop_mode=initial,impulse_continue_10bar_3pt,all,1,2,2,initial,430,430,430,155,274,213,61,1,0,213,0.49534884,-2100,-5110,-11.88372093,220,210,"two-contract post-signal scalp: one contract exits at first target, one runner uses selected stop mode and runner target"
1,signal_scaled_scalp:strategy=impulse_continue_10bar_3pt:direction=all:first_target_points=1:stop_points=2:runner_target_points=3:runner_stop_mode=breakeven,impulse_continue_10bar_3pt,all,1,2,3,breakeven,430,430,430,155,274,108,166,1,0,274,0.6372093,-1100,-4110,-9.55813953,220,210,"two-contract post-signal scalp: one contract exits at first target, one runner uses selected stop mode and runner target"
1,signal_scaled_scalp:strategy=impulse_continue_10bar_3pt:direction=all:first_target_points=1:stop_points=2:runner_target_points=3:runner_stop_mode=initial,impulse_continue_10bar_3pt,all,1,2,3,initial,430,430,430,155,274,173,101,1,0,173,0.40232558,-1450,-4460,-10.37209302,220,210,"two-contract post-signal scalp: one contract exits at first target, one runner uses selected stop mode and runner target"
1,signal_scaled_scalp:strategy=impulse_continue_10bar_3pt:direction=all:first_target_points=1:stop_points=2:runner_target_points=5:runner_stop_mode=breakeven,impulse_continue_10bar_3pt,all,1,2,5,breakeven,430,430,430,155,274,73,201,1,0,274,0.6372093,950,-2060,-4.79069767,220,210,"two-contract post-signal scalp: one contract exits at first target, one runner uses selected stop mode and runner target"
1,signal_scaled_scalp:strategy=impulse_continue_10bar_3pt:direction=all:first_target_points=1:stop_points=2:runner_target_points=5:runner_stop_mode=initial,impulse_continue_10bar_3pt,all,1,2,5,initial,430,430,430,155,274,126,148,1,0,126,0.29302326,-600,-3610,-8.39534884,220,210,"two-contract post-signal scalp: one contract exits at first target, one runner uses selected stop mode and runner target"
1,signal_scaled_scalp:strategy=impulse_continue_10bar_3pt:direction=all:first_target_points=1.5:stop_points=1:runner_target_points=2:runner_stop_mode=breakeven,impulse_continue_10bar_3pt,all,1.5,1,2,breakeven,430,430,430,248,181,142,39,1,0,181,0.42093023,2975,-35,-0.08139535,220,210,"two-contract post-signal scalp: one contract exits at first target, one runner uses selected stop mode and runner target"
1,signal_scaled_scalp:strategy=impulse_continue_10bar_3pt:direction=all:first_target_points=1.5:stop_points=1:runner_target_points=2:runner_stop_mode=initial,impulse_continue_10bar_3pt,all,1.5,1,2,initial,430,430,430,248,181,150,31,1,0,181,0.42093023,2225,-785,-1.8255814,220,210,"two-contract post-signal scalp: one contract exits at first target, one runner uses selected stop mode and runner target"
1,signal_scaled_scalp:strategy=impulse_continue_10bar_3pt:direction=all:first_target_points=1.5:stop_points=1:runner_target_points=3:runner_stop_mode=breakeven,impulse_continue_10bar_3pt,all,1.5,1,3,breakeven,430,430,430,248,181,104,77,1,0,181,0.42093023,4375,1365,3.1744186,220,210,"two-contract post-signal scalp: one contract exits at first target, one runner uses selected stop mode and runner target"
1,signal_scaled_scalp:strategy=impulse_continue_10bar_3pt:direction=all:first_target_points=1.5:stop_points=1:runner_target_points=3:runner_stop_mode=initial,impulse_continue_10bar_3pt,all,1.5,1,3,initial,430,430,430,248,181,117,64,1,0,181,0.42093023,3125,115,0.26744186,220,210,"two-contract post-signal scalp: one contract exits at first target, one runner uses selected stop mode and runner target"
1,signal_scaled_scalp:strategy=impulse_continue_10bar_3pt:direction=all:first_target_points=1.5:stop_points=1:runner_target_points=5:runner_stop_mode=breakeven,impulse_continue_10bar_3pt,all,1.5,1,5,breakeven,430,430,430,248,181,72,109,1,0,181,0.42093023,6775,3765,8.75581395,220,210,"two-contract post-signal scalp: one contract exits at first target, one runner uses selected stop mode and runner target"
1,signal_scaled_scalp:strategy=impulse_continue_10bar_3pt:direction=all:first_target_points=1.5:stop_points=1:runner_target_points=5:runner_stop_mode=initial,impulse_continue_10bar_3pt,all,1.5,1,5,initial,430,430,430,248,181,82,99,1,0,181,0.42093023,4325,1315,3.05813953,220,210,"two-contract post-signal scalp: one contract exits at first target, one runner uses selected stop mode and runner target"
1,signal_scaled_scalp:strategy=impulse_continue_10bar_3pt:direction=all:first_target_points=1.5:stop_points=1.5:runner_target_points=2:runner_stop_mode=breakeven,impulse_continue_10bar_3pt,all,1.5,1.5,2,breakeven,430,430,430,214,215,172,43,1,0,215,0.5,1225,-1785,-4.15116279,220,210,"two-contract post-signal scalp: one contract exits at first target, one runner uses selected stop mode and runner target"
1,signal_scaled_scalp:strategy=impulse_continue_10bar_3pt:direction=all:first_target_points=1.5:stop_points=1.5:runner_target_points=2:runner_stop_mode=initial,impulse_continue_10bar_3pt,all,1.5,1.5,2,initial,430,430,430,214,215,183,32,1,0,183,0.4255814,-75,-3085,-7.1744186,220,210,"two-contract post-signal scalp: one contract exits at first target, one runner uses selected stop mode and runner target"
1,signal_scaled_scalp:strategy=impulse_continue_10bar_3pt:direction=all:first_target_points=1.5:stop_points=1.5:runner_target_points=3:runner_stop_mode=breakeven,impulse_continue_10bar_3pt,all,1.5,1.5,3,breakeven,430,430,430,214,215,127,88,1,0,215,0.5,3075,65,0.15116279,220,210,"two-contract post-signal scalp: one contract exits at first target, one runner uses selected stop mode and runner target"
1,signal_scaled_scalp:strategy=impulse_continue_10bar_3pt:direction=all:first_target_points=1.5:stop_points=1.5:runner_target_points=3:runner_stop_mode=initial,impulse_continue_10bar_3pt,all,1.5,1.5,3,initial,430,430,430,214,215,147,68,1,0,147,0.34186047,975,-2035,-4.73255814,220,210,"two-contract post-signal scalp: one contract exits at first target, one runner uses selected stop mode and runner target"
1,signal_scaled_scalp:strategy=impulse_continue_10bar_3pt:direction=all:first_target_points=1.5:stop_points=1.5:runner_target_points=5:runner_stop_mode=breakeven,impulse_continue_10bar_3pt,all,1.5,1.5,5,breakeven,430,430,430,214,215,86,129,1,0,215,0.5,5525,2515,5.84883721,220,210,"two-contract post-signal scalp: one contract exits at first target, one runner uses selected stop mode and runner target"
1,signal_scaled_scalp:strategy=impulse_continue_10bar_3pt:direction=all:first_target_points=1.5:stop_points=1.5:runner_target_points=5:runner_stop_mode=initial,impulse_continue_10bar_3pt,all,1.5,1.5,5,initial,430,430,430,214,215,102,113,1,0,102,0.2372093,1050,-1960,-4.55813953,220,210,"two-contract post-signal scalp: one contract exits at first target, one runner uses selected stop mode and runner target"
1,signal_scaled_scalp:strategy=impulse_continue_10bar_3pt:direction=all:first_target_points=1.5:stop_points=2:runner_target_points=2:runner_stop_mode=breakeven,impulse_continue_10bar_3pt,all,1.5,2,2,breakeven,430,430,430,186,243,198,45,1,0,243,0.56511628,825,-2185,-5.08139535,220,210,"two-contract post-signal scalp: one contract exits at first target, one runner uses selected stop mode and runner target"
1,signal_scaled_scalp:strategy=impulse_continue_10bar_3pt:direction=all:first_target_points=1.5:stop_points=2:runner_target_points=2:runner_stop_mode=initial,impulse_continue_10bar_3pt,all,1.5,2,2,initial,430,430,430,186,243,213,30,1,0,213,0.49534884,-675,-3685,-8.56976744,220,210,"two-contract post-signal scalp: one contract exits at first target, one runner uses selected stop mode and runner target"
1,signal_scaled_scalp:strategy=impulse_continue_10bar_3pt:direction=all:first_target_points=1.5:stop_points=2:runner_target_points=3:runner_stop_mode=breakeven,impulse_continue_10bar_3pt,all,1.5,2,3,breakeven,430,430,430,186,243,146,97,1,0,243,0.56511628,2925,-85,-0.19767442,220,210,"two-contract post-signal scalp: one contract exits at first target, one runner uses selected stop mode and runner target"
1,signal_scaled_scalp:strategy=impulse_continue_10bar_3pt:direction=all:first_target_points=1.5:stop_points=2:runner_target_points=3:runner_stop_mode=initial,impulse_continue_10bar_3pt,all,1.5,2,3,initial,430,430,430,186,243,173,70,1,0,173,0.40232558,-25,-3035,-7.05813953,220,210,"two-contract post-signal scalp: one contract exits at first target, one runner uses selected stop mode and runner target"
1,signal_scaled_scalp:strategy=impulse_continue_10bar_3pt:direction=all:first_target_points=1.5:stop_points=2:runner_target_points=5:runner_stop_mode=breakeven,impulse_continue_10bar_3pt,all,1.5,2,5,breakeven,430,430,430,186,243,97,146,1,0,243,0.56511628,5275,2265,5.26744186,220,210,"two-contract post-signal scalp: one contract exits at first target, one runner uses selected stop mode and runner target"
1,signal_scaled_scalp:strategy=impulse_continue_10bar_3pt:direction=all:first_target_points=1.5:stop_points=2:runner_target_points=5:runner_stop_mode=initial,impulse_continue_10bar_3pt,all,1.5,2,5,initial,430,430,430,186,243,126,117,1,0,126,0.29302326,825,-2185,-5.08139535,220,210,"two-contract post-signal scalp: one contract exits at first target, one runner uses selected stop mode and runner target"
1,signal_scaled_scalp:strategy=delta_impulse_continue_3bar_1pt_20d:direction=all:first_target_points=0.5:stop_points=1:runner_target_points=1.5:runner_stop_mode=breakeven,delta_impulse_continue_3bar_1pt_20d,all,0.5,1,1.5,breakeven,261,261,261,74,187,70,117,0,0,187,0.7164751,2525,698,2.6743295,134,127,"two-contract post-signal scalp: one contract exits at first target, one runner uses selected stop mode and runner target"
1,signal_scaled_scalp:strategy=delta_impulse_continue_3bar_1pt_20d:direction=all:first_target_points=0.5:stop_points=1:runner_target_points=1.5:runner_stop_mode=initial,delta_impulse_continue_3bar_1pt_20d,all,0.5,1,1.5,initial,261,261,261,74,187,119,68,0,0,119,0.4559387,2800,973,3.72796935,134,127,"two-contract post-signal scalp: one contract exits at first target, one runner uses selected stop mode and runner target"
1,signal_scaled_scalp:strategy=delta_impulse_continue_3bar_1pt_20d:direction=all:first_target_points=0.5:stop_points=1:runner_target_points=2:runner_stop_mode=breakeven,delta_impulse_continue_3bar_1pt_20d,all,0.5,1,2,breakeven,261,261,261,74,187,60,127,0,0,187,0.7164751,3275,1448,5.54789272,134,127,"two-contract post-signal scalp: one contract exits at first target, one runner uses selected stop mode and runner target"
1,signal_scaled_scalp:strategy=delta_impulse_continue_3bar_1pt_20d:direction=all:first_target_points=0.5:stop_points=1:runner_target_points=2:runner_stop_mode=initial,delta_impulse_continue_3bar_1pt_20d,all,0.5,1,2,initial,261,261,261,74,187,108,79,0,0,108,0.4137931,4125,2298,8.8045977,134,127,"two-contract post-signal scalp: one contract exits at first target, one runner uses selected stop mode and runner target"
1,signal_scaled_scalp:strategy=delta_impulse_continue_3bar_1pt_20d:direction=all:first_target_points=0.5:stop_points=1:runner_target_points=3:runner_stop_mode=breakeven,delta_impulse_continue_3bar_1pt_20d,all,0.5,1,3,breakeven,261,261,261,74,187,43,144,0,0,187,0.7164751,3725,1898,7.27203065,134,127,"two-contract post-signal scalp: one contract exits at first target, one runner uses selected stop mode and runner target"
1,signal_scaled_scalp:strategy=delta_impulse_continue_3bar_1pt_20d:direction=all:first_target_points=0.5:stop_points=1:runner_target_points=3:runner_stop_mode=initial,delta_impulse_continue_3bar_1pt_20d,all,0.5,1,3,initial,261,261,261,74,187,80,107,0,0,80,0.30651341,3925,2098,8.03831418,134,127,"two-contract post-signal scalp: one contract exits at first target, one runner uses selected stop mode and runner target"
1,signal_scaled_scalp:strategy=delta_impulse_continue_3bar_1pt_20d:direction=all:first_target_points=0.5:stop_points=1:runner_target_points=5:runner_stop_mode=breakeven,delta_impulse_continue_3bar_1pt_20d,all,0.5,1,5,breakeven,261,261,261,74,187,29,158,0,0,187,0.7164751,4525,2698,10.33716475,134,127,"two-contract post-signal scalp: one contract exits at first target, one runner uses selected stop mode and runner target"
1,signal_scaled_scalp:strategy=delta_impulse_continue_3bar_1pt_20d:direction=all:first_target_points=0.5:stop_points=1:runner_target_points=5:runner_stop_mode=initial,delta_impulse_continue_3bar_1pt_20d,all,0.5,1,5,initial,261,261,261,74,187,52,135,0,0,52,0.19923372,3525,1698,6.50574713,134,127,"two-contract post-signal scalp: one contract exits at first target, one runner uses selected stop mode and runner target"
1,signal_scaled_scalp:strategy=delta_impulse_continue_3bar_1pt_20d:direction=all:first_target_points=0.5:stop_points=1.5:runner_target_points=1.5:runner_stop_mode=breakeven,delta_impulse_continue_3bar_1pt_20d,all,0.5,1.5,1.5,breakeven,261,261,261,65,196,74,122,0,0,196,0.75095785,700,-1127,-4.31800766,134,127,"two-contract post-signal scalp: one contract exits at first target, one runner uses selected stop mode and runner target"
1,signal_scaled_scalp:strategy=delta_impulse_continue_3bar_1pt_20d:direction=all:first_target_points=0.5:stop_points=1.5:runner_target_points=1.5:runner_stop_mode=initial,delta_impulse_continue_3bar_1pt_20d,all,0.5,1.5,1.5,initial,261,261,261,65,196,142,54,0,0,142,0.5440613,1750,-77,-0.29501916,134,127,"two-contract post-signal scalp: one contract exits at first target, one runner uses selected stop mode and runner target"
1,signal_scaled_scalp:strategy=delta_impulse_continue_3bar_1pt_20d:direction=all:first_target_points=0.5:stop_points=1.5:runner_target_points=2:runner_stop_mode=breakeven,delta_impulse_continue_3bar_1pt_20d,all,0.5,1.5,2,breakeven,261,261,261,65,196,62,134,0,0,196,0.75095785,1350,-477,-1.82758621,134,127,"two-contract post-signal scalp: one contract exits at first target, one runner uses selected stop mode and runner target"
1,signal_scaled_scalp:strategy=delta_impulse_continue_3bar_1pt_20d:direction=all:first_target_points=0.5:stop_points=1.5:runner_target_points=2:runner_stop_mode=initial,delta_impulse_continue_3bar_1pt_20d,all,0.5,1.5,2,initial,261,261,261,65,196,129,67,0,0,129,0.49425287,3025,1198,4.59003831,134,127,"two-contract post-signal scalp: one contract exits at first target, one runner uses selected stop mode and runner target"
1,signal_scaled_scalp:strategy=delta_impulse_continue_3bar_1pt_20d:direction=all:first_target_points=0.5:stop_points=1.5:runner_target_points=3:runner_stop_mode=breakeven,delta_impulse_continue_3bar_1pt_20d,all,0.5,1.5,3,breakeven,261,261,261,65,196,43,153,0,0,196,0.75095785,1600,-227,-0.8697318,134,127,"two-contract post-signal scalp: one contract exits at first target, one runner uses selected stop mode and runner target"
1,signal_scaled_scalp:strategy=delta_impulse_continue_3bar_1pt_20d:direction=all:first_target_points=0.5:stop_points=1.5:runner_target_points=3:runner_stop_mode=initial,delta_impulse_continue_3bar_1pt_20d,all,0.5,1.5,3,initial,261,261,261,65,196,100,96,0,0,100,0.38314176,2950,1123,4.30268199,134,127,"two-contract post-signal scalp: one contract exits at first target, one runner uses selected stop mode and runner target"
1,signal_scaled_scalp:strategy=delta_impulse_continue_3bar_1pt_20d:direction=all:first_target_points=0.5:stop_points=1.5:runner_target_points=5:runner_stop_mode=breakeven,delta_impulse_continue_3bar_1pt_20d,all,0.5,1.5,5,breakeven,261,261,261,65,196,29,167,0,0,196,0.75095785,2400,573,2.1954023,134,127,"two-contract post-signal scalp: one contract exits at first target, one runner uses selected stop mode and runner target"
1,signal_scaled_scalp:strategy=delta_impulse_continue_3bar_1pt_20d:direction=all:first_target_points=0.5:stop_points=1.5:runner_target_points=5:runner_stop_mode=initial,delta_impulse_continue_3bar_1pt_20d,all,0.5,1.5,5,initial,261,261,261,65,196,70,126,0,0,70,0.26819923,3200,1373,5.2605364,134,127,"two-contract post-signal scalp: one contract exits at first target, one runner uses selected stop mode and runner target"
1,signal_scaled_scalp:strategy=delta_impulse_continue_3bar_1pt_20d:direction=all:first_target_points=0.5:stop_points=2:runner_target_points=1.5:runner_stop_mode=breakeven,delta_impulse_continue_3bar_1pt_20d,all,0.5,2,1.5,breakeven,261,261,261,53,208,78,130,0,0,208,0.79693487,450,-1377,-5.27586207,134,127,"two-contract post-signal scalp: one contract exits at first target, one runner uses selected stop mode and runner target"
1,signal_scaled_scalp:strategy=delta_impulse_continue_3bar_1pt_20d:direction=all:first_target_points=0.5:stop_points=2:runner_target_points=1.5:runner_stop_mode=initial,delta_impulse_continue_3bar_1pt_20d,all,0.5,2,1.5,initial,261,261,261,53,208,161,47,0,0,161,0.61685824,1975,148,0.56704981,134,127,"two-contract post-signal scalp: one contract exits at first target, one runner uses selected stop mode and runner target"
1,signal_scaled_scalp:strategy=delta_impulse_continue_3bar_1pt_20d:direction=all:first_target_points=0.5:stop_points=2:runner_target_points=2:runner_stop_mode=breakeven,delta_impulse_continue_3bar_1pt_20d,all,0.5,2,2,breakeven,261,261,261,53,208,65,143,0,0,208,0.79693487,1100,-727,-2.78544061,134,127,"two-contract post-signal scalp: one contract exits at first target, one runner uses selected stop mode and runner target"
1,signal_scaled_scalp:strategy=delta_impulse_continue_3bar_1pt_20d:direction=all:first_target_points=0.5:stop_points=2:runner_target_points=2:runner_stop_mode=initial,delta_impulse_continue_3bar_1pt_20d,all,0.5,2,2,initial,261,261,261,53,208,146,62,0,0,146,0.55938697,3000,1173,4.49425287,134,127,"two-contract post-signal scalp: one contract exits at first target, one runner uses selected stop mode and runner target"
1,signal_scaled_scalp:strategy=delta_impulse_continue_3bar_1pt_20d:direction=all:first_target_points=0.5:stop_points=2:runner_target_points=3:runner_stop_mode=breakeven,delta_impulse_continue_3bar_1pt_20d,all,0.5,2,3,breakeven,261,261,261,53,208,46,162,0,0,208,0.79693487,1500,-327,-1.25287356,134,127,"two-contract post-signal scalp: one contract exits at first target, one runner uses selected stop mode and runner target"
1,signal_scaled_scalp:strategy=delta_impulse_continue_3bar_1pt_20d:direction=all:first_target_points=0.5:stop_points=2:runner_target_points=3:runner_stop_mode=initial,delta_impulse_continue_3bar_1pt_20d,all,0.5,2,3,initial,261,261,261,53,208,118,90,0,0,118,0.45210728,3300,1473,5.64367816,134,127,"two-contract post-signal scalp: one contract exits at first target, one runner uses selected stop mode and runner target"
1,signal_scaled_scalp:strategy=delta_impulse_continue_3bar_1pt_20d:direction=all:first_target_points=0.5:stop_points=2:runner_target_points=5:runner_stop_mode=breakeven,delta_impulse_continue_3bar_1pt_20d,all,0.5,2,5,breakeven,261,261,261,53,208,32,176,0,0,208,0.79693487,2600,773,2.96168582,134,127,"two-contract post-signal scalp: one contract exits at first target, one runner uses selected stop mode and runner target"
1,signal_scaled_scalp:strategy=delta_impulse_continue_3bar_1pt_20d:direction=all:first_target_points=0.5:stop_points=2:runner_target_points=5:runner_stop_mode=initial,delta_impulse_continue_3bar_1pt_20d,all,0.5,2,5,initial,261,261,261,53,208,83,125,0,0,83,0.31800766,2850,1023,3.91954023,134,127,"two-contract post-signal scalp: one contract exits at first target, one runner uses selected stop mode and runner target"
1,signal_scaled_scalp:strategy=delta_impulse_continue_3bar_1pt_20d:direction=all:first_target_points=1:stop_points=1:runner_target_points=1.5:runner_stop_mode=breakeven,delta_impulse_continue_3bar_1pt_20d,all,1,1,1.5,breakeven,261,261,261,114,147,91,56,0,0,147,0.56321839,2775,948,3.63218391,134,127,"two-contract post-signal scalp: one contract exits at first target, one runner uses selected stop mode and runner target"
1,signal_scaled_scalp:strategy=delta_impulse_continue_3bar_1pt_20d:direction=all:first_target_points=1:stop_points=1:runner_target_points=1.5:runner_stop_mode=initial,delta_impulse_continue_3bar_1pt_20d,all,1,1,1.5,initial,261,261,261,114,147,119,28,0,0,119,0.4559387,3475,1648,6.31417625,134,127,"two-contract post-signal scalp: one contract exits at first target, one runner uses selected stop mode and runner target"
1,signal_scaled_scalp:strategy=delta_impulse_continue_3bar_1pt_20d:direction=all:first_target_points=1:stop_points=1:runner_target_points=2:runner_stop_mode=breakeven,delta_impulse_continue_3bar_1pt_20d,all,1,1,2,breakeven,261,261,261,114,147,79,68,0,0,147,0.56321839,3850,2023,7.75095785,134,127,"two-contract post-signal scalp: one contract exits at first target, one runner uses selected stop mode and runner target"
1,signal_scaled_scalp:strategy=delta_impulse_continue_3bar_1pt_20d:direction=all:first_target_points=1:stop_points=1:runner_target_points=2:runner_stop_mode=initial,delta_impulse_continue_3bar_1pt_20d,all,1,1,2,initial,261,261,261,114,147,108,39,0,0,108,0.4137931,4800,2973,11.3908046,134,127,"two-contract post-signal scalp: one contract exits at first target, one runner uses selected stop mode and runner target"
1,signal_scaled_scalp:strategy=delta_impulse_continue_3bar_1pt_20d:direction=all:first_target_points=1:stop_points=1:runner_target_points=3:runner_stop_mode=breakeven,delta_impulse_continue_3bar_1pt_20d,all,1,1,3,breakeven,261,261,261,114,147,55,92,0,0,147,0.56321839,4200,2373,9.09195402,134,127,"two-contract post-signal scalp: one contract exits at first target, one runner uses selected stop mode and runner target"
1,signal_scaled_scalp:strategy=delta_impulse_continue_3bar_1pt_20d:direction=all:first_target_points=1:stop_points=1:runner_target_points=3:runner_stop_mode=initial,delta_impulse_continue_3bar_1pt_20d,all,1,1,3,initial,261,261,261,114,147,80,67,0,0,80,0.30651341,4600,2773,10.62452107,134,127,"two-contract post-signal scalp: one contract exits at first target, one runner uses selected stop mode and runner target"
1,signal_scaled_scalp:strategy=delta_impulse_continue_3bar_1pt_20d:direction=all:first_target_points=1:stop_points=1:runner_target_points=5:runner_stop_mode=breakeven,delta_impulse_continue_3bar_1pt_20d,all,1,1,5,breakeven,261,261,261,114,147,35,112,0,0,147,0.56321839,4700,2873,11.00766284,134,127,"two-contract post-signal scalp: one contract exits at first target, one runner uses selected stop mode and runner target"
1,signal_scaled_scalp:strategy=delta_impulse_continue_3bar_1pt_20d:direction=all:first_target_points=1:stop_points=1:runner_target_points=5:runner_stop_mode=initial,delta_impulse_continue_3bar_1pt_20d,all,1,1,5,initial,261,261,261,114,147,52,95,0,0,52,0.19923372,4200,2373,9.09195402,134,127,"two-contract post-signal scalp: one contract exits at first target, one runner uses selected stop mode and runner target"
1,signal_scaled_scalp:strategy=delta_impulse_continue_3bar_1pt_20d:direction=all:first_target_points=1:stop_points=1.5:runner_target_points=1.5:runner_stop_mode=breakeven,delta_impulse_continue_3bar_1pt_20d,all,1,1.5,1.5,breakeven,261,261,261,92,169,105,64,0,0,169,0.64750958,2525,698,2.6743295,134,127,"two-contract post-signal scalp: one contract exits at first target, one runner uses selected stop mode and runner target"
1,signal_scaled_scalp:strategy=delta_impulse_continue_3bar_1pt_20d:direction=all:first_target_points=1:stop_points=1.5:runner_target_points=1.5:runner_stop_mode=initial,delta_impulse_continue_3bar_1pt_20d,all,1,1.5,1.5,initial,261,261,261,92,169,142,27,0,0,142,0.5440613,3275,1448,5.54789272,134,127,"two-contract post-signal scalp: one contract exits at first target, one runner uses selected stop mode and runner target"
1,signal_scaled_scalp:strategy=delta_impulse_continue_3bar_1pt_20d:direction=all:first_target_points=1:stop_points=1.5:runner_target_points=2:runner_stop_mode=breakeven,delta_impulse_continue_3bar_1pt_20d,all,1,1.5,2,breakeven,261,261,261,92,169,89,80,0,0,169,0.64750958,3550,1723,6.60153257,134,127,"two-contract post-signal scalp: one contract exits at first target, one runner uses selected stop mode and runner target"
1,signal_scaled_scalp:strategy=delta_impulse_continue_3bar_1pt_20d:direction=all:first_target_points=1:stop_points=1.5:runner_target_points=2:runner_stop_mode=initial,delta_impulse_continue_3bar_1pt_20d,all,1,1.5,2,initial,261,261,261,92,169,129,40,0,0,129,0.49425287,4550,2723,10.43295019,134,127,"two-contract post-signal scalp: one contract exits at first target, one runner uses selected stop mode and runner target"
1,signal_scaled_scalp:strategy=delta_impulse_continue_3bar_1pt_20d:direction=all:first_target_points=1:stop_points=1.5:runner_target_points=3:runner_stop_mode=breakeven,delta_impulse_continue_3bar_1pt_20d,all,1,1.5,3,breakeven,261,261,261,92,169,61,108,0,0,169,0.64750958,3800,1973,7.55938697,134,127,"two-contract post-signal scalp: one contract exits at first target, one runner uses selected stop mode and runner target"
1,signal_scaled_scalp:strategy=delta_impulse_continue_3bar_1pt_20d:direction=all:first_target_points=1:stop_points=1.5:runner_target_points=3:runner_stop_mode=initial,delta_impulse_continue_3bar_1pt_20d,all,1,1.5,3,initial,261,261,261,92,169,100,69,0,0,100,0.38314176,4475,2648,10.14559387,134,127,"two-contract post-signal scalp: one contract exits at first target, one runner uses selected stop mode and runner target"
1,signal_scaled_scalp:strategy=delta_impulse_continue_3bar_1pt_20d:direction=all:first_target_points=1:stop_points=1.5:runner_target_points=5:runner_stop_mode=breakeven,delta_impulse_continue_3bar_1pt_20d,all,1,1.5,5,breakeven,261,261,261,92,169,39,130,0,0,169,0.64750958,4400,2573,9.85823755,134,127,"two-contract post-signal scalp: one contract exits at first target, one runner uses selected stop mode and runner target"
1,signal_scaled_scalp:strategy=delta_impulse_continue_3bar_1pt_20d:direction=all:first_target_points=1:stop_points=1.5:runner_target_points=5:runner_stop_mode=initial,delta_impulse_continue_3bar_1pt_20d,all,1,1.5,5,initial,261,261,261,92,169,70,99,0,0,70,0.26819923,4725,2898,11.10344828,134,127,"two-contract post-signal scalp: one contract exits at first target, one runner uses selected stop mode and runner target"
1,signal_scaled_scalp:strategy=delta_impulse_continue_3bar_1pt_20d:direction=all:first_target_points=1:stop_points=2:runner_target_points=1.5:runner_stop_mode=breakeven,delta_impulse_continue_3bar_1pt_20d,all,1,2,1.5,breakeven,261,261,261,75,186,116,70,0,0,186,0.71264368,3000,1173,4.49425287,134,127,"two-contract post-signal scalp: one contract exits at first target, one runner uses selected stop mode and runner target"
1,signal_scaled_scalp:strategy=delta_impulse_continue_3bar_1pt_20d:direction=all:first_target_points=1:stop_points=2:runner_target_points=1.5:runner_stop_mode=initial,delta_impulse_continue_3bar_1pt_20d,all,1,2,1.5,initial,261,261,261,75,186,161,25,0,0,161,0.61685824,3875,2048,7.8467433,134,127,"two-contract post-signal scalp: one contract exits at first target, one runner uses selected stop mode and runner target"
1,signal_scaled_scalp:strategy=delta_impulse_continue_3bar_1pt_20d:direction=all:first_target_points=1:stop_points=2:runner_target_points=2:runner_stop_mode=breakeven,delta_impulse_continue_3bar_1pt_20d,all,1,2,2,breakeven,261,261,261,75,186,96,90,0,0,186,0.71264368,3900,2073,7.94252874,134,127,"two-contract post-signal scalp: one contract exits at first target, one runner uses selected stop mode and runner target"
1,signal_scaled_scalp:strategy=delta_impulse_continue_3bar_1pt_20d:direction=all:first_target_points=1:stop_points=2:runner_target_points=2:runner_stop_mode=initial,delta_impulse_continue_3bar_1pt_20d,all,1,2,2,initial,261,261,261,75,186,146,40,0,0,146,0.55938697,4900,3073,11.77394636,134,127,"two-contract post-signal scalp: one contract exits at first target, one runner uses selected stop mode and runner target"
1,signal_scaled_scalp:strategy=delta_impulse_continue_3bar_1pt_20d:direction=all:first_target_points=1:stop_points=2:runner_target_points=3:runner_stop_mode=breakeven,delta_impulse_continue_3bar_1pt_20d,all,1,2,3,breakeven,261,261,261,75,186,67,119,0,0,186,0.71264368,4350,2523,9.66666667,134,127,"two-contract post-signal scalp: one contract exits at first target, one runner uses selected stop mode and runner target"
1,signal_scaled_scalp:strategy=delta_impulse_continue_3bar_1pt_20d:direction=all:first_target_points=1:stop_points=2:runner_target_points=3:runner_stop_mode=initial,delta_impulse_continue_3bar_1pt_20d,all,1,2,3,initial,261,261,261,75,186,118,68,0,0,118,0.45210728,5200,3373,12.92337165,134,127,"two-contract post-signal scalp: one contract exits at first target, one runner uses selected stop mode and runner target"
1,signal_scaled_scalp:strategy=delta_impulse_continue_3bar_1pt_20d:direction=all:first_target_points=1:stop_points=2:runner_target_points=5:runner_stop_mode=breakeven,delta_impulse_continue_3bar_1pt_20d,all,1,2,5,breakeven,261,261,261,75,186,44,142,0,0,186,0.71264368,5300,3473,13.30651341,134,127,"two-contract post-signal scalp: one contract exits at first target, one runner uses selected stop mode and runner target"
1,signal_scaled_scalp:strategy=delta_impulse_continue_3bar_1pt_20d:direction=all:first_target_points=1:stop_points=2:runner_target_points=5:runner_stop_mode=initial,delta_impulse_continue_3bar_1pt_20d,all,1,2,5,initial,261,261,261,75,186,83,103,0,0,83,0.31800766,4750,2923,11.19923372,134,127,"two-contract post-signal scalp: one contract exits at first target, one runner uses selected stop mode and runner target"
1,signal_scaled_scalp:strategy=delta_impulse_continue_3bar_1pt_20d:direction=all:first_target_points=1.5:stop_points=1:runner_target_points=2:runner_stop_mode=breakeven,delta_impulse_continue_3bar_1pt_20d,all,1.5,1,2,breakeven,261,261,261,142,119,103,16,0,0,119,0.4559387,5025,3198,12.25287356,134,127,"two-contract post-signal scalp: one contract exits at first target, one runner uses selected stop mode and runner target"
1,signal_scaled_scalp:strategy=delta_impulse_continue_3bar_1pt_20d:direction=all:first_target_points=1.5:stop_points=1:runner_target_points=2:runner_stop_mode=initial,delta_impulse_continue_3bar_1pt_20d,all,1.5,1,2,initial,261,261,261,142,119,108,11,0,0,119,0.4559387,4975,3148,12.06130268,134,127,"two-contract post-signal scalp: one contract exits at first target, one runner uses selected stop mode and runner target"
1,signal_scaled_scalp:strategy=delta_impulse_continue_3bar_1pt_20d:direction=all:first_target_points=1.5:stop_points=1:runner_target_points=3:runner_stop_mode=breakeven,delta_impulse_continue_3bar_1pt_20d,all,1.5,1,3,breakeven,261,261,261,142,119,68,51,0,0,119,0.4559387,4925,3098,11.8697318,134,127,"two-contract post-signal scalp: one contract exits at first target, one runner uses selected stop mode and runner target"
1,signal_scaled_scalp:strategy=delta_impulse_continue_3bar_1pt_20d:direction=all:first_target_points=1.5:stop_points=1:runner_target_points=3:runner_stop_mode=initial,delta_impulse_continue_3bar_1pt_20d,all,1.5,1,3,initial,261,261,261,142,119,80,39,0,0,119,0.4559387,4775,2948,11.29501916,134,127,"two-contract post-signal scalp: one contract exits at first target, one runner uses selected stop mode and runner target"
1,signal_scaled_scalp:strategy=delta_impulse_continue_3bar_1pt_20d:direction=all:first_target_points=1.5:stop_points=1:runner_target_points=5:runner_stop_mode=breakeven,delta_impulse_continue_3bar_1pt_20d,all,1.5,1,5,breakeven,261,261,261,142,119,42,77,0,0,119,0.4559387,5225,3398,13.01915709,134,127,"two-contract post-signal scalp: one contract exits at first target, one runner uses selected stop mode and runner target"
1,signal_scaled_scalp:strategy=delta_impulse_continue_3bar_1pt_20d:direction=all:first_target_points=1.5:stop_points=1:runner_target_points=5:runner_stop_mode=initial,delta_impulse_continue_3bar_1pt_20d,all,1.5,1,5,initial,261,261,261,142,119,52,67,0,0,119,0.4559387,4375,2548,9.76245211,134,127,"two-contract post-signal scalp: one contract exits at first target, one runner uses selected stop mode and runner target"
1,signal_scaled_scalp:strategy=delta_impulse_continue_3bar_1pt_20d:direction=all:first_target_points=1.5:stop_points=1.5:runner_target_points=2:runner_stop_mode=breakeven,delta_impulse_continue_3bar_1pt_20d,all,1.5,1.5,2,breakeven,261,261,261,119,142,120,22,0,0,142,0.5440613,4800,2973,11.3908046,134,127,"two-contract post-signal scalp: one contract exits at first target, one runner uses selected stop mode and runner target"
1,signal_scaled_scalp:strategy=delta_impulse_continue_3bar_1pt_20d:direction=all:first_target_points=1.5:stop_points=1.5:runner_target_points=2:runner_stop_mode=initial,delta_impulse_continue_3bar_1pt_20d,all,1.5,1.5,2,initial,261,261,261,119,142,129,13,0,0,129,0.49425287,4725,2898,11.10344828,134,127,"two-contract post-signal scalp: one contract exits at first target, one runner uses selected stop mode and runner target"
1,signal_scaled_scalp:strategy=delta_impulse_continue_3bar_1pt_20d:direction=all:first_target_points=1.5:stop_points=1.5:runner_target_points=3:runner_stop_mode=breakeven,delta_impulse_continue_3bar_1pt_20d,all,1.5,1.5,3,breakeven,261,261,261,119,142,80,62,0,0,142,0.5440613,4800,2973,11.3908046,134,127,"two-contract post-signal scalp: one contract exits at first target, one runner uses selected stop mode and runner target"
1,signal_scaled_scalp:strategy=delta_impulse_continue_3bar_1pt_20d:direction=all:first_target_points=1.5:stop_points=1.5:runner_target_points=3:runner_stop_mode=initial,delta_impulse_continue_3bar_1pt_20d,all,1.5,1.5,3,initial,261,261,261,119,142,100,42,0,0,100,0.38314176,4650,2823,10.81609195,134,127,"two-contract post-signal scalp: one contract exits at first target, one runner uses selected stop mode and runner target"
1,signal_scaled_scalp:strategy=delta_impulse_continue_3bar_1pt_20d:direction=all:first_target_points=1.5:stop_points=1.5:runner_target_points=5:runner_stop_mode=breakeven,delta_impulse_continue_3bar_1pt_20d,all,1.5,1.5,5,breakeven,261,261,261,119,142,50,92,0,0,142,0.5440613,5300,3473,13.30651341,134,127,"two-contract post-signal scalp: one contract exits at first target, one runner uses selected stop mode and runner target"
1,signal_scaled_scalp:strategy=delta_impulse_continue_3bar_1pt_20d:direction=all:first_target_points=1.5:stop_points=1.5:runner_target_points=5:runner_stop_mode=initial,delta_impulse_continue_3bar_1pt_20d,all,1.5,1.5,5,initial,261,261,261,119,142,70,72,0,0,70,0.26819923,4900,3073,11.77394636,134,127,"two-contract post-signal scalp: one contract exits at first target, one runner uses selected stop mode and runner target"
1,signal_scaled_scalp:strategy=delta_impulse_continue_3bar_1pt_20d:direction=all:first_target_points=1.5:stop_points=2:runner_target_points=2:runner_stop_mode=breakeven,delta_impulse_continue_3bar_1pt_20d,all,1.5,2,2,breakeven,261,261,261,100,161,135,26,0,0,161,0.61685824,5575,3748,14.36015326,134,127,"two-contract post-signal scalp: one contract exits at first target, one runner uses selected stop mode and runner target"
1,signal_scaled_scalp:strategy=delta_impulse_continue_3bar_1pt_20d:direction=all:first_target_points=1.5:stop_points=2:runner_target_points=2:runner_stop_mode=initial,delta_impulse_continue_3bar_1pt_20d,all,1.5,2,2,initial,261,261,261,100,161,146,15,0,0,146,0.55938697,5175,3348,12.82758621,134,127,"two-contract post-signal scalp: one contract exits at first target, one runner uses selected stop mode and runner target"
1,signal_scaled_scalp:strategy=delta_impulse_continue_3bar_1pt_20d:direction=all:first_target_points=1.5:stop_points=2:runner_target_points=3:runner_stop_mode=breakeven,delta_impulse_continue_3bar_1pt_20d,all,1.5,2,3,breakeven,261,261,261,100,161,92,69,0,0,161,0.61685824,5875,4048,15.50957854,134,127,"two-contract post-signal scalp: one contract exits at first target, one runner uses selected stop mode and runner target"
1,signal_scaled_scalp:strategy=delta_impulse_continue_3bar_1pt_20d:direction=all:first_target_points=1.5:stop_points=2:runner_target_points=3:runner_stop_mode=initial,delta_impulse_continue_3bar_1pt_20d,all,1.5,2,3,initial,261,261,261,100,161,118,43,0,0,118,0.45210728,5475,3648,13.97701149,134,127,"two-contract post-signal scalp: one contract exits at first target, one runner uses selected stop mode and runner target"
1,signal_scaled_scalp:strategy=delta_impulse_continue_3bar_1pt_20d:direction=all:first_target_points=1.5:stop_points=2:runner_target_points=5:runner_stop_mode=breakeven,delta_impulse_continue_3bar_1pt_20d,all,1.5,2,5,breakeven,261,261,261,100,161,57,104,0,0,161,0.61685824,6325,4498,17.23371648,134,127,"two-contract post-signal scalp: one contract exits at first target, one runner uses selected stop mode and runner target"
1,signal_scaled_scalp:strategy=delta_impulse_continue_3bar_1pt_20d:direction=all:first_target_points=1.5:stop_points=2:runner_target_points=5:runner_stop_mode=initial,delta_impulse_continue_3bar_1pt_20d,all,1.5,2,5,initial,261,261,261,100,161,83,78,0,0,83,0.31800766,5025,3198,12.25287356,134,127,"two-contract post-signal scalp: one contract exits at first target, one runner uses selected stop mode and runner target"
1,signal_scaled_scalp:strategy=delta_impulse_continue_5bar_1.5pt_30d:direction=all:first_target_points=0.5:stop_points=1:runner_target_points=1.5:runner_stop_mode=breakeven,delta_impulse_continue_5bar_1.5pt_30d,all,0.5,1,1.5,breakeven,226,226,226,58,168,57,111,0,0,168,0.74336283,2675,1093,4.83628319,107,119,"two-contract post-signal scalp: one contract exits at first target, one runner uses selected stop mode and runner target"
1,signal_scaled_scalp:strategy=delta_impulse_continue_5bar_1.5pt_30d:direction=all:first_target_points=0.5:stop_points=1:runner_target_points=1.5:runner_stop_mode=initial,delta_impulse_continue_5bar_1.5pt_30d,all,0.5,1,1.5,initial,226,226,226,58,168,110,58,0,0,110,0.48672566,3750,2168,9.59292035,107,119,"two-contract post-signal scalp: one contract exits at first target, one runner uses selected stop mode and runner target"
1,signal_scaled_scalp:strategy=delta_impulse_continue_5bar_1.5pt_30d:direction=all:first_target_points=0.5:stop_points=1:runner_target_points=2:runner_stop_mode=breakeven,delta_impulse_continue_5bar_1.5pt_30d,all,0.5,1,2,breakeven,226,226,226,58,168,51,117,0,0,168,0.74336283,3500,1918,8.48672566,107,119,"two-contract post-signal scalp: one contract exits at first target, one runner uses selected stop mode and runner target"
1,signal_scaled_scalp:strategy=delta_impulse_continue_5bar_1.5pt_30d:direction=all:first_target_points=0.5:stop_points=1:runner_target_points=2:runner_stop_mode=initial,delta_impulse_continue_5bar_1.5pt_30d,all,0.5,1,2,initial,226,226,226,58,168,93,75,0,0,93,0.41150442,3950,2368,10.47787611,107,119,"two-contract post-signal scalp: one contract exits at first target, one runner uses selected stop mode and runner target"
1,signal_scaled_scalp:strategy=delta_impulse_continue_5bar_1.5pt_30d:direction=all:first_target_points=0.5:stop_points=1:runner_target_points=3:runner_stop_mode=breakeven,delta_impulse_continue_5bar_1.5pt_30d,all,0.5,1,3,breakeven,226,226,226,58,168,34,134,0,0,168,0.74336283,3500,1918,8.48672566,107,119,"two-contract post-signal scalp: one contract exits at first target, one runner uses selected stop mode and runner target"
1,signal_scaled_scalp:strategy=delta_impulse_continue_5bar_1.5pt_30d:direction=all:first_target_points=0.5:stop_points=1:runner_target_points=3:runner_stop_mode=initial,delta_impulse_continue_5bar_1.5pt_30d,all,0.5,1,3,initial,226,226,226,58,168,69,99,0,0,69,0.30530973,3800,2218,9.81415929,107,119,"two-contract post-signal scalp: one contract exits at first target, one runner uses selected stop mode and runner target"
1,signal_scaled_scalp:strategy=delta_impulse_continue_5bar_1.5pt_30d:direction=all:first_target_points=0.5:stop_points=1:runner_target_points=5:runner_stop_mode=breakeven,delta_impulse_continue_5bar_1.5pt_30d,all,0.5,1,5,breakeven,226,226,226,58,168,21,147,0,0,168,0.74336283,3650,2068,9.15044248,107,119,"two-contract post-signal scalp: one contract exits at first target, one runner uses selected stop mode and runner target"
1,signal_scaled_scalp:strategy=delta_impulse_continue_5bar_1.5pt_30d:direction=all:first_target_points=0.5:stop_points=1:runner_target_points=5:runner_stop_mode=initial,delta_impulse_continue_5bar_1.5pt_30d,all,0.5,1,5,initial,226,226,226,58,168,38,130,0,0,38,0.16814159,1400,-182,-0.80530973,107,119,"two-contract post-signal scalp: one contract exits at first target, one runner uses selected stop mode and runner target"
1,signal_scaled_scalp:strategy=delta_impulse_continue_5bar_1.5pt_30d:direction=all:first_target_points=0.5:stop_points=1.5:runner_target_points=1.5:runner_stop_mode=breakeven,delta_impulse_continue_5bar_1.5pt_30d,all,0.5,1.5,1.5,breakeven,226,226,226,47,179,57,122,0,0,179,0.7920354,1700,118,0.52212389,107,119,"two-contract post-signal scalp: one contract exits at first target, one runner uses selected stop mode and runner target"
1,signal_scaled_scalp:strategy=delta_impulse_continue_5bar_1.5pt_30d:direction=all:first_target_points=0.5:stop_points=1.5:runner_target_points=1.5:runner_stop_mode=initial,delta_impulse_continue_5bar_1.5pt_30d,all,0.5,1.5,1.5,initial,226,226,226,47,179,127,52,0,0,127,0.5619469,3050,1468,6.49557522,107,119,"two-contract post-signal scalp: one contract exits at first target, one runner uses selected stop mode and runner target"
1,signal_scaled_scalp:strategy=delta_impulse_continue_5bar_1.5pt_30d:direction=all:first_target_points=0.5:stop_points=1.5:runner_target_points=2:runner_stop_mode=breakeven,delta_impulse_continue_5bar_1.5pt_30d,all,0.5,1.5,2,breakeven,226,226,226,47,179,51,128,0,0,179,0.7920354,2525,943,4.17256637,107,119,"two-contract post-signal scalp: one contract exits at first target, one runner uses selected stop mode and runner target"
1,signal_scaled_scalp:strategy=delta_impulse_continue_5bar_1.5pt_30d:direction=all:first_target_points=0.5:stop_points=1.5:runner_target_points=2:runner_stop_mode=initial,delta_impulse_continue_5bar_1.5pt_30d,all,0.5,1.5,2,initial,226,226,226,47,179,110,69,0,0,110,0.48672566,3250,1668,7.38053097,107,119,"two-contract post-signal scalp: one contract exits at first target, one runner uses selected stop mode and runner target"
1,signal_scaled_scalp:strategy=delta_impulse_continue_5bar_1.5pt_30d:direction=all:first_target_points=0.5:stop_points=1.5:runner_target_points=3:runner_stop_mode=breakeven,delta_impulse_continue_5bar_1.5pt_30d,all,0.5,1.5,3,breakeven,226,226,226,47,179,34,145,0,0,179,0.7920354,2525,943,4.17256637,107,119,"two-contract post-signal scalp: one contract exits at first target, one runner uses selected stop mode and runner target"
1,signal_scaled_scalp:strategy=delta_impulse_continue_5bar_1.5pt_30d:direction=all:first_target_points=0.5:stop_points=1.5:runner_target_points=3:runner_stop_mode=initial,delta_impulse_continue_5bar_1.5pt_30d,all,0.5,1.5,3,initial,226,226,226,47,179,88,91,0,0,88,0.38938053,3800,2218,9.81415929,107,119,"two-contract post-signal scalp: one contract exits at first target, one runner uses selected stop mode and runner target"
1,signal_scaled_scalp:strategy=delta_impulse_continue_5bar_1.5pt_30d:direction=all:first_target_points=0.5:stop_points=1.5:runner_target_points=5:runner_stop_mode=breakeven,delta_impulse_continue_5bar_1.5pt_30d,all,0.5,1.5,5,breakeven,226,226,226,47,179,21,158,0,0,179,0.7920354,2675,1093,4.83628319,107,119,"two-contract post-signal scalp: one contract exits at first target, one runner uses selected stop mode and runner target"
1,signal_scaled_scalp:strategy=delta_impulse_continue_5bar_1.5pt_30d:direction=all:first_target_points=0.5:stop_points=1.5:runner_target_points=5:runner_stop_mode=initial,delta_impulse_continue_5bar_1.5pt_30d,all,0.5,1.5,5,initial,226,226,226,47,179,53,126,0,0,53,0.23451327,1225,-357,-1.57964602,107,119,"two-contract post-signal scalp: one contract exits at first target, one runner uses selected stop mode and runner target"
1,signal_scaled_scalp:strategy=delta_impulse_continue_5bar_1.5pt_30d:direction=all:first_target_points=0.5:stop_points=2:runner_target_points=1.5:runner_stop_mode=breakeven,delta_impulse_continue_5bar_1.5pt_30d,all,0.5,2,1.5,breakeven,226,226,226,41,185,58,127,0,0,185,0.81858407,775,-807,-3.57079646,107,119,"two-contract post-signal scalp: one contract exits at first target, one runner uses selected stop mode and runner target"
1,signal_scaled_scalp:strategy=delta_impulse_continue_5bar_1.5pt_30d:direction=all:first_target_points=0.5:stop_points=2:runner_target_points=1.5:runner_stop_mode=initial,delta_impulse_continue_5bar_1.5pt_30d,all,0.5,2,1.5,initial,226,226,226,41,185,138,47,0,0,138,0.61061947,2075,493,2.18141593,107,119,"two-contract post-signal scalp: one contract exits at first target, one runner uses selected stop mode and runner target"
1,signal_scaled_scalp:strategy=delta_impulse_continue_5bar_1.5pt_30d:direction=all:first_target_points=0.5:stop_points=2:runner_target_points=2:runner_stop_mode=breakeven,delta_impulse_continue_5bar_1.5pt_30d,all,0.5,2,2,breakeven,226,226,226,41,185,52,133,0,0,185,0.81858407,1625,43,0.19026549,107,119,"two-contract post-signal scalp: one contract exits at first target, one runner uses selected stop mode and runner target"
1,signal_scaled_scalp:strategy=delta_impulse_continue_5bar_1.5pt_30d:direction=all:first_target_points=0.5:stop_points=2:runner_target_points=2:runner_stop_mode=initial,delta_impulse_continue_5bar_1.5pt_30d,all,0.5,2,2,initial,226,226,226,41,185,120,65,0,0,120,0.53097345,1925,343,1.51769912,107,119,"two-contract post-signal scalp: one contract exits at first target, one runner uses selected stop mode and runner target"
1,signal_scaled_scalp:strategy=delta_impulse_continue_5bar_1.5pt_30d:direction=all:first_target_points=0.5:stop_points=2:runner_target_points=3:runner_stop_mode=breakeven,delta_impulse_continue_5bar_1.5pt_30d,all,0.5,2,3,breakeven,226,226,226,41,185,35,150,0,0,185,0.81858407,1675,93,0.41150442,107,119,"two-contract post-signal scalp: one contract exits at first target, one runner uses selected stop mode and runner target"
1,signal_scaled_scalp:strategy=delta_impulse_continue_5bar_1.5pt_30d:direction=all:first_target_points=0.5:stop_points=2:runner_target_points=3:runner_stop_mode=initial,delta_impulse_continue_5bar_1.5pt_30d,all,0.5,2,3,initial,226,226,226,41,185,99,86,0,0,99,0.4380531,2675,1093,4.83628319,107,119,"two-contract post-signal scalp: one contract exits at first target, one runner uses selected stop mode and runner target"
1,signal_scaled_scalp:strategy=delta_impulse_continue_5bar_1.5pt_30d:direction=all:first_target_points=0.5:stop_points=2:runner_target_points=5:runner_stop_mode=breakeven,delta_impulse_continue_5bar_1.5pt_30d,all,0.5,2,5,breakeven,226,226,226,41,185,22,163,0,0,185,0.81858407,1925,343,1.51769912,107,119,"two-contract post-signal scalp: one contract exits at first target, one runner uses selected stop mode and runner target"
1,signal_scaled_scalp:strategy=delta_impulse_continue_5bar_1.5pt_30d:direction=all:first_target_points=0.5:stop_points=2:runner_target_points=5:runner_stop_mode=initial,delta_impulse_continue_5bar_1.5pt_30d,all,0.5,2,5,initial,226,226,226,41,185,65,120,0,0,65,0.28761062,675,-907,-4.01327434,107,119,"two-contract post-signal scalp: one contract exits at first target, one runner uses selected stop mode and runner target"
1,signal_scaled_scalp:strategy=delta_impulse_continue_5bar_1.5pt_30d:direction=all:first_target_points=1:stop_points=1:runner_target_points=1.5:runner_stop_mode=breakeven,delta_impulse_continue_5bar_1.5pt_30d,all,1,1,1.5,breakeven,226,226,226,97,129,87,42,0,0,129,0.57079646,3275,1693,7.49115044,107,119,"two-contract post-signal scalp: one contract exits at first target, one runner uses selected stop mode and runner target"
1,signal_scaled_scalp:strategy=delta_impulse_continue_5bar_1.5pt_30d:direction=all:first_target_points=1:stop_points=1:runner_target_points=1.5:runner_stop_mode=initial,delta_impulse_continue_5bar_1.5pt_30d,all,1,1,1.5,initial,226,226,226,97,129,110,19,0,0,110,0.48672566,4050,2468,10.92035398,107,119,"two-contract post-signal scalp: one contract exits at first target, one runner uses selected stop mode and runner target"
1,signal_scaled_scalp:strategy=delta_impulse_continue_5bar_1.5pt_30d:direction=all:first_target_points=1:stop_points=1:runner_target_points=2:runner_stop_mode=breakeven,delta_impulse_continue_5bar_1.5pt_30d,all,1,1,2,breakeven,226,226,226,97,129,72,57,0,0,129,0.57079646,3950,2368,10.47787611,107,119,"two-contract post-signal scalp: one contract exits at first target, one runner uses selected stop mode and runner target"
1,signal_scaled_scalp:strategy=delta_impulse_continue_5bar_1.5pt_30d:direction=all:first_target_points=1:stop_points=1:runner_target_points=2:runner_stop_mode=initial,delta_impulse_continue_5bar_1.5pt_30d,all,1,1,2,initial,226,226,226,97,129,93,36,0,0,93,0.41150442,4250,2668,11.80530973,107,119,"two-contract post-signal scalp: one contract exits at first target, one runner uses selected stop mode and runner target"
1,signal_scaled_scalp:strategy=delta_impulse_continue_5bar_1.5pt_30d:direction=all:first_target_points=1:stop_points=1:runner_target_points=3:runner_stop_mode=breakeven,delta_impulse_continue_5bar_1.5pt_30d,all,1,1,3,breakeven,226,226,226,97,129,48,81,0,0,129,0.57079646,3950,2368,10.47787611,107,119,"two-contract post-signal scalp: one contract exits at first target, one runner uses selected stop mode and runner target"
1,signal_scaled_scalp:strategy=delta_impulse_continue_5bar_1.5pt_30d:direction=all:first_target_points=1:stop_points=1:runner_target_points=3:runner_stop_mode=initial,delta_impulse_continue_5bar_1.5pt_30d,all,1,1,3,initial,226,226,226,97,129,69,60,0,0,69,0.30530973,4100,2518,11.14159292,107,119,"two-contract post-signal scalp: one contract exits at first target, one runner uses selected stop mode and runner target"
1,signal_scaled_scalp:strategy=delta_impulse_continue_5bar_1.5pt_30d:direction=all:first_target_points=1:stop_points=1:runner_target_points=5:runner_stop_mode=breakeven,delta_impulse_continue_5bar_1.5pt_30d,all,1,1,5,breakeven,226,226,226,97,129,26,103,0,0,129,0.57079646,3250,1668,7.38053097,107,119,"two-contract post-signal scalp: one contract exits at first target, one runner uses selected stop mode and runner target"
1,signal_scaled_scalp:strategy=delta_impulse_continue_5bar_1.5pt_30d:direction=all:first_target_points=1:stop_points=1:runner_target_points=5:runner_stop_mode=initial,delta_impulse_continue_5bar_1.5pt_30d,all,1,1,5,initial,226,226,226,97,129,38,91,0,0,38,0.16814159,1700,118,0.52212389,107,119,"two-contract post-signal scalp: one contract exits at first target, one runner uses selected stop mode and runner target"
1,signal_scaled_scalp:strategy=delta_impulse_continue_5bar_1.5pt_30d:direction=all:first_target_points=1:stop_points=1.5:runner_target_points=1.5:runner_stop_mode=breakeven,delta_impulse_continue_5bar_1.5pt_30d,all,1,1.5,1.5,breakeven,226,226,226,79,147,96,51,0,0,147,0.65044248,2700,1118,4.94690265,107,119,"two-contract post-signal scalp: one contract exits at first target, one runner uses selected stop mode and runner target"
1,signal_scaled_scalp:strategy=delta_impulse_continue_5bar_1.5pt_30d:direction=all:first_target_points=1:stop_points=1.5:runner_target_points=1.5:runner_stop_mode=initial,delta_impulse_continue_5bar_1.5pt_30d,all,1,1.5,1.5,initial,226,226,226,79,147,127,20,0,0,127,0.5619469,3525,1943,8.59734513,107,119,"two-contract post-signal scalp: one contract exits at first target, one runner uses selected stop mode and runner target"
1,signal_scaled_scalp:strategy=delta_impulse_continue_5bar_1.5pt_30d:direction=all:first_target_points=1:stop_points=1.5:runner_target_points=2:runner_stop_mode=breakeven,delta_impulse_continue_5bar_1.5pt_30d,all,1,1.5,2,breakeven,226,226,226,79,147,79,68,0,0,147,0.65044248,3400,1818,8.04424779,107,119,"two-contract post-signal scalp: one contract exits at first target, one runner uses selected stop mode and runner target"
1,signal_scaled_scalp:strategy=delta_impulse_continue_5bar_1.5pt_30d:direction=all:first_target_points=1:stop_points=1.5:runner_target_points=2:runner_stop_mode=initial,delta_impulse_continue_5bar_1.5pt_30d,all,1,1.5,2,initial,226,226,226,79,147,110,37,0,0,110,0.48672566,3725,2143,9.48230088,107,119,"two-contract post-signal scalp: one contract exits at first target, one runner uses selected stop mode and runner target"
1,signal_scaled_scalp:strategy=delta_impulse_continue_5bar_1.5pt_30d:direction=all:first_target_points=1:stop_points=1.5:runner_target_points=3:runner_stop_mode=breakeven,delta_impulse_continue_5bar_1.5pt_30d,all,1,1.5,3,breakeven,226,226,226,79,147,53,94,0,0,147,0.65044248,3450,1868,8.26548673,107,119,"two-contract post-signal scalp: one contract exits at first target, one runner uses selected stop mode and runner target"
1,signal_scaled_scalp:strategy=delta_impulse_continue_5bar_1.5pt_30d:direction=all:first_target_points=1:stop_points=1.5:runner_target_points=3:runner_stop_mode=initial,delta_impulse_continue_5bar_1.5pt_30d,all,1,1.5,3,initial,226,226,226,79,147,88,59,0,0,88,0.38938053,4275,2693,11.9159292,107,119,"two-contract post-signal scalp: one contract exits at first target, one runner uses selected stop mode and runner target"
1,signal_scaled_scalp:strategy=delta_impulse_continue_5bar_1.5pt_30d:direction=all:first_target_points=1:stop_points=1.5:runner_target_points=5:runner_stop_mode=breakeven,delta_impulse_continue_5bar_1.5pt_30d,all,1,1.5,5,breakeven,226,226,226,79,147,30,117,0,0,147,0.65044248,3000,1418,6.27433628,107,119,"two-contract post-signal scalp: one contract exits at first target, one runner uses selected stop mode and runner target"
1,signal_scaled_scalp:strategy=delta_impulse_continue_5bar_1.5pt_30d:direction=all:first_target_points=1:stop_points=1.5:runner_target_points=5:runner_stop_mode=initial,delta_impulse_continue_5bar_1.5pt_30d,all,1,1.5,5,initial,226,226,226,79,147,53,94,0,0,53,0.23451327,1700,118,0.52212389,107,119,"two-contract post-signal scalp: one contract exits at first target, one runner uses selected stop mode and runner target"
1,signal_scaled_scalp:strategy=delta_impulse_continue_5bar_1.5pt_30d:direction=all:first_target_points=1:stop_points=2:runner_target_points=1.5:runner_stop_mode=breakeven,delta_impulse_continue_5bar_1.5pt_30d,all,1,2,1.5,breakeven,226,226,226,71,155,103,52,0,0,155,0.68584071,1275,-307,-1.35840708,107,119,"two-contract post-signal scalp: one contract exits at first target, one runner uses selected stop mode and runner target"
1,signal_scaled_scalp:strategy=delta_impulse_continue_5bar_1.5pt_30d:direction=all:first_target_points=1:stop_points=2:runner_target_points=1.5:runner_stop_mode=initial,delta_impulse_continue_5bar_1.5pt_30d,all,1,2,1.5,initial,226,226,226,71,155,138,17,0,0,138,0.61061947,2200,618,2.73451327,107,119,"two-contract post-signal scalp: one contract exits at first target, one runner uses selected stop mode and runner target"
1,signal_scaled_scalp:strategy=delta_impulse_continue_5bar_1.5pt_30d:direction=all:first_target_points=1:stop_points=2:runner_target_points=2:runner_stop_mode=breakeven,delta_impulse_continue_5bar_1.5pt_30d,all,1,2,2,breakeven,226,226,226,71,155,82,73,0,0,155,0.68584071,1750,168,0.74336283,107,119,"two-contract post-signal scalp: one contract exits at first target, one runner uses selected stop mode and runner target"
1,signal_scaled_scalp:strategy=delta_impulse_continue_5bar_1.5pt_30d:direction=all:first_target_points=1:stop_points=2:runner_target_points=2:runner_stop_mode=initial,delta_impulse_continue_5bar_1.5pt_30d,all,1,2,2,initial,226,226,226,71,155,120,35,0,0,120,0.53097345,2050,468,2.07079646,107,119,"two-contract post-signal scalp: one contract exits at first target, one runner uses selected stop mode and runner target"
1,signal_scaled_scalp:strategy=delta_impulse_continue_5bar_1.5pt_30d:direction=all:first_target_points=1:stop_points=2:runner_target_points=3:runner_stop_mode=breakeven,delta_impulse_continue_5bar_1.5pt_30d,all,1,2,3,breakeven,226,226,226,71,155,56,99,0,0,155,0.68584071,1950,368,1.62831858,107,119,"two-contract post-signal scalp: one contract exits at first target, one runner uses selected stop mode and runner target"
1,signal_scaled_scalp:strategy=delta_impulse_continue_5bar_1.5pt_30d:direction=all:first_target_points=1:stop_points=2:runner_target_points=3:runner_stop_mode=initial,delta_impulse_continue_5bar_1.5pt_30d,all,1,2,3,initial,226,226,226,71,155,99,56,0,0,99,0.4380531,2800,1218,5.38938053,107,119,"two-contract post-signal scalp: one contract exits at first target, one runner uses selected stop mode and runner target"
1,signal_scaled_scalp:strategy=delta_impulse_continue_5bar_1.5pt_30d:direction=all:first_target_points=1:stop_points=2:runner_target_points=5:runner_stop_mode=breakeven,delta_impulse_continue_5bar_1.5pt_30d,all,1,2,5,breakeven,226,226,226,71,155,32,123,0,0,155,0.68584071,1550,-32,-0.14159292,107,119,"two-contract post-signal scalp: one contract exits at first target, one runner uses selected stop mode and runner target"
1,signal_scaled_scalp:strategy=delta_impulse_continue_5bar_1.5pt_30d:direction=all:first_target_points=1:stop_points=2:runner_target_points=5:runner_stop_mode=initial,delta_impulse_continue_5bar_1.5pt_30d,all,1,2,5,initial,226,226,226,71,155,65,90,0,0,65,0.28761062,800,-782,-3.46017699,107,119,"two-contract post-signal scalp: one contract exits at first target, one runner uses selected stop mode and runner target"
1,signal_scaled_scalp:strategy=delta_impulse_continue_5bar_1.5pt_30d:direction=all:first_target_points=1.5:stop_points=1:runner_target_points=2:runner_stop_mode=breakeven,delta_impulse_continue_5bar_1.5pt_30d,all,1.5,1,2,breakeven,226,226,226,116,110,89,21,0,0,110,0.48672566,5550,3968,17.55752212,107,119,"two-contract post-signal scalp: one contract exits at first target, one runner uses selected stop mode and runner target"
1,signal_scaled_scalp:strategy=delta_impulse_continue_5bar_1.5pt_30d:direction=all:first_target_points=1.5:stop_points=1:runner_target_points=2:runner_stop_mode=initial,delta_impulse_continue_5bar_1.5pt_30d,all,1.5,1,2,initial,226,226,226,116,110,93,17,0,0,110,0.48672566,5100,3518,15.56637168,107,119,"two-contract post-signal scalp: one contract exits at first target, one runner uses selected stop mode and runner target"
1,signal_scaled_scalp:strategy=delta_impulse_continue_5bar_1.5pt_30d:direction=all:first_target_points=1.5:stop_points=1:runner_target_points=3:runner_stop_mode=breakeven,delta_impulse_continue_5bar_1.5pt_30d,all,1.5,1,3,breakeven,226,226,226,116,110,59,51,0,0,110,0.48672566,5500,3918,17.33628319,107,119,"two-contract post-signal scalp: one contract exits at first target, one runner uses selected stop mode and runner target"
1,signal_scaled_scalp:strategy=delta_impulse_continue_5bar_1.5pt_30d:direction=all:first_target_points=1.5:stop_points=1:runner_target_points=3:runner_stop_mode=initial,delta_impulse_continue_5bar_1.5pt_30d,all,1.5,1,3,initial,226,226,226,116,110,69,41,0,0,110,0.48672566,4950,3368,14.90265487,107,119,"two-contract post-signal scalp: one contract exits at first target, one runner uses selected stop mode and runner target"
1,signal_scaled_scalp:strategy=delta_impulse_continue_5bar_1.5pt_30d:direction=all:first_target_points=1.5:stop_points=1:runner_target_points=5:runner_stop_mode=breakeven,delta_impulse_continue_5bar_1.5pt_30d,all,1.5,1,5,breakeven,226,226,226,116,110,33,77,0,0,110,0.48672566,4900,3318,14.68141593,107,119,"two-contract post-signal scalp: one contract exits at first target, one runner uses selected stop mode and runner target"
1,signal_scaled_scalp:strategy=delta_impulse_continue_5bar_1.5pt_30d:direction=all:first_target_points=1.5:stop_points=1:runner_target_points=5:runner_stop_mode=initial,delta_impulse_continue_5bar_1.5pt_30d,all,1.5,1,5,initial,226,226,226,116,110,38,72,0,0,110,0.48672566,2550,968,4.28318584,107,119,"two-contract post-signal scalp: one contract exits at first target, one runner uses selected stop mode and runner target"
1,signal_scaled_scalp:strategy=delta_impulse_continue_5bar_1.5pt_30d:direction=all:first_target_points=1.5:stop_points=1.5:runner_target_points=2:runner_stop_mode=breakeven,delta_impulse_continue_5bar_1.5pt_30d,all,1.5,1.5,2,breakeven,226,226,226,99,127,103,24,0,0,127,0.5619469,4975,3393,15.01327434,107,119,"two-contract post-signal scalp: one contract exits at first target, one runner uses selected stop mode and runner target"
1,signal_scaled_scalp:strategy=delta_impulse_continue_5bar_1.5pt_30d:direction=all:first_target_points=1.5:stop_points=1.5:runner_target_points=2:runner_stop_mode=initial,delta_impulse_continue_5bar_1.5pt_30d,all,1.5,1.5,2,initial,226,226,226,99,127,110,17,0,0,110,0.48672566,4400,2818,12.46902655,107,119,"two-contract post-signal scalp: one contract exits at first target, one runner uses selected stop mode and runner target"
1,signal_scaled_scalp:strategy=delta_impulse_continue_5bar_1.5pt_30d:direction=all:first_target_points=1.5:stop_points=1.5:runner_target_points=3:runner_stop_mode=breakeven,delta_impulse_continue_5bar_1.5pt_30d,all,1.5,1.5,3,breakeven,226,226,226,99,127,70,57,0,0,127,0.5619469,5175,3593,15.89823009,107,119,"two-contract post-signal scalp: one contract exits at first target, one runner uses selected stop mode and runner target"
1,signal_scaled_scalp:strategy=delta_impulse_continue_5bar_1.5pt_30d:direction=all:first_target_points=1.5:stop_points=1.5:runner_target_points=3:runner_stop_mode=initial,delta_impulse_continue_5bar_1.5pt_30d,all,1.5,1.5,3,initial,226,226,226,99,127,88,39,0,0,88,0.38938053,4950,3368,14.90265487,107,119,"two-contract post-signal scalp: one contract exits at first target, one runner uses selected stop mode and runner target"
1,signal_scaled_scalp:strategy=delta_impulse_continue_5bar_1.5pt_30d:direction=all:first_target_points=1.5:stop_points=1.5:runner_target_points=5:runner_stop_mode=breakeven,delta_impulse_continue_5bar_1.5pt_30d,all,1.5,1.5,5,breakeven,226,226,226,99,127,41,86,0,0,127,0.5619469,4925,3343,14.7920354,107,119,"two-contract post-signal scalp: one contract exits at first target, one runner uses selected stop mode and runner target"
1,signal_scaled_scalp:strategy=delta_impulse_continue_5bar_1.5pt_30d:direction=all:first_target_points=1.5:stop_points=1.5:runner_target_points=5:runner_stop_mode=initial,delta_impulse_continue_5bar_1.5pt_30d,all,1.5,1.5,5,initial,226,226,226,99,127,53,74,0,0,53,0.23451327,2375,793,3.50884956,107,119,"two-contract post-signal scalp: one contract exits at first target, one runner uses selected stop mode and runner target"
1,signal_scaled_scalp:strategy=delta_impulse_continue_5bar_1.5pt_30d:direction=all:first_target_points=1.5:stop_points=2:runner_target_points=2:runner_stop_mode=breakeven,delta_impulse_continue_5bar_1.5pt_30d,all,1.5,2,2,breakeven,226,226,226,88,138,109,29,0,0,138,0.61061947,3650,2068,9.15044248,107,119,"two-contract post-signal scalp: one contract exits at first target, one runner uses selected stop mode and runner target"
1,signal_scaled_scalp:strategy=delta_impulse_continue_5bar_1.5pt_30d:direction=all:first_target_points=1.5:stop_points=2:runner_target_points=2:runner_stop_mode=initial,delta_impulse_continue_5bar_1.5pt_30d,all,1.5,2,2,initial,226,226,226,88,138,120,18,0,0,120,0.53097345,2950,1368,6.05309735,107,119,"two-contract post-signal scalp: one contract exits at first target, one runner uses selected stop mode and runner target"
1,signal_scaled_scalp:strategy=delta_impulse_continue_5bar_1.5pt_30d:direction=all:first_target_points=1.5:stop_points=2:runner_target_points=3:runner_stop_mode=breakeven,delta_impulse_continue_5bar_1.5pt_30d,all,1.5,2,3,breakeven,226,226,226,88,138,75,63,0,0,138,0.61061947,4000,2418,10.69911504,107,119,"two-contract post-signal scalp: one contract exits at first target, one runner uses selected stop mode and runner target"
1,signal_scaled_scalp:strategy=delta_impulse_continue_5bar_1.5pt_30d:direction=all:first_target_points=1.5:stop_points=2:runner_target_points=3:runner_stop_mode=initial,delta_impulse_continue_5bar_1.5pt_30d,all,1.5,2,3,initial,226,226,226,88,138,99,39,0,0,99,0.4380531,3700,2118,9.37168142,107,119,"two-contract post-signal scalp: one contract exits at first target, one runner uses selected stop mode and runner target"
1,signal_scaled_scalp:strategy=delta_impulse_continue_5bar_1.5pt_30d:direction=all:first_target_points=1.5:stop_points=2:runner_target_points=5:runner_stop_mode=breakeven,delta_impulse_continue_5bar_1.5pt_30d,all,1.5,2,5,breakeven,226,226,226,88,138,44,94,0,0,138,0.61061947,3750,2168,9.59292035,107,119,"two-contract post-signal scalp: one contract exits at first target, one runner uses selected stop mode and runner target"
1,signal_scaled_scalp:strategy=delta_impulse_continue_5bar_1.5pt_30d:direction=all:first_target_points=1.5:stop_points=2:runner_target_points=5:runner_stop_mode=initial,delta_impulse_continue_5bar_1.5pt_30d,all,1.5,2,5,initial,226,226,226,88,138,65,73,0,0,65,0.28761062,1700,118,0.52212389,107,119,"two-contract post-signal scalp: one contract exits at first target, one runner uses selected stop mode and runner target"
1,signal_scaled_scalp:strategy=delta_impulse_continue_10bar_2.5pt_50d:direction=all:first_target_points=0.5:stop_points=1:runner_target_points=1.5:runner_stop_mode=breakeven,delta_impulse_continue_10bar_2.5pt_50d,all,0.5,1,1.5,breakeven,206,206,206,52,154,41,113,0,0,154,0.74757282,1725,283,1.37378641,102,104,"two-contract post-signal scalp: one contract exits at first target, one runner uses selected stop mode and runner target"
1,signal_scaled_scalp:strategy=delta_impulse_continue_10bar_2.5pt_50d:direction=all:first_target_points=0.5:stop_points=1:runner_target_points=1.5:runner_stop_mode=initial,delta_impulse_continue_10bar_2.5pt_50d,all,0.5,1,1.5,initial,206,206,206,52,154,101,53,0,0,101,0.49029126,3575,2133,10.35436893,102,104,"two-contract post-signal scalp: one contract exits at first target, one runner uses selected stop mode and runner target"
1,signal_scaled_scalp:strategy=delta_impulse_continue_10bar_2.5pt_50d:direction=all:first_target_points=0.5:stop_points=1:runner_target_points=2:runner_stop_mode=breakeven,delta_impulse_continue_10bar_2.5pt_50d,all,0.5,1,2,breakeven,206,206,206,52,154,35,119,0,0,154,0.74757282,2150,708,3.4368932,102,104,"two-contract post-signal scalp: one contract exits at first target, one runner uses selected stop mode and runner target"
1,signal_scaled_scalp:strategy=delta_impulse_continue_10bar_2.5pt_50d:direction=all:first_target_points=0.5:stop_points=1:runner_target_points=2:runner_stop_mode=initial,delta_impulse_continue_10bar_2.5pt_50d,all,0.5,1,2,initial,206,206,206,52,154,82,72,0,0,82,0.39805825,3250,1808,8.77669903,102,104,"two-contract post-signal scalp: one contract exits at first target, one runner uses selected stop mode and runner target"
1,signal_scaled_scalp:strategy=delta_impulse_continue_10bar_2.5pt_50d:direction=all:first_target_points=0.5:stop_points=1:runner_target_points=3:runner_stop_mode=breakeven,delta_impulse_continue_10bar_2.5pt_50d,all,0.5,1,3,breakeven,206,206,206,52,154,24,130,0,0,154,0.74757282,2250,808,3.9223301,102,104,"two-contract post-signal scalp: one contract exits at first target, one runner uses selected stop mode and runner target"
1,signal_scaled_scalp:strategy=delta_impulse_continue_10bar_2.5pt_50d:direction=all:first_target_points=0.5:stop_points=1:runner_target_points=3:runner_stop_mode=initial,delta_impulse_continue_10bar_2.5pt_50d,all,0.5,1,3,initial,206,206,206,52,154,66,88,0,0,66,0.32038835,4150,2708,13.14563107,102,104,"two-contract post-signal scalp: one contract exits at first target, one runner uses selected stop mode and runner target"
1,signal_scaled_scalp:strategy=delta_impulse_continue_10bar_2.5pt_50d:direction=all:first_target_points=0.5:stop_points=1:runner_target_points=5:runner_stop_mode=breakeven,delta_impulse_continue_10bar_2.5pt_50d,all,0.5,1,5,breakeven,206,206,206,52,154,14,140,0,0,154,0.74757282,2150,708,3.4368932,102,104,"two-contract post-signal scalp: one contract exits at first target, one runner uses selected stop mode and runner target"
1,signal_scaled_scalp:strategy=delta_impulse_continue_10bar_2.5pt_50d:direction=all:first_target_points=0.5:stop_points=1:runner_target_points=5:runner_stop_mode=initial,delta_impulse_continue_10bar_2.5pt_50d,all,0.5,1,5,initial,206,206,206,52,154,41,113,0,0,41,0.19902913,3250,1808,8.77669903,102,104,"two-contract post-signal scalp: one contract exits at first target, one runner uses selected stop mode and runner target"
1,signal_scaled_scalp:strategy=delta_impulse_continue_10bar_2.5pt_50d:direction=all:first_target_points=0.5:stop_points=1.5:runner_target_points=1.5:runner_stop_mode=breakeven,delta_impulse_continue_10bar_2.5pt_50d,all,0.5,1.5,1.5,breakeven,206,206,206,39,167,43,124,0,0,167,0.81067961,1550,108,0.52427184,102,104,"two-contract post-signal scalp: one contract exits at first target, one runner uses selected stop mode and runner target"
1,signal_scaled_scalp:strategy=delta_impulse_continue_10bar_2.5pt_50d:direction=all:first_target_points=0.5:stop_points=1.5:runner_target_points=1.5:runner_stop_mode=initial,delta_impulse_continue_10bar_2.5pt_50d,all,0.5,1.5,1.5,initial,206,206,206,39,167,114,53,0,0,114,0.55339806,2900,1458,7.0776699,102,104,"two-contract post-signal scalp: one contract exits at first target, one runner uses selected stop mode and runner target"
1,signal_scaled_scalp:strategy=delta_impulse_continue_10bar_2.5pt_50d:direction=all:first_target_points=0.5:stop_points=1.5:runner_target_points=2:runner_stop_mode=breakeven,delta_impulse_continue_10bar_2.5pt_50d,all,0.5,1.5,2,breakeven,206,206,206,39,167,37,130,0,0,167,0.81067961,2025,583,2.83009709,102,104,"two-contract post-signal scalp: one contract exits at first target, one runner uses selected stop mode and runner target"
1,signal_scaled_scalp:strategy=delta_impulse_continue_10bar_2.5pt_50d:direction=all:first_target_points=0.5:stop_points=1.5:runner_target_points=2:runner_stop_mode=initial,delta_impulse_continue_10bar_2.5pt_50d,all,0.5,1.5,2,initial,206,206,206,39,167,98,69,0,0,98,0.47572816,2950,1508,7.32038835,102,104,"two-contract post-signal scalp: one contract exits at first target, one runner uses selected stop mode and runner target"
1,signal_scaled_scalp:strategy=delta_impulse_continue_10bar_2.5pt_50d:direction=all:first_target_points=0.5:stop_points=1.5:runner_target_points=3:runner_stop_mode=breakeven,delta_impulse_continue_10bar_2.5pt_50d,all,0.5,1.5,3,breakeven,206,206,206,39,167,26,141,0,0,167,0.81067961,2225,783,3.80097087,102,104,"two-contract post-signal scalp: one contract exits at first target, one runner uses selected stop mode and runner target"
1,signal_scaled_scalp:strategy=delta_impulse_continue_10bar_2.5pt_50d:direction=all:first_target_points=0.5:stop_points=1.5:runner_target_points=3:runner_stop_mode=initial,delta_impulse_continue_10bar_2.5pt_50d,all,0.5,1.5,3,initial,206,206,206,39,167,81,86,0,0,81,0.39320388,4025,2583,12.53883495,102,104,"two-contract post-signal scalp: one contract exits at first target, one runner uses selected stop mode and runner target"
1,signal_scaled_scalp:strategy=delta_impulse_continue_10bar_2.5pt_50d:direction=all:first_target_points=0.5:stop_points=1.5:runner_target_points=5:runner_stop_mode=breakeven,delta_impulse_continue_10bar_2.5pt_50d,all,0.5,1.5,5,breakeven,206,206,206,39,167,16,151,0,0,167,0.81067961,2325,883,4.28640777,102,104,"two-contract post-signal scalp: one contract exits at first target, one runner uses selected stop mode and runner target"
1,signal_scaled_scalp:strategy=delta_impulse_continue_10bar_2.5pt_50d:direction=all:first_target_points=0.5:stop_points=1.5:runner_target_points=5:runner_stop_mode=initial,delta_impulse_continue_10bar_2.5pt_50d,all,0.5,1.5,5,initial,206,206,206,39,167,57,110,0,0,57,0.27669903,4325,2883,13.99514563,102,104,"two-contract post-signal scalp: one contract exits at first target, one runner uses selected stop mode and runner target"
1,signal_scaled_scalp:strategy=delta_impulse_continue_10bar_2.5pt_50d:direction=all:first_target_points=0.5:stop_points=2:runner_target_points=1.5:runner_stop_mode=breakeven,delta_impulse_continue_10bar_2.5pt_50d,all,0.5,2,1.5,breakeven,206,206,206,31,175,46,129,0,0,175,0.84951456,1625,183,0.88834951,102,104,"two-contract post-signal scalp: one contract exits at first target, one runner uses selected stop mode and runner target"
1,signal_scaled_scalp:strategy=delta_impulse_continue_10bar_2.5pt_50d:direction=all:first_target_points=0.5:stop_points=2:runner_target_points=1.5:runner_stop_mode=initial,delta_impulse_continue_10bar_2.5pt_50d,all,0.5,2,1.5,initial,206,206,206,31,175,125,50,0,0,125,0.60679612,2550,1108,5.37864078,102,104,"two-contract post-signal scalp: one contract exits at first target, one runner uses selected stop mode and runner target"
1,signal_scaled_scalp:strategy=delta_impulse_continue_10bar_2.5pt_50d:direction=all:first_target_points=0.5:stop_points=2:runner_target_points=2:runner_stop_mode=breakeven,delta_impulse_continue_10bar_2.5pt_50d,all,0.5,2,2,breakeven,206,206,206,31,175,40,135,0,0,175,0.84951456,2175,733,3.55825243,102,104,"two-contract post-signal scalp: one contract exits at first target, one runner uses selected stop mode and runner target"
1,signal_scaled_scalp:strategy=delta_impulse_continue_10bar_2.5pt_50d:direction=all:first_target_points=0.5:stop_points=2:runner_target_points=2:runner_stop_mode=initial,delta_impulse_continue_10bar_2.5pt_50d,all,0.5,2,2,initial,206,206,206,31,175,112,63,0,0,112,0.54368932,3075,1633,7.92718447,102,104,"two-contract post-signal scalp: one contract exits at first target, one runner uses selected stop mode and runner target"
1,signal_scaled_scalp:strategy=delta_impulse_continue_10bar_2.5pt_50d:direction=all:first_target_points=0.5:stop_points=2:runner_target_points=3:runner_stop_mode=breakeven,delta_impulse_continue_10bar_2.5pt_50d,all,0.5,2,3,breakeven,206,206,206,31,175,28,147,0,0,175,0.84951456,2375,933,4.52912621,102,104,"two-contract post-signal scalp: one contract exits at first target, one runner uses selected stop mode and runner target"
1,signal_scaled_scalp:strategy=delta_impulse_continue_10bar_2.5pt_50d:direction=all:first_target_points=0.5:stop_points=2:runner_target_points=3:runner_stop_mode=initial,delta_impulse_continue_10bar_2.5pt_50d,all,0.5,2,3,initial,206,206,206,31,175,94,81,0,0,94,0.45631068,4175,2733,13.26699029,102,104,"two-contract post-signal scalp: one contract exits at first target, one runner uses selected stop mode and runner target"
1,signal_scaled_scalp:strategy=delta_impulse_continue_10bar_2.5pt_50d:direction=all:first_target_points=0.5:stop_points=2:runner_target_points=5:runner_stop_mode=breakeven,delta_impulse_continue_10bar_2.5pt_50d,all,0.5,2,5,breakeven,206,206,206,31,175,17,158,0,0,175,0.84951456,2425,983,4.77184466,102,104,"two-contract post-signal scalp: one contract exits at first target, one runner uses selected stop mode and runner target"
1,signal_scaled_scalp:strategy=delta_impulse_continue_10bar_2.5pt_50d:direction=all:first_target_points=0.5:stop_points=2:runner_target_points=5:runner_stop_mode=initial,delta_impulse_continue_10bar_2.5pt_50d,all,0.5,2,5,initial,206,206,206,31,175,68,107,0,0,68,0.33009709,4475,3033,14.72330097,102,104,"two-contract post-signal scalp: one contract exits at first target, one runner uses selected stop mode and runner target"
1,signal_scaled_scalp:strategy=delta_impulse_continue_10bar_2.5pt_50d:direction=all:first_target_points=1:stop_points=1:runner_target_points=1.5:runner_stop_mode=breakeven,delta_impulse_continue_10bar_2.5pt_50d,all,1,1,1.5,breakeven,206,206,206,85,121,69,52,0,0,121,0.58737864,2725,1283,6.22815534,102,104,"two-contract post-signal scalp: one contract exits at first target, one runner uses selected stop mode and runner target"
1,signal_scaled_scalp:strategy=delta_impulse_continue_10bar_2.5pt_50d:direction=all:first_target_points=1:stop_points=1:runner_target_points=1.5:runner_stop_mode=initial,delta_impulse_continue_10bar_2.5pt_50d,all,1,1,1.5,initial,206,206,206,85,121,101,20,0,0,101,0.49029126,4125,2683,13.02427184,102,104,"two-contract post-signal scalp: one contract exits at first target, one runner uses selected stop mode and runner target"
1,signal_scaled_scalp:strategy=delta_impulse_continue_10bar_2.5pt_50d:direction=all:first_target_points=1:stop_points=1:runner_target_points=2:runner_stop_mode=breakeven,delta_impulse_continue_10bar_2.5pt_50d,all,1,1,2,breakeven,206,206,206,85,121,53,68,0,0,121,0.58737864,2850,1408,6.83495146,102,104,"two-contract post-signal scalp: one contract exits at first target, one runner uses selected stop mode and runner target"
1,signal_scaled_scalp:strategy=delta_impulse_continue_10bar_2.5pt_50d:direction=all:first_target_points=1:stop_points=1:runner_target_points=2:runner_stop_mode=initial,delta_impulse_continue_10bar_2.5pt_50d,all,1,1,2,initial,206,206,206,85,121,82,39,0,0,82,0.39805825,3800,2358,11.44660194,102,104,"two-contract post-signal scalp: one contract exits at first target, one runner uses selected stop mode and runner target"
1,signal_scaled_scalp:strategy=delta_impulse_continue_10bar_2.5pt_50d:direction=all:first_target_points=1:stop_points=1:runner_target_points=3:runner_stop_mode=breakeven,delta_impulse_continue_10bar_2.5pt_50d,all,1,1,3,breakeven,206,206,206,85,121,36,85,0,0,121,0.58737864,2950,1508,7.32038835,102,104,"two-contract post-signal scalp: one contract exits at first target, one runner uses selected stop mode and runner target"
1,signal_scaled_scalp:strategy=delta_impulse_continue_10bar_2.5pt_50d:direction=all:first_target_points=1:stop_points=1:runner_target_points=3:runner_stop_mode=initial,delta_impulse_continue_10bar_2.5pt_50d,all,1,1,3,initial,206,206,206,85,121,66,55,0,0,66,0.32038835,4700,3258,15.81553398,102,104,"two-contract post-signal scalp: one contract exits at first target, one runner uses selected stop mode and runner target"
1,signal_scaled_scalp:strategy=delta_impulse_continue_10bar_2.5pt_50d:direction=all:first_target_points=1:stop_points=1:runner_target_points=5:runner_stop_mode=breakeven,delta_impulse_continue_10bar_2.5pt_50d,all,1,1,5,breakeven,206,206,206,85,121,20,101,0,0,121,0.58737864,2550,1108,5.37864078,102,104,"two-contract post-signal scalp: one contract exits at first target, one runner uses selected stop mode and runner target"
1,signal_scaled_scalp:strategy=delta_impulse_continue_10bar_2.5pt_50d:direction=all:first_target_points=1:stop_points=1:runner_target_points=5:runner_stop_mode=initial,delta_impulse_continue_10bar_2.5pt_50d,all,1,1,5,initial,206,206,206,85,121,41,80,0,0,41,0.19902913,3800,2358,11.44660194,102,104,"two-contract post-signal scalp: one contract exits at first target, one runner uses selected stop mode and runner target"
1,signal_scaled_scalp:strategy=delta_impulse_continue_10bar_2.5pt_50d:direction=all:first_target_points=1:stop_points=1.5:runner_target_points=1.5:runner_stop_mode=breakeven,delta_impulse_continue_10bar_2.5pt_50d,all,1,1.5,1.5,breakeven,206,206,206,69,137,77,60,0,0,137,0.66504854,2275,833,4.04368932,102,104,"two-contract post-signal scalp: one contract exits at first target, one runner uses selected stop mode and runner target"
1,signal_scaled_scalp:strategy=delta_impulse_continue_10bar_2.5pt_50d:direction=all:first_target_points=1:stop_points=1.5:runner_target_points=1.5:runner_stop_mode=initial,delta_impulse_continue_10bar_2.5pt_50d,all,1,1.5,1.5,initial,206,206,206,69,137,114,23,0,0,114,0.55339806,3325,1883,9.1407767,102,104,"two-contract post-signal scalp: one contract exits at first target, one runner uses selected stop mode and runner target"
1,signal_scaled_scalp:strategy=delta_impulse_continue_10bar_2.5pt_50d:direction=all:first_target_points=1:stop_points=1.5:runner_target_points=2:runner_stop_mode=breakeven,delta_impulse_continue_10bar_2.5pt_50d,all,1,1.5,2,breakeven,206,206,206,69,137,61,76,0,0,137,0.66504854,2600,1158,5.62135922,102,104,"two-contract post-signal scalp: one contract exits at first target, one runner uses selected stop mode and runner target"
1,signal_scaled_scalp:strategy=delta_impulse_continue_10bar_2.5pt_50d:direction=all:first_target_points=1:stop_points=1.5:runner_target_points=2:runner_stop_mode=initial,delta_impulse_continue_10bar_2.5pt_50d,all,1,1.5,2,initial,206,206,206,69,137,98,39,0,0,98,0.47572816,3375,1933,9.38349515,102,104,"two-contract post-signal scalp: one contract exits at first target, one runner uses selected stop mode and runner target"
1,signal_scaled_scalp:strategy=delta_impulse_continue_10bar_2.5pt_50d:direction=all:first_target_points=1:stop_points=1.5:runner_target_points=3:runner_stop_mode=breakeven,delta_impulse_continue_10bar_2.5pt_50d,all,1,1.5,3,breakeven,206,206,206,69,137,40,97,0,0,137,0.66504854,2500,1058,5.13592233,102,104,"two-contract post-signal scalp: one contract exits at first target, one runner uses selected stop mode and runner target"
1,signal_scaled_scalp:strategy=delta_impulse_continue_10bar_2.5pt_50d:direction=all:first_target_points=1:stop_points=1.5:runner_target_points=3:runner_stop_mode=initial,delta_impulse_continue_10bar_2.5pt_50d,all,1,1.5,3,initial,206,206,206,69,137,81,56,0,0,81,0.39320388,4450,3008,14.60194175,102,104,"two-contract post-signal scalp: one contract exits at first target, one runner uses selected stop mode and runner target"
1,signal_scaled_scalp:strategy=delta_impulse_continue_10bar_2.5pt_50d:direction=all:first_target_points=1:stop_points=1.5:runner_target_points=5:runner_stop_mode=breakeven,delta_impulse_continue_10bar_2.5pt_50d,all,1,1.5,5,breakeven,206,206,206,69,137,23,114,0,0,137,0.66504854,2250,808,3.9223301,102,104,"two-contract post-signal scalp: one contract exits at first target, one runner uses selected stop mode and runner target"
1,signal_scaled_scalp:strategy=delta_impulse_continue_10bar_2.5pt_50d:direction=all:first_target_points=1:stop_points=1.5:runner_target_points=5:runner_stop_mode=initial,delta_impulse_continue_10bar_2.5pt_50d,all,1,1.5,5,initial,206,206,206,69,137,57,80,0,0,57,0.27669903,4750,3308,16.05825243,102,104,"two-contract post-signal scalp: one contract exits at first target, one runner uses selected stop mode and runner target"
1,signal_scaled_scalp:strategy=delta_impulse_continue_10bar_2.5pt_50d:direction=all:first_target_points=1:stop_points=2:runner_target_points=1.5:runner_stop_mode=breakeven,delta_impulse_continue_10bar_2.5pt_50d,all,1,2,1.5,breakeven,206,206,206,56,150,83,67,0,0,150,0.72815534,2525,1083,5.25728155,102,104,"two-contract post-signal scalp: one contract exits at first target, one runner uses selected stop mode and runner target"
1,signal_scaled_scalp:strategy=delta_impulse_continue_10bar_2.5pt_50d:direction=all:first_target_points=1:stop_points=2:runner_target_points=1.5:runner_stop_mode=initial,delta_impulse_continue_10bar_2.5pt_50d,all,1,2,1.5,initial,206,206,206,56,150,125,25,0,0,125,0.60679612,3175,1733,8.41262136,102,104,"two-contract post-signal scalp: one contract exits at first target, one runner uses selected stop mode and runner target"
1,signal_scaled_scalp:strategy=delta_impulse_continue_10bar_2.5pt_50d:direction=all:first_target_points=1:stop_points=2:runner_target_points=2:runner_stop_mode=breakeven,delta_impulse_continue_10bar_2.5pt_50d,all,1,2,2,breakeven,206,206,206,56,150,67,83,0,0,150,0.72815534,3000,1558,7.5631068,102,104,"two-contract post-signal scalp: one contract exits at first target, one runner uses selected stop mode and runner target"
1,signal_scaled_scalp:strategy=delta_impulse_continue_10bar_2.5pt_50d:direction=all:first_target_points=1:stop_points=2:runner_target_points=2:runner_stop_mode=initial,delta_impulse_continue_10bar_2.5pt_50d,all,1,2,2,initial,206,206,206,56,150,112,38,0,0,112,0.54368932,3700,2258,10.96116505,102,104,"two-contract post-signal scalp: one contract exits at first target, one runner uses selected stop mode and runner target"
1,signal_scaled_scalp:strategy=delta_impulse_continue_10bar_2.5pt_50d:direction=all:first_target_points=1:stop_points=2:runner_target_points=3:runner_stop_mode=breakeven,delta_impulse_continue_10bar_2.5pt_50d,all,1,2,3,breakeven,206,206,206,56,150,45,105,0,0,150,0.72815534,3050,1608,7.80582524,102,104,"two-contract post-signal scalp: one contract exits at first target, one runner uses selected stop mode and runner target"
1,signal_scaled_scalp:strategy=delta_impulse_continue_10bar_2.5pt_50d:direction=all:first_target_points=1:stop_points=2:runner_target_points=3:runner_stop_mode=initial,delta_impulse_continue_10bar_2.5pt_50d,all,1,2,3,initial,206,206,206,56,150,94,56,0,0,94,0.45631068,4800,3358,16.30097087,102,104,"two-contract post-signal scalp: one contract exits at first target, one runner uses selected stop mode and runner target"
1,signal_scaled_scalp:strategy=delta_impulse_continue_10bar_2.5pt_50d:direction=all:first_target_points=1:stop_points=2:runner_target_points=5:runner_stop_mode=breakeven,delta_impulse_continue_10bar_2.5pt_50d,all,1,2,5,breakeven,206,206,206,56,150,25,125,0,0,150,0.72815534,2550,1108,5.37864078,102,104,"two-contract post-signal scalp: one contract exits at first target, one runner uses selected stop mode and runner target"
1,signal_scaled_scalp:strategy=delta_impulse_continue_10bar_2.5pt_50d:direction=all:first_target_points=1:stop_points=2:runner_target_points=5:runner_stop_mode=initial,delta_impulse_continue_10bar_2.5pt_50d,all,1,2,5,initial,206,206,206,56,150,68,82,0,0,68,0.33009709,5100,3658,17.75728155,102,104,"two-contract post-signal scalp: one contract exits at first target, one runner uses selected stop mode and runner target"
1,signal_scaled_scalp:strategy=delta_impulse_continue_10bar_2.5pt_50d:direction=all:first_target_points=1.5:stop_points=1:runner_target_points=2:runner_stop_mode=breakeven,delta_impulse_continue_10bar_2.5pt_50d,all,1.5,1,2,breakeven,206,206,206,105,101,76,25,0,0,101,0.49029126,4675,3233,15.69417476,102,104,"two-contract post-signal scalp: one contract exits at first target, one runner uses selected stop mode and runner target"
1,signal_scaled_scalp:strategy=delta_impulse_continue_10bar_2.5pt_50d:direction=all:first_target_points=1.5:stop_points=1:runner_target_points=2:runner_stop_mode=initial,delta_impulse_continue_10bar_2.5pt_50d,all,1.5,1,2,initial,206,206,206,105,101,82,19,0,0,101,0.49029126,4325,2883,13.99514563,102,104,"two-contract post-signal scalp: one contract exits at first target, one runner uses selected stop mode and runner target"
1,signal_scaled_scalp:strategy=delta_impulse_continue_10bar_2.5pt_50d:direction=all:first_target_points=1.5:stop_points=1:runner_target_points=3:runner_stop_mode=breakeven,delta_impulse_continue_10bar_2.5pt_50d,all,1.5,1,3,breakeven,206,206,206,105,101,55,46,0,0,101,0.49029126,5325,3883,18.84951456,102,104,"two-contract post-signal scalp: one contract exits at first target, one runner uses selected stop mode and runner target"
1,signal_scaled_scalp:strategy=delta_impulse_continue_10bar_2.5pt_50d:direction=all:first_target_points=1.5:stop_points=1:runner_target_points=3:runner_stop_mode=initial,delta_impulse_continue_10bar_2.5pt_50d,all,1.5,1,3,initial,206,206,206,105,101,66,35,0,0,101,0.49029126,5225,3783,18.36407767,102,104,"two-contract post-signal scalp: one contract exits at first target, one runner uses selected stop mode and runner target"
1,signal_scaled_scalp:strategy=delta_impulse_continue_10bar_2.5pt_50d:direction=all:first_target_points=1.5:stop_points=1:runner_target_points=5:runner_stop_mode=breakeven,delta_impulse_continue_10bar_2.5pt_50d,all,1.5,1,5,breakeven,206,206,206,105,101,31,70,0,0,101,0.49029126,4825,3383,16.4223301,102,104,"two-contract post-signal scalp: one contract exits at first target, one runner uses selected stop mode and runner target"
1,signal_scaled_scalp:strategy=delta_impulse_continue_10bar_2.5pt_50d:direction=all:first_target_points=1.5:stop_points=1:runner_target_points=5:runner_stop_mode=initial,delta_impulse_continue_10bar_2.5pt_50d,all,1.5,1,5,initial,206,206,206,105,101,41,60,0,0,101,0.49029126,4325,2883,13.99514563,102,104,"two-contract post-signal scalp: one contract exits at first target, one runner uses selected stop mode and runner target"
1,signal_scaled_scalp:strategy=delta_impulse_continue_10bar_2.5pt_50d:direction=all:first_target_points=1.5:stop_points=1.5:runner_target_points=2:runner_stop_mode=breakeven,delta_impulse_continue_10bar_2.5pt_50d,all,1.5,1.5,2,breakeven,206,206,206,92,114,88,26,0,0,114,0.55339806,3550,2108,10.23300971,102,104,"two-contract post-signal scalp: one contract exits at first target, one runner uses selected stop mode and runner target"
1,signal_scaled_scalp:strategy=delta_impulse_continue_10bar_2.5pt_50d:direction=all:first_target_points=1.5:stop_points=1.5:runner_target_points=2:runner_stop_mode=initial,delta_impulse_continue_10bar_2.5pt_50d,all,1.5,1.5,2,initial,206,206,206,92,114,98,16,0,0,98,0.47572816,3350,1908,9.26213592,102,104,"two-contract post-signal scalp: one contract exits at first target, one runner uses selected stop mode and runner target"
1,signal_scaled_scalp:strategy=delta_impulse_continue_10bar_2.5pt_50d:direction=all:first_target_points=1.5:stop_points=1.5:runner_target_points=3:runner_stop_mode=breakeven,delta_impulse_continue_10bar_2.5pt_50d,all,1.5,1.5,3,breakeven,206,206,206,92,114,62,52,0,0,114,0.55339806,4050,2608,12.66019417,102,104,"two-contract post-signal scalp: one contract exits at first target, one runner uses selected stop mode and runner target"
1,signal_scaled_scalp:strategy=delta_impulse_continue_10bar_2.5pt_50d:direction=all:first_target_points=1.5:stop_points=1.5:runner_target_points=3:runner_stop_mode=initial,delta_impulse_continue_10bar_2.5pt_50d,all,1.5,1.5,3,initial,206,206,206,92,114,81,33,0,0,81,0.39320388,4425,2983,14.48058252,102,104,"two-contract post-signal scalp: one contract exits at first target, one runner uses selected stop mode and runner target"
1,signal_scaled_scalp:strategy=delta_impulse_continue_10bar_2.5pt_50d:direction=all:first_target_points=1.5:stop_points=1.5:runner_target_points=5:runner_stop_mode=breakeven,delta_impulse_continue_10bar_2.5pt_50d,all,1.5,1.5,5,breakeven,206,206,206,92,114,36,78,0,0,114,0.55339806,3750,2308,11.2038835,102,104,"two-contract post-signal scalp: one contract exits at first target, one runner uses selected stop mode and runner target"
1,signal_scaled_scalp:strategy=delta_impulse_continue_10bar_2.5pt_50d:direction=all:first_target_points=1.5:stop_points=1.5:runner_target_points=5:runner_stop_mode=initial,delta_impulse_continue_10bar_2.5pt_50d,all,1.5,1.5,5,initial,206,206,206,92,114,57,57,0,0,57,0.27669903,4725,3283,15.9368932,102,104,"two-contract post-signal scalp: one contract exits at first target, one runner uses selected stop mode and runner target"
1,signal_scaled_scalp:strategy=delta_impulse_continue_10bar_2.5pt_50d:direction=all:first_target_points=1.5:stop_points=2:runner_target_points=2:runner_stop_mode=breakeven,delta_impulse_continue_10bar_2.5pt_50d,all,1.5,2,2,breakeven,206,206,206,81,125,99,26,0,0,125,0.60679612,3075,1633,7.92718447,102,104,"two-contract post-signal scalp: one contract exits at first target, one runner uses selected stop mode and runner target"
1,signal_scaled_scalp:strategy=delta_impulse_continue_10bar_2.5pt_50d:direction=all:first_target_points=1.5:stop_points=2:runner_target_points=2:runner_stop_mode=initial,delta_impulse_continue_10bar_2.5pt_50d,all,1.5,2,2,initial,206,206,206,81,125,112,13,0,0,112,0.54368932,3075,1633,7.92718447,102,104,"two-contract post-signal scalp: one contract exits at first target, one runner uses selected stop mode and runner target"
1,signal_scaled_scalp:strategy=delta_impulse_continue_10bar_2.5pt_50d:direction=all:first_target_points=1.5:stop_points=2:runner_target_points=3:runner_stop_mode=breakeven,delta_impulse_continue_10bar_2.5pt_50d,all,1.5,2,3,breakeven,206,206,206,81,125,68,57,0,0,125,0.60679612,3375,1933,9.38349515,102,104,"two-contract post-signal scalp: one contract exits at first target, one runner uses selected stop mode and runner target"
1,signal_scaled_scalp:strategy=delta_impulse_continue_10bar_2.5pt_50d:direction=all:first_target_points=1.5:stop_points=2:runner_target_points=3:runner_stop_mode=initial,delta_impulse_continue_10bar_2.5pt_50d,all,1.5,2,3,initial,206,206,206,81,125,94,31,0,0,94,0.45631068,4175,2733,13.26699029,102,104,"two-contract post-signal scalp: one contract exits at first target, one runner uses selected stop mode and runner target"
1,signal_scaled_scalp:strategy=delta_impulse_continue_10bar_2.5pt_50d:direction=all:first_target_points=1.5:stop_points=2:runner_target_points=5:runner_stop_mode=breakeven,delta_impulse_continue_10bar_2.5pt_50d,all,1.5,2,5,breakeven,206,206,206,81,125,38,87,0,0,125,0.60679612,2675,1233,5.98543689,102,104,"two-contract post-signal scalp: one contract exits at first target, one runner uses selected stop mode and runner target"
1,signal_scaled_scalp:strategy=delta_impulse_continue_10bar_2.5pt_50d:direction=all:first_target_points=1.5:stop_points=2:runner_target_points=5:runner_stop_mode=initial,delta_impulse_continue_10bar_2.5pt_50d,all,1.5,2,5,initial,206,206,206,81,125,68,57,0,0,68,0.33009709,4475,3033,14.72330097,102,104,"two-contract post-signal scalp: one contract exits at first target, one runner uses selected stop mode and runner target"
1,signal_scaled_scalp:strategy=delta_absorption_fade_10d_cl0.35:direction=all:first_target_points=0.5:stop_points=1:runner_target_points=1.5:runner_stop_mode=breakeven,delta_absorption_fade_10d_cl0.35,all,0.5,1,1.5,breakeven,238,238,238,49,189,72,117,0,0,189,0.79411765,5225,3559,14.95378151,105,133,"two-contract post-signal scalp: one contract exits at first target, one runner uses selected stop mode and runner target"
1,signal_scaled_scalp:strategy=delta_absorption_fade_10d_cl0.35:direction=all:first_target_points=0.5:stop_points=1:runner_target_points=1.5:runner_stop_mode=initial,delta_absorption_fade_10d_cl0.35,all,0.5,1,1.5,initial,238,238,238,49,189,119,70,0,0,119,0.5,5250,3584,15.05882353,105,133,"two-contract post-signal scalp: one contract exits at first target, one runner uses selected stop mode and runner target"
1,signal_scaled_scalp:strategy=delta_absorption_fade_10d_cl0.35:direction=all:first_target_points=0.5:stop_points=1:runner_target_points=2:runner_stop_mode=breakeven,delta_absorption_fade_10d_cl0.35,all,0.5,1,2,breakeven,238,238,238,49,189,60,129,0,0,189,0.79411765,5825,4159,17.47478992,105,133,"two-contract post-signal scalp: one contract exits at first target, one runner uses selected stop mode and runner target"
1,signal_scaled_scalp:strategy=delta_absorption_fade_10d_cl0.35:direction=all:first_target_points=0.5:stop_points=1:runner_target_points=2:runner_stop_mode=initial,delta_absorption_fade_10d_cl0.35,all,0.5,1,2,initial,238,238,238,49,189,101,88,0,0,101,0.42436975,5525,3859,16.21428571,105,133,"two-contract post-signal scalp: one contract exits at first target, one runner uses selected stop mode and runner target"
1,signal_scaled_scalp:strategy=delta_absorption_fade_10d_cl0.35:direction=all:first_target_points=0.5:stop_points=1:runner_target_points=3:runner_stop_mode=breakeven,delta_absorption_fade_10d_cl0.35,all,0.5,1,3,breakeven,238,238,238,49,189,42,147,0,0,189,0.79411765,6125,4459,18.73529412,105,133,"two-contract post-signal scalp: one contract exits at first target, one runner uses selected stop mode and runner target"
1,signal_scaled_scalp:strategy=delta_absorption_fade_10d_cl0.35:direction=all:first_target_points=0.5:stop_points=1:runner_target_points=3:runner_stop_mode=initial,delta_absorption_fade_10d_cl0.35,all,0.5,1,3,initial,238,238,238,49,189,73,116,0,0,73,0.30672269,4975,3309,13.90336134,105,133,"two-contract post-signal scalp: one contract exits at first target, one runner uses selected stop mode and runner target"
1,signal_scaled_scalp:strategy=delta_absorption_fade_10d_cl0.35:direction=all:first_target_points=0.5:stop_points=1:runner_target_points=5:runner_stop_mode=breakeven,delta_absorption_fade_10d_cl0.35,all,0.5,1,5,breakeven,238,238,238,49,189,26,163,0,0,189,0.79411765,6325,4659,19.57563025,105,133,"two-contract post-signal scalp: one contract exits at first target, one runner uses selected stop mode and runner target"
1,signal_scaled_scalp:strategy=delta_absorption_fade_10d_cl0.35:direction=all:first_target_points=0.5:stop_points=1:runner_target_points=5:runner_stop_mode=initial,delta_absorption_fade_10d_cl0.35,all,0.5,1,5,initial,238,238,238,49,189,55,134,0,0,55,0.23109244,6875,5209,21.88655462,105,133,"two-contract post-signal scalp: one contract exits at first target, one runner uses selected stop mode and runner target"
1,signal_scaled_scalp:strategy=delta_absorption_fade_10d_cl0.35:direction=all:first_target_points=0.5:stop_points=1.5:runner_target_points=1.5:runner_stop_mode=breakeven,delta_absorption_fade_10d_cl0.35,all,0.5,1.5,1.5,breakeven,238,238,238,43,195,74,121,0,0,195,0.81932773,3975,2309,9.70168067,105,133,"two-contract post-signal scalp: one contract exits at first target, one runner uses selected stop mode and runner target"
1,signal_scaled_scalp:strategy=delta_absorption_fade_10d_cl0.35:direction=all:first_target_points=0.5:stop_points=1.5:runner_target_points=1.5:runner_stop_mode=initial,delta_absorption_fade_10d_cl0.35,all,0.5,1.5,1.5,initial,238,238,238,43,195,136,59,0,0,136,0.57142857,4200,2534,10.64705882,105,133,"two-contract post-signal scalp: one contract exits at first target, one runner uses selected stop mode and runner target"
1,signal_scaled_scalp:strategy=delta_absorption_fade_10d_cl0.35:direction=all:first_target_points=0.5:stop_points=1.5:runner_target_points=2:runner_stop_mode=breakeven,delta_absorption_fade_10d_cl0.35,all,0.5,1.5,2,breakeven,238,238,238,43,195,62,133,0,0,195,0.81932773,4625,2959,12.43277311,105,133,"two-contract post-signal scalp: one contract exits at first target, one runner uses selected stop mode and runner target"
1,signal_scaled_scalp:strategy=delta_absorption_fade_10d_cl0.35:direction=all:first_target_points=0.5:stop_points=1.5:runner_target_points=2:runner_stop_mode=initial,delta_absorption_fade_10d_cl0.35,all,0.5,1.5,2,initial,238,238,238,43,195,119,76,0,0,119,0.5,4625,2959,12.43277311,105,133,"two-contract post-signal scalp: one contract exits at first target, one runner uses selected stop mode and runner target"
1,signal_scaled_scalp:strategy=delta_absorption_fade_10d_cl0.35:direction=all:first_target_points=0.5:stop_points=1.5:runner_target_points=3:runner_stop_mode=breakeven,delta_absorption_fade_10d_cl0.35,all,0.5,1.5,3,breakeven,238,238,238,43,195,43,152,0,0,195,0.81932773,4875,3209,13.48319328,105,133,"two-contract post-signal scalp: one contract exits at first target, one runner uses selected stop mode and runner target"
1,signal_scaled_scalp:strategy=delta_absorption_fade_10d_cl0.35:direction=all:first_target_points=0.5:stop_points=1.5:runner_target_points=3:runner_stop_mode=initial,delta_absorption_fade_10d_cl0.35,all,0.5,1.5,3,initial,238,238,238,43,195,89,106,0,0,89,0.37394958,3825,2159,9.07142857,105,133,"two-contract post-signal scalp: one contract exits at first target, one runner uses selected stop mode and runner target"
1,signal_scaled_scalp:strategy=delta_absorption_fade_10d_cl0.35:direction=all:first_target_points=0.5:stop_points=1.5:runner_target_points=5:runner_stop_mode=breakeven,delta_absorption_fade_10d_cl0.35,all,0.5,1.5,5,breakeven,238,238,238,43,195,26,169,0,0,195,0.81932773,4925,3259,13.69327731,105,133,"two-contract post-signal scalp: one contract exits at first target, one runner uses selected stop mode and runner target"
1,signal_scaled_scalp:strategy=delta_absorption_fade_10d_cl0.35:direction=all:first_target_points=0.5:stop_points=1.5:runner_target_points=5:runner_stop_mode=initial,delta_absorption_fade_10d_cl0.35,all,0.5,1.5,5,initial,238,238,238,43,195,66,129,0,0,66,0.27731092,5250,3584,15.05882353,105,133,"two-contract post-signal scalp: one contract exits at first target, one runner uses selected stop mode and runner target"
1,signal_scaled_scalp:strategy=delta_absorption_fade_10d_cl0.35:direction=all:first_target_points=0.5:stop_points=2:runner_target_points=1.5:runner_stop_mode=breakeven,delta_absorption_fade_10d_cl0.35,all,0.5,2,1.5,breakeven,238,238,238,34,204,75,129,0,0,204,0.85714286,3925,2259,9.49159664,105,133,"two-contract post-signal scalp: one contract exits at first target, one runner uses selected stop mode and runner target"
1,signal_scaled_scalp:strategy=delta_absorption_fade_10d_cl0.35:direction=all:first_target_points=0.5:stop_points=2:runner_target_points=1.5:runner_stop_mode=initial,delta_absorption_fade_10d_cl0.35,all,0.5,2,1.5,initial,238,238,238,34,204,152,52,0,0,152,0.63865546,4500,2834,11.90756303,105,133,"two-contract post-signal scalp: one contract exits at first target, one runner uses selected stop mode and runner target"
1,signal_scaled_scalp:strategy=delta_absorption_fade_10d_cl0.35:direction=all:first_target_points=0.5:stop_points=2:runner_target_points=2:runner_stop_mode=breakeven,delta_absorption_fade_10d_cl0.35,all,0.5,2,2,breakeven,238,238,238,34,204,63,141,0,0,204,0.85714286,4600,2934,12.32773109,105,133,"two-contract post-signal scalp: one contract exits at first target, one runner uses selected stop mode and runner target"
1,signal_scaled_scalp:strategy=delta_absorption_fade_10d_cl0.35:direction=all:first_target_points=0.5:stop_points=2:runner_target_points=2:runner_stop_mode=initial,delta_absorption_fade_10d_cl0.35,all,0.5,2,2,initial,238,238,238,34,204,137,67,0,0,137,0.57563025,5300,3634,15.26890756,105,133,"two-contract post-signal scalp: one contract exits at first target, one runner uses selected stop mode and runner target"
1,signal_scaled_scalp:strategy=delta_absorption_fade_10d_cl0.35:direction=all:first_target_points=0.5:stop_points=2:runner_target_points=3:runner_stop_mode=breakeven,delta_absorption_fade_10d_cl0.35,all,0.5,2,3,breakeven,238,238,238,34,204,44,160,0,0,204,0.85714286,4900,3234,13.58823529,105,133,"two-contract post-signal scalp: one contract exits at first target, one runner uses selected stop mode and runner target"
1,signal_scaled_scalp:strategy=delta_absorption_fade_10d_cl0.35:direction=all:first_target_points=0.5:stop_points=2:runner_target_points=3:runner_stop_mode=initial,delta_absorption_fade_10d_cl0.35,all,0.5,2,3,initial,238,238,238,34,204,107,97,0,0,107,0.44957983,4650,2984,12.53781513,105,133,"two-contract post-signal scalp: one contract exits at first target, one runner uses selected stop mode and runner target"
1,signal_scaled_scalp:strategy=delta_absorption_fade_10d_cl0.35:direction=all:first_target_points=0.5:stop_points=2:runner_target_points=5:runner_stop_mode=breakeven,delta_absorption_fade_10d_cl0.35,all,0.5,2,5,breakeven,238,238,238,34,204,26,178,0,0,204,0.85714286,4800,3134,13.16806723,105,133,"two-contract post-signal scalp: one contract exits at first target, one runner uses selected stop mode and runner target"
1,signal_scaled_scalp:strategy=delta_absorption_fade_10d_cl0.35:direction=all:first_target_points=0.5:stop_points=2:runner_target_points=5:runner_stop_mode=initial,delta_absorption_fade_10d_cl0.35,all,0.5,2,5,initial,238,238,238,34,204,80,124,0,0,80,0.33613445,5900,4234,17.78991597,105,133,"two-contract post-signal scalp: one contract exits at first target, one runner uses selected stop mode and runner target"
1,signal_scaled_scalp:strategy=delta_absorption_fade_10d_cl0.35:direction=all:first_target_points=1:stop_points=1:runner_target_points=1.5:runner_stop_mode=breakeven,delta_absorption_fade_10d_cl0.35,all,1,1,1.5,breakeven,238,238,238,94,144,88,56,0,0,144,0.60504202,4400,2734,11.48739496,105,133,"two-contract post-signal scalp: one contract exits at first target, one runner uses selected stop mode and runner target"
1,signal_scaled_scalp:strategy=delta_absorption_fade_10d_cl0.35:direction=all:first_target_points=1:stop_points=1:runner_target_points=1.5:runner_stop_mode=initial,delta_absorption_fade_10d_cl0.35,all,1,1,1.5,initial,238,238,238,94,144,119,25,0,0,119,0.5,5475,3809,16.00420168,105,133,"two-contract post-signal scalp: one contract exits at first target, one runner uses selected stop mode and runner target"
1,signal_scaled_scalp:strategy=delta_absorption_fade_10d_cl0.35:direction=all:first_target_points=1:stop_points=1:runner_target_points=2:runner_stop_mode=breakeven,delta_absorption_fade_10d_cl0.35,all,1,1,2,breakeven,238,238,238,94,144,72,72,0,0,144,0.60504202,5000,3334,14.00840336,105,133,"two-contract post-signal scalp: one contract exits at first target, one runner uses selected stop mode and runner target"
1,signal_scaled_scalp:strategy=delta_absorption_fade_10d_cl0.35:direction=all:first_target_points=1:stop_points=1:runner_target_points=2:runner_stop_mode=initial,delta_absorption_fade_10d_cl0.35,all,1,1,2,initial,238,238,238,94,144,101,43,0,0,101,0.42436975,5750,4084,17.15966387,105,133,"two-contract post-signal scalp: one contract exits at first target, one runner uses selected stop mode and runner target"
1,signal_scaled_scalp:strategy=delta_absorption_fade_10d_cl0.35:direction=all:first_target_points=1:stop_points=1:runner_target_points=3:runner_stop_mode=breakeven,delta_absorption_fade_10d_cl0.35,all,1,1,3,breakeven,238,238,238,94,144,54,90,0,0,144,0.60504202,5900,4234,17.78991597,105,133,"two-contract post-signal scalp: one contract exits at first target, one runner uses selected stop mode and runner target"
1,signal_scaled_scalp:strategy=delta_absorption_fade_10d_cl0.35:direction=all:first_target_points=1:stop_points=1:runner_target_points=3:runner_stop_mode=initial,delta_absorption_fade_10d_cl0.35,all,1,1,3,initial,238,238,238,94,144,73,71,0,0,73,0.30672269,5200,3534,14.8487395,105,133,"two-contract post-signal scalp: one contract exits at first target, one runner uses selected stop mode and runner target"
1,signal_scaled_scalp:strategy=delta_absorption_fade_10d_cl0.35:direction=all:first_target_points=1:stop_points=1:runner_target_points=5:runner_stop_mode=breakeven,delta_absorption_fade_10d_cl0.35,all,1,1,5,breakeven,238,238,238,94,144,37,107,0,0,144,0.60504202,7050,5384,22.62184874,105,133,"two-contract post-signal scalp: one contract exits at first target, one runner uses selected stop mode and runner target"
1,signal_scaled_scalp:strategy=delta_absorption_fade_10d_cl0.35:direction=all:first_target_points=1:stop_points=1:runner_target_points=5:runner_stop_mode=initial,delta_absorption_fade_10d_cl0.35,all,1,1,5,initial,238,238,238,94,144,55,89,0,0,55,0.23109244,7100,5434,22.83193277,105,133,"two-contract post-signal scalp: one contract exits at first target, one runner uses selected stop mode and runner target"
1,signal_scaled_scalp:strategy=delta_absorption_fade_10d_cl0.35:direction=all:first_target_points=1:stop_points=1.5:runner_target_points=1.5:runner_stop_mode=breakeven,delta_absorption_fade_10d_cl0.35,all,1,1.5,1.5,breakeven,238,238,238,81,157,97,60,0,0,157,0.65966387,2975,1309,5.5,105,133,"two-contract post-signal scalp: one contract exits at first target, one runner uses selected stop mode and runner target"
1,signal_scaled_scalp:strategy=delta_absorption_fade_10d_cl0.35:direction=all:first_target_points=1:stop_points=1.5:runner_target_points=1.5:runner_stop_mode=initial,delta_absorption_fade_10d_cl0.35,all,1,1.5,1.5,initial,238,238,238,81,157,136,21,0,0,136,0.57142857,4325,2659,11.17226891,105,133,"two-contract post-signal scalp: one contract exits at first target, one runner uses selected stop mode and runner target"
1,signal_scaled_scalp:strategy=delta_absorption_fade_10d_cl0.35:direction=all:first_target_points=1:stop_points=1.5:runner_target_points=2:runner_stop_mode=breakeven,delta_absorption_fade_10d_cl0.35,all,1,1.5,2,breakeven,238,238,238,81,157,80,77,0,0,157,0.65966387,3700,2034,8.54621849,105,133,"two-contract post-signal scalp: one contract exits at first target, one runner uses selected stop mode and runner target"
1,signal_scaled_scalp:strategy=delta_absorption_fade_10d_cl0.35:direction=all:first_target_points=1:stop_points=1.5:runner_target_points=2:runner_stop_mode=initial,delta_absorption_fade_10d_cl0.35,all,1,1.5,2,initial,238,238,238,81,157,119,38,0,0,119,0.5,4750,3084,12.95798319,105,133,"two-contract post-signal scalp: one contract exits at first target, one runner uses selected stop mode and runner target"
1,signal_scaled_scalp:strategy=delta_absorption_fade_10d_cl0.35:direction=all:first_target_points=1:stop_points=1.5:runner_target_points=3:runner_stop_mode=breakeven,delta_absorption_fade_10d_cl0.35,all,1,1.5,3,breakeven,238,238,238,81,157,61,96,0,0,157,0.65966387,4850,3184,13.37815126,105,133,"two-contract post-signal scalp: one contract exits at first target, one runner uses selected stop mode and runner target"
1,signal_scaled_scalp:strategy=delta_absorption_fade_10d_cl0.35:direction=all:first_target_points=1:stop_points=1.5:runner_target_points=3:runner_stop_mode=initial,delta_absorption_fade_10d_cl0.35,all,1,1.5,3,initial,238,238,238,81,157,89,68,0,0,89,0.37394958,3950,2284,9.59663866,105,133,"two-contract post-signal scalp: one contract exits at first target, one runner uses selected stop mode and runner target"
1,signal_scaled_scalp:strategy=delta_absorption_fade_10d_cl0.35:direction=all:first_target_points=1:stop_points=1.5:runner_target_points=5:runner_stop_mode=breakeven,delta_absorption_fade_10d_cl0.35,all,1,1.5,5,breakeven,238,238,238,81,157,39,118,0,0,157,0.65966387,5450,3784,15.89915966,105,133,"two-contract post-signal scalp: one contract exits at first target, one runner uses selected stop mode and runner target"
1,signal_scaled_scalp:strategy=delta_absorption_fade_10d_cl0.35:direction=all:first_target_points=1:stop_points=1.5:runner_target_points=5:runner_stop_mode=initial,delta_absorption_fade_10d_cl0.35,all,1,1.5,5,initial,238,238,238,81,157,66,91,0,0,66,0.27731092,5375,3709,15.58403361,105,133,"two-contract post-signal scalp: one contract exits at first target, one runner uses selected stop mode and runner target"
1,signal_scaled_scalp:strategy=delta_absorption_fade_10d_cl0.35:direction=all:first_target_points=1:stop_points=2:runner_target_points=1.5:runner_stop_mode=breakeven,delta_absorption_fade_10d_cl0.35,all,1,2,1.5,breakeven,238,238,238,68,170,104,66,0,0,170,0.71428571,2700,1034,4.34453782,105,133,"two-contract post-signal scalp: one contract exits at first target, one runner uses selected stop mode and runner target"
1,signal_scaled_scalp:strategy=delta_absorption_fade_10d_cl0.35:direction=all:first_target_points=1:stop_points=2:runner_target_points=1.5:runner_stop_mode=initial,delta_absorption_fade_10d_cl0.35,all,1,2,1.5,initial,238,238,238,68,170,152,18,0,0,152,0.63865546,4500,2834,11.90756303,105,133,"two-contract post-signal scalp: one contract exits at first target, one runner uses selected stop mode and runner target"
1,signal_scaled_scalp:strategy=delta_absorption_fade_10d_cl0.35:direction=all:first_target_points=1:stop_points=2:runner_target_points=2:runner_stop_mode=breakeven,delta_absorption_fade_10d_cl0.35,all,1,2,2,breakeven,238,238,238,68,170,86,84,0,0,170,0.71428571,3500,1834,7.70588235,105,133,"two-contract post-signal scalp: one contract exits at first target, one runner uses selected stop mode and runner target"
1,signal_scaled_scalp:strategy=delta_absorption_fade_10d_cl0.35:direction=all:first_target_points=1:stop_points=2:runner_target_points=2:runner_stop_mode=initial,delta_absorption_fade_10d_cl0.35,all,1,2,2,initial,238,238,238,68,170,137,33,0,0,137,0.57563025,5300,3634,15.26890756,105,133,"two-contract post-signal scalp: one contract exits at first target, one runner uses selected stop mode and runner target"
1,signal_scaled_scalp:strategy=delta_absorption_fade_10d_cl0.35:direction=all:first_target_points=1:stop_points=2:runner_target_points=3:runner_stop_mode=breakeven,delta_absorption_fade_10d_cl0.35,all,1,2,3,breakeven,238,238,238,68,170,67,103,0,0,170,0.71428571,4950,3284,13.79831933,105,133,"two-contract post-signal scalp: one contract exits at first target, one runner uses selected stop mode and runner target"
1,signal_scaled_scalp:strategy=delta_absorption_fade_10d_cl0.35:direction=all:first_target_points=1:stop_points=2:runner_target_points=3:runner_stop_mode=initial,delta_absorption_fade_10d_cl0.35,all,1,2,3,initial,238,238,238,68,170,107,63,0,0,107,0.44957983,4650,2984,12.53781513,105,133,"two-contract post-signal scalp: one contract exits at first target, one runner uses selected stop mode and runner target"
1,signal_scaled_scalp:strategy=delta_absorption_fade_10d_cl0.35:direction=all:first_target_points=1:stop_points=2:runner_target_points=5:runner_stop_mode=breakeven,delta_absorption_fade_10d_cl0.35,all,1,2,5,breakeven,238,238,238,68,170,42,128,0,0,170,0.71428571,5400,3734,15.68907563,105,133,"two-contract post-signal scalp: one contract exits at first target, one runner uses selected stop mode and runner target"
1,signal_scaled_scalp:strategy=delta_absorption_fade_10d_cl0.35:direction=all:first_target_points=1:stop_points=2:runner_target_points=5:runner_stop_mode=initial,delta_absorption_fade_10d_cl0.35,all,1,2,5,initial,238,238,238,68,170,80,90,0,0,80,0.33613445,5900,4234,17.78991597,105,133,"two-contract post-signal scalp: one contract exits at first target, one runner uses selected stop mode and runner target"
1,signal_scaled_scalp:strategy=delta_absorption_fade_10d_cl0.35:direction=all:first_target_points=1.5:stop_points=1:runner_target_points=2:runner_stop_mode=breakeven,delta_absorption_fade_10d_cl0.35,all,1.5,1,2,breakeven,238,238,238,119,119,94,25,0,0,119,0.5,6425,4759,19.99579832,105,133,"two-contract post-signal scalp: one contract exits at first target, one runner uses selected stop mode and runner target"
1,signal_scaled_scalp:strategy=delta_absorption_fade_10d_cl0.35:direction=all:first_target_points=1.5:stop_points=1:runner_target_points=2:runner_stop_mode=initial,delta_absorption_fade_10d_cl0.35,all,1.5,1,2,initial,238,238,238,119,119,101,18,0,0,119,0.5,6225,4559,19.15546218,105,133,"two-contract post-signal scalp: one contract exits at first target, one runner uses selected stop mode and runner target"
1,signal_scaled_scalp:strategy=delta_absorption_fade_10d_cl0.35:direction=all:first_target_points=1.5:stop_points=1:runner_target_points=3:runner_stop_mode=breakeven,delta_absorption_fade_10d_cl0.35,all,1.5,1,3,breakeven,238,238,238,119,119,63,56,0,0,119,0.5,6475,4809,20.20588235,105,133,"two-contract post-signal scalp: one contract exits at first target, one runner uses selected stop mode and runner target"
1,signal_scaled_scalp:strategy=delta_absorption_fade_10d_cl0.35:direction=all:first_target_points=1.5:stop_points=1:runner_target_points=3:runner_stop_mode=initial,delta_absorption_fade_10d_cl0.35,all,1.5,1,3,initial,238,238,238,119,119,73,46,0,0,119,0.5,5675,4009,16.84453782,105,133,"two-contract post-signal scalp: one contract exits at first target, one runner uses selected stop mode and runner target"
1,signal_scaled_scalp:strategy=delta_absorption_fade_10d_cl0.35:direction=all:first_target_points=1.5:stop_points=1:runner_target_points=5:runner_stop_mode=breakeven,delta_absorption_fade_10d_cl0.35,all,1.5,1,5,breakeven,238,238,238,119,119,41,78,0,0,119,0.5,7275,5609,23.56722689,105,133,"two-contract post-signal scalp: one contract exits at first target, one runner uses selected stop mode and runner target"
1,signal_scaled_scalp:strategy=delta_absorption_fade_10d_cl0.35:direction=all:first_target_points=1.5:stop_points=1:runner_target_points=5:runner_stop_mode=initial,delta_absorption_fade_10d_cl0.35,all,1.5,1,5,initial,238,238,238,119,119,55,64,0,0,119,0.5,7575,5909,24.82773109,105,133,"two-contract post-signal scalp: one contract exits at first target, one runner uses selected stop mode and runner target"
1,signal_scaled_scalp:strategy=delta_absorption_fade_10d_cl0.35:direction=all:first_target_points=1.5:stop_points=1.5:runner_target_points=2:runner_stop_mode=breakeven,delta_absorption_fade_10d_cl0.35,all,1.5,1.5,2,breakeven,238,238,238,102,136,109,27,0,0,136,0.57142857,5800,4134,17.3697479,105,133,"two-contract post-signal scalp: one contract exits at first target, one runner uses selected stop mode and runner target"
1,signal_scaled_scalp:strategy=delta_absorption_fade_10d_cl0.35:direction=all:first_target_points=1.5:stop_points=1.5:runner_target_points=2:runner_stop_mode=initial,delta_absorption_fade_10d_cl0.35,all,1.5,1.5,2,initial,238,238,238,102,136,119,17,0,0,119,0.5,5525,3859,16.21428571,105,133,"two-contract post-signal scalp: one contract exits at first target, one runner uses selected stop mode and runner target"
1,signal_scaled_scalp:strategy=delta_absorption_fade_10d_cl0.35:direction=all:first_target_points=1.5:stop_points=1.5:runner_target_points=3:runner_stop_mode=breakeven,delta_absorption_fade_10d_cl0.35,all,1.5,1.5,3,breakeven,238,238,238,102,136,73,63,0,0,136,0.57142857,5850,4184,17.57983193,105,133,"two-contract post-signal scalp: one contract exits at first target, one runner uses selected stop mode and runner target"
1,signal_scaled_scalp:strategy=delta_absorption_fade_10d_cl0.35:direction=all:first_target_points=1.5:stop_points=1.5:runner_target_points=3:runner_stop_mode=initial,delta_absorption_fade_10d_cl0.35,all,1.5,1.5,3,initial,238,238,238,102,136,89,47,0,0,89,0.37394958,4725,3059,12.85294118,105,133,"two-contract post-signal scalp: one contract exits at first target, one runner uses selected stop mode and runner target"
1,signal_scaled_scalp:strategy=delta_absorption_fade_10d_cl0.35:direction=all:first_target_points=1.5:stop_points=1.5:runner_target_points=5:runner_stop_mode=breakeven,delta_absorption_fade_10d_cl0.35,all,1.5,1.5,5,breakeven,238,238,238,102,136,44,92,0,0,136,0.57142857,5900,4234,17.78991597,105,133,"two-contract post-signal scalp: one contract exits at first target, one runner uses selected stop mode and runner target"
1,signal_scaled_scalp:strategy=delta_absorption_fade_10d_cl0.35:direction=all:first_target_points=1.5:stop_points=1.5:runner_target_points=5:runner_stop_mode=initial,delta_absorption_fade_10d_cl0.35,all,1.5,1.5,5,initial,238,238,238,102,136,66,70,0,0,66,0.27731092,6150,4484,18.84033613,105,133,"two-contract post-signal scalp: one contract exits at first target, one runner uses selected stop mode and runner target"
1,signal_scaled_scalp:strategy=delta_absorption_fade_10d_cl0.35:direction=all:first_target_points=1.5:stop_points=2:runner_target_points=2:runner_stop_mode=breakeven,delta_absorption_fade_10d_cl0.35,all,1.5,2,2,breakeven,238,238,238,86,152,124,28,0,0,152,0.63865546,6600,4934,20.73109244,105,133,"two-contract post-signal scalp: one contract exits at first target, one runner uses selected stop mode and runner target"
1,signal_scaled_scalp:strategy=delta_absorption_fade_10d_cl0.35:direction=all:first_target_points=1.5:stop_points=2:runner_target_points=2:runner_stop_mode=initial,delta_absorption_fade_10d_cl0.35,all,1.5,2,2,initial,238,238,238,86,152,137,15,0,0,137,0.57563025,6400,4734,19.8907563,105,133,"two-contract post-signal scalp: one contract exits at first target, one runner uses selected stop mode and runner target"
1,signal_scaled_scalp:strategy=delta_absorption_fade_10d_cl0.35:direction=all:first_target_points=1.5:stop_points=2:runner_target_points=3:runner_stop_mode=breakeven,delta_absorption_fade_10d_cl0.35,all,1.5,2,3,breakeven,238,238,238,86,152,85,67,0,0,152,0.63865546,6950,5284,22.20168067,105,133,"two-contract post-signal scalp: one contract exits at first target, one runner uses selected stop mode and runner target"
1,signal_scaled_scalp:strategy=delta_absorption_fade_10d_cl0.35:direction=all:first_target_points=1.5:stop_points=2:runner_target_points=3:runner_stop_mode=initial,delta_absorption_fade_10d_cl0.35,all,1.5,2,3,initial,238,238,238,86,152,107,45,0,0,107,0.44957983,5750,4084,17.15966387,105,133,"two-contract post-signal scalp: one contract exits at first target, one runner uses selected stop mode and runner target"
1,signal_scaled_scalp:strategy=delta_absorption_fade_10d_cl0.35:direction=all:first_target_points=1.5:stop_points=2:runner_target_points=5:runner_stop_mode=breakeven,delta_absorption_fade_10d_cl0.35,all,1.5,2,5,breakeven,238,238,238,86,152,50,102,0,0,152,0.63865546,6700,5034,21.1512605,105,133,"two-contract post-signal scalp: one contract exits at first target, one runner uses selected stop mode and runner target"
1,signal_scaled_scalp:strategy=delta_absorption_fade_10d_cl0.35:direction=all:first_target_points=1.5:stop_points=2:runner_target_points=5:runner_stop_mode=initial,delta_absorption_fade_10d_cl0.35,all,1.5,2,5,initial,238,238,238,86,152,80,72,0,0,80,0.33613445,7000,5334,22.41176471,105,133,"two-contract post-signal scalp: one contract exits at first target, one runner uses selected stop mode and runner target"
1,signal_scaled_scalp:strategy=delta_absorption_fade_20d_cl0.35:direction=all:first_target_points=0.5:stop_points=1:runner_target_points=1.5:runner_stop_mode=breakeven,delta_absorption_fade_20d_cl0.35,all,0.5,1,1.5,breakeven,187,187,187,34,153,50,103,0,0,153,0.81818182,4175,2866,15.32620321,84,103,"two-contract post-signal scalp: one contract exits at first target, one runner uses selected stop mode and runner target"
1,signal_scaled_scalp:strategy=delta_absorption_fade_20d_cl0.35:direction=all:first_target_points=0.5:stop_points=1:runner_target_points=1.5:runner_stop_mode=initial,delta_absorption_fade_20d_cl0.35,all,0.5,1,1.5,initial,187,187,187,34,153,95,58,0,0,95,0.50802139,4650,3341,17.86631016,84,103,"two-contract post-signal scalp: one contract exits at first target, one runner uses selected stop mode and runner target"
1,signal_scaled_scalp:strategy=delta_absorption_fade_20d_cl0.35:direction=all:first_target_points=0.5:stop_points=1:runner_target_points=2:runner_stop_mode=breakeven,delta_absorption_fade_20d_cl0.35,all,0.5,1,2,breakeven,187,187,187,34,153,40,113,0,0,153,0.81818182,4425,3116,16.6631016,84,103,"two-contract post-signal scalp: one contract exits at first target, one runner uses selected stop mode and runner target"
1,signal_scaled_scalp:strategy=delta_absorption_fade_20d_cl0.35:direction=all:first_target_points=0.5:stop_points=1:runner_target_points=2:runner_stop_mode=initial,delta_absorption_fade_20d_cl0.35,all,0.5,1,2,initial,187,187,187,34,153,74,79,0,0,74,0.39572193,3875,2566,13.72192513,84,103,"two-contract post-signal scalp: one contract exits at first target, one runner uses selected stop mode and runner target"
1,signal_scaled_scalp:strategy=delta_absorption_fade_20d_cl0.35:direction=all:first_target_points=0.5:stop_points=1:runner_target_points=3:runner_stop_mode=breakeven,delta_absorption_fade_20d_cl0.35,all,0.5,1,3,breakeven,187,187,187,34,153,34,119,0,0,153,0.81818182,5525,4216,22.54545455,84,103,"two-contract post-signal scalp: one contract exits at first target, one runner uses selected stop mode and runner target"
1,signal_scaled_scalp:strategy=delta_absorption_fade_20d_cl0.35:direction=all:first_target_points=0.5:stop_points=1:runner_target_points=3:runner_stop_mode=initial,delta_absorption_fade_20d_cl0.35,all,0.5,1,3,initial,187,187,187,34,153,56,97,0,0,56,0.29946524,3975,2666,14.25668449,84,103,"two-contract post-signal scalp: one contract exits at first target, one runner uses selected stop mode and runner target"
1,signal_scaled_scalp:strategy=delta_absorption_fade_20d_cl0.35:direction=all:first_target_points=0.5:stop_points=1:runner_target_points=5:runner_stop_mode=breakeven,delta_absorption_fade_20d_cl0.35,all,0.5,1,5,breakeven,187,187,187,34,153,25,128,0,0,153,0.81818182,6675,5366,28.69518717,84,103,"two-contract post-signal scalp: one contract exits at first target, one runner uses selected stop mode and runner target"
1,signal_scaled_scalp:strategy=delta_absorption_fade_20d_cl0.35:direction=all:first_target_points=0.5:stop_points=1:runner_target_points=5:runner_stop_mode=initial,delta_absorption_fade_20d_cl0.35,all,0.5,1,5,initial,187,187,187,34,153,41,112,0,0,41,0.21925134,5075,3766,20.13903743,84,103,"two-contract post-signal scalp: one contract exits at first target, one runner uses selected stop mode and runner target"
1,signal_scaled_scalp:strategy=delta_absorption_fade_20d_cl0.35:direction=all:first_target_points=0.5:stop_points=1.5:runner_target_points=1.5:runner_stop_mode=breakeven,delta_absorption_fade_20d_cl0.35,all,0.5,1.5,1.5,breakeven,187,187,187,25,162,55,107,0,0,162,0.86631016,4425,3116,16.6631016,84,103,"two-contract post-signal scalp: one contract exits at first target, one runner uses selected stop mode and runner target"
1,signal_scaled_scalp:strategy=delta_absorption_fade_20d_cl0.35:direction=all:first_target_points=0.5:stop_points=1.5:runner_target_points=1.5:runner_stop_mode=initial,delta_absorption_fade_20d_cl0.35,all,0.5,1.5,1.5,initial,187,187,187,25,162,109,53,0,0,109,0.5828877,4500,3191,17.06417112,84,103,"two-contract post-signal scalp: one contract exits at first target, one runner uses selected stop mode and runner target"
1,signal_scaled_scalp:strategy=delta_absorption_fade_20d_cl0.35:direction=all:first_target_points=0.5:stop_points=1.5:runner_target_points=2:runner_stop_mode=breakeven,delta_absorption_fade_20d_cl0.35,all,0.5,1.5,2,breakeven,187,187,187,25,162,43,119,0,0,162,0.86631016,4600,3291,17.59893048,84,103,"two-contract post-signal scalp: one contract exits at first target, one runner uses selected stop mode and runner target"
1,signal_scaled_scalp:strategy=delta_absorption_fade_20d_cl0.35:direction=all:first_target_points=0.5:stop_points=1.5:runner_target_points=2:runner_stop_mode=initial,delta_absorption_fade_20d_cl0.35,all,0.5,1.5,2,initial,187,187,187,25,162,89,73,0,0,89,0.47593583,3725,2416,12.9197861,84,103,"two-contract post-signal scalp: one contract exits at first target, one runner uses selected stop mode and runner target"
1,signal_scaled_scalp:strategy=delta_absorption_fade_20d_cl0.35:direction=all:first_target_points=0.5:stop_points=1.5:runner_target_points=3:runner_stop_mode=breakeven,delta_absorption_fade_20d_cl0.35,all,0.5,1.5,3,breakeven,187,187,187,25,162,36,126,0,0,162,0.86631016,5700,4391,23.48128342,84,103,"two-contract post-signal scalp: one contract exits at first target, one runner uses selected stop mode and runner target"
1,signal_scaled_scalp:strategy=delta_absorption_fade_20d_cl0.35:direction=all:first_target_points=0.5:stop_points=1.5:runner_target_points=3:runner_stop_mode=initial,delta_absorption_fade_20d_cl0.35,all,0.5,1.5,3,initial,187,187,187,25,162,67,95,0,0,67,0.35828877,3225,1916,10.2459893,84,103,"two-contract post-signal scalp: one contract exits at first target, one runner uses selected stop mode and runner target"
1,signal_scaled_scalp:strategy=delta_absorption_fade_20d_cl0.35:direction=all:first_target_points=0.5:stop_points=1.5:runner_target_points=5:runner_stop_mode=breakeven,delta_absorption_fade_20d_cl0.35,all,0.5,1.5,5,breakeven,187,187,187,25,162,26,136,0,0,162,0.86631016,6800,5491,29.36363636,84,103,"two-contract post-signal scalp: one contract exits at first target, one runner uses selected stop mode and runner target"
1,signal_scaled_scalp:strategy=delta_absorption_fade_20d_cl0.35:direction=all:first_target_points=0.5:stop_points=1.5:runner_target_points=5:runner_stop_mode=initial,delta_absorption_fade_20d_cl0.35,all,0.5,1.5,5,initial,187,187,187,25,162,49,113,0,0,49,0.26203209,4075,2766,14.79144385,84,103,"two-contract post-signal scalp: one contract exits at first target, one runner uses selected stop mode and runner target"
1,signal_scaled_scalp:strategy=delta_absorption_fade_20d_cl0.35:direction=all:first_target_points=0.5:stop_points=2:runner_target_points=1.5:runner_stop_mode=breakeven,delta_absorption_fade_20d_cl0.35,all,0.5,2,1.5,breakeven,187,187,187,19,168,56,112,0,0,168,0.89839572,4600,3291,17.59893048,84,103,"two-contract post-signal scalp: one contract exits at first target, one runner uses selected stop mode and runner target"
1,signal_scaled_scalp:strategy=delta_absorption_fade_20d_cl0.35:direction=all:first_target_points=0.5:stop_points=2:runner_target_points=1.5:runner_stop_mode=initial,delta_absorption_fade_20d_cl0.35,all,0.5,2,1.5,initial,187,187,187,19,168,120,48,0,0,120,0.64171123,4600,3291,17.59893048,84,103,"two-contract post-signal scalp: one contract exits at first target, one runner uses selected stop mode and runner target"
1,signal_scaled_scalp:strategy=delta_absorption_fade_20d_cl0.35:direction=all:first_target_points=0.5:stop_points=2:runner_target_points=2:runner_stop_mode=breakeven,delta_absorption_fade_20d_cl0.35,all,0.5,2,2,breakeven,187,187,187,19,168,44,124,0,0,168,0.89839572,4800,3491,18.6684492,84,103,"two-contract post-signal scalp: one contract exits at first target, one runner uses selected stop mode and runner target"
1,signal_scaled_scalp:strategy=delta_absorption_fade_20d_cl0.35:direction=all:first_target_points=0.5:stop_points=2:runner_target_points=2:runner_stop_mode=initial,delta_absorption_fade_20d_cl0.35,all,0.5,2,2,initial,187,187,187,19,168,102,66,0,0,102,0.54545455,4000,2691,14.39037433,84,103,"two-contract post-signal scalp: one contract exits at first target, one runner uses selected stop mode and runner target"
1,signal_scaled_scalp:strategy=delta_absorption_fade_20d_cl0.35:direction=all:first_target_points=0.5:stop_points=2:runner_target_points=3:runner_stop_mode=breakeven,delta_absorption_fade_20d_cl0.35,all,0.5,2,3,breakeven,187,187,187,19,168,37,131,0,0,168,0.89839572,5950,4641,24.81818182,84,103,"two-contract post-signal scalp: one contract exits at first target, one runner uses selected stop mode and runner target"
1,signal_scaled_scalp:strategy=delta_absorption_fade_20d_cl0.35:direction=all:first_target_points=0.5:stop_points=2:runner_target_points=3:runner_stop_mode=initial,delta_absorption_fade_20d_cl0.35,all,0.5,2,3,initial,187,187,187,19,168,79,89,0,0,79,0.42245989,3350,2041,10.9144385,84,103,"two-contract post-signal scalp: one contract exits at first target, one runner uses selected stop mode and runner target"
1,signal_scaled_scalp:strategy=delta_absorption_fade_20d_cl0.35:direction=all:first_target_points=0.5:stop_points=2:runner_target_points=5:runner_stop_mode=breakeven,delta_absorption_fade_20d_cl0.35,all,0.5,2,5,breakeven,187,187,187,19,168,26,142,0,0,168,0.89839572,6900,5591,29.89839572,84,103,"two-contract post-signal scalp: one contract exits at first target, one runner uses selected stop mode and runner target"
1,signal_scaled_scalp:strategy=delta_absorption_fade_20d_cl0.35:direction=all:first_target_points=0.5:stop_points=2:runner_target_points=5:runner_stop_mode=initial,delta_absorption_fade_20d_cl0.35,all,0.5,2,5,initial,187,187,187,19,168,59,109,0,0,59,0.31550802,4250,2941,15.72727273,84,103,"two-contract post-signal scalp: one contract exits at first target, one runner uses selected stop mode and runner target"
1,signal_scaled_scalp:strategy=delta_absorption_fade_20d_cl0.35:direction=all:first_target_points=1:stop_points=1:runner_target_points=1.5:runner_stop_mode=breakeven,delta_absorption_fade_20d_cl0.35,all,1,1,1.5,breakeven,187,187,187,68,119,65,54,0,0,119,0.63636364,4025,2716,14.52406417,84,103,"two-contract post-signal scalp: one contract exits at first target, one runner uses selected stop mode and runner target"
1,signal_scaled_scalp:strategy=delta_absorption_fade_20d_cl0.35:direction=all:first_target_points=1:stop_points=1:runner_target_points=1.5:runner_stop_mode=initial,delta_absorption_fade_20d_cl0.35,all,1,1,1.5,initial,187,187,187,68,119,95,24,0,0,95,0.50802139,5075,3766,20.13903743,84,103,"two-contract post-signal scalp: one contract exits at first target, one runner uses selected stop mode and runner target"
1,signal_scaled_scalp:strategy=delta_absorption_fade_20d_cl0.35:direction=all:first_target_points=1:stop_points=1:runner_target_points=2:runner_stop_mode=breakeven,delta_absorption_fade_20d_cl0.35,all,1,1,2,breakeven,187,187,187,68,119,51,68,0,0,119,0.63636364,4250,2941,15.72727273,84,103,"two-contract post-signal scalp: one contract exits at first target, one runner uses selected stop mode and runner target"
1,signal_scaled_scalp:strategy=delta_absorption_fade_20d_cl0.35:direction=all:first_target_points=1:stop_points=1:runner_target_points=2:runner_stop_mode=initial,delta_absorption_fade_20d_cl0.35,all,1,1,2,initial,187,187,187,68,119,74,45,0,0,74,0.39572193,4300,2991,15.99465241,84,103,"two-contract post-signal scalp: one contract exits at first target, one runner uses selected stop mode and runner target"
1,signal_scaled_scalp:strategy=delta_absorption_fade_20d_cl0.35:direction=all:first_target_points=1:stop_points=1:runner_target_points=3:runner_stop_mode=breakeven,delta_absorption_fade_20d_cl0.35,all,1,1,3,breakeven,187,187,187,68,119,43,76,0,0,119,0.63636364,5600,4291,22.94652406,84,103,"two-contract post-signal scalp: one contract exits at first target, one runner uses selected stop mode and runner target"
1,signal_scaled_scalp:strategy=delta_absorption_fade_20d_cl0.35:direction=all:first_target_points=1:stop_points=1:runner_target_points=3:runner_stop_mode=initial,delta_absorption_fade_20d_cl0.35,all,1,1,3,initial,187,187,187,68,119,56,63,0,0,56,0.29946524,4400,3091,16.52941176,84,103,"two-contract post-signal scalp: one contract exits at first target, one runner uses selected stop mode and runner target"
1,signal_scaled_scalp:strategy=delta_absorption_fade_20d_cl0.35:direction=all:first_target_points=1:stop_points=1:runner_target_points=5:runner_stop_mode=breakeven,delta_absorption_fade_20d_cl0.35,all,1,1,5,breakeven,187,187,187,68,119,32,87,0,0,119,0.63636364,7150,5841,31.23529412,84,103,"two-contract post-signal scalp: one contract exits at first target, one runner uses selected stop mode and runner target"
1,signal_scaled_scalp:strategy=delta_absorption_fade_20d_cl0.35:direction=all:first_target_points=1:stop_points=1:runner_target_points=5:runner_stop_mode=initial,delta_absorption_fade_20d_cl0.35,all,1,1,5,initial,187,187,187,68,119,41,78,0,0,41,0.21925134,5500,4191,22.41176471,84,103,"two-contract post-signal scalp: one contract exits at first target, one runner uses selected stop mode and runner target"
1,signal_scaled_scalp:strategy=delta_absorption_fade_20d_cl0.35:direction=all:first_target_points=1:stop_points=1.5:runner_target_points=1.5:runner_stop_mode=breakeven,delta_absorption_fade_20d_cl0.35,all,1,1.5,1.5,breakeven,187,187,187,55,132,73,59,0,0,132,0.70588235,3825,2516,13.45454545,84,103,"two-contract post-signal scalp: one contract exits at first target, one runner uses selected stop mode and runner target"
1,signal_scaled_scalp:strategy=delta_absorption_fade_20d_cl0.35:direction=all:first_target_points=1:stop_points=1.5:runner_target_points=1.5:runner_stop_mode=initial,delta_absorption_fade_20d_cl0.35,all,1,1.5,1.5,initial,187,187,187,55,132,109,23,0,0,109,0.5828877,4800,3491,18.6684492,84,103,"two-contract post-signal scalp: one contract exits at first target, one runner uses selected stop mode and runner target"
1,signal_scaled_scalp:strategy=delta_absorption_fade_20d_cl0.35:direction=all:first_target_points=1:stop_points=1.5:runner_target_points=2:runner_stop_mode=breakeven,delta_absorption_fade_20d_cl0.35,all,1,1.5,2,breakeven,187,187,187,55,132,57,75,0,0,132,0.70588235,4050,2741,14.65775401,84,103,"two-contract post-signal scalp: one contract exits at first target, one runner uses selected stop mode and runner target"
1,signal_scaled_scalp:strategy=delta_absorption_fade_20d_cl0.35:direction=all:first_target_points=1:stop_points=1.5:runner_target_points=2:runner_stop_mode=initial,delta_absorption_fade_20d_cl0.35,all,1,1.5,2,initial,187,187,187,55,132,89,43,0,0,89,0.47593583,4025,2716,14.52406417,84,103,"two-contract post-signal scalp: one contract exits at first target, one runner uses selected stop mode and runner target"
1,signal_scaled_scalp:strategy=delta_absorption_fade_20d_cl0.35:direction=all:first_target_points=1:stop_points=1.5:runner_target_points=3:runner_stop_mode=breakeven,delta_absorption_fade_20d_cl0.35,all,1,1.5,3,breakeven,187,187,187,55,132,47,85,0,0,132,0.70588235,5400,4091,21.87700535,84,103,"two-contract post-signal scalp: one contract exits at first target, one runner uses selected stop mode and runner target"
1,signal_scaled_scalp:strategy=delta_absorption_fade_20d_cl0.35:direction=all:first_target_points=1:stop_points=1.5:runner_target_points=3:runner_stop_mode=initial,delta_absorption_fade_20d_cl0.35,all,1,1.5,3,initial,187,187,187,55,132,67,65,0,0,67,0.35828877,3525,2216,11.85026738,84,103,"two-contract post-signal scalp: one contract exits at first target, one runner uses selected stop mode and runner target"
1,signal_scaled_scalp:strategy=delta_absorption_fade_20d_cl0.35:direction=all:first_target_points=1:stop_points=1.5:runner_target_points=5:runner_stop_mode=breakeven,delta_absorption_fade_20d_cl0.35,all,1,1.5,5,breakeven,187,187,187,55,132,34,98,0,0,132,0.70588235,6850,5541,29.63101604,84,103,"two-contract post-signal scalp: one contract exits at first target, one runner uses selected stop mode and runner target"
1,signal_scaled_scalp:strategy=delta_absorption_fade_20d_cl0.35:direction=all:first_target_points=1:stop_points=1.5:runner_target_points=5:runner_stop_mode=initial,delta_absorption_fade_20d_cl0.35,all,1,1.5,5,initial,187,187,187,55,132,49,83,0,0,49,0.26203209,4375,3066,16.39572193,84,103,"two-contract post-signal scalp: one contract exits at first target, one runner uses selected stop mode and runner target"
1,signal_scaled_scalp:strategy=delta_absorption_fade_20d_cl0.35:direction=all:first_target_points=1:stop_points=2:runner_target_points=1.5:runner_stop_mode=breakeven,delta_absorption_fade_20d_cl0.35,all,1,2,1.5,breakeven,187,187,187,46,141,79,62,0,0,141,0.7540107,3775,2466,13.18716578,84,103,"two-contract post-signal scalp: one contract exits at first target, one runner uses selected stop mode and runner target"
1,signal_scaled_scalp:strategy=delta_absorption_fade_20d_cl0.35:direction=all:first_target_points=1:stop_points=2:runner_target_points=1.5:runner_stop_mode=initial,delta_absorption_fade_20d_cl0.35,all,1,2,1.5,initial,187,187,187,46,141,120,21,0,0,120,0.64171123,4750,3441,18.40106952,84,103,"two-contract post-signal scalp: one contract exits at first target, one runner uses selected stop mode and runner target"
1,signal_scaled_scalp:strategy=delta_absorption_fade_20d_cl0.35:direction=all:first_target_points=1:stop_points=2:runner_target_points=2:runner_stop_mode=breakeven,delta_absorption_fade_20d_cl0.35,all,1,2,2,breakeven,187,187,187,46,141,62,79,0,0,141,0.7540107,4050,2741,14.65775401,84,103,"two-contract post-signal scalp: one contract exits at first target, one runner uses selected stop mode and runner target"
1,signal_scaled_scalp:strategy=delta_absorption_fade_20d_cl0.35:direction=all:first_target_points=1:stop_points=2:runner_target_points=2:runner_stop_mode=initial,delta_absorption_fade_20d_cl0.35,all,1,2,2,initial,187,187,187,46,141,102,39,0,0,102,0.54545455,4150,2841,15.19251337,84,103,"two-contract post-signal scalp: one contract exits at first target, one runner uses selected stop mode and runner target"
1,signal_scaled_scalp:strategy=delta_absorption_fade_20d_cl0.35:direction=all:first_target_points=1:stop_points=2:runner_target_points=3:runner_stop_mode=breakeven,delta_absorption_fade_20d_cl0.35,all,1,2,3,breakeven,187,187,187,46,141,51,90,0,0,141,0.7540107,5500,4191,22.41176471,84,103,"two-contract post-signal scalp: one contract exits at first target, one runner uses selected stop mode and runner target"
1,signal_scaled_scalp:strategy=delta_absorption_fade_20d_cl0.35:direction=all:first_target_points=1:stop_points=2:runner_target_points=3:runner_stop_mode=initial,delta_absorption_fade_20d_cl0.35,all,1,2,3,initial,187,187,187,46,141,79,62,0,0,79,0.42245989,3500,2191,11.71657754,84,103,"two-contract post-signal scalp: one contract exits at first target, one runner uses selected stop mode and runner target"
1,signal_scaled_scalp:strategy=delta_absorption_fade_20d_cl0.35:direction=all:first_target_points=1:stop_points=2:runner_target_points=5:runner_stop_mode=breakeven,delta_absorption_fade_20d_cl0.35,all,1,2,5,breakeven,187,187,187,46,141,36,105,0,0,141,0.7540107,6850,5541,29.63101604,84,103,"two-contract post-signal scalp: one contract exits at first target, one runner uses selected stop mode and runner target"
1,signal_scaled_scalp:strategy=delta_absorption_fade_20d_cl0.35:direction=all:first_target_points=1:stop_points=2:runner_target_points=5:runner_stop_mode=initial,delta_absorption_fade_20d_cl0.35,all,1,2,5,initial,187,187,187,46,141,59,82,0,0,59,0.31550802,4400,3091,16.52941176,84,103,"two-contract post-signal scalp: one contract exits at first target, one runner uses selected stop mode and runner target"
1,signal_scaled_scalp:strategy=delta_absorption_fade_20d_cl0.35:direction=all:first_target_points=1.5:stop_points=1:runner_target_points=2:runner_stop_mode=breakeven,delta_absorption_fade_20d_cl0.35,all,1.5,1,2,breakeven,187,187,187,92,95,69,26,0,0,95,0.50802139,4825,3516,18.80213904,84,103,"two-contract post-signal scalp: one contract exits at first target, one runner uses selected stop mode and runner target"
1,signal_scaled_scalp:strategy=delta_absorption_fade_20d_cl0.35:direction=all:first_target_points=1.5:stop_points=1:runner_target_points=2:runner_stop_mode=initial,delta_absorption_fade_20d_cl0.35,all,1.5,1,2,initial,187,187,187,92,95,74,21,0,0,95,0.50802139,4275,2966,15.86096257,84,103,"two-contract post-signal scalp: one contract exits at first target, one runner uses selected stop mode and runner target"
1,signal_scaled_scalp:strategy=delta_absorption_fade_20d_cl0.35:direction=all:first_target_points=1.5:stop_points=1:runner_target_points=3:runner_stop_mode=breakeven,delta_absorption_fade_20d_cl0.35,all,1.5,1,3,breakeven,187,187,187,92,95,52,43,0,0,95,0.50802139,5725,4416,23.61497326,84,103,"two-contract post-signal scalp: one contract exits at first target, one runner uses selected stop mode and runner target"
1,signal_scaled_scalp:strategy=delta_absorption_fade_20d_cl0.35:direction=all:first_target_points=1.5:stop_points=1:runner_target_points=3:runner_stop_mode=initial,delta_absorption_fade_20d_cl0.35,all,1.5,1,3,initial,187,187,187,92,95,56,39,0,0,95,0.50802139,4375,3066,16.39572193,84,103,"two-contract post-signal scalp: one contract exits at first target, one runner uses selected stop mode and runner target"
1,signal_scaled_scalp:strategy=delta_absorption_fade_20d_cl0.35:direction=all:first_target_points=1.5:stop_points=1:runner_target_points=5:runner_stop_mode=breakeven,delta_absorption_fade_20d_cl0.35,all,1.5,1,5,breakeven,187,187,187,92,95,37,58,0,0,95,0.50802139,7175,5866,31.36898396,84,103,"two-contract post-signal scalp: one contract exits at first target, one runner uses selected stop mode and runner target"
1,signal_scaled_scalp:strategy=delta_absorption_fade_20d_cl0.35:direction=all:first_target_points=1.5:stop_points=1:runner_target_points=5:runner_stop_mode=initial,delta_absorption_fade_20d_cl0.35,all,1.5,1,5,initial,187,187,187,92,95,41,54,0,0,95,0.50802139,5475,4166,22.27807487,84,103,"two-contract post-signal scalp: one contract exits at first target, one runner uses selected stop mode and runner target"
1,signal_scaled_scalp:strategy=delta_absorption_fade_20d_cl0.35:direction=all:first_target_points=1.5:stop_points=1.5:runner_target_points=2:runner_stop_mode=breakeven,delta_absorption_fade_20d_cl0.35,all,1.5,1.5,2,breakeven,187,187,187,78,109,80,29,0,0,109,0.5828877,4475,3166,16.93048128,84,103,"two-contract post-signal scalp: one contract exits at first target, one runner uses selected stop mode and runner target"
1,signal_scaled_scalp:strategy=delta_absorption_fade_20d_cl0.35:direction=all:first_target_points=1.5:stop_points=1.5:runner_target_points=2:runner_stop_mode=initial,delta_absorption_fade_20d_cl0.35,all,1.5,1.5,2,initial,187,187,187,78,109,89,20,0,0,89,0.47593583,3875,2566,13.72192513,84,103,"two-contract post-signal scalp: one contract exits at first target, one runner uses selected stop mode and runner target"
1,signal_scaled_scalp:strategy=delta_absorption_fade_20d_cl0.35:direction=all:first_target_points=1.5:stop_points=1.5:runner_target_points=3:runner_stop_mode=breakeven,delta_absorption_fade_20d_cl0.35,all,1.5,1.5,3,breakeven,187,187,187,78,109,58,51,0,0,109,0.5828877,5175,3866,20.67379679,84,103,"two-contract post-signal scalp: one contract exits at first target, one runner uses selected stop mode and runner target"
1,signal_scaled_scalp:strategy=delta_absorption_fade_20d_cl0.35:direction=all:first_target_points=1.5:stop_points=1.5:runner_target_points=3:runner_stop_mode=initial,delta_absorption_fade_20d_cl0.35,all,1.5,1.5,3,initial,187,187,187,78,109,67,42,0,0,67,0.35828877,3375,2066,11.04812834,84,103,"two-contract post-signal scalp: one contract exits at first target, one runner uses selected stop mode and runner target"
1,signal_scaled_scalp:strategy=delta_absorption_fade_20d_cl0.35:direction=all:first_target_points=1.5:stop_points=1.5:runner_target_points=5:runner_stop_mode=breakeven,delta_absorption_fade_20d_cl0.35,all,1.5,1.5,5,breakeven,187,187,187,78,109,40,69,0,0,109,0.5828877,6475,5166,27.62566845,84,103,"two-contract post-signal scalp: one contract exits at first target, one runner uses selected stop mode and runner target"
1,signal_scaled_scalp:strategy=delta_absorption_fade_20d_cl0.35:direction=all:first_target_points=1.5:stop_points=1.5:runner_target_points=5:runner_stop_mode=initial,delta_absorption_fade_20d_cl0.35,all,1.5,1.5,5,initial,187,187,187,78,109,49,60,0,0,49,0.26203209,4225,2916,15.59358289,84,103,"two-contract post-signal scalp: one contract exits at first target, one runner uses selected stop mode and runner target"
1,signal_scaled_scalp:strategy=delta_absorption_fade_20d_cl0.35:direction=all:first_target_points=1.5:stop_points=2:runner_target_points=2:runner_stop_mode=breakeven,delta_absorption_fade_20d_cl0.35,all,1.5,2,2,breakeven,187,187,187,67,120,89,31,0,0,120,0.64171123,4500,3191,17.06417112,84,103,"two-contract post-signal scalp: one contract exits at first target, one runner uses selected stop mode and runner target"
1,signal_scaled_scalp:strategy=delta_absorption_fade_20d_cl0.35:direction=all:first_target_points=1.5:stop_points=2:runner_target_points=2:runner_stop_mode=initial,delta_absorption_fade_20d_cl0.35,all,1.5,2,2,initial,187,187,187,67,120,102,18,0,0,102,0.54545455,4000,2691,14.39037433,84,103,"two-contract post-signal scalp: one contract exits at first target, one runner uses selected stop mode and runner target"
1,signal_scaled_scalp:strategy=delta_absorption_fade_20d_cl0.35:direction=all:first_target_points=1.5:stop_points=2:runner_target_points=3:runner_stop_mode=breakeven,delta_absorption_fade_20d_cl0.35,all,1.5,2,3,breakeven,187,187,187,67,120,65,55,0,0,120,0.64171123,5350,4041,21.60962567,84,103,"two-contract post-signal scalp: one contract exits at first target, one runner uses selected stop mode and runner target"
1,signal_scaled_scalp:strategy=delta_absorption_fade_20d_cl0.35:direction=all:first_target_points=1.5:stop_points=2:runner_target_points=3:runner_stop_mode=initial,delta_absorption_fade_20d_cl0.35,all,1.5,2,3,initial,187,187,187,67,120,79,41,0,0,79,0.42245989,3350,2041,10.9144385,84,103,"two-contract post-signal scalp: one contract exits at first target, one runner uses selected stop mode and runner target"
1,signal_scaled_scalp:strategy=delta_absorption_fade_20d_cl0.35:direction=all:first_target_points=1.5:stop_points=2:runner_target_points=5:runner_stop_mode=breakeven,delta_absorption_fade_20d_cl0.35,all,1.5,2,5,breakeven,187,187,187,67,120,43,77,0,0,120,0.64171123,6350,5041,26.95721925,84,103,"two-contract post-signal scalp: one contract exits at first target, one runner uses selected stop mode and runner target"
1,signal_scaled_scalp:strategy=delta_absorption_fade_20d_cl0.35:direction=all:first_target_points=1.5:stop_points=2:runner_target_points=5:runner_stop_mode=initial,delta_absorption_fade_20d_cl0.35,all,1.5,2,5,initial,187,187,187,67,120,59,61,0,0,59,0.31550802,4250,2941,15.72727273,84,103,"two-contract post-signal scalp: one contract exits at first target, one runner uses selected stop mode and runner target"
1,signal_scaled_scalp:strategy=delta_absorption_fade_30d_cl0.4:direction=all:first_target_points=0.5:stop_points=1:runner_target_points=1.5:runner_stop_mode=breakeven,delta_absorption_fade_30d_cl0.4,all,0.5,1,1.5,breakeven,157,157,157,36,121,36,85,0,0,121,0.77070064,2125,1026,6.53503185,75,82,"two-contract post-signal scalp: one contract exits at first target, one runner uses selected stop mode and runner target"
1,signal_scaled_scalp:strategy=delta_absorption_fade_30d_cl0.4:direction=all:first_target_points=0.5:stop_points=1:runner_target_points=1.5:runner_stop_mode=initial,delta_absorption_fade_30d_cl0.4,all,0.5,1,1.5,initial,157,157,157,36,121,74,47,0,0,74,0.47133758,2625,1526,9.71974522,75,82,"two-contract post-signal scalp: one contract exits at first target, one runner uses selected stop mode and runner target"
1,signal_scaled_scalp:strategy=delta_absorption_fade_30d_cl0.4:direction=all:first_target_points=0.5:stop_points=1:runner_target_points=2:runner_stop_mode=breakeven,delta_absorption_fade_30d_cl0.4,all,0.5,1,2,breakeven,157,157,157,36,121,27,94,0,0,121,0.77070064,2125,1026,6.53503185,75,82,"two-contract post-signal scalp: one contract exits at first target, one runner uses selected stop mode and runner target"
1,signal_scaled_scalp:strategy=delta_absorption_fade_30d_cl0.4:direction=all:first_target_points=0.5:stop_points=1:runner_target_points=2:runner_stop_mode=initial,delta_absorption_fade_30d_cl0.4,all,0.5,1,2,initial,157,157,157,36,121,58,63,0,0,58,0.36942675,2075,976,6.21656051,75,82,"two-contract post-signal scalp: one contract exits at first target, one runner uses selected stop mode and runner target"
1,signal_scaled_scalp:strategy=delta_absorption_fade_30d_cl0.4:direction=all:first_target_points=0.5:stop_points=1:runner_target_points=3:runner_stop_mode=breakeven,delta_absorption_fade_30d_cl0.4,all,0.5,1,3,breakeven,157,157,157,36,121,25,96,0,0,121,0.77070064,3175,2076,13.22292994,75,82,"two-contract post-signal scalp: one contract exits at first target, one runner uses selected stop mode and runner target"
1,signal_scaled_scalp:strategy=delta_absorption_fade_30d_cl0.4:direction=all:first_target_points=0.5:stop_points=1:runner_target_points=3:runner_stop_mode=initial,delta_absorption_fade_30d_cl0.4,all,0.5,1,3,initial,157,157,157,36,121,46,75,0,0,46,0.29299363,2575,1476,9.40127389,75,82,"two-contract post-signal scalp: one contract exits at first target, one runner uses selected stop mode and runner target"
1,signal_scaled_scalp:strategy=delta_absorption_fade_30d_cl0.4:direction=all:first_target_points=0.5:stop_points=1:runner_target_points=5:runner_stop_mode=breakeven,delta_absorption_fade_30d_cl0.4,all,0.5,1,5,breakeven,157,157,157,36,121,15,106,0,0,121,0.77070064,3175,2076,13.22292994,75,82,"two-contract post-signal scalp: one contract exits at first target, one runner uses selected stop mode and runner target"
1,signal_scaled_scalp:strategy=delta_absorption_fade_30d_cl0.4:direction=all:first_target_points=0.5:stop_points=1:runner_target_points=5:runner_stop_mode=initial,delta_absorption_fade_30d_cl0.4,all,0.5,1,5,initial,157,157,157,36,121,28,93,0,0,28,0.17834395,1775,676,4.30573248,75,82,"two-contract post-signal scalp: one contract exits at first target, one runner uses selected stop mode and runner target"
1,signal_scaled_scalp:strategy=delta_absorption_fade_30d_cl0.4:direction=all:first_target_points=0.5:stop_points=1.5:runner_target_points=1.5:runner_stop_mode=breakeven,delta_absorption_fade_30d_cl0.4,all,0.5,1.5,1.5,breakeven,157,157,157,25,132,41,91,0,0,132,0.84076433,2625,1526,9.71974522,75,82,"two-contract post-signal scalp: one contract exits at first target, one runner uses selected stop mode and runner target"
1,signal_scaled_scalp:strategy=delta_absorption_fade_30d_cl0.4:direction=all:first_target_points=0.5:stop_points=1.5:runner_target_points=1.5:runner_stop_mode=initial,delta_absorption_fade_30d_cl0.4,all,0.5,1.5,1.5,initial,157,157,157,25,132,89,43,0,0,89,0.56687898,3000,1901,12.10828025,75,82,"two-contract post-signal scalp: one contract exits at first target, one runner uses selected stop mode and runner target"
1,signal_scaled_scalp:strategy=delta_absorption_fade_30d_cl0.4:direction=all:first_target_points=0.5:stop_points=1.5:runner_target_points=2:runner_stop_mode=breakeven,delta_absorption_fade_30d_cl0.4,all,0.5,1.5,2,breakeven,157,157,157,25,132,30,102,0,0,132,0.84076433,2550,1451,9.24203822,75,82,"two-contract post-signal scalp: one contract exits at first target, one runner uses selected stop mode and runner target"
1,signal_scaled_scalp:strategy=delta_absorption_fade_30d_cl0.4:direction=all:first_target_points=0.5:stop_points=1.5:runner_target_points=2:runner_stop_mode=initial,delta_absorption_fade_30d_cl0.4,all,0.5,1.5,2,initial,157,157,157,25,132,73,59,0,0,73,0.46496815,2425,1326,8.44585987,75,82,"two-contract post-signal scalp: one contract exits at first target, one runner uses selected stop mode and runner target"
1,signal_scaled_scalp:strategy=delta_absorption_fade_30d_cl0.4:direction=all:first_target_points=0.5:stop_points=1.5:runner_target_points=3:runner_stop_mode=breakeven,delta_absorption_fade_30d_cl0.4,all,0.5,1.5,3,breakeven,157,157,157,25,132,28,104,0,0,132,0.84076433,3750,2651,16.88535032,75,82,"two-contract post-signal scalp: one contract exits at first target, one runner uses selected stop mode and runner target"
1,signal_scaled_scalp:strategy=delta_absorption_fade_30d_cl0.4:direction=all:first_target_points=0.5:stop_points=1.5:runner_target_points=3:runner_stop_mode=initial,delta_absorption_fade_30d_cl0.4,all,0.5,1.5,3,initial,157,157,157,25,132,55,77,0,0,55,0.35031847,2025,926,5.89808917,75,82,"two-contract post-signal scalp: one contract exits at first target, one runner uses selected stop mode and runner target"
1,signal_scaled_scalp:strategy=delta_absorption_fade_30d_cl0.4:direction=all:first_target_points=0.5:stop_points=1.5:runner_target_points=5:runner_stop_mode=breakeven,delta_absorption_fade_30d_cl0.4,all,0.5,1.5,5,breakeven,157,157,157,25,132,17,115,0,0,132,0.84076433,3800,2701,17.20382166,75,82,"two-contract post-signal scalp: one contract exits at first target, one runner uses selected stop mode and runner target"
1,signal_scaled_scalp:strategy=delta_absorption_fade_30d_cl0.4:direction=all:first_target_points=0.5:stop_points=1.5:runner_target_points=5:runner_stop_mode=initial,delta_absorption_fade_30d_cl0.4,all,0.5,1.5,5,initial,157,157,157,25,132,35,97,0,0,35,0.22292994,1025,-74,-0.47133758,75,82,"two-contract post-signal scalp: one contract exits at first target, one runner uses selected stop mode and runner target"
1,signal_scaled_scalp:strategy=delta_absorption_fade_30d_cl0.4:direction=all:first_target_points=0.5:stop_points=2:runner_target_points=1.5:runner_stop_mode=breakeven,delta_absorption_fade_30d_cl0.4,all,0.5,2,1.5,breakeven,157,157,157,20,137,41,96,0,0,137,0.87261146,2500,1401,8.92356688,75,82,"two-contract post-signal scalp: one contract exits at first target, one runner uses selected stop mode and runner target"
1,signal_scaled_scalp:strategy=delta_absorption_fade_30d_cl0.4:direction=all:first_target_points=0.5:stop_points=2:runner_target_points=1.5:runner_stop_mode=initial,delta_absorption_fade_30d_cl0.4,all,0.5,2,1.5,initial,157,157,157,20,137,100,37,0,0,100,0.63694268,3225,2126,13.54140127,75,82,"two-contract post-signal scalp: one contract exits at first target, one runner uses selected stop mode and runner target"
1,signal_scaled_scalp:strategy=delta_absorption_fade_30d_cl0.4:direction=all:first_target_points=0.5:stop_points=2:runner_target_points=2:runner_stop_mode=breakeven,delta_absorption_fade_30d_cl0.4,all,0.5,2,2,breakeven,157,157,157,20,137,30,107,0,0,137,0.87261146,2425,1326,8.44585987,75,82,"two-contract post-signal scalp: one contract exits at first target, one runner uses selected stop mode and runner target"
1,signal_scaled_scalp:strategy=delta_absorption_fade_30d_cl0.4:direction=all:first_target_points=0.5:stop_points=2:runner_target_points=2:runner_stop_mode=initial,delta_absorption_fade_30d_cl0.4,all,0.5,2,2,initial,157,157,157,20,137,83,54,0,0,83,0.52866242,2325,1226,7.8089172,75,82,"two-contract post-signal scalp: one contract exits at first target, one runner uses selected stop mode and runner target"
1,signal_scaled_scalp:strategy=delta_absorption_fade_30d_cl0.4:direction=all:first_target_points=0.5:stop_points=2:runner_target_points=3:runner_stop_mode=breakeven,delta_absorption_fade_30d_cl0.4,all,0.5,2,3,breakeven,157,157,157,20,137,28,109,0,0,137,0.87261146,3625,2526,16.08917197,75,82,"two-contract post-signal scalp: one contract exits at first target, one runner uses selected stop mode and runner target"
1,signal_scaled_scalp:strategy=delta_absorption_fade_30d_cl0.4:direction=all:first_target_points=0.5:stop_points=2:runner_target_points=3:runner_stop_mode=initial,delta_absorption_fade_30d_cl0.4,all,0.5,2,3,initial,157,157,157,20,137,64,73,0,0,64,0.40764331,1725,626,3.98726115,75,82,"two-contract post-signal scalp: one contract exits at first target, one runner uses selected stop mode and runner target"
1,signal_scaled_scalp:strategy=delta_absorption_fade_30d_cl0.4:direction=all:first_target_points=0.5:stop_points=2:runner_target_points=5:runner_stop_mode=breakeven,delta_absorption_fade_30d_cl0.4,all,0.5,2,5,breakeven,157,157,157,20,137,17,120,0,0,137,0.87261146,3675,2576,16.40764331,75,82,"two-contract post-signal scalp: one contract exits at first target, one runner uses selected stop mode and runner target"
1,signal_scaled_scalp:strategy=delta_absorption_fade_30d_cl0.4:direction=all:first_target_points=0.5:stop_points=2:runner_target_points=5:runner_stop_mode=initial,delta_absorption_fade_30d_cl0.4,all,0.5,2,5,initial,157,157,157,20,137,43,94,0,0,43,0.27388535,775,-324,-2.06369427,75,82,"two-contract post-signal scalp: one contract exits at first target, one runner uses selected stop mode and runner target"
1,signal_scaled_scalp:strategy=delta_absorption_fade_30d_cl0.4:direction=all:first_target_points=1:stop_points=1:runner_target_points=1.5:runner_stop_mode=breakeven,delta_absorption_fade_30d_cl0.4,all,1,1,1.5,breakeven,157,157,157,64,93,47,46,0,0,93,0.59235669,1775,676,4.30573248,75,82,"two-contract post-signal scalp: one contract exits at first target, one runner uses selected stop mode and runner target"
1,signal_scaled_scalp:strategy=delta_absorption_fade_30d_cl0.4:direction=all:first_target_points=1:stop_points=1:runner_target_points=1.5:runner_stop_mode=initial,delta_absorption_fade_30d_cl0.4,all,1,1,1.5,initial,157,157,157,64,93,74,19,0,0,74,0.47133758,2850,1751,11.15286624,75,82,"two-contract post-signal scalp: one contract exits at first target, one runner uses selected stop mode and runner target"
1,signal_scaled_scalp:strategy=delta_absorption_fade_30d_cl0.4:direction=all:first_target_points=1:stop_points=1:runner_target_points=2:runner_stop_mode=breakeven,delta_absorption_fade_30d_cl0.4,all,1,1,2,breakeven,157,157,157,64,93,35,58,0,0,93,0.59235669,1750,651,4.14649682,75,82,"two-contract post-signal scalp: one contract exits at first target, one runner uses selected stop mode and runner target"
1,signal_scaled_scalp:strategy=delta_absorption_fade_30d_cl0.4:direction=all:first_target_points=1:stop_points=1:runner_target_points=2:runner_stop_mode=initial,delta_absorption_fade_30d_cl0.4,all,1,1,2,initial,157,157,157,64,93,58,35,0,0,58,0.36942675,2300,1201,7.64968153,75,82,"two-contract post-signal scalp: one contract exits at first target, one runner uses selected stop mode and runner target"
1,signal_scaled_scalp:strategy=delta_absorption_fade_30d_cl0.4:direction=all:first_target_points=1:stop_points=1:runner_target_points=3:runner_stop_mode=breakeven,delta_absorption_fade_30d_cl0.4,all,1,1,3,breakeven,157,157,157,64,93,32,61,0,0,93,0.59235669,3050,1951,12.42675159,75,82,"two-contract post-signal scalp: one contract exits at first target, one runner uses selected stop mode and runner target"
1,signal_scaled_scalp:strategy=delta_absorption_fade_30d_cl0.4:direction=all:first_target_points=1:stop_points=1:runner_target_points=3:runner_stop_mode=initial,delta_absorption_fade_30d_cl0.4,all,1,1,3,initial,157,157,157,64,93,46,47,0,0,46,0.29299363,2800,1701,10.8343949,75,82,"two-contract post-signal scalp: one contract exits at first target, one runner uses selected stop mode and runner target"
1,signal_scaled_scalp:strategy=delta_absorption_fade_30d_cl0.4:direction=all:first_target_points=1:stop_points=1:runner_target_points=5:runner_stop_mode=breakeven,delta_absorption_fade_30d_cl0.4,all,1,1,5,breakeven,157,157,157,64,93,19,74,0,0,93,0.59235669,3000,1901,12.10828025,75,82,"two-contract post-signal scalp: one contract exits at first target, one runner uses selected stop mode and runner target"
1,signal_scaled_scalp:strategy=delta_absorption_fade_30d_cl0.4:direction=all:first_target_points=1:stop_points=1:runner_target_points=5:runner_stop_mode=initial,delta_absorption_fade_30d_cl0.4,all,1,1,5,initial,157,157,157,64,93,28,65,0,0,28,0.17834395,2000,901,5.7388535,75,82,"two-contract post-signal scalp: one contract exits at first target, one runner uses selected stop mode and runner target"
1,signal_scaled_scalp:strategy=delta_absorption_fade_30d_cl0.4:direction=all:first_target_points=1:stop_points=1.5:runner_target_points=1.5:runner_stop_mode=breakeven,delta_absorption_fade_30d_cl0.4,all,1,1.5,1.5,breakeven,157,157,157,50,107,55,52,0,0,107,0.68152866,1975,876,5.57961783,75,82,"two-contract post-signal scalp: one contract exits at first target, one runner uses selected stop mode and runner target"
1,signal_scaled_scalp:strategy=delta_absorption_fade_30d_cl0.4:direction=all:first_target_points=1:stop_points=1.5:runner_target_points=1.5:runner_stop_mode=initial,delta_absorption_fade_30d_cl0.4,all,1,1.5,1.5,initial,157,157,157,50,107,89,18,0,0,89,0.56687898,3175,2076,13.22292994,75,82,"two-contract post-signal scalp: one contract exits at first target, one runner uses selected stop mode and runner target"
1,signal_scaled_scalp:strategy=delta_absorption_fade_30d_cl0.4:direction=all:first_target_points=1:stop_points=1.5:runner_target_points=2:runner_stop_mode=breakeven,delta_absorption_fade_30d_cl0.4,all,1,1.5,2,breakeven,157,157,157,50,107,41,66,0,0,107,0.68152866,1950,851,5.42038217,75,82,"two-contract post-signal scalp: one contract exits at first target, one runner uses selected stop mode and runner target"
1,signal_scaled_scalp:strategy=delta_absorption_fade_30d_cl0.4:direction=all:first_target_points=1:stop_points=1.5:runner_target_points=2:runner_stop_mode=initial,delta_absorption_fade_30d_cl0.4,all,1,1.5,2,initial,157,157,157,50,107,73,34,0,0,73,0.46496815,2600,1501,9.56050955,75,82,"two-contract post-signal scalp: one contract exits at first target, one runner uses selected stop mode and runner target"
1,signal_scaled_scalp:strategy=delta_absorption_fade_30d_cl0.4:direction=all:first_target_points=1:stop_points=1.5:runner_target_points=3:runner_stop_mode=breakeven,delta_absorption_fade_30d_cl0.4,all,1,1.5,3,breakeven,157,157,157,50,107,37,70,0,0,107,0.68152866,3400,2301,14.65605096,75,82,"two-contract post-signal scalp: one contract exits at first target, one runner uses selected stop mode and runner target"
1,signal_scaled_scalp:strategy=delta_absorption_fade_30d_cl0.4:direction=all:first_target_points=1:stop_points=1.5:runner_target_points=3:runner_stop_mode=initial,delta_absorption_fade_30d_cl0.4,all,1,1.5,3,initial,157,157,157,50,107,55,52,0,0,55,0.35031847,2200,1101,7.01273885,75,82,"two-contract post-signal scalp: one contract exits at first target, one runner uses selected stop mode and runner target"
1,signal_scaled_scalp:strategy=delta_absorption_fade_30d_cl0.4:direction=all:first_target_points=1:stop_points=1.5:runner_target_points=5:runner_stop_mode=breakeven,delta_absorption_fade_30d_cl0.4,all,1,1.5,5,breakeven,157,157,157,50,107,22,85,0,0,107,0.68152866,3350,2251,14.33757962,75,82,"two-contract post-signal scalp: one contract exits at first target, one runner uses selected stop mode and runner target"
1,signal_scaled_scalp:strategy=delta_absorption_fade_30d_cl0.4:direction=all:first_target_points=1:stop_points=1.5:runner_target_points=5:runner_stop_mode=initial,delta_absorption_fade_30d_cl0.4,all,1,1.5,5,initial,157,157,157,50,107,35,72,0,0,35,0.22292994,1200,101,0.6433121,75,82,"two-contract post-signal scalp: one contract exits at first target, one runner uses selected stop mode and runner target"
1,signal_scaled_scalp:strategy=delta_absorption_fade_30d_cl0.4:direction=all:first_target_points=1:stop_points=2:runner_target_points=1.5:runner_stop_mode=breakeven,delta_absorption_fade_30d_cl0.4,all,1,2,1.5,breakeven,157,157,157,40,117,62,55,0,0,117,0.74522293,2500,1401,8.92356688,75,82,"two-contract post-signal scalp: one contract exits at first target, one runner uses selected stop mode and runner target"
1,signal_scaled_scalp:strategy=delta_absorption_fade_30d_cl0.4:direction=all:first_target_points=1:stop_points=2:runner_target_points=1.5:runner_stop_mode=initial,delta_absorption_fade_30d_cl0.4,all,1,2,1.5,initial,157,157,157,40,117,100,17,0,0,100,0.63694268,3650,2551,16.24840764,75,82,"two-contract post-signal scalp: one contract exits at first target, one runner uses selected stop mode and runner target"
1,signal_scaled_scalp:strategy=delta_absorption_fade_30d_cl0.4:direction=all:first_target_points=1:stop_points=2:runner_target_points=2:runner_stop_mode=breakeven,delta_absorption_fade_30d_cl0.4,all,1,2,2,breakeven,157,157,157,40,117,44,73,0,0,117,0.74522293,2250,1151,7.33121019,75,82,"two-contract post-signal scalp: one contract exits at first target, one runner uses selected stop mode and runner target"
1,signal_scaled_scalp:strategy=delta_absorption_fade_30d_cl0.4:direction=all:first_target_points=1:stop_points=2:runner_target_points=2:runner_stop_mode=initial,delta_absorption_fade_30d_cl0.4,all,1,2,2,initial,157,157,157,40,117,83,34,0,0,83,0.52866242,2750,1651,10.51592357,75,82,"two-contract post-signal scalp: one contract exits at first target, one runner uses selected stop mode and runner target"
1,signal_scaled_scalp:strategy=delta_absorption_fade_30d_cl0.4:direction=all:first_target_points=1:stop_points=2:runner_target_points=3:runner_stop_mode=breakeven,delta_absorption_fade_30d_cl0.4,all,1,2,3,breakeven,157,157,157,40,117,39,78,0,0,117,0.74522293,3700,2601,16.56687898,75,82,"two-contract post-signal scalp: one contract exits at first target, one runner uses selected stop mode and runner target"
1,signal_scaled_scalp:strategy=delta_absorption_fade_30d_cl0.4:direction=all:first_target_points=1:stop_points=2:runner_target_points=3:runner_stop_mode=initial,delta_absorption_fade_30d_cl0.4,all,1,2,3,initial,157,157,157,40,117,64,53,0,0,64,0.40764331,2150,1051,6.69426752,75,82,"two-contract post-signal scalp: one contract exits at first target, one runner uses selected stop mode and runner target"
1,signal_scaled_scalp:strategy=delta_absorption_fade_30d_cl0.4:direction=all:first_target_points=1:stop_points=2:runner_target_points=5:runner_stop_mode=breakeven,delta_absorption_fade_30d_cl0.4,all,1,2,5,breakeven,157,157,157,40,117,23,94,0,0,117,0.74522293,3600,2501,15.92993631,75,82,"two-contract post-signal scalp: one contract exits at first target, one runner uses selected stop mode and runner target"
1,signal_scaled_scalp:strategy=delta_absorption_fade_30d_cl0.4:direction=all:first_target_points=1:stop_points=2:runner_target_points=5:runner_stop_mode=initial,delta_absorption_fade_30d_cl0.4,all,1,2,5,initial,157,157,157,40,117,43,74,0,0,43,0.27388535,1200,101,0.6433121,75,82,"two-contract post-signal scalp: one contract exits at first target, one runner uses selected stop mode and runner target"
1,signal_scaled_scalp:strategy=delta_absorption_fade_30d_cl0.4:direction=all:first_target_points=1.5:stop_points=1:runner_target_points=2:runner_stop_mode=breakeven,delta_absorption_fade_30d_cl0.4,all,1.5,1,2,breakeven,157,157,157,83,74,49,25,0,0,74,0.47133758,2150,1051,6.69426752,75,82,"two-contract post-signal scalp: one contract exits at first target, one runner uses selected stop mode and runner target"
1,signal_scaled_scalp:strategy=delta_absorption_fade_30d_cl0.4:direction=all:first_target_points=1.5:stop_points=1:runner_target_points=2:runner_stop_mode=initial,delta_absorption_fade_30d_cl0.4,all,1.5,1,2,initial,157,157,157,83,74,58,16,0,0,74,0.47133758,2250,1151,7.33121019,75,82,"two-contract post-signal scalp: one contract exits at first target, one runner uses selected stop mode and runner target"
1,signal_scaled_scalp:strategy=delta_absorption_fade_30d_cl0.4:direction=all:first_target_points=1.5:stop_points=1:runner_target_points=3:runner_stop_mode=breakeven,delta_absorption_fade_30d_cl0.4,all,1.5,1,3,breakeven,157,157,157,83,74,40,34,0,0,74,0.47133758,3250,2151,13.70063694,75,82,"two-contract post-signal scalp: one contract exits at first target, one runner uses selected stop mode and runner target"
1,signal_scaled_scalp:strategy=delta_absorption_fade_30d_cl0.4:direction=all:first_target_points=1.5:stop_points=1:runner_target_points=3:runner_stop_mode=initial,delta_absorption_fade_30d_cl0.4,all,1.5,1,3,initial,157,157,157,83,74,46,28,0,0,74,0.47133758,2750,1651,10.51592357,75,82,"two-contract post-signal scalp: one contract exits at first target, one runner uses selected stop mode and runner target"
1,signal_scaled_scalp:strategy=delta_absorption_fade_30d_cl0.4:direction=all:first_target_points=1.5:stop_points=1:runner_target_points=5:runner_stop_mode=breakeven,delta_absorption_fade_30d_cl0.4,all,1.5,1,5,breakeven,157,157,157,83,74,22,52,0,0,74,0.47133758,2750,1651,10.51592357,75,82,"two-contract post-signal scalp: one contract exits at first target, one runner uses selected stop mode and runner target"
1,signal_scaled_scalp:strategy=delta_absorption_fade_30d_cl0.4:direction=all:first_target_points=1.5:stop_points=1:runner_target_points=5:runner_stop_mode=initial,delta_absorption_fade_30d_cl0.4,all,1.5,1,5,initial,157,157,157,83,74,28,46,0,0,74,0.47133758,1950,851,5.42038217,75,82,"two-contract post-signal scalp: one contract exits at first target, one runner uses selected stop mode and runner target"
1,signal_scaled_scalp:strategy=delta_absorption_fade_30d_cl0.4:direction=all:first_target_points=1.5:stop_points=1.5:runner_target_points=2:runner_stop_mode=breakeven,delta_absorption_fade_30d_cl0.4,all,1.5,1.5,2,breakeven,157,157,157,68,89,62,27,0,0,89,0.56687898,2675,1576,10.03821656,75,82,"two-contract post-signal scalp: one contract exits at first target, one runner uses selected stop mode and runner target"
1,signal_scaled_scalp:strategy=delta_absorption_fade_30d_cl0.4:direction=all:first_target_points=1.5:stop_points=1.5:runner_target_points=2:runner_stop_mode=initial,delta_absorption_fade_30d_cl0.4,all,1.5,1.5,2,initial,157,157,157,68,89,73,16,0,0,73,0.46496815,2575,1476,9.40127389,75,82,"two-contract post-signal scalp: one contract exits at first target, one runner uses selected stop mode and runner target"
1,signal_scaled_scalp:strategy=delta_absorption_fade_30d_cl0.4:direction=all:first_target_points=1.5:stop_points=1.5:runner_target_points=3:runner_stop_mode=breakeven,delta_absorption_fade_30d_cl0.4,all,1.5,1.5,3,breakeven,157,157,157,68,89,49,40,0,0,89,0.56687898,3825,2726,17.36305732,75,82,"two-contract post-signal scalp: one contract exits at first target, one runner uses selected stop mode and runner target"
1,signal_scaled_scalp:strategy=delta_absorption_fade_30d_cl0.4:direction=all:first_target_points=1.5:stop_points=1.5:runner_target_points=3:runner_stop_mode=initial,delta_absorption_fade_30d_cl0.4,all,1.5,1.5,3,initial,157,157,157,68,89,55,34,0,0,55,0.35031847,2175,1076,6.85350318,75,82,"two-contract post-signal scalp: one contract exits at first target, one runner uses selected stop mode and runner target"
1,signal_scaled_scalp:strategy=delta_absorption_fade_30d_cl0.4:direction=all:first_target_points=1.5:stop_points=1.5:runner_target_points=5:runner_stop_mode=breakeven,delta_absorption_fade_30d_cl0.4,all,1.5,1.5,5,breakeven,157,157,157,68,89,28,61,0,0,89,0.56687898,3475,2376,15.13375796,75,82,"two-contract post-signal scalp: one contract exits at first target, one runner uses selected stop mode and runner target"
1,signal_scaled_scalp:strategy=delta_absorption_fade_30d_cl0.4:direction=all:first_target_points=1.5:stop_points=1.5:runner_target_points=5:runner_stop_mode=initial,delta_absorption_fade_30d_cl0.4,all,1.5,1.5,5,initial,157,157,157,68,89,35,54,0,0,35,0.22292994,1175,76,0.48407643,75,82,"two-contract post-signal scalp: one contract exits at first target, one runner uses selected stop mode and runner target"
1,signal_scaled_scalp:strategy=delta_absorption_fade_30d_cl0.4:direction=all:first_target_points=1.5:stop_points=2:runner_target_points=2:runner_stop_mode=breakeven,delta_absorption_fade_30d_cl0.4,all,1.5,2,2,breakeven,157,157,157,57,100,67,33,0,0,100,0.63694268,2800,1701,10.8343949,75,82,"two-contract post-signal scalp: one contract exits at first target, one runner uses selected stop mode and runner target"
1,signal_scaled_scalp:strategy=delta_absorption_fade_30d_cl0.4:direction=all:first_target_points=1.5:stop_points=2:runner_target_points=2:runner_stop_mode=initial,delta_absorption_fade_30d_cl0.4,all,1.5,2,2,initial,157,157,157,57,100,83,17,0,0,83,0.52866242,2700,1601,10.19745223,75,82,"two-contract post-signal scalp: one contract exits at first target, one runner uses selected stop mode and runner target"
1,signal_scaled_scalp:strategy=delta_absorption_fade_30d_cl0.4:direction=all:first_target_points=1.5:stop_points=2:runner_target_points=3:runner_stop_mode=breakeven,delta_absorption_fade_30d_cl0.4,all,1.5,2,3,breakeven,157,157,157,57,100,52,48,0,0,100,0.63694268,3900,2801,17.84076433,75,82,"two-contract post-signal scalp: one contract exits at first target, one runner uses selected stop mode and runner target"
1,signal_scaled_scalp:strategy=delta_absorption_fade_30d_cl0.4:direction=all:first_target_points=1.5:stop_points=2:runner_target_points=3:runner_stop_mode=initial,delta_absorption_fade_30d_cl0.4,all,1.5,2,3,initial,157,157,157,57,100,64,36,0,0,64,0.40764331,2100,1001,6.37579618,75,82,"two-contract post-signal scalp: one contract exits at first target, one runner uses selected stop mode and runner target"
1,signal_scaled_scalp:strategy=delta_absorption_fade_30d_cl0.4:direction=all:first_target_points=1.5:stop_points=2:runner_target_points=5:runner_stop_mode=breakeven,delta_absorption_fade_30d_cl0.4,all,1.5,2,5,breakeven,157,157,157,57,100,29,71,0,0,100,0.63694268,3350,2251,14.33757962,75,82,"two-contract post-signal scalp: one contract exits at first target, one runner uses selected stop mode and runner target"
1,signal_scaled_scalp:strategy=delta_absorption_fade_30d_cl0.4:direction=all:first_target_points=1.5:stop_points=2:runner_target_points=5:runner_stop_mode=initial,delta_absorption_fade_30d_cl0.4,all,1.5,2,5,initial,157,157,157,57,100,43,57,0,0,43,0.27388535,1150,51,0.32484076,75,82,"two-contract post-signal scalp: one contract exits at first target, one runner uses selected stop mode and runner target"
1,signal_scaled_scalp:strategy=vwap_delta_exhaustion_fade_2pt_10d_cl0.5:direction=all:first_target_points=0.5:stop_points=1:runner_target_points=1.5:runner_stop_mode=breakeven,vwap_delta_exhaustion_fade_2pt_10d_cl0.5,all,0.5,1,1.5,breakeven,212,212,212,52,160,52,108,0,0,160,0.75471698,2700,1216,5.73584906,116,96,"two-contract post-signal scalp: one contract exits at first target, one runner uses selected stop mode and runner target"
1,signal_scaled_scalp:strategy=vwap_delta_exhaustion_fade_2pt_10d_cl0.5:direction=all:first_target_points=0.5:stop_points=1:runner_target_points=1.5:runner_stop_mode=initial,vwap_delta_exhaustion_fade_2pt_10d_cl0.5,all,0.5,1,1.5,initial,212,212,212,52,160,100,60,0,0,100,0.47169811,3300,1816,8.56603774,116,96,"two-contract post-signal scalp: one contract exits at first target, one runner uses selected stop mode and runner target"
1,signal_scaled_scalp:strategy=vwap_delta_exhaustion_fade_2pt_10d_cl0.5:direction=all:first_target_points=0.5:stop_points=1:runner_target_points=2:runner_stop_mode=breakeven,vwap_delta_exhaustion_fade_2pt_10d_cl0.5,all,0.5,1,2,breakeven,212,212,212,52,160,44,116,0,0,160,0.75471698,3200,1716,8.09433962,116,96,"two-contract post-signal scalp: one contract exits at first target, one runner uses selected stop mode and runner target"
1,signal_scaled_scalp:strategy=vwap_delta_exhaustion_fade_2pt_10d_cl0.5:direction=all:first_target_points=0.5:stop_points=1:runner_target_points=2:runner_stop_mode=initial,vwap_delta_exhaustion_fade_2pt_10d_cl0.5,all,0.5,1,2,initial,212,212,212,52,160,91,69,0,0,91,0.42924528,4450,2966,13.99056604,116,96,"two-contract post-signal scalp: one contract exits at first target, one runner uses selected stop mode and runner target"
1,signal_scaled_scalp:strategy=vwap_delta_exhaustion_fade_2pt_10d_cl0.5:direction=all:first_target_points=0.5:stop_points=1:runner_target_points=3:runner_stop_mode=breakeven,vwap_delta_exhaustion_fade_2pt_10d_cl0.5,all,0.5,1,3,breakeven,212,212,212,52,160,35,125,0,0,160,0.75471698,4050,2566,12.10377358,116,96,"two-contract post-signal scalp: one contract exits at first target, one runner uses selected stop mode and runner target"
1,signal_scaled_scalp:strategy=vwap_delta_exhaustion_fade_2pt_10d_cl0.5:direction=all:first_target_points=0.5:stop_points=1:runner_target_points=3:runner_stop_mode=initial,vwap_delta_exhaustion_fade_2pt_10d_cl0.5,all,0.5,1,3,initial,212,212,212,52,160,68,92,0,0,68,0.32075472,4400,2916,13.75471698,116,96,"two-contract post-signal scalp: one contract exits at first target, one runner uses selected stop mode and runner target"
1,signal_scaled_scalp:strategy=vwap_delta_exhaustion_fade_2pt_10d_cl0.5:direction=all:first_target_points=0.5:stop_points=1:runner_target_points=5:runner_stop_mode=breakeven,vwap_delta_exhaustion_fade_2pt_10d_cl0.5,all,0.5,1,5,breakeven,212,212,212,52,160,23,137,0,0,160,0.75471698,4550,3066,14.46226415,116,96,"two-contract post-signal scalp: one contract exits at first target, one runner uses selected stop mode and runner target"
1,signal_scaled_scalp:strategy=vwap_delta_exhaustion_fade_2pt_10d_cl0.5:direction=all:first_target_points=0.5:stop_points=1:runner_target_points=5:runner_stop_mode=initial,vwap_delta_exhaustion_fade_2pt_10d_cl0.5,all,0.5,1,5,initial,212,212,212,52,160,49,111,0,0,49,0.23113208,5500,4016,18.94339623,116,96,"two-contract post-signal scalp: one contract exits at first target, one runner uses selected stop mode and runner target"
1,signal_scaled_scalp:strategy=vwap_delta_exhaustion_fade_2pt_10d_cl0.5:direction=all:first_target_points=0.5:stop_points=1.5:runner_target_points=1.5:runner_stop_mode=breakeven,vwap_delta_exhaustion_fade_2pt_10d_cl0.5,all,0.5,1.5,1.5,breakeven,212,212,212,42,170,55,115,0,0,170,0.80188679,2075,591,2.78773585,116,96,"two-contract post-signal scalp: one contract exits at first target, one runner uses selected stop mode and runner target"
1,signal_scaled_scalp:strategy=vwap_delta_exhaustion_fade_2pt_10d_cl0.5:direction=all:first_target_points=0.5:stop_points=1.5:runner_target_points=1.5:runner_stop_mode=initial,vwap_delta_exhaustion_fade_2pt_10d_cl0.5,all,0.5,1.5,1.5,initial,212,212,212,42,170,113,57,0,0,113,0.53301887,2150,666,3.14150943,116,96,"two-contract post-signal scalp: one contract exits at first target, one runner uses selected stop mode and runner target"
1,signal_scaled_scalp:strategy=vwap_delta_exhaustion_fade_2pt_10d_cl0.5:direction=all:first_target_points=0.5:stop_points=1.5:runner_target_points=2:runner_stop_mode=breakeven,vwap_delta_exhaustion_fade_2pt_10d_cl0.5,all,0.5,1.5,2,breakeven,212,212,212,42,170,46,124,0,0,170,0.80188679,2550,1066,5.02830189,116,96,"two-contract post-signal scalp: one contract exits at first target, one runner uses selected stop mode and runner target"
1,signal_scaled_scalp:strategy=vwap_delta_exhaustion_fade_2pt_10d_cl0.5:direction=all:first_target_points=0.5:stop_points=1.5:runner_target_points=2:runner_stop_mode=initial,vwap_delta_exhaustion_fade_2pt_10d_cl0.5,all,0.5,1.5,2,initial,212,212,212,42,170,106,64,0,0,106,0.5,3750,2266,10.68867925,116,96,"two-contract post-signal scalp: one contract exits at first target, one runner uses selected stop mode and runner target"
1,signal_scaled_scalp:strategy=vwap_delta_exhaustion_fade_2pt_10d_cl0.5:direction=all:first_target_points=0.5:stop_points=1.5:runner_target_points=3:runner_stop_mode=breakeven,vwap_delta_exhaustion_fade_2pt_10d_cl0.5,all,0.5,1.5,3,breakeven,212,212,212,42,170,36,134,0,0,170,0.80188679,3350,1866,8.80188679,116,96,"two-contract post-signal scalp: one contract exits at first target, one runner uses selected stop mode and runner target"
1,signal_scaled_scalp:strategy=vwap_delta_exhaustion_fade_2pt_10d_cl0.5:direction=all:first_target_points=0.5:stop_points=1.5:runner_target_points=3:runner_stop_mode=initial,vwap_delta_exhaustion_fade_2pt_10d_cl0.5,all,0.5,1.5,3,initial,212,212,212,42,170,83,87,0,0,83,0.39150943,3875,2391,11.27830189,116,96,"two-contract post-signal scalp: one contract exits at first target, one runner uses selected stop mode and runner target"
1,signal_scaled_scalp:strategy=vwap_delta_exhaustion_fade_2pt_10d_cl0.5:direction=all:first_target_points=0.5:stop_points=1.5:runner_target_points=5:runner_stop_mode=breakeven,vwap_delta_exhaustion_fade_2pt_10d_cl0.5,all,0.5,1.5,5,breakeven,212,212,212,42,170,23,147,0,0,170,0.80188679,3700,2216,10.45283019,116,96,"two-contract post-signal scalp: one contract exits at first target, one runner uses selected stop mode and runner target"
1,signal_scaled_scalp:strategy=vwap_delta_exhaustion_fade_2pt_10d_cl0.5:direction=all:first_target_points=0.5:stop_points=1.5:runner_target_points=5:runner_stop_mode=initial,vwap_delta_exhaustion_fade_2pt_10d_cl0.5,all,0.5,1.5,5,initial,212,212,212,42,170,62,108,0,0,62,0.29245283,5350,3866,18.23584906,116,96,"two-contract post-signal scalp: one contract exits at first target, one runner uses selected stop mode and runner target"
1,signal_scaled_scalp:strategy=vwap_delta_exhaustion_fade_2pt_10d_cl0.5:direction=all:first_target_points=0.5:stop_points=2:runner_target_points=1.5:runner_stop_mode=breakeven,vwap_delta_exhaustion_fade_2pt_10d_cl0.5,all,0.5,2,1.5,breakeven,212,212,212,39,173,56,117,0,0,173,0.81603774,725,-759,-3.58018868,116,96,"two-contract post-signal scalp: one contract exits at first target, one runner uses selected stop mode and runner target"
1,signal_scaled_scalp:strategy=vwap_delta_exhaustion_fade_2pt_10d_cl0.5:direction=all:first_target_points=0.5:stop_points=2:runner_target_points=1.5:runner_stop_mode=initial,vwap_delta_exhaustion_fade_2pt_10d_cl0.5,all,0.5,2,1.5,initial,212,212,212,39,173,125,48,0,0,125,0.58962264,1100,-384,-1.81132075,116,96,"two-contract post-signal scalp: one contract exits at first target, one runner uses selected stop mode and runner target"
1,signal_scaled_scalp:strategy=vwap_delta_exhaustion_fade_2pt_10d_cl0.5:direction=all:first_target_points=0.5:stop_points=2:runner_target_points=2:runner_stop_mode=breakeven,vwap_delta_exhaustion_fade_2pt_10d_cl0.5,all,0.5,2,2,breakeven,212,212,212,39,173,47,126,0,0,173,0.81603774,1225,-259,-1.22169811,116,96,"two-contract post-signal scalp: one contract exits at first target, one runner uses selected stop mode and runner target"
1,signal_scaled_scalp:strategy=vwap_delta_exhaustion_fade_2pt_10d_cl0.5:direction=all:first_target_points=0.5:stop_points=2:runner_target_points=2:runner_stop_mode=initial,vwap_delta_exhaustion_fade_2pt_10d_cl0.5,all,0.5,2,2,initial,212,212,212,39,173,117,56,0,0,117,0.55188679,2625,1141,5.38207547,116,96,"two-contract post-signal scalp: one contract exits at first target, one runner uses selected stop mode and runner target"
1,signal_scaled_scalp:strategy=vwap_delta_exhaustion_fade_2pt_10d_cl0.5:direction=all:first_target_points=0.5:stop_points=2:runner_target_points=3:runner_stop_mode=breakeven,vwap_delta_exhaustion_fade_2pt_10d_cl0.5,all,0.5,2,3,breakeven,212,212,212,39,173,37,136,0,0,173,0.81603774,2075,591,2.78773585,116,96,"two-contract post-signal scalp: one contract exits at first target, one runner uses selected stop mode and runner target"
1,signal_scaled_scalp:strategy=vwap_delta_exhaustion_fade_2pt_10d_cl0.5:direction=all:first_target_points=0.5:stop_points=2:runner_target_points=3:runner_stop_mode=initial,vwap_delta_exhaustion_fade_2pt_10d_cl0.5,all,0.5,2,3,initial,212,212,212,39,173,93,80,0,0,93,0.43867925,2475,991,4.6745283,116,96,"two-contract post-signal scalp: one contract exits at first target, one runner uses selected stop mode and runner target"
1,signal_scaled_scalp:strategy=vwap_delta_exhaustion_fade_2pt_10d_cl0.5:direction=all:first_target_points=0.5:stop_points=2:runner_target_points=5:runner_stop_mode=breakeven,vwap_delta_exhaustion_fade_2pt_10d_cl0.5,all,0.5,2,5,breakeven,212,212,212,39,173,24,149,0,0,173,0.81603774,2525,1041,4.91037736,116,96,"two-contract post-signal scalp: one contract exits at first target, one runner uses selected stop mode and runner target"
1,signal_scaled_scalp:strategy=vwap_delta_exhaustion_fade_2pt_10d_cl0.5:direction=all:first_target_points=0.5:stop_points=2:runner_target_points=5:runner_stop_mode=initial,vwap_delta_exhaustion_fade_2pt_10d_cl0.5,all,0.5,2,5,initial,212,212,212,39,173,70,103,0,0,70,0.33018868,3725,2241,10.57075472,116,96,"two-contract post-signal scalp: one contract exits at first target, one runner uses selected stop mode and runner target"
1,signal_scaled_scalp:strategy=vwap_delta_exhaustion_fade_2pt_10d_cl0.5:direction=all:first_target_points=1:stop_points=1:runner_target_points=1.5:runner_stop_mode=breakeven,vwap_delta_exhaustion_fade_2pt_10d_cl0.5,all,1,1,1.5,breakeven,212,212,212,93,119,73,46,0,0,119,0.56132075,2125,641,3.02358491,116,96,"two-contract post-signal scalp: one contract exits at first target, one runner uses selected stop mode and runner target"
1,signal_scaled_scalp:strategy=vwap_delta_exhaustion_fade_2pt_10d_cl0.5:direction=all:first_target_points=1:stop_points=1:runner_target_points=1.5:runner_stop_mode=initial,vwap_delta_exhaustion_fade_2pt_10d_cl0.5,all,1,1,1.5,initial,212,212,212,93,119,100,19,0,0,100,0.47169811,3200,1716,8.09433962,116,96,"two-contract post-signal scalp: one contract exits at first target, one runner uses selected stop mode and runner target"
1,signal_scaled_scalp:strategy=vwap_delta_exhaustion_fade_2pt_10d_cl0.5:direction=all:first_target_points=1:stop_points=1:runner_target_points=2:runner_stop_mode=breakeven,vwap_delta_exhaustion_fade_2pt_10d_cl0.5,all,1,1,2,breakeven,212,212,212,93,119,64,55,0,0,119,0.56132075,3050,1566,7.38679245,116,96,"two-contract post-signal scalp: one contract exits at first target, one runner uses selected stop mode and runner target"
1,signal_scaled_scalp:strategy=vwap_delta_exhaustion_fade_2pt_10d_cl0.5:direction=all:first_target_points=1:stop_points=1:runner_target_points=2:runner_stop_mode=initial,vwap_delta_exhaustion_fade_2pt_10d_cl0.5,all,1,1,2,initial,212,212,212,93,119,91,28,0,0,91,0.42924528,4350,2866,13.51886792,116,96,"two-contract post-signal scalp: one contract exits at first target, one runner uses selected stop mode and runner target"
1,signal_scaled_scalp:strategy=vwap_delta_exhaustion_fade_2pt_10d_cl0.5:direction=all:first_target_points=1:stop_points=1:runner_target_points=3:runner_stop_mode=breakeven,vwap_delta_exhaustion_fade_2pt_10d_cl0.5,all,1,1,3,breakeven,212,212,212,93,119,48,71,0,0,119,0.56132075,3850,2366,11.16037736,116,96,"two-contract post-signal scalp: one contract exits at first target, one runner uses selected stop mode and runner target"
1,signal_scaled_scalp:strategy=vwap_delta_exhaustion_fade_2pt_10d_cl0.5:direction=all:first_target_points=1:stop_points=1:runner_target_points=3:runner_stop_mode=initial,vwap_delta_exhaustion_fade_2pt_10d_cl0.5,all,1,1,3,initial,212,212,212,93,119,68,51,0,0,68,0.32075472,4300,2816,13.28301887,116,96,"two-contract post-signal scalp: one contract exits at first target, one runner uses selected stop mode and runner target"
1,signal_scaled_scalp:strategy=vwap_delta_exhaustion_fade_2pt_10d_cl0.5:direction=all:first_target_points=1:stop_points=1:runner_target_points=5:runner_stop_mode=breakeven,vwap_delta_exhaustion_fade_2pt_10d_cl0.5,all,1,1,5,breakeven,212,212,212,93,119,32,87,0,0,119,0.56132075,4650,3166,14.93396226,116,96,"two-contract post-signal scalp: one contract exits at first target, one runner uses selected stop mode and runner target"
1,signal_scaled_scalp:strategy=vwap_delta_exhaustion_fade_2pt_10d_cl0.5:direction=all:first_target_points=1:stop_points=1:runner_target_points=5:runner_stop_mode=initial,vwap_delta_exhaustion_fade_2pt_10d_cl0.5,all,1,1,5,initial,212,212,212,93,119,49,70,0,0,49,0.23113208,5400,3916,18.47169811,116,96,"two-contract post-signal scalp: one contract exits at first target, one runner uses selected stop mode and runner target"
1,signal_scaled_scalp:strategy=vwap_delta_exhaustion_fade_2pt_10d_cl0.5:direction=all:first_target_points=1:stop_points=1.5:runner_target_points=1.5:runner_stop_mode=breakeven,vwap_delta_exhaustion_fade_2pt_10d_cl0.5,all,1,1.5,1.5,breakeven,212,212,212,79,133,82,51,0,0,133,0.62735849,950,-534,-2.51886792,116,96,"two-contract post-signal scalp: one contract exits at first target, one runner uses selected stop mode and runner target"
1,signal_scaled_scalp:strategy=vwap_delta_exhaustion_fade_2pt_10d_cl0.5:direction=all:first_target_points=1:stop_points=1.5:runner_target_points=1.5:runner_stop_mode=initial,vwap_delta_exhaustion_fade_2pt_10d_cl0.5,all,1,1.5,1.5,initial,212,212,212,79,133,113,20,0,0,113,0.53301887,1775,291,1.37264151,116,96,"two-contract post-signal scalp: one contract exits at first target, one runner uses selected stop mode and runner target"
1,signal_scaled_scalp:strategy=vwap_delta_exhaustion_fade_2pt_10d_cl0.5:direction=all:first_target_points=1:stop_points=1.5:runner_target_points=2:runner_stop_mode=breakeven,vwap_delta_exhaustion_fade_2pt_10d_cl0.5,all,1,1.5,2,breakeven,212,212,212,79,133,72,61,0,0,133,0.62735849,2000,516,2.43396226,116,96,"two-contract post-signal scalp: one contract exits at first target, one runner uses selected stop mode and runner target"
1,signal_scaled_scalp:strategy=vwap_delta_exhaustion_fade_2pt_10d_cl0.5:direction=all:first_target_points=1:stop_points=1.5:runner_target_points=2:runner_stop_mode=initial,vwap_delta_exhaustion_fade_2pt_10d_cl0.5,all,1,1.5,2,initial,212,212,212,79,133,106,27,0,0,106,0.5,3375,1891,8.91981132,116,96,"two-contract post-signal scalp: one contract exits at first target, one runner uses selected stop mode and runner target"
1,signal_scaled_scalp:strategy=vwap_delta_exhaustion_fade_2pt_10d_cl0.5:direction=all:first_target_points=1:stop_points=1.5:runner_target_points=3:runner_stop_mode=breakeven,vwap_delta_exhaustion_fade_2pt_10d_cl0.5,all,1,1.5,3,breakeven,212,212,212,79,133,54,79,0,0,133,0.62735849,2900,1416,6.67924528,116,96,"two-contract post-signal scalp: one contract exits at first target, one runner uses selected stop mode and runner target"
1,signal_scaled_scalp:strategy=vwap_delta_exhaustion_fade_2pt_10d_cl0.5:direction=all:first_target_points=1:stop_points=1.5:runner_target_points=3:runner_stop_mode=initial,vwap_delta_exhaustion_fade_2pt_10d_cl0.5,all,1,1.5,3,initial,212,212,212,79,133,83,50,0,0,83,0.39150943,3500,2016,9.50943396,116,96,"two-contract post-signal scalp: one contract exits at first target, one runner uses selected stop mode and runner target"
1,signal_scaled_scalp:strategy=vwap_delta_exhaustion_fade_2pt_10d_cl0.5:direction=all:first_target_points=1:stop_points=1.5:runner_target_points=5:runner_stop_mode=breakeven,vwap_delta_exhaustion_fade_2pt_10d_cl0.5,all,1,1.5,5,breakeven,212,212,212,79,133,35,98,0,0,133,0.62735849,3550,2066,9.74528302,116,96,"two-contract post-signal scalp: one contract exits at first target, one runner uses selected stop mode and runner target"
1,signal_scaled_scalp:strategy=vwap_delta_exhaustion_fade_2pt_10d_cl0.5:direction=all:first_target_points=1:stop_points=1.5:runner_target_points=5:runner_stop_mode=initial,vwap_delta_exhaustion_fade_2pt_10d_cl0.5,all,1,1.5,5,initial,212,212,212,79,133,62,71,0,0,62,0.29245283,4975,3491,16.46698113,116,96,"two-contract post-signal scalp: one contract exits at first target, one runner uses selected stop mode and runner target"
1,signal_scaled_scalp:strategy=vwap_delta_exhaustion_fade_2pt_10d_cl0.5:direction=all:first_target_points=1:stop_points=2:runner_target_points=1.5:runner_stop_mode=breakeven,vwap_delta_exhaustion_fade_2pt_10d_cl0.5,all,1,2,1.5,breakeven,212,212,212,72,140,88,52,0,0,140,0.66037736,-800,-2284,-10.77358491,116,96,"two-contract post-signal scalp: one contract exits at first target, one runner uses selected stop mode and runner target"
1,signal_scaled_scalp:strategy=vwap_delta_exhaustion_fade_2pt_10d_cl0.5:direction=all:first_target_points=1:stop_points=2:runner_target_points=1.5:runner_stop_mode=initial,vwap_delta_exhaustion_fade_2pt_10d_cl0.5,all,1,2,1.5,initial,212,212,212,72,140,125,15,0,0,125,0.58962264,475,-1009,-4.75943396,116,96,"two-contract post-signal scalp: one contract exits at first target, one runner uses selected stop mode and runner target"
1,signal_scaled_scalp:strategy=vwap_delta_exhaustion_fade_2pt_10d_cl0.5:direction=all:first_target_points=1:stop_points=2:runner_target_points=2:runner_stop_mode=breakeven,vwap_delta_exhaustion_fade_2pt_10d_cl0.5,all,1,2,2,breakeven,212,212,212,72,140,76,64,0,0,140,0.66037736,200,-1284,-6.05660377,116,96,"two-contract post-signal scalp: one contract exits at first target, one runner uses selected stop mode and runner target"
1,signal_scaled_scalp:strategy=vwap_delta_exhaustion_fade_2pt_10d_cl0.5:direction=all:first_target_points=1:stop_points=2:runner_target_points=2:runner_stop_mode=initial,vwap_delta_exhaustion_fade_2pt_10d_cl0.5,all,1,2,2,initial,212,212,212,72,140,117,23,0,0,117,0.55188679,2000,516,2.43396226,116,96,"two-contract post-signal scalp: one contract exits at first target, one runner uses selected stop mode and runner target"
1,signal_scaled_scalp:strategy=vwap_delta_exhaustion_fade_2pt_10d_cl0.5:direction=all:first_target_points=1:stop_points=2:runner_target_points=3:runner_stop_mode=breakeven,vwap_delta_exhaustion_fade_2pt_10d_cl0.5,all,1,2,3,breakeven,212,212,212,72,140,58,82,0,0,140,0.66037736,1300,-184,-0.86792453,116,96,"two-contract post-signal scalp: one contract exits at first target, one runner uses selected stop mode and runner target"
1,signal_scaled_scalp:strategy=vwap_delta_exhaustion_fade_2pt_10d_cl0.5:direction=all:first_target_points=1:stop_points=2:runner_target_points=3:runner_stop_mode=initial,vwap_delta_exhaustion_fade_2pt_10d_cl0.5,all,1,2,3,initial,212,212,212,72,140,93,47,0,0,93,0.43867925,1850,366,1.72641509,116,96,"two-contract post-signal scalp: one contract exits at first target, one runner uses selected stop mode and runner target"
1,signal_scaled_scalp:strategy=vwap_delta_exhaustion_fade_2pt_10d_cl0.5:direction=all:first_target_points=1:stop_points=2:runner_target_points=5:runner_stop_mode=breakeven,vwap_delta_exhaustion_fade_2pt_10d_cl0.5,all,1,2,5,breakeven,212,212,212,72,140,38,102,0,0,140,0.66037736,2100,616,2.90566038,116,96,"two-contract post-signal scalp: one contract exits at first target, one runner uses selected stop mode and runner target"
1,signal_scaled_scalp:strategy=vwap_delta_exhaustion_fade_2pt_10d_cl0.5:direction=all:first_target_points=1:stop_points=2:runner_target_points=5:runner_stop_mode=initial,vwap_delta_exhaustion_fade_2pt_10d_cl0.5,all,1,2,5,initial,212,212,212,72,140,70,70,0,0,70,0.33018868,3100,1616,7.62264151,116,96,"two-contract post-signal scalp: one contract exits at first target, one runner uses selected stop mode and runner target"
1,signal_scaled_scalp:strategy=vwap_delta_exhaustion_fade_2pt_10d_cl0.5:direction=all:first_target_points=1.5:stop_points=1:runner_target_points=2:runner_stop_mode=breakeven,vwap_delta_exhaustion_fade_2pt_10d_cl0.5,all,1.5,1,2,breakeven,212,212,212,112,100,86,14,0,0,100,0.47169811,4900,3416,16.11320755,116,96,"two-contract post-signal scalp: one contract exits at first target, one runner uses selected stop mode and runner target"
1,signal_scaled_scalp:strategy=vwap_delta_exhaustion_fade_2pt_10d_cl0.5:direction=all:first_target_points=1.5:stop_points=1:runner_target_points=2:runner_stop_mode=initial,vwap_delta_exhaustion_fade_2pt_10d_cl0.5,all,1.5,1,2,initial,212,212,212,112,100,91,9,0,0,100,0.47169811,4950,3466,16.3490566,116,96,"two-contract post-signal scalp: one contract exits at first target, one runner uses selected stop mode and runner target"
1,signal_scaled_scalp:strategy=vwap_delta_exhaustion_fade_2pt_10d_cl0.5:direction=all:first_target_points=1.5:stop_points=1:runner_target_points=3:runner_stop_mode=breakeven,vwap_delta_exhaustion_fade_2pt_10d_cl0.5,all,1.5,1,3,breakeven,212,212,212,112,100,58,42,0,0,100,0.47169811,5000,3516,16.58490566,116,96,"two-contract post-signal scalp: one contract exits at first target, one runner uses selected stop mode and runner target"
1,signal_scaled_scalp:strategy=vwap_delta_exhaustion_fade_2pt_10d_cl0.5:direction=all:first_target_points=1.5:stop_points=1:runner_target_points=3:runner_stop_mode=initial,vwap_delta_exhaustion_fade_2pt_10d_cl0.5,all,1.5,1,3,initial,212,212,212,112,100,68,32,0,0,100,0.47169811,4900,3416,16.11320755,116,96,"two-contract post-signal scalp: one contract exits at first target, one runner uses selected stop mode and runner target"
1,signal_scaled_scalp:strategy=vwap_delta_exhaustion_fade_2pt_10d_cl0.5:direction=all:first_target_points=1.5:stop_points=1:runner_target_points=5:runner_stop_mode=breakeven,vwap_delta_exhaustion_fade_2pt_10d_cl0.5,all,1.5,1,5,breakeven,212,212,212,112,100,38,62,0,0,100,0.47169811,5800,4316,20.35849057,116,96,"two-contract post-signal scalp: one contract exits at first target, one runner uses selected stop mode and runner target"
1,signal_scaled_scalp:strategy=vwap_delta_exhaustion_fade_2pt_10d_cl0.5:direction=all:first_target_points=1.5:stop_points=1:runner_target_points=5:runner_stop_mode=initial,vwap_delta_exhaustion_fade_2pt_10d_cl0.5,all,1.5,1,5,initial,212,212,212,112,100,49,51,0,0,100,0.47169811,6000,4516,21.30188679,116,96,"two-contract post-signal scalp: one contract exits at first target, one runner uses selected stop mode and runner target"
1,signal_scaled_scalp:strategy=vwap_delta_exhaustion_fade_2pt_10d_cl0.5:direction=all:first_target_points=1.5:stop_points=1.5:runner_target_points=2:runner_stop_mode=breakeven,vwap_delta_exhaustion_fade_2pt_10d_cl0.5,all,1.5,1.5,2,breakeven,212,212,212,99,113,98,15,0,0,113,0.53301887,3425,1941,9.15566038,116,96,"two-contract post-signal scalp: one contract exits at first target, one runner uses selected stop mode and runner target"
1,signal_scaled_scalp:strategy=vwap_delta_exhaustion_fade_2pt_10d_cl0.5:direction=all:first_target_points=1.5:stop_points=1.5:runner_target_points=2:runner_stop_mode=initial,vwap_delta_exhaustion_fade_2pt_10d_cl0.5,all,1.5,1.5,2,initial,212,212,212,99,113,106,7,0,0,106,0.5,3700,2216,10.45283019,116,96,"two-contract post-signal scalp: one contract exits at first target, one runner uses selected stop mode and runner target"
1,signal_scaled_scalp:strategy=vwap_delta_exhaustion_fade_2pt_10d_cl0.5:direction=all:first_target_points=1.5:stop_points=1.5:runner_target_points=3:runner_stop_mode=breakeven,vwap_delta_exhaustion_fade_2pt_10d_cl0.5,all,1.5,1.5,3,breakeven,212,212,212,99,113,68,45,0,0,113,0.53301887,3825,2341,11.04245283,116,96,"two-contract post-signal scalp: one contract exits at first target, one runner uses selected stop mode and runner target"
1,signal_scaled_scalp:strategy=vwap_delta_exhaustion_fade_2pt_10d_cl0.5:direction=all:first_target_points=1.5:stop_points=1.5:runner_target_points=3:runner_stop_mode=initial,vwap_delta_exhaustion_fade_2pt_10d_cl0.5,all,1.5,1.5,3,initial,212,212,212,99,113,83,30,0,0,83,0.39150943,3825,2341,11.04245283,116,96,"two-contract post-signal scalp: one contract exits at first target, one runner uses selected stop mode and runner target"
1,signal_scaled_scalp:strategy=vwap_delta_exhaustion_fade_2pt_10d_cl0.5:direction=all:first_target_points=1.5:stop_points=1.5:runner_target_points=5:runner_stop_mode=breakeven,vwap_delta_exhaustion_fade_2pt_10d_cl0.5,all,1.5,1.5,5,breakeven,212,212,212,99,113,43,70,0,0,113,0.53301887,4375,2891,13.63679245,116,96,"two-contract post-signal scalp: one contract exits at first target, one runner uses selected stop mode and runner target"
1,signal_scaled_scalp:strategy=vwap_delta_exhaustion_fade_2pt_10d_cl0.5:direction=all:first_target_points=1.5:stop_points=1.5:runner_target_points=5:runner_stop_mode=initial,vwap_delta_exhaustion_fade_2pt_10d_cl0.5,all,1.5,1.5,5,initial,212,212,212,99,113,62,51,0,0,62,0.29245283,5300,3816,18,116,96,"two-contract post-signal scalp: one contract exits at first target, one runner uses selected stop mode and runner target"
1,signal_scaled_scalp:strategy=vwap_delta_exhaustion_fade_2pt_10d_cl0.5:direction=all:first_target_points=1.5:stop_points=2:runner_target_points=2:runner_stop_mode=breakeven,vwap_delta_exhaustion_fade_2pt_10d_cl0.5,all,1.5,2,2,breakeven,212,212,212,87,125,107,18,0,0,125,0.58962264,2675,1191,5.61792453,116,96,"two-contract post-signal scalp: one contract exits at first target, one runner uses selected stop mode and runner target"
1,signal_scaled_scalp:strategy=vwap_delta_exhaustion_fade_2pt_10d_cl0.5:direction=all:first_target_points=1.5:stop_points=2:runner_target_points=2:runner_stop_mode=initial,vwap_delta_exhaustion_fade_2pt_10d_cl0.5,all,1.5,2,2,initial,212,212,212,87,125,117,8,0,0,117,0.55188679,2875,1391,6.56132075,116,96,"two-contract post-signal scalp: one contract exits at first target, one runner uses selected stop mode and runner target"
1,signal_scaled_scalp:strategy=vwap_delta_exhaustion_fade_2pt_10d_cl0.5:direction=all:first_target_points=1.5:stop_points=2:runner_target_points=3:runner_stop_mode=breakeven,vwap_delta_exhaustion_fade_2pt_10d_cl0.5,all,1.5,2,3,breakeven,212,212,212,87,125,75,50,0,0,125,0.58962264,3225,1741,8.21226415,116,96,"two-contract post-signal scalp: one contract exits at first target, one runner uses selected stop mode and runner target"
1,signal_scaled_scalp:strategy=vwap_delta_exhaustion_fade_2pt_10d_cl0.5:direction=all:first_target_points=1.5:stop_points=2:runner_target_points=3:runner_stop_mode=initial,vwap_delta_exhaustion_fade_2pt_10d_cl0.5,all,1.5,2,3,initial,212,212,212,87,125,93,32,0,0,93,0.43867925,2725,1241,5.85377358,116,96,"two-contract post-signal scalp: one contract exits at first target, one runner uses selected stop mode and runner target"
1,signal_scaled_scalp:strategy=vwap_delta_exhaustion_fade_2pt_10d_cl0.5:direction=all:first_target_points=1.5:stop_points=2:runner_target_points=5:runner_stop_mode=breakeven,vwap_delta_exhaustion_fade_2pt_10d_cl0.5,all,1.5,2,5,breakeven,212,212,212,87,125,47,78,0,0,125,0.58962264,3725,2241,10.57075472,116,96,"two-contract post-signal scalp: one contract exits at first target, one runner uses selected stop mode and runner target"
1,signal_scaled_scalp:strategy=vwap_delta_exhaustion_fade_2pt_10d_cl0.5:direction=all:first_target_points=1.5:stop_points=2:runner_target_points=5:runner_stop_mode=initial,vwap_delta_exhaustion_fade_2pt_10d_cl0.5,all,1.5,2,5,initial,212,212,212,87,125,70,55,0,0,70,0.33018868,3975,2491,11.75,116,96,"two-contract post-signal scalp: one contract exits at first target, one runner uses selected stop mode and runner target"
1,signal_scaled_scalp:strategy=vwap_delta_exhaustion_fade_3pt_20d_cl0.5:direction=all:first_target_points=0.5:stop_points=1:runner_target_points=1.5:runner_stop_mode=breakeven,vwap_delta_exhaustion_fade_3pt_20d_cl0.5,all,0.5,1,1.5,breakeven,158,158,158,31,127,24,103,0,0,127,0.80379747,1875,769,4.86708861,82,76,"two-contract post-signal scalp: one contract exits at first target, one runner uses selected stop mode and runner target"
1,signal_scaled_scalp:strategy=vwap_delta_exhaustion_fade_3pt_20d_cl0.5:direction=all:first_target_points=0.5:stop_points=1:runner_target_points=1.5:runner_stop_mode=initial,vwap_delta_exhaustion_fade_3pt_20d_cl0.5,all,0.5,1,1.5,initial,158,158,158,31,127,76,51,0,0,76,0.48101266,3225,2119,13.41139241,82,76,"two-contract post-signal scalp: one contract exits at first target, one runner uses selected stop mode and runner target"
1,signal_scaled_scalp:strategy=vwap_delta_exhaustion_fade_3pt_20d_cl0.5:direction=all:first_target_points=0.5:stop_points=1:runner_target_points=2:runner_stop_mode=breakeven,vwap_delta_exhaustion_fade_3pt_20d_cl0.5,all,0.5,1,2,breakeven,158,158,158,31,127,20,107,0,0,127,0.80379747,2075,969,6.13291139,82,76,"two-contract post-signal scalp: one contract exits at first target, one runner uses selected stop mode and runner target"
1,signal_scaled_scalp:strategy=vwap_delta_exhaustion_fade_3pt_20d_cl0.5:direction=all:first_target_points=0.5:stop_points=1:runner_target_points=2:runner_stop_mode=initial,vwap_delta_exhaustion_fade_3pt_20d_cl0.5,all,0.5,1,2,initial,158,158,158,31,127,68,59,0,0,68,0.43037975,3925,2819,17.84177215,82,76,"two-contract post-signal scalp: one contract exits at first target, one runner uses selected stop mode and runner target"
1,signal_scaled_scalp:strategy=vwap_delta_exhaustion_fade_3pt_20d_cl0.5:direction=all:first_target_points=0.5:stop_points=1:runner_target_points=3:runner_stop_mode=breakeven,vwap_delta_exhaustion_fade_3pt_20d_cl0.5,all,0.5,1,3,breakeven,158,158,158,31,127,16,111,0,0,127,0.80379747,2475,1369,8.66455696,82,76,"two-contract post-signal scalp: one contract exits at first target, one runner uses selected stop mode and runner target"
1,signal_scaled_scalp:strategy=vwap_delta_exhaustion_fade_3pt_20d_cl0.5:direction=all:first_target_points=0.5:stop_points=1:runner_target_points=3:runner_stop_mode=initial,vwap_delta_exhaustion_fade_3pt_20d_cl0.5,all,0.5,1,3,initial,158,158,158,31,127,50,77,0,0,50,0.3164557,3725,2619,16.57594937,82,76,"two-contract post-signal scalp: one contract exits at first target, one runner uses selected stop mode and runner target"
1,signal_scaled_scalp:strategy=vwap_delta_exhaustion_fade_3pt_20d_cl0.5:direction=all:first_target_points=0.5:stop_points=1:runner_target_points=5:runner_stop_mode=breakeven,vwap_delta_exhaustion_fade_3pt_20d_cl0.5,all,0.5,1,5,breakeven,158,158,158,31,127,7,120,0,0,127,0.80379747,1825,719,4.55063291,82,76,"two-contract post-signal scalp: one contract exits at first target, one runner uses selected stop mode and runner target"
1,signal_scaled_scalp:strategy=vwap_delta_exhaustion_fade_3pt_20d_cl0.5:direction=all:first_target_points=0.5:stop_points=1:runner_target_points=5:runner_stop_mode=initial,vwap_delta_exhaustion_fade_3pt_20d_cl0.5,all,0.5,1,5,initial,158,158,158,31,127,31,96,0,0,31,0.19620253,3025,1919,12.14556962,82,76,"two-contract post-signal scalp: one contract exits at first target, one runner uses selected stop mode and runner target"
1,signal_scaled_scalp:strategy=vwap_delta_exhaustion_fade_3pt_20d_cl0.5:direction=all:first_target_points=0.5:stop_points=1.5:runner_target_points=1.5:runner_stop_mode=breakeven,vwap_delta_exhaustion_fade_3pt_20d_cl0.5,all,0.5,1.5,1.5,breakeven,158,158,158,23,135,28,107,0,0,135,0.85443038,2025,919,5.8164557,82,76,"two-contract post-signal scalp: one contract exits at first target, one runner uses selected stop mode and runner target"
1,signal_scaled_scalp:strategy=vwap_delta_exhaustion_fade_3pt_20d_cl0.5:direction=all:first_target_points=0.5:stop_points=1.5:runner_target_points=1.5:runner_stop_mode=initial,vwap_delta_exhaustion_fade_3pt_20d_cl0.5,all,0.5,1.5,1.5,initial,158,158,158,23,135,88,47,0,0,88,0.55696203,3000,1894,11.98734177,82,76,"two-contract post-signal scalp: one contract exits at first target, one runner uses selected stop mode and runner target"
1,signal_scaled_scalp:strategy=vwap_delta_exhaustion_fade_3pt_20d_cl0.5:direction=all:first_target_points=0.5:stop_points=1.5:runner_target_points=2:runner_stop_mode=breakeven,vwap_delta_exhaustion_fade_3pt_20d_cl0.5,all,0.5,1.5,2,breakeven,158,158,158,23,135,23,112,0,0,135,0.85443038,2225,1119,7.08227848,82,76,"two-contract post-signal scalp: one contract exits at first target, one runner uses selected stop mode and runner target"
1,signal_scaled_scalp:strategy=vwap_delta_exhaustion_fade_3pt_20d_cl0.5:direction=all:first_target_points=0.5:stop_points=1.5:runner_target_points=2:runner_stop_mode=initial,vwap_delta_exhaustion_fade_3pt_20d_cl0.5,all,0.5,1.5,2,initial,158,158,158,23,135,81,54,0,0,81,0.51265823,3975,2869,18.15822785,82,76,"two-contract post-signal scalp: one contract exits at first target, one runner uses selected stop mode and runner target"
1,signal_scaled_scalp:strategy=vwap_delta_exhaustion_fade_3pt_20d_cl0.5:direction=all:first_target_points=0.5:stop_points=1.5:runner_target_points=3:runner_stop_mode=breakeven,vwap_delta_exhaustion_fade_3pt_20d_cl0.5,all,0.5,1.5,3,breakeven,158,158,158,23,135,18,117,0,0,135,0.85443038,2625,1519,9.61392405,82,76,"two-contract post-signal scalp: one contract exits at first target, one runner uses selected stop mode and runner target"
1,signal_scaled_scalp:strategy=vwap_delta_exhaustion_fade_3pt_20d_cl0.5:direction=all:first_target_points=0.5:stop_points=1.5:runner_target_points=3:runner_stop_mode=initial,vwap_delta_exhaustion_fade_3pt_20d_cl0.5,all,0.5,1.5,3,initial,158,158,158,23,135,62,73,0,0,62,0.39240506,3750,2644,16.73417722,82,76,"two-contract post-signal scalp: one contract exits at first target, one runner uses selected stop mode and runner target"
1,signal_scaled_scalp:strategy=vwap_delta_exhaustion_fade_3pt_20d_cl0.5:direction=all:first_target_points=0.5:stop_points=1.5:runner_target_points=5:runner_stop_mode=breakeven,vwap_delta_exhaustion_fade_3pt_20d_cl0.5,all,0.5,1.5,5,breakeven,158,158,158,23,135,8,127,0,0,135,0.85443038,1925,819,5.1835443,82,76,"two-contract post-signal scalp: one contract exits at first target, one runner uses selected stop mode and runner target"
1,signal_scaled_scalp:strategy=vwap_delta_exhaustion_fade_3pt_20d_cl0.5:direction=all:first_target_points=0.5:stop_points=1.5:runner_target_points=5:runner_stop_mode=initial,vwap_delta_exhaustion_fade_3pt_20d_cl0.5,all,0.5,1.5,5,initial,158,158,158,23,135,44,91,0,0,44,0.27848101,4100,2994,18.94936709,82,76,"two-contract post-signal scalp: one contract exits at first target, one runner uses selected stop mode and runner target"
1,signal_scaled_scalp:strategy=vwap_delta_exhaustion_fade_3pt_20d_cl0.5:direction=all:first_target_points=0.5:stop_points=2:runner_target_points=1.5:runner_stop_mode=breakeven,vwap_delta_exhaustion_fade_3pt_20d_cl0.5,all,0.5,2,1.5,breakeven,158,158,158,16,142,29,113,0,0,142,0.89873418,2525,1419,8.98101266,82,76,"two-contract post-signal scalp: one contract exits at first target, one runner uses selected stop mode and runner target"
1,signal_scaled_scalp:strategy=vwap_delta_exhaustion_fade_3pt_20d_cl0.5:direction=all:first_target_points=0.5:stop_points=2:runner_target_points=1.5:runner_stop_mode=initial,vwap_delta_exhaustion_fade_3pt_20d_cl0.5,all,0.5,2,1.5,initial,158,158,158,16,142,102,40,0,0,102,0.64556962,4000,2894,18.3164557,82,76,"two-contract post-signal scalp: one contract exits at first target, one runner uses selected stop mode and runner target"
1,signal_scaled_scalp:strategy=vwap_delta_exhaustion_fade_3pt_20d_cl0.5:direction=all:first_target_points=0.5:stop_points=2:runner_target_points=2:runner_stop_mode=breakeven,vwap_delta_exhaustion_fade_3pt_20d_cl0.5,all,0.5,2,2,breakeven,158,158,158,16,142,24,118,0,0,142,0.89873418,2750,1644,10.40506329,82,76,"two-contract post-signal scalp: one contract exits at first target, one runner uses selected stop mode and runner target"
1,signal_scaled_scalp:strategy=vwap_delta_exhaustion_fade_3pt_20d_cl0.5:direction=all:first_target_points=0.5:stop_points=2:runner_target_points=2:runner_stop_mode=initial,vwap_delta_exhaustion_fade_3pt_20d_cl0.5,all,0.5,2,2,initial,158,158,158,16,142,95,47,0,0,95,0.60126582,5150,4044,25.59493671,82,76,"two-contract post-signal scalp: one contract exits at first target, one runner uses selected stop mode and runner target"
1,signal_scaled_scalp:strategy=vwap_delta_exhaustion_fade_3pt_20d_cl0.5:direction=all:first_target_points=0.5:stop_points=2:runner_target_points=3:runner_stop_mode=breakeven,vwap_delta_exhaustion_fade_3pt_20d_cl0.5,all,0.5,2,3,breakeven,158,158,158,16,142,19,123,0,0,142,0.89873418,3200,2094,13.25316456,82,76,"two-contract post-signal scalp: one contract exits at first target, one runner uses selected stop mode and runner target"
1,signal_scaled_scalp:strategy=vwap_delta_exhaustion_fade_3pt_20d_cl0.5:direction=all:first_target_points=0.5:stop_points=2:runner_target_points=3:runner_stop_mode=initial,vwap_delta_exhaustion_fade_3pt_20d_cl0.5,all,0.5,2,3,initial,158,158,158,16,142,75,67,0,0,75,0.47468354,4900,3794,24.01265823,82,76,"two-contract post-signal scalp: one contract exits at first target, one runner uses selected stop mode and runner target"
1,signal_scaled_scalp:strategy=vwap_delta_exhaustion_fade_3pt_20d_cl0.5:direction=all:first_target_points=0.5:stop_points=2:runner_target_points=5:runner_stop_mode=breakeven,vwap_delta_exhaustion_fade_3pt_20d_cl0.5,all,0.5,2,5,breakeven,158,158,158,16,142,8,134,0,0,142,0.89873418,2350,1244,7.87341772,82,76,"two-contract post-signal scalp: one contract exits at first target, one runner uses selected stop mode and runner target"
1,signal_scaled_scalp:strategy=vwap_delta_exhaustion_fade_3pt_20d_cl0.5:direction=all:first_target_points=0.5:stop_points=2:runner_target_points=5:runner_stop_mode=initial,vwap_delta_exhaustion_fade_3pt_20d_cl0.5,all,0.5,2,5,initial,158,158,158,16,142,55,87,0,0,55,0.34810127,5400,4294,27.17721519,82,76,"two-contract post-signal scalp: one contract exits at first target, one runner uses selected stop mode and runner target"
1,signal_scaled_scalp:strategy=vwap_delta_exhaustion_fade_3pt_20d_cl0.5:direction=all:first_target_points=1:stop_points=1:runner_target_points=1.5:runner_stop_mode=breakeven,vwap_delta_exhaustion_fade_3pt_20d_cl0.5,all,1,1,1.5,breakeven,158,158,158,69,89,45,44,0,0,89,0.56329114,925,-181,-1.14556962,82,76,"two-contract post-signal scalp: one contract exits at first target, one runner uses selected stop mode and runner target"
1,signal_scaled_scalp:strategy=vwap_delta_exhaustion_fade_3pt_20d_cl0.5:direction=all:first_target_points=1:stop_points=1:runner_target_points=1.5:runner_stop_mode=initial,vwap_delta_exhaustion_fade_3pt_20d_cl0.5,all,1,1,1.5,initial,158,158,158,69,89,76,13,0,0,76,0.48101266,2600,1494,9.4556962,82,76,"two-contract post-signal scalp: one contract exits at first target, one runner uses selected stop mode and runner target"
1,signal_scaled_scalp:strategy=vwap_delta_exhaustion_fade_3pt_20d_cl0.5:direction=all:first_target_points=1:stop_points=1:runner_target_points=2:runner_stop_mode=breakeven,vwap_delta_exhaustion_fade_3pt_20d_cl0.5,all,1,1,2,breakeven,158,158,158,69,89,39,50,0,0,89,0.56329114,1450,344,2.17721519,82,76,"two-contract post-signal scalp: one contract exits at first target, one runner uses selected stop mode and runner target"
1,signal_scaled_scalp:strategy=vwap_delta_exhaustion_fade_3pt_20d_cl0.5:direction=all:first_target_points=1:stop_points=1:runner_target_points=2:runner_stop_mode=initial,vwap_delta_exhaustion_fade_3pt_20d_cl0.5,all,1,1,2,initial,158,158,158,69,89,68,21,0,0,68,0.43037975,3300,2194,13.88607595,82,76,"two-contract post-signal scalp: one contract exits at first target, one runner uses selected stop mode and runner target"
1,signal_scaled_scalp:strategy=vwap_delta_exhaustion_fade_3pt_20d_cl0.5:direction=all:first_target_points=1:stop_points=1:runner_target_points=3:runner_stop_mode=breakeven,vwap_delta_exhaustion_fade_3pt_20d_cl0.5,all,1,1,3,breakeven,158,158,158,69,89,30,59,0,0,89,0.56329114,2050,944,5.97468354,82,76,"two-contract post-signal scalp: one contract exits at first target, one runner uses selected stop mode and runner target"
1,signal_scaled_scalp:strategy=vwap_delta_exhaustion_fade_3pt_20d_cl0.5:direction=all:first_target_points=1:stop_points=1:runner_target_points=3:runner_stop_mode=initial,vwap_delta_exhaustion_fade_3pt_20d_cl0.5,all,1,1,3,initial,158,158,158,69,89,50,39,0,0,50,0.3164557,3100,1994,12.62025316,82,76,"two-contract post-signal scalp: one contract exits at first target, one runner uses selected stop mode and runner target"
1,signal_scaled_scalp:strategy=vwap_delta_exhaustion_fade_3pt_20d_cl0.5:direction=all:first_target_points=1:stop_points=1:runner_target_points=5:runner_stop_mode=breakeven,vwap_delta_exhaustion_fade_3pt_20d_cl0.5,all,1,1,5,breakeven,158,158,158,69,89,20,69,0,0,89,0.56329114,2550,1444,9.13924051,82,76,"two-contract post-signal scalp: one contract exits at first target, one runner uses selected stop mode and runner target"
1,signal_scaled_scalp:strategy=vwap_delta_exhaustion_fade_3pt_20d_cl0.5:direction=all:first_target_points=1:stop_points=1:runner_target_points=5:runner_stop_mode=initial,vwap_delta_exhaustion_fade_3pt_20d_cl0.5,all,1,1,5,initial,158,158,158,69,89,31,58,0,0,31,0.19620253,2400,1294,8.18987342,82,76,"two-contract post-signal scalp: one contract exits at first target, one runner uses selected stop mode and runner target"
1,signal_scaled_scalp:strategy=vwap_delta_exhaustion_fade_3pt_20d_cl0.5:direction=all:first_target_points=1:stop_points=1.5:runner_target_points=1.5:runner_stop_mode=breakeven,vwap_delta_exhaustion_fade_3pt_20d_cl0.5,all,1,1.5,1.5,breakeven,158,158,158,57,101,51,50,0,0,101,0.63924051,325,-781,-4.94303797,82,76,"two-contract post-signal scalp: one contract exits at first target, one runner uses selected stop mode and runner target"
1,signal_scaled_scalp:strategy=vwap_delta_exhaustion_fade_3pt_20d_cl0.5:direction=all:first_target_points=1:stop_points=1.5:runner_target_points=1.5:runner_stop_mode=initial,vwap_delta_exhaustion_fade_3pt_20d_cl0.5,all,1,1.5,1.5,initial,158,158,158,57,101,88,13,0,0,88,0.55696203,2125,1019,6.44936709,82,76,"two-contract post-signal scalp: one contract exits at first target, one runner uses selected stop mode and runner target"
1,signal_scaled_scalp:strategy=vwap_delta_exhaustion_fade_3pt_20d_cl0.5:direction=all:first_target_points=1:stop_points=1.5:runner_target_points=2:runner_stop_mode=breakeven,vwap_delta_exhaustion_fade_3pt_20d_cl0.5,all,1,1.5,2,breakeven,158,158,158,57,101,44,57,0,0,101,0.63924051,900,-206,-1.30379747,82,76,"two-contract post-signal scalp: one contract exits at first target, one runner uses selected stop mode and runner target"
1,signal_scaled_scalp:strategy=vwap_delta_exhaustion_fade_3pt_20d_cl0.5:direction=all:first_target_points=1:stop_points=1.5:runner_target_points=2:runner_stop_mode=initial,vwap_delta_exhaustion_fade_3pt_20d_cl0.5,all,1,1.5,2,initial,158,158,158,57,101,81,20,0,0,81,0.51265823,3100,1994,12.62025316,82,76,"two-contract post-signal scalp: one contract exits at first target, one runner uses selected stop mode and runner target"
1,signal_scaled_scalp:strategy=vwap_delta_exhaustion_fade_3pt_20d_cl0.5:direction=all:first_target_points=1:stop_points=1.5:runner_target_points=3:runner_stop_mode=breakeven,vwap_delta_exhaustion_fade_3pt_20d_cl0.5,all,1,1.5,3,breakeven,158,158,158,57,101,34,67,0,0,101,0.63924051,1600,494,3.12658228,82,76,"two-contract post-signal scalp: one contract exits at first target, one runner uses selected stop mode and runner target"
1,signal_scaled_scalp:strategy=vwap_delta_exhaustion_fade_3pt_20d_cl0.5:direction=all:first_target_points=1:stop_points=1.5:runner_target_points=3:runner_stop_mode=initial,vwap_delta_exhaustion_fade_3pt_20d_cl0.5,all,1,1.5,3,initial,158,158,158,57,101,62,39,0,0,62,0.39240506,2875,1769,11.19620253,82,76,"two-contract post-signal scalp: one contract exits at first target, one runner uses selected stop mode and runner target"
1,signal_scaled_scalp:strategy=vwap_delta_exhaustion_fade_3pt_20d_cl0.5:direction=all:first_target_points=1:stop_points=1.5:runner_target_points=5:runner_stop_mode=breakeven,vwap_delta_exhaustion_fade_3pt_20d_cl0.5,all,1,1.5,5,breakeven,158,158,158,57,101,23,78,0,0,101,0.63924051,2250,1144,7.24050633,82,76,"two-contract post-signal scalp: one contract exits at first target, one runner uses selected stop mode and runner target"
1,signal_scaled_scalp:strategy=vwap_delta_exhaustion_fade_3pt_20d_cl0.5:direction=all:first_target_points=1:stop_points=1.5:runner_target_points=5:runner_stop_mode=initial,vwap_delta_exhaustion_fade_3pt_20d_cl0.5,all,1,1.5,5,initial,158,158,158,57,101,44,57,0,0,44,0.27848101,3225,2119,13.41139241,82,76,"two-contract post-signal scalp: one contract exits at first target, one runner uses selected stop mode and runner target"
1,signal_scaled_scalp:strategy=vwap_delta_exhaustion_fade_3pt_20d_cl0.5:direction=all:first_target_points=1:stop_points=2:runner_target_points=1.5:runner_stop_mode=breakeven,vwap_delta_exhaustion_fade_3pt_20d_cl0.5,all,1,2,1.5,breakeven,158,158,158,46,112,59,53,0,0,112,0.70886076,825,-281,-1.77848101,82,76,"two-contract post-signal scalp: one contract exits at first target, one runner uses selected stop mode and runner target"
1,signal_scaled_scalp:strategy=vwap_delta_exhaustion_fade_3pt_20d_cl0.5:direction=all:first_target_points=1:stop_points=2:runner_target_points=1.5:runner_stop_mode=initial,vwap_delta_exhaustion_fade_3pt_20d_cl0.5,all,1,2,1.5,initial,158,158,158,46,112,102,10,0,0,102,0.64556962,3050,1944,12.30379747,82,76,"two-contract post-signal scalp: one contract exits at first target, one runner uses selected stop mode and runner target"
1,signal_scaled_scalp:strategy=vwap_delta_exhaustion_fade_3pt_20d_cl0.5:direction=all:first_target_points=1:stop_points=2:runner_target_points=2:runner_stop_mode=breakeven,vwap_delta_exhaustion_fade_3pt_20d_cl0.5,all,1,2,2,breakeven,158,158,158,46,112,50,62,0,0,112,0.70886076,1400,294,1.86075949,82,76,"two-contract post-signal scalp: one contract exits at first target, one runner uses selected stop mode and runner target"
1,signal_scaled_scalp:strategy=vwap_delta_exhaustion_fade_3pt_20d_cl0.5:direction=all:first_target_points=1:stop_points=2:runner_target_points=2:runner_stop_mode=initial,vwap_delta_exhaustion_fade_3pt_20d_cl0.5,all,1,2,2,initial,158,158,158,46,112,95,17,0,0,95,0.60126582,4200,3094,19.58227848,82,76,"two-contract post-signal scalp: one contract exits at first target, one runner uses selected stop mode and runner target"
1,signal_scaled_scalp:strategy=vwap_delta_exhaustion_fade_3pt_20d_cl0.5:direction=all:first_target_points=1:stop_points=2:runner_target_points=3:runner_stop_mode=breakeven,vwap_delta_exhaustion_fade_3pt_20d_cl0.5,all,1,2,3,breakeven,158,158,158,46,112,40,72,0,0,112,0.70886076,2400,1294,8.18987342,82,76,"two-contract post-signal scalp: one contract exits at first target, one runner uses selected stop mode and runner target"
1,signal_scaled_scalp:strategy=vwap_delta_exhaustion_fade_3pt_20d_cl0.5:direction=all:first_target_points=1:stop_points=2:runner_target_points=3:runner_stop_mode=initial,vwap_delta_exhaustion_fade_3pt_20d_cl0.5,all,1,2,3,initial,158,158,158,46,112,75,37,0,0,75,0.47468354,3950,2844,18,82,76,"two-contract post-signal scalp: one contract exits at first target, one runner uses selected stop mode and runner target"
1,signal_scaled_scalp:strategy=vwap_delta_exhaustion_fade_3pt_20d_cl0.5:direction=all:first_target_points=1:stop_points=2:runner_target_points=5:runner_stop_mode=breakeven,vwap_delta_exhaustion_fade_3pt_20d_cl0.5,all,1,2,5,breakeven,158,158,158,46,112,26,86,0,0,112,0.70886076,2900,1794,11.35443038,82,76,"two-contract post-signal scalp: one contract exits at first target, one runner uses selected stop mode and runner target"
1,signal_scaled_scalp:strategy=vwap_delta_exhaustion_fade_3pt_20d_cl0.5:direction=all:first_target_points=1:stop_points=2:runner_target_points=5:runner_stop_mode=initial,vwap_delta_exhaustion_fade_3pt_20d_cl0.5,all,1,2,5,initial,158,158,158,46,112,55,57,0,0,55,0.34810127,4450,3344,21.16455696,82,76,"two-contract post-signal scalp: one contract exits at first target, one runner uses selected stop mode and runner target"
1,signal_scaled_scalp:strategy=vwap_delta_exhaustion_fade_3pt_20d_cl0.5:direction=all:first_target_points=1.5:stop_points=1:runner_target_points=2:runner_stop_mode=breakeven,vwap_delta_exhaustion_fade_3pt_20d_cl0.5,all,1.5,1,2,breakeven,158,158,158,82,76,62,14,0,0,76,0.48101266,3700,2594,16.41772152,82,76,"two-contract post-signal scalp: one contract exits at first target, one runner uses selected stop mode and runner target"
1,signal_scaled_scalp:strategy=vwap_delta_exhaustion_fade_3pt_20d_cl0.5:direction=all:first_target_points=1.5:stop_points=1:runner_target_points=2:runner_stop_mode=initial,vwap_delta_exhaustion_fade_3pt_20d_cl0.5,all,1.5,1,2,initial,158,158,158,82,76,68,8,0,0,76,0.48101266,3900,2794,17.6835443,82,76,"two-contract post-signal scalp: one contract exits at first target, one runner uses selected stop mode and runner target"
1,signal_scaled_scalp:strategy=vwap_delta_exhaustion_fade_3pt_20d_cl0.5:direction=all:first_target_points=1.5:stop_points=1:runner_target_points=3:runner_stop_mode=breakeven,vwap_delta_exhaustion_fade_3pt_20d_cl0.5,all,1.5,1,3,breakeven,158,158,158,82,76,43,33,0,0,76,0.48101266,3950,2844,18,82,76,"two-contract post-signal scalp: one contract exits at first target, one runner uses selected stop mode and runner target"
1,signal_scaled_scalp:strategy=vwap_delta_exhaustion_fade_3pt_20d_cl0.5:direction=all:first_target_points=1.5:stop_points=1:runner_target_points=3:runner_stop_mode=initial,vwap_delta_exhaustion_fade_3pt_20d_cl0.5,all,1.5,1,3,initial,158,158,158,82,76,50,26,0,0,76,0.48101266,3700,2594,16.41772152,82,76,"two-contract post-signal scalp: one contract exits at first target, one runner uses selected stop mode and runner target"
1,signal_scaled_scalp:strategy=vwap_delta_exhaustion_fade_3pt_20d_cl0.5:direction=all:first_target_points=1.5:stop_points=1:runner_target_points=5:runner_stop_mode=breakeven,vwap_delta_exhaustion_fade_3pt_20d_cl0.5,all,1.5,1,5,breakeven,158,158,158,82,76,27,49,0,0,76,0.48101266,4250,3144,19.89873418,82,76,"two-contract post-signal scalp: one contract exits at first target, one runner uses selected stop mode and runner target"
1,signal_scaled_scalp:strategy=vwap_delta_exhaustion_fade_3pt_20d_cl0.5:direction=all:first_target_points=1.5:stop_points=1:runner_target_points=5:runner_stop_mode=initial,vwap_delta_exhaustion_fade_3pt_20d_cl0.5,all,1.5,1,5,initial,158,158,158,82,76,31,45,0,0,76,0.48101266,3000,1894,11.98734177,82,76,"two-contract post-signal scalp: one contract exits at first target, one runner uses selected stop mode and runner target"
1,signal_scaled_scalp:strategy=vwap_delta_exhaustion_fade_3pt_20d_cl0.5:direction=all:first_target_points=1.5:stop_points=1.5:runner_target_points=2:runner_stop_mode=breakeven,vwap_delta_exhaustion_fade_3pt_20d_cl0.5,all,1.5,1.5,2,breakeven,158,158,158,70,88,73,15,0,0,88,0.55696203,3400,2294,14.51898734,82,76,"two-contract post-signal scalp: one contract exits at first target, one runner uses selected stop mode and runner target"
1,signal_scaled_scalp:strategy=vwap_delta_exhaustion_fade_3pt_20d_cl0.5:direction=all:first_target_points=1.5:stop_points=1.5:runner_target_points=2:runner_stop_mode=initial,vwap_delta_exhaustion_fade_3pt_20d_cl0.5,all,1.5,1.5,2,initial,158,158,158,70,88,81,7,0,0,81,0.51265823,3675,2569,16.25949367,82,76,"two-contract post-signal scalp: one contract exits at first target, one runner uses selected stop mode and runner target"
1,signal_scaled_scalp:strategy=vwap_delta_exhaustion_fade_3pt_20d_cl0.5:direction=all:first_target_points=1.5:stop_points=1.5:runner_target_points=3:runner_stop_mode=breakeven,vwap_delta_exhaustion_fade_3pt_20d_cl0.5,all,1.5,1.5,3,breakeven,158,158,158,70,88,50,38,0,0,88,0.55696203,3600,2494,15.78481013,82,76,"two-contract post-signal scalp: one contract exits at first target, one runner uses selected stop mode and runner target"
1,signal_scaled_scalp:strategy=vwap_delta_exhaustion_fade_3pt_20d_cl0.5:direction=all:first_target_points=1.5:stop_points=1.5:runner_target_points=3:runner_stop_mode=initial,vwap_delta_exhaustion_fade_3pt_20d_cl0.5,all,1.5,1.5,3,initial,158,158,158,70,88,62,26,0,0,62,0.39240506,3450,2344,14.83544304,82,76,"two-contract post-signal scalp: one contract exits at first target, one runner uses selected stop mode and runner target"
1,signal_scaled_scalp:strategy=vwap_delta_exhaustion_fade_3pt_20d_cl0.5:direction=all:first_target_points=1.5:stop_points=1.5:runner_target_points=5:runner_stop_mode=breakeven,vwap_delta_exhaustion_fade_3pt_20d_cl0.5,all,1.5,1.5,5,breakeven,158,158,158,70,88,32,56,0,0,88,0.55696203,4100,2994,18.94936709,82,76,"two-contract post-signal scalp: one contract exits at first target, one runner uses selected stop mode and runner target"
1,signal_scaled_scalp:strategy=vwap_delta_exhaustion_fade_3pt_20d_cl0.5:direction=all:first_target_points=1.5:stop_points=1.5:runner_target_points=5:runner_stop_mode=initial,vwap_delta_exhaustion_fade_3pt_20d_cl0.5,all,1.5,1.5,5,initial,158,158,158,70,88,44,44,0,0,44,0.27848101,3800,2694,17.05063291,82,76,"two-contract post-signal scalp: one contract exits at first target, one runner uses selected stop mode and runner target"
1,signal_scaled_scalp:strategy=vwap_delta_exhaustion_fade_3pt_20d_cl0.5:direction=all:first_target_points=1.5:stop_points=2:runner_target_points=2:runner_stop_mode=breakeven,vwap_delta_exhaustion_fade_3pt_20d_cl0.5,all,1.5,2,2,breakeven,158,158,158,56,102,84,18,0,0,102,0.64556962,4850,3744,23.69620253,82,76,"two-contract post-signal scalp: one contract exits at first target, one runner uses selected stop mode and runner target"
1,signal_scaled_scalp:strategy=vwap_delta_exhaustion_fade_3pt_20d_cl0.5:direction=all:first_target_points=1.5:stop_points=2:runner_target_points=2:runner_stop_mode=initial,vwap_delta_exhaustion_fade_3pt_20d_cl0.5,all,1.5,2,2,initial,158,158,158,56,102,95,7,0,0,95,0.60126582,5250,4144,26.2278481,82,76,"two-contract post-signal scalp: one contract exits at first target, one runner uses selected stop mode and runner target"
1,signal_scaled_scalp:strategy=vwap_delta_exhaustion_fade_3pt_20d_cl0.5:direction=all:first_target_points=1.5:stop_points=2:runner_target_points=3:runner_stop_mode=breakeven,vwap_delta_exhaustion_fade_3pt_20d_cl0.5,all,1.5,2,3,breakeven,158,158,158,56,102,59,43,0,0,102,0.64556962,5300,4194,26.5443038,82,76,"two-contract post-signal scalp: one contract exits at first target, one runner uses selected stop mode and runner target"
1,signal_scaled_scalp:strategy=vwap_delta_exhaustion_fade_3pt_20d_cl0.5:direction=all:first_target_points=1.5:stop_points=2:runner_target_points=3:runner_stop_mode=initial,vwap_delta_exhaustion_fade_3pt_20d_cl0.5,all,1.5,2,3,initial,158,158,158,56,102,75,27,0,0,75,0.47468354,5000,3894,24.64556962,82,76,"two-contract post-signal scalp: one contract exits at first target, one runner uses selected stop mode and runner target"
1,signal_scaled_scalp:strategy=vwap_delta_exhaustion_fade_3pt_20d_cl0.5:direction=all:first_target_points=1.5:stop_points=2:runner_target_points=5:runner_stop_mode=breakeven,vwap_delta_exhaustion_fade_3pt_20d_cl0.5,all,1.5,2,5,breakeven,158,158,158,56,102,36,66,0,0,102,0.64556962,5450,4344,27.49367089,82,76,"two-contract post-signal scalp: one contract exits at first target, one runner uses selected stop mode and runner target"
1,signal_scaled_scalp:strategy=vwap_delta_exhaustion_fade_3pt_20d_cl0.5:direction=all:first_target_points=1.5:stop_points=2:runner_target_points=5:runner_stop_mode=initial,vwap_delta_exhaustion_fade_3pt_20d_cl0.5,all,1.5,2,5,initial,158,158,158,56,102,55,47,0,0,55,0.34810127,5500,4394,27.81012658,82,76,"two-contract post-signal scalp: one contract exits at first target, one runner uses selected stop mode and runner target"
1,signal_scaled_scalp:strategy=vwap_delta_exhaustion_fade_4pt_30d_cl0.55:direction=all:first_target_points=0.5:stop_points=1:runner_target_points=1.5:runner_stop_mode=breakeven,vwap_delta_exhaustion_fade_4pt_30d_cl0.55,all,0.5,1,1.5,breakeven,140,140,140,29,111,27,84,0,0,111,0.79285714,1900,920,6.57142857,74,66,"two-contract post-signal scalp: one contract exits at first target, one runner uses selected stop mode and runner target"
1,signal_scaled_scalp:strategy=vwap_delta_exhaustion_fade_4pt_30d_cl0.55:direction=all:first_target_points=0.5:stop_points=1:runner_target_points=1.5:runner_stop_mode=initial,vwap_delta_exhaustion_fade_4pt_30d_cl0.55,all,0.5,1,1.5,initial,140,140,140,29,111,70,41,0,0,70,0.5,3075,2095,14.96428571,74,66,"two-contract post-signal scalp: one contract exits at first target, one runner uses selected stop mode and runner target"
1,signal_scaled_scalp:strategy=vwap_delta_exhaustion_fade_4pt_30d_cl0.55:direction=all:first_target_points=0.5:stop_points=1:runner_target_points=2:runner_stop_mode=breakeven,vwap_delta_exhaustion_fade_4pt_30d_cl0.55,all,0.5,1,2,breakeven,140,140,140,29,111,20,91,0,0,111,0.79285714,1875,895,6.39285714,74,66,"two-contract post-signal scalp: one contract exits at first target, one runner uses selected stop mode and runner target"
1,signal_scaled_scalp:strategy=vwap_delta_exhaustion_fade_4pt_30d_cl0.55:direction=all:first_target_points=0.5:stop_points=1:runner_target_points=2:runner_stop_mode=initial,vwap_delta_exhaustion_fade_4pt_30d_cl0.55,all,0.5,1,2,initial,140,140,140,29,111,60,51,0,0,60,0.42857143,3325,2345,16.75,74,66,"two-contract post-signal scalp: one contract exits at first target, one runner uses selected stop mode and runner target"
1,signal_scaled_scalp:strategy=vwap_delta_exhaustion_fade_4pt_30d_cl0.55:direction=all:first_target_points=0.5:stop_points=1:runner_target_points=3:runner_stop_mode=breakeven,vwap_delta_exhaustion_fade_4pt_30d_cl0.55,all,0.5,1,3,breakeven,140,140,140,29,111,15,96,0,0,111,0.79285714,2125,1145,8.17857143,74,66,"two-contract post-signal scalp: one contract exits at first target, one runner uses selected stop mode and runner target"
1,signal_scaled_scalp:strategy=vwap_delta_exhaustion_fade_4pt_30d_cl0.55:direction=all:first_target_points=0.5:stop_points=1:runner_target_points=3:runner_stop_mode=initial,vwap_delta_exhaustion_fade_4pt_30d_cl0.55,all,0.5,1,3,initial,140,140,140,29,111,46,65,0,0,46,0.32857143,3525,2545,18.17857143,74,66,"two-contract post-signal scalp: one contract exits at first target, one runner uses selected stop mode and runner target"
1,signal_scaled_scalp:strategy=vwap_delta_exhaustion_fade_4pt_30d_cl0.55:direction=all:first_target_points=0.5:stop_points=1:runner_target_points=5:runner_stop_mode=breakeven,vwap_delta_exhaustion_fade_4pt_30d_cl0.55,all,0.5,1,5,breakeven,140,140,140,29,111,7,104,0,0,111,0.79285714,1625,645,4.60714286,74,66,"two-contract post-signal scalp: one contract exits at first target, one runner uses selected stop mode and runner target"
1,signal_scaled_scalp:strategy=vwap_delta_exhaustion_fade_4pt_30d_cl0.55:direction=all:first_target_points=0.5:stop_points=1:runner_target_points=5:runner_stop_mode=initial,vwap_delta_exhaustion_fade_4pt_30d_cl0.55,all,0.5,1,5,initial,140,140,140,29,111,29,82,0,0,29,0.20714286,3025,2045,14.60714286,74,66,"two-contract post-signal scalp: one contract exits at first target, one runner uses selected stop mode and runner target"
1,signal_scaled_scalp:strategy=vwap_delta_exhaustion_fade_4pt_30d_cl0.55:direction=all:first_target_points=0.5:stop_points=1.5:runner_target_points=1.5:runner_stop_mode=breakeven,vwap_delta_exhaustion_fade_4pt_30d_cl0.55,all,0.5,1.5,1.5,breakeven,140,140,140,21,119,30,89,0,0,119,0.85,2075,1095,7.82142857,74,66,"two-contract post-signal scalp: one contract exits at first target, one runner uses selected stop mode and runner target"
1,signal_scaled_scalp:strategy=vwap_delta_exhaustion_fade_4pt_30d_cl0.55:direction=all:first_target_points=0.5:stop_points=1.5:runner_target_points=1.5:runner_stop_mode=initial,vwap_delta_exhaustion_fade_4pt_30d_cl0.55,all,0.5,1.5,1.5,initial,140,140,140,21,119,84,35,0,0,84,0.6,3500,2520,18,74,66,"two-contract post-signal scalp: one contract exits at first target, one runner uses selected stop mode and runner target"
1,signal_scaled_scalp:strategy=vwap_delta_exhaustion_fade_4pt_30d_cl0.55:direction=all:first_target_points=0.5:stop_points=1.5:runner_target_points=2:runner_stop_mode=breakeven,vwap_delta_exhaustion_fade_4pt_30d_cl0.55,all,0.5,1.5,2,breakeven,140,140,140,21,119,23,96,0,0,119,0.85,2125,1145,8.17857143,74,66,"two-contract post-signal scalp: one contract exits at first target, one runner uses selected stop mode and runner target"
1,signal_scaled_scalp:strategy=vwap_delta_exhaustion_fade_4pt_30d_cl0.55:direction=all:first_target_points=0.5:stop_points=1.5:runner_target_points=2:runner_stop_mode=initial,vwap_delta_exhaustion_fade_4pt_30d_cl0.55,all,0.5,1.5,2,initial,140,140,140,21,119,72,47,0,0,72,0.51428571,3500,2520,18,74,66,"two-contract post-signal scalp: one contract exits at first target, one runner uses selected stop mode and runner target"
1,signal_scaled_scalp:strategy=vwap_delta_exhaustion_fade_4pt_30d_cl0.55:direction=all:first_target_points=0.5:stop_points=1.5:runner_target_points=3:runner_stop_mode=breakeven,vwap_delta_exhaustion_fade_4pt_30d_cl0.55,all,0.5,1.5,3,breakeven,140,140,140,21,119,18,101,0,0,119,0.85,2525,1545,11.03571429,74,66,"two-contract post-signal scalp: one contract exits at first target, one runner uses selected stop mode and runner target"
1,signal_scaled_scalp:strategy=vwap_delta_exhaustion_fade_4pt_30d_cl0.55:direction=all:first_target_points=0.5:stop_points=1.5:runner_target_points=3:runner_stop_mode=initial,vwap_delta_exhaustion_fade_4pt_30d_cl0.55,all,0.5,1.5,3,initial,140,140,140,21,119,60,59,0,0,60,0.42857143,4400,3420,24.42857143,74,66,"two-contract post-signal scalp: one contract exits at first target, one runner uses selected stop mode and runner target"
1,signal_scaled_scalp:strategy=vwap_delta_exhaustion_fade_4pt_30d_cl0.55:direction=all:first_target_points=0.5:stop_points=1.5:runner_target_points=5:runner_stop_mode=breakeven,vwap_delta_exhaustion_fade_4pt_30d_cl0.55,all,0.5,1.5,5,breakeven,140,140,140,21,119,9,110,0,0,119,0.85,2075,1095,7.82142857,74,66,"two-contract post-signal scalp: one contract exits at first target, one runner uses selected stop mode and runner target"
1,signal_scaled_scalp:strategy=vwap_delta_exhaustion_fade_4pt_30d_cl0.55:direction=all:first_target_points=0.5:stop_points=1.5:runner_target_points=5:runner_stop_mode=initial,vwap_delta_exhaustion_fade_4pt_30d_cl0.55,all,0.5,1.5,5,initial,140,140,140,21,119,41,78,0,0,41,0.29285714,4225,3245,23.17857143,74,66,"two-contract post-signal scalp: one contract exits at first target, one runner uses selected stop mode and runner target"
1,signal_scaled_scalp:strategy=vwap_delta_exhaustion_fade_4pt_30d_cl0.55:direction=all:first_target_points=0.5:stop_points=2:runner_target_points=1.5:runner_stop_mode=breakeven,vwap_delta_exhaustion_fade_4pt_30d_cl0.55,all,0.5,2,1.5,breakeven,140,140,140,14,126,31,95,0,0,126,0.9,2675,1695,12.10714286,74,66,"two-contract post-signal scalp: one contract exits at first target, one runner uses selected stop mode and runner target"
1,signal_scaled_scalp:strategy=vwap_delta_exhaustion_fade_4pt_30d_cl0.55:direction=all:first_target_points=0.5:stop_points=2:runner_target_points=1.5:runner_stop_mode=initial,vwap_delta_exhaustion_fade_4pt_30d_cl0.55,all,0.5,2,1.5,initial,140,140,140,14,126,94,32,0,0,94,0.67142857,4200,3220,23,74,66,"two-contract post-signal scalp: one contract exits at first target, one runner uses selected stop mode and runner target"
1,signal_scaled_scalp:strategy=vwap_delta_exhaustion_fade_4pt_30d_cl0.55:direction=all:first_target_points=0.5:stop_points=2:runner_target_points=2:runner_stop_mode=breakeven,vwap_delta_exhaustion_fade_4pt_30d_cl0.55,all,0.5,2,2,breakeven,140,140,140,14,126,24,102,0,0,126,0.9,2750,1770,12.64285714,74,66,"two-contract post-signal scalp: one contract exits at first target, one runner uses selected stop mode and runner target"
1,signal_scaled_scalp:strategy=vwap_delta_exhaustion_fade_4pt_30d_cl0.55:direction=all:first_target_points=0.5:stop_points=2:runner_target_points=2:runner_stop_mode=initial,vwap_delta_exhaustion_fade_4pt_30d_cl0.55,all,0.5,2,2,initial,140,140,140,14,126,80,46,0,0,80,0.57142857,3750,2770,19.78571429,74,66,"two-contract post-signal scalp: one contract exits at first target, one runner uses selected stop mode and runner target"
1,signal_scaled_scalp:strategy=vwap_delta_exhaustion_fade_4pt_30d_cl0.55:direction=all:first_target_points=0.5:stop_points=2:runner_target_points=3:runner_stop_mode=breakeven,vwap_delta_exhaustion_fade_4pt_30d_cl0.55,all,0.5,2,3,breakeven,140,140,140,14,126,19,107,0,0,126,0.9,3200,2220,15.85714286,74,66,"two-contract post-signal scalp: one contract exits at first target, one runner uses selected stop mode and runner target"
1,signal_scaled_scalp:strategy=vwap_delta_exhaustion_fade_4pt_30d_cl0.55:direction=all:first_target_points=0.5:stop_points=2:runner_target_points=3:runner_stop_mode=initial,vwap_delta_exhaustion_fade_4pt_30d_cl0.55,all,0.5,2,3,initial,140,140,140,14,126,67,59,0,0,67,0.47857143,4500,3520,25.14285714,74,66,"two-contract post-signal scalp: one contract exits at first target, one runner uses selected stop mode and runner target"
1,signal_scaled_scalp:strategy=vwap_delta_exhaustion_fade_4pt_30d_cl0.55:direction=all:first_target_points=0.5:stop_points=2:runner_target_points=5:runner_stop_mode=breakeven,vwap_delta_exhaustion_fade_4pt_30d_cl0.55,all,0.5,2,5,breakeven,140,140,140,14,126,9,117,0,0,126,0.9,2600,1620,11.57142857,74,66,"two-contract post-signal scalp: one contract exits at first target, one runner uses selected stop mode and runner target"
1,signal_scaled_scalp:strategy=vwap_delta_exhaustion_fade_4pt_30d_cl0.55:direction=all:first_target_points=0.5:stop_points=2:runner_target_points=5:runner_stop_mode=initial,vwap_delta_exhaustion_fade_4pt_30d_cl0.55,all,0.5,2,5,initial,140,140,140,14,126,47,79,0,0,47,0.33571429,4200,3220,23,74,66,"two-contract post-signal scalp: one contract exits at first target, one runner uses selected stop mode and runner target"
1,signal_scaled_scalp:strategy=vwap_delta_exhaustion_fade_4pt_30d_cl0.55:direction=all:first_target_points=1:stop_points=1:runner_target_points=1.5:runner_stop_mode=breakeven,vwap_delta_exhaustion_fade_4pt_30d_cl0.55,all,1,1,1.5,breakeven,140,140,140,56,84,51,33,0,0,84,0.6,2425,1445,10.32142857,74,66,"two-contract post-signal scalp: one contract exits at first target, one runner uses selected stop mode and runner target"
1,signal_scaled_scalp:strategy=vwap_delta_exhaustion_fade_4pt_30d_cl0.55:direction=all:first_target_points=1:stop_points=1:runner_target_points=1.5:runner_stop_mode=initial,vwap_delta_exhaustion_fade_4pt_30d_cl0.55,all,1,1,1.5,initial,140,140,140,56,84,70,14,0,0,70,0.5,3150,2170,15.5,74,66,"two-contract post-signal scalp: one contract exits at first target, one runner uses selected stop mode and runner target"
1,signal_scaled_scalp:strategy=vwap_delta_exhaustion_fade_4pt_30d_cl0.55:direction=all:first_target_points=1:stop_points=1:runner_target_points=2:runner_stop_mode=breakeven,vwap_delta_exhaustion_fade_4pt_30d_cl0.55,all,1,1,2,breakeven,140,140,140,56,84,40,44,0,0,84,0.6,2600,1620,11.57142857,74,66,"two-contract post-signal scalp: one contract exits at first target, one runner uses selected stop mode and runner target"
1,signal_scaled_scalp:strategy=vwap_delta_exhaustion_fade_4pt_30d_cl0.55:direction=all:first_target_points=1:stop_points=1:runner_target_points=2:runner_stop_mode=initial,vwap_delta_exhaustion_fade_4pt_30d_cl0.55,all,1,1,2,initial,140,140,140,56,84,60,24,0,0,60,0.42857143,3400,2420,17.28571429,74,66,"two-contract post-signal scalp: one contract exits at first target, one runner uses selected stop mode and runner target"
1,signal_scaled_scalp:strategy=vwap_delta_exhaustion_fade_4pt_30d_cl0.55:direction=all:first_target_points=1:stop_points=1:runner_target_points=3:runner_stop_mode=breakeven,vwap_delta_exhaustion_fade_4pt_30d_cl0.55,all,1,1,3,breakeven,140,140,140,56,84,27,57,0,0,84,0.6,2650,1670,11.92857143,74,66,"two-contract post-signal scalp: one contract exits at first target, one runner uses selected stop mode and runner target"
1,signal_scaled_scalp:strategy=vwap_delta_exhaustion_fade_4pt_30d_cl0.55:direction=all:first_target_points=1:stop_points=1:runner_target_points=3:runner_stop_mode=initial,vwap_delta_exhaustion_fade_4pt_30d_cl0.55,all,1,1,3,initial,140,140,140,56,84,46,38,0,0,46,0.32857143,3600,2620,18.71428571,74,66,"two-contract post-signal scalp: one contract exits at first target, one runner uses selected stop mode and runner target"
1,signal_scaled_scalp:strategy=vwap_delta_exhaustion_fade_4pt_30d_cl0.55:direction=all:first_target_points=1:stop_points=1:runner_target_points=5:runner_stop_mode=breakeven,vwap_delta_exhaustion_fade_4pt_30d_cl0.55,all,1,1,5,breakeven,140,140,140,56,84,19,65,0,0,84,0.6,3350,2370,16.92857143,74,66,"two-contract post-signal scalp: one contract exits at first target, one runner uses selected stop mode and runner target"
1,signal_scaled_scalp:strategy=vwap_delta_exhaustion_fade_4pt_30d_cl0.55:direction=all:first_target_points=1:stop_points=1:runner_target_points=5:runner_stop_mode=initial,vwap_delta_exhaustion_fade_4pt_30d_cl0.55,all,1,1,5,initial,140,140,140,56,84,29,55,0,0,29,0.20714286,3100,2120,15.14285714,74,66,"two-contract post-signal scalp: one contract exits at first target, one runner uses selected stop mode and runner target"
1,signal_scaled_scalp:strategy=vwap_delta_exhaustion_fade_4pt_30d_cl0.55:direction=all:first_target_points=1:stop_points=1.5:runner_target_points=1.5:runner_stop_mode=breakeven,vwap_delta_exhaustion_fade_4pt_30d_cl0.55,all,1,1.5,1.5,breakeven,140,140,140,45,95,59,36,0,0,95,0.67857143,2425,1445,10.32142857,74,66,"two-contract post-signal scalp: one contract exits at first target, one runner uses selected stop mode and runner target"
1,signal_scaled_scalp:strategy=vwap_delta_exhaustion_fade_4pt_30d_cl0.55:direction=all:first_target_points=1:stop_points=1.5:runner_target_points=1.5:runner_stop_mode=initial,vwap_delta_exhaustion_fade_4pt_30d_cl0.55,all,1,1.5,1.5,initial,140,140,140,45,95,84,11,0,0,84,0.6,3475,2495,17.82142857,74,66,"two-contract post-signal scalp: one contract exits at first target, one runner uses selected stop mode and runner target"
1,signal_scaled_scalp:strategy=vwap_delta_exhaustion_fade_4pt_30d_cl0.55:direction=all:first_target_points=1:stop_points=1.5:runner_target_points=2:runner_stop_mode=breakeven,vwap_delta_exhaustion_fade_4pt_30d_cl0.55,all,1,1.5,2,breakeven,140,140,140,45,95,47,48,0,0,95,0.67857143,2700,1720,12.28571429,74,66,"two-contract post-signal scalp: one contract exits at first target, one runner uses selected stop mode and runner target"
1,signal_scaled_scalp:strategy=vwap_delta_exhaustion_fade_4pt_30d_cl0.55:direction=all:first_target_points=1:stop_points=1.5:runner_target_points=2:runner_stop_mode=initial,vwap_delta_exhaustion_fade_4pt_30d_cl0.55,all,1,1.5,2,initial,140,140,140,45,95,72,23,0,0,72,0.51428571,3475,2495,17.82142857,74,66,"two-contract post-signal scalp: one contract exits at first target, one runner uses selected stop mode and runner target"
1,signal_scaled_scalp:strategy=vwap_delta_exhaustion_fade_4pt_30d_cl0.55:direction=all:first_target_points=1:stop_points=1.5:runner_target_points=3:runner_stop_mode=breakeven,vwap_delta_exhaustion_fade_4pt_30d_cl0.55,all,1,1.5,3,breakeven,140,140,140,45,95,32,63,0,0,95,0.67857143,2800,1820,13,74,66,"two-contract post-signal scalp: one contract exits at first target, one runner uses selected stop mode and runner target"
1,signal_scaled_scalp:strategy=vwap_delta_exhaustion_fade_4pt_30d_cl0.55:direction=all:first_target_points=1:stop_points=1.5:runner_target_points=3:runner_stop_mode=initial,vwap_delta_exhaustion_fade_4pt_30d_cl0.55,all,1,1.5,3,initial,140,140,140,45,95,60,35,0,0,60,0.42857143,4375,3395,24.25,74,66,"two-contract post-signal scalp: one contract exits at first target, one runner uses selected stop mode and runner target"
1,signal_scaled_scalp:strategy=vwap_delta_exhaustion_fade_4pt_30d_cl0.55:direction=all:first_target_points=1:stop_points=1.5:runner_target_points=5:runner_stop_mode=breakeven,vwap_delta_exhaustion_fade_4pt_30d_cl0.55,all,1,1.5,5,breakeven,140,140,140,45,95,22,73,0,0,95,0.67857143,3500,2520,18,74,66,"two-contract post-signal scalp: one contract exits at first target, one runner uses selected stop mode and runner target"
1,signal_scaled_scalp:strategy=vwap_delta_exhaustion_fade_4pt_30d_cl0.55:direction=all:first_target_points=1:stop_points=1.5:runner_target_points=5:runner_stop_mode=initial,vwap_delta_exhaustion_fade_4pt_30d_cl0.55,all,1,1.5,5,initial,140,140,140,45,95,41,54,0,0,41,0.29285714,4200,3220,23,74,66,"two-contract post-signal scalp: one contract exits at first target, one runner uses selected stop mode and runner target"
1,signal_scaled_scalp:strategy=vwap_delta_exhaustion_fade_4pt_30d_cl0.55:direction=all:first_target_points=1:stop_points=2:runner_target_points=1.5:runner_stop_mode=breakeven,vwap_delta_exhaustion_fade_4pt_30d_cl0.55,all,1,2,1.5,breakeven,140,140,140,34,106,64,42,0,0,106,0.75714286,3300,2320,16.57142857,74,66,"two-contract post-signal scalp: one contract exits at first target, one runner uses selected stop mode and runner target"
1,signal_scaled_scalp:strategy=vwap_delta_exhaustion_fade_4pt_30d_cl0.55:direction=all:first_target_points=1:stop_points=2:runner_target_points=1.5:runner_stop_mode=initial,vwap_delta_exhaustion_fade_4pt_30d_cl0.55,all,1,2,1.5,initial,140,140,140,34,106,94,12,0,0,94,0.67142857,4350,3370,24.07142857,74,66,"two-contract post-signal scalp: one contract exits at first target, one runner uses selected stop mode and runner target"
1,signal_scaled_scalp:strategy=vwap_delta_exhaustion_fade_4pt_30d_cl0.55:direction=all:first_target_points=1:stop_points=2:runner_target_points=2:runner_stop_mode=breakeven,vwap_delta_exhaustion_fade_4pt_30d_cl0.55,all,1,2,2,breakeven,140,140,140,34,106,50,56,0,0,106,0.75714286,3500,2520,18,74,66,"two-contract post-signal scalp: one contract exits at first target, one runner uses selected stop mode and runner target"
1,signal_scaled_scalp:strategy=vwap_delta_exhaustion_fade_4pt_30d_cl0.55:direction=all:first_target_points=1:stop_points=2:runner_target_points=2:runner_stop_mode=initial,vwap_delta_exhaustion_fade_4pt_30d_cl0.55,all,1,2,2,initial,140,140,140,34,106,80,26,0,0,80,0.57142857,3900,2920,20.85714286,74,66,"two-contract post-signal scalp: one contract exits at first target, one runner uses selected stop mode and runner target"
1,signal_scaled_scalp:strategy=vwap_delta_exhaustion_fade_4pt_30d_cl0.55:direction=all:first_target_points=1:stop_points=2:runner_target_points=3:runner_stop_mode=breakeven,vwap_delta_exhaustion_fade_4pt_30d_cl0.55,all,1,2,3,breakeven,140,140,140,34,106,35,71,0,0,106,0.75714286,3750,2770,19.78571429,74,66,"two-contract post-signal scalp: one contract exits at first target, one runner uses selected stop mode and runner target"
1,signal_scaled_scalp:strategy=vwap_delta_exhaustion_fade_4pt_30d_cl0.55:direction=all:first_target_points=1:stop_points=2:runner_target_points=3:runner_stop_mode=initial,vwap_delta_exhaustion_fade_4pt_30d_cl0.55,all,1,2,3,initial,140,140,140,34,106,67,39,0,0,67,0.47857143,4650,3670,26.21428571,74,66,"two-contract post-signal scalp: one contract exits at first target, one runner uses selected stop mode and runner target"
1,signal_scaled_scalp:strategy=vwap_delta_exhaustion_fade_4pt_30d_cl0.55:direction=all:first_target_points=1:stop_points=2:runner_target_points=5:runner_stop_mode=breakeven,vwap_delta_exhaustion_fade_4pt_30d_cl0.55,all,1,2,5,breakeven,140,140,140,34,106,23,83,0,0,106,0.75714286,4250,3270,23.35714286,74,66,"two-contract post-signal scalp: one contract exits at first target, one runner uses selected stop mode and runner target"
1,signal_scaled_scalp:strategy=vwap_delta_exhaustion_fade_4pt_30d_cl0.55:direction=all:first_target_points=1:stop_points=2:runner_target_points=5:runner_stop_mode=initial,vwap_delta_exhaustion_fade_4pt_30d_cl0.55,all,1,2,5,initial,140,140,140,34,106,47,59,0,0,47,0.33571429,4350,3370,24.07142857,74,66,"two-contract post-signal scalp: one contract exits at first target, one runner uses selected stop mode and runner target"
1,signal_scaled_scalp:strategy=vwap_delta_exhaustion_fade_4pt_30d_cl0.55:direction=all:first_target_points=1.5:stop_points=1:runner_target_points=2:runner_stop_mode=breakeven,vwap_delta_exhaustion_fade_4pt_30d_cl0.55,all,1.5,1,2,breakeven,140,140,140,70,70,52,18,0,0,70,0.5,3450,2470,17.64285714,74,66,"two-contract post-signal scalp: one contract exits at first target, one runner uses selected stop mode and runner target"
1,signal_scaled_scalp:strategy=vwap_delta_exhaustion_fade_4pt_30d_cl0.55:direction=all:first_target_points=1.5:stop_points=1:runner_target_points=2:runner_stop_mode=initial,vwap_delta_exhaustion_fade_4pt_30d_cl0.55,all,1.5,1,2,initial,140,140,140,70,70,60,10,0,0,70,0.5,3750,2770,19.78571429,74,66,"two-contract post-signal scalp: one contract exits at first target, one runner uses selected stop mode and runner target"
1,signal_scaled_scalp:strategy=vwap_delta_exhaustion_fade_4pt_30d_cl0.55:direction=all:first_target_points=1.5:stop_points=1:runner_target_points=3:runner_stop_mode=breakeven,vwap_delta_exhaustion_fade_4pt_30d_cl0.55,all,1.5,1,3,breakeven,140,140,140,70,70,36,34,0,0,70,0.5,3650,2670,19.07142857,74,66,"two-contract post-signal scalp: one contract exits at first target, one runner uses selected stop mode and runner target"
1,signal_scaled_scalp:strategy=vwap_delta_exhaustion_fade_4pt_30d_cl0.55:direction=all:first_target_points=1.5:stop_points=1:runner_target_points=3:runner_stop_mode=initial,vwap_delta_exhaustion_fade_4pt_30d_cl0.55,all,1.5,1,3,initial,140,140,140,70,70,46,24,0,0,70,0.5,3950,2970,21.21428571,74,66,"two-contract post-signal scalp: one contract exits at first target, one runner uses selected stop mode and runner target"
1,signal_scaled_scalp:strategy=vwap_delta_exhaustion_fade_4pt_30d_cl0.55:direction=all:first_target_points=1.5:stop_points=1:runner_target_points=5:runner_stop_mode=breakeven,vwap_delta_exhaustion_fade_4pt_30d_cl0.55,all,1.5,1,5,breakeven,140,140,140,70,70,23,47,0,0,70,0.5,4000,3020,21.57142857,74,66,"two-contract post-signal scalp: one contract exits at first target, one runner uses selected stop mode and runner target"
1,signal_scaled_scalp:strategy=vwap_delta_exhaustion_fade_4pt_30d_cl0.55:direction=all:first_target_points=1.5:stop_points=1:runner_target_points=5:runner_stop_mode=initial,vwap_delta_exhaustion_fade_4pt_30d_cl0.55,all,1.5,1,5,initial,140,140,140,70,70,29,41,0,0,70,0.5,3450,2470,17.64285714,74,66,"two-contract post-signal scalp: one contract exits at first target, one runner uses selected stop mode and runner target"
1,signal_scaled_scalp:strategy=vwap_delta_exhaustion_fade_4pt_30d_cl0.55:direction=all:first_target_points=1.5:stop_points=1.5:runner_target_points=2:runner_stop_mode=breakeven,vwap_delta_exhaustion_fade_4pt_30d_cl0.55,all,1.5,1.5,2,breakeven,140,140,140,56,84,64,20,0,0,84,0.6,4300,3320,23.71428571,74,66,"two-contract post-signal scalp: one contract exits at first target, one runner uses selected stop mode and runner target"
1,signal_scaled_scalp:strategy=vwap_delta_exhaustion_fade_4pt_30d_cl0.55:direction=all:first_target_points=1.5:stop_points=1.5:runner_target_points=2:runner_stop_mode=initial,vwap_delta_exhaustion_fade_4pt_30d_cl0.55,all,1.5,1.5,2,initial,140,140,140,56,84,72,12,0,0,72,0.51428571,4200,3220,23,74,66,"two-contract post-signal scalp: one contract exits at first target, one runner uses selected stop mode and runner target"
1,signal_scaled_scalp:strategy=vwap_delta_exhaustion_fade_4pt_30d_cl0.55:direction=all:first_target_points=1.5:stop_points=1.5:runner_target_points=3:runner_stop_mode=breakeven,vwap_delta_exhaustion_fade_4pt_30d_cl0.55,all,1.5,1.5,3,breakeven,140,140,140,56,84,44,40,0,0,84,0.6,4500,3520,25.14285714,74,66,"two-contract post-signal scalp: one contract exits at first target, one runner uses selected stop mode and runner target"
1,signal_scaled_scalp:strategy=vwap_delta_exhaustion_fade_4pt_30d_cl0.55:direction=all:first_target_points=1.5:stop_points=1.5:runner_target_points=3:runner_stop_mode=initial,vwap_delta_exhaustion_fade_4pt_30d_cl0.55,all,1.5,1.5,3,initial,140,140,140,56,84,60,24,0,0,60,0.42857143,5100,4120,29.42857143,74,66,"two-contract post-signal scalp: one contract exits at first target, one runner uses selected stop mode and runner target"
1,signal_scaled_scalp:strategy=vwap_delta_exhaustion_fade_4pt_30d_cl0.55:direction=all:first_target_points=1.5:stop_points=1.5:runner_target_points=5:runner_stop_mode=breakeven,vwap_delta_exhaustion_fade_4pt_30d_cl0.55,all,1.5,1.5,5,breakeven,140,140,140,56,84,27,57,0,0,84,0.6,4650,3670,26.21428571,74,66,"two-contract post-signal scalp: one contract exits at first target, one runner uses selected stop mode and runner target"
1,signal_scaled_scalp:strategy=vwap_delta_exhaustion_fade_4pt_30d_cl0.55:direction=all:first_target_points=1.5:stop_points=1.5:runner_target_points=5:runner_stop_mode=initial,vwap_delta_exhaustion_fade_4pt_30d_cl0.55,all,1.5,1.5,5,initial,140,140,140,56,84,41,43,0,0,41,0.29285714,4925,3945,28.17857143,74,66,"two-contract post-signal scalp: one contract exits at first target, one runner uses selected stop mode and runner target"
1,signal_scaled_scalp:strategy=vwap_delta_exhaustion_fade_4pt_30d_cl0.55:direction=all:first_target_points=1.5:stop_points=2:runner_target_points=2:runner_stop_mode=breakeven,vwap_delta_exhaustion_fade_4pt_30d_cl0.55,all,1.5,2,2,breakeven,140,140,140,46,94,70,24,0,0,94,0.67142857,4850,3870,27.64285714,74,66,"two-contract post-signal scalp: one contract exits at first target, one runner uses selected stop mode and runner target"
1,signal_scaled_scalp:strategy=vwap_delta_exhaustion_fade_4pt_30d_cl0.55:direction=all:first_target_points=1.5:stop_points=2:runner_target_points=2:runner_stop_mode=initial,vwap_delta_exhaustion_fade_4pt_30d_cl0.55,all,1.5,2,2,initial,140,140,140,46,94,80,14,0,0,80,0.57142857,4450,3470,24.78571429,74,66,"two-contract post-signal scalp: one contract exits at first target, one runner uses selected stop mode and runner target"
1,signal_scaled_scalp:strategy=vwap_delta_exhaustion_fade_4pt_30d_cl0.55:direction=all:first_target_points=1.5:stop_points=2:runner_target_points=3:runner_stop_mode=breakeven,vwap_delta_exhaustion_fade_4pt_30d_cl0.55,all,1.5,2,3,breakeven,140,140,140,46,94,48,46,0,0,94,0.67142857,5050,4070,29.07142857,74,66,"two-contract post-signal scalp: one contract exits at first target, one runner uses selected stop mode and runner target"
1,signal_scaled_scalp:strategy=vwap_delta_exhaustion_fade_4pt_30d_cl0.55:direction=all:first_target_points=1.5:stop_points=2:runner_target_points=3:runner_stop_mode=initial,vwap_delta_exhaustion_fade_4pt_30d_cl0.55,all,1.5,2,3,initial,140,140,140,46,94,67,27,0,0,67,0.47857143,5200,4220,30.14285714,74,66,"two-contract post-signal scalp: one contract exits at first target, one runner uses selected stop mode and runner target"
1,signal_scaled_scalp:strategy=vwap_delta_exhaustion_fade_4pt_30d_cl0.55:direction=all:first_target_points=1.5:stop_points=2:runner_target_points=5:runner_stop_mode=breakeven,vwap_delta_exhaustion_fade_4pt_30d_cl0.55,all,1.5,2,5,breakeven,140,140,140,46,94,28,66,0,0,94,0.67142857,4850,3870,27.64285714,74,66,"two-contract post-signal scalp: one contract exits at first target, one runner uses selected stop mode and runner target"
1,signal_scaled_scalp:strategy=vwap_delta_exhaustion_fade_4pt_30d_cl0.55:direction=all:first_target_points=1.5:stop_points=2:runner_target_points=5:runner_stop_mode=initial,vwap_delta_exhaustion_fade_4pt_30d_cl0.55,all,1.5,2,5,initial,140,140,140,46,94,47,47,0,0,47,0.33571429,4900,3920,28,74,66,"two-contract post-signal scalp: one contract exits at first target, one runner uses selected stop mode and runner target"
