schema_version,experiment_id,strategy_id,direction_filter,first_target_points,stop_points,runner_target_points,runner_stop_mode,input_signal_rows,input_candidates,evaluated_trades,full_stops,first_target_hits,runner_target_hits,runner_stop_exits,end_of_session_exits,other_exits,positive_net_trades,positive_net_rate,gross_usd,net_usd,average_net_usd,long_trades,short_trades,notes
1,signal_scaled_scalp:strategy=random_25_per_day:direction=all:first_target_points=0.5:stop_points=1:runner_target_points=1.5:runner_stop_mode=breakeven,random_25_per_day,all,0.5,1,1.5,breakeven,359,359,359,201,158,92,66,0,0,158,0.44011142,-9250,-11763,-32.76601671,185,174,"two-contract post-signal scalp: one contract exits at first target, one runner uses selected stop mode and runner target"
1,signal_scaled_scalp:strategy=random_25_per_day:direction=all:first_target_points=0.5:stop_points=1:runner_target_points=1.5:runner_stop_mode=initial,random_25_per_day,all,0.5,1,1.5,initial,359,359,359,201,158,118,40,0,0,118,0.32869081,-9300,-11813,-32.90529248,185,174,"two-contract post-signal scalp: one contract exits at first target, one runner uses selected stop mode and runner target"
1,signal_scaled_scalp:strategy=random_25_per_day:direction=all:first_target_points=0.5:stop_points=1:runner_target_points=2:runner_stop_mode=breakeven,random_25_per_day,all,0.5,1,2,breakeven,359,359,359,201,158,67,91,0,0,158,0.44011142,-9450,-11963,-33.32311978,185,174,"two-contract post-signal scalp: one contract exits at first target, one runner uses selected stop mode and runner target"
1,signal_scaled_scalp:strategy=random_25_per_day:direction=all:first_target_points=0.5:stop_points=1:runner_target_points=2:runner_stop_mode=initial,random_25_per_day,all,0.5,1,2,initial,359,359,359,201,158,97,61,0,0,97,0.27019499,-9500,-12013,-33.46239554,185,174,"two-contract post-signal scalp: one contract exits at first target, one runner uses selected stop mode and runner target"
1,signal_scaled_scalp:strategy=random_25_per_day:direction=all:first_target_points=0.5:stop_points=1:runner_target_points=3:runner_stop_mode=breakeven,random_25_per_day,all,0.5,1,3,breakeven,359,359,359,201,158,47,111,0,0,158,0.44011142,-9100,-11613,-32.34818942,185,174,"two-contract post-signal scalp: one contract exits at first target, one runner uses selected stop mode and runner target"
1,signal_scaled_scalp:strategy=random_25_per_day:direction=all:first_target_points=0.5:stop_points=1:runner_target_points=3:runner_stop_mode=initial,random_25_per_day,all,0.5,1,3,initial,359,359,359,201,158,74,84,0,0,74,0.20612813,-9250,-11763,-32.76601671,185,174,"two-contract post-signal scalp: one contract exits at first target, one runner uses selected stop mode and runner target"
1,signal_scaled_scalp:strategy=random_25_per_day:direction=all:first_target_points=0.5:stop_points=1:runner_target_points=5:runner_stop_mode=breakeven,random_25_per_day,all,0.5,1,5,breakeven,359,359,359,201,158,31,127,0,0,158,0.44011142,-8400,-10913,-30.39832869,185,174,"two-contract post-signal scalp: one contract exits at first target, one runner uses selected stop mode and runner target"
1,signal_scaled_scalp:strategy=random_25_per_day:direction=all:first_target_points=0.5:stop_points=1:runner_target_points=5:runner_stop_mode=initial,random_25_per_day,all,0.5,1,5,initial,359,359,359,201,158,47,111,0,0,47,0.13091922,-9950,-12463,-34.71587744,185,174,"two-contract post-signal scalp: one contract exits at first target, one runner uses selected stop mode and runner target"
1,signal_scaled_scalp:strategy=random_25_per_day:direction=all:first_target_points=0.5:stop_points=1.5:runner_target_points=1.5:runner_stop_mode=breakeven,random_25_per_day,all,0.5,1.5,1.5,breakeven,359,359,359,181,178,97,81,0,0,178,0.49582173,-15425,-17938,-49.96657382,185,174,"two-contract post-signal scalp: one contract exits at first target, one runner uses selected stop mode and runner target"
1,signal_scaled_scalp:strategy=random_25_per_day:direction=all:first_target_points=0.5:stop_points=1.5:runner_target_points=1.5:runner_stop_mode=initial,random_25_per_day,all,0.5,1.5,1.5,initial,359,359,359,181,178,136,42,0,0,136,0.37883008,-15650,-18163,-50.59331476,185,174,"two-contract post-signal scalp: one contract exits at first target, one runner uses selected stop mode and runner target"
1,signal_scaled_scalp:strategy=random_25_per_day:direction=all:first_target_points=0.5:stop_points=1.5:runner_target_points=2:runner_stop_mode=breakeven,random_25_per_day,all,0.5,1.5,2,breakeven,359,359,359,181,178,71,107,0,0,178,0.49582173,-15600,-18113,-50.454039,185,174,"two-contract post-signal scalp: one contract exits at first target, one runner uses selected stop mode and runner target"
1,signal_scaled_scalp:strategy=random_25_per_day:direction=all:first_target_points=0.5:stop_points=1.5:runner_target_points=2:runner_stop_mode=initial,random_25_per_day,all,0.5,1.5,2,initial,359,359,359,181,178,113,65,0,0,113,0.31476323,-16275,-18788,-52.33426184,185,174,"two-contract post-signal scalp: one contract exits at first target, one runner uses selected stop mode and runner target"
1,signal_scaled_scalp:strategy=random_25_per_day:direction=all:first_target_points=0.5:stop_points=1.5:runner_target_points=3:runner_stop_mode=breakeven,random_25_per_day,all,0.5,1.5,3,breakeven,359,359,359,181,178,50,128,0,0,178,0.49582173,-15200,-17713,-49.33983287,185,174,"two-contract post-signal scalp: one contract exits at first target, one runner uses selected stop mode and runner target"
1,signal_scaled_scalp:strategy=random_25_per_day:direction=all:first_target_points=0.5:stop_points=1.5:runner_target_points=3:runner_stop_mode=initial,random_25_per_day,all,0.5,1.5,3,initial,359,359,359,181,178,86,92,0,0,86,0.23955432,-16700,-19213,-53.51810585,185,174,"two-contract post-signal scalp: one contract exits at first target, one runner uses selected stop mode and runner target"
1,signal_scaled_scalp:strategy=random_25_per_day:direction=all:first_target_points=0.5:stop_points=1.5:runner_target_points=5:runner_stop_mode=breakeven,random_25_per_day,all,0.5,1.5,5,breakeven,359,359,359,181,178,33,145,0,0,178,0.49582173,-14450,-16963,-47.25069638,185,174,"two-contract post-signal scalp: one contract exits at first target, one runner uses selected stop mode and runner target"
1,signal_scaled_scalp:strategy=random_25_per_day:direction=all:first_target_points=0.5:stop_points=1.5:runner_target_points=5:runner_stop_mode=initial,random_25_per_day,all,0.5,1.5,5,initial,359,359,359,181,178,59,119,0,0,59,0.1643454,-16875,-19388,-54.00557103,185,174,"two-contract post-signal scalp: one contract exits at first target, one runner uses selected stop mode and runner target"
1,signal_scaled_scalp:strategy=random_25_per_day:direction=all:first_target_points=0.5:stop_points=2:runner_target_points=1.5:runner_stop_mode=breakeven,random_25_per_day,all,0.5,2,1.5,breakeven,359,359,359,158,201,100,101,0,0,201,0.55988858,-19075,-21588,-60.13370474,185,174,"two-contract post-signal scalp: one contract exits at first target, one runner uses selected stop mode and runner target"
1,signal_scaled_scalp:strategy=random_25_per_day:direction=all:first_target_points=0.5:stop_points=2:runner_target_points=1.5:runner_stop_mode=initial,random_25_per_day,all,0.5,2,1.5,initial,359,359,359,158,201,154,47,0,0,154,0.42896936,-19725,-22238,-61.94428969,185,174,"two-contract post-signal scalp: one contract exits at first target, one runner uses selected stop mode and runner target"
1,signal_scaled_scalp:strategy=random_25_per_day:direction=all:first_target_points=0.5:stop_points=2:runner_target_points=2:runner_stop_mode=breakeven,random_25_per_day,all,0.5,2,2,breakeven,359,359,359,158,201,74,127,0,0,201,0.55988858,-19175,-21688,-60.41225627,185,174,"two-contract post-signal scalp: one contract exits at first target, one runner uses selected stop mode and runner target"
1,signal_scaled_scalp:strategy=random_25_per_day:direction=all:first_target_points=0.5:stop_points=2:runner_target_points=2:runner_stop_mode=initial,random_25_per_day,all,0.5,2,2,initial,359,359,359,158,201,129,72,0,0,129,0.35933148,-20875,-23388,-65.14763231,185,174,"two-contract post-signal scalp: one contract exits at first target, one runner uses selected stop mode and runner target"
1,signal_scaled_scalp:strategy=random_25_per_day:direction=all:first_target_points=0.5:stop_points=2:runner_target_points=3:runner_stop_mode=breakeven,random_25_per_day,all,0.5,2,3,breakeven,359,359,359,158,201,53,148,0,0,201,0.55988858,-18625,-21138,-58.88022284,185,174,"two-contract post-signal scalp: one contract exits at first target, one runner uses selected stop mode and runner target"
1,signal_scaled_scalp:strategy=random_25_per_day:direction=all:first_target_points=0.5:stop_points=2:runner_target_points=3:runner_stop_mode=initial,random_25_per_day,all,0.5,2,3,initial,359,359,359,158,201,100,101,0,0,100,0.27855153,-21675,-24188,-67.37604457,185,174,"two-contract post-signal scalp: one contract exits at first target, one runner uses selected stop mode and runner target"
1,signal_scaled_scalp:strategy=random_25_per_day:direction=all:first_target_points=0.5:stop_points=2:runner_target_points=5:runner_stop_mode=breakeven,random_25_per_day,all,0.5,2,5,breakeven,359,359,359,158,201,35,166,0,0,201,0.55988858,-17825,-20338,-56.65181058,185,174,"two-contract post-signal scalp: one contract exits at first target, one runner uses selected stop mode and runner target"
1,signal_scaled_scalp:strategy=random_25_per_day:direction=all:first_target_points=0.5:stop_points=2:runner_target_points=5:runner_stop_mode=initial,random_25_per_day,all,0.5,2,5,initial,359,359,359,158,201,72,129,0,0,72,0.2005571,-21475,-23988,-66.8189415,185,174,"two-contract post-signal scalp: one contract exits at first target, one runner uses selected stop mode and runner target"
1,signal_scaled_scalp:strategy=random_25_per_day:direction=all:first_target_points=1:stop_points=1:runner_target_points=1.5:runner_stop_mode=breakeven,random_25_per_day,all,1,1,1.5,breakeven,359,359,359,216,143,102,41,0,0,143,0.39832869,-6800,-9313,-25.94150418,185,174,"two-contract post-signal scalp: one contract exits at first target, one runner uses selected stop mode and runner target"
1,signal_scaled_scalp:strategy=random_25_per_day:direction=all:first_target_points=1:stop_points=1:runner_target_points=1.5:runner_stop_mode=initial,random_25_per_day,all,1,1,1.5,initial,359,359,359,216,143,118,25,0,0,118,0.32869081,-6850,-9363,-26.08077994,185,174,"two-contract post-signal scalp: one contract exits at first target, one runner uses selected stop mode and runner target"
1,signal_scaled_scalp:strategy=random_25_per_day:direction=all:first_target_points=1:stop_points=1:runner_target_points=2:runner_stop_mode=breakeven,random_25_per_day,all,1,1,2,breakeven,359,359,359,216,143,74,69,0,0,143,0.39832869,-7050,-9563,-26.63788301,185,174,"two-contract post-signal scalp: one contract exits at first target, one runner uses selected stop mode and runner target"
1,signal_scaled_scalp:strategy=random_25_per_day:direction=all:first_target_points=1:stop_points=1:runner_target_points=2:runner_stop_mode=initial,random_25_per_day,all,1,1,2,initial,359,359,359,216,143,97,46,0,0,97,0.27019499,-7050,-9563,-26.63788301,185,174,"two-contract post-signal scalp: one contract exits at first target, one runner uses selected stop mode and runner target"
1,signal_scaled_scalp:strategy=random_25_per_day:direction=all:first_target_points=1:stop_points=1:runner_target_points=3:runner_stop_mode=breakeven,random_25_per_day,all,1,1,3,breakeven,359,359,359,216,143,50,93,0,0,143,0.39832869,-6950,-9463,-26.35933148,185,174,"two-contract post-signal scalp: one contract exits at first target, one runner uses selected stop mode and runner target"
1,signal_scaled_scalp:strategy=random_25_per_day:direction=all:first_target_points=1:stop_points=1:runner_target_points=3:runner_stop_mode=initial,random_25_per_day,all,1,1,3,initial,359,359,359,216,143,74,69,0,0,74,0.20612813,-6800,-9313,-25.94150418,185,174,"two-contract post-signal scalp: one contract exits at first target, one runner uses selected stop mode and runner target"
1,signal_scaled_scalp:strategy=random_25_per_day:direction=all:first_target_points=1:stop_points=1:runner_target_points=5:runner_stop_mode=breakeven,random_25_per_day,all,1,1,5,breakeven,359,359,359,216,143,33,110,0,0,143,0.39832869,-6200,-8713,-24.27019499,185,174,"two-contract post-signal scalp: one contract exits at first target, one runner uses selected stop mode and runner target"
1,signal_scaled_scalp:strategy=random_25_per_day:direction=all:first_target_points=1:stop_points=1:runner_target_points=5:runner_stop_mode=initial,random_25_per_day,all,1,1,5,initial,359,359,359,216,143,47,96,0,0,47,0.13091922,-7500,-10013,-27.8913649,185,174,"two-contract post-signal scalp: one contract exits at first target, one runner uses selected stop mode and runner target"
1,signal_scaled_scalp:strategy=random_25_per_day:direction=all:first_target_points=1:stop_points=1.5:runner_target_points=1.5:runner_stop_mode=breakeven,random_25_per_day,all,1,1.5,1.5,breakeven,359,359,359,193,166,116,50,0,0,166,0.46239554,-11950,-14463,-40.28690808,185,174,"two-contract post-signal scalp: one contract exits at first target, one runner uses selected stop mode and runner target"
1,signal_scaled_scalp:strategy=random_25_per_day:direction=all:first_target_points=1:stop_points=1.5:runner_target_points=1.5:runner_stop_mode=initial,random_25_per_day,all,1,1.5,1.5,initial,359,359,359,193,166,136,30,0,0,136,0.37883008,-12700,-15213,-42.37604457,185,174,"two-contract post-signal scalp: one contract exits at first target, one runner uses selected stop mode and runner target"
1,signal_scaled_scalp:strategy=random_25_per_day:direction=all:first_target_points=1:stop_points=1.5:runner_target_points=2:runner_stop_mode=breakeven,random_25_per_day,all,1,1.5,2,breakeven,359,359,359,193,166,85,81,0,0,166,0.46239554,-12150,-14663,-40.84401114,185,174,"two-contract post-signal scalp: one contract exits at first target, one runner uses selected stop mode and runner target"
1,signal_scaled_scalp:strategy=random_25_per_day:direction=all:first_target_points=1:stop_points=1.5:runner_target_points=2:runner_stop_mode=initial,random_25_per_day,all,1,1.5,2,initial,359,359,359,193,166,113,53,0,0,113,0.31476323,-13325,-15838,-44.11699164,185,174,"two-contract post-signal scalp: one contract exits at first target, one runner uses selected stop mode and runner target"
1,signal_scaled_scalp:strategy=random_25_per_day:direction=all:first_target_points=1:stop_points=1.5:runner_target_points=3:runner_stop_mode=breakeven,random_25_per_day,all,1,1.5,3,breakeven,359,359,359,193,166,54,112,0,0,166,0.46239554,-12550,-15063,-41.95821727,185,174,"two-contract post-signal scalp: one contract exits at first target, one runner uses selected stop mode and runner target"
1,signal_scaled_scalp:strategy=random_25_per_day:direction=all:first_target_points=1:stop_points=1.5:runner_target_points=3:runner_stop_mode=initial,random_25_per_day,all,1,1.5,3,initial,359,359,359,193,166,86,80,0,0,86,0.23955432,-13750,-16263,-45.30083565,185,174,"two-contract post-signal scalp: one contract exits at first target, one runner uses selected stop mode and runner target"
1,signal_scaled_scalp:strategy=random_25_per_day:direction=all:first_target_points=1:stop_points=1.5:runner_target_points=5:runner_stop_mode=breakeven,random_25_per_day,all,1,1.5,5,breakeven,359,359,359,193,166,35,131,0,0,166,0.46239554,-11900,-14413,-40.14763231,185,174,"two-contract post-signal scalp: one contract exits at first target, one runner uses selected stop mode and runner target"
1,signal_scaled_scalp:strategy=random_25_per_day:direction=all:first_target_points=1:stop_points=1.5:runner_target_points=5:runner_stop_mode=initial,random_25_per_day,all,1,1.5,5,initial,359,359,359,193,166,59,107,0,0,59,0.1643454,-13925,-16438,-45.78830084,185,174,"two-contract post-signal scalp: one contract exits at first target, one runner uses selected stop mode and runner target"
1,signal_scaled_scalp:strategy=random_25_per_day:direction=all:first_target_points=1:stop_points=2:runner_target_points=1.5:runner_stop_mode=breakeven,random_25_per_day,all,1,2,1.5,breakeven,359,359,359,171,188,125,63,0,0,188,0.52367688,-15425,-17938,-49.96657382,185,174,"two-contract post-signal scalp: one contract exits at first target, one runner uses selected stop mode and runner target"
1,signal_scaled_scalp:strategy=random_25_per_day:direction=all:first_target_points=1:stop_points=2:runner_target_points=1.5:runner_stop_mode=initial,random_25_per_day,all,1,2,1.5,initial,359,359,359,171,188,154,34,0,0,154,0.42896936,-16650,-19163,-53.37883008,185,174,"two-contract post-signal scalp: one contract exits at first target, one runner uses selected stop mode and runner target"
1,signal_scaled_scalp:strategy=random_25_per_day:direction=all:first_target_points=1:stop_points=2:runner_target_points=2:runner_stop_mode=breakeven,random_25_per_day,all,1,2,2,breakeven,359,359,359,171,188,91,97,0,0,188,0.52367688,-15700,-18213,-50.73259053,185,174,"two-contract post-signal scalp: one contract exits at first target, one runner uses selected stop mode and runner target"
1,signal_scaled_scalp:strategy=random_25_per_day:direction=all:first_target_points=1:stop_points=2:runner_target_points=2:runner_stop_mode=initial,random_25_per_day,all,1,2,2,initial,359,359,359,171,188,129,59,0,0,129,0.35933148,-17800,-20313,-56.5821727,185,174,"two-contract post-signal scalp: one contract exits at first target, one runner uses selected stop mode and runner target"
1,signal_scaled_scalp:strategy=random_25_per_day:direction=all:first_target_points=1:stop_points=2:runner_target_points=3:runner_stop_mode=breakeven,random_25_per_day,all,1,2,3,breakeven,359,359,359,171,188,58,130,0,0,188,0.52367688,-16100,-18613,-51.84679666,185,174,"two-contract post-signal scalp: one contract exits at first target, one runner uses selected stop mode and runner target"
1,signal_scaled_scalp:strategy=random_25_per_day:direction=all:first_target_points=1:stop_points=2:runner_target_points=3:runner_stop_mode=initial,random_25_per_day,all,1,2,3,initial,359,359,359,171,188,100,88,0,0,100,0.27855153,-18600,-21113,-58.81058496,185,174,"two-contract post-signal scalp: one contract exits at first target, one runner uses selected stop mode and runner target"
1,signal_scaled_scalp:strategy=random_25_per_day:direction=all:first_target_points=1:stop_points=2:runner_target_points=5:runner_stop_mode=breakeven,random_25_per_day,all,1,2,5,breakeven,359,359,359,171,188,38,150,0,0,188,0.52367688,-15300,-17813,-49.6183844,185,174,"two-contract post-signal scalp: one contract exits at first target, one runner uses selected stop mode and runner target"
1,signal_scaled_scalp:strategy=random_25_per_day:direction=all:first_target_points=1:stop_points=2:runner_target_points=5:runner_stop_mode=initial,random_25_per_day,all,1,2,5,initial,359,359,359,171,188,72,116,0,0,72,0.2005571,-18400,-20913,-58.25348189,185,174,"two-contract post-signal scalp: one contract exits at first target, one runner uses selected stop mode and runner target"
1,signal_scaled_scalp:strategy=random_25_per_day:direction=all:first_target_points=1.5:stop_points=1:runner_target_points=2:runner_stop_mode=breakeven,random_25_per_day,all,1.5,1,2,breakeven,359,359,359,241,118,85,33,0,0,118,0.32869081,-6750,-9263,-25.80222841,185,174,"two-contract post-signal scalp: one contract exits at first target, one runner uses selected stop mode and runner target"
1,signal_scaled_scalp:strategy=random_25_per_day:direction=all:first_target_points=1.5:stop_points=1:runner_target_points=2:runner_stop_mode=initial,random_25_per_day,all,1.5,1,2,initial,359,359,359,241,118,97,21,0,0,118,0.32869081,-6600,-9113,-25.38440111,185,174,"two-contract post-signal scalp: one contract exits at first target, one runner uses selected stop mode and runner target"
1,signal_scaled_scalp:strategy=random_25_per_day:direction=all:first_target_points=1.5:stop_points=1:runner_target_points=3:runner_stop_mode=breakeven,random_25_per_day,all,1.5,1,3,breakeven,359,359,359,241,118,57,61,0,0,118,0.32869081,-6700,-9213,-25.66295265,185,174,"two-contract post-signal scalp: one contract exits at first target, one runner uses selected stop mode and runner target"
1,signal_scaled_scalp:strategy=random_25_per_day:direction=all:first_target_points=1.5:stop_points=1:runner_target_points=3:runner_stop_mode=initial,random_25_per_day,all,1.5,1,3,initial,359,359,359,241,118,74,44,0,0,118,0.32869081,-6350,-8863,-24.68802228,185,174,"two-contract post-signal scalp: one contract exits at first target, one runner uses selected stop mode and runner target"
1,signal_scaled_scalp:strategy=random_25_per_day:direction=all:first_target_points=1.5:stop_points=1:runner_target_points=5:runner_stop_mode=breakeven,random_25_per_day,all,1.5,1,5,breakeven,359,359,359,241,118,36,82,0,0,118,0.32869081,-6250,-8763,-24.40947075,185,174,"two-contract post-signal scalp: one contract exits at first target, one runner uses selected stop mode and runner target"
1,signal_scaled_scalp:strategy=random_25_per_day:direction=all:first_target_points=1.5:stop_points=1:runner_target_points=5:runner_stop_mode=initial,random_25_per_day,all,1.5,1,5,initial,359,359,359,241,118,47,71,0,0,118,0.32869081,-7050,-9563,-26.63788301,185,174,"two-contract post-signal scalp: one contract exits at first target, one runner uses selected stop mode and runner target"
1,signal_scaled_scalp:strategy=random_25_per_day:direction=all:first_target_points=1.5:stop_points=1.5:runner_target_points=2:runner_stop_mode=breakeven,random_25_per_day,all,1.5,1.5,2,breakeven,359,359,359,223,136,99,37,0,0,136,0.37883008,-13350,-15863,-44.18662953,185,174,"two-contract post-signal scalp: one contract exits at first target, one runner uses selected stop mode and runner target"
1,signal_scaled_scalp:strategy=random_25_per_day:direction=all:first_target_points=1.5:stop_points=1.5:runner_target_points=2:runner_stop_mode=initial,random_25_per_day,all,1.5,1.5,2,initial,359,359,359,223,136,113,23,0,0,113,0.31476323,-13675,-16188,-45.09192201,185,174,"two-contract post-signal scalp: one contract exits at first target, one runner uses selected stop mode and runner target"
1,signal_scaled_scalp:strategy=random_25_per_day:direction=all:first_target_points=1.5:stop_points=1.5:runner_target_points=3:runner_stop_mode=breakeven,random_25_per_day,all,1.5,1.5,3,breakeven,359,359,359,223,136,62,74,0,0,136,0.37883008,-13950,-16463,-45.85793872,185,174,"two-contract post-signal scalp: one contract exits at first target, one runner uses selected stop mode and runner target"
1,signal_scaled_scalp:strategy=random_25_per_day:direction=all:first_target_points=1.5:stop_points=1.5:runner_target_points=3:runner_stop_mode=initial,random_25_per_day,all,1.5,1.5,3,initial,359,359,359,223,136,86,50,0,0,86,0.23955432,-14100,-16613,-46.27576602,185,174,"two-contract post-signal scalp: one contract exits at first target, one runner uses selected stop mode and runner target"
1,signal_scaled_scalp:strategy=random_25_per_day:direction=all:first_target_points=1.5:stop_points=1.5:runner_target_points=5:runner_stop_mode=breakeven,random_25_per_day,all,1.5,1.5,5,breakeven,359,359,359,223,136,38,98,0,0,136,0.37883008,-13750,-16263,-45.30083565,185,174,"two-contract post-signal scalp: one contract exits at first target, one runner uses selected stop mode and runner target"
1,signal_scaled_scalp:strategy=random_25_per_day:direction=all:first_target_points=1.5:stop_points=1.5:runner_target_points=5:runner_stop_mode=initial,random_25_per_day,all,1.5,1.5,5,initial,359,359,359,223,136,59,77,0,0,59,0.1643454,-14275,-16788,-46.7632312,185,174,"two-contract post-signal scalp: one contract exits at first target, one runner uses selected stop mode and runner target"
1,signal_scaled_scalp:strategy=random_25_per_day:direction=all:first_target_points=1.5:stop_points=2:runner_target_points=2:runner_stop_mode=breakeven,random_25_per_day,all,1.5,2,2,breakeven,359,359,359,205,154,113,41,0,0,154,0.42896936,-18150,-20663,-57.55710306,185,174,"two-contract post-signal scalp: one contract exits at first target, one runner uses selected stop mode and runner target"
1,signal_scaled_scalp:strategy=random_25_per_day:direction=all:first_target_points=1.5:stop_points=2:runner_target_points=2:runner_stop_mode=initial,random_25_per_day,all,1.5,2,2,initial,359,359,359,205,154,129,25,0,0,129,0.35933148,-19050,-21563,-60.06406685,185,174,"two-contract post-signal scalp: one contract exits at first target, one runner uses selected stop mode and runner target"
1,signal_scaled_scalp:strategy=random_25_per_day:direction=all:first_target_points=1.5:stop_points=2:runner_target_points=3:runner_stop_mode=breakeven,random_25_per_day,all,1.5,2,3,breakeven,359,359,359,205,154,71,83,0,0,154,0.42896936,-18800,-21313,-59.36768802,185,174,"two-contract post-signal scalp: one contract exits at first target, one runner uses selected stop mode and runner target"
1,signal_scaled_scalp:strategy=random_25_per_day:direction=all:first_target_points=1.5:stop_points=2:runner_target_points=3:runner_stop_mode=initial,random_25_per_day,all,1.5,2,3,initial,359,359,359,205,154,100,54,0,0,100,0.27855153,-19850,-22363,-62.29247911,185,174,"two-contract post-signal scalp: one contract exits at first target, one runner uses selected stop mode and runner target"
1,signal_scaled_scalp:strategy=random_25_per_day:direction=all:first_target_points=1.5:stop_points=2:runner_target_points=5:runner_stop_mode=breakeven,random_25_per_day,all,1.5,2,5,breakeven,359,359,359,205,154,45,109,0,0,154,0.42896936,-18200,-20713,-57.69637883,185,174,"two-contract post-signal scalp: one contract exits at first target, one runner uses selected stop mode and runner target"
1,signal_scaled_scalp:strategy=random_25_per_day:direction=all:first_target_points=1.5:stop_points=2:runner_target_points=5:runner_stop_mode=initial,random_25_per_day,all,1.5,2,5,initial,359,359,359,205,154,72,82,0,0,72,0.2005571,-19650,-22163,-61.73537604,185,174,"two-contract post-signal scalp: one contract exits at first target, one runner uses selected stop mode and runner target"
1,signal_scaled_scalp:strategy=vwap_extension_fade_1pt:direction=all:first_target_points=0.5:stop_points=1:runner_target_points=1.5:runner_stop_mode=breakeven,vwap_extension_fade_1pt,all,0.5,1,1.5,breakeven,284,284,284,154,130,75,55,0,0,130,0.45774648,-6525,-8513,-29.97535211,139,145,"two-contract post-signal scalp: one contract exits at first target, one runner uses selected stop mode and runner target"
1,signal_scaled_scalp:strategy=vwap_extension_fade_1pt:direction=all:first_target_points=0.5:stop_points=1:runner_target_points=1.5:runner_stop_mode=initial,vwap_extension_fade_1pt,all,0.5,1,1.5,initial,284,284,284,154,130,96,34,0,0,96,0.33802817,-6650,-8638,-30.41549296,139,145,"two-contract post-signal scalp: one contract exits at first target, one runner uses selected stop mode and runner target"
1,signal_scaled_scalp:strategy=vwap_extension_fade_1pt:direction=all:first_target_points=0.5:stop_points=1:runner_target_points=2:runner_stop_mode=breakeven,vwap_extension_fade_1pt,all,0.5,1,2,breakeven,284,284,284,154,130,62,68,0,0,130,0.45774648,-5950,-7938,-27.95070423,139,145,"two-contract post-signal scalp: one contract exits at first target, one runner uses selected stop mode and runner target"
1,signal_scaled_scalp:strategy=vwap_extension_fade_1pt:direction=all:first_target_points=0.5:stop_points=1:runner_target_points=2:runner_stop_mode=initial,vwap_extension_fade_1pt,all,0.5,1,2,initial,284,284,284,154,130,85,45,0,0,85,0.29929577,-5900,-7888,-27.77464789,139,145,"two-contract post-signal scalp: one contract exits at first target, one runner uses selected stop mode and runner target"
1,signal_scaled_scalp:strategy=vwap_extension_fade_1pt:direction=all:first_target_points=0.5:stop_points=1:runner_target_points=3:runner_stop_mode=breakeven,vwap_extension_fade_1pt,all,0.5,1,3,breakeven,284,284,284,154,130,42,88,0,0,130,0.45774648,-5850,-7838,-27.59859155,139,145,"two-contract post-signal scalp: one contract exits at first target, one runner uses selected stop mode and runner target"
1,signal_scaled_scalp:strategy=vwap_extension_fade_1pt:direction=all:first_target_points=0.5:stop_points=1:runner_target_points=3:runner_stop_mode=initial,vwap_extension_fade_1pt,all,0.5,1,3,initial,284,284,284,154,130,70,60,0,0,70,0.24647887,-4650,-6638,-23.37323944,139,145,"two-contract post-signal scalp: one contract exits at first target, one runner uses selected stop mode and runner target"
1,signal_scaled_scalp:strategy=vwap_extension_fade_1pt:direction=all:first_target_points=0.5:stop_points=1:runner_target_points=5:runner_stop_mode=breakeven,vwap_extension_fade_1pt,all,0.5,1,5,breakeven,284,284,284,154,130,27,103,0,0,130,0.45774648,-5400,-7388,-26.01408451,139,145,"two-contract post-signal scalp: one contract exits at first target, one runner uses selected stop mode and runner target"
1,signal_scaled_scalp:strategy=vwap_extension_fade_1pt:direction=all:first_target_points=0.5:stop_points=1:runner_target_points=5:runner_stop_mode=initial,vwap_extension_fade_1pt,all,0.5,1,5,initial,284,284,284,154,130,49,81,0,0,49,0.17253521,-3950,-5938,-20.9084507,139,145,"two-contract post-signal scalp: one contract exits at first target, one runner uses selected stop mode and runner target"
1,signal_scaled_scalp:strategy=vwap_extension_fade_1pt:direction=all:first_target_points=0.5:stop_points=1.5:runner_target_points=1.5:runner_stop_mode=breakeven,vwap_extension_fade_1pt,all,0.5,1.5,1.5,breakeven,284,284,284,143,141,80,61,0,0,141,0.49647887,-11925,-13913,-48.98943662,139,145,"two-contract post-signal scalp: one contract exits at first target, one runner uses selected stop mode and runner target"
1,signal_scaled_scalp:strategy=vwap_extension_fade_1pt:direction=all:first_target_points=0.5:stop_points=1.5:runner_target_points=1.5:runner_stop_mode=initial,vwap_extension_fade_1pt,all,0.5,1.5,1.5,initial,284,284,284,143,141,110,31,0,0,110,0.38732394,-12000,-13988,-49.25352113,139,145,"two-contract post-signal scalp: one contract exits at first target, one runner uses selected stop mode and runner target"
1,signal_scaled_scalp:strategy=vwap_extension_fade_1pt:direction=all:first_target_points=0.5:stop_points=1.5:runner_target_points=2:runner_stop_mode=breakeven,vwap_extension_fade_1pt,all,0.5,1.5,2,breakeven,284,284,284,143,141,66,75,0,0,141,0.49647887,-11325,-13313,-46.87676056,139,145,"two-contract post-signal scalp: one contract exits at first target, one runner uses selected stop mode and runner target"
1,signal_scaled_scalp:strategy=vwap_extension_fade_1pt:direction=all:first_target_points=0.5:stop_points=1.5:runner_target_points=2:runner_stop_mode=initial,vwap_extension_fade_1pt,all,0.5,1.5,2,initial,284,284,284,143,141,100,41,0,0,100,0.35211268,-11000,-12988,-45.73239437,139,145,"two-contract post-signal scalp: one contract exits at first target, one runner uses selected stop mode and runner target"
1,signal_scaled_scalp:strategy=vwap_extension_fade_1pt:direction=all:first_target_points=0.5:stop_points=1.5:runner_target_points=3:runner_stop_mode=breakeven,vwap_extension_fade_1pt,all,0.5,1.5,3,breakeven,284,284,284,143,141,46,95,0,0,141,0.49647887,-11025,-13013,-45.82042254,139,145,"two-contract post-signal scalp: one contract exits at first target, one runner uses selected stop mode and runner target"
1,signal_scaled_scalp:strategy=vwap_extension_fade_1pt:direction=all:first_target_points=0.5:stop_points=1.5:runner_target_points=3:runner_stop_mode=initial,vwap_extension_fade_1pt,all,0.5,1.5,3,initial,284,284,284,143,141,85,56,0,0,85,0.29929577,-9375,-11363,-40.01056338,139,145,"two-contract post-signal scalp: one contract exits at first target, one runner uses selected stop mode and runner target"
1,signal_scaled_scalp:strategy=vwap_extension_fade_1pt:direction=all:first_target_points=0.5:stop_points=1.5:runner_target_points=5:runner_stop_mode=breakeven,vwap_extension_fade_1pt,all,0.5,1.5,5,breakeven,284,284,284,143,141,31,110,0,0,141,0.49647887,-10175,-12163,-42.82746479,139,145,"two-contract post-signal scalp: one contract exits at first target, one runner uses selected stop mode and runner target"
1,signal_scaled_scalp:strategy=vwap_extension_fade_1pt:direction=all:first_target_points=0.5:stop_points=1.5:runner_target_points=5:runner_stop_mode=initial,vwap_extension_fade_1pt,all,0.5,1.5,5,initial,284,284,284,143,141,62,79,0,0,62,0.21830986,-8350,-10338,-36.40140845,139,145,"two-contract post-signal scalp: one contract exits at first target, one runner uses selected stop mode and runner target"
1,signal_scaled_scalp:strategy=vwap_extension_fade_1pt:direction=all:first_target_points=0.5:stop_points=2:runner_target_points=1.5:runner_stop_mode=breakeven,vwap_extension_fade_1pt,all,0.5,2,1.5,breakeven,284,284,284,128,156,85,71,0,0,156,0.54929577,-15325,-17313,-60.96126761,139,145,"two-contract post-signal scalp: one contract exits at first target, one runner uses selected stop mode and runner target"
1,signal_scaled_scalp:strategy=vwap_extension_fade_1pt:direction=all:first_target_points=0.5:stop_points=2:runner_target_points=1.5:runner_stop_mode=initial,vwap_extension_fade_1pt,all,0.5,2,1.5,initial,284,284,284,128,156,127,29,0,0,127,0.4471831,-15075,-17063,-60.08098592,139,145,"two-contract post-signal scalp: one contract exits at first target, one runner uses selected stop mode and runner target"
1,signal_scaled_scalp:strategy=vwap_extension_fade_1pt:direction=all:first_target_points=0.5:stop_points=2:runner_target_points=2:runner_stop_mode=breakeven,vwap_extension_fade_1pt,all,0.5,2,2,breakeven,284,284,284,128,156,71,85,0,0,156,0.54929577,-14600,-16588,-58.4084507,139,145,"two-contract post-signal scalp: one contract exits at first target, one runner uses selected stop mode and runner target"
1,signal_scaled_scalp:strategy=vwap_extension_fade_1pt:direction=all:first_target_points=0.5:stop_points=2:runner_target_points=2:runner_stop_mode=initial,vwap_extension_fade_1pt,all,0.5,2,2,initial,284,284,284,128,156,118,38,0,0,118,0.41549296,-13700,-15688,-55.23943662,139,145,"two-contract post-signal scalp: one contract exits at first target, one runner uses selected stop mode and runner target"
1,signal_scaled_scalp:strategy=vwap_extension_fade_1pt:direction=all:first_target_points=0.5:stop_points=2:runner_target_points=3:runner_stop_mode=breakeven,vwap_extension_fade_1pt,all,0.5,2,3,breakeven,284,284,284,128,156,50,106,0,0,156,0.54929577,-14200,-16188,-57,139,145,"two-contract post-signal scalp: one contract exits at first target, one runner uses selected stop mode and runner target"
1,signal_scaled_scalp:strategy=vwap_extension_fade_1pt:direction=all:first_target_points=0.5:stop_points=2:runner_target_points=3:runner_stop_mode=initial,vwap_extension_fade_1pt,all,0.5,2,3,initial,284,284,284,128,156,102,54,0,0,102,0.35915493,-11800,-13788,-48.54929577,139,145,"two-contract post-signal scalp: one contract exits at first target, one runner uses selected stop mode and runner target"
1,signal_scaled_scalp:strategy=vwap_extension_fade_1pt:direction=all:first_target_points=0.5:stop_points=2:runner_target_points=5:runner_stop_mode=breakeven,vwap_extension_fade_1pt,all,0.5,2,5,breakeven,284,284,284,128,156,34,122,0,0,156,0.54929577,-13200,-15188,-53.47887324,139,145,"two-contract post-signal scalp: one contract exits at first target, one runner uses selected stop mode and runner target"
1,signal_scaled_scalp:strategy=vwap_extension_fade_1pt:direction=all:first_target_points=0.5:stop_points=2:runner_target_points=5:runner_stop_mode=initial,vwap_extension_fade_1pt,all,0.5,2,5,initial,284,284,284,128,156,77,79,0,0,77,0.27112676,-10350,-12338,-43.44366197,139,145,"two-contract post-signal scalp: one contract exits at first target, one runner uses selected stop mode and runner target"
1,signal_scaled_scalp:strategy=vwap_extension_fade_1pt:direction=all:first_target_points=1:stop_points=1:runner_target_points=1.5:runner_stop_mode=breakeven,vwap_extension_fade_1pt,all,1,1,1.5,breakeven,284,284,284,168,116,85,31,0,0,116,0.4084507,-4625,-6613,-23.28521127,139,145,"two-contract post-signal scalp: one contract exits at first target, one runner uses selected stop mode and runner target"
1,signal_scaled_scalp:strategy=vwap_extension_fade_1pt:direction=all:first_target_points=1:stop_points=1:runner_target_points=1.5:runner_stop_mode=initial,vwap_extension_fade_1pt,all,1,1,1.5,initial,284,284,284,168,116,96,20,0,0,96,0.33802817,-4800,-6788,-23.90140845,139,145,"two-contract post-signal scalp: one contract exits at first target, one runner uses selected stop mode and runner target"
1,signal_scaled_scalp:strategy=vwap_extension_fade_1pt:direction=all:first_target_points=1:stop_points=1:runner_target_points=2:runner_stop_mode=breakeven,vwap_extension_fade_1pt,all,1,1,2,breakeven,284,284,284,168,116,70,46,0,0,116,0.4084507,-4000,-5988,-21.08450704,139,145,"two-contract post-signal scalp: one contract exits at first target, one runner uses selected stop mode and runner target"
1,signal_scaled_scalp:strategy=vwap_extension_fade_1pt:direction=all:first_target_points=1:stop_points=1:runner_target_points=2:runner_stop_mode=initial,vwap_extension_fade_1pt,all,1,1,2,initial,284,284,284,168,116,85,31,0,0,85,0.29929577,-4050,-6038,-21.26056338,139,145,"two-contract post-signal scalp: one contract exits at first target, one runner uses selected stop mode and runner target"
1,signal_scaled_scalp:strategy=vwap_extension_fade_1pt:direction=all:first_target_points=1:stop_points=1:runner_target_points=3:runner_stop_mode=breakeven,vwap_extension_fade_1pt,all,1,1,3,breakeven,284,284,284,168,116,50,66,0,0,116,0.4084507,-3500,-5488,-19.32394366,139,145,"two-contract post-signal scalp: one contract exits at first target, one runner uses selected stop mode and runner target"
1,signal_scaled_scalp:strategy=vwap_extension_fade_1pt:direction=all:first_target_points=1:stop_points=1:runner_target_points=3:runner_stop_mode=initial,vwap_extension_fade_1pt,all,1,1,3,initial,284,284,284,168,116,70,46,0,0,70,0.24647887,-2800,-4788,-16.85915493,139,145,"two-contract post-signal scalp: one contract exits at first target, one runner uses selected stop mode and runner target"
1,signal_scaled_scalp:strategy=vwap_extension_fade_1pt:direction=all:first_target_points=1:stop_points=1:runner_target_points=5:runner_stop_mode=breakeven,vwap_extension_fade_1pt,all,1,1,5,breakeven,284,284,284,168,116,29,87,0,0,116,0.4084507,-3750,-5738,-20.20422535,139,145,"two-contract post-signal scalp: one contract exits at first target, one runner uses selected stop mode and runner target"
1,signal_scaled_scalp:strategy=vwap_extension_fade_1pt:direction=all:first_target_points=1:stop_points=1:runner_target_points=5:runner_stop_mode=initial,vwap_extension_fade_1pt,all,1,1,5,initial,284,284,284,168,116,49,67,0,0,49,0.17253521,-2100,-4088,-14.3943662,139,145,"two-contract post-signal scalp: one contract exits at first target, one runner uses selected stop mode and runner target"
1,signal_scaled_scalp:strategy=vwap_extension_fade_1pt:direction=all:first_target_points=1:stop_points=1.5:runner_target_points=1.5:runner_stop_mode=breakeven,vwap_extension_fade_1pt,all,1,1.5,1.5,breakeven,284,284,284,157,127,91,36,0,0,127,0.4471831,-10375,-12363,-43.53169014,139,145,"two-contract post-signal scalp: one contract exits at first target, one runner uses selected stop mode and runner target"
1,signal_scaled_scalp:strategy=vwap_extension_fade_1pt:direction=all:first_target_points=1:stop_points=1.5:runner_target_points=1.5:runner_stop_mode=initial,vwap_extension_fade_1pt,all,1,1.5,1.5,initial,284,284,284,157,127,110,17,0,0,110,0.38732394,-10225,-12213,-43.00352113,139,145,"two-contract post-signal scalp: one contract exits at first target, one runner uses selected stop mode and runner target"
1,signal_scaled_scalp:strategy=vwap_extension_fade_1pt:direction=all:first_target_points=1:stop_points=1.5:runner_target_points=2:runner_stop_mode=breakeven,vwap_extension_fade_1pt,all,1,1.5,2,breakeven,284,284,284,157,127,74,53,0,0,127,0.4471831,-9800,-11788,-41.50704225,139,145,"two-contract post-signal scalp: one contract exits at first target, one runner uses selected stop mode and runner target"
1,signal_scaled_scalp:strategy=vwap_extension_fade_1pt:direction=all:first_target_points=1:stop_points=1.5:runner_target_points=2:runner_stop_mode=initial,vwap_extension_fade_1pt,all,1,1.5,2,initial,284,284,284,157,127,100,27,0,0,100,0.35211268,-9225,-11213,-39.48239437,139,145,"two-contract post-signal scalp: one contract exits at first target, one runner uses selected stop mode and runner target"
1,signal_scaled_scalp:strategy=vwap_extension_fade_1pt:direction=all:first_target_points=1:stop_points=1.5:runner_target_points=3:runner_stop_mode=breakeven,vwap_extension_fade_1pt,all,1,1.5,3,breakeven,284,284,284,157,127,54,73,0,0,127,0.4471831,-9100,-11088,-39.04225352,139,145,"two-contract post-signal scalp: one contract exits at first target, one runner uses selected stop mode and runner target"
1,signal_scaled_scalp:strategy=vwap_extension_fade_1pt:direction=all:first_target_points=1:stop_points=1.5:runner_target_points=3:runner_stop_mode=initial,vwap_extension_fade_1pt,all,1,1.5,3,initial,284,284,284,157,127,85,42,0,0,85,0.29929577,-7600,-9588,-33.76056338,139,145,"two-contract post-signal scalp: one contract exits at first target, one runner uses selected stop mode and runner target"
1,signal_scaled_scalp:strategy=vwap_extension_fade_1pt:direction=all:first_target_points=1:stop_points=1.5:runner_target_points=5:runner_stop_mode=breakeven,vwap_extension_fade_1pt,all,1,1.5,5,breakeven,284,284,284,157,127,33,94,0,0,127,0.4471831,-8950,-10938,-38.51408451,139,145,"two-contract post-signal scalp: one contract exits at first target, one runner uses selected stop mode and runner target"
1,signal_scaled_scalp:strategy=vwap_extension_fade_1pt:direction=all:first_target_points=1:stop_points=1.5:runner_target_points=5:runner_stop_mode=initial,vwap_extension_fade_1pt,all,1,1.5,5,initial,284,284,284,157,127,62,65,0,0,62,0.21830986,-6575,-8563,-30.15140845,139,145,"two-contract post-signal scalp: one contract exits at first target, one runner uses selected stop mode and runner target"
1,signal_scaled_scalp:strategy=vwap_extension_fade_1pt:direction=all:first_target_points=1:stop_points=2:runner_target_points=1.5:runner_stop_mode=breakeven,vwap_extension_fade_1pt,all,1,2,1.5,breakeven,284,284,284,141,143,101,42,0,0,143,0.50352113,-13475,-15463,-54.4471831,139,145,"two-contract post-signal scalp: one contract exits at first target, one runner uses selected stop mode and runner target"
1,signal_scaled_scalp:strategy=vwap_extension_fade_1pt:direction=all:first_target_points=1:stop_points=2:runner_target_points=1.5:runner_stop_mode=initial,vwap_extension_fade_1pt,all,1,2,1.5,initial,284,284,284,141,143,127,16,0,0,127,0.4471831,-13125,-15113,-53.21478873,139,145,"two-contract post-signal scalp: one contract exits at first target, one runner uses selected stop mode and runner target"
1,signal_scaled_scalp:strategy=vwap_extension_fade_1pt:direction=all:first_target_points=1:stop_points=2:runner_target_points=2:runner_stop_mode=breakeven,vwap_extension_fade_1pt,all,1,2,2,breakeven,284,284,284,141,143,83,60,0,0,143,0.50352113,-12750,-14738,-51.8943662,139,145,"two-contract post-signal scalp: one contract exits at first target, one runner uses selected stop mode and runner target"
1,signal_scaled_scalp:strategy=vwap_extension_fade_1pt:direction=all:first_target_points=1:stop_points=2:runner_target_points=2:runner_stop_mode=initial,vwap_extension_fade_1pt,all,1,2,2,initial,284,284,284,141,143,118,25,0,0,118,0.41549296,-11750,-13738,-48.37323944,139,145,"two-contract post-signal scalp: one contract exits at first target, one runner uses selected stop mode and runner target"
1,signal_scaled_scalp:strategy=vwap_extension_fade_1pt:direction=all:first_target_points=1:stop_points=2:runner_target_points=3:runner_stop_mode=breakeven,vwap_extension_fade_1pt,all,1,2,3,breakeven,284,284,284,141,143,58,85,0,0,143,0.50352113,-12350,-14338,-50.48591549,139,145,"two-contract post-signal scalp: one contract exits at first target, one runner uses selected stop mode and runner target"
1,signal_scaled_scalp:strategy=vwap_extension_fade_1pt:direction=all:first_target_points=1:stop_points=2:runner_target_points=3:runner_stop_mode=initial,vwap_extension_fade_1pt,all,1,2,3,initial,284,284,284,141,143,102,41,0,0,102,0.35915493,-9850,-11838,-41.68309859,139,145,"two-contract post-signal scalp: one contract exits at first target, one runner uses selected stop mode and runner target"
1,signal_scaled_scalp:strategy=vwap_extension_fade_1pt:direction=all:first_target_points=1:stop_points=2:runner_target_points=5:runner_stop_mode=breakeven,vwap_extension_fade_1pt,all,1,2,5,breakeven,284,284,284,141,143,36,107,0,0,143,0.50352113,-12050,-14038,-49.42957746,139,145,"two-contract post-signal scalp: one contract exits at first target, one runner uses selected stop mode and runner target"
1,signal_scaled_scalp:strategy=vwap_extension_fade_1pt:direction=all:first_target_points=1:stop_points=2:runner_target_points=5:runner_stop_mode=initial,vwap_extension_fade_1pt,all,1,2,5,initial,284,284,284,141,143,77,66,0,0,77,0.27112676,-8400,-10388,-36.57746479,139,145,"two-contract post-signal scalp: one contract exits at first target, one runner uses selected stop mode and runner target"
1,signal_scaled_scalp:strategy=vwap_extension_fade_1pt:direction=all:first_target_points=1.5:stop_points=1:runner_target_points=2:runner_stop_mode=breakeven,vwap_extension_fade_1pt,all,1.5,1,2,breakeven,284,284,284,188,96,77,19,0,0,96,0.33802817,-3900,-5888,-20.73239437,139,145,"two-contract post-signal scalp: one contract exits at first target, one runner uses selected stop mode and runner target"
1,signal_scaled_scalp:strategy=vwap_extension_fade_1pt:direction=all:first_target_points=1.5:stop_points=1:runner_target_points=2:runner_stop_mode=initial,vwap_extension_fade_1pt,all,1.5,1,2,initial,284,284,284,188,96,85,11,0,0,96,0.33802817,-3650,-5638,-19.85211268,139,145,"two-contract post-signal scalp: one contract exits at first target, one runner uses selected stop mode and runner target"
1,signal_scaled_scalp:strategy=vwap_extension_fade_1pt:direction=all:first_target_points=1.5:stop_points=1:runner_target_points=3:runner_stop_mode=breakeven,vwap_extension_fade_1pt,all,1.5,1,3,breakeven,284,284,284,188,96,55,41,0,0,96,0.33802817,-3350,-5338,-18.79577465,139,145,"two-contract post-signal scalp: one contract exits at first target, one runner uses selected stop mode and runner target"
1,signal_scaled_scalp:strategy=vwap_extension_fade_1pt:direction=all:first_target_points=1.5:stop_points=1:runner_target_points=3:runner_stop_mode=initial,vwap_extension_fade_1pt,all,1.5,1,3,initial,284,284,284,188,96,70,26,0,0,96,0.33802817,-2400,-4388,-15.45070423,139,145,"two-contract post-signal scalp: one contract exits at first target, one runner uses selected stop mode and runner target"
1,signal_scaled_scalp:strategy=vwap_extension_fade_1pt:direction=all:first_target_points=1.5:stop_points=1:runner_target_points=5:runner_stop_mode=breakeven,vwap_extension_fade_1pt,all,1.5,1,5,breakeven,284,284,284,188,96,32,64,0,0,96,0.33802817,-3600,-5588,-19.67605634,139,145,"two-contract post-signal scalp: one contract exits at first target, one runner uses selected stop mode and runner target"
1,signal_scaled_scalp:strategy=vwap_extension_fade_1pt:direction=all:first_target_points=1.5:stop_points=1:runner_target_points=5:runner_stop_mode=initial,vwap_extension_fade_1pt,all,1.5,1,5,initial,284,284,284,188,96,49,47,0,0,96,0.33802817,-1700,-3688,-12.98591549,139,145,"two-contract post-signal scalp: one contract exits at first target, one runner uses selected stop mode and runner target"
1,signal_scaled_scalp:strategy=vwap_extension_fade_1pt:direction=all:first_target_points=1.5:stop_points=1.5:runner_target_points=2:runner_stop_mode=breakeven,vwap_extension_fade_1pt,all,1.5,1.5,2,breakeven,284,284,284,174,110,88,22,0,0,110,0.38732394,-9050,-11038,-38.86619718,139,145,"two-contract post-signal scalp: one contract exits at first target, one runner uses selected stop mode and runner target"
1,signal_scaled_scalp:strategy=vwap_extension_fade_1pt:direction=all:first_target_points=1.5:stop_points=1.5:runner_target_points=2:runner_stop_mode=initial,vwap_extension_fade_1pt,all,1.5,1.5,2,initial,284,284,284,174,110,100,10,0,0,100,0.35211268,-8600,-10588,-37.28169014,139,145,"two-contract post-signal scalp: one contract exits at first target, one runner uses selected stop mode and runner target"
1,signal_scaled_scalp:strategy=vwap_extension_fade_1pt:direction=all:first_target_points=1.5:stop_points=1.5:runner_target_points=3:runner_stop_mode=breakeven,vwap_extension_fade_1pt,all,1.5,1.5,3,breakeven,284,284,284,174,110,65,45,0,0,110,0.38732394,-8100,-10088,-35.52112676,139,145,"two-contract post-signal scalp: one contract exits at first target, one runner uses selected stop mode and runner target"
1,signal_scaled_scalp:strategy=vwap_extension_fade_1pt:direction=all:first_target_points=1.5:stop_points=1.5:runner_target_points=3:runner_stop_mode=initial,vwap_extension_fade_1pt,all,1.5,1.5,3,initial,284,284,284,174,110,85,25,0,0,85,0.29929577,-6975,-8963,-31.55985915,139,145,"two-contract post-signal scalp: one contract exits at first target, one runner uses selected stop mode and runner target"
1,signal_scaled_scalp:strategy=vwap_extension_fade_1pt:direction=all:first_target_points=1.5:stop_points=1.5:runner_target_points=5:runner_stop_mode=breakeven,vwap_extension_fade_1pt,all,1.5,1.5,5,breakeven,284,284,284,174,110,41,69,0,0,110,0.38732394,-7600,-9588,-33.76056338,139,145,"two-contract post-signal scalp: one contract exits at first target, one runner uses selected stop mode and runner target"
1,signal_scaled_scalp:strategy=vwap_extension_fade_1pt:direction=all:first_target_points=1.5:stop_points=1.5:runner_target_points=5:runner_stop_mode=initial,vwap_extension_fade_1pt,all,1.5,1.5,5,initial,284,284,284,174,110,62,48,0,0,62,0.21830986,-5950,-7938,-27.95070423,139,145,"two-contract post-signal scalp: one contract exits at first target, one runner uses selected stop mode and runner target"
1,signal_scaled_scalp:strategy=vwap_extension_fade_1pt:direction=all:first_target_points=1.5:stop_points=2:runner_target_points=2:runner_stop_mode=breakeven,vwap_extension_fade_1pt,all,1.5,2,2,breakeven,284,284,284,157,127,101,26,0,0,127,0.4471831,-11775,-13763,-48.46126761,139,145,"two-contract post-signal scalp: one contract exits at first target, one runner uses selected stop mode and runner target"
1,signal_scaled_scalp:strategy=vwap_extension_fade_1pt:direction=all:first_target_points=1.5:stop_points=2:runner_target_points=2:runner_stop_mode=initial,vwap_extension_fade_1pt,all,1.5,2,2,initial,284,284,284,157,127,118,9,0,0,118,0.41549296,-10975,-12963,-45.6443662,139,145,"two-contract post-signal scalp: one contract exits at first target, one runner uses selected stop mode and runner target"
1,signal_scaled_scalp:strategy=vwap_extension_fade_1pt:direction=all:first_target_points=1.5:stop_points=2:runner_target_points=3:runner_stop_mode=breakeven,vwap_extension_fade_1pt,all,1.5,2,3,breakeven,284,284,284,157,127,71,56,0,0,127,0.4471831,-11225,-13213,-46.52464789,139,145,"two-contract post-signal scalp: one contract exits at first target, one runner uses selected stop mode and runner target"
1,signal_scaled_scalp:strategy=vwap_extension_fade_1pt:direction=all:first_target_points=1.5:stop_points=2:runner_target_points=3:runner_stop_mode=initial,vwap_extension_fade_1pt,all,1.5,2,3,initial,284,284,284,157,127,102,25,0,0,102,0.35915493,-9075,-11063,-38.95422535,139,145,"two-contract post-signal scalp: one contract exits at first target, one runner uses selected stop mode and runner target"
1,signal_scaled_scalp:strategy=vwap_extension_fade_1pt:direction=all:first_target_points=1.5:stop_points=2:runner_target_points=5:runner_stop_mode=breakeven,vwap_extension_fade_1pt,all,1.5,2,5,breakeven,284,284,284,157,127,45,82,0,0,127,0.4471831,-10625,-12613,-44.41197183,139,145,"two-contract post-signal scalp: one contract exits at first target, one runner uses selected stop mode and runner target"
1,signal_scaled_scalp:strategy=vwap_extension_fade_1pt:direction=all:first_target_points=1.5:stop_points=2:runner_target_points=5:runner_stop_mode=initial,vwap_extension_fade_1pt,all,1.5,2,5,initial,284,284,284,157,127,77,50,0,0,77,0.27112676,-7625,-9613,-33.84859155,139,145,"two-contract post-signal scalp: one contract exits at first target, one runner uses selected stop mode and runner target"
1,signal_scaled_scalp:strategy=vwap_extension_fade_2pt:direction=all:first_target_points=0.5:stop_points=1:runner_target_points=1.5:runner_stop_mode=breakeven,vwap_extension_fade_2pt,all,0.5,1,1.5,breakeven,270,270,270,139,131,72,59,0,0,131,0.48518519,-5225,-7115,-26.35185185,130,140,"two-contract post-signal scalp: one contract exits at first target, one runner uses selected stop mode and runner target"
1,signal_scaled_scalp:strategy=vwap_extension_fade_2pt:direction=all:first_target_points=0.5:stop_points=1:runner_target_points=1.5:runner_stop_mode=initial,vwap_extension_fade_2pt,all,0.5,1,1.5,initial,270,270,270,139,131,91,40,0,0,91,0.33703704,-5800,-7690,-28.48148148,130,140,"two-contract post-signal scalp: one contract exits at first target, one runner uses selected stop mode and runner target"
1,signal_scaled_scalp:strategy=vwap_extension_fade_2pt:direction=all:first_target_points=0.5:stop_points=1:runner_target_points=2:runner_stop_mode=breakeven,vwap_extension_fade_2pt,all,0.5,1,2,breakeven,270,270,270,139,131,65,66,0,0,131,0.48518519,-4125,-6015,-22.27777778,130,140,"two-contract post-signal scalp: one contract exits at first target, one runner uses selected stop mode and runner target"
1,signal_scaled_scalp:strategy=vwap_extension_fade_2pt:direction=all:first_target_points=0.5:stop_points=1:runner_target_points=2:runner_stop_mode=initial,vwap_extension_fade_2pt,all,0.5,1,2,initial,270,270,270,139,131,85,46,0,0,85,0.31481481,-4425,-6315,-23.38888889,130,140,"two-contract post-signal scalp: one contract exits at first target, one runner uses selected stop mode and runner target"
1,signal_scaled_scalp:strategy=vwap_extension_fade_2pt:direction=all:first_target_points=0.5:stop_points=1:runner_target_points=3:runner_stop_mode=breakeven,vwap_extension_fade_2pt,all,0.5,1,3,breakeven,270,270,270,139,131,45,86,0,0,131,0.48518519,-3875,-5765,-21.35185185,130,140,"two-contract post-signal scalp: one contract exits at first target, one runner uses selected stop mode and runner target"
1,signal_scaled_scalp:strategy=vwap_extension_fade_2pt:direction=all:first_target_points=0.5:stop_points=1:runner_target_points=3:runner_stop_mode=initial,vwap_extension_fade_2pt,all,0.5,1,3,initial,270,270,270,139,131,67,64,0,0,67,0.24814815,-3775,-5665,-20.98148148,130,140,"two-contract post-signal scalp: one contract exits at first target, one runner uses selected stop mode and runner target"
1,signal_scaled_scalp:strategy=vwap_extension_fade_2pt:direction=all:first_target_points=0.5:stop_points=1:runner_target_points=5:runner_stop_mode=breakeven,vwap_extension_fade_2pt,all,0.5,1,5,breakeven,270,270,270,139,131,29,102,0,0,131,0.48518519,-3375,-5265,-19.5,130,140,"two-contract post-signal scalp: one contract exits at first target, one runner uses selected stop mode and runner target"
1,signal_scaled_scalp:strategy=vwap_extension_fade_2pt:direction=all:first_target_points=0.5:stop_points=1:runner_target_points=5:runner_stop_mode=initial,vwap_extension_fade_2pt,all,0.5,1,5,initial,270,270,270,139,131,50,81,0,0,50,0.18518519,-2175,-4065,-15.05555556,130,140,"two-contract post-signal scalp: one contract exits at first target, one runner uses selected stop mode and runner target"
1,signal_scaled_scalp:strategy=vwap_extension_fade_2pt:direction=all:first_target_points=0.5:stop_points=1.5:runner_target_points=1.5:runner_stop_mode=breakeven,vwap_extension_fade_2pt,all,0.5,1.5,1.5,breakeven,270,270,270,121,149,76,73,0,0,149,0.55185185,-8725,-10615,-39.31481481,130,140,"two-contract post-signal scalp: one contract exits at first target, one runner uses selected stop mode and runner target"
1,signal_scaled_scalp:strategy=vwap_extension_fade_2pt:direction=all:first_target_points=0.5:stop_points=1.5:runner_target_points=1.5:runner_stop_mode=initial,vwap_extension_fade_2pt,all,0.5,1.5,1.5,initial,270,270,270,121,149,107,42,0,0,107,0.3962963,-9550,-11440,-42.37037037,130,140,"two-contract post-signal scalp: one contract exits at first target, one runner uses selected stop mode and runner target"
1,signal_scaled_scalp:strategy=vwap_extension_fade_2pt:direction=all:first_target_points=0.5:stop_points=1.5:runner_target_points=2:runner_stop_mode=breakeven,vwap_extension_fade_2pt,all,0.5,1.5,2,breakeven,270,270,270,121,149,69,80,0,0,149,0.55185185,-7525,-9415,-34.87037037,130,140,"two-contract post-signal scalp: one contract exits at first target, one runner uses selected stop mode and runner target"
1,signal_scaled_scalp:strategy=vwap_extension_fade_2pt:direction=all:first_target_points=0.5:stop_points=1.5:runner_target_points=2:runner_stop_mode=initial,vwap_extension_fade_2pt,all,0.5,1.5,2,initial,270,270,270,121,149,101,48,0,0,101,0.37407407,-7925,-9815,-36.35185185,130,140,"two-contract post-signal scalp: one contract exits at first target, one runner uses selected stop mode and runner target"
1,signal_scaled_scalp:strategy=vwap_extension_fade_2pt:direction=all:first_target_points=0.5:stop_points=1.5:runner_target_points=3:runner_stop_mode=breakeven,vwap_extension_fade_2pt,all,0.5,1.5,3,breakeven,270,270,270,121,149,49,100,0,0,149,0.55185185,-7075,-8965,-33.2037037,130,140,"two-contract post-signal scalp: one contract exits at first target, one runner uses selected stop mode and runner target"
1,signal_scaled_scalp:strategy=vwap_extension_fade_2pt:direction=all:first_target_points=0.5:stop_points=1.5:runner_target_points=3:runner_stop_mode=initial,vwap_extension_fade_2pt,all,0.5,1.5,3,initial,270,270,270,121,149,83,66,0,0,83,0.30740741,-6925,-8815,-32.64814815,130,140,"two-contract post-signal scalp: one contract exits at first target, one runner uses selected stop mode and runner target"
1,signal_scaled_scalp:strategy=vwap_extension_fade_2pt:direction=all:first_target_points=0.5:stop_points=1.5:runner_target_points=5:runner_stop_mode=breakeven,vwap_extension_fade_2pt,all,0.5,1.5,5,breakeven,270,270,270,121,149,33,116,0,0,149,0.55185185,-6175,-8065,-29.87037037,130,140,"two-contract post-signal scalp: one contract exits at first target, one runner uses selected stop mode and runner target"
1,signal_scaled_scalp:strategy=vwap_extension_fade_2pt:direction=all:first_target_points=0.5:stop_points=1.5:runner_target_points=5:runner_stop_mode=initial,vwap_extension_fade_2pt,all,0.5,1.5,5,initial,270,270,270,121,149,62,87,0,0,62,0.22962963,-5450,-7340,-27.18518519,130,140,"two-contract post-signal scalp: one contract exits at first target, one runner uses selected stop mode and runner target"
1,signal_scaled_scalp:strategy=vwap_extension_fade_2pt:direction=all:first_target_points=0.5:stop_points=2:runner_target_points=1.5:runner_stop_mode=breakeven,vwap_extension_fade_2pt,all,0.5,2,1.5,breakeven,270,270,270,103,167,80,87,0,0,167,0.61851852,-10425,-12315,-45.61111111,130,140,"two-contract post-signal scalp: one contract exits at first target, one runner uses selected stop mode and runner target"
1,signal_scaled_scalp:strategy=vwap_extension_fade_2pt:direction=all:first_target_points=0.5:stop_points=2:runner_target_points=1.5:runner_stop_mode=initial,vwap_extension_fade_2pt,all,0.5,2,1.5,initial,270,270,270,103,167,127,40,0,0,127,0.47037037,-10900,-12790,-47.37037037,130,140,"two-contract post-signal scalp: one contract exits at first target, one runner uses selected stop mode and runner target"
1,signal_scaled_scalp:strategy=vwap_extension_fade_2pt:direction=all:first_target_points=0.5:stop_points=2:runner_target_points=2:runner_stop_mode=breakeven,vwap_extension_fade_2pt,all,0.5,2,2,breakeven,270,270,270,103,167,73,94,0,0,167,0.61851852,-9125,-11015,-40.7962963,130,140,"two-contract post-signal scalp: one contract exits at first target, one runner uses selected stop mode and runner target"
1,signal_scaled_scalp:strategy=vwap_extension_fade_2pt:direction=all:first_target_points=0.5:stop_points=2:runner_target_points=2:runner_stop_mode=initial,vwap_extension_fade_2pt,all,0.5,2,2,initial,270,270,270,103,167,122,45,0,0,122,0.45185185,-8725,-10615,-39.31481481,130,140,"two-contract post-signal scalp: one contract exits at first target, one runner uses selected stop mode and runner target"
1,signal_scaled_scalp:strategy=vwap_extension_fade_2pt:direction=all:first_target_points=0.5:stop_points=2:runner_target_points=3:runner_stop_mode=breakeven,vwap_extension_fade_2pt,all,0.5,2,3,breakeven,270,270,270,103,167,52,115,0,0,167,0.61851852,-8625,-10515,-38.94444444,130,140,"two-contract post-signal scalp: one contract exits at first target, one runner uses selected stop mode and runner target"
1,signal_scaled_scalp:strategy=vwap_extension_fade_2pt:direction=all:first_target_points=0.5:stop_points=2:runner_target_points=3:runner_stop_mode=initial,vwap_extension_fade_2pt,all,0.5,2,3,initial,270,270,270,103,167,99,68,0,0,99,0.36666667,-8375,-10265,-38.01851852,130,140,"two-contract post-signal scalp: one contract exits at first target, one runner uses selected stop mode and runner target"
1,signal_scaled_scalp:strategy=vwap_extension_fade_2pt:direction=all:first_target_points=0.5:stop_points=2:runner_target_points=5:runner_stop_mode=breakeven,vwap_extension_fade_2pt,all,0.5,2,5,breakeven,270,270,270,103,167,35,132,0,0,167,0.61851852,-7675,-9565,-35.42592593,130,140,"two-contract post-signal scalp: one contract exits at first target, one runner uses selected stop mode and runner target"
1,signal_scaled_scalp:strategy=vwap_extension_fade_2pt:direction=all:first_target_points=0.5:stop_points=2:runner_target_points=5:runner_stop_mode=initial,vwap_extension_fade_2pt,all,0.5,2,5,initial,270,270,270,103,167,78,89,0,0,78,0.28888889,-5825,-7715,-28.57407407,130,140,"two-contract post-signal scalp: one contract exits at first target, one runner uses selected stop mode and runner target"
1,signal_scaled_scalp:strategy=vwap_extension_fade_2pt:direction=all:first_target_points=1:stop_points=1:runner_target_points=1.5:runner_stop_mode=breakeven,vwap_extension_fade_2pt,all,1,1,1.5,breakeven,270,270,270,153,117,82,35,0,0,117,0.43333333,-3300,-5190,-19.22222222,130,140,"two-contract post-signal scalp: one contract exits at first target, one runner uses selected stop mode and runner target"
1,signal_scaled_scalp:strategy=vwap_extension_fade_2pt:direction=all:first_target_points=1:stop_points=1:runner_target_points=1.5:runner_stop_mode=initial,vwap_extension_fade_2pt,all,1,1,1.5,initial,270,270,270,153,117,91,26,0,0,91,0.33703704,-3925,-5815,-21.53703704,130,140,"two-contract post-signal scalp: one contract exits at first target, one runner uses selected stop mode and runner target"
1,signal_scaled_scalp:strategy=vwap_extension_fade_2pt:direction=all:first_target_points=1:stop_points=1:runner_target_points=2:runner_stop_mode=breakeven,vwap_extension_fade_2pt,all,1,1,2,breakeven,270,270,270,153,117,73,44,0,0,117,0.43333333,-2150,-4040,-14.96296296,130,140,"two-contract post-signal scalp: one contract exits at first target, one runner uses selected stop mode and runner target"
1,signal_scaled_scalp:strategy=vwap_extension_fade_2pt:direction=all:first_target_points=1:stop_points=1:runner_target_points=2:runner_stop_mode=initial,vwap_extension_fade_2pt,all,1,1,2,initial,270,270,270,153,117,85,32,0,0,85,0.31481481,-2550,-4440,-16.44444444,130,140,"two-contract post-signal scalp: one contract exits at first target, one runner uses selected stop mode and runner target"
1,signal_scaled_scalp:strategy=vwap_extension_fade_2pt:direction=all:first_target_points=1:stop_points=1:runner_target_points=3:runner_stop_mode=breakeven,vwap_extension_fade_2pt,all,1,1,3,breakeven,270,270,270,153,117,53,64,0,0,117,0.43333333,-1500,-3390,-12.55555556,130,140,"two-contract post-signal scalp: one contract exits at first target, one runner uses selected stop mode and runner target"
1,signal_scaled_scalp:strategy=vwap_extension_fade_2pt:direction=all:first_target_points=1:stop_points=1:runner_target_points=3:runner_stop_mode=initial,vwap_extension_fade_2pt,all,1,1,3,initial,270,270,270,153,117,67,50,0,0,67,0.24814815,-1900,-3790,-14.03703704,130,140,"two-contract post-signal scalp: one contract exits at first target, one runner uses selected stop mode and runner target"
1,signal_scaled_scalp:strategy=vwap_extension_fade_2pt:direction=all:first_target_points=1:stop_points=1:runner_target_points=5:runner_stop_mode=breakeven,vwap_extension_fade_2pt,all,1,1,5,breakeven,270,270,270,153,117,34,83,0,0,117,0.43333333,-950,-2840,-10.51851852,130,140,"two-contract post-signal scalp: one contract exits at first target, one runner uses selected stop mode and runner target"
1,signal_scaled_scalp:strategy=vwap_extension_fade_2pt:direction=all:first_target_points=1:stop_points=1:runner_target_points=5:runner_stop_mode=initial,vwap_extension_fade_2pt,all,1,1,5,initial,270,270,270,153,117,50,67,0,0,50,0.18518519,-300,-2190,-8.11111111,130,140,"two-contract post-signal scalp: one contract exits at first target, one runner uses selected stop mode and runner target"
1,signal_scaled_scalp:strategy=vwap_extension_fade_2pt:direction=all:first_target_points=1:stop_points=1.5:runner_target_points=1.5:runner_stop_mode=breakeven,vwap_extension_fade_2pt,all,1,1.5,1.5,breakeven,270,270,270,139,131,89,42,0,0,131,0.48518519,-7625,-9515,-35.24074074,130,140,"two-contract post-signal scalp: one contract exits at first target, one runner uses selected stop mode and runner target"
1,signal_scaled_scalp:strategy=vwap_extension_fade_2pt:direction=all:first_target_points=1:stop_points=1.5:runner_target_points=1.5:runner_stop_mode=initial,vwap_extension_fade_2pt,all,1,1.5,1.5,initial,270,270,270,139,131,107,24,0,0,107,0.3962963,-8075,-9965,-36.90740741,130,140,"two-contract post-signal scalp: one contract exits at first target, one runner uses selected stop mode and runner target"
1,signal_scaled_scalp:strategy=vwap_extension_fade_2pt:direction=all:first_target_points=1:stop_points=1.5:runner_target_points=2:runner_stop_mode=breakeven,vwap_extension_fade_2pt,all,1,1.5,2,breakeven,270,270,270,139,131,78,53,0,0,131,0.48518519,-6500,-8390,-31.07407407,130,140,"two-contract post-signal scalp: one contract exits at first target, one runner uses selected stop mode and runner target"
1,signal_scaled_scalp:strategy=vwap_extension_fade_2pt:direction=all:first_target_points=1:stop_points=1.5:runner_target_points=2:runner_stop_mode=initial,vwap_extension_fade_2pt,all,1,1.5,2,initial,270,270,270,139,131,101,30,0,0,101,0.37407407,-6450,-8340,-30.88888889,130,140,"two-contract post-signal scalp: one contract exits at first target, one runner uses selected stop mode and runner target"
1,signal_scaled_scalp:strategy=vwap_extension_fade_2pt:direction=all:first_target_points=1:stop_points=1.5:runner_target_points=3:runner_stop_mode=breakeven,vwap_extension_fade_2pt,all,1,1.5,3,breakeven,270,270,270,139,131,58,73,0,0,131,0.48518519,-5600,-7490,-27.74074074,130,140,"two-contract post-signal scalp: one contract exits at first target, one runner uses selected stop mode and runner target"
1,signal_scaled_scalp:strategy=vwap_extension_fade_2pt:direction=all:first_target_points=1:stop_points=1.5:runner_target_points=3:runner_stop_mode=initial,vwap_extension_fade_2pt,all,1,1.5,3,initial,270,270,270,139,131,83,48,0,0,83,0.30740741,-5450,-7340,-27.18518519,130,140,"two-contract post-signal scalp: one contract exits at first target, one runner uses selected stop mode and runner target"
1,signal_scaled_scalp:strategy=vwap_extension_fade_2pt:direction=all:first_target_points=1:stop_points=1.5:runner_target_points=5:runner_stop_mode=breakeven,vwap_extension_fade_2pt,all,1,1.5,5,breakeven,270,270,270,139,131,38,93,0,0,131,0.48518519,-4800,-6690,-24.77777778,130,140,"two-contract post-signal scalp: one contract exits at first target, one runner uses selected stop mode and runner target"
1,signal_scaled_scalp:strategy=vwap_extension_fade_2pt:direction=all:first_target_points=1:stop_points=1.5:runner_target_points=5:runner_stop_mode=initial,vwap_extension_fade_2pt,all,1,1.5,5,initial,270,270,270,139,131,62,69,0,0,62,0.22962963,-3975,-5865,-21.72222222,130,140,"two-contract post-signal scalp: one contract exits at first target, one runner uses selected stop mode and runner target"
1,signal_scaled_scalp:strategy=vwap_extension_fade_2pt:direction=all:first_target_points=1:stop_points=2:runner_target_points=1.5:runner_stop_mode=breakeven,vwap_extension_fade_2pt,all,1,2,1.5,breakeven,270,270,270,120,150,101,49,0,0,150,0.55555556,-8925,-10815,-40.05555556,130,140,"two-contract post-signal scalp: one contract exits at first target, one runner uses selected stop mode and runner target"
1,signal_scaled_scalp:strategy=vwap_extension_fade_2pt:direction=all:first_target_points=1:stop_points=2:runner_target_points=1.5:runner_stop_mode=initial,vwap_extension_fade_2pt,all,1,2,1.5,initial,270,270,270,120,150,127,23,0,0,127,0.47037037,-9275,-11165,-41.35185185,130,140,"two-contract post-signal scalp: one contract exits at first target, one runner uses selected stop mode and runner target"
1,signal_scaled_scalp:strategy=vwap_extension_fade_2pt:direction=all:first_target_points=1:stop_points=2:runner_target_points=2:runner_stop_mode=breakeven,vwap_extension_fade_2pt,all,1,2,2,breakeven,270,270,270,120,150,88,62,0,0,150,0.55555556,-7700,-9590,-35.51851852,130,140,"two-contract post-signal scalp: one contract exits at first target, one runner uses selected stop mode and runner target"
1,signal_scaled_scalp:strategy=vwap_extension_fade_2pt:direction=all:first_target_points=1:stop_points=2:runner_target_points=2:runner_stop_mode=initial,vwap_extension_fade_2pt,all,1,2,2,initial,270,270,270,120,150,122,28,0,0,122,0.45185185,-7100,-8990,-33.2962963,130,140,"two-contract post-signal scalp: one contract exits at first target, one runner uses selected stop mode and runner target"
1,signal_scaled_scalp:strategy=vwap_extension_fade_2pt:direction=all:first_target_points=1:stop_points=2:runner_target_points=3:runner_stop_mode=breakeven,vwap_extension_fade_2pt,all,1,2,3,breakeven,270,270,270,120,150,63,87,0,0,150,0.55555556,-7050,-8940,-33.11111111,130,140,"two-contract post-signal scalp: one contract exits at first target, one runner uses selected stop mode and runner target"
1,signal_scaled_scalp:strategy=vwap_extension_fade_2pt:direction=all:first_target_points=1:stop_points=2:runner_target_points=3:runner_stop_mode=initial,vwap_extension_fade_2pt,all,1,2,3,initial,270,270,270,120,150,99,51,0,0,99,0.36666667,-6750,-8640,-32,130,140,"two-contract post-signal scalp: one contract exits at first target, one runner uses selected stop mode and runner target"
1,signal_scaled_scalp:strategy=vwap_extension_fade_2pt:direction=all:first_target_points=1:stop_points=2:runner_target_points=5:runner_stop_mode=breakeven,vwap_extension_fade_2pt,all,1,2,5,breakeven,270,270,270,120,150,42,108,0,0,150,0.55555556,-6000,-7890,-29.22222222,130,140,"two-contract post-signal scalp: one contract exits at first target, one runner uses selected stop mode and runner target"
1,signal_scaled_scalp:strategy=vwap_extension_fade_2pt:direction=all:first_target_points=1:stop_points=2:runner_target_points=5:runner_stop_mode=initial,vwap_extension_fade_2pt,all,1,2,5,initial,270,270,270,120,150,78,72,0,0,78,0.28888889,-4200,-6090,-22.55555556,130,140,"two-contract post-signal scalp: one contract exits at first target, one runner uses selected stop mode and runner target"
1,signal_scaled_scalp:strategy=vwap_extension_fade_2pt:direction=all:first_target_points=1.5:stop_points=1:runner_target_points=2:runner_stop_mode=breakeven,vwap_extension_fade_2pt,all,1.5,1,2,breakeven,270,270,270,179,91,80,11,0,0,91,0.33703704,-3075,-4965,-18.38888889,130,140,"two-contract post-signal scalp: one contract exits at first target, one runner uses selected stop mode and runner target"
1,signal_scaled_scalp:strategy=vwap_extension_fade_2pt:direction=all:first_target_points=1.5:stop_points=1:runner_target_points=2:runner_stop_mode=initial,vwap_extension_fade_2pt,all,1.5,1,2,initial,270,270,270,179,91,85,6,0,0,91,0.33703704,-2875,-4765,-17.64814815,130,140,"two-contract post-signal scalp: one contract exits at first target, one runner uses selected stop mode and runner target"
1,signal_scaled_scalp:strategy=vwap_extension_fade_2pt:direction=all:first_target_points=1.5:stop_points=1:runner_target_points=3:runner_stop_mode=breakeven,vwap_extension_fade_2pt,all,1.5,1,3,breakeven,270,270,270,179,91,58,33,0,0,91,0.33703704,-2375,-4265,-15.7962963,130,140,"two-contract post-signal scalp: one contract exits at first target, one runner uses selected stop mode and runner target"
1,signal_scaled_scalp:strategy=vwap_extension_fade_2pt:direction=all:first_target_points=1.5:stop_points=1:runner_target_points=3:runner_stop_mode=initial,vwap_extension_fade_2pt,all,1.5,1,3,initial,270,270,270,179,91,67,24,0,0,91,0.33703704,-2225,-4115,-15.24074074,130,140,"two-contract post-signal scalp: one contract exits at first target, one runner uses selected stop mode and runner target"
1,signal_scaled_scalp:strategy=vwap_extension_fade_2pt:direction=all:first_target_points=1.5:stop_points=1:runner_target_points=5:runner_stop_mode=breakeven,vwap_extension_fade_2pt,all,1.5,1,5,breakeven,270,270,270,179,91,37,54,0,0,91,0.33703704,-1825,-3715,-13.75925926,130,140,"two-contract post-signal scalp: one contract exits at first target, one runner uses selected stop mode and runner target"
1,signal_scaled_scalp:strategy=vwap_extension_fade_2pt:direction=all:first_target_points=1.5:stop_points=1:runner_target_points=5:runner_stop_mode=initial,vwap_extension_fade_2pt,all,1.5,1,5,initial,270,270,270,179,91,50,41,0,0,91,0.33703704,-625,-2515,-9.31481481,130,140,"two-contract post-signal scalp: one contract exits at first target, one runner uses selected stop mode and runner target"
1,signal_scaled_scalp:strategy=vwap_extension_fade_2pt:direction=all:first_target_points=1.5:stop_points=1.5:runner_target_points=2:runner_stop_mode=breakeven,vwap_extension_fade_2pt,all,1.5,1.5,2,breakeven,270,270,270,163,107,93,14,0,0,107,0.3962963,-7125,-9015,-33.38888889,130,140,"two-contract post-signal scalp: one contract exits at first target, one runner uses selected stop mode and runner target"
1,signal_scaled_scalp:strategy=vwap_extension_fade_2pt:direction=all:first_target_points=1.5:stop_points=1.5:runner_target_points=2:runner_stop_mode=initial,vwap_extension_fade_2pt,all,1.5,1.5,2,initial,270,270,270,163,107,101,6,0,0,101,0.37407407,-6775,-8665,-32.09259259,130,140,"two-contract post-signal scalp: one contract exits at first target, one runner uses selected stop mode and runner target"
1,signal_scaled_scalp:strategy=vwap_extension_fade_2pt:direction=all:first_target_points=1.5:stop_points=1.5:runner_target_points=3:runner_stop_mode=breakeven,vwap_extension_fade_2pt,all,1.5,1.5,3,breakeven,270,270,270,163,107,68,39,0,0,107,0.3962963,-6225,-8115,-30.05555556,130,140,"two-contract post-signal scalp: one contract exits at first target, one runner uses selected stop mode and runner target"
1,signal_scaled_scalp:strategy=vwap_extension_fade_2pt:direction=all:first_target_points=1.5:stop_points=1.5:runner_target_points=3:runner_stop_mode=initial,vwap_extension_fade_2pt,all,1.5,1.5,3,initial,270,270,270,163,107,83,24,0,0,83,0.30740741,-5775,-7665,-28.38888889,130,140,"two-contract post-signal scalp: one contract exits at first target, one runner uses selected stop mode and runner target"
1,signal_scaled_scalp:strategy=vwap_extension_fade_2pt:direction=all:first_target_points=1.5:stop_points=1.5:runner_target_points=5:runner_stop_mode=breakeven,vwap_extension_fade_2pt,all,1.5,1.5,5,breakeven,270,270,270,163,107,46,61,0,0,107,0.3962963,-4925,-6815,-25.24074074,130,140,"two-contract post-signal scalp: one contract exits at first target, one runner uses selected stop mode and runner target"
1,signal_scaled_scalp:strategy=vwap_extension_fade_2pt:direction=all:first_target_points=1.5:stop_points=1.5:runner_target_points=5:runner_stop_mode=initial,vwap_extension_fade_2pt,all,1.5,1.5,5,initial,270,270,270,163,107,62,45,0,0,62,0.22962963,-4300,-6190,-22.92592593,130,140,"two-contract post-signal scalp: one contract exits at first target, one runner uses selected stop mode and runner target"
1,signal_scaled_scalp:strategy=vwap_extension_fade_2pt:direction=all:first_target_points=1.5:stop_points=2:runner_target_points=2:runner_stop_mode=breakeven,vwap_extension_fade_2pt,all,1.5,2,2,breakeven,270,270,270,143,127,109,18,0,0,127,0.47037037,-8175,-10065,-37.27777778,130,140,"two-contract post-signal scalp: one contract exits at first target, one runner uses selected stop mode and runner target"
1,signal_scaled_scalp:strategy=vwap_extension_fade_2pt:direction=all:first_target_points=1.5:stop_points=2:runner_target_points=2:runner_stop_mode=initial,vwap_extension_fade_2pt,all,1.5,2,2,initial,270,270,270,143,127,122,5,0,0,122,0.45185185,-7375,-9265,-34.31481481,130,140,"two-contract post-signal scalp: one contract exits at first target, one runner uses selected stop mode and runner target"
1,signal_scaled_scalp:strategy=vwap_extension_fade_2pt:direction=all:first_target_points=1.5:stop_points=2:runner_target_points=3:runner_stop_mode=breakeven,vwap_extension_fade_2pt,all,1.5,2,3,breakeven,270,270,270,143,127,78,49,0,0,127,0.47037037,-7375,-9265,-34.31481481,130,140,"two-contract post-signal scalp: one contract exits at first target, one runner uses selected stop mode and runner target"
1,signal_scaled_scalp:strategy=vwap_extension_fade_2pt:direction=all:first_target_points=1.5:stop_points=2:runner_target_points=3:runner_stop_mode=initial,vwap_extension_fade_2pt,all,1.5,2,3,initial,270,270,270,143,127,99,28,0,0,99,0.36666667,-7025,-8915,-33.01851852,130,140,"two-contract post-signal scalp: one contract exits at first target, one runner uses selected stop mode and runner target"
1,signal_scaled_scalp:strategy=vwap_extension_fade_2pt:direction=all:first_target_points=1.5:stop_points=2:runner_target_points=5:runner_stop_mode=breakeven,vwap_extension_fade_2pt,all,1.5,2,5,breakeven,270,270,270,143,127,53,74,0,0,127,0.47037037,-5825,-7715,-28.57407407,130,140,"two-contract post-signal scalp: one contract exits at first target, one runner uses selected stop mode and runner target"
1,signal_scaled_scalp:strategy=vwap_extension_fade_2pt:direction=all:first_target_points=1.5:stop_points=2:runner_target_points=5:runner_stop_mode=initial,vwap_extension_fade_2pt,all,1.5,2,5,initial,270,270,270,143,127,78,49,0,0,78,0.28888889,-4475,-6365,-23.57407407,130,140,"two-contract post-signal scalp: one contract exits at first target, one runner uses selected stop mode and runner target"
1,signal_scaled_scalp:strategy=vwap_extension_fade_3pt:direction=all:first_target_points=0.5:stop_points=1:runner_target_points=1.5:runner_stop_mode=breakeven,vwap_extension_fade_3pt,all,0.5,1,1.5,breakeven,262,262,262,137,125,69,56,0,0,125,0.47709924,-5400,-7234,-27.61068702,131,131,"two-contract post-signal scalp: one contract exits at first target, one runner uses selected stop mode and runner target"
1,signal_scaled_scalp:strategy=vwap_extension_fade_3pt:direction=all:first_target_points=0.5:stop_points=1:runner_target_points=1.5:runner_stop_mode=initial,vwap_extension_fade_3pt,all,0.5,1,1.5,initial,262,262,262,137,125,89,36,0,0,89,0.33969466,-5700,-7534,-28.75572519,131,131,"two-contract post-signal scalp: one contract exits at first target, one runner uses selected stop mode and runner target"
1,signal_scaled_scalp:strategy=vwap_extension_fade_3pt:direction=all:first_target_points=0.5:stop_points=1:runner_target_points=2:runner_stop_mode=breakeven,vwap_extension_fade_3pt,all,0.5,1,2,breakeven,262,262,262,137,125,61,64,0,0,125,0.47709924,-4475,-6309,-24.08015267,131,131,"two-contract post-signal scalp: one contract exits at first target, one runner uses selected stop mode and runner target"
1,signal_scaled_scalp:strategy=vwap_extension_fade_3pt:direction=all:first_target_points=0.5:stop_points=1:runner_target_points=2:runner_stop_mode=initial,vwap_extension_fade_3pt,all,0.5,1,2,initial,262,262,262,137,125,81,44,0,0,81,0.30916031,-4675,-6509,-24.84351145,131,131,"two-contract post-signal scalp: one contract exits at first target, one runner uses selected stop mode and runner target"
1,signal_scaled_scalp:strategy=vwap_extension_fade_3pt:direction=all:first_target_points=0.5:stop_points=1:runner_target_points=3:runner_stop_mode=breakeven,vwap_extension_fade_3pt,all,0.5,1,3,breakeven,262,262,262,137,125,41,84,0,0,125,0.47709924,-4425,-6259,-23.88931298,131,131,"two-contract post-signal scalp: one contract exits at first target, one runner uses selected stop mode and runner target"
1,signal_scaled_scalp:strategy=vwap_extension_fade_3pt:direction=all:first_target_points=0.5:stop_points=1:runner_target_points=3:runner_stop_mode=initial,vwap_extension_fade_3pt,all,0.5,1,3,initial,262,262,262,137,125,62,63,0,0,62,0.23664122,-4425,-6259,-23.88931298,131,131,"two-contract post-signal scalp: one contract exits at first target, one runner uses selected stop mode and runner target"
1,signal_scaled_scalp:strategy=vwap_extension_fade_3pt:direction=all:first_target_points=0.5:stop_points=1:runner_target_points=5:runner_stop_mode=breakeven,vwap_extension_fade_3pt,all,0.5,1,5,breakeven,262,262,262,137,125,28,97,0,0,125,0.47709924,-3575,-5409,-20.64503817,131,131,"two-contract post-signal scalp: one contract exits at first target, one runner uses selected stop mode and runner target"
1,signal_scaled_scalp:strategy=vwap_extension_fade_3pt:direction=all:first_target_points=0.5:stop_points=1:runner_target_points=5:runner_stop_mode=initial,vwap_extension_fade_3pt,all,0.5,1,5,initial,262,262,262,137,125,43,82,0,0,43,0.16412214,-3925,-5759,-21.98091603,131,131,"two-contract post-signal scalp: one contract exits at first target, one runner uses selected stop mode and runner target"
1,signal_scaled_scalp:strategy=vwap_extension_fade_3pt:direction=all:first_target_points=0.5:stop_points=1.5:runner_target_points=1.5:runner_stop_mode=breakeven,vwap_extension_fade_3pt,all,0.5,1.5,1.5,breakeven,262,262,262,117,145,74,71,0,0,145,0.55343511,-8375,-10209,-38.96564885,131,131,"two-contract post-signal scalp: one contract exits at first target, one runner uses selected stop mode and runner target"
1,signal_scaled_scalp:strategy=vwap_extension_fade_3pt:direction=all:first_target_points=0.5:stop_points=1.5:runner_target_points=1.5:runner_stop_mode=initial,vwap_extension_fade_3pt,all,0.5,1.5,1.5,initial,262,262,262,117,145,106,39,0,0,106,0.40458015,-8900,-10734,-40.96946565,131,131,"two-contract post-signal scalp: one contract exits at first target, one runner uses selected stop mode and runner target"
1,signal_scaled_scalp:strategy=vwap_extension_fade_3pt:direction=all:first_target_points=0.5:stop_points=1.5:runner_target_points=2:runner_stop_mode=breakeven,vwap_extension_fade_3pt,all,0.5,1.5,2,breakeven,262,262,262,117,145,66,79,0,0,145,0.55343511,-7325,-9159,-34.95801527,131,131,"two-contract post-signal scalp: one contract exits at first target, one runner uses selected stop mode and runner target"
1,signal_scaled_scalp:strategy=vwap_extension_fade_3pt:direction=all:first_target_points=0.5:stop_points=1.5:runner_target_points=2:runner_stop_mode=initial,vwap_extension_fade_3pt,all,0.5,1.5,2,initial,262,262,262,117,145,100,45,0,0,100,0.38167939,-7300,-9134,-34.86259542,131,131,"two-contract post-signal scalp: one contract exits at first target, one runner uses selected stop mode and runner target"
1,signal_scaled_scalp:strategy=vwap_extension_fade_3pt:direction=all:first_target_points=0.5:stop_points=1.5:runner_target_points=3:runner_stop_mode=breakeven,vwap_extension_fade_3pt,all,0.5,1.5,3,breakeven,262,262,262,117,145,45,100,0,0,145,0.55343511,-7175,-9009,-34.38549618,131,131,"two-contract post-signal scalp: one contract exits at first target, one runner uses selected stop mode and runner target"
1,signal_scaled_scalp:strategy=vwap_extension_fade_3pt:direction=all:first_target_points=0.5:stop_points=1.5:runner_target_points=3:runner_stop_mode=initial,vwap_extension_fade_3pt,all,0.5,1.5,3,initial,262,262,262,117,145,79,66,0,0,79,0.30152672,-7025,-8859,-33.8129771,131,131,"two-contract post-signal scalp: one contract exits at first target, one runner uses selected stop mode and runner target"
1,signal_scaled_scalp:strategy=vwap_extension_fade_3pt:direction=all:first_target_points=0.5:stop_points=1.5:runner_target_points=5:runner_stop_mode=breakeven,vwap_extension_fade_3pt,all,0.5,1.5,5,breakeven,262,262,262,117,145,31,114,0,0,145,0.55343511,-6175,-8009,-30.56870229,131,131,"two-contract post-signal scalp: one contract exits at first target, one runner uses selected stop mode and runner target"
1,signal_scaled_scalp:strategy=vwap_extension_fade_3pt:direction=all:first_target_points=0.5:stop_points=1.5:runner_target_points=5:runner_stop_mode=initial,vwap_extension_fade_3pt,all,0.5,1.5,5,initial,262,262,262,117,145,54,91,0,0,54,0.20610687,-7250,-9084,-34.67175573,131,131,"two-contract post-signal scalp: one contract exits at first target, one runner uses selected stop mode and runner target"
1,signal_scaled_scalp:strategy=vwap_extension_fade_3pt:direction=all:first_target_points=0.5:stop_points=2:runner_target_points=1.5:runner_stop_mode=breakeven,vwap_extension_fade_3pt,all,0.5,2,1.5,breakeven,262,262,262,97,165,78,87,0,0,165,0.62977099,-9425,-11259,-42.97328244,131,131,"two-contract post-signal scalp: one contract exits at first target, one runner uses selected stop mode and runner target"
1,signal_scaled_scalp:strategy=vwap_extension_fade_3pt:direction=all:first_target_points=0.5:stop_points=2:runner_target_points=1.5:runner_stop_mode=initial,vwap_extension_fade_3pt,all,0.5,2,1.5,initial,262,262,262,97,165,130,35,0,0,130,0.49618321,-9025,-10859,-41.44656489,131,131,"two-contract post-signal scalp: one contract exits at first target, one runner uses selected stop mode and runner target"
1,signal_scaled_scalp:strategy=vwap_extension_fade_3pt:direction=all:first_target_points=0.5:stop_points=2:runner_target_points=2:runner_stop_mode=breakeven,vwap_extension_fade_3pt,all,0.5,2,2,breakeven,262,262,262,97,165,69,96,0,0,165,0.62977099,-8375,-10209,-38.96564885,131,131,"two-contract post-signal scalp: one contract exits at first target, one runner uses selected stop mode and runner target"
1,signal_scaled_scalp:strategy=vwap_extension_fade_3pt:direction=all:first_target_points=0.5:stop_points=2:runner_target_points=2:runner_stop_mode=initial,vwap_extension_fade_3pt,all,0.5,2,2,initial,262,262,262,97,165,123,42,0,0,123,0.46946565,-7175,-9009,-34.38549618,131,131,"two-contract post-signal scalp: one contract exits at first target, one runner uses selected stop mode and runner target"
1,signal_scaled_scalp:strategy=vwap_extension_fade_3pt:direction=all:first_target_points=0.5:stop_points=2:runner_target_points=3:runner_stop_mode=breakeven,vwap_extension_fade_3pt,all,0.5,2,3,breakeven,262,262,262,97,165,47,118,0,0,165,0.62977099,-8225,-10059,-38.39312977,131,131,"two-contract post-signal scalp: one contract exits at first target, one runner uses selected stop mode and runner target"
1,signal_scaled_scalp:strategy=vwap_extension_fade_3pt:direction=all:first_target_points=0.5:stop_points=2:runner_target_points=3:runner_stop_mode=initial,vwap_extension_fade_3pt,all,0.5,2,3,initial,262,262,262,97,165,101,64,0,0,101,0.38549618,-6525,-8359,-31.90458015,131,131,"two-contract post-signal scalp: one contract exits at first target, one runner uses selected stop mode and runner target"
1,signal_scaled_scalp:strategy=vwap_extension_fade_3pt:direction=all:first_target_points=0.5:stop_points=2:runner_target_points=5:runner_stop_mode=breakeven,vwap_extension_fade_3pt,all,0.5,2,5,breakeven,262,262,262,97,165,32,133,0,0,165,0.62977099,-7275,-9109,-34.76717557,131,131,"two-contract post-signal scalp: one contract exits at first target, one runner uses selected stop mode and runner target"
1,signal_scaled_scalp:strategy=vwap_extension_fade_3pt:direction=all:first_target_points=0.5:stop_points=2:runner_target_points=5:runner_stop_mode=initial,vwap_extension_fade_3pt,all,0.5,2,5,initial,262,262,262,97,165,75,90,0,0,75,0.28625954,-5525,-7359,-28.08778626,131,131,"two-contract post-signal scalp: one contract exits at first target, one runner uses selected stop mode and runner target"
1,signal_scaled_scalp:strategy=vwap_extension_fade_3pt:direction=all:first_target_points=1:stop_points=1:runner_target_points=1.5:runner_stop_mode=breakeven,vwap_extension_fade_3pt,all,1,1,1.5,breakeven,262,262,262,153,109,78,31,0,0,109,0.41603053,-4000,-5834,-22.26717557,131,131,"two-contract post-signal scalp: one contract exits at first target, one runner uses selected stop mode and runner target"
1,signal_scaled_scalp:strategy=vwap_extension_fade_3pt:direction=all:first_target_points=1:stop_points=1:runner_target_points=1.5:runner_stop_mode=initial,vwap_extension_fade_3pt,all,1,1,1.5,initial,262,262,262,153,109,89,20,0,0,89,0.33969466,-4175,-6009,-22.9351145,131,131,"two-contract post-signal scalp: one contract exits at first target, one runner uses selected stop mode and runner target"
1,signal_scaled_scalp:strategy=vwap_extension_fade_3pt:direction=all:first_target_points=1:stop_points=1:runner_target_points=2:runner_stop_mode=breakeven,vwap_extension_fade_3pt,all,1,1,2,breakeven,262,262,262,153,109,68,41,0,0,109,0.41603053,-3050,-4884,-18.64122137,131,131,"two-contract post-signal scalp: one contract exits at first target, one runner uses selected stop mode and runner target"
1,signal_scaled_scalp:strategy=vwap_extension_fade_3pt:direction=all:first_target_points=1:stop_points=1:runner_target_points=2:runner_stop_mode=initial,vwap_extension_fade_3pt,all,1,1,2,initial,262,262,262,153,109,81,28,0,0,81,0.30916031,-3150,-4984,-19.02290076,131,131,"two-contract post-signal scalp: one contract exits at first target, one runner uses selected stop mode and runner target"
1,signal_scaled_scalp:strategy=vwap_extension_fade_3pt:direction=all:first_target_points=1:stop_points=1:runner_target_points=3:runner_stop_mode=breakeven,vwap_extension_fade_3pt,all,1,1,3,breakeven,262,262,262,153,109,48,61,0,0,109,0.41603053,-2650,-4484,-17.11450382,131,131,"two-contract post-signal scalp: one contract exits at first target, one runner uses selected stop mode and runner target"
1,signal_scaled_scalp:strategy=vwap_extension_fade_3pt:direction=all:first_target_points=1:stop_points=1:runner_target_points=3:runner_stop_mode=initial,vwap_extension_fade_3pt,all,1,1,3,initial,262,262,262,153,109,62,47,0,0,62,0.23664122,-2900,-4734,-18.06870229,131,131,"two-contract post-signal scalp: one contract exits at first target, one runner uses selected stop mode and runner target"
1,signal_scaled_scalp:strategy=vwap_extension_fade_3pt:direction=all:first_target_points=1:stop_points=1:runner_target_points=5:runner_stop_mode=breakeven,vwap_extension_fade_3pt,all,1,1,5,breakeven,262,262,262,153,109,33,76,0,0,109,0.41603053,-1600,-3434,-13.10687023,131,131,"two-contract post-signal scalp: one contract exits at first target, one runner uses selected stop mode and runner target"
1,signal_scaled_scalp:strategy=vwap_extension_fade_3pt:direction=all:first_target_points=1:stop_points=1:runner_target_points=5:runner_stop_mode=initial,vwap_extension_fade_3pt,all,1,1,5,initial,262,262,262,153,109,43,66,0,0,43,0.16412214,-2400,-4234,-16.16030534,131,131,"two-contract post-signal scalp: one contract exits at first target, one runner uses selected stop mode and runner target"
1,signal_scaled_scalp:strategy=vwap_extension_fade_3pt:direction=all:first_target_points=1:stop_points=1.5:runner_target_points=1.5:runner_stop_mode=breakeven,vwap_extension_fade_3pt,all,1,1.5,1.5,breakeven,262,262,262,136,126,86,40,0,0,126,0.48091603,-7650,-9484,-36.19847328,131,131,"two-contract post-signal scalp: one contract exits at first target, one runner uses selected stop mode and runner target"
1,signal_scaled_scalp:strategy=vwap_extension_fade_3pt:direction=all:first_target_points=1:stop_points=1.5:runner_target_points=1.5:runner_stop_mode=initial,vwap_extension_fade_3pt,all,1,1.5,1.5,initial,262,262,262,136,126,106,20,0,0,106,0.40458015,-7650,-9484,-36.19847328,131,131,"two-contract post-signal scalp: one contract exits at first target, one runner uses selected stop mode and runner target"
1,signal_scaled_scalp:strategy=vwap_extension_fade_3pt:direction=all:first_target_points=1:stop_points=1.5:runner_target_points=2:runner_stop_mode=breakeven,vwap_extension_fade_3pt,all,1,1.5,2,breakeven,262,262,262,136,126,75,51,0,0,126,0.48091603,-6600,-8434,-32.19083969,131,131,"two-contract post-signal scalp: one contract exits at first target, one runner uses selected stop mode and runner target"
1,signal_scaled_scalp:strategy=vwap_extension_fade_3pt:direction=all:first_target_points=1:stop_points=1.5:runner_target_points=2:runner_stop_mode=initial,vwap_extension_fade_3pt,all,1,1.5,2,initial,262,262,262,136,126,100,26,0,0,100,0.38167939,-6050,-7884,-30.09160305,131,131,"two-contract post-signal scalp: one contract exits at first target, one runner uses selected stop mode and runner target"
1,signal_scaled_scalp:strategy=vwap_extension_fade_3pt:direction=all:first_target_points=1:stop_points=1.5:runner_target_points=3:runner_stop_mode=breakeven,vwap_extension_fade_3pt,all,1,1.5,3,breakeven,262,262,262,136,126,53,73,0,0,126,0.48091603,-6150,-7984,-30.47328244,131,131,"two-contract post-signal scalp: one contract exits at first target, one runner uses selected stop mode and runner target"
1,signal_scaled_scalp:strategy=vwap_extension_fade_3pt:direction=all:first_target_points=1:stop_points=1.5:runner_target_points=3:runner_stop_mode=initial,vwap_extension_fade_3pt,all,1,1.5,3,initial,262,262,262,136,126,79,47,0,0,79,0.30152672,-5775,-7609,-29.04198473,131,131,"two-contract post-signal scalp: one contract exits at first target, one runner uses selected stop mode and runner target"
1,signal_scaled_scalp:strategy=vwap_extension_fade_3pt:direction=all:first_target_points=1:stop_points=1.5:runner_target_points=5:runner_stop_mode=breakeven,vwap_extension_fade_3pt,all,1,1.5,5,breakeven,262,262,262,136,126,36,90,0,0,126,0.48091603,-5100,-6934,-26.46564885,131,131,"two-contract post-signal scalp: one contract exits at first target, one runner uses selected stop mode and runner target"
1,signal_scaled_scalp:strategy=vwap_extension_fade_3pt:direction=all:first_target_points=1:stop_points=1.5:runner_target_points=5:runner_stop_mode=initial,vwap_extension_fade_3pt,all,1,1.5,5,initial,262,262,262,136,126,54,72,0,0,54,0.20610687,-6000,-7834,-29.90076336,131,131,"two-contract post-signal scalp: one contract exits at first target, one runner uses selected stop mode and runner target"
1,signal_scaled_scalp:strategy=vwap_extension_fade_3pt:direction=all:first_target_points=1:stop_points=2:runner_target_points=1.5:runner_stop_mode=breakeven,vwap_extension_fade_3pt,all,1,2,1.5,breakeven,262,262,262,116,146,99,47,0,0,146,0.55725191,-8475,-10309,-39.34732824,131,131,"two-contract post-signal scalp: one contract exits at first target, one runner uses selected stop mode and runner target"
1,signal_scaled_scalp:strategy=vwap_extension_fade_3pt:direction=all:first_target_points=1:stop_points=2:runner_target_points=1.5:runner_stop_mode=initial,vwap_extension_fade_3pt,all,1,2,1.5,initial,262,262,262,116,146,130,16,0,0,130,0.49618321,-7750,-9584,-36.58015267,131,131,"two-contract post-signal scalp: one contract exits at first target, one runner uses selected stop mode and runner target"
1,signal_scaled_scalp:strategy=vwap_extension_fade_3pt:direction=all:first_target_points=1:stop_points=2:runner_target_points=2:runner_stop_mode=breakeven,vwap_extension_fade_3pt,all,1,2,2,breakeven,262,262,262,116,146,85,61,0,0,146,0.55725191,-7400,-9234,-35.24427481,131,131,"two-contract post-signal scalp: one contract exits at first target, one runner uses selected stop mode and runner target"
1,signal_scaled_scalp:strategy=vwap_extension_fade_3pt:direction=all:first_target_points=1:stop_points=2:runner_target_points=2:runner_stop_mode=initial,vwap_extension_fade_3pt,all,1,2,2,initial,262,262,262,116,146,123,23,0,0,123,0.46946565,-5900,-7734,-29.51908397,131,131,"two-contract post-signal scalp: one contract exits at first target, one runner uses selected stop mode and runner target"
1,signal_scaled_scalp:strategy=vwap_extension_fade_3pt:direction=all:first_target_points=1:stop_points=2:runner_target_points=3:runner_stop_mode=breakeven,vwap_extension_fade_3pt,all,1,2,3,breakeven,262,262,262,116,146,59,87,0,0,146,0.55725191,-7050,-8884,-33.90839695,131,131,"two-contract post-signal scalp: one contract exits at first target, one runner uses selected stop mode and runner target"
1,signal_scaled_scalp:strategy=vwap_extension_fade_3pt:direction=all:first_target_points=1:stop_points=2:runner_target_points=3:runner_stop_mode=initial,vwap_extension_fade_3pt,all,1,2,3,initial,262,262,262,116,146,101,45,0,0,101,0.38549618,-5250,-7084,-27.03816794,131,131,"two-contract post-signal scalp: one contract exits at first target, one runner uses selected stop mode and runner target"
1,signal_scaled_scalp:strategy=vwap_extension_fade_3pt:direction=all:first_target_points=1:stop_points=2:runner_target_points=5:runner_stop_mode=breakeven,vwap_extension_fade_3pt,all,1,2,5,breakeven,262,262,262,116,146,39,107,0,0,146,0.55725191,-6150,-7984,-30.47328244,131,131,"two-contract post-signal scalp: one contract exits at first target, one runner uses selected stop mode and runner target"
1,signal_scaled_scalp:strategy=vwap_extension_fade_3pt:direction=all:first_target_points=1:stop_points=2:runner_target_points=5:runner_stop_mode=initial,vwap_extension_fade_3pt,all,1,2,5,initial,262,262,262,116,146,75,71,0,0,75,0.28625954,-4250,-6084,-23.22137405,131,131,"two-contract post-signal scalp: one contract exits at first target, one runner uses selected stop mode and runner target"
1,signal_scaled_scalp:strategy=vwap_extension_fade_3pt:direction=all:first_target_points=1.5:stop_points=1:runner_target_points=2:runner_stop_mode=breakeven,vwap_extension_fade_3pt,all,1.5,1,2,breakeven,262,262,262,173,89,78,11,0,0,89,0.33969466,-2825,-4659,-17.78244275,131,131,"two-contract post-signal scalp: one contract exits at first target, one runner uses selected stop mode and runner target"
1,signal_scaled_scalp:strategy=vwap_extension_fade_3pt:direction=all:first_target_points=1.5:stop_points=1:runner_target_points=2:runner_stop_mode=initial,vwap_extension_fade_3pt,all,1.5,1,2,initial,262,262,262,173,89,81,8,0,0,89,0.33969466,-2925,-4759,-18.16412214,131,131,"two-contract post-signal scalp: one contract exits at first target, one runner uses selected stop mode and runner target"
1,signal_scaled_scalp:strategy=vwap_extension_fade_3pt:direction=all:first_target_points=1.5:stop_points=1:runner_target_points=3:runner_stop_mode=breakeven,vwap_extension_fade_3pt,all,1.5,1,3,breakeven,262,262,262,173,89,54,35,0,0,89,0.33969466,-2525,-4359,-16.63740458,131,131,"two-contract post-signal scalp: one contract exits at first target, one runner uses selected stop mode and runner target"
1,signal_scaled_scalp:strategy=vwap_extension_fade_3pt:direction=all:first_target_points=1.5:stop_points=1:runner_target_points=3:runner_stop_mode=initial,vwap_extension_fade_3pt,all,1.5,1,3,initial,262,262,262,173,89,62,27,0,0,89,0.33969466,-2675,-4509,-17.20992366,131,131,"two-contract post-signal scalp: one contract exits at first target, one runner uses selected stop mode and runner target"
1,signal_scaled_scalp:strategy=vwap_extension_fade_3pt:direction=all:first_target_points=1.5:stop_points=1:runner_target_points=5:runner_stop_mode=breakeven,vwap_extension_fade_3pt,all,1.5,1,5,breakeven,262,262,262,173,89,35,54,0,0,89,0.33969466,-1875,-3709,-14.15648855,131,131,"two-contract post-signal scalp: one contract exits at first target, one runner uses selected stop mode and runner target"
1,signal_scaled_scalp:strategy=vwap_extension_fade_3pt:direction=all:first_target_points=1.5:stop_points=1:runner_target_points=5:runner_stop_mode=initial,vwap_extension_fade_3pt,all,1.5,1,5,initial,262,262,262,173,89,43,46,0,0,89,0.33969466,-2175,-4009,-15.30152672,131,131,"two-contract post-signal scalp: one contract exits at first target, one runner uses selected stop mode and runner target"
1,signal_scaled_scalp:strategy=vwap_extension_fade_3pt:direction=all:first_target_points=1.5:stop_points=1.5:runner_target_points=2:runner_stop_mode=breakeven,vwap_extension_fade_3pt,all,1.5,1.5,2,breakeven,262,262,262,156,106,94,12,0,0,106,0.40458015,-6050,-7884,-30.09160305,131,131,"two-contract post-signal scalp: one contract exits at first target, one runner uses selected stop mode and runner target"
1,signal_scaled_scalp:strategy=vwap_extension_fade_3pt:direction=all:first_target_points=1.5:stop_points=1.5:runner_target_points=2:runner_stop_mode=initial,vwap_extension_fade_3pt,all,1.5,1.5,2,initial,262,262,262,156,106,100,6,0,0,100,0.38167939,-5900,-7734,-29.51908397,131,131,"two-contract post-signal scalp: one contract exits at first target, one runner uses selected stop mode and runner target"
1,signal_scaled_scalp:strategy=vwap_extension_fade_3pt:direction=all:first_target_points=1.5:stop_points=1.5:runner_target_points=3:runner_stop_mode=breakeven,vwap_extension_fade_3pt,all,1.5,1.5,3,breakeven,262,262,262,156,106,65,41,0,0,106,0.40458015,-5700,-7534,-28.75572519,131,131,"two-contract post-signal scalp: one contract exits at first target, one runner uses selected stop mode and runner target"
1,signal_scaled_scalp:strategy=vwap_extension_fade_3pt:direction=all:first_target_points=1.5:stop_points=1.5:runner_target_points=3:runner_stop_mode=initial,vwap_extension_fade_3pt,all,1.5,1.5,3,initial,262,262,262,156,106,79,27,0,0,79,0.30152672,-5625,-7459,-28.46946565,131,131,"two-contract post-signal scalp: one contract exits at first target, one runner uses selected stop mode and runner target"
1,signal_scaled_scalp:strategy=vwap_extension_fade_3pt:direction=all:first_target_points=1.5:stop_points=1.5:runner_target_points=5:runner_stop_mode=breakeven,vwap_extension_fade_3pt,all,1.5,1.5,5,breakeven,262,262,262,156,106,43,63,0,0,106,0.40458015,-4700,-6534,-24.9389313,131,131,"two-contract post-signal scalp: one contract exits at first target, one runner uses selected stop mode and runner target"
1,signal_scaled_scalp:strategy=vwap_extension_fade_3pt:direction=all:first_target_points=1.5:stop_points=1.5:runner_target_points=5:runner_stop_mode=initial,vwap_extension_fade_3pt,all,1.5,1.5,5,initial,262,262,262,156,106,54,52,0,0,54,0.20610687,-5850,-7684,-29.32824427,131,131,"two-contract post-signal scalp: one contract exits at first target, one runner uses selected stop mode and runner target"
1,signal_scaled_scalp:strategy=vwap_extension_fade_3pt:direction=all:first_target_points=1.5:stop_points=2:runner_target_points=2:runner_stop_mode=breakeven,vwap_extension_fade_3pt,all,1.5,2,2,breakeven,262,262,262,132,130,111,19,0,0,130,0.49618321,-5550,-7384,-28.18320611,131,131,"two-contract post-signal scalp: one contract exits at first target, one runner uses selected stop mode and runner target"
1,signal_scaled_scalp:strategy=vwap_extension_fade_3pt:direction=all:first_target_points=1.5:stop_points=2:runner_target_points=2:runner_stop_mode=initial,vwap_extension_fade_3pt,all,1.5,2,2,initial,262,262,262,132,130,123,7,0,0,123,0.46946565,-5050,-6884,-26.27480916,131,131,"two-contract post-signal scalp: one contract exits at first target, one runner uses selected stop mode and runner target"
1,signal_scaled_scalp:strategy=vwap_extension_fade_3pt:direction=all:first_target_points=1.5:stop_points=2:runner_target_points=3:runner_stop_mode=breakeven,vwap_extension_fade_3pt,all,1.5,2,3,breakeven,262,262,262,132,130,77,53,0,0,130,0.49618321,-5100,-6934,-26.46564885,131,131,"two-contract post-signal scalp: one contract exits at first target, one runner uses selected stop mode and runner target"
1,signal_scaled_scalp:strategy=vwap_extension_fade_3pt:direction=all:first_target_points=1.5:stop_points=2:runner_target_points=3:runner_stop_mode=initial,vwap_extension_fade_3pt,all,1.5,2,3,initial,262,262,262,132,130,101,29,0,0,101,0.38549618,-4400,-6234,-23.79389313,131,131,"two-contract post-signal scalp: one contract exits at first target, one runner uses selected stop mode and runner target"
1,signal_scaled_scalp:strategy=vwap_extension_fade_3pt:direction=all:first_target_points=1.5:stop_points=2:runner_target_points=5:runner_stop_mode=breakeven,vwap_extension_fade_3pt,all,1.5,2,5,breakeven,262,262,262,132,130,50,80,0,0,130,0.49618321,-4150,-5984,-22.83969466,131,131,"two-contract post-signal scalp: one contract exits at first target, one runner uses selected stop mode and runner target"
1,signal_scaled_scalp:strategy=vwap_extension_fade_3pt:direction=all:first_target_points=1.5:stop_points=2:runner_target_points=5:runner_stop_mode=initial,vwap_extension_fade_3pt,all,1.5,2,5,initial,262,262,262,132,130,75,55,0,0,75,0.28625954,-3400,-5234,-19.97709924,131,131,"two-contract post-signal scalp: one contract exits at first target, one runner uses selected stop mode and runner target"
1,signal_scaled_scalp:strategy=vwap_extension_fade_4pt:direction=all:first_target_points=0.5:stop_points=1:runner_target_points=1.5:runner_stop_mode=breakeven,vwap_extension_fade_4pt,all,0.5,1,1.5,breakeven,259,259,259,132,127,69,58,0,0,127,0.49034749,-4850,-6663,-25.72586873,134,125,"two-contract post-signal scalp: one contract exits at first target, one runner uses selected stop mode and runner target"
1,signal_scaled_scalp:strategy=vwap_extension_fade_4pt:direction=all:first_target_points=0.5:stop_points=1:runner_target_points=1.5:runner_stop_mode=initial,vwap_extension_fade_4pt,all,0.5,1,1.5,initial,259,259,259,132,127,87,40,0,0,87,0.33590734,-5500,-7313,-28.23552124,134,125,"two-contract post-signal scalp: one contract exits at first target, one runner uses selected stop mode and runner target"
1,signal_scaled_scalp:strategy=vwap_extension_fade_4pt:direction=all:first_target_points=0.5:stop_points=1:runner_target_points=2:runner_stop_mode=breakeven,vwap_extension_fade_4pt,all,0.5,1,2,breakeven,259,259,259,132,127,61,66,0,0,127,0.49034749,-3925,-5738,-22.15444015,134,125,"two-contract post-signal scalp: one contract exits at first target, one runner uses selected stop mode and runner target"
1,signal_scaled_scalp:strategy=vwap_extension_fade_4pt:direction=all:first_target_points=0.5:stop_points=1:runner_target_points=2:runner_stop_mode=initial,vwap_extension_fade_4pt,all,0.5,1,2,initial,259,259,259,132,127,79,48,0,0,79,0.30501931,-4525,-6338,-24.47104247,134,125,"two-contract post-signal scalp: one contract exits at first target, one runner uses selected stop mode and runner target"
1,signal_scaled_scalp:strategy=vwap_extension_fade_4pt:direction=all:first_target_points=0.5:stop_points=1:runner_target_points=3:runner_stop_mode=breakeven,vwap_extension_fade_4pt,all,0.5,1,3,breakeven,259,259,259,132,127,44,83,0,0,127,0.49034749,-3425,-5238,-20.22393822,134,125,"two-contract post-signal scalp: one contract exits at first target, one runner uses selected stop mode and runner target"
1,signal_scaled_scalp:strategy=vwap_extension_fade_4pt:direction=all:first_target_points=0.5:stop_points=1:runner_target_points=3:runner_stop_mode=initial,vwap_extension_fade_4pt,all,0.5,1,3,initial,259,259,259,132,127,64,63,0,0,64,0.24710425,-3575,-5388,-20.8030888,134,125,"two-contract post-signal scalp: one contract exits at first target, one runner uses selected stop mode and runner target"
1,signal_scaled_scalp:strategy=vwap_extension_fade_4pt:direction=all:first_target_points=0.5:stop_points=1:runner_target_points=5:runner_stop_mode=breakeven,vwap_extension_fade_4pt,all,0.5,1,5,breakeven,259,259,259,132,127,27,100,0,0,127,0.49034749,-3275,-5088,-19.64478764,134,125,"two-contract post-signal scalp: one contract exits at first target, one runner uses selected stop mode and runner target"
1,signal_scaled_scalp:strategy=vwap_extension_fade_4pt:direction=all:first_target_points=0.5:stop_points=1:runner_target_points=5:runner_stop_mode=initial,vwap_extension_fade_4pt,all,0.5,1,5,initial,259,259,259,132,127,44,83,0,0,44,0.16988417,-3175,-4988,-19.25868726,134,125,"two-contract post-signal scalp: one contract exits at first target, one runner uses selected stop mode and runner target"
1,signal_scaled_scalp:strategy=vwap_extension_fade_4pt:direction=all:first_target_points=0.5:stop_points=1.5:runner_target_points=1.5:runner_stop_mode=breakeven,vwap_extension_fade_4pt,all,0.5,1.5,1.5,breakeven,259,259,259,117,142,72,70,0,0,142,0.54826255,-8600,-10413,-40.2046332,134,125,"two-contract post-signal scalp: one contract exits at first target, one runner uses selected stop mode and runner target"
1,signal_scaled_scalp:strategy=vwap_extension_fade_4pt:direction=all:first_target_points=0.5:stop_points=1.5:runner_target_points=1.5:runner_stop_mode=initial,vwap_extension_fade_4pt,all,0.5,1.5,1.5,initial,259,259,259,117,142,100,42,0,0,100,0.38610039,-9650,-11463,-44.25868726,134,125,"two-contract post-signal scalp: one contract exits at first target, one runner uses selected stop mode and runner target"
1,signal_scaled_scalp:strategy=vwap_extension_fade_4pt:direction=all:first_target_points=0.5:stop_points=1.5:runner_target_points=2:runner_stop_mode=breakeven,vwap_extension_fade_4pt,all,0.5,1.5,2,breakeven,259,259,259,117,142,64,78,0,0,142,0.54826255,-7600,-9413,-36.34362934,134,125,"two-contract post-signal scalp: one contract exits at first target, one runner uses selected stop mode and runner target"
1,signal_scaled_scalp:strategy=vwap_extension_fade_4pt:direction=all:first_target_points=0.5:stop_points=1.5:runner_target_points=2:runner_stop_mode=initial,vwap_extension_fade_4pt,all,0.5,1.5,2,initial,259,259,259,117,142,93,49,0,0,93,0.35907336,-8375,-10188,-39.33590734,134,125,"two-contract post-signal scalp: one contract exits at first target, one runner uses selected stop mode and runner target"
1,signal_scaled_scalp:strategy=vwap_extension_fade_4pt:direction=all:first_target_points=0.5:stop_points=1.5:runner_target_points=3:runner_stop_mode=breakeven,vwap_extension_fade_4pt,all,0.5,1.5,3,breakeven,259,259,259,117,142,46,96,0,0,142,0.54826255,-7100,-8913,-34.41312741,134,125,"two-contract post-signal scalp: one contract exits at first target, one runner uses selected stop mode and runner target"
1,signal_scaled_scalp:strategy=vwap_extension_fade_4pt:direction=all:first_target_points=0.5:stop_points=1.5:runner_target_points=3:runner_stop_mode=initial,vwap_extension_fade_4pt,all,0.5,1.5,3,initial,259,259,259,117,142,78,64,0,0,78,0.3011583,-7100,-8913,-34.41312741,134,125,"two-contract post-signal scalp: one contract exits at first target, one runner uses selected stop mode and runner target"
1,signal_scaled_scalp:strategy=vwap_extension_fade_4pt:direction=all:first_target_points=0.5:stop_points=1.5:runner_target_points=5:runner_stop_mode=breakeven,vwap_extension_fade_4pt,all,0.5,1.5,5,breakeven,259,259,259,117,142,28,114,0,0,142,0.54826255,-7000,-8813,-34.02702703,134,125,"two-contract post-signal scalp: one contract exits at first target, one runner uses selected stop mode and runner target"
1,signal_scaled_scalp:strategy=vwap_extension_fade_4pt:direction=all:first_target_points=0.5:stop_points=1.5:runner_target_points=5:runner_stop_mode=initial,vwap_extension_fade_4pt,all,0.5,1.5,5,initial,259,259,259,117,142,55,87,0,0,55,0.21235521,-6775,-8588,-33.15830116,134,125,"two-contract post-signal scalp: one contract exits at first target, one runner uses selected stop mode and runner target"
1,signal_scaled_scalp:strategy=vwap_extension_fade_4pt:direction=all:first_target_points=0.5:stop_points=2:runner_target_points=1.5:runner_stop_mode=breakeven,vwap_extension_fade_4pt,all,0.5,2,1.5,breakeven,259,259,259,98,161,78,83,0,0,161,0.62162162,-9725,-11538,-44.54826255,134,125,"two-contract post-signal scalp: one contract exits at first target, one runner uses selected stop mode and runner target"
1,signal_scaled_scalp:strategy=vwap_extension_fade_4pt:direction=all:first_target_points=0.5:stop_points=2:runner_target_points=1.5:runner_stop_mode=initial,vwap_extension_fade_4pt,all,0.5,2,1.5,initial,259,259,259,98,161,128,33,0,0,128,0.49420849,-9275,-11088,-42.81081081,134,125,"two-contract post-signal scalp: one contract exits at first target, one runner uses selected stop mode and runner target"
1,signal_scaled_scalp:strategy=vwap_extension_fade_4pt:direction=all:first_target_points=0.5:stop_points=2:runner_target_points=2:runner_stop_mode=breakeven,vwap_extension_fade_4pt,all,0.5,2,2,breakeven,259,259,259,98,161,70,91,0,0,161,0.62162162,-8575,-10388,-40.10810811,134,125,"two-contract post-signal scalp: one contract exits at first target, one runner uses selected stop mode and runner target"
1,signal_scaled_scalp:strategy=vwap_extension_fade_4pt:direction=all:first_target_points=0.5:stop_points=2:runner_target_points=2:runner_stop_mode=initial,vwap_extension_fade_4pt,all,0.5,2,2,initial,259,259,259,98,161,120,41,0,0,120,0.46332046,-7675,-9488,-36.63320463,134,125,"two-contract post-signal scalp: one contract exits at first target, one runner uses selected stop mode and runner target"
1,signal_scaled_scalp:strategy=vwap_extension_fade_4pt:direction=all:first_target_points=0.5:stop_points=2:runner_target_points=3:runner_stop_mode=breakeven,vwap_extension_fade_4pt,all,0.5,2,3,breakeven,259,259,259,98,161,51,110,0,0,161,0.62162162,-7925,-9738,-37.5984556,134,125,"two-contract post-signal scalp: one contract exits at first target, one runner uses selected stop mode and runner target"
1,signal_scaled_scalp:strategy=vwap_extension_fade_4pt:direction=all:first_target_points=0.5:stop_points=2:runner_target_points=3:runner_stop_mode=initial,vwap_extension_fade_4pt,all,0.5,2,3,initial,259,259,259,98,161,103,58,0,0,103,0.3976834,-5925,-7738,-29.87644788,134,125,"two-contract post-signal scalp: one contract exits at first target, one runner uses selected stop mode and runner target"
1,signal_scaled_scalp:strategy=vwap_extension_fade_4pt:direction=all:first_target_points=0.5:stop_points=2:runner_target_points=5:runner_stop_mode=breakeven,vwap_extension_fade_4pt,all,0.5,2,5,breakeven,259,259,259,98,161,31,130,0,0,161,0.62162162,-7825,-9638,-37.21235521,134,125,"two-contract post-signal scalp: one contract exits at first target, one runner uses selected stop mode and runner target"
1,signal_scaled_scalp:strategy=vwap_extension_fade_4pt:direction=all:first_target_points=0.5:stop_points=2:runner_target_points=5:runner_stop_mode=initial,vwap_extension_fade_4pt,all,0.5,2,5,initial,259,259,259,98,161,75,86,0,0,75,0.28957529,-5425,-7238,-27.94594595,134,125,"two-contract post-signal scalp: one contract exits at first target, one runner uses selected stop mode and runner target"
1,signal_scaled_scalp:strategy=vwap_extension_fade_4pt:direction=all:first_target_points=1:stop_points=1:runner_target_points=1.5:runner_stop_mode=breakeven,vwap_extension_fade_4pt,all,1,1,1.5,breakeven,259,259,259,150,109,77,32,0,0,109,0.42084942,-3775,-5588,-21.57528958,134,125,"two-contract post-signal scalp: one contract exits at first target, one runner uses selected stop mode and runner target"
1,signal_scaled_scalp:strategy=vwap_extension_fade_4pt:direction=all:first_target_points=1:stop_points=1:runner_target_points=1.5:runner_stop_mode=initial,vwap_extension_fade_4pt,all,1,1,1.5,initial,259,259,259,150,109,87,22,0,0,87,0.33590734,-4125,-5938,-22.92664093,134,125,"two-contract post-signal scalp: one contract exits at first target, one runner uses selected stop mode and runner target"
1,signal_scaled_scalp:strategy=vwap_extension_fade_4pt:direction=all:first_target_points=1:stop_points=1:runner_target_points=2:runner_stop_mode=breakeven,vwap_extension_fade_4pt,all,1,1,2,breakeven,259,259,259,150,109,67,42,0,0,109,0.42084942,-2850,-4663,-18.003861,134,125,"two-contract post-signal scalp: one contract exits at first target, one runner uses selected stop mode and runner target"
1,signal_scaled_scalp:strategy=vwap_extension_fade_4pt:direction=all:first_target_points=1:stop_points=1:runner_target_points=2:runner_stop_mode=initial,vwap_extension_fade_4pt,all,1,1,2,initial,259,259,259,150,109,79,30,0,0,79,0.30501931,-3150,-4963,-19.16216216,134,125,"two-contract post-signal scalp: one contract exits at first target, one runner uses selected stop mode and runner target"
1,signal_scaled_scalp:strategy=vwap_extension_fade_4pt:direction=all:first_target_points=1:stop_points=1:runner_target_points=3:runner_stop_mode=breakeven,vwap_extension_fade_4pt,all,1,1,3,breakeven,259,259,259,150,109,49,60,0,0,109,0.42084942,-2200,-4013,-15.49420849,134,125,"two-contract post-signal scalp: one contract exits at first target, one runner uses selected stop mode and runner target"
1,signal_scaled_scalp:strategy=vwap_extension_fade_4pt:direction=all:first_target_points=1:stop_points=1:runner_target_points=3:runner_stop_mode=initial,vwap_extension_fade_4pt,all,1,1,3,initial,259,259,259,150,109,64,45,0,0,64,0.24710425,-2200,-4013,-15.49420849,134,125,"two-contract post-signal scalp: one contract exits at first target, one runner uses selected stop mode and runner target"
1,signal_scaled_scalp:strategy=vwap_extension_fade_4pt:direction=all:first_target_points=1:stop_points=1:runner_target_points=5:runner_stop_mode=breakeven,vwap_extension_fade_4pt,all,1,1,5,breakeven,259,259,259,150,109,30,79,0,0,109,0.42084942,-2050,-3863,-14.91505792,134,125,"two-contract post-signal scalp: one contract exits at first target, one runner uses selected stop mode and runner target"
1,signal_scaled_scalp:strategy=vwap_extension_fade_4pt:direction=all:first_target_points=1:stop_points=1:runner_target_points=5:runner_stop_mode=initial,vwap_extension_fade_4pt,all,1,1,5,initial,259,259,259,150,109,44,65,0,0,44,0.16988417,-1800,-3613,-13.94980695,134,125,"two-contract post-signal scalp: one contract exits at first target, one runner uses selected stop mode and runner target"
1,signal_scaled_scalp:strategy=vwap_extension_fade_4pt:direction=all:first_target_points=1:stop_points=1.5:runner_target_points=1.5:runner_stop_mode=breakeven,vwap_extension_fade_4pt,all,1,1.5,1.5,breakeven,259,259,259,138,121,83,38,0,0,121,0.46718147,-8425,-10238,-39.52895753,134,125,"two-contract post-signal scalp: one contract exits at first target, one runner uses selected stop mode and runner target"
1,signal_scaled_scalp:strategy=vwap_extension_fade_4pt:direction=all:first_target_points=1:stop_points=1.5:runner_target_points=1.5:runner_stop_mode=initial,vwap_extension_fade_4pt,all,1,1.5,1.5,initial,259,259,259,138,121,100,21,0,0,100,0.38610039,-8725,-10538,-40.68725869,134,125,"two-contract post-signal scalp: one contract exits at first target, one runner uses selected stop mode and runner target"
1,signal_scaled_scalp:strategy=vwap_extension_fade_4pt:direction=all:first_target_points=1:stop_points=1.5:runner_target_points=2:runner_stop_mode=breakeven,vwap_extension_fade_4pt,all,1,1.5,2,breakeven,259,259,259,138,121,72,49,0,0,121,0.46718147,-7450,-9263,-35.76447876,134,125,"two-contract post-signal scalp: one contract exits at first target, one runner uses selected stop mode and runner target"
1,signal_scaled_scalp:strategy=vwap_extension_fade_4pt:direction=all:first_target_points=1:stop_points=1.5:runner_target_points=2:runner_stop_mode=initial,vwap_extension_fade_4pt,all,1,1.5,2,initial,259,259,259,138,121,93,28,0,0,93,0.35907336,-7450,-9263,-35.76447876,134,125,"two-contract post-signal scalp: one contract exits at first target, one runner uses selected stop mode and runner target"
1,signal_scaled_scalp:strategy=vwap_extension_fade_4pt:direction=all:first_target_points=1:stop_points=1.5:runner_target_points=3:runner_stop_mode=breakeven,vwap_extension_fade_4pt,all,1,1.5,3,breakeven,259,259,259,138,121,53,68,0,0,121,0.46718147,-6700,-8513,-32.86872587,134,125,"two-contract post-signal scalp: one contract exits at first target, one runner uses selected stop mode and runner target"
1,signal_scaled_scalp:strategy=vwap_extension_fade_4pt:direction=all:first_target_points=1:stop_points=1.5:runner_target_points=3:runner_stop_mode=initial,vwap_extension_fade_4pt,all,1,1.5,3,initial,259,259,259,138,121,78,43,0,0,78,0.3011583,-6175,-7988,-30.84169884,134,125,"two-contract post-signal scalp: one contract exits at first target, one runner uses selected stop mode and runner target"
1,signal_scaled_scalp:strategy=vwap_extension_fade_4pt:direction=all:first_target_points=1:stop_points=1.5:runner_target_points=5:runner_stop_mode=breakeven,vwap_extension_fade_4pt,all,1,1.5,5,breakeven,259,259,259,138,121,32,89,0,0,121,0.46718147,-6650,-8463,-32.67567568,134,125,"two-contract post-signal scalp: one contract exits at first target, one runner uses selected stop mode and runner target"
1,signal_scaled_scalp:strategy=vwap_extension_fade_4pt:direction=all:first_target_points=1:stop_points=1.5:runner_target_points=5:runner_stop_mode=initial,vwap_extension_fade_4pt,all,1,1.5,5,initial,259,259,259,138,121,55,66,0,0,55,0.21235521,-5850,-7663,-29.58687259,134,125,"two-contract post-signal scalp: one contract exits at first target, one runner uses selected stop mode and runner target"
1,signal_scaled_scalp:strategy=vwap_extension_fade_4pt:direction=all:first_target_points=1:stop_points=2:runner_target_points=1.5:runner_stop_mode=breakeven,vwap_extension_fade_4pt,all,1,2,1.5,breakeven,259,259,259,114,145,101,44,0,0,145,0.55984556,-7975,-9788,-37.79150579,134,125,"two-contract post-signal scalp: one contract exits at first target, one runner uses selected stop mode and runner target"
1,signal_scaled_scalp:strategy=vwap_extension_fade_4pt:direction=all:first_target_points=1:stop_points=2:runner_target_points=1.5:runner_stop_mode=initial,vwap_extension_fade_4pt,all,1,2,1.5,initial,259,259,259,114,145,128,17,0,0,128,0.49420849,-7650,-9463,-36.53667954,134,125,"two-contract post-signal scalp: one contract exits at first target, one runner uses selected stop mode and runner target"
1,signal_scaled_scalp:strategy=vwap_extension_fade_4pt:direction=all:first_target_points=1:stop_points=2:runner_target_points=2:runner_stop_mode=breakeven,vwap_extension_fade_4pt,all,1,2,2,breakeven,259,259,259,114,145,87,58,0,0,145,0.55984556,-6850,-8663,-33.44787645,134,125,"two-contract post-signal scalp: one contract exits at first target, one runner uses selected stop mode and runner target"
1,signal_scaled_scalp:strategy=vwap_extension_fade_4pt:direction=all:first_target_points=1:stop_points=2:runner_target_points=2:runner_stop_mode=initial,vwap_extension_fade_4pt,all,1,2,2,initial,259,259,259,114,145,120,25,0,0,120,0.46332046,-6050,-7863,-30.35907336,134,125,"two-contract post-signal scalp: one contract exits at first target, one runner uses selected stop mode and runner target"
1,signal_scaled_scalp:strategy=vwap_extension_fade_4pt:direction=all:first_target_points=1:stop_points=2:runner_target_points=3:runner_stop_mode=breakeven,vwap_extension_fade_4pt,all,1,2,3,breakeven,259,259,259,114,145,64,81,0,0,145,0.55984556,-5950,-7763,-29.97297297,134,125,"two-contract post-signal scalp: one contract exits at first target, one runner uses selected stop mode and runner target"
1,signal_scaled_scalp:strategy=vwap_extension_fade_4pt:direction=all:first_target_points=1:stop_points=2:runner_target_points=3:runner_stop_mode=initial,vwap_extension_fade_4pt,all,1,2,3,initial,259,259,259,114,145,103,42,0,0,103,0.3976834,-4300,-6113,-23.6023166,134,125,"two-contract post-signal scalp: one contract exits at first target, one runner uses selected stop mode and runner target"
1,signal_scaled_scalp:strategy=vwap_extension_fade_4pt:direction=all:first_target_points=1:stop_points=2:runner_target_points=5:runner_stop_mode=breakeven,vwap_extension_fade_4pt,all,1,2,5,breakeven,259,259,259,114,145,39,106,0,0,145,0.55984556,-5800,-7613,-29.39382239,134,125,"two-contract post-signal scalp: one contract exits at first target, one runner uses selected stop mode and runner target"
1,signal_scaled_scalp:strategy=vwap_extension_fade_4pt:direction=all:first_target_points=1:stop_points=2:runner_target_points=5:runner_stop_mode=initial,vwap_extension_fade_4pt,all,1,2,5,initial,259,259,259,114,145,75,70,0,0,75,0.28957529,-3800,-5613,-21.67181467,134,125,"two-contract post-signal scalp: one contract exits at first target, one runner uses selected stop mode and runner target"
1,signal_scaled_scalp:strategy=vwap_extension_fade_4pt:direction=all:first_target_points=1.5:stop_points=1:runner_target_points=2:runner_stop_mode=breakeven,vwap_extension_fade_4pt,all,1.5,1,2,breakeven,259,259,259,172,87,76,11,0,0,87,0.33590734,-3075,-4888,-18.87258687,134,125,"two-contract post-signal scalp: one contract exits at first target, one runner uses selected stop mode and runner target"
1,signal_scaled_scalp:strategy=vwap_extension_fade_4pt:direction=all:first_target_points=1.5:stop_points=1:runner_target_points=2:runner_stop_mode=initial,vwap_extension_fade_4pt,all,1.5,1,2,initial,259,259,259,172,87,79,8,0,0,87,0.33590734,-3175,-4988,-19.25868726,134,125,"two-contract post-signal scalp: one contract exits at first target, one runner uses selected stop mode and runner target"
1,signal_scaled_scalp:strategy=vwap_extension_fade_4pt:direction=all:first_target_points=1.5:stop_points=1:runner_target_points=3:runner_stop_mode=breakeven,vwap_extension_fade_4pt,all,1.5,1,3,breakeven,259,259,259,172,87,54,33,0,0,87,0.33590734,-2575,-4388,-16.94208494,134,125,"two-contract post-signal scalp: one contract exits at first target, one runner uses selected stop mode and runner target"
1,signal_scaled_scalp:strategy=vwap_extension_fade_4pt:direction=all:first_target_points=1.5:stop_points=1:runner_target_points=3:runner_stop_mode=initial,vwap_extension_fade_4pt,all,1.5,1,3,initial,259,259,259,172,87,64,23,0,0,87,0.33590734,-2225,-4038,-15.59073359,134,125,"two-contract post-signal scalp: one contract exits at first target, one runner uses selected stop mode and runner target"
1,signal_scaled_scalp:strategy=vwap_extension_fade_4pt:direction=all:first_target_points=1.5:stop_points=1:runner_target_points=5:runner_stop_mode=breakeven,vwap_extension_fade_4pt,all,1.5,1,5,breakeven,259,259,259,172,87,32,55,0,0,87,0.33590734,-2675,-4488,-17.32818533,134,125,"two-contract post-signal scalp: one contract exits at first target, one runner uses selected stop mode and runner target"
1,signal_scaled_scalp:strategy=vwap_extension_fade_4pt:direction=all:first_target_points=1.5:stop_points=1:runner_target_points=5:runner_stop_mode=initial,vwap_extension_fade_4pt,all,1.5,1,5,initial,259,259,259,172,87,44,43,0,0,87,0.33590734,-1825,-3638,-14.04633205,134,125,"two-contract post-signal scalp: one contract exits at first target, one runner uses selected stop mode and runner target"
1,signal_scaled_scalp:strategy=vwap_extension_fade_4pt:direction=all:first_target_points=1.5:stop_points=1.5:runner_target_points=2:runner_stop_mode=breakeven,vwap_extension_fade_4pt,all,1.5,1.5,2,breakeven,259,259,259,159,100,88,12,0,0,100,0.38610039,-7550,-9363,-36.15057915,134,125,"two-contract post-signal scalp: one contract exits at first target, one runner uses selected stop mode and runner target"
1,signal_scaled_scalp:strategy=vwap_extension_fade_4pt:direction=all:first_target_points=1.5:stop_points=1.5:runner_target_points=2:runner_stop_mode=initial,vwap_extension_fade_4pt,all,1.5,1.5,2,initial,259,259,259,159,100,93,7,0,0,93,0.35907336,-7575,-9388,-36.24710425,134,125,"two-contract post-signal scalp: one contract exits at first target, one runner uses selected stop mode and runner target"
1,signal_scaled_scalp:strategy=vwap_extension_fade_4pt:direction=all:first_target_points=1.5:stop_points=1.5:runner_target_points=3:runner_stop_mode=breakeven,vwap_extension_fade_4pt,all,1.5,1.5,3,breakeven,259,259,259,159,100,62,38,0,0,100,0.38610039,-7050,-8863,-34.22007722,134,125,"two-contract post-signal scalp: one contract exits at first target, one runner uses selected stop mode and runner target"
1,signal_scaled_scalp:strategy=vwap_extension_fade_4pt:direction=all:first_target_points=1.5:stop_points=1.5:runner_target_points=3:runner_stop_mode=initial,vwap_extension_fade_4pt,all,1.5,1.5,3,initial,259,259,259,159,100,78,22,0,0,78,0.3011583,-6300,-8113,-31.32432432,134,125,"two-contract post-signal scalp: one contract exits at first target, one runner uses selected stop mode and runner target"
1,signal_scaled_scalp:strategy=vwap_extension_fade_4pt:direction=all:first_target_points=1.5:stop_points=1.5:runner_target_points=5:runner_stop_mode=breakeven,vwap_extension_fade_4pt,all,1.5,1.5,5,breakeven,259,259,259,159,100,36,64,0,0,100,0.38610039,-7350,-9163,-35.37837838,134,125,"two-contract post-signal scalp: one contract exits at first target, one runner uses selected stop mode and runner target"
1,signal_scaled_scalp:strategy=vwap_extension_fade_4pt:direction=all:first_target_points=1.5:stop_points=1.5:runner_target_points=5:runner_stop_mode=initial,vwap_extension_fade_4pt,all,1.5,1.5,5,initial,259,259,259,159,100,55,45,0,0,55,0.21235521,-5975,-7788,-30.06949807,134,125,"two-contract post-signal scalp: one contract exits at first target, one runner uses selected stop mode and runner target"
1,signal_scaled_scalp:strategy=vwap_extension_fade_4pt:direction=all:first_target_points=1.5:stop_points=2:runner_target_points=2:runner_stop_mode=breakeven,vwap_extension_fade_4pt,all,1.5,2,2,breakeven,259,259,259,131,128,109,19,0,0,128,0.49420849,-5700,-7513,-29.00772201,134,125,"two-contract post-signal scalp: one contract exits at first target, one runner uses selected stop mode and runner target"
1,signal_scaled_scalp:strategy=vwap_extension_fade_4pt:direction=all:first_target_points=1.5:stop_points=2:runner_target_points=2:runner_stop_mode=initial,vwap_extension_fade_4pt,all,1.5,2,2,initial,259,259,259,131,128,120,8,0,0,120,0.46332046,-5400,-7213,-27.84942085,134,125,"two-contract post-signal scalp: one contract exits at first target, one runner uses selected stop mode and runner target"
1,signal_scaled_scalp:strategy=vwap_extension_fade_4pt:direction=all:first_target_points=1.5:stop_points=2:runner_target_points=3:runner_stop_mode=breakeven,vwap_extension_fade_4pt,all,1.5,2,3,breakeven,259,259,259,131,128,76,52,0,0,128,0.49420849,-5200,-7013,-27.07722008,134,125,"two-contract post-signal scalp: one contract exits at first target, one runner uses selected stop mode and runner target"
1,signal_scaled_scalp:strategy=vwap_extension_fade_4pt:direction=all:first_target_points=1.5:stop_points=2:runner_target_points=3:runner_stop_mode=initial,vwap_extension_fade_4pt,all,1.5,2,3,initial,259,259,259,131,128,103,25,0,0,103,0.3976834,-3650,-5463,-21.09266409,134,125,"two-contract post-signal scalp: one contract exits at first target, one runner uses selected stop mode and runner target"
1,signal_scaled_scalp:strategy=vwap_extension_fade_4pt:direction=all:first_target_points=1.5:stop_points=2:runner_target_points=5:runner_stop_mode=breakeven,vwap_extension_fade_4pt,all,1.5,2,5,breakeven,259,259,259,131,128,46,82,0,0,128,0.49420849,-5100,-6913,-26.69111969,134,125,"two-contract post-signal scalp: one contract exits at first target, one runner uses selected stop mode and runner target"
1,signal_scaled_scalp:strategy=vwap_extension_fade_4pt:direction=all:first_target_points=1.5:stop_points=2:runner_target_points=5:runner_stop_mode=initial,vwap_extension_fade_4pt,all,1.5,2,5,initial,259,259,259,131,128,75,53,0,0,75,0.28957529,-3150,-4963,-19.16216216,134,125,"two-contract post-signal scalp: one contract exits at first target, one runner uses selected stop mode and runner target"
1,signal_scaled_scalp:strategy=impulse_fade_3bar_1.5pt:direction=all:first_target_points=0.5:stop_points=1:runner_target_points=1.5:runner_stop_mode=breakeven,impulse_fade_3bar_1.5pt,all,0.5,1,1.5,breakeven,291,291,291,172,119,70,49,0,0,119,0.40893471,-8975,-11012,-37.8419244,149,142,"two-contract post-signal scalp: one contract exits at first target, one runner uses selected stop mode and runner target"
1,signal_scaled_scalp:strategy=impulse_fade_3bar_1.5pt:direction=all:first_target_points=0.5:stop_points=1:runner_target_points=1.5:runner_stop_mode=initial,impulse_fade_3bar_1.5pt,all,0.5,1,1.5,initial,291,291,291,172,119,89,30,0,0,89,0.30584192,-9050,-11087,-38.09965636,149,142,"two-contract post-signal scalp: one contract exits at first target, one runner uses selected stop mode and runner target"
1,signal_scaled_scalp:strategy=impulse_fade_3bar_1.5pt:direction=all:first_target_points=0.5:stop_points=1:runner_target_points=2:runner_stop_mode=breakeven,impulse_fade_3bar_1.5pt,all,0.5,1,2,breakeven,291,291,291,172,119,56,63,0,0,119,0.40893471,-8625,-10662,-36.63917526,149,142,"two-contract post-signal scalp: one contract exits at first target, one runner uses selected stop mode and runner target"
1,signal_scaled_scalp:strategy=impulse_fade_3bar_1.5pt:direction=all:first_target_points=0.5:stop_points=1:runner_target_points=2:runner_stop_mode=initial,impulse_fade_3bar_1.5pt,all,0.5,1,2,initial,291,291,291,172,119,72,47,0,0,72,0.24742268,-9375,-11412,-39.21649485,149,142,"two-contract post-signal scalp: one contract exits at first target, one runner uses selected stop mode and runner target"
1,signal_scaled_scalp:strategy=impulse_fade_3bar_1.5pt:direction=all:first_target_points=0.5:stop_points=1:runner_target_points=3:runner_stop_mode=breakeven,impulse_fade_3bar_1.5pt,all,0.5,1,3,breakeven,291,291,291,172,119,41,78,0,0,119,0.40893471,-8075,-10112,-34.74914089,149,142,"two-contract post-signal scalp: one contract exits at first target, one runner uses selected stop mode and runner target"
1,signal_scaled_scalp:strategy=impulse_fade_3bar_1.5pt:direction=all:first_target_points=0.5:stop_points=1:runner_target_points=3:runner_stop_mode=initial,impulse_fade_3bar_1.5pt,all,0.5,1,3,initial,291,291,291,172,119,58,61,0,0,58,0.19931271,-8575,-10612,-36.46735395,149,142,"two-contract post-signal scalp: one contract exits at first target, one runner uses selected stop mode and runner target"
1,signal_scaled_scalp:strategy=impulse_fade_3bar_1.5pt:direction=all:first_target_points=0.5:stop_points=1:runner_target_points=5:runner_stop_mode=breakeven,impulse_fade_3bar_1.5pt,all,0.5,1,5,breakeven,291,291,291,172,119,34,85,0,0,119,0.40893471,-5725,-7762,-26.67353952,149,142,"two-contract post-signal scalp: one contract exits at first target, one runner uses selected stop mode and runner target"
1,signal_scaled_scalp:strategy=impulse_fade_3bar_1.5pt:direction=all:first_target_points=0.5:stop_points=1:runner_target_points=5:runner_stop_mode=initial,impulse_fade_3bar_1.5pt,all,0.5,1,5,initial,291,291,291,172,119,47,72,0,0,47,0.16151203,-6075,-8112,-27.87628866,149,142,"two-contract post-signal scalp: one contract exits at first target, one runner uses selected stop mode and runner target"
1,signal_scaled_scalp:strategy=impulse_fade_3bar_1.5pt:direction=all:first_target_points=0.5:stop_points=1.5:runner_target_points=1.5:runner_stop_mode=breakeven,impulse_fade_3bar_1.5pt,all,0.5,1.5,1.5,breakeven,291,291,291,156,135,73,62,0,0,135,0.46391753,-14550,-16587,-57,149,142,"two-contract post-signal scalp: one contract exits at first target, one runner uses selected stop mode and runner target"
1,signal_scaled_scalp:strategy=impulse_fade_3bar_1.5pt:direction=all:first_target_points=0.5:stop_points=1.5:runner_target_points=1.5:runner_stop_mode=initial,impulse_fade_3bar_1.5pt,all,0.5,1.5,1.5,initial,291,291,291,156,135,100,35,0,0,100,0.34364261,-15150,-17187,-59.06185567,149,142,"two-contract post-signal scalp: one contract exits at first target, one runner uses selected stop mode and runner target"
1,signal_scaled_scalp:strategy=impulse_fade_3bar_1.5pt:direction=all:first_target_points=0.5:stop_points=1.5:runner_target_points=2:runner_stop_mode=breakeven,impulse_fade_3bar_1.5pt,all,0.5,1.5,2,breakeven,291,291,291,156,135,57,78,0,0,135,0.46391753,-14325,-16362,-56.22680412,149,142,"two-contract post-signal scalp: one contract exits at first target, one runner uses selected stop mode and runner target"
1,signal_scaled_scalp:strategy=impulse_fade_3bar_1.5pt:direction=all:first_target_points=0.5:stop_points=1.5:runner_target_points=2:runner_stop_mode=initial,impulse_fade_3bar_1.5pt,all,0.5,1.5,2,initial,291,291,291,156,135,86,49,0,0,86,0.29553265,-15100,-17137,-58.89003436,149,142,"two-contract post-signal scalp: one contract exits at first target, one runner uses selected stop mode and runner target"
1,signal_scaled_scalp:strategy=impulse_fade_3bar_1.5pt:direction=all:first_target_points=0.5:stop_points=1.5:runner_target_points=3:runner_stop_mode=breakeven,impulse_fade_3bar_1.5pt,all,0.5,1.5,3,breakeven,291,291,291,156,135,42,93,0,0,135,0.46391753,-13725,-15762,-54.16494845,149,142,"two-contract post-signal scalp: one contract exits at first target, one runner uses selected stop mode and runner target"
1,signal_scaled_scalp:strategy=impulse_fade_3bar_1.5pt:direction=all:first_target_points=0.5:stop_points=1.5:runner_target_points=3:runner_stop_mode=initial,impulse_fade_3bar_1.5pt,all,0.5,1.5,3,initial,291,291,291,156,135,71,64,0,0,71,0.24398625,-14175,-16212,-55.71134021,149,142,"two-contract post-signal scalp: one contract exits at first target, one runner uses selected stop mode and runner target"
1,signal_scaled_scalp:strategy=impulse_fade_3bar_1.5pt:direction=all:first_target_points=0.5:stop_points=1.5:runner_target_points=5:runner_stop_mode=breakeven,impulse_fade_3bar_1.5pt,all,0.5,1.5,5,breakeven,291,291,291,156,135,34,101,0,0,135,0.46391753,-11525,-13562,-46.604811,149,142,"two-contract post-signal scalp: one contract exits at first target, one runner uses selected stop mode and runner target"
1,signal_scaled_scalp:strategy=impulse_fade_3bar_1.5pt:direction=all:first_target_points=0.5:stop_points=1.5:runner_target_points=5:runner_stop_mode=initial,impulse_fade_3bar_1.5pt,all,0.5,1.5,5,initial,291,291,291,156,135,56,79,0,0,56,0.19243986,-11950,-13987,-48.0652921,149,142,"two-contract post-signal scalp: one contract exits at first target, one runner uses selected stop mode and runner target"
1,signal_scaled_scalp:strategy=impulse_fade_3bar_1.5pt:direction=all:first_target_points=0.5:stop_points=2:runner_target_points=1.5:runner_stop_mode=breakeven,impulse_fade_3bar_1.5pt,all,0.5,2,1.5,breakeven,291,291,291,139,152,78,74,0,0,152,0.52233677,-18150,-20187,-69.37113402,149,142,"two-contract post-signal scalp: one contract exits at first target, one runner uses selected stop mode and runner target"
1,signal_scaled_scalp:strategy=impulse_fade_3bar_1.5pt:direction=all:first_target_points=0.5:stop_points=2:runner_target_points=1.5:runner_stop_mode=initial,impulse_fade_3bar_1.5pt,all,0.5,2,1.5,initial,291,291,291,139,152,121,31,0,0,121,0.41580756,-18025,-20062,-68.94158076,149,142,"two-contract post-signal scalp: one contract exits at first target, one runner uses selected stop mode and runner target"
1,signal_scaled_scalp:strategy=impulse_fade_3bar_1.5pt:direction=all:first_target_points=0.5:stop_points=2:runner_target_points=2:runner_stop_mode=breakeven,impulse_fade_3bar_1.5pt,all,0.5,2,2,breakeven,291,291,291,139,152,62,90,0,0,152,0.52233677,-17800,-19837,-68.16838488,149,142,"two-contract post-signal scalp: one contract exits at first target, one runner uses selected stop mode and runner target"
1,signal_scaled_scalp:strategy=impulse_fade_3bar_1.5pt:direction=all:first_target_points=0.5:stop_points=2:runner_target_points=2:runner_stop_mode=initial,impulse_fade_3bar_1.5pt,all,0.5,2,2,initial,291,291,291,139,152,107,45,0,0,107,0.36769759,-17800,-19837,-68.16838488,149,142,"two-contract post-signal scalp: one contract exits at first target, one runner uses selected stop mode and runner target"
1,signal_scaled_scalp:strategy=impulse_fade_3bar_1.5pt:direction=all:first_target_points=0.5:stop_points=2:runner_target_points=3:runner_stop_mode=breakeven,impulse_fade_3bar_1.5pt,all,0.5,2,3,breakeven,291,291,291,139,152,45,107,0,0,152,0.52233677,-17250,-19287,-66.27835052,149,142,"two-contract post-signal scalp: one contract exits at first target, one runner uses selected stop mode and runner target"
1,signal_scaled_scalp:strategy=impulse_fade_3bar_1.5pt:direction=all:first_target_points=0.5:stop_points=2:runner_target_points=3:runner_stop_mode=initial,impulse_fade_3bar_1.5pt,all,0.5,2,3,initial,291,291,291,139,152,90,62,0,0,90,0.30927835,-16700,-18737,-64.38831615,149,142,"two-contract post-signal scalp: one contract exits at first target, one runner uses selected stop mode and runner target"
1,signal_scaled_scalp:strategy=impulse_fade_3bar_1.5pt:direction=all:first_target_points=0.5:stop_points=2:runner_target_points=5:runner_stop_mode=breakeven,impulse_fade_3bar_1.5pt,all,0.5,2,5,breakeven,291,291,291,139,152,36,116,0,0,152,0.52233677,-15000,-17037,-58.54639175,149,142,"two-contract post-signal scalp: one contract exits at first target, one runner uses selected stop mode and runner target"
1,signal_scaled_scalp:strategy=impulse_fade_3bar_1.5pt:direction=all:first_target_points=0.5:stop_points=2:runner_target_points=5:runner_stop_mode=initial,impulse_fade_3bar_1.5pt,all,0.5,2,5,initial,291,291,291,139,152,71,81,0,0,71,0.24398625,-14350,-16387,-56.31271478,149,142,"two-contract post-signal scalp: one contract exits at first target, one runner uses selected stop mode and runner target"
1,signal_scaled_scalp:strategy=impulse_fade_3bar_1.5pt:direction=all:first_target_points=1:stop_points=1:runner_target_points=1.5:runner_stop_mode=breakeven,impulse_fade_3bar_1.5pt,all,1,1,1.5,breakeven,291,291,291,188,103,74,29,0,0,103,0.35395189,-8100,-10137,-34.83505155,149,142,"two-contract post-signal scalp: one contract exits at first target, one runner uses selected stop mode and runner target"
1,signal_scaled_scalp:strategy=impulse_fade_3bar_1.5pt:direction=all:first_target_points=1:stop_points=1:runner_target_points=1.5:runner_stop_mode=initial,impulse_fade_3bar_1.5pt,all,1,1,1.5,initial,291,291,291,188,103,89,14,0,0,89,0.30584192,-7675,-9712,-33.37457045,149,142,"two-contract post-signal scalp: one contract exits at first target, one runner uses selected stop mode and runner target"
1,signal_scaled_scalp:strategy=impulse_fade_3bar_1.5pt:direction=all:first_target_points=1:stop_points=1:runner_target_points=2:runner_stop_mode=breakeven,impulse_fade_3bar_1.5pt,all,1,1,2,breakeven,291,291,291,188,103,59,44,0,0,103,0.35395189,-7750,-9787,-33.63230241,149,142,"two-contract post-signal scalp: one contract exits at first target, one runner uses selected stop mode and runner target"
1,signal_scaled_scalp:strategy=impulse_fade_3bar_1.5pt:direction=all:first_target_points=1:stop_points=1:runner_target_points=2:runner_stop_mode=initial,impulse_fade_3bar_1.5pt,all,1,1,2,initial,291,291,291,188,103,72,31,0,0,72,0.24742268,-8000,-10037,-34.49140893,149,142,"two-contract post-signal scalp: one contract exits at first target, one runner uses selected stop mode and runner target"
1,signal_scaled_scalp:strategy=impulse_fade_3bar_1.5pt:direction=all:first_target_points=1:stop_points=1:runner_target_points=3:runner_stop_mode=breakeven,impulse_fade_3bar_1.5pt,all,1,1,3,breakeven,291,291,291,188,103,44,59,0,0,103,0.35395189,-7050,-9087,-31.22680412,149,142,"two-contract post-signal scalp: one contract exits at first target, one runner uses selected stop mode and runner target"
1,signal_scaled_scalp:strategy=impulse_fade_3bar_1.5pt:direction=all:first_target_points=1:stop_points=1:runner_target_points=3:runner_stop_mode=initial,impulse_fade_3bar_1.5pt,all,1,1,3,initial,291,291,291,188,103,58,45,0,0,58,0.19931271,-7200,-9237,-31.74226804,149,142,"two-contract post-signal scalp: one contract exits at first target, one runner uses selected stop mode and runner target"
1,signal_scaled_scalp:strategy=impulse_fade_3bar_1.5pt:direction=all:first_target_points=1:stop_points=1:runner_target_points=5:runner_stop_mode=breakeven,impulse_fade_3bar_1.5pt,all,1,1,5,breakeven,291,291,291,188,103,35,68,0,0,103,0.35395189,-4900,-6937,-23.83848797,149,142,"two-contract post-signal scalp: one contract exits at first target, one runner uses selected stop mode and runner target"
1,signal_scaled_scalp:strategy=impulse_fade_3bar_1.5pt:direction=all:first_target_points=1:stop_points=1:runner_target_points=5:runner_stop_mode=initial,impulse_fade_3bar_1.5pt,all,1,1,5,initial,291,291,291,188,103,47,56,0,0,47,0.16151203,-4700,-6737,-23.15120275,149,142,"two-contract post-signal scalp: one contract exits at first target, one runner uses selected stop mode and runner target"
1,signal_scaled_scalp:strategy=impulse_fade_3bar_1.5pt:direction=all:first_target_points=1:stop_points=1.5:runner_target_points=1.5:runner_stop_mode=breakeven,impulse_fade_3bar_1.5pt,all,1,1.5,1.5,breakeven,291,291,291,179,112,77,35,0,0,112,0.38487973,-15475,-17512,-60.17869416,149,142,"two-contract post-signal scalp: one contract exits at first target, one runner uses selected stop mode and runner target"
1,signal_scaled_scalp:strategy=impulse_fade_3bar_1.5pt:direction=all:first_target_points=1:stop_points=1.5:runner_target_points=1.5:runner_stop_mode=initial,impulse_fade_3bar_1.5pt,all,1,1.5,1.5,initial,291,291,291,179,112,100,12,0,0,100,0.34364261,-14650,-16687,-57.34364261,149,142,"two-contract post-signal scalp: one contract exits at first target, one runner uses selected stop mode and runner target"
1,signal_scaled_scalp:strategy=impulse_fade_3bar_1.5pt:direction=all:first_target_points=1:stop_points=1.5:runner_target_points=2:runner_stop_mode=breakeven,impulse_fade_3bar_1.5pt,all,1,1.5,2,breakeven,291,291,291,179,112,60,52,0,0,112,0.38487973,-15250,-17287,-59.40549828,149,142,"two-contract post-signal scalp: one contract exits at first target, one runner uses selected stop mode and runner target"
1,signal_scaled_scalp:strategy=impulse_fade_3bar_1.5pt:direction=all:first_target_points=1:stop_points=1.5:runner_target_points=2:runner_stop_mode=initial,impulse_fade_3bar_1.5pt,all,1,1.5,2,initial,291,291,291,179,112,86,26,0,0,86,0.29553265,-14600,-16637,-57.17182131,149,142,"two-contract post-signal scalp: one contract exits at first target, one runner uses selected stop mode and runner target"
1,signal_scaled_scalp:strategy=impulse_fade_3bar_1.5pt:direction=all:first_target_points=1:stop_points=1.5:runner_target_points=3:runner_stop_mode=breakeven,impulse_fade_3bar_1.5pt,all,1,1.5,3,breakeven,291,291,291,179,112,45,67,0,0,112,0.38487973,-14500,-16537,-56.82817869,149,142,"two-contract post-signal scalp: one contract exits at first target, one runner uses selected stop mode and runner target"
1,signal_scaled_scalp:strategy=impulse_fade_3bar_1.5pt:direction=all:first_target_points=1:stop_points=1.5:runner_target_points=3:runner_stop_mode=initial,impulse_fade_3bar_1.5pt,all,1,1.5,3,initial,291,291,291,179,112,71,41,0,0,71,0.24398625,-13675,-15712,-53.99312715,149,142,"two-contract post-signal scalp: one contract exits at first target, one runner uses selected stop mode and runner target"
1,signal_scaled_scalp:strategy=impulse_fade_3bar_1.5pt:direction=all:first_target_points=1:stop_points=1.5:runner_target_points=5:runner_stop_mode=breakeven,impulse_fade_3bar_1.5pt,all,1,1.5,5,breakeven,291,291,291,179,112,35,77,0,0,112,0.38487973,-12500,-14537,-49.95532646,149,142,"two-contract post-signal scalp: one contract exits at first target, one runner uses selected stop mode and runner target"
1,signal_scaled_scalp:strategy=impulse_fade_3bar_1.5pt:direction=all:first_target_points=1:stop_points=1.5:runner_target_points=5:runner_stop_mode=initial,impulse_fade_3bar_1.5pt,all,1,1.5,5,initial,291,291,291,179,112,56,56,0,0,56,0.19243986,-11450,-13487,-46.34707904,149,142,"two-contract post-signal scalp: one contract exits at first target, one runner uses selected stop mode and runner target"
1,signal_scaled_scalp:strategy=impulse_fade_3bar_1.5pt:direction=all:first_target_points=1:stop_points=2:runner_target_points=1.5:runner_stop_mode=breakeven,impulse_fade_3bar_1.5pt,all,1,2,1.5,breakeven,291,291,291,158,133,94,39,0,0,133,0.45704467,-17900,-19937,-68.51202749,149,142,"two-contract post-signal scalp: one contract exits at first target, one runner uses selected stop mode and runner target"
1,signal_scaled_scalp:strategy=impulse_fade_3bar_1.5pt:direction=all:first_target_points=1:stop_points=2:runner_target_points=1.5:runner_stop_mode=initial,impulse_fade_3bar_1.5pt,all,1,2,1.5,initial,291,291,291,158,133,121,12,0,0,121,0.41580756,-17075,-19112,-65.67697595,149,142,"two-contract post-signal scalp: one contract exits at first target, one runner uses selected stop mode and runner target"
1,signal_scaled_scalp:strategy=impulse_fade_3bar_1.5pt:direction=all:first_target_points=1:stop_points=2:runner_target_points=2:runner_stop_mode=breakeven,impulse_fade_3bar_1.5pt,all,1,2,2,breakeven,291,291,291,158,133,74,59,0,0,133,0.45704467,-17550,-19587,-67.30927835,149,142,"two-contract post-signal scalp: one contract exits at first target, one runner uses selected stop mode and runner target"
1,signal_scaled_scalp:strategy=impulse_fade_3bar_1.5pt:direction=all:first_target_points=1:stop_points=2:runner_target_points=2:runner_stop_mode=initial,impulse_fade_3bar_1.5pt,all,1,2,2,initial,291,291,291,158,133,107,26,0,0,107,0.36769759,-16850,-18887,-64.90378007,149,142,"two-contract post-signal scalp: one contract exits at first target, one runner uses selected stop mode and runner target"
1,signal_scaled_scalp:strategy=impulse_fade_3bar_1.5pt:direction=all:first_target_points=1:stop_points=2:runner_target_points=3:runner_stop_mode=breakeven,impulse_fade_3bar_1.5pt,all,1,2,3,breakeven,291,291,291,158,133,54,79,0,0,133,0.45704467,-16850,-18887,-64.90378007,149,142,"two-contract post-signal scalp: one contract exits at first target, one runner uses selected stop mode and runner target"
1,signal_scaled_scalp:strategy=impulse_fade_3bar_1.5pt:direction=all:first_target_points=1:stop_points=2:runner_target_points=3:runner_stop_mode=initial,impulse_fade_3bar_1.5pt,all,1,2,3,initial,291,291,291,158,133,90,43,0,0,90,0.30927835,-15750,-17787,-61.12371134,149,142,"two-contract post-signal scalp: one contract exits at first target, one runner uses selected stop mode and runner target"
1,signal_scaled_scalp:strategy=impulse_fade_3bar_1.5pt:direction=all:first_target_points=1:stop_points=2:runner_target_points=5:runner_stop_mode=breakeven,impulse_fade_3bar_1.5pt,all,1,2,5,breakeven,291,291,291,158,133,41,92,0,0,133,0.45704467,-14700,-16737,-57.51546392,149,142,"two-contract post-signal scalp: one contract exits at first target, one runner uses selected stop mode and runner target"
1,signal_scaled_scalp:strategy=impulse_fade_3bar_1.5pt:direction=all:first_target_points=1:stop_points=2:runner_target_points=5:runner_stop_mode=initial,impulse_fade_3bar_1.5pt,all,1,2,5,initial,291,291,291,158,133,71,62,0,0,71,0.24398625,-13400,-15437,-53.04810997,149,142,"two-contract post-signal scalp: one contract exits at first target, one runner uses selected stop mode and runner target"
1,signal_scaled_scalp:strategy=impulse_fade_3bar_1.5pt:direction=all:first_target_points=1.5:stop_points=1:runner_target_points=2:runner_stop_mode=breakeven,impulse_fade_3bar_1.5pt,all,1.5,1,2,breakeven,291,291,291,202,89,69,20,0,0,89,0.30584192,-6625,-8662,-29.76632302,149,142,"two-contract post-signal scalp: one contract exits at first target, one runner uses selected stop mode and runner target"
1,signal_scaled_scalp:strategy=impulse_fade_3bar_1.5pt:direction=all:first_target_points=1.5:stop_points=1:runner_target_points=2:runner_stop_mode=initial,impulse_fade_3bar_1.5pt,all,1.5,1,2,initial,291,291,291,202,89,72,17,0,0,89,0.30584192,-7175,-9212,-31.65635739,149,142,"two-contract post-signal scalp: one contract exits at first target, one runner uses selected stop mode and runner target"
1,signal_scaled_scalp:strategy=impulse_fade_3bar_1.5pt:direction=all:first_target_points=1.5:stop_points=1:runner_target_points=3:runner_stop_mode=breakeven,impulse_fade_3bar_1.5pt,all,1.5,1,3,breakeven,291,291,291,202,89,50,39,0,0,89,0.30584192,-6025,-8062,-27.70446735,149,142,"two-contract post-signal scalp: one contract exits at first target, one runner uses selected stop mode and runner target"
1,signal_scaled_scalp:strategy=impulse_fade_3bar_1.5pt:direction=all:first_target_points=1.5:stop_points=1:runner_target_points=3:runner_stop_mode=initial,impulse_fade_3bar_1.5pt,all,1.5,1,3,initial,291,291,291,202,89,58,31,0,0,89,0.30584192,-6375,-8412,-28.90721649,149,142,"two-contract post-signal scalp: one contract exits at first target, one runner uses selected stop mode and runner target"
1,signal_scaled_scalp:strategy=impulse_fade_3bar_1.5pt:direction=all:first_target_points=1.5:stop_points=1:runner_target_points=5:runner_stop_mode=breakeven,impulse_fade_3bar_1.5pt,all,1.5,1,5,breakeven,291,291,291,202,89,40,49,0,0,89,0.30584192,-3525,-5562,-19.11340206,149,142,"two-contract post-signal scalp: one contract exits at first target, one runner uses selected stop mode and runner target"
1,signal_scaled_scalp:strategy=impulse_fade_3bar_1.5pt:direction=all:first_target_points=1.5:stop_points=1:runner_target_points=5:runner_stop_mode=initial,impulse_fade_3bar_1.5pt,all,1.5,1,5,initial,291,291,291,202,89,47,42,0,0,89,0.30584192,-3875,-5912,-20.3161512,149,142,"two-contract post-signal scalp: one contract exits at first target, one runner uses selected stop mode and runner target"
1,signal_scaled_scalp:strategy=impulse_fade_3bar_1.5pt:direction=all:first_target_points=1.5:stop_points=1.5:runner_target_points=2:runner_stop_mode=breakeven,impulse_fade_3bar_1.5pt,all,1.5,1.5,2,breakeven,291,291,291,191,100,78,22,0,0,100,0.34364261,-13350,-15387,-52.87628866,149,142,"two-contract post-signal scalp: one contract exits at first target, one runner uses selected stop mode and runner target"
1,signal_scaled_scalp:strategy=impulse_fade_3bar_1.5pt:direction=all:first_target_points=1.5:stop_points=1.5:runner_target_points=2:runner_stop_mode=initial,impulse_fade_3bar_1.5pt,all,1.5,1.5,2,initial,291,291,291,191,100,86,14,0,0,86,0.29553265,-13600,-15637,-53.73539519,149,142,"two-contract post-signal scalp: one contract exits at first target, one runner uses selected stop mode and runner target"
1,signal_scaled_scalp:strategy=impulse_fade_3bar_1.5pt:direction=all:first_target_points=1.5:stop_points=1.5:runner_target_points=3:runner_stop_mode=breakeven,impulse_fade_3bar_1.5pt,all,1.5,1.5,3,breakeven,291,291,291,191,100,57,43,0,0,100,0.34364261,-12600,-14637,-50.29896907,149,142,"two-contract post-signal scalp: one contract exits at first target, one runner uses selected stop mode and runner target"
1,signal_scaled_scalp:strategy=impulse_fade_3bar_1.5pt:direction=all:first_target_points=1.5:stop_points=1.5:runner_target_points=3:runner_stop_mode=initial,impulse_fade_3bar_1.5pt,all,1.5,1.5,3,initial,291,291,291,191,100,71,29,0,0,71,0.24398625,-12675,-14712,-50.55670103,149,142,"two-contract post-signal scalp: one contract exits at first target, one runner uses selected stop mode and runner target"
1,signal_scaled_scalp:strategy=impulse_fade_3bar_1.5pt:direction=all:first_target_points=1.5:stop_points=1.5:runner_target_points=5:runner_stop_mode=breakeven,impulse_fade_3bar_1.5pt,all,1.5,1.5,5,breakeven,291,291,291,191,100,45,55,0,0,100,0.34364261,-9900,-11937,-41.02061856,149,142,"two-contract post-signal scalp: one contract exits at first target, one runner uses selected stop mode and runner target"
1,signal_scaled_scalp:strategy=impulse_fade_3bar_1.5pt:direction=all:first_target_points=1.5:stop_points=1.5:runner_target_points=5:runner_stop_mode=initial,impulse_fade_3bar_1.5pt,all,1.5,1.5,5,initial,291,291,291,191,100,56,44,0,0,56,0.19243986,-10450,-12487,-42.91065292,149,142,"two-contract post-signal scalp: one contract exits at first target, one runner uses selected stop mode and runner target"
1,signal_scaled_scalp:strategy=impulse_fade_3bar_1.5pt:direction=all:first_target_points=1.5:stop_points=2:runner_target_points=2:runner_stop_mode=breakeven,impulse_fade_3bar_1.5pt,all,1.5,2,2,breakeven,291,291,291,170,121,95,26,0,0,121,0.41580756,-15425,-17462,-60.00687285,149,142,"two-contract post-signal scalp: one contract exits at first target, one runner uses selected stop mode and runner target"
1,signal_scaled_scalp:strategy=impulse_fade_3bar_1.5pt:direction=all:first_target_points=1.5:stop_points=2:runner_target_points=2:runner_stop_mode=initial,impulse_fade_3bar_1.5pt,all,1.5,2,2,initial,291,291,291,170,121,107,14,0,0,107,0.36769759,-15625,-17662,-60.69415808,149,142,"two-contract post-signal scalp: one contract exits at first target, one runner uses selected stop mode and runner target"
1,signal_scaled_scalp:strategy=impulse_fade_3bar_1.5pt:direction=all:first_target_points=1.5:stop_points=2:runner_target_points=3:runner_stop_mode=breakeven,impulse_fade_3bar_1.5pt,all,1.5,2,3,breakeven,291,291,291,170,121,68,53,0,0,121,0.41580756,-14725,-16762,-57.60137457,149,142,"two-contract post-signal scalp: one contract exits at first target, one runner uses selected stop mode and runner target"
1,signal_scaled_scalp:strategy=impulse_fade_3bar_1.5pt:direction=all:first_target_points=1.5:stop_points=2:runner_target_points=3:runner_stop_mode=initial,impulse_fade_3bar_1.5pt,all,1.5,2,3,initial,291,291,291,170,121,90,31,0,0,90,0.30927835,-14525,-16562,-56.91408935,149,142,"two-contract post-signal scalp: one contract exits at first target, one runner uses selected stop mode and runner target"
1,signal_scaled_scalp:strategy=impulse_fade_3bar_1.5pt:direction=all:first_target_points=1.5:stop_points=2:runner_target_points=5:runner_stop_mode=breakeven,impulse_fade_3bar_1.5pt,all,1.5,2,5,breakeven,291,291,291,170,121,53,68,0,0,121,0.41580756,-11675,-13712,-47.12027491,149,142,"two-contract post-signal scalp: one contract exits at first target, one runner uses selected stop mode and runner target"
1,signal_scaled_scalp:strategy=impulse_fade_3bar_1.5pt:direction=all:first_target_points=1.5:stop_points=2:runner_target_points=5:runner_stop_mode=initial,impulse_fade_3bar_1.5pt,all,1.5,2,5,initial,291,291,291,170,121,71,50,0,0,71,0.24398625,-12175,-14212,-48.83848797,149,142,"two-contract post-signal scalp: one contract exits at first target, one runner uses selected stop mode and runner target"
1,signal_scaled_scalp:strategy=impulse_continue_3bar_1.5pt:direction=all:first_target_points=0.5:stop_points=1:runner_target_points=1.5:runner_stop_mode=breakeven,impulse_continue_3bar_1.5pt,all,0.5,1,1.5,breakeven,262,262,262,134,128,79,49,0,0,128,0.48854962,-4275,-6109,-23.31679389,130,132,"two-contract post-signal scalp: one contract exits at first target, one runner uses selected stop mode and runner target"
1,signal_scaled_scalp:strategy=impulse_continue_3bar_1.5pt:direction=all:first_target_points=0.5:stop_points=1:runner_target_points=1.5:runner_stop_mode=initial,impulse_continue_3bar_1.5pt,all,0.5,1,1.5,initial,262,262,262,134,128,112,16,0,0,112,0.42748092,-2600,-4434,-16.92366412,130,132,"two-contract post-signal scalp: one contract exits at first target, one runner uses selected stop mode and runner target"
1,signal_scaled_scalp:strategy=impulse_continue_3bar_1.5pt:direction=all:first_target_points=0.5:stop_points=1:runner_target_points=2:runner_stop_mode=breakeven,impulse_continue_3bar_1.5pt,all,0.5,1,2,breakeven,262,262,262,134,128,62,66,0,0,128,0.48854962,-4000,-5834,-22.26717557,130,132,"two-contract post-signal scalp: one contract exits at first target, one runner uses selected stop mode and runner target"
1,signal_scaled_scalp:strategy=impulse_continue_3bar_1.5pt:direction=all:first_target_points=0.5:stop_points=1:runner_target_points=2:runner_stop_mode=initial,impulse_continue_3bar_1.5pt,all,0.5,1,2,initial,262,262,262,134,128,94,34,0,0,94,0.35877863,-2500,-4334,-16.54198473,130,132,"two-contract post-signal scalp: one contract exits at first target, one runner uses selected stop mode and runner target"
1,signal_scaled_scalp:strategy=impulse_continue_3bar_1.5pt:direction=all:first_target_points=0.5:stop_points=1:runner_target_points=3:runner_stop_mode=breakeven,impulse_continue_3bar_1.5pt,all,0.5,1,3,breakeven,262,262,262,134,128,51,77,0,0,128,0.48854962,-2550,-4384,-16.73282443,130,132,"two-contract post-signal scalp: one contract exits at first target, one runner uses selected stop mode and runner target"
1,signal_scaled_scalp:strategy=impulse_continue_3bar_1.5pt:direction=all:first_target_points=0.5:stop_points=1:runner_target_points=3:runner_stop_mode=initial,impulse_continue_3bar_1.5pt,all,0.5,1,3,initial,262,262,262,134,128,79,49,0,0,79,0.30152672,-800,-2634,-10.05343511,130,132,"two-contract post-signal scalp: one contract exits at first target, one runner uses selected stop mode and runner target"
1,signal_scaled_scalp:strategy=impulse_continue_3bar_1.5pt:direction=all:first_target_points=0.5:stop_points=1:runner_target_points=5:runner_stop_mode=breakeven,impulse_continue_3bar_1.5pt,all,0.5,1,5,breakeven,262,262,262,134,128,35,93,0,0,128,0.48854962,-1450,-3284,-12.53435115,130,132,"two-contract post-signal scalp: one contract exits at first target, one runner uses selected stop mode and runner target"
1,signal_scaled_scalp:strategy=impulse_continue_3bar_1.5pt:direction=all:first_target_points=0.5:stop_points=1:runner_target_points=5:runner_stop_mode=initial,impulse_continue_3bar_1.5pt,all,0.5,1,5,initial,262,262,262,134,128,60,68,0,0,60,0.22900763,1400,-434,-1.65648855,130,132,"two-contract post-signal scalp: one contract exits at first target, one runner uses selected stop mode and runner target"
1,signal_scaled_scalp:strategy=impulse_continue_3bar_1.5pt:direction=all:first_target_points=0.5:stop_points=1.5:runner_target_points=1.5:runner_stop_mode=breakeven,impulse_continue_3bar_1.5pt,all,0.5,1.5,1.5,breakeven,262,262,262,116,146,83,63,0,0,146,0.55725191,-7525,-9359,-35.72137405,130,132,"two-contract post-signal scalp: one contract exits at first target, one runner uses selected stop mode and runner target"
1,signal_scaled_scalp:strategy=impulse_continue_3bar_1.5pt:direction=all:first_target_points=0.5:stop_points=1.5:runner_target_points=1.5:runner_stop_mode=initial,impulse_continue_3bar_1.5pt,all,0.5,1.5,1.5,initial,262,262,262,116,146,124,22,0,0,124,0.47328244,-6100,-7934,-30.28244275,130,132,"two-contract post-signal scalp: one contract exits at first target, one runner uses selected stop mode and runner target"
1,signal_scaled_scalp:strategy=impulse_continue_3bar_1.5pt:direction=all:first_target_points=0.5:stop_points=1.5:runner_target_points=2:runner_stop_mode=breakeven,impulse_continue_3bar_1.5pt,all,0.5,1.5,2,breakeven,262,262,262,116,146,66,80,0,0,146,0.55725191,-7150,-8984,-34.29007634,130,132,"two-contract post-signal scalp: one contract exits at first target, one runner uses selected stop mode and runner target"
1,signal_scaled_scalp:strategy=impulse_continue_3bar_1.5pt:direction=all:first_target_points=0.5:stop_points=1.5:runner_target_points=2:runner_stop_mode=initial,impulse_continue_3bar_1.5pt,all,0.5,1.5,2,initial,262,262,262,116,146,105,41,0,0,105,0.40076336,-6325,-8159,-31.14122137,130,132,"two-contract post-signal scalp: one contract exits at first target, one runner uses selected stop mode and runner target"
1,signal_scaled_scalp:strategy=impulse_continue_3bar_1.5pt:direction=all:first_target_points=0.5:stop_points=1.5:runner_target_points=3:runner_stop_mode=breakeven,impulse_continue_3bar_1.5pt,all,0.5,1.5,3,breakeven,262,262,262,116,146,54,92,0,0,146,0.55725191,-5650,-7484,-28.5648855,130,132,"two-contract post-signal scalp: one contract exits at first target, one runner uses selected stop mode and runner target"
1,signal_scaled_scalp:strategy=impulse_continue_3bar_1.5pt:direction=all:first_target_points=0.5:stop_points=1.5:runner_target_points=3:runner_stop_mode=initial,impulse_continue_3bar_1.5pt,all,0.5,1.5,3,initial,262,262,262,116,146,89,57,0,0,89,0.33969466,-4675,-6509,-24.84351145,130,132,"two-contract post-signal scalp: one contract exits at first target, one runner uses selected stop mode and runner target"
1,signal_scaled_scalp:strategy=impulse_continue_3bar_1.5pt:direction=all:first_target_points=0.5:stop_points=1.5:runner_target_points=5:runner_stop_mode=breakeven,impulse_continue_3bar_1.5pt,all,0.5,1.5,5,breakeven,262,262,262,116,146,37,109,0,0,146,0.55725191,-4500,-6334,-24.17557252,130,132,"two-contract post-signal scalp: one contract exits at first target, one runner uses selected stop mode and runner target"
1,signal_scaled_scalp:strategy=impulse_continue_3bar_1.5pt:direction=all:first_target_points=0.5:stop_points=1.5:runner_target_points=5:runner_stop_mode=initial,impulse_continue_3bar_1.5pt,all,0.5,1.5,5,initial,262,262,262,116,146,69,77,0,0,69,0.26335878,-2275,-4109,-15.68320611,130,132,"two-contract post-signal scalp: one contract exits at first target, one runner uses selected stop mode and runner target"
1,signal_scaled_scalp:strategy=impulse_continue_3bar_1.5pt:direction=all:first_target_points=0.5:stop_points=2:runner_target_points=1.5:runner_stop_mode=breakeven,impulse_continue_3bar_1.5pt,all,0.5,2,1.5,breakeven,262,262,262,98,164,86,78,0,0,164,0.6259542,-9050,-10884,-41.54198473,130,132,"two-contract post-signal scalp: one contract exits at first target, one runner uses selected stop mode and runner target"
1,signal_scaled_scalp:strategy=impulse_continue_3bar_1.5pt:direction=all:first_target_points=0.5:stop_points=2:runner_target_points=1.5:runner_stop_mode=initial,impulse_continue_3bar_1.5pt,all,0.5,2,1.5,initial,262,262,262,98,164,140,24,0,0,140,0.53435115,-7400,-9234,-35.24427481,130,132,"two-contract post-signal scalp: one contract exits at first target, one runner uses selected stop mode and runner target"
1,signal_scaled_scalp:strategy=impulse_continue_3bar_1.5pt:direction=all:first_target_points=0.5:stop_points=2:runner_target_points=2:runner_stop_mode=breakeven,impulse_continue_3bar_1.5pt,all,0.5,2,2,breakeven,262,262,262,98,164,68,96,0,0,164,0.6259542,-8700,-10534,-40.20610687,130,132,"two-contract post-signal scalp: one contract exits at first target, one runner uses selected stop mode and runner target"
1,signal_scaled_scalp:strategy=impulse_continue_3bar_1.5pt:direction=all:first_target_points=0.5:stop_points=2:runner_target_points=2:runner_stop_mode=initial,impulse_continue_3bar_1.5pt,all,0.5,2,2,initial,262,262,262,98,164,122,42,0,0,122,0.46564885,-7500,-9334,-35.6259542,130,132,"two-contract post-signal scalp: one contract exits at first target, one runner uses selected stop mode and runner target"
1,signal_scaled_scalp:strategy=impulse_continue_3bar_1.5pt:direction=all:first_target_points=0.5:stop_points=2:runner_target_points=3:runner_stop_mode=breakeven,impulse_continue_3bar_1.5pt,all,0.5,2,3,breakeven,262,262,262,98,164,55,109,0,0,164,0.6259542,-7250,-9084,-34.67175573,130,132,"two-contract post-signal scalp: one contract exits at first target, one runner uses selected stop mode and runner target"
1,signal_scaled_scalp:strategy=impulse_continue_3bar_1.5pt:direction=all:first_target_points=0.5:stop_points=2:runner_target_points=3:runner_stop_mode=initial,impulse_continue_3bar_1.5pt,all,0.5,2,3,initial,262,262,262,98,164,102,62,0,0,102,0.38931298,-6400,-8234,-31.42748092,130,132,"two-contract post-signal scalp: one contract exits at first target, one runner uses selected stop mode and runner target"
1,signal_scaled_scalp:strategy=impulse_continue_3bar_1.5pt:direction=all:first_target_points=0.5:stop_points=2:runner_target_points=5:runner_stop_mode=breakeven,impulse_continue_3bar_1.5pt,all,0.5,2,5,breakeven,262,262,262,98,164,37,127,0,0,164,0.6259542,-6250,-8084,-30.85496183,130,132,"two-contract post-signal scalp: one contract exits at first target, one runner uses selected stop mode and runner target"
1,signal_scaled_scalp:strategy=impulse_continue_3bar_1.5pt:direction=all:first_target_points=0.5:stop_points=2:runner_target_points=5:runner_stop_mode=initial,impulse_continue_3bar_1.5pt,all,0.5,2,5,initial,262,262,262,98,164,78,86,0,0,78,0.29770992,-4600,-6434,-24.55725191,130,132,"two-contract post-signal scalp: one contract exits at first target, one runner uses selected stop mode and runner target"
1,signal_scaled_scalp:strategy=impulse_continue_3bar_1.5pt:direction=all:first_target_points=1:stop_points=1:runner_target_points=1.5:runner_stop_mode=breakeven,impulse_continue_3bar_1.5pt,all,1,1,1.5,breakeven,262,262,262,138,124,92,32,0,0,124,0.47328244,-700,-2534,-9.67175573,130,132,"two-contract post-signal scalp: one contract exits at first target, one runner uses selected stop mode and runner target"
1,signal_scaled_scalp:strategy=impulse_continue_3bar_1.5pt:direction=all:first_target_points=1:stop_points=1:runner_target_points=1.5:runner_stop_mode=initial,impulse_continue_3bar_1.5pt,all,1,1,1.5,initial,262,262,262,138,124,112,12,0,0,112,0.42748092,200,-1634,-6.23664122,130,132,"two-contract post-signal scalp: one contract exits at first target, one runner uses selected stop mode and runner target"
1,signal_scaled_scalp:strategy=impulse_continue_3bar_1.5pt:direction=all:first_target_points=1:stop_points=1:runner_target_points=2:runner_stop_mode=breakeven,impulse_continue_3bar_1.5pt,all,1,1,2,breakeven,262,262,262,138,124,73,51,0,0,124,0.47328244,-300,-2134,-8.14503817,130,132,"two-contract post-signal scalp: one contract exits at first target, one runner uses selected stop mode and runner target"
1,signal_scaled_scalp:strategy=impulse_continue_3bar_1.5pt:direction=all:first_target_points=1:stop_points=1:runner_target_points=2:runner_stop_mode=initial,impulse_continue_3bar_1.5pt,all,1,1,2,initial,262,262,262,138,124,94,30,0,0,94,0.35877863,300,-1534,-5.85496183,130,132,"two-contract post-signal scalp: one contract exits at first target, one runner uses selected stop mode and runner target"
1,signal_scaled_scalp:strategy=impulse_continue_3bar_1.5pt:direction=all:first_target_points=1:stop_points=1:runner_target_points=3:runner_stop_mode=breakeven,impulse_continue_3bar_1.5pt,all,1,1,3,breakeven,262,262,262,138,124,58,66,0,0,124,0.47328244,1100,-734,-2.80152672,130,132,"two-contract post-signal scalp: one contract exits at first target, one runner uses selected stop mode and runner target"
1,signal_scaled_scalp:strategy=impulse_continue_3bar_1.5pt:direction=all:first_target_points=1:stop_points=1:runner_target_points=3:runner_stop_mode=initial,impulse_continue_3bar_1.5pt,all,1,1,3,initial,262,262,262,138,124,79,45,0,0,79,0.30152672,2000,166,0.63358779,130,132,"two-contract post-signal scalp: one contract exits at first target, one runner uses selected stop mode and runner target"
1,signal_scaled_scalp:strategy=impulse_continue_3bar_1.5pt:direction=all:first_target_points=1:stop_points=1:runner_target_points=5:runner_stop_mode=breakeven,impulse_continue_3bar_1.5pt,all,1,1,5,breakeven,262,262,262,138,124,38,86,0,0,124,0.47328244,1900,66,0.2519084,130,132,"two-contract post-signal scalp: one contract exits at first target, one runner uses selected stop mode and runner target"
1,signal_scaled_scalp:strategy=impulse_continue_3bar_1.5pt:direction=all:first_target_points=1:stop_points=1:runner_target_points=5:runner_stop_mode=initial,impulse_continue_3bar_1.5pt,all,1,1,5,initial,262,262,262,138,124,60,64,0,0,60,0.22900763,4200,2366,9.03053435,130,132,"two-contract post-signal scalp: one contract exits at first target, one runner uses selected stop mode and runner target"
1,signal_scaled_scalp:strategy=impulse_continue_3bar_1.5pt:direction=all:first_target_points=1:stop_points=1.5:runner_target_points=1.5:runner_stop_mode=breakeven,impulse_continue_3bar_1.5pt,all,1,1.5,1.5,breakeven,262,262,262,124,138,96,42,0,0,138,0.52671756,-4500,-6334,-24.17557252,130,132,"two-contract post-signal scalp: one contract exits at first target, one runner uses selected stop mode and runner target"
1,signal_scaled_scalp:strategy=impulse_continue_3bar_1.5pt:direction=all:first_target_points=1:stop_points=1.5:runner_target_points=1.5:runner_stop_mode=initial,impulse_continue_3bar_1.5pt,all,1,1.5,1.5,initial,262,262,262,124,138,124,14,0,0,124,0.47328244,-3450,-5284,-20.16793893,130,132,"two-contract post-signal scalp: one contract exits at first target, one runner uses selected stop mode and runner target"
1,signal_scaled_scalp:strategy=impulse_continue_3bar_1.5pt:direction=all:first_target_points=1:stop_points=1.5:runner_target_points=2:runner_stop_mode=breakeven,impulse_continue_3bar_1.5pt,all,1,1.5,2,breakeven,262,262,262,124,138,77,61,0,0,138,0.52671756,-4000,-5834,-22.26717557,130,132,"two-contract post-signal scalp: one contract exits at first target, one runner uses selected stop mode and runner target"
1,signal_scaled_scalp:strategy=impulse_continue_3bar_1.5pt:direction=all:first_target_points=1:stop_points=1.5:runner_target_points=2:runner_stop_mode=initial,impulse_continue_3bar_1.5pt,all,1,1.5,2,initial,262,262,262,124,138,105,33,0,0,105,0.40076336,-3675,-5509,-21.02671756,130,132,"two-contract post-signal scalp: one contract exits at first target, one runner uses selected stop mode and runner target"
1,signal_scaled_scalp:strategy=impulse_continue_3bar_1.5pt:direction=all:first_target_points=1:stop_points=1.5:runner_target_points=3:runner_stop_mode=breakeven,impulse_continue_3bar_1.5pt,all,1,1.5,3,breakeven,262,262,262,124,138,61,77,0,0,138,0.52671756,-2550,-4384,-16.73282443,130,132,"two-contract post-signal scalp: one contract exits at first target, one runner uses selected stop mode and runner target"
1,signal_scaled_scalp:strategy=impulse_continue_3bar_1.5pt:direction=all:first_target_points=1:stop_points=1.5:runner_target_points=3:runner_stop_mode=initial,impulse_continue_3bar_1.5pt,all,1,1.5,3,initial,262,262,262,124,138,89,49,0,0,89,0.33969466,-2025,-3859,-14.72900763,130,132,"two-contract post-signal scalp: one contract exits at first target, one runner uses selected stop mode and runner target"
1,signal_scaled_scalp:strategy=impulse_continue_3bar_1.5pt:direction=all:first_target_points=1:stop_points=1.5:runner_target_points=5:runner_stop_mode=breakeven,impulse_continue_3bar_1.5pt,all,1,1.5,5,breakeven,262,262,262,124,138,40,98,0,0,138,0.52671756,-1700,-3534,-13.48854962,130,132,"two-contract post-signal scalp: one contract exits at first target, one runner uses selected stop mode and runner target"
1,signal_scaled_scalp:strategy=impulse_continue_3bar_1.5pt:direction=all:first_target_points=1:stop_points=1.5:runner_target_points=5:runner_stop_mode=initial,impulse_continue_3bar_1.5pt,all,1,1.5,5,initial,262,262,262,124,138,69,69,0,0,69,0.26335878,375,-1459,-5.56870229,130,132,"two-contract post-signal scalp: one contract exits at first target, one runner uses selected stop mode and runner target"
1,signal_scaled_scalp:strategy=impulse_continue_3bar_1.5pt:direction=all:first_target_points=1:stop_points=2:runner_target_points=1.5:runner_stop_mode=breakeven,impulse_continue_3bar_1.5pt,all,1,2,1.5,breakeven,262,262,262,106,156,104,52,0,0,156,0.59541985,-5600,-7434,-28.3740458,130,132,"two-contract post-signal scalp: one contract exits at first target, one runner uses selected stop mode and runner target"
1,signal_scaled_scalp:strategy=impulse_continue_3bar_1.5pt:direction=all:first_target_points=1:stop_points=2:runner_target_points=1.5:runner_stop_mode=initial,impulse_continue_3bar_1.5pt,all,1,2,1.5,initial,262,262,262,106,156,140,16,0,0,140,0.53435115,-4500,-6334,-24.17557252,130,132,"two-contract post-signal scalp: one contract exits at first target, one runner uses selected stop mode and runner target"
1,signal_scaled_scalp:strategy=impulse_continue_3bar_1.5pt:direction=all:first_target_points=1:stop_points=2:runner_target_points=2:runner_stop_mode=breakeven,impulse_continue_3bar_1.5pt,all,1,2,2,breakeven,262,262,262,106,156,82,74,0,0,156,0.59541985,-5200,-7034,-26.84732824,130,132,"two-contract post-signal scalp: one contract exits at first target, one runner uses selected stop mode and runner target"
1,signal_scaled_scalp:strategy=impulse_continue_3bar_1.5pt:direction=all:first_target_points=1:stop_points=2:runner_target_points=2:runner_stop_mode=initial,impulse_continue_3bar_1.5pt,all,1,2,2,initial,262,262,262,106,156,122,34,0,0,122,0.46564885,-4600,-6434,-24.55725191,130,132,"two-contract post-signal scalp: one contract exits at first target, one runner uses selected stop mode and runner target"
1,signal_scaled_scalp:strategy=impulse_continue_3bar_1.5pt:direction=all:first_target_points=1:stop_points=2:runner_target_points=3:runner_stop_mode=breakeven,impulse_continue_3bar_1.5pt,all,1,2,3,breakeven,262,262,262,106,156,65,91,0,0,156,0.59541985,-3650,-5484,-20.93129771,130,132,"two-contract post-signal scalp: one contract exits at first target, one runner uses selected stop mode and runner target"
1,signal_scaled_scalp:strategy=impulse_continue_3bar_1.5pt:direction=all:first_target_points=1:stop_points=2:runner_target_points=3:runner_stop_mode=initial,impulse_continue_3bar_1.5pt,all,1,2,3,initial,262,262,262,106,156,102,54,0,0,102,0.38931298,-3500,-5334,-20.35877863,130,132,"two-contract post-signal scalp: one contract exits at first target, one runner uses selected stop mode and runner target"
1,signal_scaled_scalp:strategy=impulse_continue_3bar_1.5pt:direction=all:first_target_points=1:stop_points=2:runner_target_points=5:runner_stop_mode=breakeven,impulse_continue_3bar_1.5pt,all,1,2,5,breakeven,262,262,262,106,156,41,115,0,0,156,0.59541985,-3150,-4984,-19.02290076,130,132,"two-contract post-signal scalp: one contract exits at first target, one runner uses selected stop mode and runner target"
1,signal_scaled_scalp:strategy=impulse_continue_3bar_1.5pt:direction=all:first_target_points=1:stop_points=2:runner_target_points=5:runner_stop_mode=initial,impulse_continue_3bar_1.5pt,all,1,2,5,initial,262,262,262,106,156,78,78,0,0,78,0.29770992,-1700,-3534,-13.48854962,130,132,"two-contract post-signal scalp: one contract exits at first target, one runner uses selected stop mode and runner target"
1,signal_scaled_scalp:strategy=impulse_continue_3bar_1.5pt:direction=all:first_target_points=1.5:stop_points=1:runner_target_points=2:runner_stop_mode=breakeven,impulse_continue_3bar_1.5pt,all,1.5,1,2,breakeven,262,262,262,150,112,88,24,0,0,112,0.42748092,2200,366,1.39694656,130,132,"two-contract post-signal scalp: one contract exits at first target, one runner uses selected stop mode and runner target"
1,signal_scaled_scalp:strategy=impulse_continue_3bar_1.5pt:direction=all:first_target_points=1.5:stop_points=1:runner_target_points=2:runner_stop_mode=initial,impulse_continue_3bar_1.5pt,all,1.5,1,2,initial,262,262,262,150,112,94,18,0,0,112,0.42748092,1900,66,0.2519084,130,132,"two-contract post-signal scalp: one contract exits at first target, one runner uses selected stop mode and runner target"
1,signal_scaled_scalp:strategy=impulse_continue_3bar_1.5pt:direction=all:first_target_points=1.5:stop_points=1:runner_target_points=3:runner_stop_mode=breakeven,impulse_continue_3bar_1.5pt,all,1.5,1,3,breakeven,262,262,262,150,112,69,43,0,0,112,0.42748092,3750,1916,7.3129771,130,132,"two-contract post-signal scalp: one contract exits at first target, one runner uses selected stop mode and runner target"
1,signal_scaled_scalp:strategy=impulse_continue_3bar_1.5pt:direction=all:first_target_points=1.5:stop_points=1:runner_target_points=3:runner_stop_mode=initial,impulse_continue_3bar_1.5pt,all,1.5,1,3,initial,262,262,262,150,112,79,33,0,0,112,0.42748092,3600,1766,6.74045802,130,132,"two-contract post-signal scalp: one contract exits at first target, one runner uses selected stop mode and runner target"
1,signal_scaled_scalp:strategy=impulse_continue_3bar_1.5pt:direction=all:first_target_points=1.5:stop_points=1:runner_target_points=5:runner_stop_mode=breakeven,impulse_continue_3bar_1.5pt,all,1.5,1,5,breakeven,262,262,262,150,112,44,68,0,0,112,0.42748092,4400,2566,9.79389313,130,132,"two-contract post-signal scalp: one contract exits at first target, one runner uses selected stop mode and runner target"
1,signal_scaled_scalp:strategy=impulse_continue_3bar_1.5pt:direction=all:first_target_points=1.5:stop_points=1:runner_target_points=5:runner_stop_mode=initial,impulse_continue_3bar_1.5pt,all,1.5,1,5,initial,262,262,262,150,112,60,52,0,0,112,0.42748092,5800,3966,15.13740458,130,132,"two-contract post-signal scalp: one contract exits at first target, one runner uses selected stop mode and runner target"
1,signal_scaled_scalp:strategy=impulse_continue_3bar_1.5pt:direction=all:first_target_points=1.5:stop_points=1.5:runner_target_points=2:runner_stop_mode=breakeven,impulse_continue_3bar_1.5pt,all,1.5,1.5,2,breakeven,262,262,262,138,124,98,26,0,0,124,0.47328244,-1600,-3434,-13.10687023,130,132,"two-contract post-signal scalp: one contract exits at first target, one runner uses selected stop mode and runner target"
1,signal_scaled_scalp:strategy=impulse_continue_3bar_1.5pt:direction=all:first_target_points=1.5:stop_points=1.5:runner_target_points=2:runner_stop_mode=initial,impulse_continue_3bar_1.5pt,all,1.5,1.5,2,initial,262,262,262,138,124,105,19,0,0,105,0.40076336,-2325,-4159,-15.8740458,130,132,"two-contract post-signal scalp: one contract exits at first target, one runner uses selected stop mode and runner target"
1,signal_scaled_scalp:strategy=impulse_continue_3bar_1.5pt:direction=all:first_target_points=1.5:stop_points=1.5:runner_target_points=3:runner_stop_mode=breakeven,impulse_continue_3bar_1.5pt,all,1.5,1.5,3,breakeven,262,262,262,138,124,75,49,0,0,124,0.47328244,-150,-1984,-7.57251908,130,132,"two-contract post-signal scalp: one contract exits at first target, one runner uses selected stop mode and runner target"
1,signal_scaled_scalp:strategy=impulse_continue_3bar_1.5pt:direction=all:first_target_points=1.5:stop_points=1.5:runner_target_points=3:runner_stop_mode=initial,impulse_continue_3bar_1.5pt,all,1.5,1.5,3,initial,262,262,262,138,124,89,35,0,0,89,0.33969466,-675,-2509,-9.57633588,130,132,"two-contract post-signal scalp: one contract exits at first target, one runner uses selected stop mode and runner target"
1,signal_scaled_scalp:strategy=impulse_continue_3bar_1.5pt:direction=all:first_target_points=1.5:stop_points=1.5:runner_target_points=5:runner_stop_mode=breakeven,impulse_continue_3bar_1.5pt,all,1.5,1.5,5,breakeven,262,262,262,138,124,48,76,0,0,124,0.47328244,600,-1234,-4.70992366,130,132,"two-contract post-signal scalp: one contract exits at first target, one runner uses selected stop mode and runner target"
1,signal_scaled_scalp:strategy=impulse_continue_3bar_1.5pt:direction=all:first_target_points=1.5:stop_points=1.5:runner_target_points=5:runner_stop_mode=initial,impulse_continue_3bar_1.5pt,all,1.5,1.5,5,initial,262,262,262,138,124,69,55,0,0,69,0.26335878,1725,-109,-0.41603053,130,132,"two-contract post-signal scalp: one contract exits at first target, one runner uses selected stop mode and runner target"
1,signal_scaled_scalp:strategy=impulse_continue_3bar_1.5pt:direction=all:first_target_points=1.5:stop_points=2:runner_target_points=2:runner_stop_mode=breakeven,impulse_continue_3bar_1.5pt,all,1.5,2,2,breakeven,262,262,262,122,140,108,32,0,0,140,0.53435115,-3100,-4934,-18.83206107,130,132,"two-contract post-signal scalp: one contract exits at first target, one runner uses selected stop mode and runner target"
1,signal_scaled_scalp:strategy=impulse_continue_3bar_1.5pt:direction=all:first_target_points=1.5:stop_points=2:runner_target_points=2:runner_stop_mode=initial,impulse_continue_3bar_1.5pt,all,1.5,2,2,initial,262,262,262,122,140,122,18,0,0,122,0.46564885,-3500,-5334,-20.35877863,130,132,"two-contract post-signal scalp: one contract exits at first target, one runner uses selected stop mode and runner target"
1,signal_scaled_scalp:strategy=impulse_continue_3bar_1.5pt:direction=all:first_target_points=1.5:stop_points=2:runner_target_points=3:runner_stop_mode=breakeven,impulse_continue_3bar_1.5pt,all,1.5,2,3,breakeven,262,262,262,122,140,81,59,0,0,140,0.53435115,-1750,-3584,-13.67938931,130,132,"two-contract post-signal scalp: one contract exits at first target, one runner uses selected stop mode and runner target"
1,signal_scaled_scalp:strategy=impulse_continue_3bar_1.5pt:direction=all:first_target_points=1.5:stop_points=2:runner_target_points=3:runner_stop_mode=initial,impulse_continue_3bar_1.5pt,all,1.5,2,3,initial,262,262,262,122,140,102,38,0,0,102,0.38931298,-2400,-4234,-16.16030534,130,132,"two-contract post-signal scalp: one contract exits at first target, one runner uses selected stop mode and runner target"
1,signal_scaled_scalp:strategy=impulse_continue_3bar_1.5pt:direction=all:first_target_points=1.5:stop_points=2:runner_target_points=5:runner_stop_mode=breakeven,impulse_continue_3bar_1.5pt,all,1.5,2,5,breakeven,262,262,262,122,140,50,90,0,0,140,0.53435115,-1400,-3234,-12.34351145,130,132,"two-contract post-signal scalp: one contract exits at first target, one runner uses selected stop mode and runner target"
1,signal_scaled_scalp:strategy=impulse_continue_3bar_1.5pt:direction=all:first_target_points=1.5:stop_points=2:runner_target_points=5:runner_stop_mode=initial,impulse_continue_3bar_1.5pt,all,1.5,2,5,initial,262,262,262,122,140,78,62,0,0,78,0.29770992,-600,-2434,-9.29007634,130,132,"two-contract post-signal scalp: one contract exits at first target, one runner uses selected stop mode and runner target"
1,signal_scaled_scalp:strategy=impulse_fade_5bar_2pt:direction=all:first_target_points=0.5:stop_points=1:runner_target_points=1.5:runner_stop_mode=breakeven,impulse_fade_5bar_2pt,all,0.5,1,1.5,breakeven,296,296,296,176,120,55,65,0,0,120,0.40540541,-10475,-12547,-42.38851351,136,160,"two-contract post-signal scalp: one contract exits at first target, one runner uses selected stop mode and runner target"
1,signal_scaled_scalp:strategy=impulse_fade_5bar_2pt:direction=all:first_target_points=0.5:stop_points=1:runner_target_points=1.5:runner_stop_mode=initial,impulse_fade_5bar_2pt,all,0.5,1,1.5,initial,296,296,296,176,120,75,45,0,0,75,0.25337838,-11225,-13297,-44.9222973,136,160,"two-contract post-signal scalp: one contract exits at first target, one runner uses selected stop mode and runner target"
1,signal_scaled_scalp:strategy=impulse_fade_5bar_2pt:direction=all:first_target_points=0.5:stop_points=1:runner_target_points=2:runner_stop_mode=breakeven,impulse_fade_5bar_2pt,all,0.5,1,2,breakeven,296,296,296,176,120,45,75,0,0,120,0.40540541,-10100,-12172,-41.12162162,136,160,"two-contract post-signal scalp: one contract exits at first target, one runner uses selected stop mode and runner target"
1,signal_scaled_scalp:strategy=impulse_fade_5bar_2pt:direction=all:first_target_points=0.5:stop_points=1:runner_target_points=2:runner_stop_mode=initial,impulse_fade_5bar_2pt,all,0.5,1,2,initial,296,296,296,176,120,67,53,0,0,67,0.22635135,-10550,-12622,-42.64189189,136,160,"two-contract post-signal scalp: one contract exits at first target, one runner uses selected stop mode and runner target"
1,signal_scaled_scalp:strategy=impulse_fade_5bar_2pt:direction=all:first_target_points=0.5:stop_points=1:runner_target_points=3:runner_stop_mode=breakeven,impulse_fade_5bar_2pt,all,0.5,1,3,breakeven,296,296,296,176,120,28,92,0,0,120,0.40540541,-10400,-12472,-42.13513514,136,160,"two-contract post-signal scalp: one contract exits at first target, one runner uses selected stop mode and runner target"
1,signal_scaled_scalp:strategy=impulse_fade_5bar_2pt:direction=all:first_target_points=0.5:stop_points=1:runner_target_points=3:runner_stop_mode=initial,impulse_fade_5bar_2pt,all,0.5,1,3,initial,296,296,296,176,120,49,71,0,0,49,0.16554054,-10800,-12872,-43.48648649,136,160,"two-contract post-signal scalp: one contract exits at first target, one runner uses selected stop mode and runner target"
1,signal_scaled_scalp:strategy=impulse_fade_5bar_2pt:direction=all:first_target_points=0.5:stop_points=1:runner_target_points=5:runner_stop_mode=breakeven,impulse_fade_5bar_2pt,all,0.5,1,5,breakeven,296,296,296,176,120,17,103,0,0,120,0.40540541,-10350,-12422,-41.96621622,136,160,"two-contract post-signal scalp: one contract exits at first target, one runner uses selected stop mode and runner target"
1,signal_scaled_scalp:strategy=impulse_fade_5bar_2pt:direction=all:first_target_points=0.5:stop_points=1:runner_target_points=5:runner_stop_mode=initial,impulse_fade_5bar_2pt,all,0.5,1,5,initial,296,296,296,176,120,31,89,0,0,31,0.10472973,-11300,-13372,-45.17567568,136,160,"two-contract post-signal scalp: one contract exits at first target, one runner uses selected stop mode and runner target"
1,signal_scaled_scalp:strategy=impulse_fade_5bar_2pt:direction=all:first_target_points=0.5:stop_points=1.5:runner_target_points=1.5:runner_stop_mode=breakeven,impulse_fade_5bar_2pt,all,0.5,1.5,1.5,breakeven,296,296,296,161,135,60,75,0,0,135,0.45608108,-16275,-18347,-61.98310811,136,160,"two-contract post-signal scalp: one contract exits at first target, one runner uses selected stop mode and runner target"
1,signal_scaled_scalp:strategy=impulse_fade_5bar_2pt:direction=all:first_target_points=0.5:stop_points=1.5:runner_target_points=1.5:runner_stop_mode=initial,impulse_fade_5bar_2pt,all,0.5,1.5,1.5,initial,296,296,296,161,135,96,39,0,0,96,0.32432432,-16500,-18572,-62.74324324,136,160,"two-contract post-signal scalp: one contract exits at first target, one runner uses selected stop mode and runner target"
1,signal_scaled_scalp:strategy=impulse_fade_5bar_2pt:direction=all:first_target_points=0.5:stop_points=1.5:runner_target_points=2:runner_stop_mode=breakeven,impulse_fade_5bar_2pt,all,0.5,1.5,2,breakeven,296,296,296,161,135,50,85,0,0,135,0.45608108,-15775,-17847,-60.29391892,136,160,"two-contract post-signal scalp: one contract exits at first target, one runner uses selected stop mode and runner target"
1,signal_scaled_scalp:strategy=impulse_fade_5bar_2pt:direction=all:first_target_points=0.5:stop_points=1.5:runner_target_points=2:runner_stop_mode=initial,impulse_fade_5bar_2pt,all,0.5,1.5,2,initial,296,296,296,161,135,89,46,0,0,89,0.30067568,-15325,-17397,-58.77364865,136,160,"two-contract post-signal scalp: one contract exits at first target, one runner uses selected stop mode and runner target"
1,signal_scaled_scalp:strategy=impulse_fade_5bar_2pt:direction=all:first_target_points=0.5:stop_points=1.5:runner_target_points=3:runner_stop_mode=breakeven,impulse_fade_5bar_2pt,all,0.5,1.5,3,breakeven,296,296,296,161,135,33,102,0,0,135,0.45608108,-15825,-17897,-60.46283784,136,160,"two-contract post-signal scalp: one contract exits at first target, one runner uses selected stop mode and runner target"
1,signal_scaled_scalp:strategy=impulse_fade_5bar_2pt:direction=all:first_target_points=0.5:stop_points=1.5:runner_target_points=3:runner_stop_mode=initial,impulse_fade_5bar_2pt,all,0.5,1.5,3,initial,296,296,296,161,135,70,65,0,0,70,0.23648649,-15150,-17222,-58.18243243,136,160,"two-contract post-signal scalp: one contract exits at first target, one runner uses selected stop mode and runner target"
1,signal_scaled_scalp:strategy=impulse_fade_5bar_2pt:direction=all:first_target_points=0.5:stop_points=1.5:runner_target_points=5:runner_stop_mode=breakeven,impulse_fade_5bar_2pt,all,0.5,1.5,5,breakeven,296,296,296,161,135,20,115,0,0,135,0.45608108,-15775,-17847,-60.29391892,136,160,"two-contract post-signal scalp: one contract exits at first target, one runner uses selected stop mode and runner target"
1,signal_scaled_scalp:strategy=impulse_fade_5bar_2pt:direction=all:first_target_points=0.5:stop_points=1.5:runner_target_points=5:runner_stop_mode=initial,impulse_fade_5bar_2pt,all,0.5,1.5,5,initial,296,296,296,161,135,47,88,0,0,47,0.15878378,-15625,-17697,-59.78716216,136,160,"two-contract post-signal scalp: one contract exits at first target, one runner uses selected stop mode and runner target"
1,signal_scaled_scalp:strategy=impulse_fade_5bar_2pt:direction=all:first_target_points=0.5:stop_points=2:runner_target_points=1.5:runner_stop_mode=breakeven,impulse_fade_5bar_2pt,all,0.5,2,1.5,breakeven,296,296,296,141,155,63,92,0,0,155,0.52364865,-19600,-21672,-73.21621622,136,160,"two-contract post-signal scalp: one contract exits at first target, one runner uses selected stop mode and runner target"
1,signal_scaled_scalp:strategy=impulse_fade_5bar_2pt:direction=all:first_target_points=0.5:stop_points=2:runner_target_points=1.5:runner_stop_mode=initial,impulse_fade_5bar_2pt,all,0.5,2,1.5,initial,296,296,296,141,155,114,41,0,0,114,0.38513514,-19875,-21947,-74.14527027,136,160,"two-contract post-signal scalp: one contract exits at first target, one runner uses selected stop mode and runner target"
1,signal_scaled_scalp:strategy=impulse_fade_5bar_2pt:direction=all:first_target_points=0.5:stop_points=2:runner_target_points=2:runner_stop_mode=breakeven,impulse_fade_5bar_2pt,all,0.5,2,2,breakeven,296,296,296,141,155,52,103,0,0,155,0.52364865,-19125,-21197,-71.61148649,136,160,"two-contract post-signal scalp: one contract exits at first target, one runner uses selected stop mode and runner target"
1,signal_scaled_scalp:strategy=impulse_fade_5bar_2pt:direction=all:first_target_points=0.5:stop_points=2:runner_target_points=2:runner_stop_mode=initial,impulse_fade_5bar_2pt,all,0.5,2,2,initial,296,296,296,141,155,105,50,0,0,105,0.35472973,-18825,-20897,-70.59797297,136,160,"two-contract post-signal scalp: one contract exits at first target, one runner uses selected stop mode and runner target"
1,signal_scaled_scalp:strategy=impulse_fade_5bar_2pt:direction=all:first_target_points=0.5:stop_points=2:runner_target_points=3:runner_stop_mode=breakeven,impulse_fade_5bar_2pt,all,0.5,2,3,breakeven,296,296,296,141,155,34,121,0,0,155,0.52364865,-19225,-21297,-71.94932432,136,160,"two-contract post-signal scalp: one contract exits at first target, one runner uses selected stop mode and runner target"
1,signal_scaled_scalp:strategy=impulse_fade_5bar_2pt:direction=all:first_target_points=0.5:stop_points=2:runner_target_points=3:runner_stop_mode=initial,impulse_fade_5bar_2pt,all,0.5,2,3,initial,296,296,296,141,155,79,76,0,0,79,0.26689189,-20075,-22147,-74.82094595,136,160,"two-contract post-signal scalp: one contract exits at first target, one runner uses selected stop mode and runner target"
1,signal_scaled_scalp:strategy=impulse_fade_5bar_2pt:direction=all:first_target_points=0.5:stop_points=2:runner_target_points=5:runner_stop_mode=breakeven,impulse_fade_5bar_2pt,all,0.5,2,5,breakeven,296,296,296,141,155,21,134,0,0,155,0.52364865,-19075,-21147,-71.44256757,136,160,"two-contract post-signal scalp: one contract exits at first target, one runner uses selected stop mode and runner target"
1,signal_scaled_scalp:strategy=impulse_fade_5bar_2pt:direction=all:first_target_points=0.5:stop_points=2:runner_target_points=5:runner_stop_mode=initial,impulse_fade_5bar_2pt,all,0.5,2,5,initial,296,296,296,141,155,54,101,0,0,54,0.18243243,-20925,-22997,-77.69256757,136,160,"two-contract post-signal scalp: one contract exits at first target, one runner uses selected stop mode and runner target"
1,signal_scaled_scalp:strategy=impulse_fade_5bar_2pt:direction=all:first_target_points=1:stop_points=1:runner_target_points=1.5:runner_stop_mode=breakeven,impulse_fade_5bar_2pt,all,1,1,1.5,breakeven,296,296,296,195,101,59,42,0,0,101,0.34121622,-10025,-12097,-40.86824324,136,160,"two-contract post-signal scalp: one contract exits at first target, one runner uses selected stop mode and runner target"
1,signal_scaled_scalp:strategy=impulse_fade_5bar_2pt:direction=all:first_target_points=1:stop_points=1:runner_target_points=1.5:runner_stop_mode=initial,impulse_fade_5bar_2pt,all,1,1,1.5,initial,296,296,296,195,101,75,26,0,0,75,0.25337838,-10125,-12197,-41.20608108,136,160,"two-contract post-signal scalp: one contract exits at first target, one runner uses selected stop mode and runner target"
1,signal_scaled_scalp:strategy=impulse_fade_5bar_2pt:direction=all:first_target_points=1:stop_points=1:runner_target_points=2:runner_stop_mode=breakeven,impulse_fade_5bar_2pt,all,1,1,2,breakeven,296,296,296,195,101,49,52,0,0,101,0.34121622,-9550,-11622,-39.26351351,136,160,"two-contract post-signal scalp: one contract exits at first target, one runner uses selected stop mode and runner target"
1,signal_scaled_scalp:strategy=impulse_fade_5bar_2pt:direction=all:first_target_points=1:stop_points=1:runner_target_points=2:runner_stop_mode=initial,impulse_fade_5bar_2pt,all,1,1,2,initial,296,296,296,195,101,67,34,0,0,67,0.22635135,-9450,-11522,-38.92567568,136,160,"two-contract post-signal scalp: one contract exits at first target, one runner uses selected stop mode and runner target"
1,signal_scaled_scalp:strategy=impulse_fade_5bar_2pt:direction=all:first_target_points=1:stop_points=1:runner_target_points=3:runner_stop_mode=breakeven,impulse_fade_5bar_2pt,all,1,1,3,breakeven,296,296,296,195,101,32,69,0,0,101,0.34121622,-9650,-11722,-39.60135135,136,160,"two-contract post-signal scalp: one contract exits at first target, one runner uses selected stop mode and runner target"
1,signal_scaled_scalp:strategy=impulse_fade_5bar_2pt:direction=all:first_target_points=1:stop_points=1:runner_target_points=3:runner_stop_mode=initial,impulse_fade_5bar_2pt,all,1,1,3,initial,296,296,296,195,101,49,52,0,0,49,0.16554054,-9700,-11772,-39.77027027,136,160,"two-contract post-signal scalp: one contract exits at first target, one runner uses selected stop mode and runner target"
1,signal_scaled_scalp:strategy=impulse_fade_5bar_2pt:direction=all:first_target_points=1:stop_points=1:runner_target_points=5:runner_stop_mode=breakeven,impulse_fade_5bar_2pt,all,1,1,5,breakeven,296,296,296,195,101,21,80,0,0,101,0.34121622,-9200,-11272,-38.08108108,136,160,"two-contract post-signal scalp: one contract exits at first target, one runner uses selected stop mode and runner target"
1,signal_scaled_scalp:strategy=impulse_fade_5bar_2pt:direction=all:first_target_points=1:stop_points=1:runner_target_points=5:runner_stop_mode=initial,impulse_fade_5bar_2pt,all,1,1,5,initial,296,296,296,195,101,31,70,0,0,31,0.10472973,-10200,-12272,-41.45945946,136,160,"two-contract post-signal scalp: one contract exits at first target, one runner uses selected stop mode and runner target"
1,signal_scaled_scalp:strategy=impulse_fade_5bar_2pt:direction=all:first_target_points=1:stop_points=1.5:runner_target_points=1.5:runner_stop_mode=breakeven,impulse_fade_5bar_2pt,all,1,1.5,1.5,breakeven,296,296,296,178,118,67,51,0,0,118,0.39864865,-15775,-17847,-60.29391892,136,160,"two-contract post-signal scalp: one contract exits at first target, one runner uses selected stop mode and runner target"
1,signal_scaled_scalp:strategy=impulse_fade_5bar_2pt:direction=all:first_target_points=1:stop_points=1.5:runner_target_points=1.5:runner_stop_mode=initial,impulse_fade_5bar_2pt,all,1,1.5,1.5,initial,296,296,296,178,118,96,22,0,0,96,0.32432432,-15250,-17322,-58.52027027,136,160,"two-contract post-signal scalp: one contract exits at first target, one runner uses selected stop mode and runner target"
1,signal_scaled_scalp:strategy=impulse_fade_5bar_2pt:direction=all:first_target_points=1:stop_points=1.5:runner_target_points=2:runner_stop_mode=breakeven,impulse_fade_5bar_2pt,all,1,1.5,2,breakeven,296,296,296,178,118,57,61,0,0,118,0.39864865,-15100,-17172,-58.01351351,136,160,"two-contract post-signal scalp: one contract exits at first target, one runner uses selected stop mode and runner target"
1,signal_scaled_scalp:strategy=impulse_fade_5bar_2pt:direction=all:first_target_points=1:stop_points=1.5:runner_target_points=2:runner_stop_mode=initial,impulse_fade_5bar_2pt,all,1,1.5,2,initial,296,296,296,178,118,89,29,0,0,89,0.30067568,-14075,-16147,-54.55067568,136,160,"two-contract post-signal scalp: one contract exits at first target, one runner uses selected stop mode and runner target"
1,signal_scaled_scalp:strategy=impulse_fade_5bar_2pt:direction=all:first_target_points=1:stop_points=1.5:runner_target_points=3:runner_stop_mode=breakeven,impulse_fade_5bar_2pt,all,1,1.5,3,breakeven,296,296,296,178,118,39,79,0,0,118,0.39864865,-14950,-17022,-57.50675676,136,160,"two-contract post-signal scalp: one contract exits at first target, one runner uses selected stop mode and runner target"
1,signal_scaled_scalp:strategy=impulse_fade_5bar_2pt:direction=all:first_target_points=1:stop_points=1.5:runner_target_points=3:runner_stop_mode=initial,impulse_fade_5bar_2pt,all,1,1.5,3,initial,296,296,296,178,118,70,48,0,0,70,0.23648649,-13900,-15972,-53.95945946,136,160,"two-contract post-signal scalp: one contract exits at first target, one runner uses selected stop mode and runner target"
1,signal_scaled_scalp:strategy=impulse_fade_5bar_2pt:direction=all:first_target_points=1:stop_points=1.5:runner_target_points=5:runner_stop_mode=breakeven,impulse_fade_5bar_2pt,all,1,1.5,5,breakeven,296,296,296,178,118,26,92,0,0,118,0.39864865,-14300,-16372,-55.31081081,136,160,"two-contract post-signal scalp: one contract exits at first target, one runner uses selected stop mode and runner target"
1,signal_scaled_scalp:strategy=impulse_fade_5bar_2pt:direction=all:first_target_points=1:stop_points=1.5:runner_target_points=5:runner_stop_mode=initial,impulse_fade_5bar_2pt,all,1,1.5,5,initial,296,296,296,178,118,47,71,0,0,47,0.15878378,-14375,-16447,-55.56418919,136,160,"two-contract post-signal scalp: one contract exits at first target, one runner uses selected stop mode and runner target"
1,signal_scaled_scalp:strategy=impulse_fade_5bar_2pt:direction=all:first_target_points=1:stop_points=2:runner_target_points=1.5:runner_stop_mode=breakeven,impulse_fade_5bar_2pt,all,1,2,1.5,breakeven,296,296,296,160,136,77,59,0,0,136,0.45945946,-19425,-21497,-72.625,136,160,"two-contract post-signal scalp: one contract exits at first target, one runner uses selected stop mode and runner target"
1,signal_scaled_scalp:strategy=impulse_fade_5bar_2pt:direction=all:first_target_points=1:stop_points=2:runner_target_points=1.5:runner_stop_mode=initial,impulse_fade_5bar_2pt,all,1,2,1.5,initial,296,296,296,160,136,114,22,0,0,114,0.38513514,-18850,-20922,-70.68243243,136,160,"two-contract post-signal scalp: one contract exits at first target, one runner uses selected stop mode and runner target"
1,signal_scaled_scalp:strategy=impulse_fade_5bar_2pt:direction=all:first_target_points=1:stop_points=2:runner_target_points=2:runner_stop_mode=breakeven,impulse_fade_5bar_2pt,all,1,2,2,breakeven,296,296,296,160,136,62,74,0,0,136,0.45945946,-19000,-21072,-71.18918919,136,160,"two-contract post-signal scalp: one contract exits at first target, one runner uses selected stop mode and runner target"
1,signal_scaled_scalp:strategy=impulse_fade_5bar_2pt:direction=all:first_target_points=1:stop_points=2:runner_target_points=2:runner_stop_mode=initial,impulse_fade_5bar_2pt,all,1,2,2,initial,296,296,296,160,136,105,31,0,0,105,0.35472973,-17800,-19872,-67.13513514,136,160,"two-contract post-signal scalp: one contract exits at first target, one runner uses selected stop mode and runner target"
1,signal_scaled_scalp:strategy=impulse_fade_5bar_2pt:direction=all:first_target_points=1:stop_points=2:runner_target_points=3:runner_stop_mode=breakeven,impulse_fade_5bar_2pt,all,1,2,3,breakeven,296,296,296,160,136,42,94,0,0,136,0.45945946,-18900,-20972,-70.85135135,136,160,"two-contract post-signal scalp: one contract exits at first target, one runner uses selected stop mode and runner target"
1,signal_scaled_scalp:strategy=impulse_fade_5bar_2pt:direction=all:first_target_points=1:stop_points=2:runner_target_points=3:runner_stop_mode=initial,impulse_fade_5bar_2pt,all,1,2,3,initial,296,296,296,160,136,79,57,0,0,79,0.26689189,-19050,-21122,-71.35810811,136,160,"two-contract post-signal scalp: one contract exits at first target, one runner uses selected stop mode and runner target"
1,signal_scaled_scalp:strategy=impulse_fade_5bar_2pt:direction=all:first_target_points=1:stop_points=2:runner_target_points=5:runner_stop_mode=breakeven,impulse_fade_5bar_2pt,all,1,2,5,breakeven,296,296,296,160,136,29,107,0,0,136,0.45945946,-17950,-20022,-67.64189189,136,160,"two-contract post-signal scalp: one contract exits at first target, one runner uses selected stop mode and runner target"
1,signal_scaled_scalp:strategy=impulse_fade_5bar_2pt:direction=all:first_target_points=1:stop_points=2:runner_target_points=5:runner_stop_mode=initial,impulse_fade_5bar_2pt,all,1,2,5,initial,296,296,296,160,136,54,82,0,0,54,0.18243243,-19900,-21972,-74.22972973,136,160,"two-contract post-signal scalp: one contract exits at first target, one runner uses selected stop mode and runner target"
1,signal_scaled_scalp:strategy=impulse_fade_5bar_2pt:direction=all:first_target_points=1.5:stop_points=1:runner_target_points=2:runner_stop_mode=breakeven,impulse_fade_5bar_2pt,all,1.5,1,2,breakeven,296,296,296,221,75,63,12,0,0,75,0.25337838,-10175,-12247,-41.375,136,160,"two-contract post-signal scalp: one contract exits at first target, one runner uses selected stop mode and runner target"
1,signal_scaled_scalp:strategy=impulse_fade_5bar_2pt:direction=all:first_target_points=1.5:stop_points=1:runner_target_points=2:runner_stop_mode=initial,impulse_fade_5bar_2pt,all,1.5,1,2,initial,296,296,296,221,75,67,8,0,0,75,0.25337838,-10175,-12247,-41.375,136,160,"two-contract post-signal scalp: one contract exits at first target, one runner uses selected stop mode and runner target"
1,signal_scaled_scalp:strategy=impulse_fade_5bar_2pt:direction=all:first_target_points=1.5:stop_points=1:runner_target_points=3:runner_stop_mode=breakeven,impulse_fade_5bar_2pt,all,1.5,1,3,breakeven,296,296,296,221,75,41,34,0,0,75,0.25337838,-10325,-12397,-41.88175676,136,160,"two-contract post-signal scalp: one contract exits at first target, one runner uses selected stop mode and runner target"
1,signal_scaled_scalp:strategy=impulse_fade_5bar_2pt:direction=all:first_target_points=1.5:stop_points=1:runner_target_points=3:runner_stop_mode=initial,impulse_fade_5bar_2pt,all,1.5,1,3,initial,296,296,296,221,75,49,26,0,0,75,0.25337838,-10425,-12497,-42.21959459,136,160,"two-contract post-signal scalp: one contract exits at first target, one runner uses selected stop mode and runner target"
1,signal_scaled_scalp:strategy=impulse_fade_5bar_2pt:direction=all:first_target_points=1.5:stop_points=1:runner_target_points=5:runner_stop_mode=breakeven,impulse_fade_5bar_2pt,all,1.5,1,5,breakeven,296,296,296,221,75,24,51,0,0,75,0.25337838,-10475,-12547,-42.38851351,136,160,"two-contract post-signal scalp: one contract exits at first target, one runner uses selected stop mode and runner target"
1,signal_scaled_scalp:strategy=impulse_fade_5bar_2pt:direction=all:first_target_points=1.5:stop_points=1:runner_target_points=5:runner_stop_mode=initial,impulse_fade_5bar_2pt,all,1.5,1,5,initial,296,296,296,221,75,31,44,0,0,75,0.25337838,-10925,-12997,-43.90878378,136,160,"two-contract post-signal scalp: one contract exits at first target, one runner uses selected stop mode and runner target"
1,signal_scaled_scalp:strategy=impulse_fade_5bar_2pt:direction=all:first_target_points=1.5:stop_points=1.5:runner_target_points=2:runner_stop_mode=breakeven,impulse_fade_5bar_2pt,all,1.5,1.5,2,breakeven,296,296,296,200,96,83,13,0,0,96,0.32432432,-14500,-16572,-55.98648649,136,160,"two-contract post-signal scalp: one contract exits at first target, one runner uses selected stop mode and runner target"
1,signal_scaled_scalp:strategy=impulse_fade_5bar_2pt:direction=all:first_target_points=1.5:stop_points=1.5:runner_target_points=2:runner_stop_mode=initial,impulse_fade_5bar_2pt,all,1.5,1.5,2,initial,296,296,296,200,96,89,7,0,0,89,0.30067568,-14425,-16497,-55.73310811,136,160,"two-contract post-signal scalp: one contract exits at first target, one runner uses selected stop mode and runner target"
1,signal_scaled_scalp:strategy=impulse_fade_5bar_2pt:direction=all:first_target_points=1.5:stop_points=1.5:runner_target_points=3:runner_stop_mode=breakeven,impulse_fade_5bar_2pt,all,1.5,1.5,3,breakeven,296,296,296,200,96,56,40,0,0,96,0.32432432,-14400,-16472,-55.64864865,136,160,"two-contract post-signal scalp: one contract exits at first target, one runner uses selected stop mode and runner target"
1,signal_scaled_scalp:strategy=impulse_fade_5bar_2pt:direction=all:first_target_points=1.5:stop_points=1.5:runner_target_points=3:runner_stop_mode=initial,impulse_fade_5bar_2pt,all,1.5,1.5,3,initial,296,296,296,200,96,70,26,0,0,70,0.23648649,-14250,-16322,-55.14189189,136,160,"two-contract post-signal scalp: one contract exits at first target, one runner uses selected stop mode and runner target"
1,signal_scaled_scalp:strategy=impulse_fade_5bar_2pt:direction=all:first_target_points=1.5:stop_points=1.5:runner_target_points=5:runner_stop_mode=breakeven,impulse_fade_5bar_2pt,all,1.5,1.5,5,breakeven,296,296,296,200,96,33,63,0,0,96,0.32432432,-14550,-16622,-56.15540541,136,160,"two-contract post-signal scalp: one contract exits at first target, one runner uses selected stop mode and runner target"
1,signal_scaled_scalp:strategy=impulse_fade_5bar_2pt:direction=all:first_target_points=1.5:stop_points=1.5:runner_target_points=5:runner_stop_mode=initial,impulse_fade_5bar_2pt,all,1.5,1.5,5,initial,296,296,296,200,96,47,49,0,0,47,0.15878378,-14725,-16797,-56.74662162,136,160,"two-contract post-signal scalp: one contract exits at first target, one runner uses selected stop mode and runner target"
1,signal_scaled_scalp:strategy=impulse_fade_5bar_2pt:direction=all:first_target_points=1.5:stop_points=2:runner_target_points=2:runner_stop_mode=breakeven,impulse_fade_5bar_2pt,all,1.5,2,2,breakeven,296,296,296,182,114,94,20,0,0,114,0.38513514,-18450,-20522,-69.33108108,136,160,"two-contract post-signal scalp: one contract exits at first target, one runner uses selected stop mode and runner target"
1,signal_scaled_scalp:strategy=impulse_fade_5bar_2pt:direction=all:first_target_points=1.5:stop_points=2:runner_target_points=2:runner_stop_mode=initial,impulse_fade_5bar_2pt,all,1.5,2,2,initial,296,296,296,182,114,105,9,0,0,105,0.35472973,-18250,-20322,-68.65540541,136,160,"two-contract post-signal scalp: one contract exits at first target, one runner uses selected stop mode and runner target"
1,signal_scaled_scalp:strategy=impulse_fade_5bar_2pt:direction=all:first_target_points=1.5:stop_points=2:runner_target_points=3:runner_stop_mode=breakeven,impulse_fade_5bar_2pt,all,1.5,2,3,breakeven,296,296,296,182,114,62,52,0,0,114,0.38513514,-18550,-20622,-69.66891892,136,160,"two-contract post-signal scalp: one contract exits at first target, one runner uses selected stop mode and runner target"
1,signal_scaled_scalp:strategy=impulse_fade_5bar_2pt:direction=all:first_target_points=1.5:stop_points=2:runner_target_points=3:runner_stop_mode=initial,impulse_fade_5bar_2pt,all,1.5,2,3,initial,296,296,296,182,114,79,35,0,0,79,0.26689189,-19500,-21572,-72.87837838,136,160,"two-contract post-signal scalp: one contract exits at first target, one runner uses selected stop mode and runner target"
1,signal_scaled_scalp:strategy=impulse_fade_5bar_2pt:direction=all:first_target_points=1.5:stop_points=2:runner_target_points=5:runner_stop_mode=breakeven,impulse_fade_5bar_2pt,all,1.5,2,5,breakeven,296,296,296,182,114,37,77,0,0,114,0.38513514,-18600,-20672,-69.83783784,136,160,"two-contract post-signal scalp: one contract exits at first target, one runner uses selected stop mode and runner target"
1,signal_scaled_scalp:strategy=impulse_fade_5bar_2pt:direction=all:first_target_points=1.5:stop_points=2:runner_target_points=5:runner_stop_mode=initial,impulse_fade_5bar_2pt,all,1.5,2,5,initial,296,296,296,182,114,54,60,0,0,54,0.18243243,-20350,-22422,-75.75,136,160,"two-contract post-signal scalp: one contract exits at first target, one runner uses selected stop mode and runner target"
1,signal_scaled_scalp:strategy=impulse_continue_5bar_2pt:direction=all:first_target_points=0.5:stop_points=1:runner_target_points=1.5:runner_stop_mode=breakeven,impulse_continue_5bar_2pt,all,0.5,1,1.5,breakeven,259,259,259,129,130,76,54,0,0,130,0.5019305,-3950,-5763,-22.25096525,135,124,"two-contract post-signal scalp: one contract exits at first target, one runner uses selected stop mode and runner target"
1,signal_scaled_scalp:strategy=impulse_continue_5bar_2pt:direction=all:first_target_points=0.5:stop_points=1:runner_target_points=1.5:runner_stop_mode=initial,impulse_continue_5bar_2pt,all,0.5,1,1.5,initial,259,259,259,129,130,101,29,0,0,101,0.38996139,-3525,-5338,-20.61003861,135,124,"two-contract post-signal scalp: one contract exits at first target, one runner uses selected stop mode and runner target"
1,signal_scaled_scalp:strategy=impulse_continue_5bar_2pt:direction=all:first_target_points=0.5:stop_points=1:runner_target_points=2:runner_stop_mode=breakeven,impulse_continue_5bar_2pt,all,0.5,1,2,breakeven,259,259,259,129,130,64,66,0,0,130,0.5019305,-3250,-5063,-19.54826255,135,124,"two-contract post-signal scalp: one contract exits at first target, one runner uses selected stop mode and runner target"
1,signal_scaled_scalp:strategy=impulse_continue_5bar_2pt:direction=all:first_target_points=0.5:stop_points=1:runner_target_points=2:runner_stop_mode=initial,impulse_continue_5bar_2pt,all,0.5,1,2,initial,259,259,259,129,130,88,42,0,0,88,0.33976834,-2950,-4763,-18.38996139,135,124,"two-contract post-signal scalp: one contract exits at first target, one runner uses selected stop mode and runner target"
1,signal_scaled_scalp:strategy=impulse_continue_5bar_2pt:direction=all:first_target_points=0.5:stop_points=1:runner_target_points=3:runner_stop_mode=breakeven,impulse_continue_5bar_2pt,all,0.5,1,3,breakeven,259,259,259,129,130,40,90,0,0,130,0.5019305,-3650,-5463,-21.09266409,135,124,"two-contract post-signal scalp: one contract exits at first target, one runner uses selected stop mode and runner target"
1,signal_scaled_scalp:strategy=impulse_continue_5bar_2pt:direction=all:first_target_points=0.5:stop_points=1:runner_target_points=3:runner_stop_mode=initial,impulse_continue_5bar_2pt,all,0.5,1,3,initial,259,259,259,129,130,67,63,0,0,67,0.25868726,-2750,-4563,-17.61776062,135,124,"two-contract post-signal scalp: one contract exits at first target, one runner uses selected stop mode and runner target"
1,signal_scaled_scalp:strategy=impulse_continue_5bar_2pt:direction=all:first_target_points=0.5:stop_points=1:runner_target_points=5:runner_stop_mode=breakeven,impulse_continue_5bar_2pt,all,0.5,1,5,breakeven,259,259,259,129,130,23,107,0,0,130,0.5019305,-3900,-5713,-22.05791506,135,124,"two-contract post-signal scalp: one contract exits at first target, one runner uses selected stop mode and runner target"
1,signal_scaled_scalp:strategy=impulse_continue_5bar_2pt:direction=all:first_target_points=0.5:stop_points=1:runner_target_points=5:runner_stop_mode=initial,impulse_continue_5bar_2pt,all,0.5,1,5,initial,259,259,259,129,130,42,88,0,0,42,0.16216216,-3550,-5363,-20.70656371,135,124,"two-contract post-signal scalp: one contract exits at first target, one runner uses selected stop mode and runner target"
1,signal_scaled_scalp:strategy=impulse_continue_5bar_2pt:direction=all:first_target_points=0.5:stop_points=1.5:runner_target_points=1.5:runner_stop_mode=breakeven,impulse_continue_5bar_2pt,all,0.5,1.5,1.5,breakeven,259,259,259,103,156,81,75,0,0,156,0.6023166,-5475,-7288,-28.13899614,135,124,"two-contract post-signal scalp: one contract exits at first target, one runner uses selected stop mode and runner target"
1,signal_scaled_scalp:strategy=impulse_continue_5bar_2pt:direction=all:first_target_points=0.5:stop_points=1.5:runner_target_points=1.5:runner_stop_mode=initial,impulse_continue_5bar_2pt,all,0.5,1.5,1.5,initial,259,259,259,103,156,122,34,0,0,122,0.47104247,-4950,-6763,-26.11196911,135,124,"two-contract post-signal scalp: one contract exits at first target, one runner uses selected stop mode and runner target"
1,signal_scaled_scalp:strategy=impulse_continue_5bar_2pt:direction=all:first_target_points=0.5:stop_points=1.5:runner_target_points=2:runner_stop_mode=breakeven,impulse_continue_5bar_2pt,all,0.5,1.5,2,breakeven,259,259,259,103,156,69,87,0,0,156,0.6023166,-4650,-6463,-24.95366795,135,124,"two-contract post-signal scalp: one contract exits at first target, one runner uses selected stop mode and runner target"
1,signal_scaled_scalp:strategy=impulse_continue_5bar_2pt:direction=all:first_target_points=0.5:stop_points=1.5:runner_target_points=2:runner_stop_mode=initial,impulse_continue_5bar_2pt,all,0.5,1.5,2,initial,259,259,259,103,156,109,47,0,0,109,0.42084942,-4175,-5988,-23.11969112,135,124,"two-contract post-signal scalp: one contract exits at first target, one runner uses selected stop mode and runner target"
1,signal_scaled_scalp:strategy=impulse_continue_5bar_2pt:direction=all:first_target_points=0.5:stop_points=1.5:runner_target_points=3:runner_stop_mode=breakeven,impulse_continue_5bar_2pt,all,0.5,1.5,3,breakeven,259,259,259,103,156,44,112,0,0,156,0.6023166,-4950,-6763,-26.11196911,135,124,"two-contract post-signal scalp: one contract exits at first target, one runner uses selected stop mode and runner target"
1,signal_scaled_scalp:strategy=impulse_continue_5bar_2pt:direction=all:first_target_points=0.5:stop_points=1.5:runner_target_points=3:runner_stop_mode=initial,impulse_continue_5bar_2pt,all,0.5,1.5,3,initial,259,259,259,103,156,89,67,0,0,89,0.34362934,-3225,-5038,-19.45173745,135,124,"two-contract post-signal scalp: one contract exits at first target, one runner uses selected stop mode and runner target"
1,signal_scaled_scalp:strategy=impulse_continue_5bar_2pt:direction=all:first_target_points=0.5:stop_points=1.5:runner_target_points=5:runner_stop_mode=breakeven,impulse_continue_5bar_2pt,all,0.5,1.5,5,breakeven,259,259,259,103,156,25,131,0,0,156,0.6023166,-5300,-7113,-27.46332046,135,124,"two-contract post-signal scalp: one contract exits at first target, one runner uses selected stop mode and runner target"
1,signal_scaled_scalp:strategy=impulse_continue_5bar_2pt:direction=all:first_target_points=0.5:stop_points=1.5:runner_target_points=5:runner_stop_mode=initial,impulse_continue_5bar_2pt,all,0.5,1.5,5,initial,259,259,259,103,156,60,96,0,0,60,0.23166023,-3750,-5563,-21.47876448,135,124,"two-contract post-signal scalp: one contract exits at first target, one runner uses selected stop mode and runner target"
1,signal_scaled_scalp:strategy=impulse_continue_5bar_2pt:direction=all:first_target_points=0.5:stop_points=2:runner_target_points=1.5:runner_stop_mode=breakeven,impulse_continue_5bar_2pt,all,0.5,2,1.5,breakeven,259,259,259,94,165,84,81,0,0,165,0.63706564,-8375,-10188,-39.33590734,135,124,"two-contract post-signal scalp: one contract exits at first target, one runner uses selected stop mode and runner target"
1,signal_scaled_scalp:strategy=impulse_continue_5bar_2pt:direction=all:first_target_points=0.5:stop_points=2:runner_target_points=1.5:runner_stop_mode=initial,impulse_continue_5bar_2pt,all,0.5,2,1.5,initial,259,259,259,94,165,130,35,0,0,130,0.5019305,-8425,-10238,-39.52895753,135,124,"two-contract post-signal scalp: one contract exits at first target, one runner uses selected stop mode and runner target"
1,signal_scaled_scalp:strategy=impulse_continue_5bar_2pt:direction=all:first_target_points=0.5:stop_points=2:runner_target_points=2:runner_stop_mode=breakeven,impulse_continue_5bar_2pt,all,0.5,2,2,breakeven,259,259,259,94,165,71,94,0,0,165,0.63706564,-7575,-9388,-36.24710425,135,124,"two-contract post-signal scalp: one contract exits at first target, one runner uses selected stop mode and runner target"
1,signal_scaled_scalp:strategy=impulse_continue_5bar_2pt:direction=all:first_target_points=0.5:stop_points=2:runner_target_points=2:runner_stop_mode=initial,impulse_continue_5bar_2pt,all,0.5,2,2,initial,259,259,259,94,165,118,47,0,0,118,0.45559846,-7575,-9388,-36.24710425,135,124,"two-contract post-signal scalp: one contract exits at first target, one runner uses selected stop mode and runner target"
1,signal_scaled_scalp:strategy=impulse_continue_5bar_2pt:direction=all:first_target_points=0.5:stop_points=2:runner_target_points=3:runner_stop_mode=breakeven,impulse_continue_5bar_2pt,all,0.5,2,3,breakeven,259,259,259,94,165,45,120,0,0,165,0.63706564,-7925,-9738,-37.5984556,135,124,"two-contract post-signal scalp: one contract exits at first target, one runner uses selected stop mode and runner target"
1,signal_scaled_scalp:strategy=impulse_continue_5bar_2pt:direction=all:first_target_points=0.5:stop_points=2:runner_target_points=3:runner_stop_mode=initial,impulse_continue_5bar_2pt,all,0.5,2,3,initial,259,259,259,94,165,96,69,0,0,96,0.37065637,-7175,-8988,-34.7027027,135,124,"two-contract post-signal scalp: one contract exits at first target, one runner uses selected stop mode and runner target"
1,signal_scaled_scalp:strategy=impulse_continue_5bar_2pt:direction=all:first_target_points=0.5:stop_points=2:runner_target_points=5:runner_stop_mode=breakeven,impulse_continue_5bar_2pt,all,0.5,2,5,breakeven,259,259,259,94,165,26,139,0,0,165,0.63706564,-8175,-9988,-38.56370656,135,124,"two-contract post-signal scalp: one contract exits at first target, one runner uses selected stop mode and runner target"
1,signal_scaled_scalp:strategy=impulse_continue_5bar_2pt:direction=all:first_target_points=0.5:stop_points=2:runner_target_points=5:runner_stop_mode=initial,impulse_continue_5bar_2pt,all,0.5,2,5,initial,259,259,259,94,165,69,96,0,0,69,0.26640927,-7025,-8838,-34.12355212,135,124,"two-contract post-signal scalp: one contract exits at first target, one runner uses selected stop mode and runner target"
1,signal_scaled_scalp:strategy=impulse_continue_5bar_2pt:direction=all:first_target_points=1:stop_points=1:runner_target_points=1.5:runner_stop_mode=breakeven,impulse_continue_5bar_2pt,all,1,1,1.5,breakeven,259,259,259,140,119,88,31,0,0,119,0.45945946,-1450,-3263,-12.5984556,135,124,"two-contract post-signal scalp: one contract exits at first target, one runner uses selected stop mode and runner target"
1,signal_scaled_scalp:strategy=impulse_continue_5bar_2pt:direction=all:first_target_points=1:stop_points=1:runner_target_points=1.5:runner_stop_mode=initial,impulse_continue_5bar_2pt,all,1,1,1.5,initial,259,259,259,140,119,101,18,0,0,101,0.38996139,-1375,-3188,-12.30888031,135,124,"two-contract post-signal scalp: one contract exits at first target, one runner uses selected stop mode and runner target"
1,signal_scaled_scalp:strategy=impulse_continue_5bar_2pt:direction=all:first_target_points=1:stop_points=1:runner_target_points=2:runner_stop_mode=breakeven,impulse_continue_5bar_2pt,all,1,1,2,breakeven,259,259,259,140,119,73,46,0,0,119,0.45945946,-750,-2563,-9.8957529,135,124,"two-contract post-signal scalp: one contract exits at first target, one runner uses selected stop mode and runner target"
1,signal_scaled_scalp:strategy=impulse_continue_5bar_2pt:direction=all:first_target_points=1:stop_points=1:runner_target_points=2:runner_stop_mode=initial,impulse_continue_5bar_2pt,all,1,1,2,initial,259,259,259,140,119,88,31,0,0,88,0.33976834,-800,-2613,-10.08880309,135,124,"two-contract post-signal scalp: one contract exits at first target, one runner uses selected stop mode and runner target"
1,signal_scaled_scalp:strategy=impulse_continue_5bar_2pt:direction=all:first_target_points=1:stop_points=1:runner_target_points=3:runner_stop_mode=breakeven,impulse_continue_5bar_2pt,all,1,1,3,breakeven,259,259,259,140,119,48,71,0,0,119,0.45945946,-850,-2663,-10.28185328,135,124,"two-contract post-signal scalp: one contract exits at first target, one runner uses selected stop mode and runner target"
1,signal_scaled_scalp:strategy=impulse_continue_5bar_2pt:direction=all:first_target_points=1:stop_points=1:runner_target_points=3:runner_stop_mode=initial,impulse_continue_5bar_2pt,all,1,1,3,initial,259,259,259,140,119,67,52,0,0,67,0.25868726,-600,-2413,-9.31660232,135,124,"two-contract post-signal scalp: one contract exits at first target, one runner uses selected stop mode and runner target"
1,signal_scaled_scalp:strategy=impulse_continue_5bar_2pt:direction=all:first_target_points=1:stop_points=1:runner_target_points=5:runner_stop_mode=breakeven,impulse_continue_5bar_2pt,all,1,1,5,breakeven,259,259,259,140,119,27,92,0,0,119,0.45945946,-1300,-3113,-12.01930502,135,124,"two-contract post-signal scalp: one contract exits at first target, one runner uses selected stop mode and runner target"
1,signal_scaled_scalp:strategy=impulse_continue_5bar_2pt:direction=all:first_target_points=1:stop_points=1:runner_target_points=5:runner_stop_mode=initial,impulse_continue_5bar_2pt,all,1,1,5,initial,259,259,259,140,119,42,77,0,0,42,0.16216216,-1400,-3213,-12.40540541,135,124,"two-contract post-signal scalp: one contract exits at first target, one runner uses selected stop mode and runner target"
1,signal_scaled_scalp:strategy=impulse_continue_5bar_2pt:direction=all:first_target_points=1:stop_points=1.5:runner_target_points=1.5:runner_stop_mode=breakeven,impulse_continue_5bar_2pt,all,1,1.5,1.5,breakeven,259,259,259,116,143,99,44,0,0,143,0.55212355,-2825,-4638,-17.90733591,135,124,"two-contract post-signal scalp: one contract exits at first target, one runner uses selected stop mode and runner target"
1,signal_scaled_scalp:strategy=impulse_continue_5bar_2pt:direction=all:first_target_points=1:stop_points=1.5:runner_target_points=1.5:runner_stop_mode=initial,impulse_continue_5bar_2pt,all,1,1.5,1.5,initial,259,259,259,116,143,122,21,0,0,122,0.47104247,-2675,-4488,-17.32818533,135,124,"two-contract post-signal scalp: one contract exits at first target, one runner uses selected stop mode and runner target"
1,signal_scaled_scalp:strategy=impulse_continue_5bar_2pt:direction=all:first_target_points=1:stop_points=1.5:runner_target_points=2:runner_stop_mode=breakeven,impulse_continue_5bar_2pt,all,1,1.5,2,breakeven,259,259,259,116,143,84,59,0,0,143,0.55212355,-1850,-3663,-14.14285714,135,124,"two-contract post-signal scalp: one contract exits at first target, one runner uses selected stop mode and runner target"
1,signal_scaled_scalp:strategy=impulse_continue_5bar_2pt:direction=all:first_target_points=1:stop_points=1.5:runner_target_points=2:runner_stop_mode=initial,impulse_continue_5bar_2pt,all,1,1.5,2,initial,259,259,259,116,143,109,34,0,0,109,0.42084942,-1900,-3713,-14.33590734,135,124,"two-contract post-signal scalp: one contract exits at first target, one runner uses selected stop mode and runner target"
1,signal_scaled_scalp:strategy=impulse_continue_5bar_2pt:direction=all:first_target_points=1:stop_points=1.5:runner_target_points=3:runner_stop_mode=breakeven,impulse_continue_5bar_2pt,all,1,1.5,3,breakeven,259,259,259,116,143,57,86,0,0,143,0.55212355,-1700,-3513,-13.56370656,135,124,"two-contract post-signal scalp: one contract exits at first target, one runner uses selected stop mode and runner target"
1,signal_scaled_scalp:strategy=impulse_continue_5bar_2pt:direction=all:first_target_points=1:stop_points=1.5:runner_target_points=3:runner_stop_mode=initial,impulse_continue_5bar_2pt,all,1,1.5,3,initial,259,259,259,116,143,89,54,0,0,89,0.34362934,-950,-2763,-10.66795367,135,124,"two-contract post-signal scalp: one contract exits at first target, one runner uses selected stop mode and runner target"
1,signal_scaled_scalp:strategy=impulse_continue_5bar_2pt:direction=all:first_target_points=1:stop_points=1.5:runner_target_points=5:runner_stop_mode=breakeven,impulse_continue_5bar_2pt,all,1,1.5,5,breakeven,259,259,259,116,143,33,110,0,0,143,0.55212355,-2000,-3813,-14.72200772,135,124,"two-contract post-signal scalp: one contract exits at first target, one runner uses selected stop mode and runner target"
1,signal_scaled_scalp:strategy=impulse_continue_5bar_2pt:direction=all:first_target_points=1:stop_points=1.5:runner_target_points=5:runner_stop_mode=initial,impulse_continue_5bar_2pt,all,1,1.5,5,initial,259,259,259,116,143,60,83,0,0,60,0.23166023,-1475,-3288,-12.69498069,135,124,"two-contract post-signal scalp: one contract exits at first target, one runner uses selected stop mode and runner target"
1,signal_scaled_scalp:strategy=impulse_continue_5bar_2pt:direction=all:first_target_points=1:stop_points=2:runner_target_points=1.5:runner_stop_mode=breakeven,impulse_continue_5bar_2pt,all,1,2,1.5,breakeven,259,259,259,107,152,105,47,0,0,152,0.58687259,-5925,-7738,-29.87644788,135,124,"two-contract post-signal scalp: one contract exits at first target, one runner uses selected stop mode and runner target"
1,signal_scaled_scalp:strategy=impulse_continue_5bar_2pt:direction=all:first_target_points=1:stop_points=2:runner_target_points=1.5:runner_stop_mode=initial,impulse_continue_5bar_2pt,all,1,2,1.5,initial,259,259,259,107,152,130,22,0,0,130,0.5019305,-6250,-8063,-31.13127413,135,124,"two-contract post-signal scalp: one contract exits at first target, one runner uses selected stop mode and runner target"
1,signal_scaled_scalp:strategy=impulse_continue_5bar_2pt:direction=all:first_target_points=1:stop_points=2:runner_target_points=2:runner_stop_mode=breakeven,impulse_continue_5bar_2pt,all,1,2,2,breakeven,259,259,259,107,152,87,65,0,0,152,0.58687259,-5100,-6913,-26.69111969,135,124,"two-contract post-signal scalp: one contract exits at first target, one runner uses selected stop mode and runner target"
1,signal_scaled_scalp:strategy=impulse_continue_5bar_2pt:direction=all:first_target_points=1:stop_points=2:runner_target_points=2:runner_stop_mode=initial,impulse_continue_5bar_2pt,all,1,2,2,initial,259,259,259,107,152,118,34,0,0,118,0.45559846,-5400,-7213,-27.84942085,135,124,"two-contract post-signal scalp: one contract exits at first target, one runner uses selected stop mode and runner target"
1,signal_scaled_scalp:strategy=impulse_continue_5bar_2pt:direction=all:first_target_points=1:stop_points=2:runner_target_points=3:runner_stop_mode=breakeven,impulse_continue_5bar_2pt,all,1,2,3,breakeven,259,259,259,107,152,58,94,0,0,152,0.58687259,-5100,-6913,-26.69111969,135,124,"two-contract post-signal scalp: one contract exits at first target, one runner uses selected stop mode and runner target"
1,signal_scaled_scalp:strategy=impulse_continue_5bar_2pt:direction=all:first_target_points=1:stop_points=2:runner_target_points=3:runner_stop_mode=initial,impulse_continue_5bar_2pt,all,1,2,3,initial,259,259,259,107,152,96,56,0,0,96,0.37065637,-5000,-6813,-26.30501931,135,124,"two-contract post-signal scalp: one contract exits at first target, one runner uses selected stop mode and runner target"
1,signal_scaled_scalp:strategy=impulse_continue_5bar_2pt:direction=all:first_target_points=1:stop_points=2:runner_target_points=5:runner_stop_mode=breakeven,impulse_continue_5bar_2pt,all,1,2,5,breakeven,259,259,259,107,152,34,118,0,0,152,0.58687259,-5300,-7113,-27.46332046,135,124,"two-contract post-signal scalp: one contract exits at first target, one runner uses selected stop mode and runner target"
1,signal_scaled_scalp:strategy=impulse_continue_5bar_2pt:direction=all:first_target_points=1:stop_points=2:runner_target_points=5:runner_stop_mode=initial,impulse_continue_5bar_2pt,all,1,2,5,initial,259,259,259,107,152,69,83,0,0,69,0.26640927,-4850,-6663,-25.72586873,135,124,"two-contract post-signal scalp: one contract exits at first target, one runner uses selected stop mode and runner target"
1,signal_scaled_scalp:strategy=impulse_continue_5bar_2pt:direction=all:first_target_points=1.5:stop_points=1:runner_target_points=2:runner_stop_mode=breakeven,impulse_continue_5bar_2pt,all,1.5,1,2,breakeven,259,259,259,158,101,81,20,0,0,101,0.38996139,-125,-1938,-7.48262548,135,124,"two-contract post-signal scalp: one contract exits at first target, one runner uses selected stop mode and runner target"
1,signal_scaled_scalp:strategy=impulse_continue_5bar_2pt:direction=all:first_target_points=1.5:stop_points=1:runner_target_points=2:runner_stop_mode=initial,impulse_continue_5bar_2pt,all,1.5,1,2,initial,259,259,259,158,101,88,13,0,0,101,0.38996139,-75,-1888,-7.28957529,135,124,"two-contract post-signal scalp: one contract exits at first target, one runner uses selected stop mode and runner target"
1,signal_scaled_scalp:strategy=impulse_continue_5bar_2pt:direction=all:first_target_points=1.5:stop_points=1:runner_target_points=3:runner_stop_mode=breakeven,impulse_continue_5bar_2pt,all,1.5,1,3,breakeven,259,259,259,158,101,56,45,0,0,101,0.38996139,175,-1638,-6.32432432,135,124,"two-contract post-signal scalp: one contract exits at first target, one runner uses selected stop mode and runner target"
1,signal_scaled_scalp:strategy=impulse_continue_5bar_2pt:direction=all:first_target_points=1.5:stop_points=1:runner_target_points=3:runner_stop_mode=initial,impulse_continue_5bar_2pt,all,1.5,1,3,initial,259,259,259,158,101,67,34,0,0,101,0.38996139,125,-1688,-6.51737452,135,124,"two-contract post-signal scalp: one contract exits at first target, one runner uses selected stop mode and runner target"
1,signal_scaled_scalp:strategy=impulse_continue_5bar_2pt:direction=all:first_target_points=1.5:stop_points=1:runner_target_points=5:runner_stop_mode=breakeven,impulse_continue_5bar_2pt,all,1.5,1,5,breakeven,259,259,259,158,101,31,70,0,0,101,0.38996139,-475,-2288,-8.83397683,135,124,"two-contract post-signal scalp: one contract exits at first target, one runner uses selected stop mode and runner target"
1,signal_scaled_scalp:strategy=impulse_continue_5bar_2pt:direction=all:first_target_points=1.5:stop_points=1:runner_target_points=5:runner_stop_mode=initial,impulse_continue_5bar_2pt,all,1.5,1,5,initial,259,259,259,158,101,42,59,0,0,101,0.38996139,-675,-2488,-9.60617761,135,124,"two-contract post-signal scalp: one contract exits at first target, one runner uses selected stop mode and runner target"
1,signal_scaled_scalp:strategy=impulse_continue_5bar_2pt:direction=all:first_target_points=1.5:stop_points=1.5:runner_target_points=2:runner_stop_mode=breakeven,impulse_continue_5bar_2pt,all,1.5,1.5,2,breakeven,259,259,259,137,122,101,21,0,0,122,0.47104247,-1300,-3113,-12.01930502,135,124,"two-contract post-signal scalp: one contract exits at first target, one runner uses selected stop mode and runner target"
1,signal_scaled_scalp:strategy=impulse_continue_5bar_2pt:direction=all:first_target_points=1.5:stop_points=1.5:runner_target_points=2:runner_stop_mode=initial,impulse_continue_5bar_2pt,all,1.5,1.5,2,initial,259,259,259,137,122,109,13,0,0,109,0.42084942,-1475,-3288,-12.69498069,135,124,"two-contract post-signal scalp: one contract exits at first target, one runner uses selected stop mode and runner target"
1,signal_scaled_scalp:strategy=impulse_continue_5bar_2pt:direction=all:first_target_points=1.5:stop_points=1.5:runner_target_points=3:runner_stop_mode=breakeven,impulse_continue_5bar_2pt,all,1.5,1.5,3,breakeven,259,259,259,137,122,70,52,0,0,122,0.47104247,-900,-2713,-10.47490347,135,124,"two-contract post-signal scalp: one contract exits at first target, one runner uses selected stop mode and runner target"
1,signal_scaled_scalp:strategy=impulse_continue_5bar_2pt:direction=all:first_target_points=1.5:stop_points=1.5:runner_target_points=3:runner_stop_mode=initial,impulse_continue_5bar_2pt,all,1.5,1.5,3,initial,259,259,259,137,122,89,33,0,0,89,0.34362934,-525,-2338,-9.02702703,135,124,"two-contract post-signal scalp: one contract exits at first target, one runner uses selected stop mode and runner target"
1,signal_scaled_scalp:strategy=impulse_continue_5bar_2pt:direction=all:first_target_points=1.5:stop_points=1.5:runner_target_points=5:runner_stop_mode=breakeven,impulse_continue_5bar_2pt,all,1.5,1.5,5,breakeven,259,259,259,137,122,39,83,0,0,122,0.47104247,-1650,-3463,-13.37065637,135,124,"two-contract post-signal scalp: one contract exits at first target, one runner uses selected stop mode and runner target"
1,signal_scaled_scalp:strategy=impulse_continue_5bar_2pt:direction=all:first_target_points=1.5:stop_points=1.5:runner_target_points=5:runner_stop_mode=initial,impulse_continue_5bar_2pt,all,1.5,1.5,5,initial,259,259,259,137,122,60,62,0,0,60,0.23166023,-1050,-2863,-11.05405405,135,124,"two-contract post-signal scalp: one contract exits at first target, one runner uses selected stop mode and runner target"
1,signal_scaled_scalp:strategy=impulse_continue_5bar_2pt:direction=all:first_target_points=1.5:stop_points=2:runner_target_points=2:runner_stop_mode=breakeven,impulse_continue_5bar_2pt,all,1.5,2,2,breakeven,259,259,259,129,130,106,24,0,0,130,0.5019305,-5450,-7263,-28.04247104,135,124,"two-contract post-signal scalp: one contract exits at first target, one runner uses selected stop mode and runner target"
1,signal_scaled_scalp:strategy=impulse_continue_5bar_2pt:direction=all:first_target_points=1.5:stop_points=2:runner_target_points=2:runner_stop_mode=initial,impulse_continue_5bar_2pt,all,1.5,2,2,initial,259,259,259,129,130,118,12,0,0,118,0.45559846,-5450,-7263,-28.04247104,135,124,"two-contract post-signal scalp: one contract exits at first target, one runner uses selected stop mode and runner target"
1,signal_scaled_scalp:strategy=impulse_continue_5bar_2pt:direction=all:first_target_points=1.5:stop_points=2:runner_target_points=3:runner_stop_mode=breakeven,impulse_continue_5bar_2pt,all,1.5,2,3,breakeven,259,259,259,129,130,73,57,0,0,130,0.5019305,-5100,-6913,-26.69111969,135,124,"two-contract post-signal scalp: one contract exits at first target, one runner uses selected stop mode and runner target"
1,signal_scaled_scalp:strategy=impulse_continue_5bar_2pt:direction=all:first_target_points=1.5:stop_points=2:runner_target_points=3:runner_stop_mode=initial,impulse_continue_5bar_2pt,all,1.5,2,3,initial,259,259,259,129,130,96,34,0,0,96,0.37065637,-5050,-6863,-26.4980695,135,124,"two-contract post-signal scalp: one contract exits at first target, one runner uses selected stop mode and runner target"
1,signal_scaled_scalp:strategy=impulse_continue_5bar_2pt:direction=all:first_target_points=1.5:stop_points=2:runner_target_points=5:runner_stop_mode=breakeven,impulse_continue_5bar_2pt,all,1.5,2,5,breakeven,259,259,259,129,130,41,89,0,0,130,0.5019305,-5800,-7613,-29.39382239,135,124,"two-contract post-signal scalp: one contract exits at first target, one runner uses selected stop mode and runner target"
1,signal_scaled_scalp:strategy=impulse_continue_5bar_2pt:direction=all:first_target_points=1.5:stop_points=2:runner_target_points=5:runner_stop_mode=initial,impulse_continue_5bar_2pt,all,1.5,2,5,initial,259,259,259,129,130,69,61,0,0,69,0.26640927,-4900,-6713,-25.91891892,135,124,"two-contract post-signal scalp: one contract exits at first target, one runner uses selected stop mode and runner target"
1,signal_scaled_scalp:strategy=impulse_fade_10bar_3pt:direction=all:first_target_points=0.5:stop_points=1:runner_target_points=1.5:runner_stop_mode=breakeven,impulse_fade_10bar_3pt,all,0.5,1,1.5,breakeven,269,269,269,142,127,61,66,0,0,127,0.47211896,-6450,-8333,-30.97769517,139,130,"two-contract post-signal scalp: one contract exits at first target, one runner uses selected stop mode and runner target"
1,signal_scaled_scalp:strategy=impulse_fade_10bar_3pt:direction=all:first_target_points=0.5:stop_points=1:runner_target_points=1.5:runner_stop_mode=initial,impulse_fade_10bar_3pt,all,0.5,1,1.5,initial,269,269,269,142,127,90,37,0,0,90,0.33457249,-6125,-8008,-29.76951673,139,130,"two-contract post-signal scalp: one contract exits at first target, one runner uses selected stop mode and runner target"
1,signal_scaled_scalp:strategy=impulse_fade_10bar_3pt:direction=all:first_target_points=0.5:stop_points=1:runner_target_points=2:runner_stop_mode=breakeven,impulse_fade_10bar_3pt,all,0.5,1,2,breakeven,269,269,269,142,127,54,73,0,0,127,0.47211896,-5625,-7508,-27.91078067,139,130,"two-contract post-signal scalp: one contract exits at first target, one runner uses selected stop mode and runner target"
1,signal_scaled_scalp:strategy=impulse_fade_10bar_3pt:direction=all:first_target_points=0.5:stop_points=1:runner_target_points=2:runner_stop_mode=initial,impulse_fade_10bar_3pt,all,0.5,1,2,initial,269,269,269,142,127,76,51,0,0,76,0.28252788,-5975,-7858,-29.21189591,139,130,"two-contract post-signal scalp: one contract exits at first target, one runner uses selected stop mode and runner target"
1,signal_scaled_scalp:strategy=impulse_fade_10bar_3pt:direction=all:first_target_points=0.5:stop_points=1:runner_target_points=3:runner_stop_mode=breakeven,impulse_fade_10bar_3pt,all,0.5,1,3,breakeven,269,269,269,142,127,36,91,0,0,127,0.47211896,-5625,-7508,-27.91078067,139,130,"two-contract post-signal scalp: one contract exits at first target, one runner uses selected stop mode and runner target"
1,signal_scaled_scalp:strategy=impulse_fade_10bar_3pt:direction=all:first_target_points=0.5:stop_points=1:runner_target_points=3:runner_stop_mode=initial,impulse_fade_10bar_3pt,all,0.5,1,3,initial,269,269,269,142,127,57,70,0,0,57,0.21189591,-5975,-7858,-29.21189591,139,130,"two-contract post-signal scalp: one contract exits at first target, one runner uses selected stop mode and runner target"
1,signal_scaled_scalp:strategy=impulse_fade_10bar_3pt:direction=all:first_target_points=0.5:stop_points=1:runner_target_points=5:runner_stop_mode=breakeven,impulse_fade_10bar_3pt,all,0.5,1,5,breakeven,269,269,269,142,127,19,108,0,0,127,0.47211896,-6275,-8158,-30.32713755,139,130,"two-contract post-signal scalp: one contract exits at first target, one runner uses selected stop mode and runner target"
1,signal_scaled_scalp:strategy=impulse_fade_10bar_3pt:direction=all:first_target_points=0.5:stop_points=1:runner_target_points=5:runner_stop_mode=initial,impulse_fade_10bar_3pt,all,0.5,1,5,initial,269,269,269,142,127,36,91,0,0,36,0.133829,-6575,-8458,-31.44237918,139,130,"two-contract post-signal scalp: one contract exits at first target, one runner uses selected stop mode and runner target"
1,signal_scaled_scalp:strategy=impulse_fade_10bar_3pt:direction=all:first_target_points=0.5:stop_points=1.5:runner_target_points=1.5:runner_stop_mode=breakeven,impulse_fade_10bar_3pt,all,0.5,1.5,1.5,breakeven,269,269,269,118,151,68,83,0,0,151,0.56133829,-8825,-10708,-39.80669145,139,130,"two-contract post-signal scalp: one contract exits at first target, one runner uses selected stop mode and runner target"
1,signal_scaled_scalp:strategy=impulse_fade_10bar_3pt:direction=all:first_target_points=0.5:stop_points=1.5:runner_target_points=1.5:runner_stop_mode=initial,impulse_fade_10bar_3pt,all,0.5,1.5,1.5,initial,269,269,269,118,151,114,37,0,0,114,0.42379182,-8150,-10033,-37.29739777,139,130,"two-contract post-signal scalp: one contract exits at first target, one runner uses selected stop mode and runner target"
1,signal_scaled_scalp:strategy=impulse_fade_10bar_3pt:direction=all:first_target_points=0.5:stop_points=1.5:runner_target_points=2:runner_stop_mode=breakeven,impulse_fade_10bar_3pt,all,0.5,1.5,2,breakeven,269,269,269,118,151,59,92,0,0,151,0.56133829,-8025,-9908,-36.83271375,139,130,"two-contract post-signal scalp: one contract exits at first target, one runner uses selected stop mode and runner target"
1,signal_scaled_scalp:strategy=impulse_fade_10bar_3pt:direction=all:first_target_points=0.5:stop_points=1.5:runner_target_points=2:runner_stop_mode=initial,impulse_fade_10bar_3pt,all,0.5,1.5,2,initial,269,269,269,118,151,99,52,0,0,99,0.36802974,-7925,-9808,-36.46096654,139,130,"two-contract post-signal scalp: one contract exits at first target, one runner uses selected stop mode and runner target"
1,signal_scaled_scalp:strategy=impulse_fade_10bar_3pt:direction=all:first_target_points=0.5:stop_points=1.5:runner_target_points=3:runner_stop_mode=breakeven,impulse_fade_10bar_3pt,all,0.5,1.5,3,breakeven,269,269,269,118,151,40,111,0,0,151,0.56133829,-7925,-9808,-36.46096654,139,130,"two-contract post-signal scalp: one contract exits at first target, one runner uses selected stop mode and runner target"
1,signal_scaled_scalp:strategy=impulse_fade_10bar_3pt:direction=all:first_target_points=0.5:stop_points=1.5:runner_target_points=3:runner_stop_mode=initial,impulse_fade_10bar_3pt,all,0.5,1.5,3,initial,269,269,269,118,151,76,75,0,0,76,0.28252788,-8150,-10033,-37.29739777,139,130,"two-contract post-signal scalp: one contract exits at first target, one runner uses selected stop mode and runner target"
1,signal_scaled_scalp:strategy=impulse_fade_10bar_3pt:direction=all:first_target_points=0.5:stop_points=1.5:runner_target_points=5:runner_stop_mode=breakeven,impulse_fade_10bar_3pt,all,0.5,1.5,5,breakeven,269,269,269,118,151,22,129,0,0,151,0.56133829,-8425,-10308,-38.3197026,139,130,"two-contract post-signal scalp: one contract exits at first target, one runner uses selected stop mode and runner target"
1,signal_scaled_scalp:strategy=impulse_fade_10bar_3pt:direction=all:first_target_points=0.5:stop_points=1.5:runner_target_points=5:runner_stop_mode=initial,impulse_fade_10bar_3pt,all,0.5,1.5,5,initial,269,269,269,118,151,53,98,0,0,53,0.19702602,-8025,-9908,-36.83271375,139,130,"two-contract post-signal scalp: one contract exits at first target, one runner uses selected stop mode and runner target"
1,signal_scaled_scalp:strategy=impulse_fade_10bar_3pt:direction=all:first_target_points=0.5:stop_points=2:runner_target_points=1.5:runner_stop_mode=breakeven,impulse_fade_10bar_3pt,all,0.5,2,1.5,breakeven,269,269,269,106,163,71,92,0,0,163,0.60594796,-11800,-13683,-50.866171,139,130,"two-contract post-signal scalp: one contract exits at first target, one runner uses selected stop mode and runner target"
1,signal_scaled_scalp:strategy=impulse_fade_10bar_3pt:direction=all:first_target_points=0.5:stop_points=2:runner_target_points=1.5:runner_stop_mode=initial,impulse_fade_10bar_3pt,all,0.5,2,1.5,initial,269,269,269,106,163,133,30,0,0,133,0.49442379,-10150,-12033,-44.73234201,139,130,"two-contract post-signal scalp: one contract exits at first target, one runner uses selected stop mode and runner target"
1,signal_scaled_scalp:strategy=impulse_fade_10bar_3pt:direction=all:first_target_points=0.5:stop_points=2:runner_target_points=2:runner_stop_mode=breakeven,impulse_fade_10bar_3pt,all,0.5,2,2,breakeven,269,269,269,106,163,62,101,0,0,163,0.60594796,-10925,-12808,-47.6133829,139,130,"two-contract post-signal scalp: one contract exits at first target, one runner uses selected stop mode and runner target"
1,signal_scaled_scalp:strategy=impulse_fade_10bar_3pt:direction=all:first_target_points=0.5:stop_points=2:runner_target_points=2:runner_stop_mode=initial,impulse_fade_10bar_3pt,all,0.5,2,2,initial,269,269,269,106,163,115,48,0,0,115,0.42750929,-10425,-12308,-45.75464684,139,130,"two-contract post-signal scalp: one contract exits at first target, one runner uses selected stop mode and runner target"
1,signal_scaled_scalp:strategy=impulse_fade_10bar_3pt:direction=all:first_target_points=0.5:stop_points=2:runner_target_points=3:runner_stop_mode=breakeven,impulse_fade_10bar_3pt,all,0.5,2,3,breakeven,269,269,269,106,163,42,121,0,0,163,0.60594796,-10825,-12708,-47.24163569,139,130,"two-contract post-signal scalp: one contract exits at first target, one runner uses selected stop mode and runner target"
1,signal_scaled_scalp:strategy=impulse_fade_10bar_3pt:direction=all:first_target_points=0.5:stop_points=2:runner_target_points=3:runner_stop_mode=initial,impulse_fade_10bar_3pt,all,0.5,2,3,initial,269,269,269,106,163,92,70,1,0,93,0.34572491,-10300,-12183,-45.28996283,139,130,"two-contract post-signal scalp: one contract exits at first target, one runner uses selected stop mode and runner target"
1,signal_scaled_scalp:strategy=impulse_fade_10bar_3pt:direction=all:first_target_points=0.5:stop_points=2:runner_target_points=5:runner_stop_mode=breakeven,impulse_fade_10bar_3pt,all,0.5,2,5,breakeven,269,269,269,106,163,23,140,0,0,163,0.60594796,-11375,-13258,-49.28624535,139,130,"two-contract post-signal scalp: one contract exits at first target, one runner uses selected stop mode and runner target"
1,signal_scaled_scalp:strategy=impulse_fade_10bar_3pt:direction=all:first_target_points=0.5:stop_points=2:runner_target_points=5:runner_stop_mode=initial,impulse_fade_10bar_3pt,all,0.5,2,5,initial,269,269,269,106,163,65,97,1,0,66,0.24535316,-10550,-12433,-46.21933086,139,130,"two-contract post-signal scalp: one contract exits at first target, one runner uses selected stop mode and runner target"
1,signal_scaled_scalp:strategy=impulse_fade_10bar_3pt:direction=all:first_target_points=1:stop_points=1:runner_target_points=1.5:runner_stop_mode=breakeven,impulse_fade_10bar_3pt,all,1,1,1.5,breakeven,269,269,269,158,111,69,42,0,0,111,0.41263941,-5075,-6958,-25.866171,139,130,"two-contract post-signal scalp: one contract exits at first target, one runner uses selected stop mode and runner target"
1,signal_scaled_scalp:strategy=impulse_fade_10bar_3pt:direction=all:first_target_points=1:stop_points=1:runner_target_points=1.5:runner_stop_mode=initial,impulse_fade_10bar_3pt,all,1,1,1.5,initial,269,269,269,158,111,90,21,0,0,90,0.33457249,-4550,-6433,-23.91449814,139,130,"two-contract post-signal scalp: one contract exits at first target, one runner uses selected stop mode and runner target"
1,signal_scaled_scalp:strategy=impulse_fade_10bar_3pt:direction=all:first_target_points=1:stop_points=1:runner_target_points=2:runner_stop_mode=breakeven,impulse_fade_10bar_3pt,all,1,1,2,breakeven,269,269,269,158,111,57,54,0,0,111,0.41263941,-4550,-6433,-23.91449814,139,130,"two-contract post-signal scalp: one contract exits at first target, one runner uses selected stop mode and runner target"
1,signal_scaled_scalp:strategy=impulse_fade_10bar_3pt:direction=all:first_target_points=1:stop_points=1:runner_target_points=2:runner_stop_mode=initial,impulse_fade_10bar_3pt,all,1,1,2,initial,269,269,269,158,111,76,35,0,0,76,0.28252788,-4400,-6283,-23.35687732,139,130,"two-contract post-signal scalp: one contract exits at first target, one runner uses selected stop mode and runner target"
1,signal_scaled_scalp:strategy=impulse_fade_10bar_3pt:direction=all:first_target_points=1:stop_points=1:runner_target_points=3:runner_stop_mode=breakeven,impulse_fade_10bar_3pt,all,1,1,3,breakeven,269,269,269,158,111,38,73,0,0,111,0.41263941,-4550,-6433,-23.91449814,139,130,"two-contract post-signal scalp: one contract exits at first target, one runner uses selected stop mode and runner target"
1,signal_scaled_scalp:strategy=impulse_fade_10bar_3pt:direction=all:first_target_points=1:stop_points=1:runner_target_points=3:runner_stop_mode=initial,impulse_fade_10bar_3pt,all,1,1,3,initial,269,269,269,158,111,57,54,0,0,57,0.21189591,-4400,-6283,-23.35687732,139,130,"two-contract post-signal scalp: one contract exits at first target, one runner uses selected stop mode and runner target"
1,signal_scaled_scalp:strategy=impulse_fade_10bar_3pt:direction=all:first_target_points=1:stop_points=1:runner_target_points=5:runner_stop_mode=breakeven,impulse_fade_10bar_3pt,all,1,1,5,breakeven,269,269,269,158,111,20,91,0,0,111,0.41263941,-5250,-7133,-26.51672862,139,130,"two-contract post-signal scalp: one contract exits at first target, one runner uses selected stop mode and runner target"
1,signal_scaled_scalp:strategy=impulse_fade_10bar_3pt:direction=all:first_target_points=1:stop_points=1:runner_target_points=5:runner_stop_mode=initial,impulse_fade_10bar_3pt,all,1,1,5,initial,269,269,269,158,111,36,75,0,0,36,0.133829,-5000,-6883,-25.58736059,139,130,"two-contract post-signal scalp: one contract exits at first target, one runner uses selected stop mode and runner target"
1,signal_scaled_scalp:strategy=impulse_fade_10bar_3pt:direction=all:first_target_points=1:stop_points=1.5:runner_target_points=1.5:runner_stop_mode=breakeven,impulse_fade_10bar_3pt,all,1,1.5,1.5,breakeven,269,269,269,134,135,81,54,0,0,135,0.50185874,-7275,-9158,-34.04460967,139,130,"two-contract post-signal scalp: one contract exits at first target, one runner uses selected stop mode and runner target"
1,signal_scaled_scalp:strategy=impulse_fade_10bar_3pt:direction=all:first_target_points=1:stop_points=1.5:runner_target_points=1.5:runner_stop_mode=initial,impulse_fade_10bar_3pt,all,1,1.5,1.5,initial,269,269,269,134,135,114,21,0,0,114,0.42379182,-6375,-8258,-30.69888476,139,130,"two-contract post-signal scalp: one contract exits at first target, one runner uses selected stop mode and runner target"
1,signal_scaled_scalp:strategy=impulse_fade_10bar_3pt:direction=all:first_target_points=1:stop_points=1.5:runner_target_points=2:runner_stop_mode=breakeven,impulse_fade_10bar_3pt,all,1,1.5,2,breakeven,269,269,269,134,135,66,69,0,0,135,0.50185874,-6750,-8633,-32.0929368,139,130,"two-contract post-signal scalp: one contract exits at first target, one runner uses selected stop mode and runner target"
1,signal_scaled_scalp:strategy=impulse_fade_10bar_3pt:direction=all:first_target_points=1:stop_points=1.5:runner_target_points=2:runner_stop_mode=initial,impulse_fade_10bar_3pt,all,1,1.5,2,initial,269,269,269,134,135,99,36,0,0,99,0.36802974,-6150,-8033,-29.86245353,139,130,"two-contract post-signal scalp: one contract exits at first target, one runner uses selected stop mode and runner target"
1,signal_scaled_scalp:strategy=impulse_fade_10bar_3pt:direction=all:first_target_points=1:stop_points=1.5:runner_target_points=3:runner_stop_mode=breakeven,impulse_fade_10bar_3pt,all,1,1.5,3,breakeven,269,269,269,134,135,44,91,0,0,135,0.50185874,-6750,-8633,-32.0929368,139,130,"two-contract post-signal scalp: one contract exits at first target, one runner uses selected stop mode and runner target"
1,signal_scaled_scalp:strategy=impulse_fade_10bar_3pt:direction=all:first_target_points=1:stop_points=1.5:runner_target_points=3:runner_stop_mode=initial,impulse_fade_10bar_3pt,all,1,1.5,3,initial,269,269,269,134,135,76,59,0,0,76,0.28252788,-6375,-8258,-30.69888476,139,130,"two-contract post-signal scalp: one contract exits at first target, one runner uses selected stop mode and runner target"
1,signal_scaled_scalp:strategy=impulse_fade_10bar_3pt:direction=all:first_target_points=1:stop_points=1.5:runner_target_points=5:runner_stop_mode=breakeven,impulse_fade_10bar_3pt,all,1,1.5,5,breakeven,269,269,269,134,135,24,111,0,0,135,0.50185874,-7350,-9233,-34.32342007,139,130,"two-contract post-signal scalp: one contract exits at first target, one runner uses selected stop mode and runner target"
1,signal_scaled_scalp:strategy=impulse_fade_10bar_3pt:direction=all:first_target_points=1:stop_points=1.5:runner_target_points=5:runner_stop_mode=initial,impulse_fade_10bar_3pt,all,1,1.5,5,initial,269,269,269,134,135,53,82,0,0,53,0.19702602,-6250,-8133,-30.23420074,139,130,"two-contract post-signal scalp: one contract exits at first target, one runner uses selected stop mode and runner target"
1,signal_scaled_scalp:strategy=impulse_fade_10bar_3pt:direction=all:first_target_points=1:stop_points=2:runner_target_points=1.5:runner_stop_mode=breakeven,impulse_fade_10bar_3pt,all,1,2,1.5,breakeven,269,269,269,118,151,95,56,0,0,151,0.56133829,-8925,-10808,-40.17843866,139,130,"two-contract post-signal scalp: one contract exits at first target, one runner uses selected stop mode and runner target"
1,signal_scaled_scalp:strategy=impulse_fade_10bar_3pt:direction=all:first_target_points=1:stop_points=2:runner_target_points=1.5:runner_stop_mode=initial,impulse_fade_10bar_3pt,all,1,2,1.5,initial,269,269,269,118,151,133,18,0,0,133,0.49442379,-7875,-9758,-36.27509294,139,130,"two-contract post-signal scalp: one contract exits at first target, one runner uses selected stop mode and runner target"
1,signal_scaled_scalp:strategy=impulse_fade_10bar_3pt:direction=all:first_target_points=1:stop_points=2:runner_target_points=2:runner_stop_mode=breakeven,impulse_fade_10bar_3pt,all,1,2,2,breakeven,269,269,269,118,151,76,75,0,0,151,0.56133829,-8450,-10333,-38.41263941,139,130,"two-contract post-signal scalp: one contract exits at first target, one runner uses selected stop mode and runner target"
1,signal_scaled_scalp:strategy=impulse_fade_10bar_3pt:direction=all:first_target_points=1:stop_points=2:runner_target_points=2:runner_stop_mode=initial,impulse_fade_10bar_3pt,all,1,2,2,initial,269,269,269,118,151,115,36,0,0,115,0.42750929,-8150,-10033,-37.29739777,139,130,"two-contract post-signal scalp: one contract exits at first target, one runner uses selected stop mode and runner target"
1,signal_scaled_scalp:strategy=impulse_fade_10bar_3pt:direction=all:first_target_points=1:stop_points=2:runner_target_points=3:runner_stop_mode=breakeven,impulse_fade_10bar_3pt,all,1,2,3,breakeven,269,269,269,118,151,51,100,0,0,151,0.56133829,-8400,-10283,-38.2267658,139,130,"two-contract post-signal scalp: one contract exits at first target, one runner uses selected stop mode and runner target"
1,signal_scaled_scalp:strategy=impulse_fade_10bar_3pt:direction=all:first_target_points=1:stop_points=2:runner_target_points=3:runner_stop_mode=initial,impulse_fade_10bar_3pt,all,1,2,3,initial,269,269,269,118,151,92,58,1,0,93,0.34572491,-8025,-9908,-36.83271375,139,130,"two-contract post-signal scalp: one contract exits at first target, one runner uses selected stop mode and runner target"
1,signal_scaled_scalp:strategy=impulse_fade_10bar_3pt:direction=all:first_target_points=1:stop_points=2:runner_target_points=5:runner_stop_mode=breakeven,impulse_fade_10bar_3pt,all,1,2,5,breakeven,269,269,269,118,151,28,123,0,0,151,0.56133829,-9050,-10933,-40.64312268,139,130,"two-contract post-signal scalp: one contract exits at first target, one runner uses selected stop mode and runner target"
1,signal_scaled_scalp:strategy=impulse_fade_10bar_3pt:direction=all:first_target_points=1:stop_points=2:runner_target_points=5:runner_stop_mode=initial,impulse_fade_10bar_3pt,all,1,2,5,initial,269,269,269,118,151,65,85,1,0,66,0.24535316,-8275,-10158,-37.76208178,139,130,"two-contract post-signal scalp: one contract exits at first target, one runner uses selected stop mode and runner target"
1,signal_scaled_scalp:strategy=impulse_fade_10bar_3pt:direction=all:first_target_points=1.5:stop_points=1:runner_target_points=2:runner_stop_mode=breakeven,impulse_fade_10bar_3pt,all,1.5,1,2,breakeven,269,269,269,179,90,71,19,0,0,90,0.33457249,-4050,-5933,-22.05576208,139,130,"two-contract post-signal scalp: one contract exits at first target, one runner uses selected stop mode and runner target"
1,signal_scaled_scalp:strategy=impulse_fade_10bar_3pt:direction=all:first_target_points=1.5:stop_points=1:runner_target_points=2:runner_stop_mode=initial,impulse_fade_10bar_3pt,all,1.5,1,2,initial,269,269,269,179,90,76,14,0,0,90,0.33457249,-4250,-6133,-22.79925651,139,130,"two-contract post-signal scalp: one contract exits at first target, one runner uses selected stop mode and runner target"
1,signal_scaled_scalp:strategy=impulse_fade_10bar_3pt:direction=all:first_target_points=1.5:stop_points=1:runner_target_points=3:runner_stop_mode=breakeven,impulse_fade_10bar_3pt,all,1.5,1,3,breakeven,269,269,269,179,90,47,43,0,0,90,0.33457249,-4100,-5983,-22.24163569,139,130,"two-contract post-signal scalp: one contract exits at first target, one runner uses selected stop mode and runner target"
1,signal_scaled_scalp:strategy=impulse_fade_10bar_3pt:direction=all:first_target_points=1.5:stop_points=1:runner_target_points=3:runner_stop_mode=initial,impulse_fade_10bar_3pt,all,1.5,1,3,initial,269,269,269,179,90,57,33,0,0,90,0.33457249,-4250,-6133,-22.79925651,139,130,"two-contract post-signal scalp: one contract exits at first target, one runner uses selected stop mode and runner target"
1,signal_scaled_scalp:strategy=impulse_fade_10bar_3pt:direction=all:first_target_points=1.5:stop_points=1:runner_target_points=5:runner_stop_mode=breakeven,impulse_fade_10bar_3pt,all,1.5,1,5,breakeven,269,269,269,179,90,25,65,0,0,90,0.33457249,-4900,-6783,-25.21561338,139,130,"two-contract post-signal scalp: one contract exits at first target, one runner uses selected stop mode and runner target"
1,signal_scaled_scalp:strategy=impulse_fade_10bar_3pt:direction=all:first_target_points=1.5:stop_points=1:runner_target_points=5:runner_stop_mode=initial,impulse_fade_10bar_3pt,all,1.5,1,5,initial,269,269,269,179,90,36,54,0,0,90,0.33457249,-4850,-6733,-25.02973978,139,130,"two-contract post-signal scalp: one contract exits at first target, one runner uses selected stop mode and runner target"
1,signal_scaled_scalp:strategy=impulse_fade_10bar_3pt:direction=all:first_target_points=1.5:stop_points=1.5:runner_target_points=2:runner_stop_mode=breakeven,impulse_fade_10bar_3pt,all,1.5,1.5,2,breakeven,269,269,269,155,114,89,25,0,0,114,0.42379182,-5800,-7683,-28.56133829,139,130,"two-contract post-signal scalp: one contract exits at first target, one runner uses selected stop mode and runner target"
1,signal_scaled_scalp:strategy=impulse_fade_10bar_3pt:direction=all:first_target_points=1.5:stop_points=1.5:runner_target_points=2:runner_stop_mode=initial,impulse_fade_10bar_3pt,all,1.5,1.5,2,initial,269,269,269,155,114,99,15,0,0,99,0.36802974,-5925,-7808,-29.0260223,139,130,"two-contract post-signal scalp: one contract exits at first target, one runner uses selected stop mode and runner target"
1,signal_scaled_scalp:strategy=impulse_fade_10bar_3pt:direction=all:first_target_points=1.5:stop_points=1.5:runner_target_points=3:runner_stop_mode=breakeven,impulse_fade_10bar_3pt,all,1.5,1.5,3,breakeven,269,269,269,155,114,59,55,0,0,114,0.42379182,-5850,-7733,-28.7472119,139,130,"two-contract post-signal scalp: one contract exits at first target, one runner uses selected stop mode and runner target"
1,signal_scaled_scalp:strategy=impulse_fade_10bar_3pt:direction=all:first_target_points=1.5:stop_points=1.5:runner_target_points=3:runner_stop_mode=initial,impulse_fade_10bar_3pt,all,1.5,1.5,3,initial,269,269,269,155,114,76,38,0,0,76,0.28252788,-6150,-8033,-29.86245353,139,130,"two-contract post-signal scalp: one contract exits at first target, one runner uses selected stop mode and runner target"
1,signal_scaled_scalp:strategy=impulse_fade_10bar_3pt:direction=all:first_target_points=1.5:stop_points=1.5:runner_target_points=5:runner_stop_mode=breakeven,impulse_fade_10bar_3pt,all,1.5,1.5,5,breakeven,269,269,269,155,114,32,82,0,0,114,0.42379182,-6700,-8583,-31.9070632,139,130,"two-contract post-signal scalp: one contract exits at first target, one runner uses selected stop mode and runner target"
1,signal_scaled_scalp:strategy=impulse_fade_10bar_3pt:direction=all:first_target_points=1.5:stop_points=1.5:runner_target_points=5:runner_stop_mode=initial,impulse_fade_10bar_3pt,all,1.5,1.5,5,initial,269,269,269,155,114,53,61,0,0,53,0.19702602,-6025,-7908,-29.39776952,139,130,"two-contract post-signal scalp: one contract exits at first target, one runner uses selected stop mode and runner target"
1,signal_scaled_scalp:strategy=impulse_fade_10bar_3pt:direction=all:first_target_points=1.5:stop_points=2:runner_target_points=2:runner_stop_mode=breakeven,impulse_fade_10bar_3pt,all,1.5,2,2,breakeven,269,269,269,136,133,104,29,0,0,133,0.49442379,-6825,-8708,-32.37174721,139,130,"two-contract post-signal scalp: one contract exits at first target, one runner uses selected stop mode and runner target"
1,signal_scaled_scalp:strategy=impulse_fade_10bar_3pt:direction=all:first_target_points=1.5:stop_points=2:runner_target_points=2:runner_stop_mode=initial,impulse_fade_10bar_3pt,all,1.5,2,2,initial,269,269,269,136,133,115,18,0,0,115,0.42750929,-7525,-9408,-34.9739777,139,130,"two-contract post-signal scalp: one contract exits at first target, one runner uses selected stop mode and runner target"
1,signal_scaled_scalp:strategy=impulse_fade_10bar_3pt:direction=all:first_target_points=1.5:stop_points=2:runner_target_points=3:runner_stop_mode=breakeven,impulse_fade_10bar_3pt,all,1.5,2,3,breakeven,269,269,269,136,133,71,62,0,0,133,0.49442379,-6575,-8458,-31.44237918,139,130,"two-contract post-signal scalp: one contract exits at first target, one runner uses selected stop mode and runner target"
1,signal_scaled_scalp:strategy=impulse_fade_10bar_3pt:direction=all:first_target_points=1.5:stop_points=2:runner_target_points=3:runner_stop_mode=initial,impulse_fade_10bar_3pt,all,1.5,2,3,initial,269,269,269,136,133,92,40,1,0,93,0.34572491,-7400,-9283,-34.50929368,139,130,"two-contract post-signal scalp: one contract exits at first target, one runner uses selected stop mode and runner target"
1,signal_scaled_scalp:strategy=impulse_fade_10bar_3pt:direction=all:first_target_points=1.5:stop_points=2:runner_target_points=5:runner_stop_mode=breakeven,impulse_fade_10bar_3pt,all,1.5,2,5,breakeven,269,269,269,136,133,37,96,0,0,133,0.49442379,-7975,-9858,-36.64684015,139,130,"two-contract post-signal scalp: one contract exits at first target, one runner uses selected stop mode and runner target"
1,signal_scaled_scalp:strategy=impulse_fade_10bar_3pt:direction=all:first_target_points=1.5:stop_points=2:runner_target_points=5:runner_stop_mode=initial,impulse_fade_10bar_3pt,all,1.5,2,5,initial,269,269,269,136,133,65,67,1,0,66,0.24535316,-7650,-9533,-35.43866171,139,130,"two-contract post-signal scalp: one contract exits at first target, one runner uses selected stop mode and runner target"
1,signal_scaled_scalp:strategy=impulse_continue_10bar_3pt:direction=all:first_target_points=0.5:stop_points=1:runner_target_points=1.5:runner_stop_mode=breakeven,impulse_continue_10bar_3pt,all,0.5,1,1.5,breakeven,255,255,255,147,108,58,50,0,0,108,0.42352941,-7650,-9435,-37,125,130,"two-contract post-signal scalp: one contract exits at first target, one runner uses selected stop mode and runner target"
1,signal_scaled_scalp:strategy=impulse_continue_10bar_3pt:direction=all:first_target_points=0.5:stop_points=1:runner_target_points=1.5:runner_stop_mode=initial,impulse_continue_10bar_3pt,all,0.5,1,1.5,initial,255,255,255,147,108,79,29,0,0,79,0.30980392,-7525,-9310,-36.50980392,125,130,"two-contract post-signal scalp: one contract exits at first target, one runner uses selected stop mode and runner target"
1,signal_scaled_scalp:strategy=impulse_continue_10bar_3pt:direction=all:first_target_points=0.5:stop_points=1:runner_target_points=2:runner_stop_mode=breakeven,impulse_continue_10bar_3pt,all,0.5,1,2,breakeven,255,255,255,147,108,45,63,0,0,108,0.42352941,-7500,-9285,-36.41176471,125,130,"two-contract post-signal scalp: one contract exits at first target, one runner uses selected stop mode and runner target"
1,signal_scaled_scalp:strategy=impulse_continue_10bar_3pt:direction=all:first_target_points=0.5:stop_points=1:runner_target_points=2:runner_stop_mode=initial,impulse_continue_10bar_3pt,all,0.5,1,2,initial,255,255,255,147,108,67,41,0,0,67,0.2627451,-7350,-9135,-35.82352941,125,130,"two-contract post-signal scalp: one contract exits at first target, one runner uses selected stop mode and runner target"
1,signal_scaled_scalp:strategy=impulse_continue_10bar_3pt:direction=all:first_target_points=0.5:stop_points=1:runner_target_points=3:runner_stop_mode=breakeven,impulse_continue_10bar_3pt,all,0.5,1,3,breakeven,255,255,255,147,108,31,77,0,0,108,0.42352941,-7350,-9135,-35.82352941,125,130,"two-contract post-signal scalp: one contract exits at first target, one runner uses selected stop mode and runner target"
1,signal_scaled_scalp:strategy=impulse_continue_10bar_3pt:direction=all:first_target_points=0.5:stop_points=1:runner_target_points=3:runner_stop_mode=initial,impulse_continue_10bar_3pt,all,0.5,1,3,initial,255,255,255,147,108,51,57,0,0,51,0.2,-7200,-8985,-35.23529412,125,130,"two-contract post-signal scalp: one contract exits at first target, one runner uses selected stop mode and runner target"
1,signal_scaled_scalp:strategy=impulse_continue_10bar_3pt:direction=all:first_target_points=0.5:stop_points=1:runner_target_points=5:runner_stop_mode=breakeven,impulse_continue_10bar_3pt,all,0.5,1,5,breakeven,255,255,255,147,108,21,87,0,0,108,0.42352941,-6750,-8535,-33.47058824,125,130,"two-contract post-signal scalp: one contract exits at first target, one runner uses selected stop mode and runner target"
1,signal_scaled_scalp:strategy=impulse_continue_10bar_3pt:direction=all:first_target_points=0.5:stop_points=1:runner_target_points=5:runner_stop_mode=initial,impulse_continue_10bar_3pt,all,0.5,1,5,initial,255,255,255,147,108,34,74,0,0,34,0.13333333,-7200,-8985,-35.23529412,125,130,"two-contract post-signal scalp: one contract exits at first target, one runner uses selected stop mode and runner target"
1,signal_scaled_scalp:strategy=impulse_continue_10bar_3pt:direction=all:first_target_points=0.5:stop_points=1.5:runner_target_points=1.5:runner_stop_mode=breakeven,impulse_continue_10bar_3pt,all,0.5,1.5,1.5,breakeven,255,255,255,124,131,64,67,0,0,131,0.51372549,-10525,-12310,-48.2745098,125,130,"two-contract post-signal scalp: one contract exits at first target, one runner uses selected stop mode and runner target"
1,signal_scaled_scalp:strategy=impulse_continue_10bar_3pt:direction=all:first_target_points=0.5:stop_points=1.5:runner_target_points=1.5:runner_stop_mode=initial,impulse_continue_10bar_3pt,all,0.5,1.5,1.5,initial,255,255,255,124,131,96,35,0,0,96,0.37647059,-10750,-12535,-49.15686275,125,130,"two-contract post-signal scalp: one contract exits at first target, one runner uses selected stop mode and runner target"
1,signal_scaled_scalp:strategy=impulse_continue_10bar_3pt:direction=all:first_target_points=0.5:stop_points=1.5:runner_target_points=2:runner_stop_mode=breakeven,impulse_continue_10bar_3pt,all,0.5,1.5,2,breakeven,255,255,255,124,131,49,82,0,0,131,0.51372549,-10425,-12210,-47.88235294,125,130,"two-contract post-signal scalp: one contract exits at first target, one runner uses selected stop mode and runner target"
1,signal_scaled_scalp:strategy=impulse_continue_10bar_3pt:direction=all:first_target_points=0.5:stop_points=1.5:runner_target_points=2:runner_stop_mode=initial,impulse_continue_10bar_3pt,all,0.5,1.5,2,initial,255,255,255,124,131,79,52,0,0,79,0.30980392,-11325,-13110,-51.41176471,125,130,"two-contract post-signal scalp: one contract exits at first target, one runner uses selected stop mode and runner target"
1,signal_scaled_scalp:strategy=impulse_continue_10bar_3pt:direction=all:first_target_points=0.5:stop_points=1.5:runner_target_points=3:runner_stop_mode=breakeven,impulse_continue_10bar_3pt,all,0.5,1.5,3,breakeven,255,255,255,124,131,34,97,0,0,131,0.51372549,-10225,-12010,-47.09803922,125,130,"two-contract post-signal scalp: one contract exits at first target, one runner uses selected stop mode and runner target"
1,signal_scaled_scalp:strategy=impulse_continue_10bar_3pt:direction=all:first_target_points=0.5:stop_points=1.5:runner_target_points=3:runner_stop_mode=initial,impulse_continue_10bar_3pt,all,0.5,1.5,3,initial,255,255,255,124,131,65,66,0,0,65,0.25490196,-10525,-12310,-48.2745098,125,130,"two-contract post-signal scalp: one contract exits at first target, one runner uses selected stop mode and runner target"
1,signal_scaled_scalp:strategy=impulse_continue_10bar_3pt:direction=all:first_target_points=0.5:stop_points=1.5:runner_target_points=5:runner_stop_mode=breakeven,impulse_continue_10bar_3pt,all,0.5,1.5,5,breakeven,255,255,255,124,131,23,108,0,0,131,0.51372549,-9575,-11360,-44.54901961,125,130,"two-contract post-signal scalp: one contract exits at first target, one runner uses selected stop mode and runner target"
1,signal_scaled_scalp:strategy=impulse_continue_10bar_3pt:direction=all:first_target_points=0.5:stop_points=1.5:runner_target_points=5:runner_stop_mode=initial,impulse_continue_10bar_3pt,all,0.5,1.5,5,initial,255,255,255,124,131,45,86,0,0,45,0.17647059,-10525,-12310,-48.2745098,125,130,"two-contract post-signal scalp: one contract exits at first target, one runner uses selected stop mode and runner target"
1,signal_scaled_scalp:strategy=impulse_continue_10bar_3pt:direction=all:first_target_points=0.5:stop_points=2:runner_target_points=1.5:runner_stop_mode=breakeven,impulse_continue_10bar_3pt,all,0.5,2,1.5,breakeven,255,255,255,110,145,65,80,0,0,145,0.56862745,-13500,-15285,-59.94117647,125,130,"two-contract post-signal scalp: one contract exits at first target, one runner uses selected stop mode and runner target"
1,signal_scaled_scalp:strategy=impulse_continue_10bar_3pt:direction=all:first_target_points=0.5:stop_points=2:runner_target_points=1.5:runner_stop_mode=initial,impulse_continue_10bar_3pt,all,0.5,2,1.5,initial,255,255,255,110,145,110,35,0,0,110,0.43137255,-13625,-15410,-60.43137255,125,130,"two-contract post-signal scalp: one contract exits at first target, one runner uses selected stop mode and runner target"
1,signal_scaled_scalp:strategy=impulse_continue_10bar_3pt:direction=all:first_target_points=0.5:stop_points=2:runner_target_points=2:runner_stop_mode=breakeven,impulse_continue_10bar_3pt,all,0.5,2,2,breakeven,255,255,255,110,145,50,95,0,0,145,0.56862745,-13375,-15160,-59.45098039,125,130,"two-contract post-signal scalp: one contract exits at first target, one runner uses selected stop mode and runner target"
1,signal_scaled_scalp:strategy=impulse_continue_10bar_3pt:direction=all:first_target_points=0.5:stop_points=2:runner_target_points=2:runner_stop_mode=initial,impulse_continue_10bar_3pt,all,0.5,2,2,initial,255,255,255,110,145,96,49,0,0,96,0.37647059,-13675,-15460,-60.62745098,125,130,"two-contract post-signal scalp: one contract exits at first target, one runner uses selected stop mode and runner target"
1,signal_scaled_scalp:strategy=impulse_continue_10bar_3pt:direction=all:first_target_points=0.5:stop_points=2:runner_target_points=3:runner_stop_mode=breakeven,impulse_continue_10bar_3pt,all,0.5,2,3,breakeven,255,255,255,110,145,35,110,0,0,145,0.56862745,-13125,-14910,-58.47058824,125,130,"two-contract post-signal scalp: one contract exits at first target, one runner uses selected stop mode and runner target"
1,signal_scaled_scalp:strategy=impulse_continue_10bar_3pt:direction=all:first_target_points=0.5:stop_points=2:runner_target_points=3:runner_stop_mode=initial,impulse_continue_10bar_3pt,all,0.5,2,3,initial,255,255,255,110,145,80,65,0,0,80,0.31372549,-12875,-14660,-57.49019608,125,130,"two-contract post-signal scalp: one contract exits at first target, one runner uses selected stop mode and runner target"
1,signal_scaled_scalp:strategy=impulse_continue_10bar_3pt:direction=all:first_target_points=0.5:stop_points=2:runner_target_points=5:runner_stop_mode=breakeven,impulse_continue_10bar_3pt,all,0.5,2,5,breakeven,255,255,255,110,145,23,122,0,0,145,0.56862745,-12625,-14410,-56.50980392,125,130,"two-contract post-signal scalp: one contract exits at first target, one runner uses selected stop mode and runner target"
1,signal_scaled_scalp:strategy=impulse_continue_10bar_3pt:direction=all:first_target_points=0.5:stop_points=2:runner_target_points=5:runner_stop_mode=initial,impulse_continue_10bar_3pt,all,0.5,2,5,initial,255,255,255,110,145,61,84,0,0,61,0.23921569,-11525,-13310,-52.19607843,125,130,"two-contract post-signal scalp: one contract exits at first target, one runner uses selected stop mode and runner target"
1,signal_scaled_scalp:strategy=impulse_continue_10bar_3pt:direction=all:first_target_points=1:stop_points=1:runner_target_points=1.5:runner_stop_mode=breakeven,impulse_continue_10bar_3pt,all,1,1,1.5,breakeven,255,255,255,157,98,63,35,0,0,98,0.38431373,-6075,-7860,-30.82352941,125,130,"two-contract post-signal scalp: one contract exits at first target, one runner uses selected stop mode and runner target"
1,signal_scaled_scalp:strategy=impulse_continue_10bar_3pt:direction=all:first_target_points=1:stop_points=1:runner_target_points=1.5:runner_stop_mode=initial,impulse_continue_10bar_3pt,all,1,1,1.5,initial,255,255,255,157,98,79,19,0,0,79,0.30980392,-5825,-7610,-29.84313725,125,130,"two-contract post-signal scalp: one contract exits at first target, one runner uses selected stop mode and runner target"
1,signal_scaled_scalp:strategy=impulse_continue_10bar_3pt:direction=all:first_target_points=1:stop_points=1:runner_target_points=2:runner_stop_mode=breakeven,impulse_continue_10bar_3pt,all,1,1,2,breakeven,255,255,255,157,98,49,49,0,0,98,0.38431373,-5900,-7685,-30.1372549,125,130,"two-contract post-signal scalp: one contract exits at first target, one runner uses selected stop mode and runner target"
1,signal_scaled_scalp:strategy=impulse_continue_10bar_3pt:direction=all:first_target_points=1:stop_points=1:runner_target_points=2:runner_stop_mode=initial,impulse_continue_10bar_3pt,all,1,1,2,initial,255,255,255,157,98,67,31,0,0,67,0.2627451,-5650,-7435,-29.15686275,125,130,"two-contract post-signal scalp: one contract exits at first target, one runner uses selected stop mode and runner target"
1,signal_scaled_scalp:strategy=impulse_continue_10bar_3pt:direction=all:first_target_points=1:stop_points=1:runner_target_points=3:runner_stop_mode=breakeven,impulse_continue_10bar_3pt,all,1,1,3,breakeven,255,255,255,157,98,33,65,0,0,98,0.38431373,-5850,-7635,-29.94117647,125,130,"two-contract post-signal scalp: one contract exits at first target, one runner uses selected stop mode and runner target"
1,signal_scaled_scalp:strategy=impulse_continue_10bar_3pt:direction=all:first_target_points=1:stop_points=1:runner_target_points=3:runner_stop_mode=initial,impulse_continue_10bar_3pt,all,1,1,3,initial,255,255,255,157,98,51,47,0,0,51,0.2,-5500,-7285,-28.56862745,125,130,"two-contract post-signal scalp: one contract exits at first target, one runner uses selected stop mode and runner target"
1,signal_scaled_scalp:strategy=impulse_continue_10bar_3pt:direction=all:first_target_points=1:stop_points=1:runner_target_points=5:runner_stop_mode=breakeven,impulse_continue_10bar_3pt,all,1,1,5,breakeven,255,255,255,157,98,22,76,0,0,98,0.38431373,-5300,-7085,-27.78431373,125,130,"two-contract post-signal scalp: one contract exits at first target, one runner uses selected stop mode and runner target"
1,signal_scaled_scalp:strategy=impulse_continue_10bar_3pt:direction=all:first_target_points=1:stop_points=1:runner_target_points=5:runner_stop_mode=initial,impulse_continue_10bar_3pt,all,1,1,5,initial,255,255,255,157,98,34,64,0,0,34,0.13333333,-5500,-7285,-28.56862745,125,130,"two-contract post-signal scalp: one contract exits at first target, one runner uses selected stop mode and runner target"
1,signal_scaled_scalp:strategy=impulse_continue_10bar_3pt:direction=all:first_target_points=1:stop_points=1.5:runner_target_points=1.5:runner_stop_mode=breakeven,impulse_continue_10bar_3pt,all,1,1.5,1.5,breakeven,255,255,255,140,115,72,43,0,0,115,0.45098039,-9850,-11635,-45.62745098,125,130,"two-contract post-signal scalp: one contract exits at first target, one runner uses selected stop mode and runner target"
1,signal_scaled_scalp:strategy=impulse_continue_10bar_3pt:direction=all:first_target_points=1:stop_points=1.5:runner_target_points=1.5:runner_stop_mode=initial,impulse_continue_10bar_3pt,all,1,1.5,1.5,initial,255,255,255,140,115,96,19,0,0,96,0.37647059,-9475,-11260,-44.15686275,125,130,"two-contract post-signal scalp: one contract exits at first target, one runner uses selected stop mode and runner target"
1,signal_scaled_scalp:strategy=impulse_continue_10bar_3pt:direction=all:first_target_points=1:stop_points=1.5:runner_target_points=2:runner_stop_mode=breakeven,impulse_continue_10bar_3pt,all,1,1.5,2,breakeven,255,255,255,140,115,55,60,0,0,115,0.45098039,-9750,-11535,-45.23529412,125,130,"two-contract post-signal scalp: one contract exits at first target, one runner uses selected stop mode and runner target"
1,signal_scaled_scalp:strategy=impulse_continue_10bar_3pt:direction=all:first_target_points=1:stop_points=1.5:runner_target_points=2:runner_stop_mode=initial,impulse_continue_10bar_3pt,all,1,1.5,2,initial,255,255,255,140,115,79,36,0,0,79,0.30980392,-10050,-11835,-46.41176471,125,130,"two-contract post-signal scalp: one contract exits at first target, one runner uses selected stop mode and runner target"
1,signal_scaled_scalp:strategy=impulse_continue_10bar_3pt:direction=all:first_target_points=1:stop_points=1.5:runner_target_points=3:runner_stop_mode=breakeven,impulse_continue_10bar_3pt,all,1,1.5,3,breakeven,255,255,255,140,115,38,77,0,0,115,0.45098039,-9550,-11335,-44.45098039,125,130,"two-contract post-signal scalp: one contract exits at first target, one runner uses selected stop mode and runner target"
1,signal_scaled_scalp:strategy=impulse_continue_10bar_3pt:direction=all:first_target_points=1:stop_points=1.5:runner_target_points=3:runner_stop_mode=initial,impulse_continue_10bar_3pt,all,1,1.5,3,initial,255,255,255,140,115,65,50,0,0,65,0.25490196,-9250,-11035,-43.2745098,125,130,"two-contract post-signal scalp: one contract exits at first target, one runner uses selected stop mode and runner target"
1,signal_scaled_scalp:strategy=impulse_continue_10bar_3pt:direction=all:first_target_points=1:stop_points=1.5:runner_target_points=5:runner_stop_mode=breakeven,impulse_continue_10bar_3pt,all,1,1.5,5,breakeven,255,255,255,140,115,26,89,0,0,115,0.45098039,-8750,-10535,-41.31372549,125,130,"two-contract post-signal scalp: one contract exits at first target, one runner uses selected stop mode and runner target"
1,signal_scaled_scalp:strategy=impulse_continue_10bar_3pt:direction=all:first_target_points=1:stop_points=1.5:runner_target_points=5:runner_stop_mode=initial,impulse_continue_10bar_3pt,all,1,1.5,5,initial,255,255,255,140,115,45,70,0,0,45,0.17647059,-9250,-11035,-43.2745098,125,130,"two-contract post-signal scalp: one contract exits at first target, one runner uses selected stop mode and runner target"
1,signal_scaled_scalp:strategy=impulse_continue_10bar_3pt:direction=all:first_target_points=1:stop_points=2:runner_target_points=1.5:runner_stop_mode=breakeven,impulse_continue_10bar_3pt,all,1,2,1.5,breakeven,255,255,255,126,129,79,50,0,0,129,0.50588235,-12825,-14610,-57.29411765,125,130,"two-contract post-signal scalp: one contract exits at first target, one runner uses selected stop mode and runner target"
1,signal_scaled_scalp:strategy=impulse_continue_10bar_3pt:direction=all:first_target_points=1:stop_points=2:runner_target_points=1.5:runner_stop_mode=initial,impulse_continue_10bar_3pt,all,1,2,1.5,initial,255,255,255,126,129,110,19,0,0,110,0.43137255,-12400,-14185,-55.62745098,125,130,"two-contract post-signal scalp: one contract exits at first target, one runner uses selected stop mode and runner target"
1,signal_scaled_scalp:strategy=impulse_continue_10bar_3pt:direction=all:first_target_points=1:stop_points=2:runner_target_points=2:runner_stop_mode=breakeven,impulse_continue_10bar_3pt,all,1,2,2,breakeven,255,255,255,126,129,62,67,0,0,129,0.50588235,-12550,-14335,-56.21568627,125,130,"two-contract post-signal scalp: one contract exits at first target, one runner uses selected stop mode and runner target"
1,signal_scaled_scalp:strategy=impulse_continue_10bar_3pt:direction=all:first_target_points=1:stop_points=2:runner_target_points=2:runner_stop_mode=initial,impulse_continue_10bar_3pt,all,1,2,2,initial,255,255,255,126,129,96,33,0,0,96,0.37647059,-12450,-14235,-55.82352941,125,130,"two-contract post-signal scalp: one contract exits at first target, one runner uses selected stop mode and runner target"
1,signal_scaled_scalp:strategy=impulse_continue_10bar_3pt:direction=all:first_target_points=1:stop_points=2:runner_target_points=3:runner_stop_mode=breakeven,impulse_continue_10bar_3pt,all,1,2,3,breakeven,255,255,255,126,129,43,86,0,0,129,0.50588235,-12300,-14085,-55.23529412,125,130,"two-contract post-signal scalp: one contract exits at first target, one runner uses selected stop mode and runner target"
1,signal_scaled_scalp:strategy=impulse_continue_10bar_3pt:direction=all:first_target_points=1:stop_points=2:runner_target_points=3:runner_stop_mode=initial,impulse_continue_10bar_3pt,all,1,2,3,initial,255,255,255,126,129,80,49,0,0,80,0.31372549,-11650,-13435,-52.68627451,125,130,"two-contract post-signal scalp: one contract exits at first target, one runner uses selected stop mode and runner target"
1,signal_scaled_scalp:strategy=impulse_continue_10bar_3pt:direction=all:first_target_points=1:stop_points=2:runner_target_points=5:runner_stop_mode=breakeven,impulse_continue_10bar_3pt,all,1,2,5,breakeven,255,255,255,126,129,29,100,0,0,129,0.50588235,-11500,-13285,-52.09803922,125,130,"two-contract post-signal scalp: one contract exits at first target, one runner uses selected stop mode and runner target"
1,signal_scaled_scalp:strategy=impulse_continue_10bar_3pt:direction=all:first_target_points=1:stop_points=2:runner_target_points=5:runner_stop_mode=initial,impulse_continue_10bar_3pt,all,1,2,5,initial,255,255,255,126,129,61,68,0,0,61,0.23921569,-10300,-12085,-47.39215686,125,130,"two-contract post-signal scalp: one contract exits at first target, one runner uses selected stop mode and runner target"
1,signal_scaled_scalp:strategy=impulse_continue_10bar_3pt:direction=all:first_target_points=1.5:stop_points=1:runner_target_points=2:runner_stop_mode=breakeven,impulse_continue_10bar_3pt,all,1.5,1,2,breakeven,255,255,255,176,79,61,18,0,0,79,0.30980392,-5575,-7360,-28.8627451,125,130,"two-contract post-signal scalp: one contract exits at first target, one runner uses selected stop mode and runner target"
1,signal_scaled_scalp:strategy=impulse_continue_10bar_3pt:direction=all:first_target_points=1.5:stop_points=1:runner_target_points=2:runner_stop_mode=initial,impulse_continue_10bar_3pt,all,1.5,1,2,initial,255,255,255,176,79,67,12,0,0,79,0.30980392,-5575,-7360,-28.8627451,125,130,"two-contract post-signal scalp: one contract exits at first target, one runner uses selected stop mode and runner target"
1,signal_scaled_scalp:strategy=impulse_continue_10bar_3pt:direction=all:first_target_points=1.5:stop_points=1:runner_target_points=3:runner_stop_mode=breakeven,impulse_continue_10bar_3pt,all,1.5,1,3,breakeven,255,255,255,176,79,43,36,0,0,79,0.30980392,-5225,-7010,-27.49019608,125,130,"two-contract post-signal scalp: one contract exits at first target, one runner uses selected stop mode and runner target"
1,signal_scaled_scalp:strategy=impulse_continue_10bar_3pt:direction=all:first_target_points=1.5:stop_points=1:runner_target_points=3:runner_stop_mode=initial,impulse_continue_10bar_3pt,all,1.5,1,3,initial,255,255,255,176,79,51,28,0,0,79,0.30980392,-5425,-7210,-28.2745098,125,130,"two-contract post-signal scalp: one contract exits at first target, one runner uses selected stop mode and runner target"
1,signal_scaled_scalp:strategy=impulse_continue_10bar_3pt:direction=all:first_target_points=1.5:stop_points=1:runner_target_points=5:runner_stop_mode=breakeven,impulse_continue_10bar_3pt,all,1.5,1,5,breakeven,255,255,255,176,79,29,50,0,0,79,0.30980392,-4425,-6210,-24.35294118,125,130,"two-contract post-signal scalp: one contract exits at first target, one runner uses selected stop mode and runner target"
1,signal_scaled_scalp:strategy=impulse_continue_10bar_3pt:direction=all:first_target_points=1.5:stop_points=1:runner_target_points=5:runner_stop_mode=initial,impulse_continue_10bar_3pt,all,1.5,1,5,initial,255,255,255,176,79,34,45,0,0,79,0.30980392,-5425,-7210,-28.2745098,125,130,"two-contract post-signal scalp: one contract exits at first target, one runner uses selected stop mode and runner target"
1,signal_scaled_scalp:strategy=impulse_continue_10bar_3pt:direction=all:first_target_points=1.5:stop_points=1.5:runner_target_points=2:runner_stop_mode=breakeven,impulse_continue_10bar_3pt,all,1.5,1.5,2,breakeven,255,255,255,159,96,72,24,0,0,96,0.37647059,-9450,-11235,-44.05882353,125,130,"two-contract post-signal scalp: one contract exits at first target, one runner uses selected stop mode and runner target"
1,signal_scaled_scalp:strategy=impulse_continue_10bar_3pt:direction=all:first_target_points=1.5:stop_points=1.5:runner_target_points=2:runner_stop_mode=initial,impulse_continue_10bar_3pt,all,1.5,1.5,2,initial,255,255,255,159,96,79,17,0,0,79,0.30980392,-10025,-11810,-46.31372549,125,130,"two-contract post-signal scalp: one contract exits at first target, one runner uses selected stop mode and runner target"
1,signal_scaled_scalp:strategy=impulse_continue_10bar_3pt:direction=all:first_target_points=1.5:stop_points=1.5:runner_target_points=3:runner_stop_mode=breakeven,impulse_continue_10bar_3pt,all,1.5,1.5,3,breakeven,255,255,255,159,96,53,43,0,0,96,0.37647059,-8700,-10485,-41.11764706,125,130,"two-contract post-signal scalp: one contract exits at first target, one runner uses selected stop mode and runner target"
1,signal_scaled_scalp:strategy=impulse_continue_10bar_3pt:direction=all:first_target_points=1.5:stop_points=1.5:runner_target_points=3:runner_stop_mode=initial,impulse_continue_10bar_3pt,all,1.5,1.5,3,initial,255,255,255,159,96,65,31,0,0,65,0.25490196,-9225,-11010,-43.17647059,125,130,"two-contract post-signal scalp: one contract exits at first target, one runner uses selected stop mode and runner target"
1,signal_scaled_scalp:strategy=impulse_continue_10bar_3pt:direction=all:first_target_points=1.5:stop_points=1.5:runner_target_points=5:runner_stop_mode=breakeven,impulse_continue_10bar_3pt,all,1.5,1.5,5,breakeven,255,255,255,159,96,35,61,0,0,96,0.37647059,-7900,-9685,-37.98039216,125,130,"two-contract post-signal scalp: one contract exits at first target, one runner uses selected stop mode and runner target"
1,signal_scaled_scalp:strategy=impulse_continue_10bar_3pt:direction=all:first_target_points=1.5:stop_points=1.5:runner_target_points=5:runner_stop_mode=initial,impulse_continue_10bar_3pt,all,1.5,1.5,5,initial,255,255,255,159,96,45,51,0,0,45,0.17647059,-9225,-11010,-43.17647059,125,130,"two-contract post-signal scalp: one contract exits at first target, one runner uses selected stop mode and runner target"
1,signal_scaled_scalp:strategy=impulse_continue_10bar_3pt:direction=all:first_target_points=1.5:stop_points=2:runner_target_points=2:runner_stop_mode=breakeven,impulse_continue_10bar_3pt,all,1.5,2,2,breakeven,255,255,255,145,110,86,24,0,0,110,0.43137255,-12150,-13935,-54.64705882,125,130,"two-contract post-signal scalp: one contract exits at first target, one runner uses selected stop mode and runner target"
1,signal_scaled_scalp:strategy=impulse_continue_10bar_3pt:direction=all:first_target_points=1.5:stop_points=2:runner_target_points=2:runner_stop_mode=initial,impulse_continue_10bar_3pt,all,1.5,2,2,initial,255,255,255,145,110,96,14,0,0,96,0.37647059,-12550,-14335,-56.21568627,125,130,"two-contract post-signal scalp: one contract exits at first target, one runner uses selected stop mode and runner target"
1,signal_scaled_scalp:strategy=impulse_continue_10bar_3pt:direction=all:first_target_points=1.5:stop_points=2:runner_target_points=3:runner_stop_mode=breakeven,impulse_continue_10bar_3pt,all,1.5,2,3,breakeven,255,255,255,145,110,63,47,0,0,110,0.43137255,-11300,-13085,-51.31372549,125,130,"two-contract post-signal scalp: one contract exits at first target, one runner uses selected stop mode and runner target"
1,signal_scaled_scalp:strategy=impulse_continue_10bar_3pt:direction=all:first_target_points=1.5:stop_points=2:runner_target_points=3:runner_stop_mode=initial,impulse_continue_10bar_3pt,all,1.5,2,3,initial,255,255,255,145,110,80,30,0,0,80,0.31372549,-11750,-13535,-53.07843137,125,130,"two-contract post-signal scalp: one contract exits at first target, one runner uses selected stop mode and runner target"
1,signal_scaled_scalp:strategy=impulse_continue_10bar_3pt:direction=all:first_target_points=1.5:stop_points=2:runner_target_points=5:runner_stop_mode=breakeven,impulse_continue_10bar_3pt,all,1.5,2,5,breakeven,255,255,255,145,110,42,68,0,0,110,0.43137255,-10250,-12035,-47.19607843,125,130,"two-contract post-signal scalp: one contract exits at first target, one runner uses selected stop mode and runner target"
1,signal_scaled_scalp:strategy=impulse_continue_10bar_3pt:direction=all:first_target_points=1.5:stop_points=2:runner_target_points=5:runner_stop_mode=initial,impulse_continue_10bar_3pt,all,1.5,2,5,initial,255,255,255,145,110,61,49,0,0,61,0.23921569,-10400,-12185,-47.78431373,125,130,"two-contract post-signal scalp: one contract exits at first target, one runner uses selected stop mode and runner target"
1,signal_scaled_scalp:strategy=delta_impulse_continue_3bar_1pt_20d:direction=all:first_target_points=0.5:stop_points=1:runner_target_points=1.5:runner_stop_mode=breakeven,delta_impulse_continue_3bar_1pt_20d,all,0.5,1,1.5,breakeven,201,201,201,109,92,45,47,0,0,92,0.45771144,-5225,-6632,-32.99502488,101,100,"two-contract post-signal scalp: one contract exits at first target, one runner uses selected stop mode and runner target"
1,signal_scaled_scalp:strategy=delta_impulse_continue_3bar_1pt_20d:direction=all:first_target_points=0.5:stop_points=1:runner_target_points=1.5:runner_stop_mode=initial,delta_impulse_continue_3bar_1pt_20d,all,0.5,1,1.5,initial,201,201,201,109,92,67,25,0,0,67,0.33333333,-4825,-6232,-31.00497512,101,100,"two-contract post-signal scalp: one contract exits at first target, one runner uses selected stop mode and runner target"
1,signal_scaled_scalp:strategy=delta_impulse_continue_3bar_1pt_20d:direction=all:first_target_points=0.5:stop_points=1:runner_target_points=2:runner_stop_mode=breakeven,delta_impulse_continue_3bar_1pt_20d,all,0.5,1,2,breakeven,201,201,201,109,92,38,54,0,0,92,0.45771144,-4800,-6207,-30.88059701,101,100,"two-contract post-signal scalp: one contract exits at first target, one runner uses selected stop mode and runner target"
1,signal_scaled_scalp:strategy=delta_impulse_continue_3bar_1pt_20d:direction=all:first_target_points=0.5:stop_points=1:runner_target_points=2:runner_stop_mode=initial,delta_impulse_continue_3bar_1pt_20d,all,0.5,1,2,initial,201,201,201,109,92,62,30,0,0,62,0.30845771,-3900,-5307,-26.40298507,101,100,"two-contract post-signal scalp: one contract exits at first target, one runner uses selected stop mode and runner target"
1,signal_scaled_scalp:strategy=delta_impulse_continue_3bar_1pt_20d:direction=all:first_target_points=0.5:stop_points=1:runner_target_points=3:runner_stop_mode=breakeven,delta_impulse_continue_3bar_1pt_20d,all,0.5,1,3,breakeven,201,201,201,109,92,23,69,0,0,92,0.45771144,-5150,-6557,-32.62189055,101,100,"two-contract post-signal scalp: one contract exits at first target, one runner uses selected stop mode and runner target"
1,signal_scaled_scalp:strategy=delta_impulse_continue_3bar_1pt_20d:direction=all:first_target_points=0.5:stop_points=1:runner_target_points=3:runner_stop_mode=initial,delta_impulse_continue_3bar_1pt_20d,all,0.5,1,3,initial,201,201,201,109,92,48,44,0,0,48,0.23880597,-3600,-5007,-24.91044776,101,100,"two-contract post-signal scalp: one contract exits at first target, one runner uses selected stop mode and runner target"
1,signal_scaled_scalp:strategy=delta_impulse_continue_3bar_1pt_20d:direction=all:first_target_points=0.5:stop_points=1:runner_target_points=5:runner_stop_mode=breakeven,delta_impulse_continue_3bar_1pt_20d,all,0.5,1,5,breakeven,201,201,201,109,92,12,80,0,0,92,0.45771144,-5600,-7007,-34.86069652,101,100,"two-contract post-signal scalp: one contract exits at first target, one runner uses selected stop mode and runner target"
1,signal_scaled_scalp:strategy=delta_impulse_continue_3bar_1pt_20d:direction=all:first_target_points=0.5:stop_points=1:runner_target_points=5:runner_stop_mode=initial,delta_impulse_continue_3bar_1pt_20d,all,0.5,1,5,initial,201,201,201,109,92,29,63,0,0,29,0.14427861,-4500,-5907,-29.3880597,101,100,"two-contract post-signal scalp: one contract exits at first target, one runner uses selected stop mode and runner target"
1,signal_scaled_scalp:strategy=delta_impulse_continue_3bar_1pt_20d:direction=all:first_target_points=0.5:stop_points=1.5:runner_target_points=1.5:runner_stop_mode=breakeven,delta_impulse_continue_3bar_1pt_20d,all,0.5,1.5,1.5,breakeven,201,201,201,88,113,51,62,0,0,113,0.56218905,-6550,-7957,-39.58706468,101,100,"two-contract post-signal scalp: one contract exits at first target, one runner uses selected stop mode and runner target"
1,signal_scaled_scalp:strategy=delta_impulse_continue_3bar_1pt_20d:direction=all:first_target_points=0.5:stop_points=1.5:runner_target_points=1.5:runner_stop_mode=initial,delta_impulse_continue_3bar_1pt_20d,all,0.5,1.5,1.5,initial,201,201,201,88,113,86,27,0,0,86,0.4278607,-5950,-7357,-36.60199005,101,100,"two-contract post-signal scalp: one contract exits at first target, one runner uses selected stop mode and runner target"
1,signal_scaled_scalp:strategy=delta_impulse_continue_3bar_1pt_20d:direction=all:first_target_points=0.5:stop_points=1.5:runner_target_points=2:runner_stop_mode=breakeven,delta_impulse_continue_3bar_1pt_20d,all,0.5,1.5,2,breakeven,201,201,201,88,113,43,70,0,0,113,0.56218905,-6075,-7482,-37.2238806,101,100,"two-contract post-signal scalp: one contract exits at first target, one runner uses selected stop mode and runner target"
1,signal_scaled_scalp:strategy=delta_impulse_continue_3bar_1pt_20d:direction=all:first_target_points=0.5:stop_points=1.5:runner_target_points=2:runner_stop_mode=initial,delta_impulse_continue_3bar_1pt_20d,all,0.5,1.5,2,initial,201,201,201,88,113,80,33,0,0,80,0.39800995,-4850,-6257,-31.12935323,101,100,"two-contract post-signal scalp: one contract exits at first target, one runner uses selected stop mode and runner target"
1,signal_scaled_scalp:strategy=delta_impulse_continue_3bar_1pt_20d:direction=all:first_target_points=0.5:stop_points=1.5:runner_target_points=3:runner_stop_mode=breakeven,delta_impulse_continue_3bar_1pt_20d,all,0.5,1.5,3,breakeven,201,201,201,88,113,26,87,0,0,113,0.56218905,-6475,-7882,-39.21393035,101,100,"two-contract post-signal scalp: one contract exits at first target, one runner uses selected stop mode and runner target"
1,signal_scaled_scalp:strategy=delta_impulse_continue_3bar_1pt_20d:direction=all:first_target_points=0.5:stop_points=1.5:runner_target_points=3:runner_stop_mode=initial,delta_impulse_continue_3bar_1pt_20d,all,0.5,1.5,3,initial,201,201,201,88,113,64,49,0,0,64,0.31840796,-4450,-5857,-29.13930348,101,100,"two-contract post-signal scalp: one contract exits at first target, one runner uses selected stop mode and runner target"
1,signal_scaled_scalp:strategy=delta_impulse_continue_3bar_1pt_20d:direction=all:first_target_points=0.5:stop_points=1.5:runner_target_points=5:runner_stop_mode=breakeven,delta_impulse_continue_3bar_1pt_20d,all,0.5,1.5,5,breakeven,201,201,201,88,113,15,98,0,0,113,0.56218905,-6625,-8032,-39.960199,101,100,"two-contract post-signal scalp: one contract exits at first target, one runner uses selected stop mode and runner target"
1,signal_scaled_scalp:strategy=delta_impulse_continue_3bar_1pt_20d:direction=all:first_target_points=0.5:stop_points=1.5:runner_target_points=5:runner_stop_mode=initial,delta_impulse_continue_3bar_1pt_20d,all,0.5,1.5,5,initial,201,201,201,88,113,45,68,0,0,45,0.2238806,-4225,-5632,-28.0199005,101,100,"two-contract post-signal scalp: one contract exits at first target, one runner uses selected stop mode and runner target"
1,signal_scaled_scalp:strategy=delta_impulse_continue_3bar_1pt_20d:direction=all:first_target_points=0.5:stop_points=2:runner_target_points=1.5:runner_stop_mode=breakeven,delta_impulse_continue_3bar_1pt_20d,all,0.5,2,1.5,breakeven,201,201,201,77,124,53,71,0,0,124,0.61691542,-8325,-9732,-48.41791045,101,100,"two-contract post-signal scalp: one contract exits at first target, one runner uses selected stop mode and runner target"
1,signal_scaled_scalp:strategy=delta_impulse_continue_3bar_1pt_20d:direction=all:first_target_points=0.5:stop_points=2:runner_target_points=1.5:runner_stop_mode=initial,delta_impulse_continue_3bar_1pt_20d,all,0.5,2,1.5,initial,201,201,201,77,124,98,26,0,0,98,0.48756219,-7550,-8957,-44.56218905,101,100,"two-contract post-signal scalp: one contract exits at first target, one runner uses selected stop mode and runner target"
1,signal_scaled_scalp:strategy=delta_impulse_continue_3bar_1pt_20d:direction=all:first_target_points=0.5:stop_points=2:runner_target_points=2:runner_stop_mode=breakeven,delta_impulse_continue_3bar_1pt_20d,all,0.5,2,2,breakeven,201,201,201,77,124,45,79,0,0,124,0.61691542,-7800,-9207,-45.80597015,101,100,"two-contract post-signal scalp: one contract exits at first target, one runner uses selected stop mode and runner target"
1,signal_scaled_scalp:strategy=delta_impulse_continue_3bar_1pt_20d:direction=all:first_target_points=0.5:stop_points=2:runner_target_points=2:runner_stop_mode=initial,delta_impulse_continue_3bar_1pt_20d,all,0.5,2,2,initial,201,201,201,77,124,90,34,0,0,90,0.44776119,-6700,-8107,-40.33333333,101,100,"two-contract post-signal scalp: one contract exits at first target, one runner uses selected stop mode and runner target"
1,signal_scaled_scalp:strategy=delta_impulse_continue_3bar_1pt_20d:direction=all:first_target_points=0.5:stop_points=2:runner_target_points=3:runner_stop_mode=breakeven,delta_impulse_continue_3bar_1pt_20d,all,0.5,2,3,breakeven,201,201,201,77,124,28,96,0,0,124,0.61691542,-8100,-9507,-47.29850746,101,100,"two-contract post-signal scalp: one contract exits at first target, one runner uses selected stop mode and runner target"
1,signal_scaled_scalp:strategy=delta_impulse_continue_3bar_1pt_20d:direction=all:first_target_points=0.5:stop_points=2:runner_target_points=3:runner_stop_mode=initial,delta_impulse_continue_3bar_1pt_20d,all,0.5,2,3,initial,201,201,201,77,124,74,50,0,0,74,0.3681592,-6200,-7607,-37.84577114,101,100,"two-contract post-signal scalp: one contract exits at first target, one runner uses selected stop mode and runner target"
1,signal_scaled_scalp:strategy=delta_impulse_continue_3bar_1pt_20d:direction=all:first_target_points=0.5:stop_points=2:runner_target_points=5:runner_stop_mode=breakeven,delta_impulse_continue_3bar_1pt_20d,all,0.5,2,5,breakeven,201,201,201,77,124,17,107,0,0,124,0.61691542,-8050,-9457,-47.04975124,101,100,"two-contract post-signal scalp: one contract exits at first target, one runner uses selected stop mode and runner target"
1,signal_scaled_scalp:strategy=delta_impulse_continue_3bar_1pt_20d:direction=all:first_target_points=0.5:stop_points=2:runner_target_points=5:runner_stop_mode=initial,delta_impulse_continue_3bar_1pt_20d,all,0.5,2,5,initial,201,201,201,77,124,52,72,0,0,52,0.25870647,-6500,-7907,-39.33830846,101,100,"two-contract post-signal scalp: one contract exits at first target, one runner uses selected stop mode and runner target"
1,signal_scaled_scalp:strategy=delta_impulse_continue_3bar_1pt_20d:direction=all:first_target_points=1:stop_points=1:runner_target_points=1.5:runner_stop_mode=breakeven,delta_impulse_continue_3bar_1pt_20d,all,1,1,1.5,breakeven,201,201,201,120,81,53,28,0,0,81,0.40298507,-3975,-5382,-26.7761194,101,100,"two-contract post-signal scalp: one contract exits at first target, one runner uses selected stop mode and runner target"
1,signal_scaled_scalp:strategy=delta_impulse_continue_3bar_1pt_20d:direction=all:first_target_points=1:stop_points=1:runner_target_points=1.5:runner_stop_mode=initial,delta_impulse_continue_3bar_1pt_20d,all,1,1,1.5,initial,201,201,201,120,81,67,14,0,0,67,0.33333333,-3625,-5032,-25.03482587,101,100,"two-contract post-signal scalp: one contract exits at first target, one runner uses selected stop mode and runner target"
1,signal_scaled_scalp:strategy=delta_impulse_continue_3bar_1pt_20d:direction=all:first_target_points=1:stop_points=1:runner_target_points=2:runner_stop_mode=breakeven,delta_impulse_continue_3bar_1pt_20d,all,1,1,2,breakeven,201,201,201,120,81,46,35,0,0,81,0.40298507,-3350,-4757,-23.66666667,101,100,"two-contract post-signal scalp: one contract exits at first target, one runner uses selected stop mode and runner target"
1,signal_scaled_scalp:strategy=delta_impulse_continue_3bar_1pt_20d:direction=all:first_target_points=1:stop_points=1:runner_target_points=2:runner_stop_mode=initial,delta_impulse_continue_3bar_1pt_20d,all,1,1,2,initial,201,201,201,120,81,62,19,0,0,62,0.30845771,-2700,-4107,-20.43283582,101,100,"two-contract post-signal scalp: one contract exits at first target, one runner uses selected stop mode and runner target"
1,signal_scaled_scalp:strategy=delta_impulse_continue_3bar_1pt_20d:direction=all:first_target_points=1:stop_points=1:runner_target_points=3:runner_stop_mode=breakeven,delta_impulse_continue_3bar_1pt_20d,all,1,1,3,breakeven,201,201,201,120,81,27,54,0,0,81,0.40298507,-3900,-5307,-26.40298507,101,100,"two-contract post-signal scalp: one contract exits at first target, one runner uses selected stop mode and runner target"
1,signal_scaled_scalp:strategy=delta_impulse_continue_3bar_1pt_20d:direction=all:first_target_points=1:stop_points=1:runner_target_points=3:runner_stop_mode=initial,delta_impulse_continue_3bar_1pt_20d,all,1,1,3,initial,201,201,201,120,81,48,33,0,0,48,0.23880597,-2400,-3807,-18.94029851,101,100,"two-contract post-signal scalp: one contract exits at first target, one runner uses selected stop mode and runner target"
1,signal_scaled_scalp:strategy=delta_impulse_continue_3bar_1pt_20d:direction=all:first_target_points=1:stop_points=1:runner_target_points=5:runner_stop_mode=breakeven,delta_impulse_continue_3bar_1pt_20d,all,1,1,5,breakeven,201,201,201,120,81,14,67,0,0,81,0.40298507,-4450,-5857,-29.13930348,101,100,"two-contract post-signal scalp: one contract exits at first target, one runner uses selected stop mode and runner target"
1,signal_scaled_scalp:strategy=delta_impulse_continue_3bar_1pt_20d:direction=all:first_target_points=1:stop_points=1:runner_target_points=5:runner_stop_mode=initial,delta_impulse_continue_3bar_1pt_20d,all,1,1,5,initial,201,201,201,120,81,29,52,0,0,29,0.14427861,-3300,-4707,-23.41791045,101,100,"two-contract post-signal scalp: one contract exits at first target, one runner uses selected stop mode and runner target"
1,signal_scaled_scalp:strategy=delta_impulse_continue_3bar_1pt_20d:direction=all:first_target_points=1:stop_points=1.5:runner_target_points=1.5:runner_stop_mode=breakeven,delta_impulse_continue_3bar_1pt_20d,all,1,1.5,1.5,breakeven,201,201,201,100,101,65,36,0,0,101,0.50248756,-5075,-6482,-32.24875622,101,100,"two-contract post-signal scalp: one contract exits at first target, one runner uses selected stop mode and runner target"
1,signal_scaled_scalp:strategy=delta_impulse_continue_3bar_1pt_20d:direction=all:first_target_points=1:stop_points=1.5:runner_target_points=1.5:runner_stop_mode=initial,delta_impulse_continue_3bar_1pt_20d,all,1,1.5,1.5,initial,201,201,201,100,101,86,15,0,0,86,0.4278607,-4625,-6032,-30.00995025,101,100,"two-contract post-signal scalp: one contract exits at first target, one runner uses selected stop mode and runner target"
1,signal_scaled_scalp:strategy=delta_impulse_continue_3bar_1pt_20d:direction=all:first_target_points=1:stop_points=1.5:runner_target_points=2:runner_stop_mode=breakeven,delta_impulse_continue_3bar_1pt_20d,all,1,1.5,2,breakeven,201,201,201,100,101,56,45,0,0,101,0.50248756,-4350,-5757,-28.64179104,101,100,"two-contract post-signal scalp: one contract exits at first target, one runner uses selected stop mode and runner target"
1,signal_scaled_scalp:strategy=delta_impulse_continue_3bar_1pt_20d:direction=all:first_target_points=1:stop_points=1.5:runner_target_points=2:runner_stop_mode=initial,delta_impulse_continue_3bar_1pt_20d,all,1,1.5,2,initial,201,201,201,100,101,80,21,0,0,80,0.39800995,-3525,-4932,-24.53731343,101,100,"two-contract post-signal scalp: one contract exits at first target, one runner uses selected stop mode and runner target"
1,signal_scaled_scalp:strategy=delta_impulse_continue_3bar_1pt_20d:direction=all:first_target_points=1:stop_points=1.5:runner_target_points=3:runner_stop_mode=breakeven,delta_impulse_continue_3bar_1pt_20d,all,1,1.5,3,breakeven,201,201,201,100,101,33,68,0,0,101,0.50248756,-5000,-6407,-31.87562189,101,100,"two-contract post-signal scalp: one contract exits at first target, one runner uses selected stop mode and runner target"
1,signal_scaled_scalp:strategy=delta_impulse_continue_3bar_1pt_20d:direction=all:first_target_points=1:stop_points=1.5:runner_target_points=3:runner_stop_mode=initial,delta_impulse_continue_3bar_1pt_20d,all,1,1.5,3,initial,201,201,201,100,101,64,37,0,0,64,0.31840796,-3125,-4532,-22.54726368,101,100,"two-contract post-signal scalp: one contract exits at first target, one runner uses selected stop mode and runner target"
1,signal_scaled_scalp:strategy=delta_impulse_continue_3bar_1pt_20d:direction=all:first_target_points=1:stop_points=1.5:runner_target_points=5:runner_stop_mode=breakeven,delta_impulse_continue_3bar_1pt_20d,all,1,1.5,5,breakeven,201,201,201,100,101,19,82,0,0,101,0.50248756,-5200,-6607,-32.87064677,101,100,"two-contract post-signal scalp: one contract exits at first target, one runner uses selected stop mode and runner target"
1,signal_scaled_scalp:strategy=delta_impulse_continue_3bar_1pt_20d:direction=all:first_target_points=1:stop_points=1.5:runner_target_points=5:runner_stop_mode=initial,delta_impulse_continue_3bar_1pt_20d,all,1,1.5,5,initial,201,201,201,100,101,45,56,0,0,45,0.2238806,-2900,-4307,-21.4278607,101,100,"two-contract post-signal scalp: one contract exits at first target, one runner uses selected stop mode and runner target"
1,signal_scaled_scalp:strategy=delta_impulse_continue_3bar_1pt_20d:direction=all:first_target_points=1:stop_points=2:runner_target_points=1.5:runner_stop_mode=breakeven,delta_impulse_continue_3bar_1pt_20d,all,1,2,1.5,breakeven,201,201,201,89,112,72,40,0,0,112,0.55721393,-6800,-8207,-40.83084577,101,100,"two-contract post-signal scalp: one contract exits at first target, one runner uses selected stop mode and runner target"
1,signal_scaled_scalp:strategy=delta_impulse_continue_3bar_1pt_20d:direction=all:first_target_points=1:stop_points=2:runner_target_points=1.5:runner_stop_mode=initial,delta_impulse_continue_3bar_1pt_20d,all,1,2,1.5,initial,201,201,201,89,112,98,14,0,0,98,0.48756219,-6250,-7657,-38.09452736,101,100,"two-contract post-signal scalp: one contract exits at first target, one runner uses selected stop mode and runner target"
1,signal_scaled_scalp:strategy=delta_impulse_continue_3bar_1pt_20d:direction=all:first_target_points=1:stop_points=2:runner_target_points=2:runner_stop_mode=breakeven,delta_impulse_continue_3bar_1pt_20d,all,1,2,2,breakeven,201,201,201,89,112,61,51,0,0,112,0.55721393,-6100,-7507,-37.34825871,101,100,"two-contract post-signal scalp: one contract exits at first target, one runner uses selected stop mode and runner target"
1,signal_scaled_scalp:strategy=delta_impulse_continue_3bar_1pt_20d:direction=all:first_target_points=1:stop_points=2:runner_target_points=2:runner_stop_mode=initial,delta_impulse_continue_3bar_1pt_20d,all,1,2,2,initial,201,201,201,89,112,90,22,0,0,90,0.44776119,-5400,-6807,-33.86567164,101,100,"two-contract post-signal scalp: one contract exits at first target, one runner uses selected stop mode and runner target"
1,signal_scaled_scalp:strategy=delta_impulse_continue_3bar_1pt_20d:direction=all:first_target_points=1:stop_points=2:runner_target_points=3:runner_stop_mode=breakeven,delta_impulse_continue_3bar_1pt_20d,all,1,2,3,breakeven,201,201,201,89,112,37,75,0,0,112,0.55721393,-6650,-8057,-40.08457711,101,100,"two-contract post-signal scalp: one contract exits at first target, one runner uses selected stop mode and runner target"
1,signal_scaled_scalp:strategy=delta_impulse_continue_3bar_1pt_20d:direction=all:first_target_points=1:stop_points=2:runner_target_points=3:runner_stop_mode=initial,delta_impulse_continue_3bar_1pt_20d,all,1,2,3,initial,201,201,201,89,112,74,38,0,0,74,0.3681592,-4900,-6307,-31.37810945,101,100,"two-contract post-signal scalp: one contract exits at first target, one runner uses selected stop mode and runner target"
1,signal_scaled_scalp:strategy=delta_impulse_continue_3bar_1pt_20d:direction=all:first_target_points=1:stop_points=2:runner_target_points=5:runner_stop_mode=breakeven,delta_impulse_continue_3bar_1pt_20d,all,1,2,5,breakeven,201,201,201,89,112,22,90,0,0,112,0.55721393,-6700,-8107,-40.33333333,101,100,"two-contract post-signal scalp: one contract exits at first target, one runner uses selected stop mode and runner target"
1,signal_scaled_scalp:strategy=delta_impulse_continue_3bar_1pt_20d:direction=all:first_target_points=1:stop_points=2:runner_target_points=5:runner_stop_mode=initial,delta_impulse_continue_3bar_1pt_20d,all,1,2,5,initial,201,201,201,89,112,52,60,0,0,52,0.25870647,-5200,-6607,-32.87064677,101,100,"two-contract post-signal scalp: one contract exits at first target, one runner uses selected stop mode and runner target"
1,signal_scaled_scalp:strategy=delta_impulse_continue_3bar_1pt_20d:direction=all:first_target_points=1.5:stop_points=1:runner_target_points=2:runner_stop_mode=breakeven,delta_impulse_continue_3bar_1pt_20d,all,1.5,1,2,breakeven,201,201,201,134,67,58,9,0,0,67,0.33333333,-2575,-3982,-19.81094527,101,100,"two-contract post-signal scalp: one contract exits at first target, one runner uses selected stop mode and runner target"
1,signal_scaled_scalp:strategy=delta_impulse_continue_3bar_1pt_20d:direction=all:first_target_points=1.5:stop_points=1:runner_target_points=2:runner_stop_mode=initial,delta_impulse_continue_3bar_1pt_20d,all,1.5,1,2,initial,201,201,201,134,67,62,5,0,0,67,0.33333333,-2425,-3832,-19.06467662,101,100,"two-contract post-signal scalp: one contract exits at first target, one runner uses selected stop mode and runner target"
1,signal_scaled_scalp:strategy=delta_impulse_continue_3bar_1pt_20d:direction=all:first_target_points=1.5:stop_points=1:runner_target_points=3:runner_stop_mode=breakeven,delta_impulse_continue_3bar_1pt_20d,all,1.5,1,3,breakeven,201,201,201,134,67,35,32,0,0,67,0.33333333,-3125,-4532,-22.54726368,101,100,"two-contract post-signal scalp: one contract exits at first target, one runner uses selected stop mode and runner target"
1,signal_scaled_scalp:strategy=delta_impulse_continue_3bar_1pt_20d:direction=all:first_target_points=1.5:stop_points=1:runner_target_points=3:runner_stop_mode=initial,delta_impulse_continue_3bar_1pt_20d,all,1.5,1,3,initial,201,201,201,134,67,48,19,0,0,67,0.33333333,-2125,-3532,-17.5721393,101,100,"two-contract post-signal scalp: one contract exits at first target, one runner uses selected stop mode and runner target"
1,signal_scaled_scalp:strategy=delta_impulse_continue_3bar_1pt_20d:direction=all:first_target_points=1.5:stop_points=1:runner_target_points=5:runner_stop_mode=breakeven,delta_impulse_continue_3bar_1pt_20d,all,1.5,1,5,breakeven,201,201,201,134,67,20,47,0,0,67,0.33333333,-3375,-4782,-23.79104478,101,100,"two-contract post-signal scalp: one contract exits at first target, one runner uses selected stop mode and runner target"
1,signal_scaled_scalp:strategy=delta_impulse_continue_3bar_1pt_20d:direction=all:first_target_points=1.5:stop_points=1:runner_target_points=5:runner_stop_mode=initial,delta_impulse_continue_3bar_1pt_20d,all,1.5,1,5,initial,201,201,201,134,67,29,38,0,0,67,0.33333333,-3025,-4432,-22.04975124,101,100,"two-contract post-signal scalp: one contract exits at first target, one runner uses selected stop mode and runner target"
1,signal_scaled_scalp:strategy=delta_impulse_continue_3bar_1pt_20d:direction=all:first_target_points=1.5:stop_points=1.5:runner_target_points=2:runner_stop_mode=breakeven,delta_impulse_continue_3bar_1pt_20d,all,1.5,1.5,2,breakeven,201,201,201,115,86,73,13,0,0,86,0.4278607,-3500,-4907,-24.41293532,101,100,"two-contract post-signal scalp: one contract exits at first target, one runner uses selected stop mode and runner target"
1,signal_scaled_scalp:strategy=delta_impulse_continue_3bar_1pt_20d:direction=all:first_target_points=1.5:stop_points=1.5:runner_target_points=2:runner_stop_mode=initial,delta_impulse_continue_3bar_1pt_20d,all,1.5,1.5,2,initial,201,201,201,115,86,80,6,0,0,80,0.39800995,-3250,-4657,-23.16915423,101,100,"two-contract post-signal scalp: one contract exits at first target, one runner uses selected stop mode and runner target"
1,signal_scaled_scalp:strategy=delta_impulse_continue_3bar_1pt_20d:direction=all:first_target_points=1.5:stop_points=1.5:runner_target_points=3:runner_stop_mode=breakeven,delta_impulse_continue_3bar_1pt_20d,all,1.5,1.5,3,breakeven,201,201,201,115,86,44,42,0,0,86,0.4278607,-4200,-5607,-27.89552239,101,100,"two-contract post-signal scalp: one contract exits at first target, one runner uses selected stop mode and runner target"
1,signal_scaled_scalp:strategy=delta_impulse_continue_3bar_1pt_20d:direction=all:first_target_points=1.5:stop_points=1.5:runner_target_points=3:runner_stop_mode=initial,delta_impulse_continue_3bar_1pt_20d,all,1.5,1.5,3,initial,201,201,201,115,86,64,22,0,0,64,0.31840796,-2850,-4257,-21.17910448,101,100,"two-contract post-signal scalp: one contract exits at first target, one runner uses selected stop mode and runner target"
1,signal_scaled_scalp:strategy=delta_impulse_continue_3bar_1pt_20d:direction=all:first_target_points=1.5:stop_points=1.5:runner_target_points=5:runner_stop_mode=breakeven,delta_impulse_continue_3bar_1pt_20d,all,1.5,1.5,5,breakeven,201,201,201,115,86,27,59,0,0,86,0.4278607,-4050,-5457,-27.14925373,101,100,"two-contract post-signal scalp: one contract exits at first target, one runner uses selected stop mode and runner target"
1,signal_scaled_scalp:strategy=delta_impulse_continue_3bar_1pt_20d:direction=all:first_target_points=1.5:stop_points=1.5:runner_target_points=5:runner_stop_mode=initial,delta_impulse_continue_3bar_1pt_20d,all,1.5,1.5,5,initial,201,201,201,115,86,45,41,0,0,45,0.2238806,-2625,-4032,-20.05970149,101,100,"two-contract post-signal scalp: one contract exits at first target, one runner uses selected stop mode and runner target"
1,signal_scaled_scalp:strategy=delta_impulse_continue_3bar_1pt_20d:direction=all:first_target_points=1.5:stop_points=2:runner_target_points=2:runner_stop_mode=breakeven,delta_impulse_continue_3bar_1pt_20d,all,1.5,2,2,breakeven,201,201,201,103,98,83,15,0,0,98,0.48756219,-4950,-6357,-31.62686567,101,100,"two-contract post-signal scalp: one contract exits at first target, one runner uses selected stop mode and runner target"
1,signal_scaled_scalp:strategy=delta_impulse_continue_3bar_1pt_20d:direction=all:first_target_points=1.5:stop_points=2:runner_target_points=2:runner_stop_mode=initial,delta_impulse_continue_3bar_1pt_20d,all,1.5,2,2,initial,201,201,201,103,98,90,8,0,0,90,0.44776119,-5050,-6457,-32.12437811,101,100,"two-contract post-signal scalp: one contract exits at first target, one runner uses selected stop mode and runner target"
1,signal_scaled_scalp:strategy=delta_impulse_continue_3bar_1pt_20d:direction=all:first_target_points=1.5:stop_points=2:runner_target_points=3:runner_stop_mode=breakeven,delta_impulse_continue_3bar_1pt_20d,all,1.5,2,3,breakeven,201,201,201,103,98,51,47,0,0,98,0.48756219,-5600,-7007,-34.86069652,101,100,"two-contract post-signal scalp: one contract exits at first target, one runner uses selected stop mode and runner target"
1,signal_scaled_scalp:strategy=delta_impulse_continue_3bar_1pt_20d:direction=all:first_target_points=1.5:stop_points=2:runner_target_points=3:runner_stop_mode=initial,delta_impulse_continue_3bar_1pt_20d,all,1.5,2,3,initial,201,201,201,103,98,74,24,0,0,74,0.3681592,-4550,-5957,-29.63681592,101,100,"two-contract post-signal scalp: one contract exits at first target, one runner uses selected stop mode and runner target"
1,signal_scaled_scalp:strategy=delta_impulse_continue_3bar_1pt_20d:direction=all:first_target_points=1.5:stop_points=2:runner_target_points=5:runner_stop_mode=breakeven,delta_impulse_continue_3bar_1pt_20d,all,1.5,2,5,breakeven,201,201,201,103,98,31,67,0,0,98,0.48756219,-5500,-6907,-34.36318408,101,100,"two-contract post-signal scalp: one contract exits at first target, one runner uses selected stop mode and runner target"
1,signal_scaled_scalp:strategy=delta_impulse_continue_3bar_1pt_20d:direction=all:first_target_points=1.5:stop_points=2:runner_target_points=5:runner_stop_mode=initial,delta_impulse_continue_3bar_1pt_20d,all,1.5,2,5,initial,201,201,201,103,98,52,46,0,0,52,0.25870647,-4850,-6257,-31.12935323,101,100,"two-contract post-signal scalp: one contract exits at first target, one runner uses selected stop mode and runner target"
1,signal_scaled_scalp:strategy=delta_impulse_continue_5bar_1.5pt_30d:direction=all:first_target_points=0.5:stop_points=1:runner_target_points=1.5:runner_stop_mode=breakeven,delta_impulse_continue_5bar_1.5pt_30d,all,0.5,1,1.5,breakeven,183,183,183,93,90,50,40,0,0,90,0.49180328,-3300,-4581,-25.03278689,84,99,"two-contract post-signal scalp: one contract exits at first target, one runner uses selected stop mode and runner target"
1,signal_scaled_scalp:strategy=delta_impulse_continue_5bar_1.5pt_30d:direction=all:first_target_points=0.5:stop_points=1:runner_target_points=1.5:runner_stop_mode=initial,delta_impulse_continue_5bar_1.5pt_30d,all,0.5,1,1.5,initial,183,183,183,93,90,69,21,0,0,69,0.37704918,-2925,-4206,-22.98360656,84,99,"two-contract post-signal scalp: one contract exits at first target, one runner uses selected stop mode and runner target"
1,signal_scaled_scalp:strategy=delta_impulse_continue_5bar_1.5pt_30d:direction=all:first_target_points=0.5:stop_points=1:runner_target_points=2:runner_stop_mode=breakeven,delta_impulse_continue_5bar_1.5pt_30d,all,0.5,1,2,breakeven,183,183,183,93,90,37,53,0,0,90,0.49180328,-3350,-4631,-25.30601093,84,99,"two-contract post-signal scalp: one contract exits at first target, one runner uses selected stop mode and runner target"
1,signal_scaled_scalp:strategy=delta_impulse_continue_5bar_1.5pt_30d:direction=all:first_target_points=0.5:stop_points=1:runner_target_points=2:runner_stop_mode=initial,delta_impulse_continue_5bar_1.5pt_30d,all,0.5,1,2,initial,183,183,183,93,90,52,38,0,0,52,0.28415301,-3750,-5031,-27.49180328,84,99,"two-contract post-signal scalp: one contract exits at first target, one runner uses selected stop mode and runner target"
1,signal_scaled_scalp:strategy=delta_impulse_continue_5bar_1.5pt_30d:direction=all:first_target_points=0.5:stop_points=1:runner_target_points=3:runner_stop_mode=breakeven,delta_impulse_continue_5bar_1.5pt_30d,all,0.5,1,3,breakeven,183,183,183,93,90,23,67,0,0,90,0.49180328,-3600,-4881,-26.67213115,84,99,"two-contract post-signal scalp: one contract exits at first target, one runner uses selected stop mode and runner target"
1,signal_scaled_scalp:strategy=delta_impulse_continue_5bar_1.5pt_30d:direction=all:first_target_points=0.5:stop_points=1:runner_target_points=3:runner_stop_mode=initial,delta_impulse_continue_5bar_1.5pt_30d,all,0.5,1,3,initial,183,183,183,93,90,42,48,0,0,42,0.2295082,-3150,-4431,-24.21311475,84,99,"two-contract post-signal scalp: one contract exits at first target, one runner uses selected stop mode and runner target"
1,signal_scaled_scalp:strategy=delta_impulse_continue_5bar_1.5pt_30d:direction=all:first_target_points=0.5:stop_points=1:runner_target_points=5:runner_stop_mode=breakeven,delta_impulse_continue_5bar_1.5pt_30d,all,0.5,1,5,breakeven,183,183,183,93,90,11,79,0,0,90,0.49180328,-4300,-5581,-30.49726776,84,99,"two-contract post-signal scalp: one contract exits at first target, one runner uses selected stop mode and runner target"
1,signal_scaled_scalp:strategy=delta_impulse_continue_5bar_1.5pt_30d:direction=all:first_target_points=0.5:stop_points=1:runner_target_points=5:runner_stop_mode=initial,delta_impulse_continue_5bar_1.5pt_30d,all,0.5,1,5,initial,183,183,183,93,90,20,70,0,0,20,0.10928962,-5550,-6831,-37.32786885,84,99,"two-contract post-signal scalp: one contract exits at first target, one runner uses selected stop mode and runner target"
1,signal_scaled_scalp:strategy=delta_impulse_continue_5bar_1.5pt_30d:direction=all:first_target_points=0.5:stop_points=1.5:runner_target_points=1.5:runner_stop_mode=breakeven,delta_impulse_continue_5bar_1.5pt_30d,all,0.5,1.5,1.5,breakeven,183,183,183,76,107,51,56,0,0,107,0.58469945,-4900,-6181,-33.77595628,84,99,"two-contract post-signal scalp: one contract exits at first target, one runner uses selected stop mode and runner target"
1,signal_scaled_scalp:strategy=delta_impulse_continue_5bar_1.5pt_30d:direction=all:first_target_points=0.5:stop_points=1.5:runner_target_points=1.5:runner_stop_mode=initial,delta_impulse_continue_5bar_1.5pt_30d,all,0.5,1.5,1.5,initial,183,183,183,76,107,84,23,0,0,84,0.45901639,-4150,-5431,-29.67759563,84,99,"two-contract post-signal scalp: one contract exits at first target, one runner uses selected stop mode and runner target"
1,signal_scaled_scalp:strategy=delta_impulse_continue_5bar_1.5pt_30d:direction=all:first_target_points=0.5:stop_points=1.5:runner_target_points=2:runner_stop_mode=breakeven,delta_impulse_continue_5bar_1.5pt_30d,all,0.5,1.5,2,breakeven,183,183,183,76,107,37,70,0,0,107,0.58469945,-5025,-6306,-34.45901639,84,99,"two-contract post-signal scalp: one contract exits at first target, one runner uses selected stop mode and runner target"
1,signal_scaled_scalp:strategy=delta_impulse_continue_5bar_1.5pt_30d:direction=all:first_target_points=0.5:stop_points=1.5:runner_target_points=2:runner_stop_mode=initial,delta_impulse_continue_5bar_1.5pt_30d,all,0.5,1.5,2,initial,183,183,183,76,107,68,39,0,0,68,0.3715847,-4850,-6131,-33.50273224,84,99,"two-contract post-signal scalp: one contract exits at first target, one runner uses selected stop mode and runner target"
1,signal_scaled_scalp:strategy=delta_impulse_continue_5bar_1.5pt_30d:direction=all:first_target_points=0.5:stop_points=1.5:runner_target_points=3:runner_stop_mode=breakeven,delta_impulse_continue_5bar_1.5pt_30d,all,0.5,1.5,3,breakeven,183,183,183,76,107,23,84,0,0,107,0.58469945,-5275,-6556,-35.82513661,84,99,"two-contract post-signal scalp: one contract exits at first target, one runner uses selected stop mode and runner target"
1,signal_scaled_scalp:strategy=delta_impulse_continue_5bar_1.5pt_30d:direction=all:first_target_points=0.5:stop_points=1.5:runner_target_points=3:runner_stop_mode=initial,delta_impulse_continue_5bar_1.5pt_30d,all,0.5,1.5,3,initial,183,183,183,76,107,57,50,0,0,57,0.31147541,-3925,-5206,-28.44808743,84,99,"two-contract post-signal scalp: one contract exits at first target, one runner uses selected stop mode and runner target"
1,signal_scaled_scalp:strategy=delta_impulse_continue_5bar_1.5pt_30d:direction=all:first_target_points=0.5:stop_points=1.5:runner_target_points=5:runner_stop_mode=breakeven,delta_impulse_continue_5bar_1.5pt_30d,all,0.5,1.5,5,breakeven,183,183,183,76,107,11,96,0,0,107,0.58469945,-5975,-7256,-39.65027322,84,99,"two-contract post-signal scalp: one contract exits at first target, one runner uses selected stop mode and runner target"
1,signal_scaled_scalp:strategy=delta_impulse_continue_5bar_1.5pt_30d:direction=all:first_target_points=0.5:stop_points=1.5:runner_target_points=5:runner_stop_mode=initial,delta_impulse_continue_5bar_1.5pt_30d,all,0.5,1.5,5,initial,183,183,183,76,107,34,73,0,0,34,0.18579235,-5700,-6981,-38.14754098,84,99,"two-contract post-signal scalp: one contract exits at first target, one runner uses selected stop mode and runner target"
1,signal_scaled_scalp:strategy=delta_impulse_continue_5bar_1.5pt_30d:direction=all:first_target_points=0.5:stop_points=2:runner_target_points=1.5:runner_stop_mode=breakeven,delta_impulse_continue_5bar_1.5pt_30d,all,0.5,2,1.5,breakeven,183,183,183,69,114,53,61,0,0,114,0.62295082,-6975,-8256,-45.1147541,84,99,"two-contract post-signal scalp: one contract exits at first target, one runner uses selected stop mode and runner target"
1,signal_scaled_scalp:strategy=delta_impulse_continue_5bar_1.5pt_30d:direction=all:first_target_points=0.5:stop_points=2:runner_target_points=1.5:runner_stop_mode=initial,delta_impulse_continue_5bar_1.5pt_30d,all,0.5,2,1.5,initial,183,183,183,69,114,91,23,0,0,91,0.49726776,-6425,-7706,-42.10928962,84,99,"two-contract post-signal scalp: one contract exits at first target, one runner uses selected stop mode and runner target"
1,signal_scaled_scalp:strategy=delta_impulse_continue_5bar_1.5pt_30d:direction=all:first_target_points=0.5:stop_points=2:runner_target_points=2:runner_stop_mode=breakeven,delta_impulse_continue_5bar_1.5pt_30d,all,0.5,2,2,breakeven,183,183,183,69,114,38,76,0,0,114,0.62295082,-7150,-8431,-46.07103825,84,99,"two-contract post-signal scalp: one contract exits at first target, one runner uses selected stop mode and runner target"
1,signal_scaled_scalp:strategy=delta_impulse_continue_5bar_1.5pt_30d:direction=all:first_target_points=0.5:stop_points=2:runner_target_points=2:runner_stop_mode=initial,delta_impulse_continue_5bar_1.5pt_30d,all,0.5,2,2,initial,183,183,183,69,114,74,40,0,0,74,0.40437158,-7550,-8831,-48.2568306,84,99,"two-contract post-signal scalp: one contract exits at first target, one runner uses selected stop mode and runner target"
1,signal_scaled_scalp:strategy=delta_impulse_continue_5bar_1.5pt_30d:direction=all:first_target_points=0.5:stop_points=2:runner_target_points=3:runner_stop_mode=breakeven,delta_impulse_continue_5bar_1.5pt_30d,all,0.5,2,3,breakeven,183,183,183,69,114,24,90,0,0,114,0.62295082,-7350,-8631,-47.16393443,84,99,"two-contract post-signal scalp: one contract exits at first target, one runner uses selected stop mode and runner target"
1,signal_scaled_scalp:strategy=delta_impulse_continue_5bar_1.5pt_30d:direction=all:first_target_points=0.5:stop_points=2:runner_target_points=3:runner_stop_mode=initial,delta_impulse_continue_5bar_1.5pt_30d,all,0.5,2,3,initial,183,183,183,69,114,64,50,0,0,64,0.34972678,-6350,-7631,-41.69945355,84,99,"two-contract post-signal scalp: one contract exits at first target, one runner uses selected stop mode and runner target"
1,signal_scaled_scalp:strategy=delta_impulse_continue_5bar_1.5pt_30d:direction=all:first_target_points=0.5:stop_points=2:runner_target_points=5:runner_stop_mode=breakeven,delta_impulse_continue_5bar_1.5pt_30d,all,0.5,2,5,breakeven,183,183,183,69,114,12,102,0,0,114,0.62295082,-7950,-9231,-50.44262295,84,99,"two-contract post-signal scalp: one contract exits at first target, one runner uses selected stop mode and runner target"
1,signal_scaled_scalp:strategy=delta_impulse_continue_5bar_1.5pt_30d:direction=all:first_target_points=0.5:stop_points=2:runner_target_points=5:runner_stop_mode=initial,delta_impulse_continue_5bar_1.5pt_30d,all,0.5,2,5,initial,183,183,183,69,114,42,72,0,0,42,0.2295082,-7650,-8931,-48.80327869,84,99,"two-contract post-signal scalp: one contract exits at first target, one runner uses selected stop mode and runner target"
1,signal_scaled_scalp:strategy=delta_impulse_continue_5bar_1.5pt_30d:direction=all:first_target_points=1:stop_points=1:runner_target_points=1.5:runner_stop_mode=breakeven,delta_impulse_continue_5bar_1.5pt_30d,all,1,1,1.5,breakeven,183,183,183,107,76,62,14,0,0,76,0.41530055,-2250,-3531,-19.29508197,84,99,"two-contract post-signal scalp: one contract exits at first target, one runner uses selected stop mode and runner target"
1,signal_scaled_scalp:strategy=delta_impulse_continue_5bar_1.5pt_30d:direction=all:first_target_points=1:stop_points=1:runner_target_points=1.5:runner_stop_mode=initial,delta_impulse_continue_5bar_1.5pt_30d,all,1,1,1.5,initial,183,183,183,107,76,69,7,0,0,69,0.37704918,-2075,-3356,-18.33879781,84,99,"two-contract post-signal scalp: one contract exits at first target, one runner uses selected stop mode and runner target"
1,signal_scaled_scalp:strategy=delta_impulse_continue_5bar_1.5pt_30d:direction=all:first_target_points=1:stop_points=1:runner_target_points=2:runner_stop_mode=breakeven,delta_impulse_continue_5bar_1.5pt_30d,all,1,1,2,breakeven,183,183,183,107,76,42,34,0,0,76,0.41530055,-2700,-3981,-21.75409836,84,99,"two-contract post-signal scalp: one contract exits at first target, one runner uses selected stop mode and runner target"
1,signal_scaled_scalp:strategy=delta_impulse_continue_5bar_1.5pt_30d:direction=all:first_target_points=1:stop_points=1:runner_target_points=2:runner_stop_mode=initial,delta_impulse_continue_5bar_1.5pt_30d,all,1,1,2,initial,183,183,183,107,76,52,24,0,0,52,0.28415301,-2900,-4181,-22.84699454,84,99,"two-contract post-signal scalp: one contract exits at first target, one runner uses selected stop mode and runner target"
1,signal_scaled_scalp:strategy=delta_impulse_continue_5bar_1.5pt_30d:direction=all:first_target_points=1:stop_points=1:runner_target_points=3:runner_stop_mode=breakeven,delta_impulse_continue_5bar_1.5pt_30d,all,1,1,3,breakeven,183,183,183,107,76,27,49,0,0,76,0.41530055,-2850,-4131,-22.57377049,84,99,"two-contract post-signal scalp: one contract exits at first target, one runner uses selected stop mode and runner target"
1,signal_scaled_scalp:strategy=delta_impulse_continue_5bar_1.5pt_30d:direction=all:first_target_points=1:stop_points=1:runner_target_points=3:runner_stop_mode=initial,delta_impulse_continue_5bar_1.5pt_30d,all,1,1,3,initial,183,183,183,107,76,42,34,0,0,42,0.2295082,-2300,-3581,-19.56830601,84,99,"two-contract post-signal scalp: one contract exits at first target, one runner uses selected stop mode and runner target"
1,signal_scaled_scalp:strategy=delta_impulse_continue_5bar_1.5pt_30d:direction=all:first_target_points=1:stop_points=1:runner_target_points=5:runner_stop_mode=breakeven,delta_impulse_continue_5bar_1.5pt_30d,all,1,1,5,breakeven,183,183,183,107,76,12,64,0,0,76,0.41530055,-3900,-5181,-28.31147541,84,99,"two-contract post-signal scalp: one contract exits at first target, one runner uses selected stop mode and runner target"
1,signal_scaled_scalp:strategy=delta_impulse_continue_5bar_1.5pt_30d:direction=all:first_target_points=1:stop_points=1:runner_target_points=5:runner_stop_mode=initial,delta_impulse_continue_5bar_1.5pt_30d,all,1,1,5,initial,183,183,183,107,76,20,56,0,0,20,0.10928962,-4700,-5981,-32.68306011,84,99,"two-contract post-signal scalp: one contract exits at first target, one runner uses selected stop mode and runner target"
1,signal_scaled_scalp:strategy=delta_impulse_continue_5bar_1.5pt_30d:direction=all:first_target_points=1:stop_points=1.5:runner_target_points=1.5:runner_stop_mode=breakeven,delta_impulse_continue_5bar_1.5pt_30d,all,1,1.5,1.5,breakeven,183,183,183,88,95,70,25,0,0,95,0.51912568,-3200,-4481,-24.4863388,84,99,"two-contract post-signal scalp: one contract exits at first target, one runner uses selected stop mode and runner target"
1,signal_scaled_scalp:strategy=delta_impulse_continue_5bar_1.5pt_30d:direction=all:first_target_points=1:stop_points=1.5:runner_target_points=1.5:runner_stop_mode=initial,delta_impulse_continue_5bar_1.5pt_30d,all,1,1.5,1.5,initial,183,183,183,88,95,84,11,0,0,84,0.45901639,-2975,-4256,-23.2568306,84,99,"two-contract post-signal scalp: one contract exits at first target, one runner uses selected stop mode and runner target"
1,signal_scaled_scalp:strategy=delta_impulse_continue_5bar_1.5pt_30d:direction=all:first_target_points=1:stop_points=1.5:runner_target_points=2:runner_stop_mode=breakeven,delta_impulse_continue_5bar_1.5pt_30d,all,1,1.5,2,breakeven,183,183,183,88,95,49,46,0,0,95,0.51912568,-3550,-4831,-26.3989071,84,99,"two-contract post-signal scalp: one contract exits at first target, one runner uses selected stop mode and runner target"
1,signal_scaled_scalp:strategy=delta_impulse_continue_5bar_1.5pt_30d:direction=all:first_target_points=1:stop_points=1.5:runner_target_points=2:runner_stop_mode=initial,delta_impulse_continue_5bar_1.5pt_30d,all,1,1.5,2,initial,183,183,183,88,95,68,27,0,0,68,0.3715847,-3675,-4956,-27.08196721,84,99,"two-contract post-signal scalp: one contract exits at first target, one runner uses selected stop mode and runner target"
1,signal_scaled_scalp:strategy=delta_impulse_continue_5bar_1.5pt_30d:direction=all:first_target_points=1:stop_points=1.5:runner_target_points=3:runner_stop_mode=breakeven,delta_impulse_continue_5bar_1.5pt_30d,all,1,1.5,3,breakeven,183,183,183,88,95,31,64,0,0,95,0.51912568,-3800,-5081,-27.76502732,84,99,"two-contract post-signal scalp: one contract exits at first target, one runner uses selected stop mode and runner target"
1,signal_scaled_scalp:strategy=delta_impulse_continue_5bar_1.5pt_30d:direction=all:first_target_points=1:stop_points=1.5:runner_target_points=3:runner_stop_mode=initial,delta_impulse_continue_5bar_1.5pt_30d,all,1,1.5,3,initial,183,183,183,88,95,57,38,0,0,57,0.31147541,-2750,-4031,-22.0273224,84,99,"two-contract post-signal scalp: one contract exits at first target, one runner uses selected stop mode and runner target"
1,signal_scaled_scalp:strategy=delta_impulse_continue_5bar_1.5pt_30d:direction=all:first_target_points=1:stop_points=1.5:runner_target_points=5:runner_stop_mode=breakeven,delta_impulse_continue_5bar_1.5pt_30d,all,1,1.5,5,breakeven,183,183,183,88,95,16,79,0,0,95,0.51912568,-4450,-5731,-31.31693989,84,99,"two-contract post-signal scalp: one contract exits at first target, one runner uses selected stop mode and runner target"
1,signal_scaled_scalp:strategy=delta_impulse_continue_5bar_1.5pt_30d:direction=all:first_target_points=1:stop_points=1.5:runner_target_points=5:runner_stop_mode=initial,delta_impulse_continue_5bar_1.5pt_30d,all,1,1.5,5,initial,183,183,183,88,95,34,61,0,0,34,0.18579235,-4525,-5806,-31.72677596,84,99,"two-contract post-signal scalp: one contract exits at first target, one runner uses selected stop mode and runner target"
1,signal_scaled_scalp:strategy=delta_impulse_continue_5bar_1.5pt_30d:direction=all:first_target_points=1:stop_points=2:runner_target_points=1.5:runner_stop_mode=breakeven,delta_impulse_continue_5bar_1.5pt_30d,all,1,2,1.5,breakeven,183,183,183,81,102,76,26,0,0,102,0.55737705,-5400,-6681,-36.50819672,84,99,"two-contract post-signal scalp: one contract exits at first target, one runner uses selected stop mode and runner target"
1,signal_scaled_scalp:strategy=delta_impulse_continue_5bar_1.5pt_30d:direction=all:first_target_points=1:stop_points=2:runner_target_points=1.5:runner_stop_mode=initial,delta_impulse_continue_5bar_1.5pt_30d,all,1,2,1.5,initial,183,183,183,81,102,91,11,0,0,91,0.49726776,-5375,-6656,-36.3715847,84,99,"two-contract post-signal scalp: one contract exits at first target, one runner uses selected stop mode and runner target"
1,signal_scaled_scalp:strategy=delta_impulse_continue_5bar_1.5pt_30d:direction=all:first_target_points=1:stop_points=2:runner_target_points=2:runner_stop_mode=breakeven,delta_impulse_continue_5bar_1.5pt_30d,all,1,2,2,breakeven,183,183,183,81,102,52,50,0,0,102,0.55737705,-5900,-7181,-39.24043716,84,99,"two-contract post-signal scalp: one contract exits at first target, one runner uses selected stop mode and runner target"
1,signal_scaled_scalp:strategy=delta_impulse_continue_5bar_1.5pt_30d:direction=all:first_target_points=1:stop_points=2:runner_target_points=2:runner_stop_mode=initial,delta_impulse_continue_5bar_1.5pt_30d,all,1,2,2,initial,183,183,183,81,102,74,28,0,0,74,0.40437158,-6500,-7781,-42.51912568,84,99,"two-contract post-signal scalp: one contract exits at first target, one runner uses selected stop mode and runner target"
1,signal_scaled_scalp:strategy=delta_impulse_continue_5bar_1.5pt_30d:direction=all:first_target_points=1:stop_points=2:runner_target_points=3:runner_stop_mode=breakeven,delta_impulse_continue_5bar_1.5pt_30d,all,1,2,3,breakeven,183,183,183,81,102,34,68,0,0,102,0.55737705,-6000,-7281,-39.78688525,84,99,"two-contract post-signal scalp: one contract exits at first target, one runner uses selected stop mode and runner target"
1,signal_scaled_scalp:strategy=delta_impulse_continue_5bar_1.5pt_30d:direction=all:first_target_points=1:stop_points=2:runner_target_points=3:runner_stop_mode=initial,delta_impulse_continue_5bar_1.5pt_30d,all,1,2,3,initial,183,183,183,81,102,64,38,0,0,64,0.34972678,-5300,-6581,-35.96174863,84,99,"two-contract post-signal scalp: one contract exits at first target, one runner uses selected stop mode and runner target"
1,signal_scaled_scalp:strategy=delta_impulse_continue_5bar_1.5pt_30d:direction=all:first_target_points=1:stop_points=2:runner_target_points=5:runner_stop_mode=breakeven,delta_impulse_continue_5bar_1.5pt_30d,all,1,2,5,breakeven,183,183,183,81,102,18,84,0,0,102,0.55737705,-6600,-7881,-43.06557377,84,99,"two-contract post-signal scalp: one contract exits at first target, one runner uses selected stop mode and runner target"
1,signal_scaled_scalp:strategy=delta_impulse_continue_5bar_1.5pt_30d:direction=all:first_target_points=1:stop_points=2:runner_target_points=5:runner_stop_mode=initial,delta_impulse_continue_5bar_1.5pt_30d,all,1,2,5,initial,183,183,183,81,102,42,60,0,0,42,0.2295082,-6600,-7881,-43.06557377,84,99,"two-contract post-signal scalp: one contract exits at first target, one runner uses selected stop mode and runner target"
1,signal_scaled_scalp:strategy=delta_impulse_continue_5bar_1.5pt_30d:direction=all:first_target_points=1.5:stop_points=1:runner_target_points=2:runner_stop_mode=breakeven,delta_impulse_continue_5bar_1.5pt_30d,all,1.5,1,2,breakeven,183,183,183,114,69,49,20,0,0,69,0.37704918,-1325,-2606,-14.24043716,84,99,"two-contract post-signal scalp: one contract exits at first target, one runner uses selected stop mode and runner target"
1,signal_scaled_scalp:strategy=delta_impulse_continue_5bar_1.5pt_30d:direction=all:first_target_points=1.5:stop_points=1:runner_target_points=2:runner_stop_mode=initial,delta_impulse_continue_5bar_1.5pt_30d,all,1.5,1,2,initial,183,183,183,114,69,52,17,0,0,69,0.37704918,-1875,-3156,-17.24590164,84,99,"two-contract post-signal scalp: one contract exits at first target, one runner uses selected stop mode and runner target"
1,signal_scaled_scalp:strategy=delta_impulse_continue_5bar_1.5pt_30d:direction=all:first_target_points=1.5:stop_points=1:runner_target_points=3:runner_stop_mode=breakeven,delta_impulse_continue_5bar_1.5pt_30d,all,1.5,1,3,breakeven,183,183,183,114,69,33,36,0,0,69,0.37704918,-1275,-2556,-13.96721311,84,99,"two-contract post-signal scalp: one contract exits at first target, one runner uses selected stop mode and runner target"
1,signal_scaled_scalp:strategy=delta_impulse_continue_5bar_1.5pt_30d:direction=all:first_target_points=1.5:stop_points=1:runner_target_points=3:runner_stop_mode=initial,delta_impulse_continue_5bar_1.5pt_30d,all,1.5,1,3,initial,183,183,183,114,69,42,27,0,0,69,0.37704918,-1275,-2556,-13.96721311,84,99,"two-contract post-signal scalp: one contract exits at first target, one runner uses selected stop mode and runner target"
1,signal_scaled_scalp:strategy=delta_impulse_continue_5bar_1.5pt_30d:direction=all:first_target_points=1.5:stop_points=1:runner_target_points=5:runner_stop_mode=breakeven,delta_impulse_continue_5bar_1.5pt_30d,all,1.5,1,5,breakeven,183,183,183,114,69,17,52,0,0,69,0.37704918,-1975,-3256,-17.79234973,84,99,"two-contract post-signal scalp: one contract exits at first target, one runner uses selected stop mode and runner target"
1,signal_scaled_scalp:strategy=delta_impulse_continue_5bar_1.5pt_30d:direction=all:first_target_points=1.5:stop_points=1:runner_target_points=5:runner_stop_mode=initial,delta_impulse_continue_5bar_1.5pt_30d,all,1.5,1,5,initial,183,183,183,114,69,20,49,0,0,69,0.37704918,-3675,-4956,-27.08196721,84,99,"two-contract post-signal scalp: one contract exits at first target, one runner uses selected stop mode and runner target"
1,signal_scaled_scalp:strategy=delta_impulse_continue_5bar_1.5pt_30d:direction=all:first_target_points=1.5:stop_points=1.5:runner_target_points=2:runner_stop_mode=breakeven,delta_impulse_continue_5bar_1.5pt_30d,all,1.5,1.5,2,breakeven,183,183,183,99,84,62,22,0,0,84,0.45901639,-2350,-3631,-19.84153005,84,99,"two-contract post-signal scalp: one contract exits at first target, one runner uses selected stop mode and runner target"
1,signal_scaled_scalp:strategy=delta_impulse_continue_5bar_1.5pt_30d:direction=all:first_target_points=1.5:stop_points=1.5:runner_target_points=2:runner_stop_mode=initial,delta_impulse_continue_5bar_1.5pt_30d,all,1.5,1.5,2,initial,183,183,183,99,84,68,16,0,0,68,0.3715847,-2950,-4231,-23.12021858,84,99,"two-contract post-signal scalp: one contract exits at first target, one runner uses selected stop mode and runner target"
1,signal_scaled_scalp:strategy=delta_impulse_continue_5bar_1.5pt_30d:direction=all:first_target_points=1.5:stop_points=1.5:runner_target_points=3:runner_stop_mode=breakeven,delta_impulse_continue_5bar_1.5pt_30d,all,1.5,1.5,3,breakeven,183,183,183,99,84,42,42,0,0,84,0.45901639,-2250,-3531,-19.29508197,84,99,"two-contract post-signal scalp: one contract exits at first target, one runner uses selected stop mode and runner target"
1,signal_scaled_scalp:strategy=delta_impulse_continue_5bar_1.5pt_30d:direction=all:first_target_points=1.5:stop_points=1.5:runner_target_points=3:runner_stop_mode=initial,delta_impulse_continue_5bar_1.5pt_30d,all,1.5,1.5,3,initial,183,183,183,99,84,57,27,0,0,57,0.31147541,-2025,-3306,-18.06557377,84,99,"two-contract post-signal scalp: one contract exits at first target, one runner uses selected stop mode and runner target"
1,signal_scaled_scalp:strategy=delta_impulse_continue_5bar_1.5pt_30d:direction=all:first_target_points=1.5:stop_points=1.5:runner_target_points=5:runner_stop_mode=breakeven,delta_impulse_continue_5bar_1.5pt_30d,all,1.5,1.5,5,breakeven,183,183,183,99,84,25,59,0,0,84,0.45901639,-2300,-3581,-19.56830601,84,99,"two-contract post-signal scalp: one contract exits at first target, one runner uses selected stop mode and runner target"
1,signal_scaled_scalp:strategy=delta_impulse_continue_5bar_1.5pt_30d:direction=all:first_target_points=1.5:stop_points=1.5:runner_target_points=5:runner_stop_mode=initial,delta_impulse_continue_5bar_1.5pt_30d,all,1.5,1.5,5,initial,183,183,183,99,84,34,50,0,0,34,0.18579235,-3800,-5081,-27.76502732,84,99,"two-contract post-signal scalp: one contract exits at first target, one runner uses selected stop mode and runner target"
1,signal_scaled_scalp:strategy=delta_impulse_continue_5bar_1.5pt_30d:direction=all:first_target_points=1.5:stop_points=2:runner_target_points=2:runner_stop_mode=breakeven,delta_impulse_continue_5bar_1.5pt_30d,all,1.5,2,2,breakeven,183,183,183,92,91,66,25,0,0,91,0.49726776,-4975,-6256,-34.18579235,84,99,"two-contract post-signal scalp: one contract exits at first target, one runner uses selected stop mode and runner target"
1,signal_scaled_scalp:strategy=delta_impulse_continue_5bar_1.5pt_30d:direction=all:first_target_points=1.5:stop_points=2:runner_target_points=2:runner_stop_mode=initial,delta_impulse_continue_5bar_1.5pt_30d,all,1.5,2,2,initial,183,183,183,92,91,74,17,0,0,74,0.40437158,-5875,-7156,-39.10382514,84,99,"two-contract post-signal scalp: one contract exits at first target, one runner uses selected stop mode and runner target"
1,signal_scaled_scalp:strategy=delta_impulse_continue_5bar_1.5pt_30d:direction=all:first_target_points=1.5:stop_points=2:runner_target_points=3:runner_stop_mode=breakeven,delta_impulse_continue_5bar_1.5pt_30d,all,1.5,2,3,breakeven,183,183,183,92,91,45,46,0,0,91,0.49726776,-4825,-6106,-33.36612022,84,99,"two-contract post-signal scalp: one contract exits at first target, one runner uses selected stop mode and runner target"
1,signal_scaled_scalp:strategy=delta_impulse_continue_5bar_1.5pt_30d:direction=all:first_target_points=1.5:stop_points=2:runner_target_points=3:runner_stop_mode=initial,delta_impulse_continue_5bar_1.5pt_30d,all,1.5,2,3,initial,183,183,183,92,91,64,27,0,0,64,0.34972678,-4675,-5956,-32.54644809,84,99,"two-contract post-signal scalp: one contract exits at first target, one runner uses selected stop mode and runner target"
1,signal_scaled_scalp:strategy=delta_impulse_continue_5bar_1.5pt_30d:direction=all:first_target_points=1.5:stop_points=2:runner_target_points=5:runner_stop_mode=breakeven,delta_impulse_continue_5bar_1.5pt_30d,all,1.5,2,5,breakeven,183,183,183,92,91,27,64,0,0,91,0.49726776,-4825,-6106,-33.36612022,84,99,"two-contract post-signal scalp: one contract exits at first target, one runner uses selected stop mode and runner target"
1,signal_scaled_scalp:strategy=delta_impulse_continue_5bar_1.5pt_30d:direction=all:first_target_points=1.5:stop_points=2:runner_target_points=5:runner_stop_mode=initial,delta_impulse_continue_5bar_1.5pt_30d,all,1.5,2,5,initial,183,183,183,92,91,42,49,0,0,42,0.2295082,-5975,-7256,-39.65027322,84,99,"two-contract post-signal scalp: one contract exits at first target, one runner uses selected stop mode and runner target"
1,signal_scaled_scalp:strategy=delta_impulse_continue_10bar_2.5pt_50d:direction=all:first_target_points=0.5:stop_points=1:runner_target_points=1.5:runner_stop_mode=breakeven,delta_impulse_continue_10bar_2.5pt_50d,all,0.5,1,1.5,breakeven,177,177,177,78,99,51,48,0,0,99,0.55932203,-1500,-2739,-15.47457627,86,91,"two-contract post-signal scalp: one contract exits at first target, one runner uses selected stop mode and runner target"
1,signal_scaled_scalp:strategy=delta_impulse_continue_10bar_2.5pt_50d:direction=all:first_target_points=0.5:stop_points=1:runner_target_points=1.5:runner_stop_mode=initial,delta_impulse_continue_10bar_2.5pt_50d,all,0.5,1,1.5,initial,177,177,177,78,99,74,25,0,0,74,0.4180791,-1025,-2264,-12.79096045,86,91,"two-contract post-signal scalp: one contract exits at first target, one runner uses selected stop mode and runner target"
1,signal_scaled_scalp:strategy=delta_impulse_continue_10bar_2.5pt_50d:direction=all:first_target_points=0.5:stop_points=1:runner_target_points=2:runner_stop_mode=breakeven,delta_impulse_continue_10bar_2.5pt_50d,all,0.5,1,2,breakeven,177,177,177,78,99,41,58,0,0,99,0.55932203,-1225,-2464,-13.92090395,86,91,"two-contract post-signal scalp: one contract exits at first target, one runner uses selected stop mode and runner target"
1,signal_scaled_scalp:strategy=delta_impulse_continue_10bar_2.5pt_50d:direction=all:first_target_points=0.5:stop_points=1:runner_target_points=2:runner_stop_mode=initial,delta_impulse_continue_10bar_2.5pt_50d,all,0.5,1,2,initial,177,177,177,78,99,58,41,0,0,58,0.32768362,-1575,-2814,-15.89830508,86,91,"two-contract post-signal scalp: one contract exits at first target, one runner uses selected stop mode and runner target"
1,signal_scaled_scalp:strategy=delta_impulse_continue_10bar_2.5pt_50d:direction=all:first_target_points=0.5:stop_points=1:runner_target_points=3:runner_stop_mode=breakeven,delta_impulse_continue_10bar_2.5pt_50d,all,0.5,1,3,breakeven,177,177,177,78,99,31,68,0,0,99,0.55932203,-675,-1914,-10.81355932,86,91,"two-contract post-signal scalp: one contract exits at first target, one runner uses selected stop mode and runner target"
1,signal_scaled_scalp:strategy=delta_impulse_continue_10bar_2.5pt_50d:direction=all:first_target_points=0.5:stop_points=1:runner_target_points=3:runner_stop_mode=initial,delta_impulse_continue_10bar_2.5pt_50d,all,0.5,1,3,initial,177,177,177,78,99,47,52,0,0,47,0.26553672,-875,-2114,-11.94350282,86,91,"two-contract post-signal scalp: one contract exits at first target, one runner uses selected stop mode and runner target"
1,signal_scaled_scalp:strategy=delta_impulse_continue_10bar_2.5pt_50d:direction=all:first_target_points=0.5:stop_points=1:runner_target_points=5:runner_stop_mode=breakeven,delta_impulse_continue_10bar_2.5pt_50d,all,0.5,1,5,breakeven,177,177,177,78,99,20,79,0,0,99,0.55932203,-325,-1564,-8.83615819,86,91,"two-contract post-signal scalp: one contract exits at first target, one runner uses selected stop mode and runner target"
1,signal_scaled_scalp:strategy=delta_impulse_continue_10bar_2.5pt_50d:direction=all:first_target_points=0.5:stop_points=1:runner_target_points=5:runner_stop_mode=initial,delta_impulse_continue_10bar_2.5pt_50d,all,0.5,1,5,initial,177,177,177,78,99,34,65,0,0,34,0.1920904,-75,-1314,-7.42372881,86,91,"two-contract post-signal scalp: one contract exits at first target, one runner uses selected stop mode and runner target"
1,signal_scaled_scalp:strategy=delta_impulse_continue_10bar_2.5pt_50d:direction=all:first_target_points=0.5:stop_points=1.5:runner_target_points=1.5:runner_stop_mode=breakeven,delta_impulse_continue_10bar_2.5pt_50d,all,0.5,1.5,1.5,breakeven,177,177,177,68,109,55,54,0,0,109,0.61581921,-3350,-4589,-25.92655367,86,91,"two-contract post-signal scalp: one contract exits at first target, one runner uses selected stop mode and runner target"
1,signal_scaled_scalp:strategy=delta_impulse_continue_10bar_2.5pt_50d:direction=all:first_target_points=0.5:stop_points=1.5:runner_target_points=1.5:runner_stop_mode=initial,delta_impulse_continue_10bar_2.5pt_50d,all,0.5,1.5,1.5,initial,177,177,177,68,109,82,27,0,0,82,0.46327684,-3350,-4589,-25.92655367,86,91,"two-contract post-signal scalp: one contract exits at first target, one runner uses selected stop mode and runner target"
1,signal_scaled_scalp:strategy=delta_impulse_continue_10bar_2.5pt_50d:direction=all:first_target_points=0.5:stop_points=1.5:runner_target_points=2:runner_stop_mode=breakeven,delta_impulse_continue_10bar_2.5pt_50d,all,0.5,1.5,2,breakeven,177,177,177,68,109,45,64,0,0,109,0.61581921,-2975,-4214,-23.8079096,86,91,"two-contract post-signal scalp: one contract exits at first target, one runner uses selected stop mode and runner target"
1,signal_scaled_scalp:strategy=delta_impulse_continue_10bar_2.5pt_50d:direction=all:first_target_points=0.5:stop_points=1.5:runner_target_points=2:runner_stop_mode=initial,delta_impulse_continue_10bar_2.5pt_50d,all,0.5,1.5,2,initial,177,177,177,68,109,69,40,0,0,69,0.38983051,-3575,-4814,-27.19774011,86,91,"two-contract post-signal scalp: one contract exits at first target, one runner uses selected stop mode and runner target"
1,signal_scaled_scalp:strategy=delta_impulse_continue_10bar_2.5pt_50d:direction=all:first_target_points=0.5:stop_points=1.5:runner_target_points=3:runner_stop_mode=breakeven,delta_impulse_continue_10bar_2.5pt_50d,all,0.5,1.5,3,breakeven,177,177,177,68,109,33,76,0,0,109,0.61581921,-2525,-3764,-21.26553672,86,91,"two-contract post-signal scalp: one contract exits at first target, one runner uses selected stop mode and runner target"
1,signal_scaled_scalp:strategy=delta_impulse_continue_10bar_2.5pt_50d:direction=all:first_target_points=0.5:stop_points=1.5:runner_target_points=3:runner_stop_mode=initial,delta_impulse_continue_10bar_2.5pt_50d,all,0.5,1.5,3,initial,177,177,177,68,109,57,52,0,0,57,0.3220339,-2825,-4064,-22.96045198,86,91,"two-contract post-signal scalp: one contract exits at first target, one runner uses selected stop mode and runner target"
1,signal_scaled_scalp:strategy=delta_impulse_continue_10bar_2.5pt_50d:direction=all:first_target_points=0.5:stop_points=1.5:runner_target_points=5:runner_stop_mode=breakeven,delta_impulse_continue_10bar_2.5pt_50d,all,0.5,1.5,5,breakeven,177,177,177,68,109,21,88,0,0,109,0.61581921,-2225,-3464,-19.57062147,86,91,"two-contract post-signal scalp: one contract exits at first target, one runner uses selected stop mode and runner target"
1,signal_scaled_scalp:strategy=delta_impulse_continue_10bar_2.5pt_50d:direction=all:first_target_points=0.5:stop_points=1.5:runner_target_points=5:runner_stop_mode=initial,delta_impulse_continue_10bar_2.5pt_50d,all,0.5,1.5,5,initial,177,177,177,68,109,44,65,0,0,44,0.24858757,-1350,-2589,-14.62711864,86,91,"two-contract post-signal scalp: one contract exits at first target, one runner uses selected stop mode and runner target"
1,signal_scaled_scalp:strategy=delta_impulse_continue_10bar_2.5pt_50d:direction=all:first_target_points=0.5:stop_points=2:runner_target_points=1.5:runner_stop_mode=breakeven,delta_impulse_continue_10bar_2.5pt_50d,all,0.5,2,1.5,breakeven,177,177,177,52,125,57,68,0,0,125,0.70621469,-3000,-4239,-23.94915254,86,91,"two-contract post-signal scalp: one contract exits at first target, one runner uses selected stop mode and runner target"
1,signal_scaled_scalp:strategy=delta_impulse_continue_10bar_2.5pt_50d:direction=all:first_target_points=0.5:stop_points=2:runner_target_points=1.5:runner_stop_mode=initial,delta_impulse_continue_10bar_2.5pt_50d,all,0.5,2,1.5,initial,177,177,177,52,125,92,33,0,0,92,0.51977401,-3675,-4914,-27.76271186,86,91,"two-contract post-signal scalp: one contract exits at first target, one runner uses selected stop mode and runner target"
1,signal_scaled_scalp:strategy=delta_impulse_continue_10bar_2.5pt_50d:direction=all:first_target_points=0.5:stop_points=2:runner_target_points=2:runner_stop_mode=breakeven,delta_impulse_continue_10bar_2.5pt_50d,all,0.5,2,2,breakeven,177,177,177,52,125,47,78,0,0,125,0.70621469,-2575,-3814,-21.5480226,86,91,"two-contract post-signal scalp: one contract exits at first target, one runner uses selected stop mode and runner target"
1,signal_scaled_scalp:strategy=delta_impulse_continue_10bar_2.5pt_50d:direction=all:first_target_points=0.5:stop_points=2:runner_target_points=2:runner_stop_mode=initial,delta_impulse_continue_10bar_2.5pt_50d,all,0.5,2,2,initial,177,177,177,52,125,82,43,0,0,82,0.46327684,-3375,-4614,-26.06779661,86,91,"two-contract post-signal scalp: one contract exits at first target, one runner uses selected stop mode and runner target"
1,signal_scaled_scalp:strategy=delta_impulse_continue_10bar_2.5pt_50d:direction=all:first_target_points=0.5:stop_points=2:runner_target_points=3:runner_stop_mode=breakeven,delta_impulse_continue_10bar_2.5pt_50d,all,0.5,2,3,breakeven,177,177,177,52,125,35,90,0,0,125,0.70621469,-2025,-3264,-18.44067797,86,91,"two-contract post-signal scalp: one contract exits at first target, one runner uses selected stop mode and runner target"
1,signal_scaled_scalp:strategy=delta_impulse_continue_10bar_2.5pt_50d:direction=all:first_target_points=0.5:stop_points=2:runner_target_points=3:runner_stop_mode=initial,delta_impulse_continue_10bar_2.5pt_50d,all,0.5,2,3,initial,177,177,177,52,125,69,56,0,0,69,0.38983051,-2525,-3764,-21.26553672,86,91,"two-contract post-signal scalp: one contract exits at first target, one runner uses selected stop mode and runner target"
1,signal_scaled_scalp:strategy=delta_impulse_continue_10bar_2.5pt_50d:direction=all:first_target_points=0.5:stop_points=2:runner_target_points=5:runner_stop_mode=breakeven,delta_impulse_continue_10bar_2.5pt_50d,all,0.5,2,5,breakeven,177,177,177,52,125,22,103,0,0,125,0.70621469,-1775,-3014,-17.02824859,86,91,"two-contract post-signal scalp: one contract exits at first target, one runner uses selected stop mode and runner target"
1,signal_scaled_scalp:strategy=delta_impulse_continue_10bar_2.5pt_50d:direction=all:first_target_points=0.5:stop_points=2:runner_target_points=5:runner_stop_mode=initial,delta_impulse_continue_10bar_2.5pt_50d,all,0.5,2,5,initial,177,177,177,52,125,53,72,0,0,53,0.29943503,-1225,-2464,-13.92090395,86,91,"two-contract post-signal scalp: one contract exits at first target, one runner uses selected stop mode and runner target"
1,signal_scaled_scalp:strategy=delta_impulse_continue_10bar_2.5pt_50d:direction=all:first_target_points=1:stop_points=1:runner_target_points=1.5:runner_stop_mode=breakeven,delta_impulse_continue_10bar_2.5pt_50d,all,1,1,1.5,breakeven,177,177,177,88,89,59,30,0,0,89,0.50282486,75,-1164,-6.57627119,86,91,"two-contract post-signal scalp: one contract exits at first target, one runner uses selected stop mode and runner target"
1,signal_scaled_scalp:strategy=delta_impulse_continue_10bar_2.5pt_50d:direction=all:first_target_points=1:stop_points=1:runner_target_points=1.5:runner_stop_mode=initial,delta_impulse_continue_10bar_2.5pt_50d,all,1,1,1.5,initial,177,177,177,88,89,74,15,0,0,74,0.4180791,450,-789,-4.45762712,86,91,"two-contract post-signal scalp: one contract exits at first target, one runner uses selected stop mode and runner target"
1,signal_scaled_scalp:strategy=delta_impulse_continue_10bar_2.5pt_50d:direction=all:first_target_points=1:stop_points=1:runner_target_points=2:runner_stop_mode=breakeven,delta_impulse_continue_10bar_2.5pt_50d,all,1,1,2,breakeven,177,177,177,88,89,44,45,0,0,89,0.50282486,50,-1189,-6.71751412,86,91,"two-contract post-signal scalp: one contract exits at first target, one runner uses selected stop mode and runner target"
1,signal_scaled_scalp:strategy=delta_impulse_continue_10bar_2.5pt_50d:direction=all:first_target_points=1:stop_points=1:runner_target_points=2:runner_stop_mode=initial,delta_impulse_continue_10bar_2.5pt_50d,all,1,1,2,initial,177,177,177,88,89,58,31,0,0,58,0.32768362,-100,-1339,-7.56497175,86,91,"two-contract post-signal scalp: one contract exits at first target, one runner uses selected stop mode and runner target"
1,signal_scaled_scalp:strategy=delta_impulse_continue_10bar_2.5pt_50d:direction=all:first_target_points=1:stop_points=1:runner_target_points=3:runner_stop_mode=breakeven,delta_impulse_continue_10bar_2.5pt_50d,all,1,1,3,breakeven,177,177,177,88,89,31,58,0,0,89,0.50282486,300,-939,-5.30508475,86,91,"two-contract post-signal scalp: one contract exits at first target, one runner uses selected stop mode and runner target"
1,signal_scaled_scalp:strategy=delta_impulse_continue_10bar_2.5pt_50d:direction=all:first_target_points=1:stop_points=1:runner_target_points=3:runner_stop_mode=initial,delta_impulse_continue_10bar_2.5pt_50d,all,1,1,3,initial,177,177,177,88,89,47,42,0,0,47,0.26553672,600,-639,-3.61016949,86,91,"two-contract post-signal scalp: one contract exits at first target, one runner uses selected stop mode and runner target"
1,signal_scaled_scalp:strategy=delta_impulse_continue_10bar_2.5pt_50d:direction=all:first_target_points=1:stop_points=1:runner_target_points=5:runner_stop_mode=breakeven,delta_impulse_continue_10bar_2.5pt_50d,all,1,1,5,breakeven,177,177,177,88,89,20,69,0,0,89,0.50282486,650,-589,-3.32768362,86,91,"two-contract post-signal scalp: one contract exits at first target, one runner uses selected stop mode and runner target"
1,signal_scaled_scalp:strategy=delta_impulse_continue_10bar_2.5pt_50d:direction=all:first_target_points=1:stop_points=1:runner_target_points=5:runner_stop_mode=initial,delta_impulse_continue_10bar_2.5pt_50d,all,1,1,5,initial,177,177,177,88,89,34,55,0,0,34,0.1920904,1400,161,0.90960452,86,91,"two-contract post-signal scalp: one contract exits at first target, one runner uses selected stop mode and runner target"
1,signal_scaled_scalp:strategy=delta_impulse_continue_10bar_2.5pt_50d:direction=all:first_target_points=1:stop_points=1.5:runner_target_points=1.5:runner_stop_mode=breakeven,delta_impulse_continue_10bar_2.5pt_50d,all,1,1.5,1.5,breakeven,177,177,177,79,98,64,34,0,0,98,0.55367232,-2150,-3389,-19.14689266,86,91,"two-contract post-signal scalp: one contract exits at first target, one runner uses selected stop mode and runner target"
1,signal_scaled_scalp:strategy=delta_impulse_continue_10bar_2.5pt_50d:direction=all:first_target_points=1:stop_points=1.5:runner_target_points=1.5:runner_stop_mode=initial,delta_impulse_continue_10bar_2.5pt_50d,all,1,1.5,1.5,initial,177,177,177,79,98,82,16,0,0,82,0.46327684,-2000,-3239,-18.29943503,86,91,"two-contract post-signal scalp: one contract exits at first target, one runner uses selected stop mode and runner target"
1,signal_scaled_scalp:strategy=delta_impulse_continue_10bar_2.5pt_50d:direction=all:first_target_points=1:stop_points=1.5:runner_target_points=2:runner_stop_mode=breakeven,delta_impulse_continue_10bar_2.5pt_50d,all,1,1.5,2,breakeven,177,177,177,79,98,49,49,0,0,98,0.55367232,-2050,-3289,-18.5819209,86,91,"two-contract post-signal scalp: one contract exits at first target, one runner uses selected stop mode and runner target"
1,signal_scaled_scalp:strategy=delta_impulse_continue_10bar_2.5pt_50d:direction=all:first_target_points=1:stop_points=1.5:runner_target_points=2:runner_stop_mode=initial,delta_impulse_continue_10bar_2.5pt_50d,all,1,1.5,2,initial,177,177,177,79,98,69,29,0,0,69,0.38983051,-2225,-3464,-19.57062147,86,91,"two-contract post-signal scalp: one contract exits at first target, one runner uses selected stop mode and runner target"
1,signal_scaled_scalp:strategy=delta_impulse_continue_10bar_2.5pt_50d:direction=all:first_target_points=1:stop_points=1.5:runner_target_points=3:runner_stop_mode=breakeven,delta_impulse_continue_10bar_2.5pt_50d,all,1,1.5,3,breakeven,177,177,177,79,98,33,65,0,0,98,0.55367232,-2000,-3239,-18.29943503,86,91,"two-contract post-signal scalp: one contract exits at first target, one runner uses selected stop mode and runner target"
1,signal_scaled_scalp:strategy=delta_impulse_continue_10bar_2.5pt_50d:direction=all:first_target_points=1:stop_points=1.5:runner_target_points=3:runner_stop_mode=initial,delta_impulse_continue_10bar_2.5pt_50d,all,1,1.5,3,initial,177,177,177,79,98,57,41,0,0,57,0.3220339,-1475,-2714,-15.33333333,86,91,"two-contract post-signal scalp: one contract exits at first target, one runner uses selected stop mode and runner target"
1,signal_scaled_scalp:strategy=delta_impulse_continue_10bar_2.5pt_50d:direction=all:first_target_points=1:stop_points=1.5:runner_target_points=5:runner_stop_mode=breakeven,delta_impulse_continue_10bar_2.5pt_50d,all,1,1.5,5,breakeven,177,177,177,79,98,21,77,0,0,98,0.55367232,-1700,-2939,-16.60451977,86,91,"two-contract post-signal scalp: one contract exits at first target, one runner uses selected stop mode and runner target"
1,signal_scaled_scalp:strategy=delta_impulse_continue_10bar_2.5pt_50d:direction=all:first_target_points=1:stop_points=1.5:runner_target_points=5:runner_stop_mode=initial,delta_impulse_continue_10bar_2.5pt_50d,all,1,1.5,5,initial,177,177,177,79,98,44,54,0,0,44,0.24858757,0,-1239,-7,86,91,"two-contract post-signal scalp: one contract exits at first target, one runner uses selected stop mode and runner target"
1,signal_scaled_scalp:strategy=delta_impulse_continue_10bar_2.5pt_50d:direction=all:first_target_points=1:stop_points=2:runner_target_points=1.5:runner_stop_mode=breakeven,delta_impulse_continue_10bar_2.5pt_50d,all,1,2,1.5,breakeven,177,177,177,66,111,71,40,0,0,111,0.62711864,-2325,-3564,-20.13559322,86,91,"two-contract post-signal scalp: one contract exits at first target, one runner uses selected stop mode and runner target"
1,signal_scaled_scalp:strategy=delta_impulse_continue_10bar_2.5pt_50d:direction=all:first_target_points=1:stop_points=2:runner_target_points=1.5:runner_stop_mode=initial,delta_impulse_continue_10bar_2.5pt_50d,all,1,2,1.5,initial,177,177,177,66,111,92,19,0,0,92,0.51977401,-2650,-3889,-21.97175141,86,91,"two-contract post-signal scalp: one contract exits at first target, one runner uses selected stop mode and runner target"
1,signal_scaled_scalp:strategy=delta_impulse_continue_10bar_2.5pt_50d:direction=all:first_target_points=1:stop_points=2:runner_target_points=2:runner_stop_mode=breakeven,delta_impulse_continue_10bar_2.5pt_50d,all,1,2,2,breakeven,177,177,177,66,111,56,55,0,0,111,0.62711864,-2050,-3289,-18.5819209,86,91,"two-contract post-signal scalp: one contract exits at first target, one runner uses selected stop mode and runner target"
1,signal_scaled_scalp:strategy=delta_impulse_continue_10bar_2.5pt_50d:direction=all:first_target_points=1:stop_points=2:runner_target_points=2:runner_stop_mode=initial,delta_impulse_continue_10bar_2.5pt_50d,all,1,2,2,initial,177,177,177,66,111,82,29,0,0,82,0.46327684,-2350,-3589,-20.27683616,86,91,"two-contract post-signal scalp: one contract exits at first target, one runner uses selected stop mode and runner target"
1,signal_scaled_scalp:strategy=delta_impulse_continue_10bar_2.5pt_50d:direction=all:first_target_points=1:stop_points=2:runner_target_points=3:runner_stop_mode=breakeven,delta_impulse_continue_10bar_2.5pt_50d,all,1,2,3,breakeven,177,177,177,66,111,39,72,0,0,111,0.62711864,-1800,-3039,-17.16949153,86,91,"two-contract post-signal scalp: one contract exits at first target, one runner uses selected stop mode and runner target"
1,signal_scaled_scalp:strategy=delta_impulse_continue_10bar_2.5pt_50d:direction=all:first_target_points=1:stop_points=2:runner_target_points=3:runner_stop_mode=initial,delta_impulse_continue_10bar_2.5pt_50d,all,1,2,3,initial,177,177,177,66,111,69,42,0,0,69,0.38983051,-1500,-2739,-15.47457627,86,91,"two-contract post-signal scalp: one contract exits at first target, one runner uses selected stop mode and runner target"
1,signal_scaled_scalp:strategy=delta_impulse_continue_10bar_2.5pt_50d:direction=all:first_target_points=1:stop_points=2:runner_target_points=5:runner_stop_mode=breakeven,delta_impulse_continue_10bar_2.5pt_50d,all,1,2,5,breakeven,177,177,177,66,111,23,88,0,0,111,0.62711864,-1900,-3139,-17.73446328,86,91,"two-contract post-signal scalp: one contract exits at first target, one runner uses selected stop mode and runner target"
1,signal_scaled_scalp:strategy=delta_impulse_continue_10bar_2.5pt_50d:direction=all:first_target_points=1:stop_points=2:runner_target_points=5:runner_stop_mode=initial,delta_impulse_continue_10bar_2.5pt_50d,all,1,2,5,initial,177,177,177,66,111,53,58,0,0,53,0.29943503,-200,-1439,-8.1299435,86,91,"two-contract post-signal scalp: one contract exits at first target, one runner uses selected stop mode and runner target"
1,signal_scaled_scalp:strategy=delta_impulse_continue_10bar_2.5pt_50d:direction=all:first_target_points=1.5:stop_points=1:runner_target_points=2:runner_stop_mode=breakeven,delta_impulse_continue_10bar_2.5pt_50d,all,1.5,1,2,breakeven,177,177,177,103,74,54,20,0,0,74,0.4180791,650,-589,-3.32768362,86,91,"two-contract post-signal scalp: one contract exits at first target, one runner uses selected stop mode and runner target"
1,signal_scaled_scalp:strategy=delta_impulse_continue_10bar_2.5pt_50d:direction=all:first_target_points=1.5:stop_points=1:runner_target_points=2:runner_stop_mode=initial,delta_impulse_continue_10bar_2.5pt_50d,all,1.5,1,2,initial,177,177,177,103,74,58,16,0,0,74,0.4180791,250,-989,-5.58757062,86,91,"two-contract post-signal scalp: one contract exits at first target, one runner uses selected stop mode and runner target"
1,signal_scaled_scalp:strategy=delta_impulse_continue_10bar_2.5pt_50d:direction=all:first_target_points=1.5:stop_points=1:runner_target_points=3:runner_stop_mode=breakeven,delta_impulse_continue_10bar_2.5pt_50d,all,1.5,1,3,breakeven,177,177,177,103,74,39,35,0,0,74,0.4180791,1100,-139,-0.78531073,86,91,"two-contract post-signal scalp: one contract exits at first target, one runner uses selected stop mode and runner target"
1,signal_scaled_scalp:strategy=delta_impulse_continue_10bar_2.5pt_50d:direction=all:first_target_points=1.5:stop_points=1:runner_target_points=3:runner_stop_mode=initial,delta_impulse_continue_10bar_2.5pt_50d,all,1.5,1,3,initial,177,177,177,103,74,47,27,0,0,74,0.4180791,950,-289,-1.63276836,86,91,"two-contract post-signal scalp: one contract exits at first target, one runner uses selected stop mode and runner target"
1,signal_scaled_scalp:strategy=delta_impulse_continue_10bar_2.5pt_50d:direction=all:first_target_points=1.5:stop_points=1:runner_target_points=5:runner_stop_mode=breakeven,delta_impulse_continue_10bar_2.5pt_50d,all,1.5,1,5,breakeven,177,177,177,103,74,26,48,0,0,74,0.4180791,1750,511,2.88700565,86,91,"two-contract post-signal scalp: one contract exits at first target, one runner uses selected stop mode and runner target"
1,signal_scaled_scalp:strategy=delta_impulse_continue_10bar_2.5pt_50d:direction=all:first_target_points=1.5:stop_points=1:runner_target_points=5:runner_stop_mode=initial,delta_impulse_continue_10bar_2.5pt_50d,all,1.5,1,5,initial,177,177,177,103,74,34,40,0,0,74,0.4180791,1750,511,2.88700565,86,91,"two-contract post-signal scalp: one contract exits at first target, one runner uses selected stop mode and runner target"
1,signal_scaled_scalp:strategy=delta_impulse_continue_10bar_2.5pt_50d:direction=all:first_target_points=1.5:stop_points=1.5:runner_target_points=2:runner_stop_mode=breakeven,delta_impulse_continue_10bar_2.5pt_50d,all,1.5,1.5,2,breakeven,177,177,177,95,82,61,21,0,0,82,0.46327684,-2000,-3239,-18.29943503,86,91,"two-contract post-signal scalp: one contract exits at first target, one runner uses selected stop mode and runner target"
1,signal_scaled_scalp:strategy=delta_impulse_continue_10bar_2.5pt_50d:direction=all:first_target_points=1.5:stop_points=1.5:runner_target_points=2:runner_stop_mode=initial,delta_impulse_continue_10bar_2.5pt_50d,all,1.5,1.5,2,initial,177,177,177,95,82,69,13,0,0,69,0.38983051,-2175,-3414,-19.28813559,86,91,"two-contract post-signal scalp: one contract exits at first target, one runner uses selected stop mode and runner target"
1,signal_scaled_scalp:strategy=delta_impulse_continue_10bar_2.5pt_50d:direction=all:first_target_points=1.5:stop_points=1.5:runner_target_points=3:runner_stop_mode=breakeven,delta_impulse_continue_10bar_2.5pt_50d,all,1.5,1.5,3,breakeven,177,177,177,95,82,42,40,0,0,82,0.46327684,-1800,-3039,-17.16949153,86,91,"two-contract post-signal scalp: one contract exits at first target, one runner uses selected stop mode and runner target"
1,signal_scaled_scalp:strategy=delta_impulse_continue_10bar_2.5pt_50d:direction=all:first_target_points=1.5:stop_points=1.5:runner_target_points=3:runner_stop_mode=initial,delta_impulse_continue_10bar_2.5pt_50d,all,1.5,1.5,3,initial,177,177,177,95,82,57,25,0,0,57,0.3220339,-1425,-2664,-15.05084746,86,91,"two-contract post-signal scalp: one contract exits at first target, one runner uses selected stop mode and runner target"
1,signal_scaled_scalp:strategy=delta_impulse_continue_10bar_2.5pt_50d:direction=all:first_target_points=1.5:stop_points=1.5:runner_target_points=5:runner_stop_mode=breakeven,delta_impulse_continue_10bar_2.5pt_50d,all,1.5,1.5,5,breakeven,177,177,177,95,82,27,55,0,0,82,0.46327684,-1350,-2589,-14.62711864,86,91,"two-contract post-signal scalp: one contract exits at first target, one runner uses selected stop mode and runner target"
1,signal_scaled_scalp:strategy=delta_impulse_continue_10bar_2.5pt_50d:direction=all:first_target_points=1.5:stop_points=1.5:runner_target_points=5:runner_stop_mode=initial,delta_impulse_continue_10bar_2.5pt_50d,all,1.5,1.5,5,initial,177,177,177,95,82,44,38,0,0,44,0.24858757,50,-1189,-6.71751412,86,91,"two-contract post-signal scalp: one contract exits at first target, one runner uses selected stop mode and runner target"
1,signal_scaled_scalp:strategy=delta_impulse_continue_10bar_2.5pt_50d:direction=all:first_target_points=1.5:stop_points=2:runner_target_points=2:runner_stop_mode=breakeven,delta_impulse_continue_10bar_2.5pt_50d,all,1.5,2,2,breakeven,177,177,177,85,92,71,21,0,0,92,0.51977401,-3000,-4239,-23.94915254,86,91,"two-contract post-signal scalp: one contract exits at first target, one runner uses selected stop mode and runner target"
1,signal_scaled_scalp:strategy=delta_impulse_continue_10bar_2.5pt_50d:direction=all:first_target_points=1.5:stop_points=2:runner_target_points=2:runner_stop_mode=initial,delta_impulse_continue_10bar_2.5pt_50d,all,1.5,2,2,initial,177,177,177,85,92,82,10,0,0,82,0.46327684,-2900,-4139,-23.38418079,86,91,"two-contract post-signal scalp: one contract exits at first target, one runner uses selected stop mode and runner target"
1,signal_scaled_scalp:strategy=delta_impulse_continue_10bar_2.5pt_50d:direction=all:first_target_points=1.5:stop_points=2:runner_target_points=3:runner_stop_mode=breakeven,delta_impulse_continue_10bar_2.5pt_50d,all,1.5,2,3,breakeven,177,177,177,85,92,48,44,0,0,92,0.51977401,-2900,-4139,-23.38418079,86,91,"two-contract post-signal scalp: one contract exits at first target, one runner uses selected stop mode and runner target"
1,signal_scaled_scalp:strategy=delta_impulse_continue_10bar_2.5pt_50d:direction=all:first_target_points=1.5:stop_points=2:runner_target_points=3:runner_stop_mode=initial,delta_impulse_continue_10bar_2.5pt_50d,all,1.5,2,3,initial,177,177,177,85,92,69,23,0,0,69,0.38983051,-2050,-3289,-18.5819209,86,91,"two-contract post-signal scalp: one contract exits at first target, one runner uses selected stop mode and runner target"
1,signal_scaled_scalp:strategy=delta_impulse_continue_10bar_2.5pt_50d:direction=all:first_target_points=1.5:stop_points=2:runner_target_points=5:runner_stop_mode=breakeven,delta_impulse_continue_10bar_2.5pt_50d,all,1.5,2,5,breakeven,177,177,177,85,92,29,63,0,0,92,0.51977401,-2850,-4089,-23.10169492,86,91,"two-contract post-signal scalp: one contract exits at first target, one runner uses selected stop mode and runner target"
1,signal_scaled_scalp:strategy=delta_impulse_continue_10bar_2.5pt_50d:direction=all:first_target_points=1.5:stop_points=2:runner_target_points=5:runner_stop_mode=initial,delta_impulse_continue_10bar_2.5pt_50d,all,1.5,2,5,initial,177,177,177,85,92,53,39,0,0,53,0.29943503,-750,-1989,-11.23728814,86,91,"two-contract post-signal scalp: one contract exits at first target, one runner uses selected stop mode and runner target"
1,signal_scaled_scalp:strategy=delta_absorption_fade_10d_cl0.35:direction=all:first_target_points=0.5:stop_points=1:runner_target_points=1.5:runner_stop_mode=breakeven,delta_absorption_fade_10d_cl0.35,all,0.5,1,1.5,breakeven,176,176,176,79,97,52,45,0,0,97,0.55113636,-1575,-2807,-15.94886364,81,95,"two-contract post-signal scalp: one contract exits at first target, one runner uses selected stop mode and runner target"
1,signal_scaled_scalp:strategy=delta_absorption_fade_10d_cl0.35:direction=all:first_target_points=0.5:stop_points=1:runner_target_points=1.5:runner_stop_mode=initial,delta_absorption_fade_10d_cl0.35,all,0.5,1,1.5,initial,176,176,176,79,97,69,28,0,0,69,0.39204545,-1700,-2932,-16.65909091,81,95,"two-contract post-signal scalp: one contract exits at first target, one runner uses selected stop mode and runner target"
1,signal_scaled_scalp:strategy=delta_absorption_fade_10d_cl0.35:direction=all:first_target_points=0.5:stop_points=1:runner_target_points=2:runner_stop_mode=breakeven,delta_absorption_fade_10d_cl0.35,all,0.5,1,2,breakeven,176,176,176,79,97,40,57,0,0,97,0.55113636,-1475,-2707,-15.38068182,81,95,"two-contract post-signal scalp: one contract exits at first target, one runner uses selected stop mode and runner target"
1,signal_scaled_scalp:strategy=delta_absorption_fade_10d_cl0.35:direction=all:first_target_points=0.5:stop_points=1:runner_target_points=2:runner_stop_mode=initial,delta_absorption_fade_10d_cl0.35,all,0.5,1,2,initial,176,176,176,79,97,57,40,0,0,57,0.32386364,-1775,-3007,-17.08522727,81,95,"two-contract post-signal scalp: one contract exits at first target, one runner uses selected stop mode and runner target"
1,signal_scaled_scalp:strategy=delta_absorption_fade_10d_cl0.35:direction=all:first_target_points=0.5:stop_points=1:runner_target_points=3:runner_stop_mode=breakeven,delta_absorption_fade_10d_cl0.35,all,0.5,1,3,breakeven,176,176,176,79,97,26,71,0,0,97,0.55113636,-1575,-2807,-15.94886364,81,95,"two-contract post-signal scalp: one contract exits at first target, one runner uses selected stop mode and runner target"
1,signal_scaled_scalp:strategy=delta_absorption_fade_10d_cl0.35:direction=all:first_target_points=0.5:stop_points=1:runner_target_points=3:runner_stop_mode=initial,delta_absorption_fade_10d_cl0.35,all,0.5,1,3,initial,176,176,176,79,97,43,54,0,0,43,0.24431818,-1725,-2957,-16.80113636,81,95,"two-contract post-signal scalp: one contract exits at first target, one runner uses selected stop mode and runner target"
1,signal_scaled_scalp:strategy=delta_absorption_fade_10d_cl0.35:direction=all:first_target_points=0.5:stop_points=1:runner_target_points=5:runner_stop_mode=breakeven,delta_absorption_fade_10d_cl0.35,all,0.5,1,5,breakeven,176,176,176,79,97,18,79,0,0,97,0.55113636,-975,-2207,-12.53977273,81,95,"two-contract post-signal scalp: one contract exits at first target, one runner uses selected stop mode and runner target"
1,signal_scaled_scalp:strategy=delta_absorption_fade_10d_cl0.35:direction=all:first_target_points=0.5:stop_points=1:runner_target_points=5:runner_stop_mode=initial,delta_absorption_fade_10d_cl0.35,all,0.5,1,5,initial,176,176,176,79,97,34,63,0,0,34,0.19318182,-125,-1357,-7.71022727,81,95,"two-contract post-signal scalp: one contract exits at first target, one runner uses selected stop mode and runner target"
1,signal_scaled_scalp:strategy=delta_absorption_fade_10d_cl0.35:direction=all:first_target_points=0.5:stop_points=1.5:runner_target_points=1.5:runner_stop_mode=breakeven,delta_absorption_fade_10d_cl0.35,all,0.5,1.5,1.5,breakeven,176,176,176,66,110,58,52,0,0,110,0.625,-2800,-4032,-22.90909091,81,95,"two-contract post-signal scalp: one contract exits at first target, one runner uses selected stop mode and runner target"
1,signal_scaled_scalp:strategy=delta_absorption_fade_10d_cl0.35:direction=all:first_target_points=0.5:stop_points=1.5:runner_target_points=1.5:runner_stop_mode=initial,delta_absorption_fade_10d_cl0.35,all,0.5,1.5,1.5,initial,176,176,176,66,110,86,24,0,0,86,0.48863636,-2500,-3732,-21.20454545,81,95,"two-contract post-signal scalp: one contract exits at first target, one runner uses selected stop mode and runner target"
1,signal_scaled_scalp:strategy=delta_absorption_fade_10d_cl0.35:direction=all:first_target_points=0.5:stop_points=1.5:runner_target_points=2:runner_stop_mode=breakeven,delta_absorption_fade_10d_cl0.35,all,0.5,1.5,2,breakeven,176,176,176,66,110,46,64,0,0,110,0.625,-2550,-3782,-21.48863636,81,95,"two-contract post-signal scalp: one contract exits at first target, one runner uses selected stop mode and runner target"
1,signal_scaled_scalp:strategy=delta_absorption_fade_10d_cl0.35:direction=all:first_target_points=0.5:stop_points=1.5:runner_target_points=2:runner_stop_mode=initial,delta_absorption_fade_10d_cl0.35,all,0.5,1.5,2,initial,176,176,176,66,110,74,36,0,0,74,0.42045455,-2450,-3682,-20.92045455,81,95,"two-contract post-signal scalp: one contract exits at first target, one runner uses selected stop mode and runner target"
1,signal_scaled_scalp:strategy=delta_absorption_fade_10d_cl0.35:direction=all:first_target_points=0.5:stop_points=1.5:runner_target_points=3:runner_stop_mode=breakeven,delta_absorption_fade_10d_cl0.35,all,0.5,1.5,3,breakeven,176,176,176,66,110,31,79,0,0,110,0.625,-2500,-3732,-21.20454545,81,95,"two-contract post-signal scalp: one contract exits at first target, one runner uses selected stop mode and runner target"
1,signal_scaled_scalp:strategy=delta_absorption_fade_10d_cl0.35:direction=all:first_target_points=0.5:stop_points=1.5:runner_target_points=3:runner_stop_mode=initial,delta_absorption_fade_10d_cl0.35,all,0.5,1.5,3,initial,176,176,176,66,110,58,52,0,0,58,0.32954545,-2350,-3582,-20.35227273,81,95,"two-contract post-signal scalp: one contract exits at first target, one runner uses selected stop mode and runner target"
1,signal_scaled_scalp:strategy=delta_absorption_fade_10d_cl0.35:direction=all:first_target_points=0.5:stop_points=1.5:runner_target_points=5:runner_stop_mode=breakeven,delta_absorption_fade_10d_cl0.35,all,0.5,1.5,5,breakeven,176,176,176,66,110,20,90,0,0,110,0.625,-2150,-3382,-19.21590909,81,95,"two-contract post-signal scalp: one contract exits at first target, one runner uses selected stop mode and runner target"
1,signal_scaled_scalp:strategy=delta_absorption_fade_10d_cl0.35:direction=all:first_target_points=0.5:stop_points=1.5:runner_target_points=5:runner_stop_mode=initial,delta_absorption_fade_10d_cl0.35,all,0.5,1.5,5,initial,176,176,176,66,110,43,67,0,0,43,0.24431818,-1425,-2657,-15.09659091,81,95,"two-contract post-signal scalp: one contract exits at first target, one runner uses selected stop mode and runner target"
1,signal_scaled_scalp:strategy=delta_absorption_fade_10d_cl0.35:direction=all:first_target_points=0.5:stop_points=2:runner_target_points=1.5:runner_stop_mode=breakeven,delta_absorption_fade_10d_cl0.35,all,0.5,2,1.5,breakeven,176,176,176,49,127,60,67,0,0,127,0.72159091,-2125,-3357,-19.07386364,81,95,"two-contract post-signal scalp: one contract exits at first target, one runner uses selected stop mode and runner target"
1,signal_scaled_scalp:strategy=delta_absorption_fade_10d_cl0.35:direction=all:first_target_points=0.5:stop_points=2:runner_target_points=1.5:runner_stop_mode=initial,delta_absorption_fade_10d_cl0.35,all,0.5,2,1.5,initial,176,176,176,49,127,101,26,0,0,101,0.57386364,-1650,-2882,-16.375,81,95,"two-contract post-signal scalp: one contract exits at first target, one runner uses selected stop mode and runner target"
1,signal_scaled_scalp:strategy=delta_absorption_fade_10d_cl0.35:direction=all:first_target_points=0.5:stop_points=2:runner_target_points=2:runner_stop_mode=breakeven,delta_absorption_fade_10d_cl0.35,all,0.5,2,2,breakeven,176,176,176,49,127,48,79,0,0,127,0.72159091,-1825,-3057,-17.36931818,81,95,"two-contract post-signal scalp: one contract exits at first target, one runner uses selected stop mode and runner target"
1,signal_scaled_scalp:strategy=delta_absorption_fade_10d_cl0.35:direction=all:first_target_points=0.5:stop_points=2:runner_target_points=2:runner_stop_mode=initial,delta_absorption_fade_10d_cl0.35,all,0.5,2,2,initial,176,176,176,49,127,90,37,0,0,90,0.51136364,-1325,-2557,-14.52840909,81,95,"two-contract post-signal scalp: one contract exits at first target, one runner uses selected stop mode and runner target"
1,signal_scaled_scalp:strategy=delta_absorption_fade_10d_cl0.35:direction=all:first_target_points=0.5:stop_points=2:runner_target_points=3:runner_stop_mode=breakeven,delta_absorption_fade_10d_cl0.35,all,0.5,2,3,breakeven,176,176,176,49,127,33,94,0,0,127,0.72159091,-1675,-2907,-16.51704545,81,95,"two-contract post-signal scalp: one contract exits at first target, one runner uses selected stop mode and runner target"
1,signal_scaled_scalp:strategy=delta_absorption_fade_10d_cl0.35:direction=all:first_target_points=0.5:stop_points=2:runner_target_points=3:runner_stop_mode=initial,delta_absorption_fade_10d_cl0.35,all,0.5,2,3,initial,176,176,176,49,127,73,54,0,0,73,0.41477273,-1075,-2307,-13.10795455,81,95,"two-contract post-signal scalp: one contract exits at first target, one runner uses selected stop mode and runner target"
1,signal_scaled_scalp:strategy=delta_absorption_fade_10d_cl0.35:direction=all:first_target_points=0.5:stop_points=2:runner_target_points=5:runner_stop_mode=breakeven,delta_absorption_fade_10d_cl0.35,all,0.5,2,5,breakeven,176,176,176,49,127,22,105,0,0,127,0.72159091,-1125,-2357,-13.39204545,81,95,"two-contract post-signal scalp: one contract exits at first target, one runner uses selected stop mode and runner target"
1,signal_scaled_scalp:strategy=delta_absorption_fade_10d_cl0.35:direction=all:first_target_points=0.5:stop_points=2:runner_target_points=5:runner_stop_mode=initial,delta_absorption_fade_10d_cl0.35,all,0.5,2,5,initial,176,176,176,49,127,56,71,0,0,56,0.31818182,275,-957,-5.4375,81,95,"two-contract post-signal scalp: one contract exits at first target, one runner uses selected stop mode and runner target"
1,signal_scaled_scalp:strategy=delta_absorption_fade_10d_cl0.35:direction=all:first_target_points=1:stop_points=1:runner_target_points=1.5:runner_stop_mode=breakeven,delta_absorption_fade_10d_cl0.35,all,1,1,1.5,breakeven,176,176,176,91,85,63,22,0,0,85,0.48295455,-125,-1357,-7.71022727,81,95,"two-contract post-signal scalp: one contract exits at first target, one runner uses selected stop mode and runner target"
1,signal_scaled_scalp:strategy=delta_absorption_fade_10d_cl0.35:direction=all:first_target_points=1:stop_points=1:runner_target_points=1.5:runner_stop_mode=initial,delta_absorption_fade_10d_cl0.35,all,1,1,1.5,initial,176,176,176,91,85,69,16,0,0,69,0.39204545,-475,-1707,-9.69886364,81,95,"two-contract post-signal scalp: one contract exits at first target, one runner uses selected stop mode and runner target"
1,signal_scaled_scalp:strategy=delta_absorption_fade_10d_cl0.35:direction=all:first_target_points=1:stop_points=1:runner_target_points=2:runner_stop_mode=breakeven,delta_absorption_fade_10d_cl0.35,all,1,1,2,breakeven,176,176,176,91,85,46,39,0,0,85,0.48295455,-250,-1482,-8.42045455,81,95,"two-contract post-signal scalp: one contract exits at first target, one runner uses selected stop mode and runner target"
1,signal_scaled_scalp:strategy=delta_absorption_fade_10d_cl0.35:direction=all:first_target_points=1:stop_points=1:runner_target_points=2:runner_stop_mode=initial,delta_absorption_fade_10d_cl0.35,all,1,1,2,initial,176,176,176,91,85,57,28,0,0,57,0.32386364,-550,-1782,-10.125,81,95,"two-contract post-signal scalp: one contract exits at first target, one runner uses selected stop mode and runner target"
1,signal_scaled_scalp:strategy=delta_absorption_fade_10d_cl0.35:direction=all:first_target_points=1:stop_points=1:runner_target_points=3:runner_stop_mode=breakeven,delta_absorption_fade_10d_cl0.35,all,1,1,3,breakeven,176,176,176,91,85,31,54,0,0,85,0.48295455,-200,-1432,-8.13636364,81,95,"two-contract post-signal scalp: one contract exits at first target, one runner uses selected stop mode and runner target"
1,signal_scaled_scalp:strategy=delta_absorption_fade_10d_cl0.35:direction=all:first_target_points=1:stop_points=1:runner_target_points=3:runner_stop_mode=initial,delta_absorption_fade_10d_cl0.35,all,1,1,3,initial,176,176,176,91,85,43,42,0,0,43,0.24431818,-500,-1732,-9.84090909,81,95,"two-contract post-signal scalp: one contract exits at first target, one runner uses selected stop mode and runner target"
1,signal_scaled_scalp:strategy=delta_absorption_fade_10d_cl0.35:direction=all:first_target_points=1:stop_points=1:runner_target_points=5:runner_stop_mode=breakeven,delta_absorption_fade_10d_cl0.35,all,1,1,5,breakeven,176,176,176,91,85,22,63,0,0,85,0.48295455,650,-582,-3.30681818,81,95,"two-contract post-signal scalp: one contract exits at first target, one runner uses selected stop mode and runner target"
1,signal_scaled_scalp:strategy=delta_absorption_fade_10d_cl0.35:direction=all:first_target_points=1:stop_points=1:runner_target_points=5:runner_stop_mode=initial,delta_absorption_fade_10d_cl0.35,all,1,1,5,initial,176,176,176,91,85,34,51,0,0,34,0.19318182,1100,-132,-0.75,81,95,"two-contract post-signal scalp: one contract exits at first target, one runner uses selected stop mode and runner target"
1,signal_scaled_scalp:strategy=delta_absorption_fade_10d_cl0.35:direction=all:first_target_points=1:stop_points=1.5:runner_target_points=1.5:runner_stop_mode=breakeven,delta_absorption_fade_10d_cl0.35,all,1,1.5,1.5,breakeven,176,176,176,75,101,74,27,0,0,101,0.57386364,-650,-1882,-10.69318182,81,95,"two-contract post-signal scalp: one contract exits at first target, one runner uses selected stop mode and runner target"
1,signal_scaled_scalp:strategy=delta_absorption_fade_10d_cl0.35:direction=all:first_target_points=1:stop_points=1.5:runner_target_points=1.5:runner_stop_mode=initial,delta_absorption_fade_10d_cl0.35,all,1,1.5,1.5,initial,176,176,176,75,101,86,15,0,0,86,0.48863636,-875,-2107,-11.97159091,81,95,"two-contract post-signal scalp: one contract exits at first target, one runner uses selected stop mode and runner target"
1,signal_scaled_scalp:strategy=delta_absorption_fade_10d_cl0.35:direction=all:first_target_points=1:stop_points=1.5:runner_target_points=2:runner_stop_mode=breakeven,delta_absorption_fade_10d_cl0.35,all,1,1.5,2,breakeven,176,176,176,75,101,55,46,0,0,101,0.57386364,-700,-1932,-10.97727273,81,95,"two-contract post-signal scalp: one contract exits at first target, one runner uses selected stop mode and runner target"
1,signal_scaled_scalp:strategy=delta_absorption_fade_10d_cl0.35:direction=all:first_target_points=1:stop_points=1.5:runner_target_points=2:runner_stop_mode=initial,delta_absorption_fade_10d_cl0.35,all,1,1.5,2,initial,176,176,176,75,101,74,27,0,0,74,0.42045455,-825,-2057,-11.6875,81,95,"two-contract post-signal scalp: one contract exits at first target, one runner uses selected stop mode and runner target"
1,signal_scaled_scalp:strategy=delta_absorption_fade_10d_cl0.35:direction=all:first_target_points=1:stop_points=1.5:runner_target_points=3:runner_stop_mode=breakeven,delta_absorption_fade_10d_cl0.35,all,1,1.5,3,breakeven,176,176,176,75,101,39,62,0,0,101,0.57386364,-350,-1582,-8.98863636,81,95,"two-contract post-signal scalp: one contract exits at first target, one runner uses selected stop mode and runner target"
1,signal_scaled_scalp:strategy=delta_absorption_fade_10d_cl0.35:direction=all:first_target_points=1:stop_points=1.5:runner_target_points=3:runner_stop_mode=initial,delta_absorption_fade_10d_cl0.35,all,1,1.5,3,initial,176,176,176,75,101,58,43,0,0,58,0.32954545,-725,-1957,-11.11931818,81,95,"two-contract post-signal scalp: one contract exits at first target, one runner uses selected stop mode and runner target"
1,signal_scaled_scalp:strategy=delta_absorption_fade_10d_cl0.35:direction=all:first_target_points=1:stop_points=1.5:runner_target_points=5:runner_stop_mode=breakeven,delta_absorption_fade_10d_cl0.35,all,1,1.5,5,breakeven,176,176,176,75,101,25,76,0,0,101,0.57386364,50,-1182,-6.71590909,81,95,"two-contract post-signal scalp: one contract exits at first target, one runner uses selected stop mode and runner target"
1,signal_scaled_scalp:strategy=delta_absorption_fade_10d_cl0.35:direction=all:first_target_points=1:stop_points=1.5:runner_target_points=5:runner_stop_mode=initial,delta_absorption_fade_10d_cl0.35,all,1,1.5,5,initial,176,176,176,75,101,43,58,0,0,43,0.24431818,200,-1032,-5.86363636,81,95,"two-contract post-signal scalp: one contract exits at first target, one runner uses selected stop mode and runner target"
1,signal_scaled_scalp:strategy=delta_absorption_fade_10d_cl0.35:direction=all:first_target_points=1:stop_points=2:runner_target_points=1.5:runner_stop_mode=breakeven,delta_absorption_fade_10d_cl0.35,all,1,2,1.5,breakeven,176,176,176,60,116,80,36,0,0,116,0.65909091,-200,-1432,-8.13636364,81,95,"two-contract post-signal scalp: one contract exits at first target, one runner uses selected stop mode and runner target"
1,signal_scaled_scalp:strategy=delta_absorption_fade_10d_cl0.35:direction=all:first_target_points=1:stop_points=2:runner_target_points=1.5:runner_stop_mode=initial,delta_absorption_fade_10d_cl0.35,all,1,2,1.5,initial,176,176,176,60,116,101,15,0,0,101,0.57386364,-125,-1357,-7.71022727,81,95,"two-contract post-signal scalp: one contract exits at first target, one runner uses selected stop mode and runner target"
1,signal_scaled_scalp:strategy=delta_absorption_fade_10d_cl0.35:direction=all:first_target_points=1:stop_points=2:runner_target_points=2:runner_stop_mode=breakeven,delta_absorption_fade_10d_cl0.35,all,1,2,2,breakeven,176,176,176,60,116,59,57,0,0,116,0.65909091,-300,-1532,-8.70454545,81,95,"two-contract post-signal scalp: one contract exits at first target, one runner uses selected stop mode and runner target"
1,signal_scaled_scalp:strategy=delta_absorption_fade_10d_cl0.35:direction=all:first_target_points=1:stop_points=2:runner_target_points=2:runner_stop_mode=initial,delta_absorption_fade_10d_cl0.35,all,1,2,2,initial,176,176,176,60,116,90,26,0,0,90,0.51136364,200,-1032,-5.86363636,81,95,"two-contract post-signal scalp: one contract exits at first target, one runner uses selected stop mode and runner target"
1,signal_scaled_scalp:strategy=delta_absorption_fade_10d_cl0.35:direction=all:first_target_points=1:stop_points=2:runner_target_points=3:runner_stop_mode=breakeven,delta_absorption_fade_10d_cl0.35,all,1,2,3,breakeven,176,176,176,60,116,43,73,0,0,116,0.65909091,250,-982,-5.57954545,81,95,"two-contract post-signal scalp: one contract exits at first target, one runner uses selected stop mode and runner target"
1,signal_scaled_scalp:strategy=delta_absorption_fade_10d_cl0.35:direction=all:first_target_points=1:stop_points=2:runner_target_points=3:runner_stop_mode=initial,delta_absorption_fade_10d_cl0.35,all,1,2,3,initial,176,176,176,60,116,73,43,0,0,73,0.41477273,450,-782,-4.44318182,81,95,"two-contract post-signal scalp: one contract exits at first target, one runner uses selected stop mode and runner target"
1,signal_scaled_scalp:strategy=delta_absorption_fade_10d_cl0.35:direction=all:first_target_points=1:stop_points=2:runner_target_points=5:runner_stop_mode=breakeven,delta_absorption_fade_10d_cl0.35,all,1,2,5,breakeven,176,176,176,60,116,28,88,0,0,116,0.65909091,800,-432,-2.45454545,81,95,"two-contract post-signal scalp: one contract exits at first target, one runner uses selected stop mode and runner target"
1,signal_scaled_scalp:strategy=delta_absorption_fade_10d_cl0.35:direction=all:first_target_points=1:stop_points=2:runner_target_points=5:runner_stop_mode=initial,delta_absorption_fade_10d_cl0.35,all,1,2,5,initial,176,176,176,60,116,56,60,0,0,56,0.31818182,1800,568,3.22727273,81,95,"two-contract post-signal scalp: one contract exits at first target, one runner uses selected stop mode and runner target"
1,signal_scaled_scalp:strategy=delta_absorption_fade_10d_cl0.35:direction=all:first_target_points=1.5:stop_points=1:runner_target_points=2:runner_stop_mode=breakeven,delta_absorption_fade_10d_cl0.35,all,1.5,1,2,breakeven,176,176,176,107,69,49,20,0,0,69,0.39204545,-625,-1857,-10.55113636,81,95,"two-contract post-signal scalp: one contract exits at first target, one runner uses selected stop mode and runner target"
1,signal_scaled_scalp:strategy=delta_absorption_fade_10d_cl0.35:direction=all:first_target_points=1.5:stop_points=1:runner_target_points=2:runner_stop_mode=initial,delta_absorption_fade_10d_cl0.35,all,1.5,1,2,initial,176,176,176,107,69,57,12,0,0,69,0.39204545,-425,-1657,-9.41477273,81,95,"two-contract post-signal scalp: one contract exits at first target, one runner uses selected stop mode and runner target"
1,signal_scaled_scalp:strategy=delta_absorption_fade_10d_cl0.35:direction=all:first_target_points=1.5:stop_points=1:runner_target_points=3:runner_stop_mode=breakeven,delta_absorption_fade_10d_cl0.35,all,1.5,1,3,breakeven,176,176,176,107,69,34,35,0,0,69,0.39204545,-425,-1657,-9.41477273,81,95,"two-contract post-signal scalp: one contract exits at first target, one runner uses selected stop mode and runner target"
1,signal_scaled_scalp:strategy=delta_absorption_fade_10d_cl0.35:direction=all:first_target_points=1.5:stop_points=1:runner_target_points=3:runner_stop_mode=initial,delta_absorption_fade_10d_cl0.35,all,1.5,1,3,initial,176,176,176,107,69,43,26,0,0,69,0.39204545,-375,-1607,-9.13068182,81,95,"two-contract post-signal scalp: one contract exits at first target, one runner uses selected stop mode and runner target"
1,signal_scaled_scalp:strategy=delta_absorption_fade_10d_cl0.35:direction=all:first_target_points=1.5:stop_points=1:runner_target_points=5:runner_stop_mode=breakeven,delta_absorption_fade_10d_cl0.35,all,1.5,1,5,breakeven,176,176,176,107,69,24,45,0,0,69,0.39204545,475,-757,-4.30113636,81,95,"two-contract post-signal scalp: one contract exits at first target, one runner uses selected stop mode and runner target"
1,signal_scaled_scalp:strategy=delta_absorption_fade_10d_cl0.35:direction=all:first_target_points=1.5:stop_points=1:runner_target_points=5:runner_stop_mode=initial,delta_absorption_fade_10d_cl0.35,all,1.5,1,5,initial,176,176,176,107,69,34,35,0,0,69,0.39204545,1225,-7,-0.03977273,81,95,"two-contract post-signal scalp: one contract exits at first target, one runner uses selected stop mode and runner target"
1,signal_scaled_scalp:strategy=delta_absorption_fade_10d_cl0.35:direction=all:first_target_points=1.5:stop_points=1.5:runner_target_points=2:runner_stop_mode=breakeven,delta_absorption_fade_10d_cl0.35,all,1.5,1.5,2,breakeven,176,176,176,90,86,63,23,0,0,86,0.48863636,-750,-1982,-11.26136364,81,95,"two-contract post-signal scalp: one contract exits at first target, one runner uses selected stop mode and runner target"
1,signal_scaled_scalp:strategy=delta_absorption_fade_10d_cl0.35:direction=all:first_target_points=1.5:stop_points=1.5:runner_target_points=2:runner_stop_mode=initial,delta_absorption_fade_10d_cl0.35,all,1.5,1.5,2,initial,176,176,176,90,86,74,12,0,0,74,0.42045455,-550,-1782,-10.125,81,95,"two-contract post-signal scalp: one contract exits at first target, one runner uses selected stop mode and runner target"
1,signal_scaled_scalp:strategy=delta_absorption_fade_10d_cl0.35:direction=all:first_target_points=1.5:stop_points=1.5:runner_target_points=3:runner_stop_mode=breakeven,delta_absorption_fade_10d_cl0.35,all,1.5,1.5,3,breakeven,176,176,176,90,86,44,42,0,0,86,0.48863636,-450,-1682,-9.55681818,81,95,"two-contract post-signal scalp: one contract exits at first target, one runner uses selected stop mode and runner target"
1,signal_scaled_scalp:strategy=delta_absorption_fade_10d_cl0.35:direction=all:first_target_points=1.5:stop_points=1.5:runner_target_points=3:runner_stop_mode=initial,delta_absorption_fade_10d_cl0.35,all,1.5,1.5,3,initial,176,176,176,90,86,58,28,0,0,58,0.32954545,-450,-1682,-9.55681818,81,95,"two-contract post-signal scalp: one contract exits at first target, one runner uses selected stop mode and runner target"
1,signal_scaled_scalp:strategy=delta_absorption_fade_10d_cl0.35:direction=all:first_target_points=1.5:stop_points=1.5:runner_target_points=5:runner_stop_mode=breakeven,delta_absorption_fade_10d_cl0.35,all,1.5,1.5,5,breakeven,176,176,176,90,86,27,59,0,0,86,0.48863636,-300,-1532,-8.70454545,81,95,"two-contract post-signal scalp: one contract exits at first target, one runner uses selected stop mode and runner target"
1,signal_scaled_scalp:strategy=delta_absorption_fade_10d_cl0.35:direction=all:first_target_points=1.5:stop_points=1.5:runner_target_points=5:runner_stop_mode=initial,delta_absorption_fade_10d_cl0.35,all,1.5,1.5,5,initial,176,176,176,90,86,43,43,0,0,43,0.24431818,475,-757,-4.30113636,81,95,"two-contract post-signal scalp: one contract exits at first target, one runner uses selected stop mode and runner target"
1,signal_scaled_scalp:strategy=delta_absorption_fade_10d_cl0.35:direction=all:first_target_points=1.5:stop_points=2:runner_target_points=2:runner_stop_mode=breakeven,delta_absorption_fade_10d_cl0.35,all,1.5,2,2,breakeven,176,176,176,75,101,75,26,0,0,101,0.57386364,75,-1157,-6.57386364,81,95,"two-contract post-signal scalp: one contract exits at first target, one runner uses selected stop mode and runner target"
1,signal_scaled_scalp:strategy=delta_absorption_fade_10d_cl0.35:direction=all:first_target_points=1.5:stop_points=2:runner_target_points=2:runner_stop_mode=initial,delta_absorption_fade_10d_cl0.35,all,1.5,2,2,initial,176,176,176,75,101,90,11,0,0,90,0.51136364,475,-757,-4.30113636,81,95,"two-contract post-signal scalp: one contract exits at first target, one runner uses selected stop mode and runner target"
1,signal_scaled_scalp:strategy=delta_absorption_fade_10d_cl0.35:direction=all:first_target_points=1.5:stop_points=2:runner_target_points=3:runner_stop_mode=breakeven,delta_absorption_fade_10d_cl0.35,all,1.5,2,3,breakeven,176,176,176,75,101,54,47,0,0,101,0.57386364,675,-557,-3.16477273,81,95,"two-contract post-signal scalp: one contract exits at first target, one runner uses selected stop mode and runner target"
1,signal_scaled_scalp:strategy=delta_absorption_fade_10d_cl0.35:direction=all:first_target_points=1.5:stop_points=2:runner_target_points=3:runner_stop_mode=initial,delta_absorption_fade_10d_cl0.35,all,1.5,2,3,initial,176,176,176,75,101,73,28,0,0,73,0.41477273,725,-507,-2.88068182,81,95,"two-contract post-signal scalp: one contract exits at first target, one runner uses selected stop mode and runner target"
1,signal_scaled_scalp:strategy=delta_absorption_fade_10d_cl0.35:direction=all:first_target_points=1.5:stop_points=2:runner_target_points=5:runner_stop_mode=breakeven,delta_absorption_fade_10d_cl0.35,all,1.5,2,5,breakeven,176,176,176,75,101,34,67,0,0,101,0.57386364,1075,-157,-0.89204545,81,95,"two-contract post-signal scalp: one contract exits at first target, one runner uses selected stop mode and runner target"
1,signal_scaled_scalp:strategy=delta_absorption_fade_10d_cl0.35:direction=all:first_target_points=1.5:stop_points=2:runner_target_points=5:runner_stop_mode=initial,delta_absorption_fade_10d_cl0.35,all,1.5,2,5,initial,176,176,176,75,101,56,45,0,0,56,0.31818182,2075,843,4.78977273,81,95,"two-contract post-signal scalp: one contract exits at first target, one runner uses selected stop mode and runner target"
1,signal_scaled_scalp:strategy=delta_absorption_fade_20d_cl0.35:direction=all:first_target_points=0.5:stop_points=1:runner_target_points=1.5:runner_stop_mode=breakeven,delta_absorption_fade_20d_cl0.35,all,0.5,1,1.5,breakeven,145,145,145,70,75,41,34,0,0,75,0.51724138,-2050,-3065,-21.13793103,67,78,"two-contract post-signal scalp: one contract exits at first target, one runner uses selected stop mode and runner target"
1,signal_scaled_scalp:strategy=delta_absorption_fade_20d_cl0.35:direction=all:first_target_points=0.5:stop_points=1:runner_target_points=1.5:runner_stop_mode=initial,delta_absorption_fade_20d_cl0.35,all,0.5,1,1.5,initial,145,145,145,70,75,50,25,0,0,50,0.34482759,-2625,-3640,-25.10344828,67,78,"two-contract post-signal scalp: one contract exits at first target, one runner uses selected stop mode and runner target"
1,signal_scaled_scalp:strategy=delta_absorption_fade_20d_cl0.35:direction=all:first_target_points=0.5:stop_points=1:runner_target_points=2:runner_stop_mode=breakeven,delta_absorption_fade_20d_cl0.35,all,0.5,1,2,breakeven,145,145,145,70,75,28,47,0,0,75,0.51724138,-2325,-3340,-23.03448276,67,78,"two-contract post-signal scalp: one contract exits at first target, one runner uses selected stop mode and runner target"
1,signal_scaled_scalp:strategy=delta_absorption_fade_20d_cl0.35:direction=all:first_target_points=0.5:stop_points=1:runner_target_points=2:runner_stop_mode=initial,delta_absorption_fade_20d_cl0.35,all,0.5,1,2,initial,145,145,145,70,75,35,40,0,0,35,0.24137931,-3625,-4640,-32,67,78,"two-contract post-signal scalp: one contract exits at first target, one runner uses selected stop mode and runner target"
1,signal_scaled_scalp:strategy=delta_absorption_fade_20d_cl0.35:direction=all:first_target_points=0.5:stop_points=1:runner_target_points=3:runner_stop_mode=breakeven,delta_absorption_fade_20d_cl0.35,all,0.5,1,3,breakeven,145,145,145,70,75,19,56,0,0,75,0.51724138,-2275,-3290,-22.68965517,67,78,"two-contract post-signal scalp: one contract exits at first target, one runner uses selected stop mode and runner target"
1,signal_scaled_scalp:strategy=delta_absorption_fade_20d_cl0.35:direction=all:first_target_points=0.5:stop_points=1:runner_target_points=3:runner_stop_mode=initial,delta_absorption_fade_20d_cl0.35,all,0.5,1,3,initial,145,145,145,70,75,23,52,0,0,23,0.15862069,-4275,-5290,-36.48275862,67,78,"two-contract post-signal scalp: one contract exits at first target, one runner uses selected stop mode and runner target"
1,signal_scaled_scalp:strategy=delta_absorption_fade_20d_cl0.35:direction=all:first_target_points=0.5:stop_points=1:runner_target_points=5:runner_stop_mode=breakeven,delta_absorption_fade_20d_cl0.35,all,0.5,1,5,breakeven,145,145,145,70,75,13,62,0,0,75,0.51724138,-1875,-2890,-19.93103448,67,78,"two-contract post-signal scalp: one contract exits at first target, one runner uses selected stop mode and runner target"
1,signal_scaled_scalp:strategy=delta_absorption_fade_20d_cl0.35:direction=all:first_target_points=0.5:stop_points=1:runner_target_points=5:runner_stop_mode=initial,delta_absorption_fade_20d_cl0.35,all,0.5,1,5,initial,145,145,145,70,75,17,58,0,0,17,0.11724138,-3775,-4790,-33.03448276,67,78,"two-contract post-signal scalp: one contract exits at first target, one runner uses selected stop mode and runner target"
1,signal_scaled_scalp:strategy=delta_absorption_fade_20d_cl0.35:direction=all:first_target_points=0.5:stop_points=1.5:runner_target_points=1.5:runner_stop_mode=breakeven,delta_absorption_fade_20d_cl0.35,all,0.5,1.5,1.5,breakeven,145,145,145,54,91,46,45,0,0,91,0.62758621,-2375,-3390,-23.37931034,67,78,"two-contract post-signal scalp: one contract exits at first target, one runner uses selected stop mode and runner target"
1,signal_scaled_scalp:strategy=delta_absorption_fade_20d_cl0.35:direction=all:first_target_points=0.5:stop_points=1.5:runner_target_points=1.5:runner_stop_mode=initial,delta_absorption_fade_20d_cl0.35,all,0.5,1.5,1.5,initial,145,145,145,54,91,62,29,0,0,62,0.42758621,-3350,-4365,-30.10344828,67,78,"two-contract post-signal scalp: one contract exits at first target, one runner uses selected stop mode and runner target"
1,signal_scaled_scalp:strategy=delta_absorption_fade_20d_cl0.35:direction=all:first_target_points=0.5:stop_points=1.5:runner_target_points=2:runner_stop_mode=breakeven,delta_absorption_fade_20d_cl0.35,all,0.5,1.5,2,breakeven,145,145,145,54,91,30,61,0,0,91,0.62758621,-2825,-3840,-26.48275862,67,78,"two-contract post-signal scalp: one contract exits at first target, one runner uses selected stop mode and runner target"
1,signal_scaled_scalp:strategy=delta_absorption_fade_20d_cl0.35:direction=all:first_target_points=0.5:stop_points=1.5:runner_target_points=2:runner_stop_mode=initial,delta_absorption_fade_20d_cl0.35,all,0.5,1.5,2,initial,145,145,145,54,91,47,44,0,0,47,0.32413793,-4425,-5440,-37.51724138,67,78,"two-contract post-signal scalp: one contract exits at first target, one runner uses selected stop mode and runner target"
1,signal_scaled_scalp:strategy=delta_absorption_fade_20d_cl0.35:direction=all:first_target_points=0.5:stop_points=1.5:runner_target_points=3:runner_stop_mode=breakeven,delta_absorption_fade_20d_cl0.35,all,0.5,1.5,3,breakeven,145,145,145,54,91,20,71,0,0,91,0.62758621,-2825,-3840,-26.48275862,67,78,"two-contract post-signal scalp: one contract exits at first target, one runner uses selected stop mode and runner target"
1,signal_scaled_scalp:strategy=delta_absorption_fade_20d_cl0.35:direction=all:first_target_points=0.5:stop_points=1.5:runner_target_points=3:runner_stop_mode=initial,delta_absorption_fade_20d_cl0.35,all,0.5,1.5,3,initial,145,145,145,54,91,32,59,0,0,32,0.22068966,-5450,-6465,-44.5862069,67,78,"two-contract post-signal scalp: one contract exits at first target, one runner uses selected stop mode and runner target"
1,signal_scaled_scalp:strategy=delta_absorption_fade_20d_cl0.35:direction=all:first_target_points=0.5:stop_points=1.5:runner_target_points=5:runner_stop_mode=breakeven,delta_absorption_fade_20d_cl0.35,all,0.5,1.5,5,breakeven,145,145,145,54,91,14,77,0,0,91,0.62758621,-2325,-3340,-23.03448276,67,78,"two-contract post-signal scalp: one contract exits at first target, one runner uses selected stop mode and runner target"
1,signal_scaled_scalp:strategy=delta_absorption_fade_20d_cl0.35:direction=all:first_target_points=0.5:stop_points=1.5:runner_target_points=5:runner_stop_mode=initial,delta_absorption_fade_20d_cl0.35,all,0.5,1.5,5,initial,145,145,145,54,91,23,68,0,0,23,0.15862069,-5175,-6190,-42.68965517,67,78,"two-contract post-signal scalp: one contract exits at first target, one runner uses selected stop mode and runner target"
1,signal_scaled_scalp:strategy=delta_absorption_fade_20d_cl0.35:direction=all:first_target_points=0.5:stop_points=2:runner_target_points=1.5:runner_stop_mode=breakeven,delta_absorption_fade_20d_cl0.35,all,0.5,2,1.5,breakeven,145,145,145,44,101,49,52,0,0,101,0.69655172,-2600,-3615,-24.93103448,67,78,"two-contract post-signal scalp: one contract exits at first target, one runner uses selected stop mode and runner target"
1,signal_scaled_scalp:strategy=delta_absorption_fade_20d_cl0.35:direction=all:first_target_points=0.5:stop_points=2:runner_target_points=1.5:runner_stop_mode=initial,delta_absorption_fade_20d_cl0.35,all,0.5,2,1.5,initial,145,145,145,44,101,74,27,0,0,74,0.51034483,-3425,-4440,-30.62068966,67,78,"two-contract post-signal scalp: one contract exits at first target, one runner uses selected stop mode and runner target"
1,signal_scaled_scalp:strategy=delta_absorption_fade_20d_cl0.35:direction=all:first_target_points=0.5:stop_points=2:runner_target_points=2:runner_stop_mode=breakeven,delta_absorption_fade_20d_cl0.35,all,0.5,2,2,breakeven,145,145,145,44,101,33,68,0,0,101,0.69655172,-2975,-3990,-27.51724138,67,78,"two-contract post-signal scalp: one contract exits at first target, one runner uses selected stop mode and runner target"
1,signal_scaled_scalp:strategy=delta_absorption_fade_20d_cl0.35:direction=all:first_target_points=0.5:stop_points=2:runner_target_points=2:runner_stop_mode=initial,delta_absorption_fade_20d_cl0.35,all,0.5,2,2,initial,145,145,145,44,101,62,39,0,0,62,0.42758621,-3975,-4990,-34.4137931,67,78,"two-contract post-signal scalp: one contract exits at first target, one runner uses selected stop mode and runner target"
1,signal_scaled_scalp:strategy=delta_absorption_fade_20d_cl0.35:direction=all:first_target_points=0.5:stop_points=2:runner_target_points=3:runner_stop_mode=breakeven,delta_absorption_fade_20d_cl0.35,all,0.5,2,3,breakeven,145,145,145,44,101,23,78,0,0,101,0.69655172,-2825,-3840,-26.48275862,67,78,"two-contract post-signal scalp: one contract exits at first target, one runner uses selected stop mode and runner target"
1,signal_scaled_scalp:strategy=delta_absorption_fade_20d_cl0.35:direction=all:first_target_points=0.5:stop_points=2:runner_target_points=3:runner_stop_mode=initial,delta_absorption_fade_20d_cl0.35,all,0.5,2,3,initial,145,145,145,44,101,44,57,0,0,44,0.30344828,-5375,-6390,-44.06896552,67,78,"two-contract post-signal scalp: one contract exits at first target, one runner uses selected stop mode and runner target"
1,signal_scaled_scalp:strategy=delta_absorption_fade_20d_cl0.35:direction=all:first_target_points=0.5:stop_points=2:runner_target_points=5:runner_stop_mode=breakeven,delta_absorption_fade_20d_cl0.35,all,0.5,2,5,breakeven,145,145,145,44,101,15,86,0,0,101,0.69655172,-2525,-3540,-24.4137931,67,78,"two-contract post-signal scalp: one contract exits at first target, one runner uses selected stop mode and runner target"
1,signal_scaled_scalp:strategy=delta_absorption_fade_20d_cl0.35:direction=all:first_target_points=0.5:stop_points=2:runner_target_points=5:runner_stop_mode=initial,delta_absorption_fade_20d_cl0.35,all,0.5,2,5,initial,145,145,145,44,101,33,68,0,0,33,0.22758621,-4825,-5840,-40.27586207,67,78,"two-contract post-signal scalp: one contract exits at first target, one runner uses selected stop mode and runner target"
1,signal_scaled_scalp:strategy=delta_absorption_fade_20d_cl0.35:direction=all:first_target_points=1:stop_points=1:runner_target_points=1.5:runner_stop_mode=breakeven,delta_absorption_fade_20d_cl0.35,all,1,1,1.5,breakeven,145,145,145,79,66,45,21,0,0,66,0.45517241,-1225,-2240,-15.44827586,67,78,"two-contract post-signal scalp: one contract exits at first target, one runner uses selected stop mode and runner target"
1,signal_scaled_scalp:strategy=delta_absorption_fade_20d_cl0.35:direction=all:first_target_points=1:stop_points=1:runner_target_points=1.5:runner_stop_mode=initial,delta_absorption_fade_20d_cl0.35,all,1,1,1.5,initial,145,145,145,79,66,50,16,0,0,50,0.34482759,-1650,-2665,-18.37931034,67,78,"two-contract post-signal scalp: one contract exits at first target, one runner uses selected stop mode and runner target"
1,signal_scaled_scalp:strategy=delta_absorption_fade_20d_cl0.35:direction=all:first_target_points=1:stop_points=1:runner_target_points=2:runner_stop_mode=breakeven,delta_absorption_fade_20d_cl0.35,all,1,1,2,breakeven,145,145,145,79,66,30,36,0,0,66,0.45517241,-1600,-2615,-18.03448276,67,78,"two-contract post-signal scalp: one contract exits at first target, one runner uses selected stop mode and runner target"
1,signal_scaled_scalp:strategy=delta_absorption_fade_20d_cl0.35:direction=all:first_target_points=1:stop_points=1:runner_target_points=2:runner_stop_mode=initial,delta_absorption_fade_20d_cl0.35,all,1,1,2,initial,145,145,145,79,66,35,31,0,0,35,0.24137931,-2650,-3665,-25.27586207,67,78,"two-contract post-signal scalp: one contract exits at first target, one runner uses selected stop mode and runner target"
1,signal_scaled_scalp:strategy=delta_absorption_fade_20d_cl0.35:direction=all:first_target_points=1:stop_points=1:runner_target_points=3:runner_stop_mode=breakeven,delta_absorption_fade_20d_cl0.35,all,1,1,3,breakeven,145,145,145,79,66,19,47,0,0,66,0.45517241,-1750,-2765,-19.06896552,67,78,"two-contract post-signal scalp: one contract exits at first target, one runner uses selected stop mode and runner target"
1,signal_scaled_scalp:strategy=delta_absorption_fade_20d_cl0.35:direction=all:first_target_points=1:stop_points=1:runner_target_points=3:runner_stop_mode=initial,delta_absorption_fade_20d_cl0.35,all,1,1,3,initial,145,145,145,79,66,23,43,0,0,23,0.15862069,-3300,-4315,-29.75862069,67,78,"two-contract post-signal scalp: one contract exits at first target, one runner uses selected stop mode and runner target"
1,signal_scaled_scalp:strategy=delta_absorption_fade_20d_cl0.35:direction=all:first_target_points=1:stop_points=1:runner_target_points=5:runner_stop_mode=breakeven,delta_absorption_fade_20d_cl0.35,all,1,1,5,breakeven,145,145,145,79,66,13,53,0,0,66,0.45517241,-1350,-2365,-16.31034483,67,78,"two-contract post-signal scalp: one contract exits at first target, one runner uses selected stop mode and runner target"
1,signal_scaled_scalp:strategy=delta_absorption_fade_20d_cl0.35:direction=all:first_target_points=1:stop_points=1:runner_target_points=5:runner_stop_mode=initial,delta_absorption_fade_20d_cl0.35,all,1,1,5,initial,145,145,145,79,66,17,49,0,0,17,0.11724138,-2800,-3815,-26.31034483,67,78,"two-contract post-signal scalp: one contract exits at first target, one runner uses selected stop mode and runner target"
1,signal_scaled_scalp:strategy=delta_absorption_fade_20d_cl0.35:direction=all:first_target_points=1:stop_points=1.5:runner_target_points=1.5:runner_stop_mode=breakeven,delta_absorption_fade_20d_cl0.35,all,1,1.5,1.5,breakeven,145,145,145,66,79,52,27,0,0,79,0.54482759,-2050,-3065,-21.13793103,67,78,"two-contract post-signal scalp: one contract exits at first target, one runner uses selected stop mode and runner target"
1,signal_scaled_scalp:strategy=delta_absorption_fade_20d_cl0.35:direction=all:first_target_points=1:stop_points=1.5:runner_target_points=1.5:runner_stop_mode=initial,delta_absorption_fade_20d_cl0.35,all,1,1.5,1.5,initial,145,145,145,66,79,62,17,0,0,62,0.42758621,-2575,-3590,-24.75862069,67,78,"two-contract post-signal scalp: one contract exits at first target, one runner uses selected stop mode and runner target"
1,signal_scaled_scalp:strategy=delta_absorption_fade_20d_cl0.35:direction=all:first_target_points=1:stop_points=1.5:runner_target_points=2:runner_stop_mode=breakeven,delta_absorption_fade_20d_cl0.35,all,1,1.5,2,breakeven,145,145,145,66,79,34,45,0,0,79,0.54482759,-2550,-3565,-24.5862069,67,78,"two-contract post-signal scalp: one contract exits at first target, one runner uses selected stop mode and runner target"
1,signal_scaled_scalp:strategy=delta_absorption_fade_20d_cl0.35:direction=all:first_target_points=1:stop_points=1.5:runner_target_points=2:runner_stop_mode=initial,delta_absorption_fade_20d_cl0.35,all,1,1.5,2,initial,145,145,145,66,79,47,32,0,0,47,0.32413793,-3650,-4665,-32.17241379,67,78,"two-contract post-signal scalp: one contract exits at first target, one runner uses selected stop mode and runner target"
1,signal_scaled_scalp:strategy=delta_absorption_fade_20d_cl0.35:direction=all:first_target_points=1:stop_points=1.5:runner_target_points=3:runner_stop_mode=breakeven,delta_absorption_fade_20d_cl0.35,all,1,1.5,3,breakeven,145,145,145,66,79,21,58,0,0,79,0.54482759,-2800,-3815,-26.31034483,67,78,"two-contract post-signal scalp: one contract exits at first target, one runner uses selected stop mode and runner target"
1,signal_scaled_scalp:strategy=delta_absorption_fade_20d_cl0.35:direction=all:first_target_points=1:stop_points=1.5:runner_target_points=3:runner_stop_mode=initial,delta_absorption_fade_20d_cl0.35,all,1,1.5,3,initial,145,145,145,66,79,32,47,0,0,32,0.22068966,-4675,-5690,-39.24137931,67,78,"two-contract post-signal scalp: one contract exits at first target, one runner uses selected stop mode and runner target"
1,signal_scaled_scalp:strategy=delta_absorption_fade_20d_cl0.35:direction=all:first_target_points=1:stop_points=1.5:runner_target_points=5:runner_stop_mode=breakeven,delta_absorption_fade_20d_cl0.35,all,1,1.5,5,breakeven,145,145,145,66,79,14,65,0,0,79,0.54482759,-2450,-3465,-23.89655172,67,78,"two-contract post-signal scalp: one contract exits at first target, one runner uses selected stop mode and runner target"
1,signal_scaled_scalp:strategy=delta_absorption_fade_20d_cl0.35:direction=all:first_target_points=1:stop_points=1.5:runner_target_points=5:runner_stop_mode=initial,delta_absorption_fade_20d_cl0.35,all,1,1.5,5,initial,145,145,145,66,79,23,56,0,0,23,0.15862069,-4400,-5415,-37.34482759,67,78,"two-contract post-signal scalp: one contract exits at first target, one runner uses selected stop mode and runner target"
1,signal_scaled_scalp:strategy=delta_absorption_fade_20d_cl0.35:direction=all:first_target_points=1:stop_points=2:runner_target_points=1.5:runner_stop_mode=breakeven,delta_absorption_fade_20d_cl0.35,all,1,2,1.5,breakeven,145,145,145,56,89,59,30,0,0,89,0.6137931,-2325,-3340,-23.03448276,67,78,"two-contract post-signal scalp: one contract exits at first target, one runner uses selected stop mode and runner target"
1,signal_scaled_scalp:strategy=delta_absorption_fade_20d_cl0.35:direction=all:first_target_points=1:stop_points=2:runner_target_points=1.5:runner_stop_mode=initial,delta_absorption_fade_20d_cl0.35,all,1,2,1.5,initial,145,145,145,56,89,74,15,0,0,74,0.51034483,-2700,-3715,-25.62068966,67,78,"two-contract post-signal scalp: one contract exits at first target, one runner uses selected stop mode and runner target"
1,signal_scaled_scalp:strategy=delta_absorption_fade_20d_cl0.35:direction=all:first_target_points=1:stop_points=2:runner_target_points=2:runner_stop_mode=breakeven,delta_absorption_fade_20d_cl0.35,all,1,2,2,breakeven,145,145,145,56,89,39,50,0,0,89,0.6137931,-2850,-3865,-26.65517241,67,78,"two-contract post-signal scalp: one contract exits at first target, one runner uses selected stop mode and runner target"
1,signal_scaled_scalp:strategy=delta_absorption_fade_20d_cl0.35:direction=all:first_target_points=1:stop_points=2:runner_target_points=2:runner_stop_mode=initial,delta_absorption_fade_20d_cl0.35,all,1,2,2,initial,145,145,145,56,89,62,27,0,0,62,0.42758621,-3250,-4265,-29.4137931,67,78,"two-contract post-signal scalp: one contract exits at first target, one runner uses selected stop mode and runner target"
1,signal_scaled_scalp:strategy=delta_absorption_fade_20d_cl0.35:direction=all:first_target_points=1:stop_points=2:runner_target_points=3:runner_stop_mode=breakeven,delta_absorption_fade_20d_cl0.35,all,1,2,3,breakeven,145,145,145,56,89,25,64,0,0,89,0.6137931,-3000,-4015,-27.68965517,67,78,"two-contract post-signal scalp: one contract exits at first target, one runner uses selected stop mode and runner target"
1,signal_scaled_scalp:strategy=delta_absorption_fade_20d_cl0.35:direction=all:first_target_points=1:stop_points=2:runner_target_points=3:runner_stop_mode=initial,delta_absorption_fade_20d_cl0.35,all,1,2,3,initial,145,145,145,56,89,44,45,0,0,44,0.30344828,-4650,-5665,-39.06896552,67,78,"two-contract post-signal scalp: one contract exits at first target, one runner uses selected stop mode and runner target"
1,signal_scaled_scalp:strategy=delta_absorption_fade_20d_cl0.35:direction=all:first_target_points=1:stop_points=2:runner_target_points=5:runner_stop_mode=breakeven,delta_absorption_fade_20d_cl0.35,all,1,2,5,breakeven,145,145,145,56,89,16,73,0,0,89,0.6137931,-2750,-3765,-25.96551724,67,78,"two-contract post-signal scalp: one contract exits at first target, one runner uses selected stop mode and runner target"
1,signal_scaled_scalp:strategy=delta_absorption_fade_20d_cl0.35:direction=all:first_target_points=1:stop_points=2:runner_target_points=5:runner_stop_mode=initial,delta_absorption_fade_20d_cl0.35,all,1,2,5,initial,145,145,145,56,89,33,56,0,0,33,0.22758621,-4100,-5115,-35.27586207,67,78,"two-contract post-signal scalp: one contract exits at first target, one runner uses selected stop mode and runner target"
1,signal_scaled_scalp:strategy=delta_absorption_fade_20d_cl0.35:direction=all:first_target_points=1.5:stop_points=1:runner_target_points=2:runner_stop_mode=breakeven,delta_absorption_fade_20d_cl0.35,all,1.5,1,2,breakeven,145,145,145,95,50,33,17,0,0,50,0.34482759,-2450,-3465,-23.89655172,67,78,"two-contract post-signal scalp: one contract exits at first target, one runner uses selected stop mode and runner target"
1,signal_scaled_scalp:strategy=delta_absorption_fade_20d_cl0.35:direction=all:first_target_points=1.5:stop_points=1:runner_target_points=2:runner_stop_mode=initial,delta_absorption_fade_20d_cl0.35,all,1.5,1,2,initial,145,145,145,95,50,35,15,0,0,50,0.34482759,-3000,-4015,-27.68965517,67,78,"two-contract post-signal scalp: one contract exits at first target, one runner uses selected stop mode and runner target"
1,signal_scaled_scalp:strategy=delta_absorption_fade_20d_cl0.35:direction=all:first_target_points=1.5:stop_points=1:runner_target_points=3:runner_stop_mode=breakeven,delta_absorption_fade_20d_cl0.35,all,1.5,1,3,breakeven,145,145,145,95,50,21,29,0,0,50,0.34482759,-2600,-3615,-24.93103448,67,78,"two-contract post-signal scalp: one contract exits at first target, one runner uses selected stop mode and runner target"
1,signal_scaled_scalp:strategy=delta_absorption_fade_20d_cl0.35:direction=all:first_target_points=1.5:stop_points=1:runner_target_points=3:runner_stop_mode=initial,delta_absorption_fade_20d_cl0.35,all,1.5,1,3,initial,145,145,145,95,50,23,27,0,0,50,0.34482759,-3650,-4665,-32.17241379,67,78,"two-contract post-signal scalp: one contract exits at first target, one runner uses selected stop mode and runner target"
1,signal_scaled_scalp:strategy=delta_absorption_fade_20d_cl0.35:direction=all:first_target_points=1.5:stop_points=1:runner_target_points=5:runner_stop_mode=breakeven,delta_absorption_fade_20d_cl0.35,all,1.5,1,5,breakeven,145,145,145,95,50,14,36,0,0,50,0.34482759,-2250,-3265,-22.51724138,67,78,"two-contract post-signal scalp: one contract exits at first target, one runner uses selected stop mode and runner target"
1,signal_scaled_scalp:strategy=delta_absorption_fade_20d_cl0.35:direction=all:first_target_points=1.5:stop_points=1:runner_target_points=5:runner_stop_mode=initial,delta_absorption_fade_20d_cl0.35,all,1.5,1,5,initial,145,145,145,95,50,17,33,0,0,50,0.34482759,-3150,-4165,-28.72413793,67,78,"two-contract post-signal scalp: one contract exits at first target, one runner uses selected stop mode and runner target"
1,signal_scaled_scalp:strategy=delta_absorption_fade_20d_cl0.35:direction=all:first_target_points=1.5:stop_points=1.5:runner_target_points=2:runner_stop_mode=breakeven,delta_absorption_fade_20d_cl0.35,all,1.5,1.5,2,breakeven,145,145,145,83,62,41,21,0,0,62,0.42758621,-3700,-4715,-32.51724138,67,78,"two-contract post-signal scalp: one contract exits at first target, one runner uses selected stop mode and runner target"
1,signal_scaled_scalp:strategy=delta_absorption_fade_20d_cl0.35:direction=all:first_target_points=1.5:stop_points=1.5:runner_target_points=2:runner_stop_mode=initial,delta_absorption_fade_20d_cl0.35,all,1.5,1.5,2,initial,145,145,145,83,62,47,15,0,0,47,0.32413793,-4225,-5240,-36.13793103,67,78,"two-contract post-signal scalp: one contract exits at first target, one runner uses selected stop mode and runner target"
1,signal_scaled_scalp:strategy=delta_absorption_fade_20d_cl0.35:direction=all:first_target_points=1.5:stop_points=1.5:runner_target_points=3:runner_stop_mode=breakeven,delta_absorption_fade_20d_cl0.35,all,1.5,1.5,3,breakeven,145,145,145,83,62,25,37,0,0,62,0.42758621,-4050,-5065,-34.93103448,67,78,"two-contract post-signal scalp: one contract exits at first target, one runner uses selected stop mode and runner target"
1,signal_scaled_scalp:strategy=delta_absorption_fade_20d_cl0.35:direction=all:first_target_points=1.5:stop_points=1.5:runner_target_points=3:runner_stop_mode=initial,delta_absorption_fade_20d_cl0.35,all,1.5,1.5,3,initial,145,145,145,83,62,32,30,0,0,32,0.22068966,-5250,-6265,-43.20689655,67,78,"two-contract post-signal scalp: one contract exits at first target, one runner uses selected stop mode and runner target"
1,signal_scaled_scalp:strategy=delta_absorption_fade_20d_cl0.35:direction=all:first_target_points=1.5:stop_points=1.5:runner_target_points=5:runner_stop_mode=breakeven,delta_absorption_fade_20d_cl0.35,all,1.5,1.5,5,breakeven,145,145,145,83,62,16,46,0,0,62,0.42758621,-3800,-4815,-33.20689655,67,78,"two-contract post-signal scalp: one contract exits at first target, one runner uses selected stop mode and runner target"
1,signal_scaled_scalp:strategy=delta_absorption_fade_20d_cl0.35:direction=all:first_target_points=1.5:stop_points=1.5:runner_target_points=5:runner_stop_mode=initial,delta_absorption_fade_20d_cl0.35,all,1.5,1.5,5,initial,145,145,145,83,62,23,39,0,0,23,0.15862069,-4975,-5990,-41.31034483,67,78,"two-contract post-signal scalp: one contract exits at first target, one runner uses selected stop mode and runner target"
1,signal_scaled_scalp:strategy=delta_absorption_fade_20d_cl0.35:direction=all:first_target_points=1.5:stop_points=2:runner_target_points=2:runner_stop_mode=breakeven,delta_absorption_fade_20d_cl0.35,all,1.5,2,2,breakeven,145,145,145,71,74,50,24,0,0,74,0.51034483,-3650,-4665,-32.17241379,67,78,"two-contract post-signal scalp: one contract exits at first target, one runner uses selected stop mode and runner target"
1,signal_scaled_scalp:strategy=delta_absorption_fade_20d_cl0.35:direction=all:first_target_points=1.5:stop_points=2:runner_target_points=2:runner_stop_mode=initial,delta_absorption_fade_20d_cl0.35,all,1.5,2,2,initial,145,145,145,71,74,62,12,0,0,62,0.42758621,-3650,-4665,-32.17241379,67,78,"two-contract post-signal scalp: one contract exits at first target, one runner uses selected stop mode and runner target"
1,signal_scaled_scalp:strategy=delta_absorption_fade_20d_cl0.35:direction=all:first_target_points=1.5:stop_points=2:runner_target_points=3:runner_stop_mode=breakeven,delta_absorption_fade_20d_cl0.35,all,1.5,2,3,breakeven,145,145,145,71,74,32,42,0,0,74,0.51034483,-3850,-4865,-33.55172414,67,78,"two-contract post-signal scalp: one contract exits at first target, one runner uses selected stop mode and runner target"
1,signal_scaled_scalp:strategy=delta_absorption_fade_20d_cl0.35:direction=all:first_target_points=1.5:stop_points=2:runner_target_points=3:runner_stop_mode=initial,delta_absorption_fade_20d_cl0.35,all,1.5,2,3,initial,145,145,145,71,74,44,30,0,0,44,0.30344828,-5050,-6065,-41.82758621,67,78,"two-contract post-signal scalp: one contract exits at first target, one runner uses selected stop mode and runner target"
1,signal_scaled_scalp:strategy=delta_absorption_fade_20d_cl0.35:direction=all:first_target_points=1.5:stop_points=2:runner_target_points=5:runner_stop_mode=breakeven,delta_absorption_fade_20d_cl0.35,all,1.5,2,5,breakeven,145,145,145,71,74,19,55,0,0,74,0.51034483,-3900,-4915,-33.89655172,67,78,"two-contract post-signal scalp: one contract exits at first target, one runner uses selected stop mode and runner target"
1,signal_scaled_scalp:strategy=delta_absorption_fade_20d_cl0.35:direction=all:first_target_points=1.5:stop_points=2:runner_target_points=5:runner_stop_mode=initial,delta_absorption_fade_20d_cl0.35,all,1.5,2,5,initial,145,145,145,71,74,33,41,0,0,33,0.22758621,-4500,-5515,-38.03448276,67,78,"two-contract post-signal scalp: one contract exits at first target, one runner uses selected stop mode and runner target"
1,signal_scaled_scalp:strategy=delta_absorption_fade_30d_cl0.4:direction=all:first_target_points=0.5:stop_points=1:runner_target_points=1.5:runner_stop_mode=breakeven,delta_absorption_fade_30d_cl0.4,all,0.5,1,1.5,breakeven,131,131,131,63,68,39,29,0,0,68,0.51908397,-1675,-2592,-19.78625954,65,66,"two-contract post-signal scalp: one contract exits at first target, one runner uses selected stop mode and runner target"
1,signal_scaled_scalp:strategy=delta_absorption_fade_30d_cl0.4:direction=all:first_target_points=0.5:stop_points=1:runner_target_points=1.5:runner_stop_mode=initial,delta_absorption_fade_30d_cl0.4,all,0.5,1,1.5,initial,131,131,131,63,68,48,20,0,0,48,0.36641221,-2000,-2917,-22.26717557,65,66,"two-contract post-signal scalp: one contract exits at first target, one runner uses selected stop mode and runner target"
1,signal_scaled_scalp:strategy=delta_absorption_fade_30d_cl0.4:direction=all:first_target_points=0.5:stop_points=1:runner_target_points=2:runner_stop_mode=breakeven,delta_absorption_fade_30d_cl0.4,all,0.5,1,2,breakeven,131,131,131,63,68,22,46,0,0,68,0.51908397,-2400,-3317,-25.32061069,65,66,"two-contract post-signal scalp: one contract exits at first target, one runner uses selected stop mode and runner target"
1,signal_scaled_scalp:strategy=delta_absorption_fade_30d_cl0.4:direction=all:first_target_points=0.5:stop_points=1:runner_target_points=2:runner_stop_mode=initial,delta_absorption_fade_30d_cl0.4,all,0.5,1,2,initial,131,131,131,63,68,33,35,0,0,33,0.2519084,-3050,-3967,-30.28244275,65,66,"two-contract post-signal scalp: one contract exits at first target, one runner uses selected stop mode and runner target"
1,signal_scaled_scalp:strategy=delta_absorption_fade_30d_cl0.4:direction=all:first_target_points=0.5:stop_points=1:runner_target_points=3:runner_stop_mode=breakeven,delta_absorption_fade_30d_cl0.4,all,0.5,1,3,breakeven,131,131,131,63,68,16,52,0,0,68,0.51908397,-2200,-3117,-23.79389313,65,66,"two-contract post-signal scalp: one contract exits at first target, one runner uses selected stop mode and runner target"
1,signal_scaled_scalp:strategy=delta_absorption_fade_30d_cl0.4:direction=all:first_target_points=0.5:stop_points=1:runner_target_points=3:runner_stop_mode=initial,delta_absorption_fade_30d_cl0.4,all,0.5,1,3,initial,131,131,131,63,68,22,46,0,0,22,0.16793893,-3600,-4517,-34.48091603,65,66,"two-contract post-signal scalp: one contract exits at first target, one runner uses selected stop mode and runner target"
1,signal_scaled_scalp:strategy=delta_absorption_fade_30d_cl0.4:direction=all:first_target_points=0.5:stop_points=1:runner_target_points=5:runner_stop_mode=breakeven,delta_absorption_fade_30d_cl0.4,all,0.5,1,5,breakeven,131,131,131,63,68,9,59,0,0,68,0.51908397,-2350,-3267,-24.9389313,65,66,"two-contract post-signal scalp: one contract exits at first target, one runner uses selected stop mode and runner target"
1,signal_scaled_scalp:strategy=delta_absorption_fade_30d_cl0.4:direction=all:first_target_points=0.5:stop_points=1:runner_target_points=5:runner_stop_mode=initial,delta_absorption_fade_30d_cl0.4,all,0.5,1,5,initial,131,131,131,63,68,14,54,0,0,14,0.10687023,-3800,-4717,-36.00763359,65,66,"two-contract post-signal scalp: one contract exits at first target, one runner uses selected stop mode and runner target"
1,signal_scaled_scalp:strategy=delta_absorption_fade_30d_cl0.4:direction=all:first_target_points=0.5:stop_points=1.5:runner_target_points=1.5:runner_stop_mode=breakeven,delta_absorption_fade_30d_cl0.4,all,0.5,1.5,1.5,breakeven,131,131,131,48,83,43,40,0,0,83,0.63358779,-1900,-2817,-21.50381679,65,66,"two-contract post-signal scalp: one contract exits at first target, one runner uses selected stop mode and runner target"
1,signal_scaled_scalp:strategy=delta_absorption_fade_30d_cl0.4:direction=all:first_target_points=0.5:stop_points=1.5:runner_target_points=1.5:runner_stop_mode=initial,delta_absorption_fade_30d_cl0.4,all,0.5,1.5,1.5,initial,131,131,131,48,83,61,22,0,0,61,0.46564885,-2200,-3117,-23.79389313,65,66,"two-contract post-signal scalp: one contract exits at first target, one runner uses selected stop mode and runner target"
1,signal_scaled_scalp:strategy=delta_absorption_fade_30d_cl0.4:direction=all:first_target_points=0.5:stop_points=1.5:runner_target_points=2:runner_stop_mode=breakeven,delta_absorption_fade_30d_cl0.4,all,0.5,1.5,2,breakeven,131,131,131,48,83,24,59,0,0,83,0.63358779,-2725,-3642,-27.80152672,65,66,"two-contract post-signal scalp: one contract exits at first target, one runner uses selected stop mode and runner target"
1,signal_scaled_scalp:strategy=delta_absorption_fade_30d_cl0.4:direction=all:first_target_points=0.5:stop_points=1.5:runner_target_points=2:runner_stop_mode=initial,delta_absorption_fade_30d_cl0.4,all,0.5,1.5,2,initial,131,131,131,48,83,46,37,0,0,46,0.35114504,-3300,-4217,-32.19083969,65,66,"two-contract post-signal scalp: one contract exits at first target, one runner uses selected stop mode and runner target"
1,signal_scaled_scalp:strategy=delta_absorption_fade_30d_cl0.4:direction=all:first_target_points=0.5:stop_points=1.5:runner_target_points=3:runner_stop_mode=breakeven,delta_absorption_fade_30d_cl0.4,all,0.5,1.5,3,breakeven,131,131,131,48,83,18,65,0,0,83,0.63358779,-2425,-3342,-25.51145038,65,66,"two-contract post-signal scalp: one contract exits at first target, one runner uses selected stop mode and runner target"
1,signal_scaled_scalp:strategy=delta_absorption_fade_30d_cl0.4:direction=all:first_target_points=0.5:stop_points=1.5:runner_target_points=3:runner_stop_mode=initial,delta_absorption_fade_30d_cl0.4,all,0.5,1.5,3,initial,131,131,131,48,83,30,53,0,0,30,0.22900763,-4600,-5517,-42.11450382,65,66,"two-contract post-signal scalp: one contract exits at first target, one runner uses selected stop mode and runner target"
1,signal_scaled_scalp:strategy=delta_absorption_fade_30d_cl0.4:direction=all:first_target_points=0.5:stop_points=1.5:runner_target_points=5:runner_stop_mode=breakeven,delta_absorption_fade_30d_cl0.4,all,0.5,1.5,5,breakeven,131,131,131,48,83,11,72,0,0,83,0.63358779,-2375,-3292,-25.12977099,65,66,"two-contract post-signal scalp: one contract exits at first target, one runner uses selected stop mode and runner target"
1,signal_scaled_scalp:strategy=delta_absorption_fade_30d_cl0.4:direction=all:first_target_points=0.5:stop_points=1.5:runner_target_points=5:runner_stop_mode=initial,delta_absorption_fade_30d_cl0.4,all,0.5,1.5,5,initial,131,131,131,48,83,20,63,0,0,20,0.15267176,-4850,-5767,-44.02290076,65,66,"two-contract post-signal scalp: one contract exits at first target, one runner uses selected stop mode and runner target"
1,signal_scaled_scalp:strategy=delta_absorption_fade_30d_cl0.4:direction=all:first_target_points=0.5:stop_points=2:runner_target_points=1.5:runner_stop_mode=breakeven,delta_absorption_fade_30d_cl0.4,all,0.5,2,1.5,breakeven,131,131,131,37,94,44,50,0,0,94,0.71755725,-1750,-2667,-20.35877863,65,66,"two-contract post-signal scalp: one contract exits at first target, one runner uses selected stop mode and runner target"
1,signal_scaled_scalp:strategy=delta_absorption_fade_30d_cl0.4:direction=all:first_target_points=0.5:stop_points=2:runner_target_points=1.5:runner_stop_mode=initial,delta_absorption_fade_30d_cl0.4,all,0.5,2,1.5,initial,131,131,131,37,94,72,22,0,0,72,0.54961832,-1850,-2767,-21.1221374,65,66,"two-contract post-signal scalp: one contract exits at first target, one runner uses selected stop mode and runner target"
1,signal_scaled_scalp:strategy=delta_absorption_fade_30d_cl0.4:direction=all:first_target_points=0.5:stop_points=2:runner_target_points=2:runner_stop_mode=breakeven,delta_absorption_fade_30d_cl0.4,all,0.5,2,2,breakeven,131,131,131,37,94,25,69,0,0,94,0.71755725,-2550,-3467,-26.46564885,65,66,"two-contract post-signal scalp: one contract exits at first target, one runner uses selected stop mode and runner target"
1,signal_scaled_scalp:strategy=delta_absorption_fade_30d_cl0.4:direction=all:first_target_points=0.5:stop_points=2:runner_target_points=2:runner_stop_mode=initial,delta_absorption_fade_30d_cl0.4,all,0.5,2,2,initial,131,131,131,37,94,56,38,0,0,56,0.42748092,-3250,-4167,-31.80916031,65,66,"two-contract post-signal scalp: one contract exits at first target, one runner uses selected stop mode and runner target"
1,signal_scaled_scalp:strategy=delta_absorption_fade_30d_cl0.4:direction=all:first_target_points=0.5:stop_points=2:runner_target_points=3:runner_stop_mode=breakeven,delta_absorption_fade_30d_cl0.4,all,0.5,2,3,breakeven,131,131,131,37,94,19,75,0,0,94,0.71755725,-2200,-3117,-23.79389313,65,66,"two-contract post-signal scalp: one contract exits at first target, one runner uses selected stop mode and runner target"
1,signal_scaled_scalp:strategy=delta_absorption_fade_30d_cl0.4:direction=all:first_target_points=0.5:stop_points=2:runner_target_points=3:runner_stop_mode=initial,delta_absorption_fade_30d_cl0.4,all,0.5,2,3,initial,131,131,131,37,94,39,55,0,0,39,0.29770992,-4700,-5617,-42.8778626,65,66,"two-contract post-signal scalp: one contract exits at first target, one runner uses selected stop mode and runner target"
1,signal_scaled_scalp:strategy=delta_absorption_fade_30d_cl0.4:direction=all:first_target_points=0.5:stop_points=2:runner_target_points=5:runner_stop_mode=breakeven,delta_absorption_fade_30d_cl0.4,all,0.5,2,5,breakeven,131,131,131,37,94,12,82,0,0,94,0.71755725,-2050,-2967,-22.64885496,65,66,"two-contract post-signal scalp: one contract exits at first target, one runner uses selected stop mode and runner target"
1,signal_scaled_scalp:strategy=delta_absorption_fade_30d_cl0.4:direction=all:first_target_points=0.5:stop_points=2:runner_target_points=5:runner_stop_mode=initial,delta_absorption_fade_30d_cl0.4,all,0.5,2,5,initial,131,131,131,37,94,28,66,0,0,28,0.21374046,-4650,-5567,-42.49618321,65,66,"two-contract post-signal scalp: one contract exits at first target, one runner uses selected stop mode and runner target"
1,signal_scaled_scalp:strategy=delta_absorption_fade_30d_cl0.4:direction=all:first_target_points=1:stop_points=1:runner_target_points=1.5:runner_stop_mode=breakeven,delta_absorption_fade_30d_cl0.4,all,1,1,1.5,breakeven,131,131,131,71,60,42,18,0,0,60,0.45801527,-950,-1867,-14.2519084,65,66,"two-contract post-signal scalp: one contract exits at first target, one runner uses selected stop mode and runner target"
1,signal_scaled_scalp:strategy=delta_absorption_fade_30d_cl0.4:direction=all:first_target_points=1:stop_points=1:runner_target_points=1.5:runner_stop_mode=initial,delta_absorption_fade_30d_cl0.4,all,1,1,1.5,initial,131,131,131,71,60,48,12,0,0,48,0.36641221,-1100,-2017,-15.39694656,65,66,"two-contract post-signal scalp: one contract exits at first target, one runner uses selected stop mode and runner target"
1,signal_scaled_scalp:strategy=delta_absorption_fade_30d_cl0.4:direction=all:first_target_points=1:stop_points=1:runner_target_points=2:runner_stop_mode=breakeven,delta_absorption_fade_30d_cl0.4,all,1,1,2,breakeven,131,131,131,71,60,25,35,0,0,60,0.45801527,-1600,-2517,-19.21374046,65,66,"two-contract post-signal scalp: one contract exits at first target, one runner uses selected stop mode and runner target"
1,signal_scaled_scalp:strategy=delta_absorption_fade_30d_cl0.4:direction=all:first_target_points=1:stop_points=1:runner_target_points=2:runner_stop_mode=initial,delta_absorption_fade_30d_cl0.4,all,1,1,2,initial,131,131,131,71,60,33,27,0,0,33,0.2519084,-2150,-3067,-23.41221374,65,66,"two-contract post-signal scalp: one contract exits at first target, one runner uses selected stop mode and runner target"
1,signal_scaled_scalp:strategy=delta_absorption_fade_30d_cl0.4:direction=all:first_target_points=1:stop_points=1:runner_target_points=3:runner_stop_mode=breakeven,delta_absorption_fade_30d_cl0.4,all,1,1,3,breakeven,131,131,131,71,60,18,42,0,0,60,0.45801527,-1400,-2317,-17.6870229,65,66,"two-contract post-signal scalp: one contract exits at first target, one runner uses selected stop mode and runner target"
1,signal_scaled_scalp:strategy=delta_absorption_fade_30d_cl0.4:direction=all:first_target_points=1:stop_points=1:runner_target_points=3:runner_stop_mode=initial,delta_absorption_fade_30d_cl0.4,all,1,1,3,initial,131,131,131,71,60,22,38,0,0,22,0.16793893,-2700,-3617,-27.61068702,65,66,"two-contract post-signal scalp: one contract exits at first target, one runner uses selected stop mode and runner target"
1,signal_scaled_scalp:strategy=delta_absorption_fade_30d_cl0.4:direction=all:first_target_points=1:stop_points=1:runner_target_points=5:runner_stop_mode=breakeven,delta_absorption_fade_30d_cl0.4,all,1,1,5,breakeven,131,131,131,71,60,10,50,0,0,60,0.45801527,-1600,-2517,-19.21374046,65,66,"two-contract post-signal scalp: one contract exits at first target, one runner uses selected stop mode and runner target"
1,signal_scaled_scalp:strategy=delta_absorption_fade_30d_cl0.4:direction=all:first_target_points=1:stop_points=1:runner_target_points=5:runner_stop_mode=initial,delta_absorption_fade_30d_cl0.4,all,1,1,5,initial,131,131,131,71,60,14,46,0,0,14,0.10687023,-2900,-3817,-29.13740458,65,66,"two-contract post-signal scalp: one contract exits at first target, one runner uses selected stop mode and runner target"
1,signal_scaled_scalp:strategy=delta_absorption_fade_30d_cl0.4:direction=all:first_target_points=1:stop_points=1.5:runner_target_points=1.5:runner_stop_mode=breakeven,delta_absorption_fade_30d_cl0.4,all,1,1.5,1.5,breakeven,131,131,131,58,73,49,24,0,0,73,0.55725191,-1375,-2292,-17.49618321,65,66,"two-contract post-signal scalp: one contract exits at first target, one runner uses selected stop mode and runner target"
1,signal_scaled_scalp:strategy=delta_absorption_fade_30d_cl0.4:direction=all:first_target_points=1:stop_points=1.5:runner_target_points=1.5:runner_stop_mode=initial,delta_absorption_fade_30d_cl0.4,all,1,1.5,1.5,initial,131,131,131,58,73,61,12,0,0,61,0.46564885,-1375,-2292,-17.49618321,65,66,"two-contract post-signal scalp: one contract exits at first target, one runner uses selected stop mode and runner target"
1,signal_scaled_scalp:strategy=delta_absorption_fade_30d_cl0.4:direction=all:first_target_points=1:stop_points=1.5:runner_target_points=2:runner_stop_mode=breakeven,delta_absorption_fade_30d_cl0.4,all,1,1.5,2,breakeven,131,131,131,58,73,30,43,0,0,73,0.55725191,-2050,-2967,-22.64885496,65,66,"two-contract post-signal scalp: one contract exits at first target, one runner uses selected stop mode and runner target"
1,signal_scaled_scalp:strategy=delta_absorption_fade_30d_cl0.4:direction=all:first_target_points=1:stop_points=1.5:runner_target_points=2:runner_stop_mode=initial,delta_absorption_fade_30d_cl0.4,all,1,1.5,2,initial,131,131,131,58,73,46,27,0,0,46,0.35114504,-2475,-3392,-25.89312977,65,66,"two-contract post-signal scalp: one contract exits at first target, one runner uses selected stop mode and runner target"
1,signal_scaled_scalp:strategy=delta_absorption_fade_30d_cl0.4:direction=all:first_target_points=1:stop_points=1.5:runner_target_points=3:runner_stop_mode=breakeven,delta_absorption_fade_30d_cl0.4,all,1,1.5,3,breakeven,131,131,131,58,73,22,51,0,0,73,0.55725191,-1750,-2667,-20.35877863,65,66,"two-contract post-signal scalp: one contract exits at first target, one runner uses selected stop mode and runner target"
1,signal_scaled_scalp:strategy=delta_absorption_fade_30d_cl0.4:direction=all:first_target_points=1:stop_points=1.5:runner_target_points=3:runner_stop_mode=initial,delta_absorption_fade_30d_cl0.4,all,1,1.5,3,initial,131,131,131,58,73,30,43,0,0,30,0.22900763,-3775,-4692,-35.81679389,65,66,"two-contract post-signal scalp: one contract exits at first target, one runner uses selected stop mode and runner target"
1,signal_scaled_scalp:strategy=delta_absorption_fade_30d_cl0.4:direction=all:first_target_points=1:stop_points=1.5:runner_target_points=5:runner_stop_mode=breakeven,delta_absorption_fade_30d_cl0.4,all,1,1.5,5,breakeven,131,131,131,58,73,13,60,0,0,73,0.55725191,-1800,-2717,-20.74045802,65,66,"two-contract post-signal scalp: one contract exits at first target, one runner uses selected stop mode and runner target"
1,signal_scaled_scalp:strategy=delta_absorption_fade_30d_cl0.4:direction=all:first_target_points=1:stop_points=1.5:runner_target_points=5:runner_stop_mode=initial,delta_absorption_fade_30d_cl0.4,all,1,1.5,5,initial,131,131,131,58,73,20,53,0,0,20,0.15267176,-4025,-4942,-37.72519084,65,66,"two-contract post-signal scalp: one contract exits at first target, one runner uses selected stop mode and runner target"
1,signal_scaled_scalp:strategy=delta_absorption_fade_30d_cl0.4:direction=all:first_target_points=1:stop_points=2:runner_target_points=1.5:runner_stop_mode=breakeven,delta_absorption_fade_30d_cl0.4,all,1,2,1.5,breakeven,131,131,131,47,84,56,28,0,0,84,0.64122137,-1000,-1917,-14.63358779,65,66,"two-contract post-signal scalp: one contract exits at first target, one runner uses selected stop mode and runner target"
1,signal_scaled_scalp:strategy=delta_absorption_fade_30d_cl0.4:direction=all:first_target_points=1:stop_points=2:runner_target_points=1.5:runner_stop_mode=initial,delta_absorption_fade_30d_cl0.4,all,1,2,1.5,initial,131,131,131,47,84,72,12,0,0,72,0.54961832,-1000,-1917,-14.63358779,65,66,"two-contract post-signal scalp: one contract exits at first target, one runner uses selected stop mode and runner target"
1,signal_scaled_scalp:strategy=delta_absorption_fade_30d_cl0.4:direction=all:first_target_points=1:stop_points=2:runner_target_points=2:runner_stop_mode=breakeven,delta_absorption_fade_30d_cl0.4,all,1,2,2,breakeven,131,131,131,47,84,33,51,0,0,84,0.64122137,-1900,-2817,-21.50381679,65,66,"two-contract post-signal scalp: one contract exits at first target, one runner uses selected stop mode and runner target"
1,signal_scaled_scalp:strategy=delta_absorption_fade_30d_cl0.4:direction=all:first_target_points=1:stop_points=2:runner_target_points=2:runner_stop_mode=initial,delta_absorption_fade_30d_cl0.4,all,1,2,2,initial,131,131,131,47,84,56,28,0,0,56,0.42748092,-2400,-3317,-25.32061069,65,66,"two-contract post-signal scalp: one contract exits at first target, one runner uses selected stop mode and runner target"
1,signal_scaled_scalp:strategy=delta_absorption_fade_30d_cl0.4:direction=all:first_target_points=1:stop_points=2:runner_target_points=3:runner_stop_mode=breakeven,delta_absorption_fade_30d_cl0.4,all,1,2,3,breakeven,131,131,131,47,84,24,60,0,0,84,0.64122137,-1600,-2517,-19.21374046,65,66,"two-contract post-signal scalp: one contract exits at first target, one runner uses selected stop mode and runner target"
1,signal_scaled_scalp:strategy=delta_absorption_fade_30d_cl0.4:direction=all:first_target_points=1:stop_points=2:runner_target_points=3:runner_stop_mode=initial,delta_absorption_fade_30d_cl0.4,all,1,2,3,initial,131,131,131,47,84,39,45,0,0,39,0.29770992,-3850,-4767,-36.38931298,65,66,"two-contract post-signal scalp: one contract exits at first target, one runner uses selected stop mode and runner target"
1,signal_scaled_scalp:strategy=delta_absorption_fade_30d_cl0.4:direction=all:first_target_points=1:stop_points=2:runner_target_points=5:runner_stop_mode=breakeven,delta_absorption_fade_30d_cl0.4,all,1,2,5,breakeven,131,131,131,47,84,14,70,0,0,84,0.64122137,-1700,-2617,-19.97709924,65,66,"two-contract post-signal scalp: one contract exits at first target, one runner uses selected stop mode and runner target"
1,signal_scaled_scalp:strategy=delta_absorption_fade_30d_cl0.4:direction=all:first_target_points=1:stop_points=2:runner_target_points=5:runner_stop_mode=initial,delta_absorption_fade_30d_cl0.4,all,1,2,5,initial,131,131,131,47,84,28,56,0,0,28,0.21374046,-3800,-4717,-36.00763359,65,66,"two-contract post-signal scalp: one contract exits at first target, one runner uses selected stop mode and runner target"
1,signal_scaled_scalp:strategy=delta_absorption_fade_30d_cl0.4:direction=all:first_target_points=1.5:stop_points=1:runner_target_points=2:runner_stop_mode=breakeven,delta_absorption_fade_30d_cl0.4,all,1.5,1,2,breakeven,131,131,131,83,48,28,20,0,0,48,0.36641221,-1900,-2817,-21.50381679,65,66,"two-contract post-signal scalp: one contract exits at first target, one runner uses selected stop mode and runner target"
1,signal_scaled_scalp:strategy=delta_absorption_fade_30d_cl0.4:direction=all:first_target_points=1.5:stop_points=1:runner_target_points=2:runner_stop_mode=initial,delta_absorption_fade_30d_cl0.4,all,1.5,1,2,initial,131,131,131,83,48,33,15,0,0,48,0.36641221,-2150,-3067,-23.41221374,65,66,"two-contract post-signal scalp: one contract exits at first target, one runner uses selected stop mode and runner target"
1,signal_scaled_scalp:strategy=delta_absorption_fade_30d_cl0.4:direction=all:first_target_points=1.5:stop_points=1:runner_target_points=3:runner_stop_mode=breakeven,delta_absorption_fade_30d_cl0.4,all,1.5,1,3,breakeven,131,131,131,83,48,20,28,0,0,48,0.36641221,-1700,-2617,-19.97709924,65,66,"two-contract post-signal scalp: one contract exits at first target, one runner uses selected stop mode and runner target"
1,signal_scaled_scalp:strategy=delta_absorption_fade_30d_cl0.4:direction=all:first_target_points=1.5:stop_points=1:runner_target_points=3:runner_stop_mode=initial,delta_absorption_fade_30d_cl0.4,all,1.5,1,3,initial,131,131,131,83,48,22,26,0,0,48,0.36641221,-2700,-3617,-27.61068702,65,66,"two-contract post-signal scalp: one contract exits at first target, one runner uses selected stop mode and runner target"
1,signal_scaled_scalp:strategy=delta_absorption_fade_30d_cl0.4:direction=all:first_target_points=1.5:stop_points=1:runner_target_points=5:runner_stop_mode=breakeven,delta_absorption_fade_30d_cl0.4,all,1.5,1,5,breakeven,131,131,131,83,48,11,37,0,0,48,0.36641221,-1950,-2867,-21.88549618,65,66,"two-contract post-signal scalp: one contract exits at first target, one runner uses selected stop mode and runner target"
1,signal_scaled_scalp:strategy=delta_absorption_fade_30d_cl0.4:direction=all:first_target_points=1.5:stop_points=1:runner_target_points=5:runner_stop_mode=initial,delta_absorption_fade_30d_cl0.4,all,1.5,1,5,initial,131,131,131,83,48,14,34,0,0,48,0.36641221,-2900,-3817,-29.13740458,65,66,"two-contract post-signal scalp: one contract exits at first target, one runner uses selected stop mode and runner target"
1,signal_scaled_scalp:strategy=delta_absorption_fade_30d_cl0.4:direction=all:first_target_points=1.5:stop_points=1.5:runner_target_points=2:runner_stop_mode=breakeven,delta_absorption_fade_30d_cl0.4,all,1.5,1.5,2,breakeven,131,131,131,70,61,39,22,0,0,61,0.46564885,-2025,-2942,-22.45801527,65,66,"two-contract post-signal scalp: one contract exits at first target, one runner uses selected stop mode and runner target"
1,signal_scaled_scalp:strategy=delta_absorption_fade_30d_cl0.4:direction=all:first_target_points=1.5:stop_points=1.5:runner_target_points=2:runner_stop_mode=initial,delta_absorption_fade_30d_cl0.4,all,1.5,1.5,2,initial,131,131,131,70,61,46,15,0,0,46,0.35114504,-2450,-3367,-25.70229008,65,66,"two-contract post-signal scalp: one contract exits at first target, one runner uses selected stop mode and runner target"
1,signal_scaled_scalp:strategy=delta_absorption_fade_30d_cl0.4:direction=all:first_target_points=1.5:stop_points=1.5:runner_target_points=3:runner_stop_mode=breakeven,delta_absorption_fade_30d_cl0.4,all,1.5,1.5,3,breakeven,131,131,131,70,61,28,33,0,0,61,0.46564885,-1725,-2642,-20.16793893,65,66,"two-contract post-signal scalp: one contract exits at first target, one runner uses selected stop mode and runner target"
1,signal_scaled_scalp:strategy=delta_absorption_fade_30d_cl0.4:direction=all:first_target_points=1.5:stop_points=1.5:runner_target_points=3:runner_stop_mode=initial,delta_absorption_fade_30d_cl0.4,all,1.5,1.5,3,initial,131,131,131,70,61,30,31,0,0,30,0.22900763,-3750,-4667,-35.6259542,65,66,"two-contract post-signal scalp: one contract exits at first target, one runner uses selected stop mode and runner target"
1,signal_scaled_scalp:strategy=delta_absorption_fade_30d_cl0.4:direction=all:first_target_points=1.5:stop_points=1.5:runner_target_points=5:runner_stop_mode=breakeven,delta_absorption_fade_30d_cl0.4,all,1.5,1.5,5,breakeven,131,131,131,70,61,17,44,0,0,61,0.46564885,-1675,-2592,-19.78625954,65,66,"two-contract post-signal scalp: one contract exits at first target, one runner uses selected stop mode and runner target"
1,signal_scaled_scalp:strategy=delta_absorption_fade_30d_cl0.4:direction=all:first_target_points=1.5:stop_points=1.5:runner_target_points=5:runner_stop_mode=initial,delta_absorption_fade_30d_cl0.4,all,1.5,1.5,5,initial,131,131,131,70,61,20,41,0,0,20,0.15267176,-4000,-4917,-37.53435115,65,66,"two-contract post-signal scalp: one contract exits at first target, one runner uses selected stop mode and runner target"
1,signal_scaled_scalp:strategy=delta_absorption_fade_30d_cl0.4:direction=all:first_target_points=1.5:stop_points=2:runner_target_points=2:runner_stop_mode=breakeven,delta_absorption_fade_30d_cl0.4,all,1.5,2,2,breakeven,131,131,131,59,72,44,28,0,0,72,0.54961832,-2000,-2917,-22.26717557,65,66,"two-contract post-signal scalp: one contract exits at first target, one runner uses selected stop mode and runner target"
1,signal_scaled_scalp:strategy=delta_absorption_fade_30d_cl0.4:direction=all:first_target_points=1.5:stop_points=2:runner_target_points=2:runner_stop_mode=initial,delta_absorption_fade_30d_cl0.4,all,1.5,2,2,initial,131,131,131,59,72,56,16,0,0,56,0.42748092,-2400,-3317,-25.32061069,65,66,"two-contract post-signal scalp: one contract exits at first target, one runner uses selected stop mode and runner target"
1,signal_scaled_scalp:strategy=delta_absorption_fade_30d_cl0.4:direction=all:first_target_points=1.5:stop_points=2:runner_target_points=3:runner_stop_mode=breakeven,delta_absorption_fade_30d_cl0.4,all,1.5,2,3,breakeven,131,131,131,59,72,31,41,0,0,72,0.54961832,-1750,-2667,-20.35877863,65,66,"two-contract post-signal scalp: one contract exits at first target, one runner uses selected stop mode and runner target"
1,signal_scaled_scalp:strategy=delta_absorption_fade_30d_cl0.4:direction=all:first_target_points=1.5:stop_points=2:runner_target_points=3:runner_stop_mode=initial,delta_absorption_fade_30d_cl0.4,all,1.5,2,3,initial,131,131,131,59,72,39,33,0,0,39,0.29770992,-3850,-4767,-36.38931298,65,66,"two-contract post-signal scalp: one contract exits at first target, one runner uses selected stop mode and runner target"
1,signal_scaled_scalp:strategy=delta_absorption_fade_30d_cl0.4:direction=all:first_target_points=1.5:stop_points=2:runner_target_points=5:runner_stop_mode=breakeven,delta_absorption_fade_30d_cl0.4,all,1.5,2,5,breakeven,131,131,131,59,72,18,54,0,0,72,0.54961832,-1900,-2817,-21.50381679,65,66,"two-contract post-signal scalp: one contract exits at first target, one runner uses selected stop mode and runner target"
1,signal_scaled_scalp:strategy=delta_absorption_fade_30d_cl0.4:direction=all:first_target_points=1.5:stop_points=2:runner_target_points=5:runner_stop_mode=initial,delta_absorption_fade_30d_cl0.4,all,1.5,2,5,initial,131,131,131,59,72,28,44,0,0,28,0.21374046,-3800,-4717,-36.00763359,65,66,"two-contract post-signal scalp: one contract exits at first target, one runner uses selected stop mode and runner target"
1,signal_scaled_scalp:strategy=vwap_delta_exhaustion_fade_2pt_10d_cl0.5:direction=all:first_target_points=0.5:stop_points=1:runner_target_points=1.5:runner_stop_mode=breakeven,vwap_delta_exhaustion_fade_2pt_10d_cl0.5,all,0.5,1,1.5,breakeven,165,165,165,78,87,54,33,0,0,87,0.52727273,-1575,-2730,-16.54545455,98,67,"two-contract post-signal scalp: one contract exits at first target, one runner uses selected stop mode and runner target"
1,signal_scaled_scalp:strategy=vwap_delta_exhaustion_fade_2pt_10d_cl0.5:direction=all:first_target_points=0.5:stop_points=1:runner_target_points=1.5:runner_stop_mode=initial,vwap_delta_exhaustion_fade_2pt_10d_cl0.5,all,0.5,1,1.5,initial,165,165,165,78,87,67,20,0,0,67,0.40606061,-1600,-2755,-16.6969697,98,67,"two-contract post-signal scalp: one contract exits at first target, one runner uses selected stop mode and runner target"
1,signal_scaled_scalp:strategy=vwap_delta_exhaustion_fade_2pt_10d_cl0.5:direction=all:first_target_points=0.5:stop_points=1:runner_target_points=2:runner_stop_mode=breakeven,vwap_delta_exhaustion_fade_2pt_10d_cl0.5,all,0.5,1,2,breakeven,165,165,165,78,87,46,41,0,0,87,0.52727273,-1025,-2180,-13.21212121,98,67,"two-contract post-signal scalp: one contract exits at first target, one runner uses selected stop mode and runner target"
1,signal_scaled_scalp:strategy=vwap_delta_exhaustion_fade_2pt_10d_cl0.5:direction=all:first_target_points=0.5:stop_points=1:runner_target_points=2:runner_stop_mode=initial,vwap_delta_exhaustion_fade_2pt_10d_cl0.5,all,0.5,1,2,initial,165,165,165,78,87,61,26,0,0,61,0.36969697,-825,-1980,-12,98,67,"two-contract post-signal scalp: one contract exits at first target, one runner uses selected stop mode and runner target"
1,signal_scaled_scalp:strategy=vwap_delta_exhaustion_fade_2pt_10d_cl0.5:direction=all:first_target_points=0.5:stop_points=1:runner_target_points=3:runner_stop_mode=breakeven,vwap_delta_exhaustion_fade_2pt_10d_cl0.5,all,0.5,1,3,breakeven,165,165,165,78,87,29,58,0,0,87,0.52727273,-1275,-2430,-14.72727273,98,67,"two-contract post-signal scalp: one contract exits at first target, one runner uses selected stop mode and runner target"
1,signal_scaled_scalp:strategy=vwap_delta_exhaustion_fade_2pt_10d_cl0.5:direction=all:first_target_points=0.5:stop_points=1:runner_target_points=3:runner_stop_mode=initial,vwap_delta_exhaustion_fade_2pt_10d_cl0.5,all,0.5,1,3,initial,165,165,165,78,87,41,46,0,0,41,0.24848485,-1775,-2930,-17.75757576,98,67,"two-contract post-signal scalp: one contract exits at first target, one runner uses selected stop mode and runner target"
1,signal_scaled_scalp:strategy=vwap_delta_exhaustion_fade_2pt_10d_cl0.5:direction=all:first_target_points=0.5:stop_points=1:runner_target_points=5:runner_stop_mode=breakeven,vwap_delta_exhaustion_fade_2pt_10d_cl0.5,all,0.5,1,5,breakeven,165,165,165,78,87,21,66,0,0,87,0.52727273,-375,-1530,-9.27272727,98,67,"two-contract post-signal scalp: one contract exits at first target, one runner uses selected stop mode and runner target"
1,signal_scaled_scalp:strategy=vwap_delta_exhaustion_fade_2pt_10d_cl0.5:direction=all:first_target_points=0.5:stop_points=1:runner_target_points=5:runner_stop_mode=initial,vwap_delta_exhaustion_fade_2pt_10d_cl0.5,all,0.5,1,5,initial,165,165,165,78,87,31,56,0,0,31,0.18787879,-675,-1830,-11.09090909,98,67,"two-contract post-signal scalp: one contract exits at first target, one runner uses selected stop mode and runner target"
1,signal_scaled_scalp:strategy=vwap_delta_exhaustion_fade_2pt_10d_cl0.5:direction=all:first_target_points=0.5:stop_points=1.5:runner_target_points=1.5:runner_stop_mode=breakeven,vwap_delta_exhaustion_fade_2pt_10d_cl0.5,all,0.5,1.5,1.5,breakeven,165,165,165,61,104,57,47,0,0,104,0.63030303,-2275,-3430,-20.78787879,98,67,"two-contract post-signal scalp: one contract exits at first target, one runner uses selected stop mode and runner target"
1,signal_scaled_scalp:strategy=vwap_delta_exhaustion_fade_2pt_10d_cl0.5:direction=all:first_target_points=0.5:stop_points=1.5:runner_target_points=1.5:runner_stop_mode=initial,vwap_delta_exhaustion_fade_2pt_10d_cl0.5,all,0.5,1.5,1.5,initial,165,165,165,61,104,77,27,0,0,77,0.46666667,-2800,-3955,-23.96969697,98,67,"two-contract post-signal scalp: one contract exits at first target, one runner uses selected stop mode and runner target"
1,signal_scaled_scalp:strategy=vwap_delta_exhaustion_fade_2pt_10d_cl0.5:direction=all:first_target_points=0.5:stop_points=1.5:runner_target_points=2:runner_stop_mode=breakeven,vwap_delta_exhaustion_fade_2pt_10d_cl0.5,all,0.5,1.5,2,breakeven,165,165,165,61,104,49,55,0,0,104,0.63030303,-1650,-2805,-17,98,67,"two-contract post-signal scalp: one contract exits at first target, one runner uses selected stop mode and runner target"
1,signal_scaled_scalp:strategy=vwap_delta_exhaustion_fade_2pt_10d_cl0.5:direction=all:first_target_points=0.5:stop_points=1.5:runner_target_points=2:runner_stop_mode=initial,vwap_delta_exhaustion_fade_2pt_10d_cl0.5,all,0.5,1.5,2,initial,165,165,165,61,104,71,33,0,0,71,0.43030303,-1925,-3080,-18.66666667,98,67,"two-contract post-signal scalp: one contract exits at first target, one runner uses selected stop mode and runner target"
1,signal_scaled_scalp:strategy=vwap_delta_exhaustion_fade_2pt_10d_cl0.5:direction=all:first_target_points=0.5:stop_points=1.5:runner_target_points=3:runner_stop_mode=breakeven,vwap_delta_exhaustion_fade_2pt_10d_cl0.5,all,0.5,1.5,3,breakeven,165,165,165,61,104,31,73,0,0,104,0.63030303,-1900,-3055,-18.51515152,98,67,"two-contract post-signal scalp: one contract exits at first target, one runner uses selected stop mode and runner target"
1,signal_scaled_scalp:strategy=vwap_delta_exhaustion_fade_2pt_10d_cl0.5:direction=all:first_target_points=0.5:stop_points=1.5:runner_target_points=3:runner_stop_mode=initial,vwap_delta_exhaustion_fade_2pt_10d_cl0.5,all,0.5,1.5,3,initial,165,165,165,61,104,51,53,0,0,51,0.30909091,-2875,-4030,-24.42424242,98,67,"two-contract post-signal scalp: one contract exits at first target, one runner uses selected stop mode and runner target"
1,signal_scaled_scalp:strategy=vwap_delta_exhaustion_fade_2pt_10d_cl0.5:direction=all:first_target_points=0.5:stop_points=1.5:runner_target_points=5:runner_stop_mode=breakeven,vwap_delta_exhaustion_fade_2pt_10d_cl0.5,all,0.5,1.5,5,breakeven,165,165,165,61,104,21,83,0,0,104,0.63030303,-1300,-2455,-14.87878788,98,67,"two-contract post-signal scalp: one contract exits at first target, one runner uses selected stop mode and runner target"
1,signal_scaled_scalp:strategy=vwap_delta_exhaustion_fade_2pt_10d_cl0.5:direction=all:first_target_points=0.5:stop_points=1.5:runner_target_points=5:runner_stop_mode=initial,vwap_delta_exhaustion_fade_2pt_10d_cl0.5,all,0.5,1.5,5,initial,165,165,165,61,104,39,65,0,0,39,0.23636364,-1675,-2830,-17.15151515,98,67,"two-contract post-signal scalp: one contract exits at first target, one runner uses selected stop mode and runner target"
1,signal_scaled_scalp:strategy=vwap_delta_exhaustion_fade_2pt_10d_cl0.5:direction=all:first_target_points=0.5:stop_points=2:runner_target_points=1.5:runner_stop_mode=breakeven,vwap_delta_exhaustion_fade_2pt_10d_cl0.5,all,0.5,2,1.5,breakeven,165,165,165,54,111,59,52,0,0,111,0.67272727,-3600,-4755,-28.81818182,98,67,"two-contract post-signal scalp: one contract exits at first target, one runner uses selected stop mode and runner target"
1,signal_scaled_scalp:strategy=vwap_delta_exhaustion_fade_2pt_10d_cl0.5:direction=all:first_target_points=0.5:stop_points=2:runner_target_points=1.5:runner_stop_mode=initial,vwap_delta_exhaustion_fade_2pt_10d_cl0.5,all,0.5,2,1.5,initial,165,165,165,54,111,88,23,0,0,88,0.53333333,-3725,-4880,-29.57575758,98,67,"two-contract post-signal scalp: one contract exits at first target, one runner uses selected stop mode and runner target"
1,signal_scaled_scalp:strategy=vwap_delta_exhaustion_fade_2pt_10d_cl0.5:direction=all:first_target_points=0.5:stop_points=2:runner_target_points=2:runner_stop_mode=breakeven,vwap_delta_exhaustion_fade_2pt_10d_cl0.5,all,0.5,2,2,breakeven,165,165,165,54,111,51,60,0,0,111,0.67272727,-2925,-4080,-24.72727273,98,67,"two-contract post-signal scalp: one contract exits at first target, one runner uses selected stop mode and runner target"
1,signal_scaled_scalp:strategy=vwap_delta_exhaustion_fade_2pt_10d_cl0.5:direction=all:first_target_points=0.5:stop_points=2:runner_target_points=2:runner_stop_mode=initial,vwap_delta_exhaustion_fade_2pt_10d_cl0.5,all,0.5,2,2,initial,165,165,165,54,111,81,30,0,0,81,0.49090909,-2925,-4080,-24.72727273,98,67,"two-contract post-signal scalp: one contract exits at first target, one runner uses selected stop mode and runner target"
1,signal_scaled_scalp:strategy=vwap_delta_exhaustion_fade_2pt_10d_cl0.5:direction=all:first_target_points=0.5:stop_points=2:runner_target_points=3:runner_stop_mode=breakeven,vwap_delta_exhaustion_fade_2pt_10d_cl0.5,all,0.5,2,3,breakeven,165,165,165,54,111,33,78,0,0,111,0.67272727,-3075,-4230,-25.63636364,98,67,"two-contract post-signal scalp: one contract exits at first target, one runner uses selected stop mode and runner target"
1,signal_scaled_scalp:strategy=vwap_delta_exhaustion_fade_2pt_10d_cl0.5:direction=all:first_target_points=0.5:stop_points=2:runner_target_points=3:runner_stop_mode=initial,vwap_delta_exhaustion_fade_2pt_10d_cl0.5,all,0.5,2,3,initial,165,165,165,54,111,60,51,0,0,60,0.36363636,-4125,-5280,-32,98,67,"two-contract post-signal scalp: one contract exits at first target, one runner uses selected stop mode and runner target"
1,signal_scaled_scalp:strategy=vwap_delta_exhaustion_fade_2pt_10d_cl0.5:direction=all:first_target_points=0.5:stop_points=2:runner_target_points=5:runner_stop_mode=breakeven,vwap_delta_exhaustion_fade_2pt_10d_cl0.5,all,0.5,2,5,breakeven,165,165,165,54,111,22,89,0,0,111,0.67272727,-2525,-3680,-22.3030303,98,67,"two-contract post-signal scalp: one contract exits at first target, one runner uses selected stop mode and runner target"
1,signal_scaled_scalp:strategy=vwap_delta_exhaustion_fade_2pt_10d_cl0.5:direction=all:first_target_points=0.5:stop_points=2:runner_target_points=5:runner_stop_mode=initial,vwap_delta_exhaustion_fade_2pt_10d_cl0.5,all,0.5,2,5,initial,165,165,165,54,111,46,65,0,0,46,0.27878788,-3025,-4180,-25.33333333,98,67,"two-contract post-signal scalp: one contract exits at first target, one runner uses selected stop mode and runner target"
1,signal_scaled_scalp:strategy=vwap_delta_exhaustion_fade_2pt_10d_cl0.5:direction=all:first_target_points=1:stop_points=1:runner_target_points=1.5:runner_stop_mode=breakeven,vwap_delta_exhaustion_fade_2pt_10d_cl0.5,all,1,1,1.5,breakeven,165,165,165,87,78,57,21,0,0,78,0.47272727,-525,-1680,-10.18181818,98,67,"two-contract post-signal scalp: one contract exits at first target, one runner uses selected stop mode and runner target"
1,signal_scaled_scalp:strategy=vwap_delta_exhaustion_fade_2pt_10d_cl0.5:direction=all:first_target_points=1:stop_points=1:runner_target_points=1.5:runner_stop_mode=initial,vwap_delta_exhaustion_fade_2pt_10d_cl0.5,all,1,1,1.5,initial,165,165,165,87,78,67,11,0,0,67,0.40606061,-325,-1480,-8.96969697,98,67,"two-contract post-signal scalp: one contract exits at first target, one runner uses selected stop mode and runner target"
1,signal_scaled_scalp:strategy=vwap_delta_exhaustion_fade_2pt_10d_cl0.5:direction=all:first_target_points=1:stop_points=1:runner_target_points=2:runner_stop_mode=breakeven,vwap_delta_exhaustion_fade_2pt_10d_cl0.5,all,1,1,2,breakeven,165,165,165,87,78,49,29,0,0,78,0.47272727,100,-1055,-6.39393939,98,67,"two-contract post-signal scalp: one contract exits at first target, one runner uses selected stop mode and runner target"
1,signal_scaled_scalp:strategy=vwap_delta_exhaustion_fade_2pt_10d_cl0.5:direction=all:first_target_points=1:stop_points=1:runner_target_points=2:runner_stop_mode=initial,vwap_delta_exhaustion_fade_2pt_10d_cl0.5,all,1,1,2,initial,165,165,165,87,78,61,17,0,0,61,0.36969697,450,-705,-4.27272727,98,67,"two-contract post-signal scalp: one contract exits at first target, one runner uses selected stop mode and runner target"
1,signal_scaled_scalp:strategy=vwap_delta_exhaustion_fade_2pt_10d_cl0.5:direction=all:first_target_points=1:stop_points=1:runner_target_points=3:runner_stop_mode=breakeven,vwap_delta_exhaustion_fade_2pt_10d_cl0.5,all,1,1,3,breakeven,165,165,165,87,78,32,46,0,0,78,0.47272727,0,-1155,-7,98,67,"two-contract post-signal scalp: one contract exits at first target, one runner uses selected stop mode and runner target"
1,signal_scaled_scalp:strategy=vwap_delta_exhaustion_fade_2pt_10d_cl0.5:direction=all:first_target_points=1:stop_points=1:runner_target_points=3:runner_stop_mode=initial,vwap_delta_exhaustion_fade_2pt_10d_cl0.5,all,1,1,3,initial,165,165,165,87,78,41,37,0,0,41,0.24848485,-500,-1655,-10.03030303,98,67,"two-contract post-signal scalp: one contract exits at first target, one runner uses selected stop mode and runner target"
1,signal_scaled_scalp:strategy=vwap_delta_exhaustion_fade_2pt_10d_cl0.5:direction=all:first_target_points=1:stop_points=1:runner_target_points=5:runner_stop_mode=breakeven,vwap_delta_exhaustion_fade_2pt_10d_cl0.5,all,1,1,5,breakeven,165,165,165,87,78,23,55,0,0,78,0.47272727,950,-205,-1.24242424,98,67,"two-contract post-signal scalp: one contract exits at first target, one runner uses selected stop mode and runner target"
1,signal_scaled_scalp:strategy=vwap_delta_exhaustion_fade_2pt_10d_cl0.5:direction=all:first_target_points=1:stop_points=1:runner_target_points=5:runner_stop_mode=initial,vwap_delta_exhaustion_fade_2pt_10d_cl0.5,all,1,1,5,initial,165,165,165,87,78,31,47,0,0,31,0.18787879,600,-555,-3.36363636,98,67,"two-contract post-signal scalp: one contract exits at first target, one runner uses selected stop mode and runner target"
1,signal_scaled_scalp:strategy=vwap_delta_exhaustion_fade_2pt_10d_cl0.5:direction=all:first_target_points=1:stop_points=1.5:runner_target_points=1.5:runner_stop_mode=breakeven,vwap_delta_exhaustion_fade_2pt_10d_cl0.5,all,1,1.5,1.5,breakeven,165,165,165,75,90,64,26,0,0,90,0.54545455,-1950,-3105,-18.81818182,98,67,"two-contract post-signal scalp: one contract exits at first target, one runner uses selected stop mode and runner target"
1,signal_scaled_scalp:strategy=vwap_delta_exhaustion_fade_2pt_10d_cl0.5:direction=all:first_target_points=1:stop_points=1.5:runner_target_points=1.5:runner_stop_mode=initial,vwap_delta_exhaustion_fade_2pt_10d_cl0.5,all,1,1.5,1.5,initial,165,165,165,75,90,77,13,0,0,77,0.46666667,-1950,-3105,-18.81818182,98,67,"two-contract post-signal scalp: one contract exits at first target, one runner uses selected stop mode and runner target"
1,signal_scaled_scalp:strategy=vwap_delta_exhaustion_fade_2pt_10d_cl0.5:direction=all:first_target_points=1:stop_points=1.5:runner_target_points=2:runner_stop_mode=breakeven,vwap_delta_exhaustion_fade_2pt_10d_cl0.5,all,1,1.5,2,breakeven,165,165,165,75,90,55,35,0,0,90,0.54545455,-1250,-2405,-14.57575758,98,67,"two-contract post-signal scalp: one contract exits at first target, one runner uses selected stop mode and runner target"
1,signal_scaled_scalp:strategy=vwap_delta_exhaustion_fade_2pt_10d_cl0.5:direction=all:first_target_points=1:stop_points=1.5:runner_target_points=2:runner_stop_mode=initial,vwap_delta_exhaustion_fade_2pt_10d_cl0.5,all,1,1.5,2,initial,165,165,165,75,90,71,19,0,0,71,0.43030303,-1075,-2230,-13.51515152,98,67,"two-contract post-signal scalp: one contract exits at first target, one runner uses selected stop mode and runner target"
1,signal_scaled_scalp:strategy=vwap_delta_exhaustion_fade_2pt_10d_cl0.5:direction=all:first_target_points=1:stop_points=1.5:runner_target_points=3:runner_stop_mode=breakeven,vwap_delta_exhaustion_fade_2pt_10d_cl0.5,all,1,1.5,3,breakeven,165,165,165,75,90,36,54,0,0,90,0.54545455,-1350,-2505,-15.18181818,98,67,"two-contract post-signal scalp: one contract exits at first target, one runner uses selected stop mode and runner target"
1,signal_scaled_scalp:strategy=vwap_delta_exhaustion_fade_2pt_10d_cl0.5:direction=all:first_target_points=1:stop_points=1.5:runner_target_points=3:runner_stop_mode=initial,vwap_delta_exhaustion_fade_2pt_10d_cl0.5,all,1,1.5,3,initial,165,165,165,75,90,51,39,0,0,51,0.30909091,-2025,-3180,-19.27272727,98,67,"two-contract post-signal scalp: one contract exits at first target, one runner uses selected stop mode and runner target"
1,signal_scaled_scalp:strategy=vwap_delta_exhaustion_fade_2pt_10d_cl0.5:direction=all:first_target_points=1:stop_points=1.5:runner_target_points=5:runner_stop_mode=breakeven,vwap_delta_exhaustion_fade_2pt_10d_cl0.5,all,1,1.5,5,breakeven,165,165,165,75,90,24,66,0,0,90,0.54545455,-750,-1905,-11.54545455,98,67,"two-contract post-signal scalp: one contract exits at first target, one runner uses selected stop mode and runner target"
1,signal_scaled_scalp:strategy=vwap_delta_exhaustion_fade_2pt_10d_cl0.5:direction=all:first_target_points=1:stop_points=1.5:runner_target_points=5:runner_stop_mode=initial,vwap_delta_exhaustion_fade_2pt_10d_cl0.5,all,1,1.5,5,initial,165,165,165,75,90,39,51,0,0,39,0.23636364,-825,-1980,-12,98,67,"two-contract post-signal scalp: one contract exits at first target, one runner uses selected stop mode and runner target"
1,signal_scaled_scalp:strategy=vwap_delta_exhaustion_fade_2pt_10d_cl0.5:direction=all:first_target_points=1:stop_points=2:runner_target_points=1.5:runner_stop_mode=breakeven,vwap_delta_exhaustion_fade_2pt_10d_cl0.5,all,1,2,1.5,breakeven,165,165,165,68,97,69,28,0,0,97,0.58787879,-3575,-4730,-28.66666667,98,67,"two-contract post-signal scalp: one contract exits at first target, one runner uses selected stop mode and runner target"
1,signal_scaled_scalp:strategy=vwap_delta_exhaustion_fade_2pt_10d_cl0.5:direction=all:first_target_points=1:stop_points=2:runner_target_points=1.5:runner_stop_mode=initial,vwap_delta_exhaustion_fade_2pt_10d_cl0.5,all,1,2,1.5,initial,165,165,165,68,97,88,9,0,0,88,0.53333333,-3050,-4205,-25.48484848,98,67,"two-contract post-signal scalp: one contract exits at first target, one runner uses selected stop mode and runner target"
1,signal_scaled_scalp:strategy=vwap_delta_exhaustion_fade_2pt_10d_cl0.5:direction=all:first_target_points=1:stop_points=2:runner_target_points=2:runner_stop_mode=breakeven,vwap_delta_exhaustion_fade_2pt_10d_cl0.5,all,1,2,2,breakeven,165,165,165,68,97,58,39,0,0,97,0.58787879,-2950,-4105,-24.87878788,98,67,"two-contract post-signal scalp: one contract exits at first target, one runner uses selected stop mode and runner target"
1,signal_scaled_scalp:strategy=vwap_delta_exhaustion_fade_2pt_10d_cl0.5:direction=all:first_target_points=1:stop_points=2:runner_target_points=2:runner_stop_mode=initial,vwap_delta_exhaustion_fade_2pt_10d_cl0.5,all,1,2,2,initial,165,165,165,68,97,81,16,0,0,81,0.49090909,-2250,-3405,-20.63636364,98,67,"two-contract post-signal scalp: one contract exits at first target, one runner uses selected stop mode and runner target"
1,signal_scaled_scalp:strategy=vwap_delta_exhaustion_fade_2pt_10d_cl0.5:direction=all:first_target_points=1:stop_points=2:runner_target_points=3:runner_stop_mode=breakeven,vwap_delta_exhaustion_fade_2pt_10d_cl0.5,all,1,2,3,breakeven,165,165,165,68,97,39,58,0,0,97,0.58787879,-2900,-4055,-24.57575758,98,67,"two-contract post-signal scalp: one contract exits at first target, one runner uses selected stop mode and runner target"
1,signal_scaled_scalp:strategy=vwap_delta_exhaustion_fade_2pt_10d_cl0.5:direction=all:first_target_points=1:stop_points=2:runner_target_points=3:runner_stop_mode=initial,vwap_delta_exhaustion_fade_2pt_10d_cl0.5,all,1,2,3,initial,165,165,165,68,97,60,37,0,0,60,0.36363636,-3450,-4605,-27.90909091,98,67,"two-contract post-signal scalp: one contract exits at first target, one runner uses selected stop mode and runner target"
1,signal_scaled_scalp:strategy=vwap_delta_exhaustion_fade_2pt_10d_cl0.5:direction=all:first_target_points=1:stop_points=2:runner_target_points=5:runner_stop_mode=breakeven,vwap_delta_exhaustion_fade_2pt_10d_cl0.5,all,1,2,5,breakeven,165,165,165,68,97,26,71,0,0,97,0.58787879,-2250,-3405,-20.63636364,98,67,"two-contract post-signal scalp: one contract exits at first target, one runner uses selected stop mode and runner target"
1,signal_scaled_scalp:strategy=vwap_delta_exhaustion_fade_2pt_10d_cl0.5:direction=all:first_target_points=1:stop_points=2:runner_target_points=5:runner_stop_mode=initial,vwap_delta_exhaustion_fade_2pt_10d_cl0.5,all,1,2,5,initial,165,165,165,68,97,46,51,0,0,46,0.27878788,-2350,-3505,-21.24242424,98,67,"two-contract post-signal scalp: one contract exits at first target, one runner uses selected stop mode and runner target"
1,signal_scaled_scalp:strategy=vwap_delta_exhaustion_fade_2pt_10d_cl0.5:direction=all:first_target_points=1.5:stop_points=1:runner_target_points=2:runner_stop_mode=breakeven,vwap_delta_exhaustion_fade_2pt_10d_cl0.5,all,1.5,1,2,breakeven,165,165,165,98,67,58,9,0,0,67,0.40606061,1025,-130,-0.78787879,98,67,"two-contract post-signal scalp: one contract exits at first target, one runner uses selected stop mode and runner target"
1,signal_scaled_scalp:strategy=vwap_delta_exhaustion_fade_2pt_10d_cl0.5:direction=all:first_target_points=1.5:stop_points=1:runner_target_points=2:runner_stop_mode=initial,vwap_delta_exhaustion_fade_2pt_10d_cl0.5,all,1.5,1,2,initial,165,165,165,98,67,61,6,0,0,67,0.40606061,1025,-130,-0.78787879,98,67,"two-contract post-signal scalp: one contract exits at first target, one runner uses selected stop mode and runner target"
1,signal_scaled_scalp:strategy=vwap_delta_exhaustion_fade_2pt_10d_cl0.5:direction=all:first_target_points=1.5:stop_points=1:runner_target_points=3:runner_stop_mode=breakeven,vwap_delta_exhaustion_fade_2pt_10d_cl0.5,all,1.5,1,3,breakeven,165,165,165,98,67,36,31,0,0,67,0.40606061,625,-530,-3.21212121,98,67,"two-contract post-signal scalp: one contract exits at first target, one runner uses selected stop mode and runner target"
1,signal_scaled_scalp:strategy=vwap_delta_exhaustion_fade_2pt_10d_cl0.5:direction=all:first_target_points=1.5:stop_points=1:runner_target_points=3:runner_stop_mode=initial,vwap_delta_exhaustion_fade_2pt_10d_cl0.5,all,1.5,1,3,initial,165,165,165,98,67,41,26,0,0,67,0.40606061,75,-1080,-6.54545455,98,67,"two-contract post-signal scalp: one contract exits at first target, one runner uses selected stop mode and runner target"
1,signal_scaled_scalp:strategy=vwap_delta_exhaustion_fade_2pt_10d_cl0.5:direction=all:first_target_points=1.5:stop_points=1:runner_target_points=5:runner_stop_mode=breakeven,vwap_delta_exhaustion_fade_2pt_10d_cl0.5,all,1.5,1,5,breakeven,165,165,165,98,67,25,42,0,0,67,0.40606061,1475,320,1.93939394,98,67,"two-contract post-signal scalp: one contract exits at first target, one runner uses selected stop mode and runner target"
1,signal_scaled_scalp:strategy=vwap_delta_exhaustion_fade_2pt_10d_cl0.5:direction=all:first_target_points=1.5:stop_points=1:runner_target_points=5:runner_stop_mode=initial,vwap_delta_exhaustion_fade_2pt_10d_cl0.5,all,1.5,1,5,initial,165,165,165,98,67,31,36,0,0,67,0.40606061,1175,20,0.12121212,98,67,"two-contract post-signal scalp: one contract exits at first target, one runner uses selected stop mode and runner target"
1,signal_scaled_scalp:strategy=vwap_delta_exhaustion_fade_2pt_10d_cl0.5:direction=all:first_target_points=1.5:stop_points=1.5:runner_target_points=2:runner_stop_mode=breakeven,vwap_delta_exhaustion_fade_2pt_10d_cl0.5,all,1.5,1.5,2,breakeven,165,165,165,88,77,67,10,0,0,77,0.46666667,-725,-1880,-11.39393939,98,67,"two-contract post-signal scalp: one contract exits at first target, one runner uses selected stop mode and runner target"
1,signal_scaled_scalp:strategy=vwap_delta_exhaustion_fade_2pt_10d_cl0.5:direction=all:first_target_points=1.5:stop_points=1.5:runner_target_points=2:runner_stop_mode=initial,vwap_delta_exhaustion_fade_2pt_10d_cl0.5,all,1.5,1.5,2,initial,165,165,165,88,77,71,6,0,0,71,0.43030303,-775,-1930,-11.6969697,98,67,"two-contract post-signal scalp: one contract exits at first target, one runner uses selected stop mode and runner target"
1,signal_scaled_scalp:strategy=vwap_delta_exhaustion_fade_2pt_10d_cl0.5:direction=all:first_target_points=1.5:stop_points=1.5:runner_target_points=3:runner_stop_mode=breakeven,vwap_delta_exhaustion_fade_2pt_10d_cl0.5,all,1.5,1.5,3,breakeven,165,165,165,88,77,43,34,0,0,77,0.46666667,-975,-2130,-12.90909091,98,67,"two-contract post-signal scalp: one contract exits at first target, one runner uses selected stop mode and runner target"
1,signal_scaled_scalp:strategy=vwap_delta_exhaustion_fade_2pt_10d_cl0.5:direction=all:first_target_points=1.5:stop_points=1.5:runner_target_points=3:runner_stop_mode=initial,vwap_delta_exhaustion_fade_2pt_10d_cl0.5,all,1.5,1.5,3,initial,165,165,165,88,77,51,26,0,0,51,0.30909091,-1725,-2880,-17.45454545,98,67,"two-contract post-signal scalp: one contract exits at first target, one runner uses selected stop mode and runner target"
1,signal_scaled_scalp:strategy=vwap_delta_exhaustion_fade_2pt_10d_cl0.5:direction=all:first_target_points=1.5:stop_points=1.5:runner_target_points=5:runner_stop_mode=breakeven,vwap_delta_exhaustion_fade_2pt_10d_cl0.5,all,1.5,1.5,5,breakeven,165,165,165,88,77,28,49,0,0,77,0.46666667,-425,-1580,-9.57575758,98,67,"two-contract post-signal scalp: one contract exits at first target, one runner uses selected stop mode and runner target"
1,signal_scaled_scalp:strategy=vwap_delta_exhaustion_fade_2pt_10d_cl0.5:direction=all:first_target_points=1.5:stop_points=1.5:runner_target_points=5:runner_stop_mode=initial,vwap_delta_exhaustion_fade_2pt_10d_cl0.5,all,1.5,1.5,5,initial,165,165,165,88,77,39,38,0,0,39,0.23636364,-525,-1680,-10.18181818,98,67,"two-contract post-signal scalp: one contract exits at first target, one runner uses selected stop mode and runner target"
1,signal_scaled_scalp:strategy=vwap_delta_exhaustion_fade_2pt_10d_cl0.5:direction=all:first_target_points=1.5:stop_points=2:runner_target_points=2:runner_stop_mode=breakeven,vwap_delta_exhaustion_fade_2pt_10d_cl0.5,all,1.5,2,2,breakeven,165,165,165,77,88,74,14,0,0,88,0.53333333,-1400,-2555,-15.48484848,98,67,"two-contract post-signal scalp: one contract exits at first target, one runner uses selected stop mode and runner target"
1,signal_scaled_scalp:strategy=vwap_delta_exhaustion_fade_2pt_10d_cl0.5:direction=all:first_target_points=1.5:stop_points=2:runner_target_points=2:runner_stop_mode=initial,vwap_delta_exhaustion_fade_2pt_10d_cl0.5,all,1.5,2,2,initial,165,165,165,77,88,81,7,0,0,81,0.49090909,-1400,-2555,-15.48484848,98,67,"two-contract post-signal scalp: one contract exits at first target, one runner uses selected stop mode and runner target"
1,signal_scaled_scalp:strategy=vwap_delta_exhaustion_fade_2pt_10d_cl0.5:direction=all:first_target_points=1.5:stop_points=2:runner_target_points=3:runner_stop_mode=breakeven,vwap_delta_exhaustion_fade_2pt_10d_cl0.5,all,1.5,2,3,breakeven,165,165,165,77,88,49,39,0,0,88,0.53333333,-1450,-2605,-15.78787879,98,67,"two-contract post-signal scalp: one contract exits at first target, one runner uses selected stop mode and runner target"
1,signal_scaled_scalp:strategy=vwap_delta_exhaustion_fade_2pt_10d_cl0.5:direction=all:first_target_points=1.5:stop_points=2:runner_target_points=3:runner_stop_mode=initial,vwap_delta_exhaustion_fade_2pt_10d_cl0.5,all,1.5,2,3,initial,165,165,165,77,88,60,28,0,0,60,0.36363636,-2600,-3755,-22.75757576,98,67,"two-contract post-signal scalp: one contract exits at first target, one runner uses selected stop mode and runner target"
1,signal_scaled_scalp:strategy=vwap_delta_exhaustion_fade_2pt_10d_cl0.5:direction=all:first_target_points=1.5:stop_points=2:runner_target_points=5:runner_stop_mode=breakeven,vwap_delta_exhaustion_fade_2pt_10d_cl0.5,all,1.5,2,5,breakeven,165,165,165,77,88,32,56,0,0,88,0.53333333,-800,-1955,-11.84848485,98,67,"two-contract post-signal scalp: one contract exits at first target, one runner uses selected stop mode and runner target"
1,signal_scaled_scalp:strategy=vwap_delta_exhaustion_fade_2pt_10d_cl0.5:direction=all:first_target_points=1.5:stop_points=2:runner_target_points=5:runner_stop_mode=initial,vwap_delta_exhaustion_fade_2pt_10d_cl0.5,all,1.5,2,5,initial,165,165,165,77,88,46,42,0,0,46,0.27878788,-1500,-2655,-16.09090909,98,67,"two-contract post-signal scalp: one contract exits at first target, one runner uses selected stop mode and runner target"
1,signal_scaled_scalp:strategy=vwap_delta_exhaustion_fade_3pt_20d_cl0.5:direction=all:first_target_points=0.5:stop_points=1:runner_target_points=1.5:runner_stop_mode=breakeven,vwap_delta_exhaustion_fade_3pt_20d_cl0.5,all,0.5,1,1.5,breakeven,141,141,141,64,77,41,36,0,0,77,0.54609929,-1400,-2387,-16.92907801,75,66,"two-contract post-signal scalp: one contract exits at first target, one runner uses selected stop mode and runner target"
1,signal_scaled_scalp:strategy=vwap_delta_exhaustion_fade_3pt_20d_cl0.5:direction=all:first_target_points=0.5:stop_points=1:runner_target_points=1.5:runner_stop_mode=initial,vwap_delta_exhaustion_fade_3pt_20d_cl0.5,all,0.5,1,1.5,initial,141,141,141,64,77,60,17,0,0,60,0.42553191,-825,-1812,-12.85106383,75,66,"two-contract post-signal scalp: one contract exits at first target, one runner uses selected stop mode and runner target"
1,signal_scaled_scalp:strategy=vwap_delta_exhaustion_fade_3pt_20d_cl0.5:direction=all:first_target_points=0.5:stop_points=1:runner_target_points=2:runner_stop_mode=breakeven,vwap_delta_exhaustion_fade_3pt_20d_cl0.5,all,0.5,1,2,breakeven,141,141,141,64,77,31,46,0,0,77,0.54609929,-1375,-2362,-16.75177305,75,66,"two-contract post-signal scalp: one contract exits at first target, one runner uses selected stop mode and runner target"
1,signal_scaled_scalp:strategy=vwap_delta_exhaustion_fade_3pt_20d_cl0.5:direction=all:first_target_points=0.5:stop_points=1:runner_target_points=2:runner_stop_mode=initial,vwap_delta_exhaustion_fade_3pt_20d_cl0.5,all,0.5,1,2,initial,141,141,141,64,77,51,26,0,0,51,0.36170213,-675,-1662,-11.78723404,75,66,"two-contract post-signal scalp: one contract exits at first target, one runner uses selected stop mode and runner target"
1,signal_scaled_scalp:strategy=vwap_delta_exhaustion_fade_3pt_20d_cl0.5:direction=all:first_target_points=0.5:stop_points=1:runner_target_points=3:runner_stop_mode=breakeven,vwap_delta_exhaustion_fade_3pt_20d_cl0.5,all,0.5,1,3,breakeven,141,141,141,64,77,20,57,0,0,77,0.54609929,-1475,-2462,-17.46099291,75,66,"two-contract post-signal scalp: one contract exits at first target, one runner uses selected stop mode and runner target"
1,signal_scaled_scalp:strategy=vwap_delta_exhaustion_fade_3pt_20d_cl0.5:direction=all:first_target_points=0.5:stop_points=1:runner_target_points=3:runner_stop_mode=initial,vwap_delta_exhaustion_fade_3pt_20d_cl0.5,all,0.5,1,3,initial,141,141,141,64,77,35,42,0,0,35,0.24822695,-1325,-2312,-16.39716312,75,66,"two-contract post-signal scalp: one contract exits at first target, one runner uses selected stop mode and runner target"
1,signal_scaled_scalp:strategy=vwap_delta_exhaustion_fade_3pt_20d_cl0.5:direction=all:first_target_points=0.5:stop_points=1:runner_target_points=5:runner_stop_mode=breakeven,vwap_delta_exhaustion_fade_3pt_20d_cl0.5,all,0.5,1,5,breakeven,141,141,141,64,77,15,62,0,0,77,0.54609929,-725,-1712,-12.14184397,75,66,"two-contract post-signal scalp: one contract exits at first target, one runner uses selected stop mode and runner target"
1,signal_scaled_scalp:strategy=vwap_delta_exhaustion_fade_3pt_20d_cl0.5:direction=all:first_target_points=0.5:stop_points=1:runner_target_points=5:runner_stop_mode=initial,vwap_delta_exhaustion_fade_3pt_20d_cl0.5,all,0.5,1,5,initial,141,141,141,64,77,25,52,0,0,25,0.17730496,-825,-1812,-12.85106383,75,66,"two-contract post-signal scalp: one contract exits at first target, one runner uses selected stop mode and runner target"
1,signal_scaled_scalp:strategy=vwap_delta_exhaustion_fade_3pt_20d_cl0.5:direction=all:first_target_points=0.5:stop_points=1.5:runner_target_points=1.5:runner_stop_mode=breakeven,vwap_delta_exhaustion_fade_3pt_20d_cl0.5,all,0.5,1.5,1.5,breakeven,141,141,141,52,89,44,45,0,0,89,0.63120567,-2275,-3262,-23.13475177,75,66,"two-contract post-signal scalp: one contract exits at first target, one runner uses selected stop mode and runner target"
1,signal_scaled_scalp:strategy=vwap_delta_exhaustion_fade_3pt_20d_cl0.5:direction=all:first_target_points=0.5:stop_points=1.5:runner_target_points=1.5:runner_stop_mode=initial,vwap_delta_exhaustion_fade_3pt_20d_cl0.5,all,0.5,1.5,1.5,initial,141,141,141,52,89,71,18,0,0,71,0.5035461,-1600,-2587,-18.34751773,75,66,"two-contract post-signal scalp: one contract exits at first target, one runner uses selected stop mode and runner target"
1,signal_scaled_scalp:strategy=vwap_delta_exhaustion_fade_3pt_20d_cl0.5:direction=all:first_target_points=0.5:stop_points=1.5:runner_target_points=2:runner_stop_mode=breakeven,vwap_delta_exhaustion_fade_3pt_20d_cl0.5,all,0.5,1.5,2,breakeven,141,141,141,52,89,33,56,0,0,89,0.63120567,-2275,-3262,-23.13475177,75,66,"two-contract post-signal scalp: one contract exits at first target, one runner uses selected stop mode and runner target"
1,signal_scaled_scalp:strategy=vwap_delta_exhaustion_fade_3pt_20d_cl0.5:direction=all:first_target_points=0.5:stop_points=1.5:runner_target_points=2:runner_stop_mode=initial,vwap_delta_exhaustion_fade_3pt_20d_cl0.5,all,0.5,1.5,2,initial,141,141,141,52,89,62,27,0,0,62,0.43971631,-1400,-2387,-16.92907801,75,66,"two-contract post-signal scalp: one contract exits at first target, one runner uses selected stop mode and runner target"
1,signal_scaled_scalp:strategy=vwap_delta_exhaustion_fade_3pt_20d_cl0.5:direction=all:first_target_points=0.5:stop_points=1.5:runner_target_points=3:runner_stop_mode=breakeven,vwap_delta_exhaustion_fade_3pt_20d_cl0.5,all,0.5,1.5,3,breakeven,141,141,141,52,89,21,68,0,0,89,0.63120567,-2425,-3412,-24.19858156,75,66,"two-contract post-signal scalp: one contract exits at first target, one runner uses selected stop mode and runner target"
1,signal_scaled_scalp:strategy=vwap_delta_exhaustion_fade_3pt_20d_cl0.5:direction=all:first_target_points=0.5:stop_points=1.5:runner_target_points=3:runner_stop_mode=initial,vwap_delta_exhaustion_fade_3pt_20d_cl0.5,all,0.5,1.5,3,initial,141,141,141,52,89,45,44,0,0,45,0.31914894,-2125,-3112,-22.07092199,75,66,"two-contract post-signal scalp: one contract exits at first target, one runner uses selected stop mode and runner target"
1,signal_scaled_scalp:strategy=vwap_delta_exhaustion_fade_3pt_20d_cl0.5:direction=all:first_target_points=0.5:stop_points=1.5:runner_target_points=5:runner_stop_mode=breakeven,vwap_delta_exhaustion_fade_3pt_20d_cl0.5,all,0.5,1.5,5,breakeven,141,141,141,52,89,16,73,0,0,89,0.63120567,-1575,-2562,-18.17021277,75,66,"two-contract post-signal scalp: one contract exits at first target, one runner uses selected stop mode and runner target"
1,signal_scaled_scalp:strategy=vwap_delta_exhaustion_fade_3pt_20d_cl0.5:direction=all:first_target_points=0.5:stop_points=1.5:runner_target_points=5:runner_stop_mode=initial,vwap_delta_exhaustion_fade_3pt_20d_cl0.5,all,0.5,1.5,5,initial,141,141,141,52,89,35,54,0,0,35,0.24822695,-875,-1862,-13.20567376,75,66,"two-contract post-signal scalp: one contract exits at first target, one runner uses selected stop mode and runner target"
1,signal_scaled_scalp:strategy=vwap_delta_exhaustion_fade_3pt_20d_cl0.5:direction=all:first_target_points=0.5:stop_points=2:runner_target_points=1.5:runner_stop_mode=breakeven,vwap_delta_exhaustion_fade_3pt_20d_cl0.5,all,0.5,2,1.5,breakeven,141,141,141,39,102,47,55,0,0,102,0.72340426,-1725,-2712,-19.23404255,75,66,"two-contract post-signal scalp: one contract exits at first target, one runner uses selected stop mode and runner target"
1,signal_scaled_scalp:strategy=vwap_delta_exhaustion_fade_3pt_20d_cl0.5:direction=all:first_target_points=0.5:stop_points=2:runner_target_points=1.5:runner_stop_mode=initial,vwap_delta_exhaustion_fade_3pt_20d_cl0.5,all,0.5,2,1.5,initial,141,141,141,39,102,85,17,0,0,85,0.60283688,-575,-1562,-11.07801418,75,66,"two-contract post-signal scalp: one contract exits at first target, one runner uses selected stop mode and runner target"
1,signal_scaled_scalp:strategy=vwap_delta_exhaustion_fade_3pt_20d_cl0.5:direction=all:first_target_points=0.5:stop_points=2:runner_target_points=2:runner_stop_mode=breakeven,vwap_delta_exhaustion_fade_3pt_20d_cl0.5,all,0.5,2,2,breakeven,141,141,141,39,102,36,66,0,0,102,0.72340426,-1650,-2637,-18.70212766,75,66,"two-contract post-signal scalp: one contract exits at first target, one runner uses selected stop mode and runner target"
1,signal_scaled_scalp:strategy=vwap_delta_exhaustion_fade_3pt_20d_cl0.5:direction=all:first_target_points=0.5:stop_points=2:runner_target_points=2:runner_stop_mode=initial,vwap_delta_exhaustion_fade_3pt_20d_cl0.5,all,0.5,2,2,initial,141,141,141,39,102,76,26,0,0,76,0.53900709,-250,-1237,-8.77304965,75,66,"two-contract post-signal scalp: one contract exits at first target, one runner uses selected stop mode and runner target"
1,signal_scaled_scalp:strategy=vwap_delta_exhaustion_fade_3pt_20d_cl0.5:direction=all:first_target_points=0.5:stop_points=2:runner_target_points=3:runner_stop_mode=breakeven,vwap_delta_exhaustion_fade_3pt_20d_cl0.5,all,0.5,2,3,breakeven,141,141,141,39,102,24,78,0,0,102,0.72340426,-1650,-2637,-18.70212766,75,66,"two-contract post-signal scalp: one contract exits at first target, one runner uses selected stop mode and runner target"
1,signal_scaled_scalp:strategy=vwap_delta_exhaustion_fade_3pt_20d_cl0.5:direction=all:first_target_points=0.5:stop_points=2:runner_target_points=3:runner_stop_mode=initial,vwap_delta_exhaustion_fade_3pt_20d_cl0.5,all,0.5,2,3,initial,141,141,141,39,102,58,44,0,0,58,0.41134752,-950,-1937,-13.73758865,75,66,"two-contract post-signal scalp: one contract exits at first target, one runner uses selected stop mode and runner target"
1,signal_scaled_scalp:strategy=vwap_delta_exhaustion_fade_3pt_20d_cl0.5:direction=all:first_target_points=0.5:stop_points=2:runner_target_points=5:runner_stop_mode=breakeven,vwap_delta_exhaustion_fade_3pt_20d_cl0.5,all,0.5,2,5,breakeven,141,141,141,39,102,17,85,0,0,102,0.72340426,-1000,-1987,-14.09219858,75,66,"two-contract post-signal scalp: one contract exits at first target, one runner uses selected stop mode and runner target"
1,signal_scaled_scalp:strategy=vwap_delta_exhaustion_fade_3pt_20d_cl0.5:direction=all:first_target_points=0.5:stop_points=2:runner_target_points=5:runner_stop_mode=initial,vwap_delta_exhaustion_fade_3pt_20d_cl0.5,all,0.5,2,5,initial,141,141,141,39,102,46,56,0,0,46,0.32624113,650,-337,-2.39007092,75,66,"two-contract post-signal scalp: one contract exits at first target, one runner uses selected stop mode and runner target"
1,signal_scaled_scalp:strategy=vwap_delta_exhaustion_fade_3pt_20d_cl0.5:direction=all:first_target_points=1:stop_points=1:runner_target_points=1.5:runner_stop_mode=breakeven,vwap_delta_exhaustion_fade_3pt_20d_cl0.5,all,1,1,1.5,breakeven,141,141,141,73,68,48,20,0,0,68,0.4822695,-300,-1287,-9.12765957,75,66,"two-contract post-signal scalp: one contract exits at first target, one runner uses selected stop mode and runner target"
1,signal_scaled_scalp:strategy=vwap_delta_exhaustion_fade_3pt_20d_cl0.5:direction=all:first_target_points=1:stop_points=1:runner_target_points=1.5:runner_stop_mode=initial,vwap_delta_exhaustion_fade_3pt_20d_cl0.5,all,1,1,1.5,initial,141,141,141,73,68,60,8,0,0,60,0.42553191,200,-787,-5.58156028,75,66,"two-contract post-signal scalp: one contract exits at first target, one runner uses selected stop mode and runner target"
1,signal_scaled_scalp:strategy=vwap_delta_exhaustion_fade_3pt_20d_cl0.5:direction=all:first_target_points=1:stop_points=1:runner_target_points=2:runner_stop_mode=breakeven,vwap_delta_exhaustion_fade_3pt_20d_cl0.5,all,1,1,2,breakeven,141,141,141,73,68,36,32,0,0,68,0.4822695,-300,-1287,-9.12765957,75,66,"two-contract post-signal scalp: one contract exits at first target, one runner uses selected stop mode and runner target"
1,signal_scaled_scalp:strategy=vwap_delta_exhaustion_fade_3pt_20d_cl0.5:direction=all:first_target_points=1:stop_points=1:runner_target_points=2:runner_stop_mode=initial,vwap_delta_exhaustion_fade_3pt_20d_cl0.5,all,1,1,2,initial,141,141,141,73,68,51,17,0,0,51,0.36170213,350,-637,-4.5177305,75,66,"two-contract post-signal scalp: one contract exits at first target, one runner uses selected stop mode and runner target"
1,signal_scaled_scalp:strategy=vwap_delta_exhaustion_fade_3pt_20d_cl0.5:direction=all:first_target_points=1:stop_points=1:runner_target_points=3:runner_stop_mode=breakeven,vwap_delta_exhaustion_fade_3pt_20d_cl0.5,all,1,1,3,breakeven,141,141,141,73,68,24,44,0,0,68,0.4822695,-300,-1287,-9.12765957,75,66,"two-contract post-signal scalp: one contract exits at first target, one runner uses selected stop mode and runner target"
1,signal_scaled_scalp:strategy=vwap_delta_exhaustion_fade_3pt_20d_cl0.5:direction=all:first_target_points=1:stop_points=1:runner_target_points=3:runner_stop_mode=initial,vwap_delta_exhaustion_fade_3pt_20d_cl0.5,all,1,1,3,initial,141,141,141,73,68,35,33,0,0,35,0.24822695,-300,-1287,-9.12765957,75,66,"two-contract post-signal scalp: one contract exits at first target, one runner uses selected stop mode and runner target"
1,signal_scaled_scalp:strategy=vwap_delta_exhaustion_fade_3pt_20d_cl0.5:direction=all:first_target_points=1:stop_points=1:runner_target_points=5:runner_stop_mode=breakeven,vwap_delta_exhaustion_fade_3pt_20d_cl0.5,all,1,1,5,breakeven,141,141,141,73,68,19,49,0,0,68,0.4822695,850,-137,-0.97163121,75,66,"two-contract post-signal scalp: one contract exits at first target, one runner uses selected stop mode and runner target"
1,signal_scaled_scalp:strategy=vwap_delta_exhaustion_fade_3pt_20d_cl0.5:direction=all:first_target_points=1:stop_points=1:runner_target_points=5:runner_stop_mode=initial,vwap_delta_exhaustion_fade_3pt_20d_cl0.5,all,1,1,5,initial,141,141,141,73,68,25,43,0,0,25,0.17730496,200,-787,-5.58156028,75,66,"two-contract post-signal scalp: one contract exits at first target, one runner uses selected stop mode and runner target"
1,signal_scaled_scalp:strategy=vwap_delta_exhaustion_fade_3pt_20d_cl0.5:direction=all:first_target_points=1:stop_points=1.5:runner_target_points=1.5:runner_stop_mode=breakeven,vwap_delta_exhaustion_fade_3pt_20d_cl0.5,all,1,1.5,1.5,breakeven,141,141,141,62,79,53,26,0,0,79,0.56028369,-1375,-2362,-16.75177305,75,66,"two-contract post-signal scalp: one contract exits at first target, one runner uses selected stop mode and runner target"
1,signal_scaled_scalp:strategy=vwap_delta_exhaustion_fade_3pt_20d_cl0.5:direction=all:first_target_points=1:stop_points=1.5:runner_target_points=1.5:runner_stop_mode=initial,vwap_delta_exhaustion_fade_3pt_20d_cl0.5,all,1,1.5,1.5,initial,141,141,141,62,79,71,8,0,0,71,0.5035461,-625,-1612,-11.43262411,75,66,"two-contract post-signal scalp: one contract exits at first target, one runner uses selected stop mode and runner target"
1,signal_scaled_scalp:strategy=vwap_delta_exhaustion_fade_3pt_20d_cl0.5:direction=all:first_target_points=1:stop_points=1.5:runner_target_points=2:runner_stop_mode=breakeven,vwap_delta_exhaustion_fade_3pt_20d_cl0.5,all,1,1.5,2,breakeven,141,141,141,62,79,39,40,0,0,79,0.56028369,-1450,-2437,-17.28368794,75,66,"two-contract post-signal scalp: one contract exits at first target, one runner uses selected stop mode and runner target"
1,signal_scaled_scalp:strategy=vwap_delta_exhaustion_fade_3pt_20d_cl0.5:direction=all:first_target_points=1:stop_points=1.5:runner_target_points=2:runner_stop_mode=initial,vwap_delta_exhaustion_fade_3pt_20d_cl0.5,all,1,1.5,2,initial,141,141,141,62,79,62,17,0,0,62,0.43971631,-425,-1412,-10.0141844,75,66,"two-contract post-signal scalp: one contract exits at first target, one runner uses selected stop mode and runner target"
1,signal_scaled_scalp:strategy=vwap_delta_exhaustion_fade_3pt_20d_cl0.5:direction=all:first_target_points=1:stop_points=1.5:runner_target_points=3:runner_stop_mode=breakeven,vwap_delta_exhaustion_fade_3pt_20d_cl0.5,all,1,1.5,3,breakeven,141,141,141,62,79,26,53,0,0,79,0.56028369,-1450,-2437,-17.28368794,75,66,"two-contract post-signal scalp: one contract exits at first target, one runner uses selected stop mode and runner target"
1,signal_scaled_scalp:strategy=vwap_delta_exhaustion_fade_3pt_20d_cl0.5:direction=all:first_target_points=1:stop_points=1.5:runner_target_points=3:runner_stop_mode=initial,vwap_delta_exhaustion_fade_3pt_20d_cl0.5,all,1,1.5,3,initial,141,141,141,62,79,45,34,0,0,45,0.31914894,-1150,-2137,-15.15602837,75,66,"two-contract post-signal scalp: one contract exits at first target, one runner uses selected stop mode and runner target"
1,signal_scaled_scalp:strategy=vwap_delta_exhaustion_fade_3pt_20d_cl0.5:direction=all:first_target_points=1:stop_points=1.5:runner_target_points=5:runner_stop_mode=breakeven,vwap_delta_exhaustion_fade_3pt_20d_cl0.5,all,1,1.5,5,breakeven,141,141,141,62,79,21,58,0,0,79,0.56028369,-100,-1087,-7.70921986,75,66,"two-contract post-signal scalp: one contract exits at first target, one runner uses selected stop mode and runner target"
1,signal_scaled_scalp:strategy=vwap_delta_exhaustion_fade_3pt_20d_cl0.5:direction=all:first_target_points=1:stop_points=1.5:runner_target_points=5:runner_stop_mode=initial,vwap_delta_exhaustion_fade_3pt_20d_cl0.5,all,1,1.5,5,initial,141,141,141,62,79,35,44,0,0,35,0.24822695,100,-887,-6.29078014,75,66,"two-contract post-signal scalp: one contract exits at first target, one runner uses selected stop mode and runner target"
1,signal_scaled_scalp:strategy=vwap_delta_exhaustion_fade_3pt_20d_cl0.5:direction=all:first_target_points=1:stop_points=2:runner_target_points=1.5:runner_stop_mode=breakeven,vwap_delta_exhaustion_fade_3pt_20d_cl0.5,all,1,2,1.5,breakeven,141,141,141,50,91,61,30,0,0,91,0.64539007,-875,-1862,-13.20567376,75,66,"two-contract post-signal scalp: one contract exits at first target, one runner uses selected stop mode and runner target"
1,signal_scaled_scalp:strategy=vwap_delta_exhaustion_fade_3pt_20d_cl0.5:direction=all:first_target_points=1:stop_points=2:runner_target_points=1.5:runner_stop_mode=initial,vwap_delta_exhaustion_fade_3pt_20d_cl0.5,all,1,2,1.5,initial,141,141,141,50,91,85,6,0,0,85,0.60283688,325,-662,-4.69503546,75,66,"two-contract post-signal scalp: one contract exits at first target, one runner uses selected stop mode and runner target"
1,signal_scaled_scalp:strategy=vwap_delta_exhaustion_fade_3pt_20d_cl0.5:direction=all:first_target_points=1:stop_points=2:runner_target_points=2:runner_stop_mode=breakeven,vwap_delta_exhaustion_fade_3pt_20d_cl0.5,all,1,2,2,breakeven,141,141,141,50,91,45,46,0,0,91,0.64539007,-950,-1937,-13.73758865,75,66,"two-contract post-signal scalp: one contract exits at first target, one runner uses selected stop mode and runner target"
1,signal_scaled_scalp:strategy=vwap_delta_exhaustion_fade_3pt_20d_cl0.5:direction=all:first_target_points=1:stop_points=2:runner_target_points=2:runner_stop_mode=initial,vwap_delta_exhaustion_fade_3pt_20d_cl0.5,all,1,2,2,initial,141,141,141,50,91,76,15,0,0,76,0.53900709,650,-337,-2.39007092,75,66,"two-contract post-signal scalp: one contract exits at first target, one runner uses selected stop mode and runner target"
1,signal_scaled_scalp:strategy=vwap_delta_exhaustion_fade_3pt_20d_cl0.5:direction=all:first_target_points=1:stop_points=2:runner_target_points=3:runner_stop_mode=breakeven,vwap_delta_exhaustion_fade_3pt_20d_cl0.5,all,1,2,3,breakeven,141,141,141,50,91,32,59,0,0,91,0.64539007,-650,-1637,-11.60992908,75,66,"two-contract post-signal scalp: one contract exits at first target, one runner uses selected stop mode and runner target"
1,signal_scaled_scalp:strategy=vwap_delta_exhaustion_fade_3pt_20d_cl0.5:direction=all:first_target_points=1:stop_points=2:runner_target_points=3:runner_stop_mode=initial,vwap_delta_exhaustion_fade_3pt_20d_cl0.5,all,1,2,3,initial,141,141,141,50,91,58,33,0,0,58,0.41134752,-50,-1037,-7.35460993,75,66,"two-contract post-signal scalp: one contract exits at first target, one runner uses selected stop mode and runner target"
1,signal_scaled_scalp:strategy=vwap_delta_exhaustion_fade_3pt_20d_cl0.5:direction=all:first_target_points=1:stop_points=2:runner_target_points=5:runner_stop_mode=breakeven,vwap_delta_exhaustion_fade_3pt_20d_cl0.5,all,1,2,5,breakeven,141,141,141,50,91,24,67,0,0,91,0.64539007,550,-437,-3.09929078,75,66,"two-contract post-signal scalp: one contract exits at first target, one runner uses selected stop mode and runner target"
1,signal_scaled_scalp:strategy=vwap_delta_exhaustion_fade_3pt_20d_cl0.5:direction=all:first_target_points=1:stop_points=2:runner_target_points=5:runner_stop_mode=initial,vwap_delta_exhaustion_fade_3pt_20d_cl0.5,all,1,2,5,initial,141,141,141,50,91,46,45,0,0,46,0.32624113,1550,563,3.9929078,75,66,"two-contract post-signal scalp: one contract exits at first target, one runner uses selected stop mode and runner target"
1,signal_scaled_scalp:strategy=vwap_delta_exhaustion_fade_3pt_20d_cl0.5:direction=all:first_target_points=1.5:stop_points=1:runner_target_points=2:runner_stop_mode=breakeven,vwap_delta_exhaustion_fade_3pt_20d_cl0.5,all,1.5,1,2,breakeven,141,141,141,81,60,46,14,0,0,60,0.42553191,1000,13,0.09219858,75,66,"two-contract post-signal scalp: one contract exits at first target, one runner uses selected stop mode and runner target"
1,signal_scaled_scalp:strategy=vwap_delta_exhaustion_fade_3pt_20d_cl0.5:direction=all:first_target_points=1.5:stop_points=1:runner_target_points=2:runner_stop_mode=initial,vwap_delta_exhaustion_fade_3pt_20d_cl0.5,all,1.5,1,2,initial,141,141,141,81,60,51,9,0,0,60,0.42553191,1050,63,0.44680851,75,66,"two-contract post-signal scalp: one contract exits at first target, one runner uses selected stop mode and runner target"
1,signal_scaled_scalp:strategy=vwap_delta_exhaustion_fade_3pt_20d_cl0.5:direction=all:first_target_points=1.5:stop_points=1:runner_target_points=3:runner_stop_mode=breakeven,vwap_delta_exhaustion_fade_3pt_20d_cl0.5,all,1.5,1,3,breakeven,141,141,141,81,60,29,31,0,0,60,0.42553191,750,-237,-1.68085106,75,66,"two-contract post-signal scalp: one contract exits at first target, one runner uses selected stop mode and runner target"
1,signal_scaled_scalp:strategy=vwap_delta_exhaustion_fade_3pt_20d_cl0.5:direction=all:first_target_points=1.5:stop_points=1:runner_target_points=3:runner_stop_mode=initial,vwap_delta_exhaustion_fade_3pt_20d_cl0.5,all,1.5,1,3,initial,141,141,141,81,60,35,25,0,0,60,0.42553191,400,-587,-4.16312057,75,66,"two-contract post-signal scalp: one contract exits at first target, one runner uses selected stop mode and runner target"
1,signal_scaled_scalp:strategy=vwap_delta_exhaustion_fade_3pt_20d_cl0.5:direction=all:first_target_points=1.5:stop_points=1:runner_target_points=5:runner_stop_mode=breakeven,vwap_delta_exhaustion_fade_3pt_20d_cl0.5,all,1.5,1,5,breakeven,141,141,141,81,60,21,39,0,0,60,0.42553191,1650,663,4.70212766,75,66,"two-contract post-signal scalp: one contract exits at first target, one runner uses selected stop mode and runner target"
1,signal_scaled_scalp:strategy=vwap_delta_exhaustion_fade_3pt_20d_cl0.5:direction=all:first_target_points=1.5:stop_points=1:runner_target_points=5:runner_stop_mode=initial,vwap_delta_exhaustion_fade_3pt_20d_cl0.5,all,1.5,1,5,initial,141,141,141,81,60,25,35,0,0,60,0.42553191,900,-87,-0.61702128,75,66,"two-contract post-signal scalp: one contract exits at first target, one runner uses selected stop mode and runner target"
1,signal_scaled_scalp:strategy=vwap_delta_exhaustion_fade_3pt_20d_cl0.5:direction=all:first_target_points=1.5:stop_points=1.5:runner_target_points=2:runner_stop_mode=breakeven,vwap_delta_exhaustion_fade_3pt_20d_cl0.5,all,1.5,1.5,2,breakeven,141,141,141,70,71,55,16,0,0,71,0.5035461,325,-662,-4.69503546,75,66,"two-contract post-signal scalp: one contract exits at first target, one runner uses selected stop mode and runner target"
1,signal_scaled_scalp:strategy=vwap_delta_exhaustion_fade_3pt_20d_cl0.5:direction=all:first_target_points=1.5:stop_points=1.5:runner_target_points=2:runner_stop_mode=initial,vwap_delta_exhaustion_fade_3pt_20d_cl0.5,all,1.5,1.5,2,initial,141,141,141,70,71,62,9,0,0,62,0.43971631,350,-637,-4.5177305,75,66,"two-contract post-signal scalp: one contract exits at first target, one runner uses selected stop mode and runner target"
1,signal_scaled_scalp:strategy=vwap_delta_exhaustion_fade_3pt_20d_cl0.5:direction=all:first_target_points=1.5:stop_points=1.5:runner_target_points=3:runner_stop_mode=breakeven,vwap_delta_exhaustion_fade_3pt_20d_cl0.5,all,1.5,1.5,3,breakeven,141,141,141,70,71,34,37,0,0,71,0.5035461,-75,-1062,-7.53191489,75,66,"two-contract post-signal scalp: one contract exits at first target, one runner uses selected stop mode and runner target"
1,signal_scaled_scalp:strategy=vwap_delta_exhaustion_fade_3pt_20d_cl0.5:direction=all:first_target_points=1.5:stop_points=1.5:runner_target_points=3:runner_stop_mode=initial,vwap_delta_exhaustion_fade_3pt_20d_cl0.5,all,1.5,1.5,3,initial,141,141,141,70,71,45,26,0,0,45,0.31914894,-375,-1362,-9.65957447,75,66,"two-contract post-signal scalp: one contract exits at first target, one runner uses selected stop mode and runner target"
1,signal_scaled_scalp:strategy=vwap_delta_exhaustion_fade_3pt_20d_cl0.5:direction=all:first_target_points=1.5:stop_points=1.5:runner_target_points=5:runner_stop_mode=breakeven,vwap_delta_exhaustion_fade_3pt_20d_cl0.5,all,1.5,1.5,5,breakeven,141,141,141,70,71,25,46,0,0,71,0.5035461,1075,88,0.62411348,75,66,"two-contract post-signal scalp: one contract exits at first target, one runner uses selected stop mode and runner target"
1,signal_scaled_scalp:strategy=vwap_delta_exhaustion_fade_3pt_20d_cl0.5:direction=all:first_target_points=1.5:stop_points=1.5:runner_target_points=5:runner_stop_mode=initial,vwap_delta_exhaustion_fade_3pt_20d_cl0.5,all,1.5,1.5,5,initial,141,141,141,70,71,35,36,0,0,35,0.24822695,875,-112,-0.79432624,75,66,"two-contract post-signal scalp: one contract exits at first target, one runner uses selected stop mode and runner target"
1,signal_scaled_scalp:strategy=vwap_delta_exhaustion_fade_3pt_20d_cl0.5:direction=all:first_target_points=1.5:stop_points=2:runner_target_points=2:runner_stop_mode=breakeven,vwap_delta_exhaustion_fade_3pt_20d_cl0.5,all,1.5,2,2,breakeven,141,141,141,56,85,66,19,0,0,85,0.60283688,1775,788,5.58865248,75,66,"two-contract post-signal scalp: one contract exits at first target, one runner uses selected stop mode and runner target"
1,signal_scaled_scalp:strategy=vwap_delta_exhaustion_fade_3pt_20d_cl0.5:direction=all:first_target_points=1.5:stop_points=2:runner_target_points=2:runner_stop_mode=initial,vwap_delta_exhaustion_fade_3pt_20d_cl0.5,all,1.5,2,2,initial,141,141,141,56,85,76,9,0,0,76,0.53900709,1875,888,6.29787234,75,66,"two-contract post-signal scalp: one contract exits at first target, one runner uses selected stop mode and runner target"
1,signal_scaled_scalp:strategy=vwap_delta_exhaustion_fade_3pt_20d_cl0.5:direction=all:first_target_points=1.5:stop_points=2:runner_target_points=3:runner_stop_mode=breakeven,vwap_delta_exhaustion_fade_3pt_20d_cl0.5,all,1.5,2,3,breakeven,141,141,141,56,85,44,41,0,0,85,0.60283688,1775,788,5.58865248,75,66,"two-contract post-signal scalp: one contract exits at first target, one runner uses selected stop mode and runner target"
1,signal_scaled_scalp:strategy=vwap_delta_exhaustion_fade_3pt_20d_cl0.5:direction=all:first_target_points=1.5:stop_points=2:runner_target_points=3:runner_stop_mode=initial,vwap_delta_exhaustion_fade_3pt_20d_cl0.5,all,1.5,2,3,initial,141,141,141,56,85,58,27,0,0,58,0.41134752,1175,188,1.33333333,75,66,"two-contract post-signal scalp: one contract exits at first target, one runner uses selected stop mode and runner target"
1,signal_scaled_scalp:strategy=vwap_delta_exhaustion_fade_3pt_20d_cl0.5:direction=all:first_target_points=1.5:stop_points=2:runner_target_points=5:runner_stop_mode=breakeven,vwap_delta_exhaustion_fade_3pt_20d_cl0.5,all,1.5,2,5,breakeven,141,141,141,56,85,30,55,0,0,85,0.60283688,2675,1688,11.97163121,75,66,"two-contract post-signal scalp: one contract exits at first target, one runner uses selected stop mode and runner target"
1,signal_scaled_scalp:strategy=vwap_delta_exhaustion_fade_3pt_20d_cl0.5:direction=all:first_target_points=1.5:stop_points=2:runner_target_points=5:runner_stop_mode=initial,vwap_delta_exhaustion_fade_3pt_20d_cl0.5,all,1.5,2,5,initial,141,141,141,56,85,46,39,0,0,46,0.32624113,2775,1788,12.68085106,75,66,"two-contract post-signal scalp: one contract exits at first target, one runner uses selected stop mode and runner target"
1,signal_scaled_scalp:strategy=vwap_delta_exhaustion_fade_4pt_30d_cl0.55:direction=all:first_target_points=0.5:stop_points=1:runner_target_points=1.5:runner_stop_mode=breakeven,vwap_delta_exhaustion_fade_4pt_30d_cl0.55,all,0.5,1,1.5,breakeven,125,125,125,59,66,37,29,0,0,66,0.528,-1475,-2350,-18.8,67,58,"two-contract post-signal scalp: one contract exits at first target, one runner uses selected stop mode and runner target"
1,signal_scaled_scalp:strategy=vwap_delta_exhaustion_fade_4pt_30d_cl0.55:direction=all:first_target_points=0.5:stop_points=1:runner_target_points=1.5:runner_stop_mode=initial,vwap_delta_exhaustion_fade_4pt_30d_cl0.55,all,0.5,1,1.5,initial,125,125,125,59,66,54,12,0,0,54,0.432,-800,-1675,-13.4,67,58,"two-contract post-signal scalp: one contract exits at first target, one runner uses selected stop mode and runner target"
1,signal_scaled_scalp:strategy=vwap_delta_exhaustion_fade_4pt_30d_cl0.55:direction=all:first_target_points=0.5:stop_points=1:runner_target_points=2:runner_stop_mode=breakeven,vwap_delta_exhaustion_fade_4pt_30d_cl0.55,all,0.5,1,2,breakeven,125,125,125,59,66,26,40,0,0,66,0.528,-1650,-2525,-20.2,67,58,"two-contract post-signal scalp: one contract exits at first target, one runner uses selected stop mode and runner target"
1,signal_scaled_scalp:strategy=vwap_delta_exhaustion_fade_4pt_30d_cl0.55:direction=all:first_target_points=0.5:stop_points=1:runner_target_points=2:runner_stop_mode=initial,vwap_delta_exhaustion_fade_4pt_30d_cl0.55,all,0.5,1,2,initial,125,125,125,59,66,43,23,0,0,43,0.344,-1100,-1975,-15.8,67,58,"two-contract post-signal scalp: one contract exits at first target, one runner uses selected stop mode and runner target"
1,signal_scaled_scalp:strategy=vwap_delta_exhaustion_fade_4pt_30d_cl0.55:direction=all:first_target_points=0.5:stop_points=1:runner_target_points=3:runner_stop_mode=breakeven,vwap_delta_exhaustion_fade_4pt_30d_cl0.55,all,0.5,1,3,breakeven,125,125,125,59,66,14,52,0,0,66,0.528,-2150,-3025,-24.2,67,58,"two-contract post-signal scalp: one contract exits at first target, one runner uses selected stop mode and runner target"
1,signal_scaled_scalp:strategy=vwap_delta_exhaustion_fade_4pt_30d_cl0.55:direction=all:first_target_points=0.5:stop_points=1:runner_target_points=3:runner_stop_mode=initial,vwap_delta_exhaustion_fade_4pt_30d_cl0.55,all,0.5,1,3,initial,125,125,125,59,66,31,35,0,0,31,0.248,-1350,-2225,-17.8,67,58,"two-contract post-signal scalp: one contract exits at first target, one runner uses selected stop mode and runner target"
1,signal_scaled_scalp:strategy=vwap_delta_exhaustion_fade_4pt_30d_cl0.55:direction=all:first_target_points=0.5:stop_points=1:runner_target_points=5:runner_stop_mode=breakeven,vwap_delta_exhaustion_fade_4pt_30d_cl0.55,all,0.5,1,5,breakeven,125,125,125,59,66,10,56,0,0,66,0.528,-1750,-2625,-21,67,58,"two-contract post-signal scalp: one contract exits at first target, one runner uses selected stop mode and runner target"
1,signal_scaled_scalp:strategy=vwap_delta_exhaustion_fade_4pt_30d_cl0.55:direction=all:first_target_points=0.5:stop_points=1:runner_target_points=5:runner_stop_mode=initial,vwap_delta_exhaustion_fade_4pt_30d_cl0.55,all,0.5,1,5,initial,125,125,125,59,66,22,44,0,0,22,0.176,-950,-1825,-14.6,67,58,"two-contract post-signal scalp: one contract exits at first target, one runner uses selected stop mode and runner target"
1,signal_scaled_scalp:strategy=vwap_delta_exhaustion_fade_4pt_30d_cl0.55:direction=all:first_target_points=0.5:stop_points=1.5:runner_target_points=1.5:runner_stop_mode=breakeven,vwap_delta_exhaustion_fade_4pt_30d_cl0.55,all,0.5,1.5,1.5,breakeven,125,125,125,45,80,40,40,0,0,80,0.64,-1750,-2625,-21,67,58,"two-contract post-signal scalp: one contract exits at first target, one runner uses selected stop mode and runner target"
1,signal_scaled_scalp:strategy=vwap_delta_exhaustion_fade_4pt_30d_cl0.55:direction=all:first_target_points=0.5:stop_points=1.5:runner_target_points=1.5:runner_stop_mode=initial,vwap_delta_exhaustion_fade_4pt_30d_cl0.55,all,0.5,1.5,1.5,initial,125,125,125,45,80,69,11,0,0,69,0.552,-400,-1275,-10.2,67,58,"two-contract post-signal scalp: one contract exits at first target, one runner uses selected stop mode and runner target"
1,signal_scaled_scalp:strategy=vwap_delta_exhaustion_fade_4pt_30d_cl0.55:direction=all:first_target_points=0.5:stop_points=1.5:runner_target_points=2:runner_stop_mode=breakeven,vwap_delta_exhaustion_fade_4pt_30d_cl0.55,all,0.5,1.5,2,breakeven,125,125,125,45,80,29,51,0,0,80,0.64,-1850,-2725,-21.8,67,58,"two-contract post-signal scalp: one contract exits at first target, one runner uses selected stop mode and runner target"
1,signal_scaled_scalp:strategy=vwap_delta_exhaustion_fade_4pt_30d_cl0.55:direction=all:first_target_points=0.5:stop_points=1.5:runner_target_points=2:runner_stop_mode=initial,vwap_delta_exhaustion_fade_4pt_30d_cl0.55,all,0.5,1.5,2,initial,125,125,125,45,80,55,25,0,0,55,0.44,-1125,-2000,-16,67,58,"two-contract post-signal scalp: one contract exits at first target, one runner uses selected stop mode and runner target"
1,signal_scaled_scalp:strategy=vwap_delta_exhaustion_fade_4pt_30d_cl0.55:direction=all:first_target_points=0.5:stop_points=1.5:runner_target_points=3:runner_stop_mode=breakeven,vwap_delta_exhaustion_fade_4pt_30d_cl0.55,all,0.5,1.5,3,breakeven,125,125,125,45,80,17,63,0,0,80,0.64,-2200,-3075,-24.6,67,58,"two-contract post-signal scalp: one contract exits at first target, one runner uses selected stop mode and runner target"
1,signal_scaled_scalp:strategy=vwap_delta_exhaustion_fade_4pt_30d_cl0.55:direction=all:first_target_points=0.5:stop_points=1.5:runner_target_points=3:runner_stop_mode=initial,vwap_delta_exhaustion_fade_4pt_30d_cl0.55,all,0.5,1.5,3,initial,125,125,125,45,80,44,36,0,0,44,0.352,-850,-1725,-13.8,67,58,"two-contract post-signal scalp: one contract exits at first target, one runner uses selected stop mode and runner target"
1,signal_scaled_scalp:strategy=vwap_delta_exhaustion_fade_4pt_30d_cl0.55:direction=all:first_target_points=0.5:stop_points=1.5:runner_target_points=5:runner_stop_mode=breakeven,vwap_delta_exhaustion_fade_4pt_30d_cl0.55,all,0.5,1.5,5,breakeven,125,125,125,45,80,12,68,0,0,80,0.64,-1750,-2625,-21,67,58,"two-contract post-signal scalp: one contract exits at first target, one runner uses selected stop mode and runner target"
1,signal_scaled_scalp:strategy=vwap_delta_exhaustion_fade_4pt_30d_cl0.55:direction=all:first_target_points=0.5:stop_points=1.5:runner_target_points=5:runner_stop_mode=initial,vwap_delta_exhaustion_fade_4pt_30d_cl0.55,all,0.5,1.5,5,initial,125,125,125,45,80,32,48,0,0,32,0.256,-350,-1225,-9.8,67,58,"two-contract post-signal scalp: one contract exits at first target, one runner uses selected stop mode and runner target"
1,signal_scaled_scalp:strategy=vwap_delta_exhaustion_fade_4pt_30d_cl0.55:direction=all:first_target_points=0.5:stop_points=2:runner_target_points=1.5:runner_stop_mode=breakeven,vwap_delta_exhaustion_fade_4pt_30d_cl0.55,all,0.5,2,1.5,breakeven,125,125,125,32,93,42,51,0,0,93,0.744,-925,-1800,-14.4,67,58,"two-contract post-signal scalp: one contract exits at first target, one runner uses selected stop mode and runner target"
1,signal_scaled_scalp:strategy=vwap_delta_exhaustion_fade_4pt_30d_cl0.55:direction=all:first_target_points=0.5:stop_points=2:runner_target_points=1.5:runner_stop_mode=initial,vwap_delta_exhaustion_fade_4pt_30d_cl0.55,all,0.5,2,1.5,initial,125,125,125,32,93,78,15,0,0,78,0.624,275,-600,-4.8,67,58,"two-contract post-signal scalp: one contract exits at first target, one runner uses selected stop mode and runner target"
1,signal_scaled_scalp:strategy=vwap_delta_exhaustion_fade_4pt_30d_cl0.55:direction=all:first_target_points=0.5:stop_points=2:runner_target_points=2:runner_stop_mode=breakeven,vwap_delta_exhaustion_fade_4pt_30d_cl0.55,all,0.5,2,2,breakeven,125,125,125,32,93,31,62,0,0,93,0.744,-975,-1850,-14.8,67,58,"two-contract post-signal scalp: one contract exits at first target, one runner uses selected stop mode and runner target"
1,signal_scaled_scalp:strategy=vwap_delta_exhaustion_fade_4pt_30d_cl0.55:direction=all:first_target_points=0.5:stop_points=2:runner_target_points=2:runner_stop_mode=initial,vwap_delta_exhaustion_fade_4pt_30d_cl0.55,all,0.5,2,2,initial,125,125,125,32,93,63,30,0,0,63,0.504,-775,-1650,-13.2,67,58,"two-contract post-signal scalp: one contract exits at first target, one runner uses selected stop mode and runner target"
1,signal_scaled_scalp:strategy=vwap_delta_exhaustion_fade_4pt_30d_cl0.55:direction=all:first_target_points=0.5:stop_points=2:runner_target_points=3:runner_stop_mode=breakeven,vwap_delta_exhaustion_fade_4pt_30d_cl0.55,all,0.5,2,3,breakeven,125,125,125,32,93,19,74,0,0,93,0.744,-1225,-2100,-16.8,67,58,"two-contract post-signal scalp: one contract exits at first target, one runner uses selected stop mode and runner target"
1,signal_scaled_scalp:strategy=vwap_delta_exhaustion_fade_4pt_30d_cl0.55:direction=all:first_target_points=0.5:stop_points=2:runner_target_points=3:runner_stop_mode=initial,vwap_delta_exhaustion_fade_4pt_30d_cl0.55,all,0.5,2,3,initial,125,125,125,32,93,51,42,0,0,51,0.408,-625,-1500,-12,67,58,"two-contract post-signal scalp: one contract exits at first target, one runner uses selected stop mode and runner target"
1,signal_scaled_scalp:strategy=vwap_delta_exhaustion_fade_4pt_30d_cl0.55:direction=all:first_target_points=0.5:stop_points=2:runner_target_points=5:runner_stop_mode=breakeven,vwap_delta_exhaustion_fade_4pt_30d_cl0.55,all,0.5,2,5,breakeven,125,125,125,32,93,13,80,0,0,93,0.744,-825,-1700,-13.6,67,58,"two-contract post-signal scalp: one contract exits at first target, one runner uses selected stop mode and runner target"
1,signal_scaled_scalp:strategy=vwap_delta_exhaustion_fade_4pt_30d_cl0.55:direction=all:first_target_points=0.5:stop_points=2:runner_target_points=5:runner_stop_mode=initial,vwap_delta_exhaustion_fade_4pt_30d_cl0.55,all,0.5,2,5,initial,125,125,125,32,93,38,55,0,0,38,0.304,-75,-950,-7.6,67,58,"two-contract post-signal scalp: one contract exits at first target, one runner uses selected stop mode and runner target"
1,signal_scaled_scalp:strategy=vwap_delta_exhaustion_fade_4pt_30d_cl0.55:direction=all:first_target_points=1:stop_points=1:runner_target_points=1.5:runner_stop_mode=breakeven,vwap_delta_exhaustion_fade_4pt_30d_cl0.55,all,1,1,1.5,breakeven,125,125,125,63,62,46,16,0,0,62,0.496,250,-625,-5,67,58,"two-contract post-signal scalp: one contract exits at first target, one runner uses selected stop mode and runner target"
1,signal_scaled_scalp:strategy=vwap_delta_exhaustion_fade_4pt_30d_cl0.55:direction=all:first_target_points=1:stop_points=1:runner_target_points=1.5:runner_stop_mode=initial,vwap_delta_exhaustion_fade_4pt_30d_cl0.55,all,1,1,1.5,initial,125,125,125,63,62,54,8,0,0,54,0.432,450,-425,-3.4,67,58,"two-contract post-signal scalp: one contract exits at first target, one runner uses selected stop mode and runner target"
1,signal_scaled_scalp:strategy=vwap_delta_exhaustion_fade_4pt_30d_cl0.55:direction=all:first_target_points=1:stop_points=1:runner_target_points=2:runner_stop_mode=breakeven,vwap_delta_exhaustion_fade_4pt_30d_cl0.55,all,1,1,2,breakeven,125,125,125,63,62,32,30,0,0,62,0.496,0,-875,-7,67,58,"two-contract post-signal scalp: one contract exits at first target, one runner uses selected stop mode and runner target"
1,signal_scaled_scalp:strategy=vwap_delta_exhaustion_fade_4pt_30d_cl0.55:direction=all:first_target_points=1:stop_points=1:runner_target_points=2:runner_stop_mode=initial,vwap_delta_exhaustion_fade_4pt_30d_cl0.55,all,1,1,2,initial,125,125,125,63,62,43,19,0,0,43,0.344,150,-725,-5.8,67,58,"two-contract post-signal scalp: one contract exits at first target, one runner uses selected stop mode and runner target"
1,signal_scaled_scalp:strategy=vwap_delta_exhaustion_fade_4pt_30d_cl0.55:direction=all:first_target_points=1:stop_points=1:runner_target_points=3:runner_stop_mode=breakeven,vwap_delta_exhaustion_fade_4pt_30d_cl0.55,all,1,1,3,breakeven,125,125,125,63,62,19,43,0,0,62,0.496,-350,-1225,-9.8,67,58,"two-contract post-signal scalp: one contract exits at first target, one runner uses selected stop mode and runner target"
1,signal_scaled_scalp:strategy=vwap_delta_exhaustion_fade_4pt_30d_cl0.55:direction=all:first_target_points=1:stop_points=1:runner_target_points=3:runner_stop_mode=initial,vwap_delta_exhaustion_fade_4pt_30d_cl0.55,all,1,1,3,initial,125,125,125,63,62,31,31,0,0,31,0.248,-100,-975,-7.8,67,58,"two-contract post-signal scalp: one contract exits at first target, one runner uses selected stop mode and runner target"
1,signal_scaled_scalp:strategy=vwap_delta_exhaustion_fade_4pt_30d_cl0.55:direction=all:first_target_points=1:stop_points=1:runner_target_points=5:runner_stop_mode=breakeven,vwap_delta_exhaustion_fade_4pt_30d_cl0.55,all,1,1,5,breakeven,125,125,125,63,62,15,47,0,0,62,0.496,550,-325,-2.6,67,58,"two-contract post-signal scalp: one contract exits at first target, one runner uses selected stop mode and runner target"
1,signal_scaled_scalp:strategy=vwap_delta_exhaustion_fade_4pt_30d_cl0.55:direction=all:first_target_points=1:stop_points=1:runner_target_points=5:runner_stop_mode=initial,vwap_delta_exhaustion_fade_4pt_30d_cl0.55,all,1,1,5,initial,125,125,125,63,62,22,40,0,0,22,0.176,300,-575,-4.6,67,58,"two-contract post-signal scalp: one contract exits at first target, one runner uses selected stop mode and runner target"
1,signal_scaled_scalp:strategy=vwap_delta_exhaustion_fade_4pt_30d_cl0.55:direction=all:first_target_points=1:stop_points=1.5:runner_target_points=1.5:runner_stop_mode=breakeven,vwap_delta_exhaustion_fade_4pt_30d_cl0.55,all,1,1.5,1.5,breakeven,125,125,125,51,74,55,19,0,0,74,0.592,175,-700,-5.6,67,58,"two-contract post-signal scalp: one contract exits at first target, one runner uses selected stop mode and runner target"
1,signal_scaled_scalp:strategy=vwap_delta_exhaustion_fade_4pt_30d_cl0.55:direction=all:first_target_points=1:stop_points=1.5:runner_target_points=1.5:runner_stop_mode=initial,vwap_delta_exhaustion_fade_4pt_30d_cl0.55,all,1,1.5,1.5,initial,125,125,125,51,74,69,5,0,0,69,0.552,850,-25,-0.2,67,58,"two-contract post-signal scalp: one contract exits at first target, one runner uses selected stop mode and runner target"
1,signal_scaled_scalp:strategy=vwap_delta_exhaustion_fade_4pt_30d_cl0.55:direction=all:first_target_points=1:stop_points=1.5:runner_target_points=2:runner_stop_mode=breakeven,vwap_delta_exhaustion_fade_4pt_30d_cl0.55,all,1,1.5,2,breakeven,125,125,125,51,74,39,35,0,0,74,0.592,-50,-925,-7.4,67,58,"two-contract post-signal scalp: one contract exits at first target, one runner uses selected stop mode and runner target"
1,signal_scaled_scalp:strategy=vwap_delta_exhaustion_fade_4pt_30d_cl0.55:direction=all:first_target_points=1:stop_points=1.5:runner_target_points=2:runner_stop_mode=initial,vwap_delta_exhaustion_fade_4pt_30d_cl0.55,all,1,1.5,2,initial,125,125,125,51,74,55,19,0,0,55,0.44,125,-750,-6,67,58,"two-contract post-signal scalp: one contract exits at first target, one runner uses selected stop mode and runner target"
1,signal_scaled_scalp:strategy=vwap_delta_exhaustion_fade_4pt_30d_cl0.55:direction=all:first_target_points=1:stop_points=1.5:runner_target_points=3:runner_stop_mode=breakeven,vwap_delta_exhaustion_fade_4pt_30d_cl0.55,all,1,1.5,3,breakeven,125,125,125,51,74,24,50,0,0,74,0.592,-350,-1225,-9.8,67,58,"two-contract post-signal scalp: one contract exits at first target, one runner uses selected stop mode and runner target"
1,signal_scaled_scalp:strategy=vwap_delta_exhaustion_fade_4pt_30d_cl0.55:direction=all:first_target_points=1:stop_points=1.5:runner_target_points=3:runner_stop_mode=initial,vwap_delta_exhaustion_fade_4pt_30d_cl0.55,all,1,1.5,3,initial,125,125,125,51,74,44,30,0,0,44,0.352,400,-475,-3.8,67,58,"two-contract post-signal scalp: one contract exits at first target, one runner uses selected stop mode and runner target"
1,signal_scaled_scalp:strategy=vwap_delta_exhaustion_fade_4pt_30d_cl0.55:direction=all:first_target_points=1:stop_points=1.5:runner_target_points=5:runner_stop_mode=breakeven,vwap_delta_exhaustion_fade_4pt_30d_cl0.55,all,1,1.5,5,breakeven,125,125,125,51,74,18,56,0,0,74,0.592,550,-325,-2.6,67,58,"two-contract post-signal scalp: one contract exits at first target, one runner uses selected stop mode and runner target"
1,signal_scaled_scalp:strategy=vwap_delta_exhaustion_fade_4pt_30d_cl0.55:direction=all:first_target_points=1:stop_points=1.5:runner_target_points=5:runner_stop_mode=initial,vwap_delta_exhaustion_fade_4pt_30d_cl0.55,all,1,1.5,5,initial,125,125,125,51,74,32,42,0,0,32,0.256,900,25,0.2,67,58,"two-contract post-signal scalp: one contract exits at first target, one runner uses selected stop mode and runner target"
1,signal_scaled_scalp:strategy=vwap_delta_exhaustion_fade_4pt_30d_cl0.55:direction=all:first_target_points=1:stop_points=2:runner_target_points=1.5:runner_stop_mode=breakeven,vwap_delta_exhaustion_fade_4pt_30d_cl0.55,all,1,2,1.5,breakeven,125,125,125,39,86,60,26,0,0,86,0.688,1000,125,1,67,58,"two-contract post-signal scalp: one contract exits at first target, one runner uses selected stop mode and runner target"
1,signal_scaled_scalp:strategy=vwap_delta_exhaustion_fade_4pt_30d_cl0.55:direction=all:first_target_points=1:stop_points=2:runner_target_points=1.5:runner_stop_mode=initial,vwap_delta_exhaustion_fade_4pt_30d_cl0.55,all,1,2,1.5,initial,125,125,125,39,86,78,8,0,0,78,0.624,1550,675,5.4,67,58,"two-contract post-signal scalp: one contract exits at first target, one runner uses selected stop mode and runner target"
1,signal_scaled_scalp:strategy=vwap_delta_exhaustion_fade_4pt_30d_cl0.55:direction=all:first_target_points=1:stop_points=2:runner_target_points=2:runner_stop_mode=breakeven,vwap_delta_exhaustion_fade_4pt_30d_cl0.55,all,1,2,2,breakeven,125,125,125,39,86,42,44,0,0,86,0.688,700,-175,-1.4,67,58,"two-contract post-signal scalp: one contract exits at first target, one runner uses selected stop mode and runner target"
1,signal_scaled_scalp:strategy=vwap_delta_exhaustion_fade_4pt_30d_cl0.55:direction=all:first_target_points=1:stop_points=2:runner_target_points=2:runner_stop_mode=initial,vwap_delta_exhaustion_fade_4pt_30d_cl0.55,all,1,2,2,initial,125,125,125,39,86,63,23,0,0,63,0.504,500,-375,-3,67,58,"two-contract post-signal scalp: one contract exits at first target, one runner uses selected stop mode and runner target"
1,signal_scaled_scalp:strategy=vwap_delta_exhaustion_fade_4pt_30d_cl0.55:direction=all:first_target_points=1:stop_points=2:runner_target_points=3:runner_stop_mode=breakeven,vwap_delta_exhaustion_fade_4pt_30d_cl0.55,all,1,2,3,breakeven,125,125,125,39,86,27,59,0,0,86,0.688,550,-325,-2.6,67,58,"two-contract post-signal scalp: one contract exits at first target, one runner uses selected stop mode and runner target"
1,signal_scaled_scalp:strategy=vwap_delta_exhaustion_fade_4pt_30d_cl0.55:direction=all:first_target_points=1:stop_points=2:runner_target_points=3:runner_stop_mode=initial,vwap_delta_exhaustion_fade_4pt_30d_cl0.55,all,1,2,3,initial,125,125,125,39,86,51,35,0,0,51,0.408,650,-225,-1.8,67,58,"two-contract post-signal scalp: one contract exits at first target, one runner uses selected stop mode and runner target"
1,signal_scaled_scalp:strategy=vwap_delta_exhaustion_fade_4pt_30d_cl0.55:direction=all:first_target_points=1:stop_points=2:runner_target_points=5:runner_stop_mode=breakeven,vwap_delta_exhaustion_fade_4pt_30d_cl0.55,all,1,2,5,breakeven,125,125,125,39,86,19,67,0,0,86,0.688,1250,375,3,67,58,"two-contract post-signal scalp: one contract exits at first target, one runner uses selected stop mode and runner target"
1,signal_scaled_scalp:strategy=vwap_delta_exhaustion_fade_4pt_30d_cl0.55:direction=all:first_target_points=1:stop_points=2:runner_target_points=5:runner_stop_mode=initial,vwap_delta_exhaustion_fade_4pt_30d_cl0.55,all,1,2,5,initial,125,125,125,39,86,38,48,0,0,38,0.304,1200,325,2.6,67,58,"two-contract post-signal scalp: one contract exits at first target, one runner uses selected stop mode and runner target"
1,signal_scaled_scalp:strategy=vwap_delta_exhaustion_fade_4pt_30d_cl0.55:direction=all:first_target_points=1.5:stop_points=1:runner_target_points=2:runner_stop_mode=breakeven,vwap_delta_exhaustion_fade_4pt_30d_cl0.55,all,1.5,1,2,breakeven,125,125,125,71,54,38,16,0,0,54,0.432,750,-125,-1,67,58,"two-contract post-signal scalp: one contract exits at first target, one runner uses selected stop mode and runner target"
1,signal_scaled_scalp:strategy=vwap_delta_exhaustion_fade_4pt_30d_cl0.55:direction=all:first_target_points=1.5:stop_points=1:runner_target_points=2:runner_stop_mode=initial,vwap_delta_exhaustion_fade_4pt_30d_cl0.55,all,1.5,1,2,initial,125,125,125,71,54,43,11,0,0,54,0.432,700,-175,-1.4,67,58,"two-contract post-signal scalp: one contract exits at first target, one runner uses selected stop mode and runner target"
1,signal_scaled_scalp:strategy=vwap_delta_exhaustion_fade_4pt_30d_cl0.55:direction=all:first_target_points=1.5:stop_points=1:runner_target_points=3:runner_stop_mode=breakeven,vwap_delta_exhaustion_fade_4pt_30d_cl0.55,all,1.5,1,3,breakeven,125,125,125,71,54,22,32,0,0,54,0.432,250,-625,-5,67,58,"two-contract post-signal scalp: one contract exits at first target, one runner uses selected stop mode and runner target"
1,signal_scaled_scalp:strategy=vwap_delta_exhaustion_fade_4pt_30d_cl0.55:direction=all:first_target_points=1.5:stop_points=1:runner_target_points=3:runner_stop_mode=initial,vwap_delta_exhaustion_fade_4pt_30d_cl0.55,all,1.5,1,3,initial,125,125,125,71,54,31,23,0,0,54,0.432,450,-425,-3.4,67,58,"two-contract post-signal scalp: one contract exits at first target, one runner uses selected stop mode and runner target"
1,signal_scaled_scalp:strategy=vwap_delta_exhaustion_fade_4pt_30d_cl0.55:direction=all:first_target_points=1.5:stop_points=1:runner_target_points=5:runner_stop_mode=breakeven,vwap_delta_exhaustion_fade_4pt_30d_cl0.55,all,1.5,1,5,breakeven,125,125,125,71,54,16,38,0,0,54,0.432,950,75,0.6,67,58,"two-contract post-signal scalp: one contract exits at first target, one runner uses selected stop mode and runner target"
1,signal_scaled_scalp:strategy=vwap_delta_exhaustion_fade_4pt_30d_cl0.55:direction=all:first_target_points=1.5:stop_points=1:runner_target_points=5:runner_stop_mode=initial,vwap_delta_exhaustion_fade_4pt_30d_cl0.55,all,1.5,1,5,initial,125,125,125,71,54,22,32,0,0,54,0.432,850,-25,-0.2,67,58,"two-contract post-signal scalp: one contract exits at first target, one runner uses selected stop mode and runner target"
1,signal_scaled_scalp:strategy=vwap_delta_exhaustion_fade_4pt_30d_cl0.55:direction=all:first_target_points=1.5:stop_points=1.5:runner_target_points=2:runner_stop_mode=breakeven,vwap_delta_exhaustion_fade_4pt_30d_cl0.55,all,1.5,1.5,2,breakeven,125,125,125,56,69,50,19,0,0,69,0.552,1775,900,7.2,67,58,"two-contract post-signal scalp: one contract exits at first target, one runner uses selected stop mode and runner target"
1,signal_scaled_scalp:strategy=vwap_delta_exhaustion_fade_4pt_30d_cl0.55:direction=all:first_target_points=1.5:stop_points=1.5:runner_target_points=2:runner_stop_mode=initial,vwap_delta_exhaustion_fade_4pt_30d_cl0.55,all,1.5,1.5,2,initial,125,125,125,56,69,55,14,0,0,55,0.44,1225,350,2.8,67,58,"two-contract post-signal scalp: one contract exits at first target, one runner uses selected stop mode and runner target"
1,signal_scaled_scalp:strategy=vwap_delta_exhaustion_fade_4pt_30d_cl0.55:direction=all:first_target_points=1.5:stop_points=1.5:runner_target_points=3:runner_stop_mode=breakeven,vwap_delta_exhaustion_fade_4pt_30d_cl0.55,all,1.5,1.5,3,breakeven,125,125,125,56,69,30,39,0,0,69,0.552,1275,400,3.2,67,58,"two-contract post-signal scalp: one contract exits at first target, one runner uses selected stop mode and runner target"
1,signal_scaled_scalp:strategy=vwap_delta_exhaustion_fade_4pt_30d_cl0.55:direction=all:first_target_points=1.5:stop_points=1.5:runner_target_points=3:runner_stop_mode=initial,vwap_delta_exhaustion_fade_4pt_30d_cl0.55,all,1.5,1.5,3,initial,125,125,125,56,69,44,25,0,0,44,0.352,1500,625,5,67,58,"two-contract post-signal scalp: one contract exits at first target, one runner uses selected stop mode and runner target"
1,signal_scaled_scalp:strategy=vwap_delta_exhaustion_fade_4pt_30d_cl0.55:direction=all:first_target_points=1.5:stop_points=1.5:runner_target_points=5:runner_stop_mode=breakeven,vwap_delta_exhaustion_fade_4pt_30d_cl0.55,all,1.5,1.5,5,breakeven,125,125,125,56,69,20,49,0,0,69,0.552,1775,900,7.2,67,58,"two-contract post-signal scalp: one contract exits at first target, one runner uses selected stop mode and runner target"
1,signal_scaled_scalp:strategy=vwap_delta_exhaustion_fade_4pt_30d_cl0.55:direction=all:first_target_points=1.5:stop_points=1.5:runner_target_points=5:runner_stop_mode=initial,vwap_delta_exhaustion_fade_4pt_30d_cl0.55,all,1.5,1.5,5,initial,125,125,125,56,69,32,37,0,0,32,0.256,2000,1125,9,67,58,"two-contract post-signal scalp: one contract exits at first target, one runner uses selected stop mode and runner target"
1,signal_scaled_scalp:strategy=vwap_delta_exhaustion_fade_4pt_30d_cl0.55:direction=all:first_target_points=1.5:stop_points=2:runner_target_points=2:runner_stop_mode=breakeven,vwap_delta_exhaustion_fade_4pt_30d_cl0.55,all,1.5,2,2,breakeven,125,125,125,47,78,55,23,0,0,78,0.624,1950,1075,8.6,67,58,"two-contract post-signal scalp: one contract exits at first target, one runner uses selected stop mode and runner target"
1,signal_scaled_scalp:strategy=vwap_delta_exhaustion_fade_4pt_30d_cl0.55:direction=all:first_target_points=1.5:stop_points=2:runner_target_points=2:runner_stop_mode=initial,vwap_delta_exhaustion_fade_4pt_30d_cl0.55,all,1.5,2,2,initial,125,125,125,47,78,63,15,0,0,63,0.504,1250,375,3,67,58,"two-contract post-signal scalp: one contract exits at first target, one runner uses selected stop mode and runner target"
1,signal_scaled_scalp:strategy=vwap_delta_exhaustion_fade_4pt_30d_cl0.55:direction=all:first_target_points=1.5:stop_points=2:runner_target_points=3:runner_stop_mode=breakeven,vwap_delta_exhaustion_fade_4pt_30d_cl0.55,all,1.5,2,3,breakeven,125,125,125,47,78,34,44,0,0,78,0.624,1550,675,5.4,67,58,"two-contract post-signal scalp: one contract exits at first target, one runner uses selected stop mode and runner target"
1,signal_scaled_scalp:strategy=vwap_delta_exhaustion_fade_4pt_30d_cl0.55:direction=all:first_target_points=1.5:stop_points=2:runner_target_points=3:runner_stop_mode=initial,vwap_delta_exhaustion_fade_4pt_30d_cl0.55,all,1.5,2,3,initial,125,125,125,47,78,51,27,0,0,51,0.408,1400,525,4.2,67,58,"two-contract post-signal scalp: one contract exits at first target, one runner uses selected stop mode and runner target"
1,signal_scaled_scalp:strategy=vwap_delta_exhaustion_fade_4pt_30d_cl0.55:direction=all:first_target_points=1.5:stop_points=2:runner_target_points=5:runner_stop_mode=breakeven,vwap_delta_exhaustion_fade_4pt_30d_cl0.55,all,1.5,2,5,breakeven,125,125,125,47,78,21,57,0,0,78,0.624,1700,825,6.6,67,58,"two-contract post-signal scalp: one contract exits at first target, one runner uses selected stop mode and runner target"
1,signal_scaled_scalp:strategy=vwap_delta_exhaustion_fade_4pt_30d_cl0.55:direction=all:first_target_points=1.5:stop_points=2:runner_target_points=5:runner_stop_mode=initial,vwap_delta_exhaustion_fade_4pt_30d_cl0.55,all,1.5,2,5,initial,125,125,125,47,78,38,40,0,0,38,0.304,1950,1075,8.6,67,58,"two-contract post-signal scalp: one contract exits at first target, one runner uses selected stop mode and runner target"
