schema_version,split_id,sample,selected_on_train,trade_dates,selected_context_experiment_id,veto_id,veto_name,veto_field,veto_operator,veto_threshold,minimum_kept_train_trades,selected_input_trades,kept_trades,vetoed_trades,runner_target_hits,full_stops,runner_stop_exits,other_exits,positive_net_trades,positive_net_rate,net_usd,average_net_usd,average_net_usd_lower_bound,unvetoed_net_usd,veto_net_improvement_usd,long_trades,short_trades,notes
1,scaled_context_filter_walk_forward_window=1:train_dates=8:holdout_dates=2,train,true,2025-11-03;2025-11-04;2025-11-05;2025-11-06;2025-11-07;2025-11-10;2025-11-11;2025-11-12,scaled_context_filter:strategy=delta_impulse_continue_10bar_2.5pt_50d:direction=all:minutes=60-180:max_risk_avg_range=4:max_runner_avg_range=4:signal_delta_avg=0-20:min_volume_avg=0.75:min_trades_avg=0:min_cont_edge=0:min_or_cont_edge=0:min_or_breakout=-999999:min_efficiency=0:max_chop=1:min_entry_session_volume=0:min_lookback_session_volume=0,selected_veto:name=max_entry_volume_to_average_volume:field=entry_volume_to_average_volume:op=<=:threshold=1,max_entry_volume_to_average_volume,entry_volume_to_average_volume,<=,1,10,25,16,9,12,2,2,0,12,0.75,4388,274.25,128.48457682,4625,-237,5,11,second-stage single-feature veto selected on train rows only
1,scaled_context_filter_walk_forward_window=1:train_dates=8:holdout_dates=2,holdout,true,2025-11-13;2025-11-14,scaled_context_filter:strategy=delta_impulse_continue_10bar_2.5pt_50d:direction=all:minutes=60-180:max_risk_avg_range=4:max_runner_avg_range=4:signal_delta_avg=0-20:min_volume_avg=0.75:min_trades_avg=0:min_cont_edge=0:min_or_cont_edge=0:min_or_breakout=-999999:min_efficiency=0:max_chop=1:min_entry_session_volume=0:min_lookback_session_volume=0,selected_veto:name=max_entry_volume_to_average_volume:field=entry_volume_to_average_volume:op=<=:threshold=1,max_entry_volume_to_average_volume,entry_volume_to_average_volume,<=,1,10,7,4,3,1,2,1,0,1,0.25,-1828,-457,-796.57694268,-49,-1779,3,1,second-stage single-feature veto selected on train rows only
1,scaled_context_filter_walk_forward_window=3:train_dates=8:holdout_dates=2,train,true,2025-11-05;2025-11-06;2025-11-07;2025-11-10;2025-11-11;2025-11-12;2025-11-13;2025-11-14,scaled_context_filter:strategy=delta_impulse_continue_10bar_2.5pt_50d:direction=short:minutes=60-180:max_risk_avg_range=4:max_runner_avg_range=4:signal_delta_avg=0-20:min_volume_avg=0.75:min_trades_avg=0:min_cont_edge=0:min_or_cont_edge=0:min_or_breakout=-999999:min_efficiency=0:max_chop=1:min_entry_session_volume=0:min_lookback_session_volume=0,selected_veto:name=max_signal_abs_delta_sum_to_average_abs_delta:field=signal_abs_delta_sum_to_average_abs_delta:op=<=:threshold=6,max_signal_abs_delta_sum_to_average_abs_delta,signal_abs_delta_sum_to_average_abs_delta,<=,6,10,18,14,4,12,0,2,0,12,0.85714286,6502,464.42857143,380.25881377,5424,1078,0,14,second-stage single-feature veto selected on train rows only
1,scaled_context_filter_walk_forward_window=3:train_dates=8:holdout_dates=2,holdout,true,2025-11-17;2025-11-18,scaled_context_filter:strategy=delta_impulse_continue_10bar_2.5pt_50d:direction=short:minutes=60-180:max_risk_avg_range=4:max_runner_avg_range=4:signal_delta_avg=0-20:min_volume_avg=0.75:min_trades_avg=0:min_cont_edge=0:min_or_cont_edge=0:min_or_breakout=-999999:min_efficiency=0:max_chop=1:min_entry_session_volume=0:min_lookback_session_volume=0,selected_veto:name=max_signal_abs_delta_sum_to_average_abs_delta:field=signal_abs_delta_sum_to_average_abs_delta:op=<=:threshold=6,max_signal_abs_delta_sum_to_average_abs_delta,signal_abs_delta_sum_to_average_abs_delta,<=,6,10,3,3,0,2,1,0,0,2,0.66666667,129,43,-406.07311951,129,0,0,3,second-stage single-feature veto selected on train rows only
1,scaled_context_filter_walk_forward_window=5:train_dates=8:holdout_dates=2,train,true,2025-11-07;2025-11-10;2025-11-11;2025-11-12;2025-11-13;2025-11-14;2025-11-17;2025-11-18,scaled_context_filter:strategy=delta_impulse_continue_10bar_2.5pt_50d:direction=short:minutes=60-120:max_risk_avg_range=4:max_runner_avg_range=4:signal_delta_avg=0-20:min_volume_avg=0:min_trades_avg=0.75:min_cont_edge=0:min_or_cont_edge=0:min_or_breakout=-999999:min_efficiency=0:max_chop=1:min_entry_session_volume=0:min_lookback_session_volume=0,selected_veto:name=max_entry_volume_to_average_volume:field=entry_volume_to_average_volume:op=<=:threshold=1.25,max_entry_volume_to_average_volume,entry_volume_to_average_volume,<=,1.25,10,14,10,4,8,0,2,0,8,0.8,4130,413,299.15800423,3202,928,0,10,second-stage single-feature veto selected on train rows only
1,scaled_context_filter_walk_forward_window=5:train_dates=8:holdout_dates=2,holdout,true,2025-11-19;2025-11-20,scaled_context_filter:strategy=delta_impulse_continue_10bar_2.5pt_50d:direction=short:minutes=60-120:max_risk_avg_range=4:max_runner_avg_range=4:signal_delta_avg=0-20:min_volume_avg=0:min_trades_avg=0.75:min_cont_edge=0:min_or_cont_edge=0:min_or_breakout=-999999:min_efficiency=0:max_chop=1:min_entry_session_volume=0:min_lookback_session_volume=0,selected_veto:name=max_entry_volume_to_average_volume:field=entry_volume_to_average_volume:op=<=:threshold=1.25,max_entry_volume_to_average_volume,entry_volume_to_average_volume,<=,1.25,10,6,3,3,3,0,0,0,3,1,1779,593,593,3558,-1779,0,3,second-stage single-feature veto selected on train rows only
1,scaled_context_filter_walk_forward_window=7:train_dates=8:holdout_dates=2,train,true,2025-11-11;2025-11-12;2025-11-13;2025-11-14;2025-11-17;2025-11-18;2025-11-19;2025-11-20,scaled_context_filter:strategy=delta_impulse_continue_10bar_2.5pt_50d:direction=short:minutes=60-180:max_risk_avg_range=4:max_runner_avg_range=4:signal_delta_avg=0-20:min_volume_avg=0.75:min_trades_avg=0:min_cont_edge=0:min_or_cont_edge=0:min_or_breakout=-999999:min_efficiency=0:max_chop=1:min_entry_session_volume=0:min_lookback_session_volume=0,selected_veto:name=max_entry_volume_to_average_volume:field=entry_volume_to_average_volume:op=<=:threshold=1.25,max_entry_volume_to_average_volume,entry_volume_to_average_volume,<=,1.25,10,18,13,5,11,0,2,0,11,0.84615385,5909,454.53846154,364.47703507,7224,-1315,0,13,second-stage single-feature veto selected on train rows only
1,scaled_context_filter_walk_forward_window=7:train_dates=8:holdout_dates=2,holdout,true,2025-11-21;2025-11-24,scaled_context_filter:strategy=delta_impulse_continue_10bar_2.5pt_50d:direction=short:minutes=60-180:max_risk_avg_range=4:max_runner_avg_range=4:signal_delta_avg=0-20:min_volume_avg=0.75:min_trades_avg=0:min_cont_edge=0:min_or_cont_edge=0:min_or_breakout=-999999:min_efficiency=0:max_chop=1:min_entry_session_volume=0:min_lookback_session_volume=0,selected_veto:name=max_entry_volume_to_average_volume:field=entry_volume_to_average_volume:op=<=:threshold=1.25,max_entry_volume_to_average_volume,entry_volume_to_average_volume,<=,1.25,10,1,1,0,1,0,0,0,1,1,593,593,593,593,0,0,1,second-stage single-feature veto selected on train rows only
1,scaled_context_filter_walk_forward_window=9:train_dates=8:holdout_dates=2,train,true,2025-11-13;2025-11-14;2025-11-17;2025-11-18;2025-11-19;2025-11-20;2025-11-21;2025-11-24,scaled_context_filter:strategy=delta_impulse_continue_10bar_2.5pt_50d:direction=short:minutes=60-180:max_risk_avg_range=4:max_runner_avg_range=4:signal_delta_avg=0-20:min_volume_avg=0:min_trades_avg=0:min_cont_edge=0:min_or_cont_edge=0:min_or_breakout=-999999:min_efficiency=0:max_chop=1:min_entry_session_volume=0:min_lookback_session_volume=0,selected_veto:name=max_entry_volume_to_average_volume:field=entry_volume_to_average_volume:op=<=:threshold=1.25,max_entry_volume_to_average_volume,entry_volume_to_average_volume,<=,1.25,10,16,11,5,11,0,0,0,11,1,6523,593,593,7838,-1315,0,11,second-stage single-feature veto selected on train rows only
1,scaled_context_filter_walk_forward_window=9:train_dates=8:holdout_dates=2,holdout,true,2025-11-25;2025-11-26,scaled_context_filter:strategy=none:direction=short:minutes=60-180:max_risk_avg_range=4:max_runner_avg_range=4:signal_delta_avg=0-20:min_volume_avg=0:min_trades_avg=0:min_cont_edge=0:min_or_cont_edge=0:min_or_breakout=-999999:min_efficiency=0:max_chop=1:min_entry_session_volume=0:min_lookback_session_volume=0,selected_veto:name=max_entry_volume_to_average_volume:field=entry_volume_to_average_volume:op=<=:threshold=1.25,max_entry_volume_to_average_volume,entry_volume_to_average_volume,<=,1.25,10,0,0,0,0,0,0,0,0,0,0,0,0,0,0,0,0,second-stage single-feature veto selected on train rows only
1,scaled_context_filter_walk_forward_window=11:train_dates=8:holdout_dates=2,train,true,2025-11-17;2025-11-18;2025-11-19;2025-11-20;2025-11-21;2025-11-24;2025-11-25;2025-11-26,scaled_context_filter:strategy=delta_impulse_continue_10bar_2.5pt_50d:direction=all:minutes=60-180:max_risk_avg_range=4:max_runner_avg_range=4:signal_delta_avg=0-20:min_volume_avg=0:min_trades_avg=0:min_cont_edge=0:min_or_cont_edge=0:min_or_breakout=-999999:min_efficiency=0:max_chop=1:min_entry_session_volume=0:min_lookback_session_volume=0,selected_veto:name=min_lookback_directional_move_points:field=lookback_directional_move_points:op=>=:threshold=0,min_lookback_directional_move_points,lookback_directional_move_points,>=,0,10,35,30,5,25,5,0,0,25,0.83333333,9540,318,205.73172012,9205,335,20,10,second-stage single-feature veto selected on train rows only
1,scaled_context_filter_walk_forward_window=11:train_dates=8:holdout_dates=2,holdout,true,2025-11-27;2025-11-28,scaled_context_filter:strategy=delta_impulse_continue_10bar_2.5pt_50d:direction=all:minutes=60-180:max_risk_avg_range=4:max_runner_avg_range=4:signal_delta_avg=0-20:min_volume_avg=0:min_trades_avg=0:min_cont_edge=0:min_or_cont_edge=0:min_or_breakout=-999999:min_efficiency=0:max_chop=1:min_entry_session_volume=0:min_lookback_session_volume=0,selected_veto:name=min_lookback_directional_move_points:field=lookback_directional_move_points:op=>=:threshold=0,min_lookback_directional_move_points,lookback_directional_move_points,>=,0,10,5,5,0,3,2,0,0,3,0.6,-335,-67,-428.49688795,-335,0,5,0,second-stage single-feature veto selected on train rows only
1,scaled_context_filter_walk_forward_window=13:train_dates=8:holdout_dates=2,train,true,2025-11-19;2025-11-20;2025-11-21;2025-11-24;2025-11-25;2025-11-26;2025-11-27;2025-11-28,scaled_context_filter:strategy=delta_impulse_continue_10bar_2.5pt_50d:direction=all:minutes=60-180:max_risk_avg_range=4:max_runner_avg_range=4:signal_delta_avg=0-20:min_volume_avg=0:min_trades_avg=0:min_cont_edge=0:min_or_cont_edge=0:min_or_breakout=-999999:min_efficiency=0:max_chop=1:min_entry_session_volume=0:min_lookback_session_volume=0,selected_veto:name=min_lookback_directional_move_points:field=lookback_directional_move_points:op=>=:threshold=30,min_lookback_directional_move_points,lookback_directional_move_points,>=,30,10,31,11,20,10,1,0,0,10,0.90909091,4873,443,299.98061161,8483,-3610,5,6,second-stage single-feature veto selected on train rows only
1,scaled_context_filter_walk_forward_window=13:train_dates=8:holdout_dates=2,holdout,true,2025-12-01;2025-12-02,scaled_context_filter:strategy=delta_impulse_continue_10bar_2.5pt_50d:direction=all:minutes=60-180:max_risk_avg_range=4:max_runner_avg_range=4:signal_delta_avg=0-20:min_volume_avg=0:min_trades_avg=0:min_cont_edge=0:min_or_cont_edge=0:min_or_breakout=-999999:min_efficiency=0:max_chop=1:min_entry_session_volume=0:min_lookback_session_volume=0,selected_veto:name=min_lookback_directional_move_points:field=lookback_directional_move_points:op=>=:threshold=30,min_lookback_directional_move_points,lookback_directional_move_points,>=,30,10,10,0,10,0,0,0,0,0,0,0,0,0,-3220,3220,0,0,second-stage single-feature veto selected on train rows only
1,scaled_context_filter_walk_forward_window=15:train_dates=8:holdout_dates=2,train,true,2025-11-21;2025-11-24;2025-11-25;2025-11-26;2025-11-27;2025-11-28;2025-12-01;2025-12-02,scaled_context_filter:strategy=delta_impulse_continue_10bar_2.5pt_50d:direction=long:minutes=60-180:max_risk_avg_range=4:max_runner_avg_range=4:signal_delta_avg=0-20:min_volume_avg=0:min_trades_avg=0:min_cont_edge=0:min_or_cont_edge=0:min_or_breakout=-999999:min_efficiency=0:max_chop=1:min_entry_session_volume=0:min_lookback_session_volume=0,selected_veto:name=max_entry_volume_to_session_average_volume:field=entry_volume_to_session_average_volume:op=<=:threshold=0.75,max_entry_volume_to_session_average_volume,entry_volume_to_session_average_volume,<=,0.75,10,26,12,14,11,1,0,0,11,0.91666667,5466,455.5,323.85377268,3868,1598,12,0,second-stage single-feature veto selected on train rows only
1,scaled_context_filter_walk_forward_window=15:train_dates=8:holdout_dates=2,holdout,true,2025-12-03;2025-12-04,scaled_context_filter:strategy=delta_impulse_continue_10bar_2.5pt_50d:direction=long:minutes=60-180:max_risk_avg_range=4:max_runner_avg_range=4:signal_delta_avg=0-20:min_volume_avg=0:min_trades_avg=0:min_cont_edge=0:min_or_cont_edge=0:min_or_breakout=-999999:min_efficiency=0:max_chop=1:min_entry_session_volume=0:min_lookback_session_volume=0,selected_veto:name=max_entry_volume_to_session_average_volume:field=entry_volume_to_session_average_volume:op=<=:threshold=0.75,max_entry_volume_to_session_average_volume,entry_volume_to_session_average_volume,<=,0.75,10,7,3,4,2,0,1,0,2,0.66666667,879,293,48.05102572,-1699,2578,3,0,second-stage single-feature veto selected on train rows only
1,scaled_context_filter_walk_forward_window=17:train_dates=8:holdout_dates=2,train,true,2025-11-25;2025-11-26;2025-11-27;2025-11-28;2025-12-01;2025-12-02;2025-12-03;2025-12-04,scaled_context_filter:strategy=delta_impulse_continue_10bar_2.5pt_50d:direction=long:minutes=60-120:max_risk_avg_range=4:max_runner_avg_range=4:signal_delta_avg=0-20:min_volume_avg=0:min_trades_avg=0:min_cont_edge=0:min_or_cont_edge=0:min_or_breakout=-999999:min_efficiency=0:max_chop=1:min_entry_session_volume=0:min_lookback_session_volume=0,selected_veto:name=max_entry_volume_to_average_volume:field=entry_volume_to_average_volume:op=<=:threshold=1,max_entry_volume_to_average_volume,entry_volume_to_average_volume,<=,1,10,19,13,6,12,1,0,0,12,0.92307692,6059,466.07692308,344.13317518,1367,4692,13,0,second-stage single-feature veto selected on train rows only
1,scaled_context_filter_walk_forward_window=17:train_dates=8:holdout_dates=2,holdout,true,2025-12-05;2025-12-08,scaled_context_filter:strategy=delta_impulse_continue_10bar_2.5pt_50d:direction=long:minutes=60-120:max_risk_avg_range=4:max_runner_avg_range=4:signal_delta_avg=0-20:min_volume_avg=0:min_trades_avg=0:min_cont_edge=0:min_or_cont_edge=0:min_or_breakout=-999999:min_efficiency=0:max_chop=1:min_entry_session_volume=0:min_lookback_session_volume=0,selected_veto:name=max_entry_volume_to_average_volume:field=entry_volume_to_average_volume:op=<=:threshold=1,max_entry_volume_to_average_volume,entry_volume_to_average_volume,<=,1,10,1,1,0,0,1,0,0,0,0,-1057,-1057,-1057,-1057,0,1,0,second-stage single-feature veto selected on train rows only
1,scaled_context_filter_walk_forward_window=19:train_dates=8:holdout_dates=2,train,true,2025-11-27;2025-11-28;2025-12-01;2025-12-02;2025-12-03;2025-12-04;2025-12-05;2025-12-08,scaled_context_filter:strategy=delta_impulse_continue_10bar_2.5pt_50d:direction=short:minutes=0-180:max_risk_avg_range=4:max_runner_avg_range=4:signal_delta_avg=0-20:min_volume_avg=0:min_trades_avg=0.75:min_cont_edge=0:min_or_cont_edge=0:min_or_breakout=-999999:min_efficiency=0:max_chop=1:min_entry_session_volume=0:min_lookback_session_volume=0,selected_veto:none,none,none,none,0,10,12,12,0,6,4,2,0,6,0.5,-1284,-107,-321.57321983,-1284,0,0,12,second-stage single-feature veto selected on train rows only
1,scaled_context_filter_walk_forward_window=19:train_dates=8:holdout_dates=2,holdout,true,2025-12-09;2025-12-10,scaled_context_filter:strategy=delta_impulse_continue_10bar_2.5pt_50d:direction=short:minutes=0-180:max_risk_avg_range=4:max_runner_avg_range=4:signal_delta_avg=0-20:min_volume_avg=0:min_trades_avg=0.75:min_cont_edge=0:min_or_cont_edge=0:min_or_breakout=-999999:min_efficiency=0:max_chop=1:min_entry_session_volume=0:min_lookback_session_volume=0,selected_veto:none,none,none,none,0,10,2,2,0,0,1,1,0,0,0,-1364,-682,-947.16504294,-1364,0,0,2,second-stage single-feature veto selected on train rows only
1,scaled_context_filter_walk_forward_window=21:train_dates=8:holdout_dates=2,train,true,2025-12-01;2025-12-02;2025-12-03;2025-12-04;2025-12-05;2025-12-08;2025-12-09;2025-12-10,scaled_context_filter:strategy=delta_impulse_continue_10bar_2.5pt_50d:direction=short:minutes=0-120:max_risk_avg_range=4:max_runner_avg_range=4:signal_delta_avg=0-20:min_volume_avg=0:min_trades_avg=0.75:min_cont_edge=0:min_or_cont_edge=0:min_or_breakout=-999999:min_efficiency=0:max_chop=1:min_entry_session_volume=0:min_lookback_session_volume=0,selected_veto:name=max_risk_to_average_bar_range:field=risk_to_average_bar_range:op=<=:threshold=2,max_risk_to_average_bar_range,risk_to_average_bar_range,<=,2,10,12,10,2,5,2,3,0,5,0.5,-70,-7,-213.76073128,-534,464,0,10,second-stage single-feature veto selected on train rows only
1,scaled_context_filter_walk_forward_window=21:train_dates=8:holdout_dates=2,holdout,true,2025-12-11;2025-12-12,scaled_context_filter:strategy=delta_impulse_continue_10bar_2.5pt_50d:direction=short:minutes=0-120:max_risk_avg_range=4:max_runner_avg_range=4:signal_delta_avg=0-20:min_volume_avg=0:min_trades_avg=0.75:min_cont_edge=0:min_or_cont_edge=0:min_or_breakout=-999999:min_efficiency=0:max_chop=1:min_entry_session_volume=0:min_lookback_session_volume=0,selected_veto:name=max_risk_to_average_bar_range:field=risk_to_average_bar_range:op=<=:threshold=2,max_risk_to_average_bar_range,risk_to_average_bar_range,<=,2,10,6,6,0,4,2,0,0,4,0.66666667,258,43,-274.54264805,258,0,0,6,second-stage single-feature veto selected on train rows only
1,scaled_context_filter_walk_forward_window=23:train_dates=8:holdout_dates=2,train,true,2025-12-03;2025-12-04;2025-12-05;2025-12-08;2025-12-09;2025-12-10;2025-12-11;2025-12-12,scaled_context_filter:strategy=delta_impulse_continue_10bar_2.5pt_50d:direction=short:minutes=0-120:max_risk_avg_range=4:max_runner_avg_range=4:signal_delta_avg=0-20:min_volume_avg=0:min_trades_avg=0:min_cont_edge=0:min_or_cont_edge=0:min_or_breakout=-999999:min_efficiency=0:max_chop=1:min_entry_session_volume=0:min_lookback_session_volume=0,selected_veto:name=min_lookback_directional_move_points:field=lookback_directional_move_points:op=>=:threshold=10,min_lookback_directional_move_points,lookback_directional_move_points,>=,10,10,17,10,7,7,2,1,0,7,0.7,1730,173,-38.91979615,31,1699,0,10,second-stage single-feature veto selected on train rows only
1,scaled_context_filter_walk_forward_window=23:train_dates=8:holdout_dates=2,holdout,true,2025-12-15;2025-12-16,scaled_context_filter:strategy=delta_impulse_continue_10bar_2.5pt_50d:direction=short:minutes=0-120:max_risk_avg_range=4:max_runner_avg_range=4:signal_delta_avg=0-20:min_volume_avg=0:min_trades_avg=0:min_cont_edge=0:min_or_cont_edge=0:min_or_breakout=-999999:min_efficiency=0:max_chop=1:min_entry_session_volume=0:min_lookback_session_volume=0,selected_veto:name=min_lookback_directional_move_points:field=lookback_directional_move_points:op=>=:threshold=10,min_lookback_directional_move_points,lookback_directional_move_points,>=,10,10,5,4,1,3,0,1,0,3,0.75,1472,368,173.14428415,415,1057,0,4,second-stage single-feature veto selected on train rows only
1,scaled_context_filter_walk_forward_window=25:train_dates=8:holdout_dates=2,train,true,2025-12-05;2025-12-08;2025-12-09;2025-12-10;2025-12-11;2025-12-12;2025-12-15;2025-12-16,scaled_context_filter:strategy=delta_impulse_continue_10bar_2.5pt_50d:direction=short:minutes=0-120:max_risk_avg_range=4:max_runner_avg_range=4:signal_delta_avg=0-20:min_volume_avg=0:min_trades_avg=0.75:min_cont_edge=0:min_or_cont_edge=0:min_or_breakout=-999999:min_efficiency=0:max_chop=1:min_entry_session_volume=0:min_lookback_session_volume=0,selected_veto:name=max_entry_volume_to_average_volume:field=entry_volume_to_average_volume:op=<=:threshold=1.25,max_entry_volume_to_average_volume,entry_volume_to_average_volume,<=,1.25,10,18,10,8,8,1,1,0,8,0.8,3380,338,168.2280942,1374,2006,0,10,second-stage single-feature veto selected on train rows only
1,scaled_context_filter_walk_forward_window=25:train_dates=8:holdout_dates=2,holdout,true,2025-12-17;2025-12-18,scaled_context_filter:strategy=delta_impulse_continue_10bar_2.5pt_50d:direction=short:minutes=0-120:max_risk_avg_range=4:max_runner_avg_range=4:signal_delta_avg=0-20:min_volume_avg=0:min_trades_avg=0.75:min_cont_edge=0:min_or_cont_edge=0:min_or_breakout=-999999:min_efficiency=0:max_chop=1:min_entry_session_volume=0:min_lookback_session_volume=0,selected_veto:name=max_entry_volume_to_average_volume:field=entry_volume_to_average_volume:op=<=:threshold=1.25,max_entry_volume_to_average_volume,entry_volume_to_average_volume,<=,1.25,10,5,4,1,3,1,0,0,3,0.75,722,180.5,-176.73547906,1315,-593,0,4,second-stage single-feature veto selected on train rows only
1,scaled_context_filter_walk_forward_window=27:train_dates=8:holdout_dates=2,train,true,2025-12-09;2025-12-10;2025-12-11;2025-12-12;2025-12-15;2025-12-16;2025-12-17;2025-12-18,scaled_context_filter:strategy=delta_impulse_continue_10bar_2.5pt_50d:direction=short:minutes=0-120:max_risk_avg_range=4:max_runner_avg_range=4:signal_delta_avg=0-20:min_volume_avg=0:min_trades_avg=0.75:min_cont_edge=0:min_or_cont_edge=0:min_or_breakout=-999999:min_efficiency=0:max_chop=1:min_entry_session_volume=0:min_lookback_session_volume=0,selected_veto:name=min_opening_range_continuation_edge_score:field=opening_range_continuation_edge_score:op=>=:threshold=1,min_opening_range_continuation_edge_score,opening_range_continuation_edge_score,>=,1,10,17,11,6,9,1,1,0,9,0.81818182,3973,361.18181818,205.26905288,1681,2292,0,11,second-stage single-feature veto selected on train rows only
1,scaled_context_filter_walk_forward_window=27:train_dates=8:holdout_dates=2,holdout,true,2025-12-19;2025-12-22,scaled_context_filter:strategy=delta_impulse_continue_10bar_2.5pt_50d:direction=short:minutes=0-120:max_risk_avg_range=4:max_runner_avg_range=4:signal_delta_avg=0-20:min_volume_avg=0:min_trades_avg=0.75:min_cont_edge=0:min_or_cont_edge=0:min_or_breakout=-999999:min_efficiency=0:max_chop=1:min_entry_session_volume=0:min_lookback_session_volume=0,selected_veto:name=min_opening_range_continuation_edge_score:field=opening_range_continuation_edge_score:op=>=:threshold=1,min_opening_range_continuation_edge_score,opening_range_continuation_edge_score,>=,1,10,3,0,3,0,0,0,0,0,0,0,0,0,-1671,1671,0,0,second-stage single-feature veto selected on train rows only
1,scaled_context_filter_walk_forward_window=29:train_dates=8:holdout_dates=2,train,true,2025-12-11;2025-12-12;2025-12-15;2025-12-16;2025-12-17;2025-12-18;2025-12-19;2025-12-22,scaled_context_filter:strategy=delta_impulse_continue_10bar_2.5pt_50d:direction=short:minutes=0-120:max_risk_avg_range=4:max_runner_avg_range=4:signal_delta_avg=0-20:min_volume_avg=0:min_trades_avg=0.75:min_cont_edge=0:min_or_cont_edge=0:min_or_breakout=-999999:min_efficiency=0:max_chop=1:min_entry_session_volume=0:min_lookback_session_volume=0,selected_veto:name=min_opening_range_continuation_edge_score:field=opening_range_continuation_edge_score:op=>=:threshold=1,min_opening_range_continuation_edge_score,opening_range_continuation_edge_score,>=,1,10,18,11,7,9,1,1,0,9,0.81818182,3973,361.18181818,205.26905288,1374,2599,0,11,second-stage single-feature veto selected on train rows only
1,scaled_context_filter_walk_forward_window=29:train_dates=8:holdout_dates=2,holdout,true,2025-12-23;2025-12-24,scaled_context_filter:strategy=delta_impulse_continue_10bar_2.5pt_50d:direction=short:minutes=0-120:max_risk_avg_range=4:max_runner_avg_range=4:signal_delta_avg=0-20:min_volume_avg=0:min_trades_avg=0.75:min_cont_edge=0:min_or_cont_edge=0:min_or_breakout=-999999:min_efficiency=0:max_chop=1:min_entry_session_volume=0:min_lookback_session_volume=0,selected_veto:name=min_opening_range_continuation_edge_score:field=opening_range_continuation_edge_score:op=>=:threshold=1,min_opening_range_continuation_edge_score,opening_range_continuation_edge_score,>=,1,10,1,0,1,0,0,0,0,0,0,0,0,0,-1057,1057,0,0,second-stage single-feature veto selected on train rows only
1,scaled_context_filter_walk_forward_window=31:train_dates=8:holdout_dates=2,train,true,2025-12-15;2025-12-16;2025-12-17;2025-12-18;2025-12-19;2025-12-22;2025-12-23;2025-12-24,scaled_context_filter:strategy=delta_impulse_continue_10bar_2.5pt_50d:direction=long:minutes=0-180:max_risk_avg_range=8:max_runner_avg_range=8:signal_delta_avg=0-20:min_volume_avg=0:min_trades_avg=0:min_cont_edge=0:min_or_cont_edge=0:min_or_breakout=-999999:min_efficiency=0:max_chop=1:min_entry_session_volume=0:min_lookback_session_volume=0,selected_veto:name=min_opening_range_continuation_edge_score:field=opening_range_continuation_edge_score:op=>=:threshold=1,min_opening_range_continuation_edge_score,opening_range_continuation_edge_score,>=,1,10,28,20,8,13,2,2,3,14,0.7,4547.5,227.375,102.1038098,4191.5,356,20,0,second-stage single-feature veto selected on train rows only
1,scaled_context_filter_walk_forward_window=31:train_dates=8:holdout_dates=2,holdout,true,2025-12-26;2025-12-29,scaled_context_filter:strategy=delta_impulse_continue_10bar_2.5pt_50d:direction=long:minutes=0-180:max_risk_avg_range=8:max_runner_avg_range=8:signal_delta_avg=0-20:min_volume_avg=0:min_trades_avg=0:min_cont_edge=0:min_or_cont_edge=0:min_or_breakout=-999999:min_efficiency=0:max_chop=1:min_entry_session_volume=0:min_lookback_session_volume=0,selected_veto:name=min_opening_range_continuation_edge_score:field=opening_range_continuation_edge_score:op=>=:threshold=1,min_opening_range_continuation_edge_score,opening_range_continuation_edge_score,>=,1,10,4,0,4,0,0,0,0,0,0,0,0,0,-4228,4228,0,0,second-stage single-feature veto selected on train rows only
1,scaled_context_filter_walk_forward_window=33:train_dates=8:holdout_dates=2,train,true,2025-12-17;2025-12-18;2025-12-19;2025-12-22;2025-12-23;2025-12-24;2025-12-26;2025-12-29,scaled_context_filter:strategy=delta_impulse_continue_10bar_2.5pt_50d:direction=all:minutes=60-120:max_risk_avg_range=8:max_runner_avg_range=8:signal_delta_avg=0-20:min_volume_avg=0:min_trades_avg=0:min_cont_edge=0:min_or_cont_edge=0:min_or_breakout=-999999:min_efficiency=0:max_chop=1:min_entry_session_volume=0:min_lookback_session_volume=0,selected_veto:name=min_continuation_edge_score:field=continuation_edge_score:op=>=:threshold=0.6,min_continuation_edge_score,continuation_edge_score,>=,0.6,10,32,26,6,21,1,3,1,21,0.80769231,10343,397.80769231,314.53580535,4751,5592,16,10,second-stage single-feature veto selected on train rows only
1,scaled_context_filter_walk_forward_window=33:train_dates=8:holdout_dates=2,holdout,true,2025-12-30;2025-12-31,scaled_context_filter:strategy=delta_impulse_continue_10bar_2.5pt_50d:direction=all:minutes=60-120:max_risk_avg_range=8:max_runner_avg_range=8:signal_delta_avg=0-20:min_volume_avg=0:min_trades_avg=0:min_cont_edge=0:min_or_cont_edge=0:min_or_breakout=-999999:min_efficiency=0:max_chop=1:min_entry_session_volume=0:min_lookback_session_volume=0,selected_veto:name=min_continuation_edge_score:field=continuation_edge_score:op=>=:threshold=0.6,min_continuation_edge_score,continuation_edge_score,>=,0.6,10,6,5,1,0,3,2,0,0,0,-3785,-757,-921.31676725,-3192,-593,2,3,second-stage single-feature veto selected on train rows only
1,scaled_context_filter_walk_forward_window=35:train_dates=8:holdout_dates=2,train,true,2025-12-19;2025-12-22;2025-12-23;2025-12-24;2025-12-26;2025-12-29;2025-12-30;2025-12-31,scaled_context_filter:strategy=delta_impulse_continue_10bar_2.5pt_50d:direction=long:minutes=0-180:max_risk_avg_range=8:max_runner_avg_range=8:signal_delta_avg=0-20:min_volume_avg=0.75:min_trades_avg=0:min_cont_edge=0:min_or_cont_edge=0:min_or_breakout=-999999:min_efficiency=0:max_chop=1:min_entry_session_volume=0:min_lookback_session_volume=0,selected_veto:name=min_opening_range_continuation_edge_score:field=opening_range_continuation_edge_score:op=>=:threshold=1,min_opening_range_continuation_edge_score,opening_range_continuation_edge_score,>=,1,10,17,12,5,10,0,0,2,10,0.83333333,5291,440.91666667,340.29109156,4056,1235,12,0,second-stage single-feature veto selected on train rows only
1,scaled_context_filter_walk_forward_window=35:train_dates=8:holdout_dates=2,holdout,true,2026-01-02;2026-01-05,scaled_context_filter:strategy=delta_impulse_continue_10bar_2.5pt_50d:direction=long:minutes=0-180:max_risk_avg_range=8:max_runner_avg_range=8:signal_delta_avg=0-20:min_volume_avg=0.75:min_trades_avg=0:min_cont_edge=0:min_or_cont_edge=0:min_or_breakout=-999999:min_efficiency=0:max_chop=1:min_entry_session_volume=0:min_lookback_session_volume=0,selected_veto:name=min_opening_range_continuation_edge_score:field=opening_range_continuation_edge_score:op=>=:threshold=1,min_opening_range_continuation_edge_score,opening_range_continuation_edge_score,>=,1,10,4,3,1,2,0,1,0,2,0.66666667,879,293,48.05102572,-178,1057,3,0,second-stage single-feature veto selected on train rows only
1,scaled_context_filter_walk_forward_window=37:train_dates=8:holdout_dates=2,train,true,2025-12-23;2025-12-24;2025-12-26;2025-12-29;2025-12-30;2025-12-31;2026-01-02;2026-01-05,scaled_context_filter:strategy=delta_impulse_continue_10bar_2.5pt_50d:direction=all:minutes=0-180:max_risk_avg_range=8:max_runner_avg_range=8:signal_delta_avg=5-20:min_volume_avg=0:min_trades_avg=0:min_cont_edge=0:min_or_cont_edge=0:min_or_breakout=-999999:min_efficiency=0:max_chop=1:min_entry_session_volume=0:min_lookback_session_volume=0,selected_veto:name=min_directional_open_distance_points:field=directional_open_distance_points:op=>=:threshold=10,min_directional_open_distance_points,directional_open_distance_points,>=,10,10,15,10,5,7,0,2,1,7,0.7,3030,303,161.96808872,2545,485,9,1,second-stage single-feature veto selected on train rows only
1,scaled_context_filter_walk_forward_window=37:train_dates=8:holdout_dates=2,holdout,true,2026-01-06;2026-01-07,scaled_context_filter:strategy=delta_impulse_continue_10bar_2.5pt_50d:direction=all:minutes=0-180:max_risk_avg_range=8:max_runner_avg_range=8:signal_delta_avg=5-20:min_volume_avg=0:min_trades_avg=0:min_cont_edge=0:min_or_cont_edge=0:min_or_breakout=-999999:min_efficiency=0:max_chop=1:min_entry_session_volume=0:min_lookback_session_volume=0,selected_veto:name=min_directional_open_distance_points:field=directional_open_distance_points:op=>=:threshold=10,min_directional_open_distance_points,directional_open_distance_points,>=,10,10,4,2,2,0,2,0,0,0,0,-2114,-1057,-1057,-4228,2114,1,1,second-stage single-feature veto selected on train rows only
1,scaled_context_filter_walk_forward_window=39:train_dates=8:holdout_dates=2,train,true,2025-12-26;2025-12-29;2025-12-30;2025-12-31;2026-01-02;2026-01-05;2026-01-06;2026-01-07,scaled_context_filter:strategy=delta_impulse_continue_10bar_2.5pt_50d:direction=short:minutes=0-180:max_risk_avg_range=4:max_runner_avg_range=4:signal_delta_avg=0-20:min_volume_avg=0:min_trades_avg=0:min_cont_edge=0:min_or_cont_edge=0:min_or_breakout=-999999:min_efficiency=0:max_chop=1:min_entry_session_volume=0:min_lookback_session_volume=0,selected_veto:name=max_entry_volume_to_average_volume:field=entry_volume_to_average_volume:op=<=:threshold=0.75,max_entry_volume_to_average_volume,entry_volume_to_average_volume,<=,0.75,10,24,11,13,7,3,0,1,8,0.72727273,1398,127.09090909,-92.04226128,-1843,3241,0,11,second-stage single-feature veto selected on train rows only
1,scaled_context_filter_walk_forward_window=39:train_dates=8:holdout_dates=2,holdout,true,2026-01-08;2026-01-09,scaled_context_filter:strategy=delta_impulse_continue_10bar_2.5pt_50d:direction=short:minutes=0-180:max_risk_avg_range=4:max_runner_avg_range=4:signal_delta_avg=0-20:min_volume_avg=0:min_trades_avg=0:min_cont_edge=0:min_or_cont_edge=0:min_or_breakout=-999999:min_efficiency=0:max_chop=1:min_entry_session_volume=0:min_lookback_session_volume=0,selected_veto:name=max_entry_volume_to_average_volume:field=entry_volume_to_average_volume:op=<=:threshold=0.75,max_entry_volume_to_average_volume,entry_volume_to_average_volume,<=,0.75,10,1,0,1,0,0,0,0,0,0,0,0,0,-1057,1057,0,0,second-stage single-feature veto selected on train rows only
1,scaled_context_filter_walk_forward_window=41:train_dates=8:holdout_dates=2,train,true,2025-12-30;2025-12-31;2026-01-02;2026-01-05;2026-01-06;2026-01-07;2026-01-08;2026-01-09,scaled_context_filter:strategy=delta_impulse_continue_10bar_2.5pt_50d:direction=long:minutes=60-180:max_risk_avg_range=4:max_runner_avg_range=4:signal_delta_avg=0-20:min_volume_avg=0:min_trades_avg=0:min_cont_edge=0:min_or_cont_edge=0:min_or_breakout=-999999:min_efficiency=0:max_chop=1:min_entry_session_volume=0:min_lookback_session_volume=0,selected_veto:name=max_entry_volume_to_session_average_volume:field=entry_volume_to_session_average_volume:op=<=:threshold=0.75,max_entry_volume_to_session_average_volume,entry_volume_to_session_average_volume,<=,0.75,10,21,11,10,10,0,1,0,10,0.90909091,5623,511.18181818,433.1712427,603,5020,11,0,second-stage single-feature veto selected on train rows only
1,scaled_context_filter_walk_forward_window=41:train_dates=8:holdout_dates=2,holdout,true,2026-01-12;2026-01-13,scaled_context_filter:strategy=delta_impulse_continue_10bar_2.5pt_50d:direction=long:minutes=60-180:max_risk_avg_range=4:max_runner_avg_range=4:signal_delta_avg=0-20:min_volume_avg=0:min_trades_avg=0:min_cont_edge=0:min_or_cont_edge=0:min_or_breakout=-999999:min_efficiency=0:max_chop=1:min_entry_session_volume=0:min_lookback_session_volume=0,selected_veto:name=max_entry_volume_to_session_average_volume:field=entry_volume_to_session_average_volume:op=<=:threshold=0.75,max_entry_volume_to_session_average_volume,entry_volume_to_session_average_volume,<=,0.75,10,5,4,1,4,0,0,0,4,1,2372,593,593,2965,-593,4,0,second-stage single-feature veto selected on train rows only
1,scaled_context_filter_walk_forward_window=43:train_dates=8:holdout_dates=2,train,true,2026-01-02;2026-01-05;2026-01-06;2026-01-07;2026-01-08;2026-01-09;2026-01-12;2026-01-13,scaled_context_filter:strategy=delta_impulse_continue_10bar_2.5pt_50d:direction=long:minutes=60-180:max_risk_avg_range=4:max_runner_avg_range=4:signal_delta_avg=0-20:min_volume_avg=0:min_trades_avg=0:min_cont_edge=0:min_or_cont_edge=0:min_or_breakout=-999999:min_efficiency=0:max_chop=1:min_entry_session_volume=0:min_lookback_session_volume=0,selected_veto:name=max_entry_volume_to_average_volume:field=entry_volume_to_average_volume:op=<=:threshold=0.75,max_entry_volume_to_average_volume,entry_volume_to_average_volume,<=,0.75,10,22,10,12,10,0,0,0,10,1,5930,593,593,3746,2184,10,0,second-stage single-feature veto selected on train rows only
1,scaled_context_filter_walk_forward_window=43:train_dates=8:holdout_dates=2,holdout,true,2026-01-14;2026-01-15,scaled_context_filter:strategy=delta_impulse_continue_10bar_2.5pt_50d:direction=long:minutes=60-180:max_risk_avg_range=4:max_runner_avg_range=4:signal_delta_avg=0-20:min_volume_avg=0:min_trades_avg=0:min_cont_edge=0:min_or_cont_edge=0:min_or_breakout=-999999:min_efficiency=0:max_chop=1:min_entry_session_volume=0:min_lookback_session_volume=0,selected_veto:name=max_entry_volume_to_average_volume:field=entry_volume_to_average_volume:op=<=:threshold=0.75,max_entry_volume_to_average_volume,entry_volume_to_average_volume,<=,0.75,10,4,1,3,0,0,1,0,0,0,-307,-307,-307,-3478,3171,1,0,second-stage single-feature veto selected on train rows only
1,scaled_context_filter_walk_forward_window=45:train_dates=8:holdout_dates=2,train,true,2026-01-06;2026-01-07;2026-01-08;2026-01-09;2026-01-12;2026-01-13;2026-01-14;2026-01-15,scaled_context_filter:strategy=delta_impulse_continue_10bar_2.5pt_50d:direction=long:minutes=60-180:max_risk_avg_range=4:max_runner_avg_range=4:signal_delta_avg=0-20:min_volume_avg=0:min_trades_avg=0:min_cont_edge=0:min_or_cont_edge=0:min_or_breakout=-999999:min_efficiency=0:max_chop=1:min_entry_session_volume=0:min_lookback_session_volume=0,selected_veto:name=max_entry_volume_to_average_volume:field=entry_volume_to_average_volume:op=<=:threshold=0.75,max_entry_volume_to_average_volume,entry_volume_to_average_volume,<=,0.75,10,21,10,11,9,0,1,0,9,0.9,5030,503,417.61850318,-147,5177,10,0,second-stage single-feature veto selected on train rows only
1,scaled_context_filter_walk_forward_window=45:train_dates=8:holdout_dates=2,holdout,true,2026-01-16;2026-01-19,scaled_context_filter:strategy=delta_impulse_continue_10bar_2.5pt_50d:direction=long:minutes=60-180:max_risk_avg_range=4:max_runner_avg_range=4:signal_delta_avg=0-20:min_volume_avg=0:min_trades_avg=0:min_cont_edge=0:min_or_cont_edge=0:min_or_breakout=-999999:min_efficiency=0:max_chop=1:min_entry_session_volume=0:min_lookback_session_volume=0,selected_veto:name=max_entry_volume_to_average_volume:field=entry_volume_to_average_volume:op=<=:threshold=0.75,max_entry_volume_to_average_volume,entry_volume_to_average_volume,<=,0.75,10,6,3,3,2,0,1,0,2,0.66666667,879,293,48.05102572,2658,-1779,3,0,second-stage single-feature veto selected on train rows only
1,scaled_context_filter_walk_forward_window=47:train_dates=8:holdout_dates=2,train,true,2026-01-08;2026-01-09;2026-01-12;2026-01-13;2026-01-14;2026-01-15;2026-01-16;2026-01-19,scaled_context_filter:strategy=delta_impulse_continue_10bar_2.5pt_50d:direction=long:minutes=60-120:max_risk_avg_range=4:max_runner_avg_range=4:signal_delta_avg=0-20:min_volume_avg=0:min_trades_avg=0:min_cont_edge=0:min_or_cont_edge=0:min_or_breakout=-999999:min_efficiency=0:max_chop=1:min_entry_session_volume=0:min_lookback_session_volume=0,selected_veto:name=max_signal_abs_delta_sum_to_average_abs_delta:field=signal_abs_delta_sum_to_average_abs_delta:op=<=:threshold=8,max_signal_abs_delta_sum_to_average_abs_delta,signal_abs_delta_sum_to_average_abs_delta,<=,8,10,17,14,3,11,2,1,0,11,0.78571429,4102,293,133.3607383,2581,1521,14,0,second-stage single-feature veto selected on train rows only
1,scaled_context_filter_walk_forward_window=47:train_dates=8:holdout_dates=2,holdout,true,2026-01-20;2026-01-21,scaled_context_filter:strategy=delta_impulse_continue_10bar_2.5pt_50d:direction=long:minutes=60-120:max_risk_avg_range=4:max_runner_avg_range=4:signal_delta_avg=0-20:min_volume_avg=0:min_trades_avg=0:min_cont_edge=0:min_or_cont_edge=0:min_or_breakout=-999999:min_efficiency=0:max_chop=1:min_entry_session_volume=0:min_lookback_session_volume=0,selected_veto:name=max_signal_abs_delta_sum_to_average_abs_delta:field=signal_abs_delta_sum_to_average_abs_delta:op=<=:threshold=8,max_signal_abs_delta_sum_to_average_abs_delta,signal_abs_delta_sum_to_average_abs_delta,<=,8,10,4,4,0,1,2,1,0,1,0.25,-1828,-457,-796.57694268,-1828,0,4,0,second-stage single-feature veto selected on train rows only
1,scaled_context_filter_walk_forward_window=49:train_dates=8:holdout_dates=2,train,true,2026-01-12;2026-01-13;2026-01-14;2026-01-15;2026-01-16;2026-01-19;2026-01-20;2026-01-21,scaled_context_filter:strategy=delta_impulse_continue_10bar_2.5pt_50d:direction=long:minutes=0-120:max_risk_avg_range=4:max_runner_avg_range=4:signal_delta_avg=0-20:min_volume_avg=0:min_trades_avg=0:min_cont_edge=0:min_or_cont_edge=0:min_or_breakout=-999999:min_efficiency=0:max_chop=1:min_entry_session_volume=0:min_lookback_session_volume=0,selected_veto:name=max_entry_volume_to_session_average_volume:field=entry_volume_to_session_average_volume:op=<=:threshold=0.75,max_entry_volume_to_session_average_volume,entry_volume_to_session_average_volume,<=,0.75,10,21,10,11,8,0,2,0,8,0.8,4130,413,299.15800423,2403,1727,10,0,second-stage single-feature veto selected on train rows only
1,scaled_context_filter_walk_forward_window=49:train_dates=8:holdout_dates=2,holdout,true,2026-01-22;2026-01-23,scaled_context_filter:strategy=delta_impulse_continue_10bar_2.5pt_50d:direction=long:minutes=0-120:max_risk_avg_range=4:max_runner_avg_range=4:signal_delta_avg=0-20:min_volume_avg=0:min_trades_avg=0:min_cont_edge=0:min_or_cont_edge=0:min_or_breakout=-999999:min_efficiency=0:max_chop=1:min_entry_session_volume=0:min_lookback_session_volume=0,selected_veto:name=max_entry_volume_to_session_average_volume:field=entry_volume_to_session_average_volume:op=<=:threshold=0.75,max_entry_volume_to_session_average_volume,entry_volume_to_session_average_volume,<=,0.75,10,8,4,4,4,0,0,0,4,1,2372,593,593,3094,-722,4,0,second-stage single-feature veto selected on train rows only
1,scaled_context_filter_walk_forward_window=51:train_dates=8:holdout_dates=2,train,true,2026-01-14;2026-01-15;2026-01-16;2026-01-19;2026-01-20;2026-01-21;2026-01-22;2026-01-23,scaled_context_filter:strategy=delta_impulse_continue_10bar_2.5pt_50d:direction=long:minutes=0-120:max_risk_avg_range=4:max_runner_avg_range=4:signal_delta_avg=0-20:min_volume_avg=0:min_trades_avg=0:min_cont_edge=0:min_or_cont_edge=0:min_or_breakout=-999999:min_efficiency=0:max_chop=1:min_entry_session_volume=0:min_lookback_session_volume=0,selected_veto:name=max_entry_volume_to_session_average_volume:field=entry_volume_to_session_average_volume:op=<=:threshold=0.75,max_entry_volume_to_session_average_volume,entry_volume_to_session_average_volume,<=,0.75,10,25,11,14,9,0,2,0,9,0.81818182,4723,429.36363636,324.70146652,3125,1598,11,0,second-stage single-feature veto selected on train rows only
1,scaled_context_filter_walk_forward_window=51:train_dates=8:holdout_dates=2,holdout,true,2026-01-26;2026-01-27,scaled_context_filter:strategy=delta_impulse_continue_10bar_2.5pt_50d:direction=long:minutes=0-120:max_risk_avg_range=4:max_runner_avg_range=4:signal_delta_avg=0-20:min_volume_avg=0:min_trades_avg=0:min_cont_edge=0:min_or_cont_edge=0:min_or_breakout=-999999:min_efficiency=0:max_chop=1:min_entry_session_volume=0:min_lookback_session_volume=0,selected_veto:name=max_entry_volume_to_session_average_volume:field=entry_volume_to_session_average_volume:op=<=:threshold=0.75,max_entry_volume_to_session_average_volume,entry_volume_to_session_average_volume,<=,0.75,10,8,5,3,3,1,1,0,3,0.6,415,83,-215.79759035,-1106,1521,5,0,second-stage single-feature veto selected on train rows only
1,scaled_context_filter_walk_forward_window=53:train_dates=8:holdout_dates=2,train,true,2026-01-16;2026-01-19;2026-01-20;2026-01-21;2026-01-22;2026-01-23;2026-01-26;2026-01-27,scaled_context_filter:strategy=delta_impulse_continue_10bar_2.5pt_50d:direction=long:minutes=0-180:max_risk_avg_range=4:max_runner_avg_range=4:signal_delta_avg=0-20:min_volume_avg=0:min_trades_avg=0:min_cont_edge=0:min_or_cont_edge=0:min_or_breakout=-999999:min_efficiency=0:max_chop=1:min_entry_session_volume=0:min_lookback_session_volume=0,selected_veto:name=max_entry_volume_to_session_average_volume:field=entry_volume_to_session_average_volume:op=<=:threshold=0.75,max_entry_volume_to_session_average_volume,entry_volume_to_session_average_volume,<=,0.75,10,34,20,14,14,2,4,0,14,0.7,4960,248,122.45618295,5012,-52,20,0,second-stage single-feature veto selected on train rows only
1,scaled_context_filter_walk_forward_window=53:train_dates=8:holdout_dates=2,holdout,true,2026-01-28;2026-01-29,scaled_context_filter:strategy=none:direction=long:minutes=0-180:max_risk_avg_range=4:max_runner_avg_range=4:signal_delta_avg=0-20:min_volume_avg=0:min_trades_avg=0:min_cont_edge=0:min_or_cont_edge=0:min_or_breakout=-999999:min_efficiency=0:max_chop=1:min_entry_session_volume=0:min_lookback_session_volume=0,selected_veto:name=max_entry_volume_to_session_average_volume:field=entry_volume_to_session_average_volume:op=<=:threshold=0.75,max_entry_volume_to_session_average_volume,entry_volume_to_session_average_volume,<=,0.75,10,0,0,0,0,0,0,0,0,0,0,0,0,0,0,0,0,second-stage single-feature veto selected on train rows only
1,scaled_context_filter_walk_forward_window=55:train_dates=8:holdout_dates=2,train,true,2026-01-20;2026-01-21;2026-01-22;2026-01-23;2026-01-26;2026-01-27;2026-01-28;2026-01-29,scaled_context_filter:strategy=delta_impulse_continue_10bar_2.5pt_50d:direction=all:minutes=0-390:max_risk_avg_range=4:max_runner_avg_range=4:signal_delta_avg=0-20:min_volume_avg=0:min_trades_avg=0:min_cont_edge=0:min_or_cont_edge=0:min_or_breakout=-999999:min_efficiency=0:max_chop=1:min_entry_session_volume=0:min_lookback_session_volume=0,selected_veto:name=max_entry_volume_to_session_average_volume:field=entry_volume_to_session_average_volume:op=<=:threshold=0.75,max_entry_volume_to_session_average_volume,entry_volume_to_session_average_volume,<=,0.75,10,36,17,19,12,2,3,0,12,0.70588235,4081,240.05882353,98.91479612,5448,-1367,15,2,second-stage single-feature veto selected on train rows only
1,scaled_context_filter_walk_forward_window=55:train_dates=8:holdout_dates=2,holdout,true,2026-01-30;2026-02-02,scaled_context_filter:strategy=delta_impulse_continue_10bar_2.5pt_50d:direction=all:minutes=0-390:max_risk_avg_range=4:max_runner_avg_range=4:signal_delta_avg=0-20:min_volume_avg=0:min_trades_avg=0:min_cont_edge=0:min_or_cont_edge=0:min_or_breakout=-999999:min_efficiency=0:max_chop=1:min_entry_session_volume=0:min_lookback_session_volume=0,selected_veto:name=max_entry_volume_to_session_average_volume:field=entry_volume_to_session_average_volume:op=<=:threshold=0.75,max_entry_volume_to_session_average_volume,entry_volume_to_session_average_volume,<=,0.75,10,9,2,7,1,1,0,0,1,0.5,-464,-232,-815.36309448,-3063,2599,1,1,second-stage single-feature veto selected on train rows only
1,scaled_context_filter_walk_forward_window=57:train_dates=8:holdout_dates=2,train,true,2026-01-22;2026-01-23;2026-01-26;2026-01-27;2026-01-28;2026-01-29;2026-01-30;2026-02-02,scaled_context_filter:strategy=delta_impulse_continue_10bar_2.5pt_50d:direction=all:minutes=60-180:max_risk_avg_range=4:max_runner_avg_range=4:signal_delta_avg=0-20:min_volume_avg=0:min_trades_avg=0:min_cont_edge=0:min_or_cont_edge=0:min_or_breakout=-999999:min_efficiency=0:max_chop=1:min_entry_session_volume=0:min_lookback_session_volume=0,selected_veto:name=max_entry_volume_to_average_volume:field=entry_volume_to_average_volume:op=<=:threshold=1,max_entry_volume_to_average_volume,entry_volume_to_average_volume,<=,1,10,28,23,5,18,3,2,0,18,0.7826087,6889,299.52173913,178.04281116,4904,1985,16,7,second-stage single-feature veto selected on train rows only
1,scaled_context_filter_walk_forward_window=57:train_dates=8:holdout_dates=2,holdout,true,2026-02-03;2026-02-04,scaled_context_filter:strategy=delta_impulse_continue_10bar_2.5pt_50d:direction=all:minutes=60-180:max_risk_avg_range=4:max_runner_avg_range=4:signal_delta_avg=0-20:min_volume_avg=0:min_trades_avg=0:min_cont_edge=0:min_or_cont_edge=0:min_or_breakout=-999999:min_efficiency=0:max_chop=1:min_entry_session_volume=0:min_lookback_session_volume=0,selected_veto:name=max_entry_volume_to_average_volume:field=entry_volume_to_average_volume:op=<=:threshold=1,max_entry_volume_to_average_volume,entry_volume_to_average_volume,<=,1,10,8,6,2,3,3,0,0,3,0.5,-1392,-232,-568.80483963,-206,-1186,2,4,second-stage single-feature veto selected on train rows only
1,scaled_context_filter_walk_forward_window=59:train_dates=8:holdout_dates=2,train,true,2026-01-26;2026-01-27;2026-01-28;2026-01-29;2026-01-30;2026-02-02;2026-02-03;2026-02-04,scaled_context_filter:strategy=delta_impulse_continue_10bar_2.5pt_50d:direction=short:minutes=0-180:max_risk_avg_range=4:max_runner_avg_range=4:signal_delta_avg=0-20:min_volume_avg=0:min_trades_avg=0:min_cont_edge=0:min_or_cont_edge=0:min_or_breakout=-999999:min_efficiency=0:max_chop=1:min_entry_session_volume=0:min_lookback_session_volume=0,selected_veto:name=max_signal_abs_delta_sum_to_average_abs_delta:field=signal_abs_delta_sum_to_average_abs_delta:op=<=:threshold=6,max_signal_abs_delta_sum_to_average_abs_delta,signal_abs_delta_sum_to_average_abs_delta,<=,6,10,18,17,1,15,2,0,0,15,0.88235294,6781,398.88235294,269.94724461,5724,1057,0,17,second-stage single-feature veto selected on train rows only
1,scaled_context_filter_walk_forward_window=59:train_dates=8:holdout_dates=2,holdout,true,2026-02-05;2026-02-06,scaled_context_filter:strategy=delta_impulse_continue_10bar_2.5pt_50d:direction=short:minutes=0-180:max_risk_avg_range=4:max_runner_avg_range=4:signal_delta_avg=0-20:min_volume_avg=0:min_trades_avg=0:min_cont_edge=0:min_or_cont_edge=0:min_or_breakout=-999999:min_efficiency=0:max_chop=1:min_entry_session_volume=0:min_lookback_session_volume=0,selected_veto:name=max_signal_abs_delta_sum_to_average_abs_delta:field=signal_abs_delta_sum_to_average_abs_delta:op=<=:threshold=6,max_signal_abs_delta_sum_to_average_abs_delta,signal_abs_delta_sum_to_average_abs_delta,<=,6,10,2,1,1,1,0,0,0,1,1,593,593,593,-464,1057,0,1,second-stage single-feature veto selected on train rows only
1,scaled_context_filter_walk_forward_window=61:train_dates=8:holdout_dates=2,train,true,2026-01-28;2026-01-29;2026-01-30;2026-02-02;2026-02-03;2026-02-04;2026-02-05;2026-02-06,scaled_context_filter:strategy=delta_impulse_continue_10bar_2.5pt_50d:direction=short:minutes=60-180:max_risk_avg_range=4:max_runner_avg_range=4:signal_delta_avg=0-20:min_volume_avg=0:min_trades_avg=0:min_cont_edge=0:min_or_cont_edge=0:min_or_breakout=-999999:min_efficiency=0:max_chop=1:min_entry_session_volume=0:min_lookback_session_volume=0,selected_veto:name=max_signal_abs_delta_sum_to_average_abs_delta:field=signal_abs_delta_sum_to_average_abs_delta:op=<=:threshold=6,max_signal_abs_delta_sum_to_average_abs_delta,signal_abs_delta_sum_to_average_abs_delta,<=,6,10,15,14,1,13,1,0,0,13,0.92857143,6652,475.14285714,361.57287255,5595,1057,0,14,second-stage single-feature veto selected on train rows only
1,scaled_context_filter_walk_forward_window=61:train_dates=8:holdout_dates=2,holdout,true,2026-02-09;2026-02-10,scaled_context_filter:strategy=delta_impulse_continue_10bar_2.5pt_50d:direction=short:minutes=60-180:max_risk_avg_range=4:max_runner_avg_range=4:signal_delta_avg=0-20:min_volume_avg=0:min_trades_avg=0:min_cont_edge=0:min_or_cont_edge=0:min_or_breakout=-999999:min_efficiency=0:max_chop=1:min_entry_session_volume=0:min_lookback_session_volume=0,selected_veto:name=max_signal_abs_delta_sum_to_average_abs_delta:field=signal_abs_delta_sum_to_average_abs_delta:op=<=:threshold=6,max_signal_abs_delta_sum_to_average_abs_delta,signal_abs_delta_sum_to_average_abs_delta,<=,6,10,4,4,0,3,1,0,0,3,0.75,722,180.5,-176.73547906,722,0,0,4,second-stage single-feature veto selected on train rows only
1,scaled_context_filter_walk_forward_window=63:train_dates=8:holdout_dates=2,train,true,2026-01-30;2026-02-02;2026-02-03;2026-02-04;2026-02-05;2026-02-06;2026-02-09;2026-02-10,scaled_context_filter:strategy=delta_impulse_continue_10bar_2.5pt_50d:direction=short:minutes=60-180:max_risk_avg_range=4:max_runner_avg_range=4:signal_delta_avg=0-20:min_volume_avg=0:min_trades_avg=0:min_cont_edge=0:min_or_cont_edge=0:min_or_breakout=-999999:min_efficiency=0:max_chop=1:min_entry_session_volume=0:min_lookback_session_volume=0,selected_veto:name=max_entry_volume_to_session_average_volume:field=entry_volume_to_session_average_volume:op=<=:threshold=1,max_entry_volume_to_session_average_volume,entry_volume_to_session_average_volume,<=,1,10,14,12,2,11,1,0,0,11,0.91666667,5466,455.5,323.85377268,3352,2114,0,12,second-stage single-feature veto selected on train rows only
1,scaled_context_filter_walk_forward_window=63:train_dates=8:holdout_dates=2,holdout,true,2026-02-11;2026-02-12,scaled_context_filter:strategy=delta_impulse_continue_10bar_2.5pt_50d:direction=short:minutes=60-180:max_risk_avg_range=4:max_runner_avg_range=4:signal_delta_avg=0-20:min_volume_avg=0:min_trades_avg=0:min_cont_edge=0:min_or_cont_edge=0:min_or_breakout=-999999:min_efficiency=0:max_chop=1:min_entry_session_volume=0:min_lookback_session_volume=0,selected_veto:name=max_entry_volume_to_session_average_volume:field=entry_volume_to_session_average_volume:op=<=:threshold=1,max_entry_volume_to_session_average_volume,entry_volume_to_session_average_volume,<=,1,10,3,1,2,1,0,0,0,1,1,593,593,593,1779,-1186,0,1,second-stage single-feature veto selected on train rows only
1,scaled_context_filter_walk_forward_window=65:train_dates=8:holdout_dates=2,train,true,2026-02-03;2026-02-04;2026-02-05;2026-02-06;2026-02-09;2026-02-10;2026-02-11;2026-02-12,scaled_context_filter:strategy=delta_impulse_continue_10bar_2.5pt_50d:direction=all:minutes=0-120:max_risk_avg_range=4:max_runner_avg_range=4:signal_delta_avg=0-20:min_volume_avg=0:min_trades_avg=0:min_cont_edge=0:min_or_cont_edge=0:min_or_breakout=-999999:min_efficiency=0:max_chop=1:min_entry_session_volume=0:min_lookback_session_volume=0,selected_veto:name=min_lookback_directional_move_points:field=lookback_directional_move_points:op=>=:threshold=20,min_lookback_directional_move_points,lookback_directional_move_points,>=,20,10,26,12,14,12,0,0,0,12,1,7116,593,593,5518,1598,7,5,second-stage single-feature veto selected on train rows only
1,scaled_context_filter_walk_forward_window=65:train_dates=8:holdout_dates=2,holdout,true,2026-02-13;2026-02-16,scaled_context_filter:strategy=delta_impulse_continue_10bar_2.5pt_50d:direction=all:minutes=0-120:max_risk_avg_range=4:max_runner_avg_range=4:signal_delta_avg=0-20:min_volume_avg=0:min_trades_avg=0:min_cont_edge=0:min_or_cont_edge=0:min_or_breakout=-999999:min_efficiency=0:max_chop=1:min_entry_session_volume=0:min_lookback_session_volume=0,selected_veto:name=min_lookback_directional_move_points:field=lookback_directional_move_points:op=>=:threshold=20,min_lookback_directional_move_points,lookback_directional_move_points,>=,20,10,9,1,8,0,1,0,0,0,0,-1057,-1057,-1057,-8013,6956,1,0,second-stage single-feature veto selected on train rows only
1,scaled_context_filter_walk_forward_window=67:train_dates=8:holdout_dates=2,train,true,2026-02-05;2026-02-06;2026-02-09;2026-02-10;2026-02-11;2026-02-12;2026-02-13;2026-02-16,scaled_context_filter:strategy=delta_impulse_continue_10bar_2.5pt_50d:direction=long:minutes=0-120:max_risk_avg_range=4:max_runner_avg_range=4:signal_delta_avg=0-20:min_volume_avg=0:min_trades_avg=0:min_cont_edge=0:min_or_cont_edge=0:min_or_breakout=-999999:min_efficiency=0:max_chop=1:min_entry_session_volume=0:min_lookback_session_volume=0,selected_veto:name=max_signal_abs_delta_sum_to_average_abs_delta:field=signal_abs_delta_sum_to_average_abs_delta:op=<=:threshold=8,max_signal_abs_delta_sum_to_average_abs_delta,signal_abs_delta_sum_to_average_abs_delta,<=,8,10,12,11,1,9,2,0,0,9,0.81818182,3223,293,101.11935528,2166,1057,11,0,second-stage single-feature veto selected on train rows only
1,scaled_context_filter_walk_forward_window=67:train_dates=8:holdout_dates=2,holdout,true,2026-02-17;2026-02-18,scaled_context_filter:strategy=delta_impulse_continue_10bar_2.5pt_50d:direction=long:minutes=0-120:max_risk_avg_range=4:max_runner_avg_range=4:signal_delta_avg=0-20:min_volume_avg=0:min_trades_avg=0:min_cont_edge=0:min_or_cont_edge=0:min_or_breakout=-999999:min_efficiency=0:max_chop=1:min_entry_session_volume=0:min_lookback_session_volume=0,selected_veto:name=max_signal_abs_delta_sum_to_average_abs_delta:field=signal_abs_delta_sum_to_average_abs_delta:op=<=:threshold=8,max_signal_abs_delta_sum_to_average_abs_delta,signal_abs_delta_sum_to_average_abs_delta,<=,8,10,7,7,0,3,3,1,0,3,0.42857143,-1699,-242.71428571,-531.57451703,-1699,0,7,0,second-stage single-feature veto selected on train rows only
1,scaled_context_filter_walk_forward_window=69:train_dates=8:holdout_dates=2,train,true,2026-02-09;2026-02-10;2026-02-11;2026-02-12;2026-02-13;2026-02-16;2026-02-17;2026-02-18,scaled_context_filter:strategy=delta_impulse_continue_10bar_2.5pt_50d:direction=long:minutes=60-180:max_risk_avg_range=4:max_runner_avg_range=4:signal_delta_avg=0-20:min_volume_avg=0:min_trades_avg=0:min_cont_edge=0:min_or_cont_edge=0:min_or_breakout=-999999:min_efficiency=0:max_chop=1:min_entry_session_volume=0:min_lookback_session_volume=0,selected_veto:name=min_lookback_directional_move_points:field=lookback_directional_move_points:op=>=:threshold=10,min_lookback_directional_move_points,lookback_directional_move_points,>=,10,10,13,11,2,6,3,2,0,6,0.54545455,-227,-20.63636364,-236.63786626,-2341,2114,11,0,second-stage single-feature veto selected on train rows only
1,scaled_context_filter_walk_forward_window=69:train_dates=8:holdout_dates=2,holdout,true,2026-02-19;2026-02-20,scaled_context_filter:strategy=delta_impulse_continue_10bar_2.5pt_50d:direction=long:minutes=60-180:max_risk_avg_range=4:max_runner_avg_range=4:signal_delta_avg=0-20:min_volume_avg=0:min_trades_avg=0:min_cont_edge=0:min_or_cont_edge=0:min_or_breakout=-999999:min_efficiency=0:max_chop=1:min_entry_session_volume=0:min_lookback_session_volume=0,selected_veto:name=min_lookback_directional_move_points:field=lookback_directional_move_points:op=>=:threshold=10,min_lookback_directional_move_points,lookback_directional_move_points,>=,10,10,4,2,2,0,2,0,0,0,0,-2114,-1057,-1057,-4228,2114,2,0,second-stage single-feature veto selected on train rows only
1,scaled_context_filter_walk_forward_window=71:train_dates=8:holdout_dates=2,train,true,2026-02-11;2026-02-12;2026-02-13;2026-02-16;2026-02-17;2026-02-18;2026-02-19;2026-02-20,scaled_context_filter:strategy=delta_impulse_continue_10bar_2.5pt_50d:direction=short:minutes=0-120:max_risk_avg_range=4:max_runner_avg_range=4:signal_delta_avg=0-20:min_volume_avg=0:min_trades_avg=0:min_cont_edge=0:min_or_cont_edge=0:min_or_breakout=-999999:min_efficiency=0:max_chop=1:min_entry_session_volume=0:min_lookback_session_volume=0,selected_veto:name=min_lookback_directional_move_points:field=lookback_directional_move_points:op=>=:threshold=0,min_lookback_directional_move_points,lookback_directional_move_points,>=,0,10,12,10,2,4,4,2,0,4,0.4,-2470,-247,-480.53800547,-4584,2114,0,10,second-stage single-feature veto selected on train rows only
1,scaled_context_filter_walk_forward_window=71:train_dates=8:holdout_dates=2,holdout,true,2026-02-23;2026-02-24,scaled_context_filter:strategy=delta_impulse_continue_10bar_2.5pt_50d:direction=short:minutes=0-120:max_risk_avg_range=4:max_runner_avg_range=4:signal_delta_avg=0-20:min_volume_avg=0:min_trades_avg=0:min_cont_edge=0:min_or_cont_edge=0:min_or_breakout=-999999:min_efficiency=0:max_chop=1:min_entry_session_volume=0:min_lookback_session_volume=0,selected_veto:name=min_lookback_directional_move_points:field=lookback_directional_move_points:op=>=:threshold=0,min_lookback_directional_move_points,lookback_directional_move_points,>=,0,10,5,5,0,4,1,0,0,4,0.8,1315,263,-32.16097303,1315,0,0,5,second-stage single-feature veto selected on train rows only
1,scaled_context_filter_walk_forward_window=73:train_dates=8:holdout_dates=2,train,true,2026-02-13;2026-02-16;2026-02-17;2026-02-18;2026-02-19;2026-02-20;2026-02-23;2026-02-24,scaled_context_filter:strategy=delta_impulse_continue_10bar_2.5pt_50d:direction=long:minutes=60-120:max_risk_avg_range=4:max_runner_avg_range=4:signal_delta_avg=0-20:min_volume_avg=0:min_trades_avg=0:min_cont_edge=0:min_or_cont_edge=0:min_or_breakout=-999999:min_efficiency=0:max_chop=1:min_entry_session_volume=0:min_lookback_session_volume=0,selected_veto:name=min_lookback_directional_move_points:field=lookback_directional_move_points:op=>=:threshold=10,min_lookback_directional_move_points,lookback_directional_move_points,>=,10,10,13,10,3,5,3,2,0,5,0.5,-820,-82,-310.71926023,-3991,3171,10,0,second-stage single-feature veto selected on train rows only
1,scaled_context_filter_walk_forward_window=73:train_dates=8:holdout_dates=2,holdout,true,2026-02-25;2026-02-26,scaled_context_filter:strategy=delta_impulse_continue_10bar_2.5pt_50d:direction=long:minutes=60-120:max_risk_avg_range=4:max_runner_avg_range=4:signal_delta_avg=0-20:min_volume_avg=0:min_trades_avg=0:min_cont_edge=0:min_or_cont_edge=0:min_or_breakout=-999999:min_efficiency=0:max_chop=1:min_entry_session_volume=0:min_lookback_session_volume=0,selected_veto:name=min_lookback_directional_move_points:field=lookback_directional_move_points:op=>=:threshold=10,min_lookback_directional_move_points,lookback_directional_move_points,>=,10,10,3,0,3,0,0,0,0,0,0,0,0,0,129,-129,0,0,second-stage single-feature veto selected on train rows only
1,scaled_context_filter_walk_forward_window=75:train_dates=8:holdout_dates=2,train,true,2026-02-17;2026-02-18;2026-02-19;2026-02-20;2026-02-23;2026-02-24;2026-02-25;2026-02-26,scaled_context_filter:strategy=delta_impulse_continue_10bar_2.5pt_50d:direction=long:minutes=0-180:max_risk_avg_range=4:max_runner_avg_range=4:signal_delta_avg=0-20:min_volume_avg=0:min_trades_avg=0.75:min_cont_edge=0:min_or_cont_edge=0:min_or_breakout=-999999:min_efficiency=0:max_chop=1:min_entry_session_volume=0:min_lookback_session_volume=0,selected_veto:name=min_lookback_directional_move_points:field=lookback_directional_move_points:op=>=:threshold=0,min_lookback_directional_move_points,lookback_directional_move_points,>=,0,10,12,10,2,6,3,1,0,6,0.6,80,8,-227.69577849,-2034,2114,10,0,second-stage single-feature veto selected on train rows only
1,scaled_context_filter_walk_forward_window=75:train_dates=8:holdout_dates=2,holdout,true,2026-02-27;2026-03-02,scaled_context_filter:strategy=delta_impulse_continue_10bar_2.5pt_50d:direction=long:minutes=0-180:max_risk_avg_range=4:max_runner_avg_range=4:signal_delta_avg=0-20:min_volume_avg=0:min_trades_avg=0.75:min_cont_edge=0:min_or_cont_edge=0:min_or_breakout=-999999:min_efficiency=0:max_chop=1:min_entry_session_volume=0:min_lookback_session_volume=0,selected_veto:name=min_lookback_directional_move_points:field=lookback_directional_move_points:op=>=:threshold=0,min_lookback_directional_move_points,lookback_directional_move_points,>=,0,10,5,5,0,1,4,0,0,1,0.2,-3635,-727,-1022.16097303,-3635,0,5,0,second-stage single-feature veto selected on train rows only
1,scaled_context_filter_walk_forward_window=77:train_dates=8:holdout_dates=2,train,true,2026-02-19;2026-02-20;2026-02-23;2026-02-24;2026-02-25;2026-02-26;2026-02-27;2026-03-02,scaled_context_filter:strategy=delta_impulse_continue_10bar_2.5pt_50d:direction=all:minutes=0-120:max_risk_avg_range=4:max_runner_avg_range=4:signal_delta_avg=0-20:min_volume_avg=0.75:min_trades_avg=0:min_cont_edge=0:min_or_cont_edge=0:min_or_breakout=-999999:min_efficiency=0:max_chop=1:min_entry_session_volume=0:min_lookback_session_volume=0,selected_veto:name=min_directional_open_distance_points:field=directional_open_distance_points:op=>=:threshold=20,min_directional_open_distance_points,directional_open_distance_points,>=,20,10,15,10,5,7,2,1,0,7,0.7,1730,173,-38.91979615,-255,1985,4,6,second-stage single-feature veto selected on train rows only
1,scaled_context_filter_walk_forward_window=77:train_dates=8:holdout_dates=2,holdout,true,2026-03-03;2026-03-04,scaled_context_filter:strategy=delta_impulse_continue_10bar_2.5pt_50d:direction=all:minutes=0-120:max_risk_avg_range=4:max_runner_avg_range=4:signal_delta_avg=0-20:min_volume_avg=0.75:min_trades_avg=0:min_cont_edge=0:min_or_cont_edge=0:min_or_breakout=-999999:min_efficiency=0:max_chop=1:min_entry_session_volume=0:min_lookback_session_volume=0,selected_veto:name=min_directional_open_distance_points:field=directional_open_distance_points:op=>=:threshold=20,min_directional_open_distance_points,directional_open_distance_points,>=,20,10,6,4,2,3,1,0,0,3,0.75,722,180.5,-176.73547906,1908,-1186,4,0,second-stage single-feature veto selected on train rows only
1,scaled_context_filter_walk_forward_window=79:train_dates=8:holdout_dates=2,train,true,2026-02-23;2026-02-24;2026-02-25;2026-02-26;2026-02-27;2026-03-02;2026-03-03;2026-03-04,scaled_context_filter:strategy=delta_impulse_continue_10bar_2.5pt_50d:direction=long:minutes=0-120:max_risk_avg_range=4:max_runner_avg_range=4:signal_delta_avg=0-20:min_volume_avg=0:min_trades_avg=0:min_cont_edge=0:min_or_cont_edge=0:min_or_breakout=-999999:min_efficiency=0:max_chop=1:min_entry_session_volume=0:min_lookback_session_volume=0,selected_veto:none,none,none,none,0,10,21,21,0,15,5,1,0,15,0.71428571,3303,157.28571429,3.45544673,3303,0,21,0,second-stage single-feature veto selected on train rows only
1,scaled_context_filter_walk_forward_window=79:train_dates=8:holdout_dates=2,holdout,true,2026-03-05;2026-03-06,scaled_context_filter:strategy=delta_impulse_continue_10bar_2.5pt_50d:direction=long:minutes=0-120:max_risk_avg_range=4:max_runner_avg_range=4:signal_delta_avg=0-20:min_volume_avg=0:min_trades_avg=0:min_cont_edge=0:min_or_cont_edge=0:min_or_breakout=-999999:min_efficiency=0:max_chop=1:min_entry_session_volume=0:min_lookback_session_volume=0,selected_veto:none,none,none,none,0,10,6,6,0,3,2,1,0,3,0.5,-642,-107,-410.4523576,-642,0,6,0,second-stage single-feature veto selected on train rows only
1,scaled_context_filter_walk_forward_window=81:train_dates=8:holdout_dates=2,train,true,2026-02-25;2026-02-26;2026-02-27;2026-03-02;2026-03-03;2026-03-04;2026-03-05;2026-03-06,scaled_context_filter:strategy=delta_impulse_continue_10bar_2.5pt_50d:direction=long:minutes=0-120:max_risk_avg_range=4:max_runner_avg_range=4:signal_delta_avg=0-20:min_volume_avg=0:min_trades_avg=0:min_cont_edge=0:min_or_cont_edge=0:min_or_breakout=-999999:min_efficiency=0:max_chop=1:min_entry_session_volume=0:min_lookback_session_volume=0,selected_veto:name=min_lookback_directional_move_points:field=lookback_directional_move_points:op=>=:threshold=0,min_lookback_directional_move_points,lookback_directional_move_points,>=,0,10,22,21,1,15,5,1,0,15,0.71428571,3303,157.28571429,3.45544673,2246,1057,21,0,second-stage single-feature veto selected on train rows only
1,scaled_context_filter_walk_forward_window=81:train_dates=8:holdout_dates=2,holdout,true,2026-03-09;2026-03-10,scaled_context_filter:strategy=delta_impulse_continue_10bar_2.5pt_50d:direction=long:minutes=0-120:max_risk_avg_range=4:max_runner_avg_range=4:signal_delta_avg=0-20:min_volume_avg=0:min_trades_avg=0:min_cont_edge=0:min_or_cont_edge=0:min_or_breakout=-999999:min_efficiency=0:max_chop=1:min_entry_session_volume=0:min_lookback_session_volume=0,selected_veto:name=min_lookback_directional_move_points:field=lookback_directional_move_points:op=>=:threshold=0,min_lookback_directional_move_points,lookback_directional_move_points,>=,0,10,8,5,3,5,0,0,0,5,1,2965,593,593,3094,-129,5,0,second-stage single-feature veto selected on train rows only
1,scaled_context_filter_walk_forward_window=83:train_dates=8:holdout_dates=2,train,true,2026-02-27;2026-03-02;2026-03-03;2026-03-04;2026-03-05;2026-03-06;2026-03-09;2026-03-10,scaled_context_filter:strategy=delta_impulse_continue_10bar_2.5pt_50d:direction=long:minutes=0-120:max_risk_avg_range=4:max_runner_avg_range=4:signal_delta_avg=0-20:min_volume_avg=0:min_trades_avg=0:min_cont_edge=0:min_or_cont_edge=0:min_or_breakout=-999999:min_efficiency=0:max_chop=1:min_entry_session_volume=0:min_lookback_session_volume=0,selected_veto:name=min_continuation_edge_score:field=continuation_edge_score:op=>=:threshold=0.6,min_continuation_edge_score,continuation_edge_score,>=,0.6,10,27,24,3,19,4,1,0,19,0.79166667,6732,280.5,153.05005067,5211,1521,24,0,second-stage single-feature veto selected on train rows only
1,scaled_context_filter_walk_forward_window=83:train_dates=8:holdout_dates=2,holdout,true,2026-03-11;2026-03-12,scaled_context_filter:strategy=delta_impulse_continue_10bar_2.5pt_50d:direction=long:minutes=0-120:max_risk_avg_range=4:max_runner_avg_range=4:signal_delta_avg=0-20:min_volume_avg=0:min_trades_avg=0:min_cont_edge=0:min_or_cont_edge=0:min_or_breakout=-999999:min_efficiency=0:max_chop=1:min_entry_session_volume=0:min_lookback_session_volume=0,selected_veto:name=min_continuation_edge_score:field=continuation_edge_score:op=>=:threshold=0.6,min_continuation_edge_score,continuation_edge_score,>=,0.6,10,4,1,3,0,1,0,0,0,0,-1057,-1057,-1057,-1828,771,1,0,second-stage single-feature veto selected on train rows only
1,scaled_context_filter_walk_forward_window=85:train_dates=8:holdout_dates=2,train,true,2026-03-03;2026-03-04;2026-03-05;2026-03-06;2026-03-09;2026-03-10;2026-03-11;2026-03-12,scaled_context_filter:strategy=delta_impulse_continue_10bar_2.5pt_50d:direction=all:minutes=0-120:max_risk_avg_range=4:max_runner_avg_range=4:signal_delta_avg=0-20:min_volume_avg=0.75:min_trades_avg=0:min_cont_edge=0:min_or_cont_edge=0:min_or_breakout=-999999:min_efficiency=0:max_chop=1:min_entry_session_volume=0:min_lookback_session_volume=0,selected_veto:name=min_directional_open_distance_points:field=directional_open_distance_points:op=>=:threshold=10,min_directional_open_distance_points,directional_open_distance_points,>=,10,10,20,16,4,13,2,1,0,13,0.8125,5288,330.5,188.63050671,5110,178,10,6,second-stage single-feature veto selected on train rows only
1,scaled_context_filter_walk_forward_window=85:train_dates=8:holdout_dates=2,holdout,true,2026-03-13;2026-03-16,scaled_context_filter:strategy=delta_impulse_continue_10bar_2.5pt_50d:direction=all:minutes=0-120:max_risk_avg_range=4:max_runner_avg_range=4:signal_delta_avg=0-20:min_volume_avg=0.75:min_trades_avg=0:min_cont_edge=0:min_or_cont_edge=0:min_or_breakout=-999999:min_efficiency=0:max_chop=1:min_entry_session_volume=0:min_lookback_session_volume=0,selected_veto:name=min_directional_open_distance_points:field=directional_open_distance_points:op=>=:threshold=10,min_directional_open_distance_points,directional_open_distance_points,>=,10,10,4,3,1,1,2,0,0,1,0.33333333,-1521,-507,-956.07311951,-1828,307,0,3,second-stage single-feature veto selected on train rows only
1,scaled_context_filter_walk_forward_window=87:train_dates=8:holdout_dates=2,train,true,2026-03-05;2026-03-06;2026-03-09;2026-03-10;2026-03-11;2026-03-12;2026-03-13;2026-03-16,scaled_context_filter:strategy=delta_impulse_continue_10bar_2.5pt_50d:direction=all:minutes=60-120:max_risk_avg_range=4:max_runner_avg_range=4:signal_delta_avg=0-20:min_volume_avg=0:min_trades_avg=0:min_cont_edge=0:min_or_cont_edge=0:min_or_breakout=-999999:min_efficiency=0:max_chop=1:min_entry_session_volume=0:min_lookback_session_volume=0,selected_veto:name=min_directional_open_distance_points:field=directional_open_distance_points:op=>=:threshold=10,min_directional_open_distance_points,directional_open_distance_points,>=,10,10,25,16,9,12,2,2,0,12,0.75,4388,274.25,128.48457682,3875,513,8,8,second-stage single-feature veto selected on train rows only
1,scaled_context_filter_walk_forward_window=87:train_dates=8:holdout_dates=2,holdout,true,2026-03-17;2026-03-18,scaled_context_filter:strategy=delta_impulse_continue_10bar_2.5pt_50d:direction=all:minutes=60-120:max_risk_avg_range=4:max_runner_avg_range=4:signal_delta_avg=0-20:min_volume_avg=0:min_trades_avg=0:min_cont_edge=0:min_or_cont_edge=0:min_or_breakout=-999999:min_efficiency=0:max_chop=1:min_entry_session_volume=0:min_lookback_session_volume=0,selected_veto:name=min_directional_open_distance_points:field=directional_open_distance_points:op=>=:threshold=10,min_directional_open_distance_points,directional_open_distance_points,>=,10,10,5,1,4,0,1,0,0,0,0,-1057,-1057,-1057,-335,-722,0,1,second-stage single-feature veto selected on train rows only
1,scaled_context_filter_walk_forward_window=89:train_dates=8:holdout_dates=2,train,true,2026-03-09;2026-03-10;2026-03-11;2026-03-12;2026-03-13;2026-03-16;2026-03-17;2026-03-18,scaled_context_filter:strategy=delta_impulse_continue_10bar_2.5pt_50d:direction=all:minutes=60-120:max_risk_avg_range=4:max_runner_avg_range=4:signal_delta_avg=0-20:min_volume_avg=0:min_trades_avg=0:min_cont_edge=0:min_or_cont_edge=0:min_or_breakout=-999999:min_efficiency=0:max_chop=1:min_entry_session_volume=0:min_lookback_session_volume=0,selected_veto:name=min_lookback_directional_move_points:field=lookback_directional_move_points:op=>=:threshold=0,min_lookback_directional_move_points,lookback_directional_move_points,>=,0,10,24,19,5,15,2,2,0,15,0.78947368,6167,324.57894737,198.96629217,5832,335,6,13,second-stage single-feature veto selected on train rows only
1,scaled_context_filter_walk_forward_window=89:train_dates=8:holdout_dates=2,holdout,true,2026-03-19;2026-03-20,scaled_context_filter:strategy=delta_impulse_continue_10bar_2.5pt_50d:direction=all:minutes=60-120:max_risk_avg_range=4:max_runner_avg_range=4:signal_delta_avg=0-20:min_volume_avg=0:min_trades_avg=0:min_cont_edge=0:min_or_cont_edge=0:min_or_breakout=-999999:min_efficiency=0:max_chop=1:min_entry_session_volume=0:min_lookback_session_volume=0,selected_veto:name=min_lookback_directional_move_points:field=lookback_directional_move_points:op=>=:threshold=0,min_lookback_directional_move_points,lookback_directional_move_points,>=,0,10,5,4,1,2,2,0,0,2,0.5,-928,-232,-644.5,-335,-593,3,1,second-stage single-feature veto selected on train rows only
1,scaled_context_filter_walk_forward_window=91:train_dates=8:holdout_dates=2,train,true,2026-03-11;2026-03-12;2026-03-13;2026-03-16;2026-03-17;2026-03-18;2026-03-19;2026-03-20,scaled_context_filter:strategy=delta_impulse_continue_10bar_2.5pt_50d:direction=short:minutes=60-120:max_risk_avg_range=4:max_runner_avg_range=4:signal_delta_avg=0-20:min_volume_avg=0:min_trades_avg=0:min_cont_edge=0:min_or_cont_edge=0:min_or_breakout=-999999:min_efficiency=0:max_chop=1:min_entry_session_volume=0:min_lookback_session_volume=0,selected_veto:name=max_signal_abs_delta_sum_to_average_abs_delta:field=signal_abs_delta_sum_to_average_abs_delta:op=<=:threshold=6,max_signal_abs_delta_sum_to_average_abs_delta,signal_abs_delta_sum_to_average_abs_delta,<=,6,10,15,13,2,10,2,1,0,10,0.76923077,3509,269.92307692,99.68000456,3795,-286,0,13,second-stage single-feature veto selected on train rows only
1,scaled_context_filter_walk_forward_window=91:train_dates=8:holdout_dates=2,holdout,true,2026-03-23;2026-03-24,scaled_context_filter:strategy=none:direction=short:minutes=60-120:max_risk_avg_range=4:max_runner_avg_range=4:signal_delta_avg=0-20:min_volume_avg=0:min_trades_avg=0:min_cont_edge=0:min_or_cont_edge=0:min_or_breakout=-999999:min_efficiency=0:max_chop=1:min_entry_session_volume=0:min_lookback_session_volume=0,selected_veto:name=max_signal_abs_delta_sum_to_average_abs_delta:field=signal_abs_delta_sum_to_average_abs_delta:op=<=:threshold=6,max_signal_abs_delta_sum_to_average_abs_delta,signal_abs_delta_sum_to_average_abs_delta,<=,6,10,0,0,0,0,0,0,0,0,0,0,0,0,0,0,0,0,second-stage single-feature veto selected on train rows only
1,scaled_context_filter_walk_forward_window=93:train_dates=8:holdout_dates=2,train,true,2026-03-13;2026-03-16;2026-03-17;2026-03-18;2026-03-19;2026-03-20;2026-03-23;2026-03-24,scaled_context_filter:strategy=delta_impulse_continue_10bar_2.5pt_50d:direction=short:minutes=60-180:max_risk_avg_range=4:max_runner_avg_range=4:signal_delta_avg=0-20:min_volume_avg=0:min_trades_avg=0:min_cont_edge=0:min_or_cont_edge=0:min_or_breakout=-999999:min_efficiency=0:max_chop=1:min_entry_session_volume=0:min_lookback_session_volume=0,selected_veto:name=max_signal_abs_delta_sum_to_average_abs_delta:field=signal_abs_delta_sum_to_average_abs_delta:op=<=:threshold=6,max_signal_abs_delta_sum_to_average_abs_delta,signal_abs_delta_sum_to_average_abs_delta,<=,6,10,18,16,2,13,3,0,0,13,0.8125,4538,283.625,122.62114535,3174,1364,0,16,second-stage single-feature veto selected on train rows only
1,scaled_context_filter_walk_forward_window=93:train_dates=8:holdout_dates=2,holdout,true,2026-03-25;2026-03-26,scaled_context_filter:strategy=delta_impulse_continue_10bar_2.5pt_50d:direction=short:minutes=60-180:max_risk_avg_range=4:max_runner_avg_range=4:signal_delta_avg=0-20:min_volume_avg=0:min_trades_avg=0:min_cont_edge=0:min_or_cont_edge=0:min_or_breakout=-999999:min_efficiency=0:max_chop=1:min_entry_session_volume=0:min_lookback_session_volume=0,selected_veto:name=max_signal_abs_delta_sum_to_average_abs_delta:field=signal_abs_delta_sum_to_average_abs_delta:op=<=:threshold=6,max_signal_abs_delta_sum_to_average_abs_delta,signal_abs_delta_sum_to_average_abs_delta,<=,6,10,7,7,0,5,1,1,0,5,0.71428571,1601,228.71428571,-1.79408894,1601,0,0,7,second-stage single-feature veto selected on train rows only
1,scaled_context_filter_walk_forward_window=95:train_dates=8:holdout_dates=2,train,true,2026-03-17;2026-03-18;2026-03-19;2026-03-20;2026-03-23;2026-03-24;2026-03-25;2026-03-26,scaled_context_filter:strategy=delta_impulse_continue_10bar_2.5pt_50d:direction=short:minutes=60-180:max_risk_avg_range=4:max_runner_avg_range=4:signal_delta_avg=0-20:min_volume_avg=0:min_trades_avg=0:min_cont_edge=0:min_or_cont_edge=0:min_or_breakout=-999999:min_efficiency=0:max_chop=1:min_entry_session_volume=0:min_lookback_session_volume=0,selected_veto:name=max_signal_abs_delta_sum_to_average_abs_delta:field=signal_abs_delta_sum_to_average_abs_delta:op=<=:threshold=6,max_signal_abs_delta_sum_to_average_abs_delta,signal_abs_delta_sum_to_average_abs_delta,<=,6,10,17,16,1,12,3,1,0,12,0.75,3638,227.375,63.93309339,2581,1057,0,16,second-stage single-feature veto selected on train rows only
1,scaled_context_filter_walk_forward_window=95:train_dates=8:holdout_dates=2,holdout,true,2026-03-27;2026-03-30,scaled_context_filter:strategy=delta_impulse_continue_10bar_2.5pt_50d:direction=short:minutes=60-180:max_risk_avg_range=4:max_runner_avg_range=4:signal_delta_avg=0-20:min_volume_avg=0:min_trades_avg=0:min_cont_edge=0:min_or_cont_edge=0:min_or_breakout=-999999:min_efficiency=0:max_chop=1:min_entry_session_volume=0:min_lookback_session_volume=0,selected_veto:name=max_signal_abs_delta_sum_to_average_abs_delta:field=signal_abs_delta_sum_to_average_abs_delta:op=<=:threshold=6,max_signal_abs_delta_sum_to_average_abs_delta,signal_abs_delta_sum_to_average_abs_delta,<=,6,10,3,3,0,1,1,1,0,1,0.33333333,-771,-257,-646.44404818,-771,0,0,3,second-stage single-feature veto selected on train rows only
1,scaled_context_filter_walk_forward_window=97:train_dates=8:holdout_dates=2,train,true,2026-03-19;2026-03-20;2026-03-23;2026-03-24;2026-03-25;2026-03-26;2026-03-27;2026-03-30,scaled_context_filter:strategy=delta_impulse_continue_10bar_2.5pt_50d:direction=short:minutes=0-180:max_risk_avg_range=4:max_runner_avg_range=4:signal_delta_avg=0-20:min_volume_avg=0:min_trades_avg=0.75:min_cont_edge=0:min_or_cont_edge=0:min_or_breakout=-999999:min_efficiency=0:max_chop=1:min_entry_session_volume=0:min_lookback_session_volume=0,selected_veto:name=max_signal_abs_delta_sum_to_average_abs_delta:field=signal_abs_delta_sum_to_average_abs_delta:op=<=:threshold=6,max_signal_abs_delta_sum_to_average_abs_delta,signal_abs_delta_sum_to_average_abs_delta,<=,6,10,12,10,2,7,2,1,0,7,0.7,1730,173,-38.91979615,1266,464,0,10,second-stage single-feature veto selected on train rows only
1,scaled_context_filter_walk_forward_window=97:train_dates=8:holdout_dates=2,holdout,true,2026-03-31;2026-04-01,scaled_context_filter:strategy=delta_impulse_continue_10bar_2.5pt_50d:direction=short:minutes=0-180:max_risk_avg_range=4:max_runner_avg_range=4:signal_delta_avg=0-20:min_volume_avg=0:min_trades_avg=0.75:min_cont_edge=0:min_or_cont_edge=0:min_or_breakout=-999999:min_efficiency=0:max_chop=1:min_entry_session_volume=0:min_lookback_session_volume=0,selected_veto:name=max_signal_abs_delta_sum_to_average_abs_delta:field=signal_abs_delta_sum_to_average_abs_delta:op=<=:threshold=6,max_signal_abs_delta_sum_to_average_abs_delta,signal_abs_delta_sum_to_average_abs_delta,<=,6,10,2,2,0,1,0,1,0,1,0.5,286,143,-175.19805153,286,0,0,2,second-stage single-feature veto selected on train rows only
1,scaled_context_filter_walk_forward_window=99:train_dates=8:holdout_dates=2,train,true,2026-03-23;2026-03-24;2026-03-25;2026-03-26;2026-03-27;2026-03-30;2026-03-31;2026-04-01,scaled_context_filter:strategy=delta_impulse_continue_10bar_2.5pt_50d:direction=short:minutes=60-180:max_risk_avg_range=4:max_runner_avg_range=4:signal_delta_avg=0-20:min_volume_avg=0:min_trades_avg=0:min_cont_edge=0:min_or_cont_edge=0:min_or_breakout=-999999:min_efficiency=0:max_chop=1:min_entry_session_volume=0:min_lookback_session_volume=0,selected_veto:name=max_entry_volume_to_average_volume:field=entry_volume_to_average_volume:op=<=:threshold=1.25,max_entry_volume_to_average_volume,entry_volume_to_average_volume,<=,1.25,10,14,10,4,7,1,2,0,7,0.7,2480,248,70.45423125,2302,178,0,10,second-stage single-feature veto selected on train rows only
1,scaled_context_filter_walk_forward_window=99:train_dates=8:holdout_dates=2,holdout,true,2026-04-02;2026-04-06,scaled_context_filter:strategy=delta_impulse_continue_10bar_2.5pt_50d:direction=short:minutes=60-180:max_risk_avg_range=4:max_runner_avg_range=4:signal_delta_avg=0-20:min_volume_avg=0:min_trades_avg=0:min_cont_edge=0:min_or_cont_edge=0:min_or_breakout=-999999:min_efficiency=0:max_chop=1:min_entry_session_volume=0:min_lookback_session_volume=0,selected_veto:name=max_entry_volume_to_average_volume:field=entry_volume_to_average_volume:op=<=:threshold=1.25,max_entry_volume_to_average_volume,entry_volume_to_average_volume,<=,1.25,10,4,4,0,1,2,1,0,1,0.25,-1828,-457,-796.57694268,-1828,0,0,4,second-stage single-feature veto selected on train rows only
1,scaled_context_filter_walk_forward_window=101:train_dates=8:holdout_dates=2,train,true,2026-03-25;2026-03-26;2026-03-27;2026-03-30;2026-03-31;2026-04-01;2026-04-02;2026-04-06,scaled_context_filter:strategy=delta_impulse_continue_10bar_2.5pt_50d:direction=long:minutes=0-180:max_risk_avg_range=4:max_runner_avg_range=4:signal_delta_avg=0-20:min_volume_avg=0:min_trades_avg=0.75:min_cont_edge=0:min_or_cont_edge=0:min_or_breakout=-999999:min_efficiency=0:max_chop=1:min_entry_session_volume=0:min_lookback_session_volume=0,selected_veto:name=min_lookback_directional_move_points:field=lookback_directional_move_points:op=>=:threshold=0,min_lookback_directional_move_points,lookback_directional_move_points,>=,0,10,14,12,2,9,3,0,0,9,0.75,2166,180.5,-25.75,52,2114,12,0,second-stage single-feature veto selected on train rows only
1,scaled_context_filter_walk_forward_window=101:train_dates=8:holdout_dates=2,holdout,true,2026-04-07;2026-04-08,scaled_context_filter:strategy=delta_impulse_continue_10bar_2.5pt_50d:direction=long:minutes=0-180:max_risk_avg_range=4:max_runner_avg_range=4:signal_delta_avg=0-20:min_volume_avg=0:min_trades_avg=0.75:min_cont_edge=0:min_or_cont_edge=0:min_or_breakout=-999999:min_efficiency=0:max_chop=1:min_entry_session_volume=0:min_lookback_session_volume=0,selected_veto:name=min_lookback_directional_move_points:field=lookback_directional_move_points:op=>=:threshold=0,min_lookback_directional_move_points,lookback_directional_move_points,>=,0,10,2,1,1,1,0,0,0,1,1,593,593,593,1186,-593,1,0,second-stage single-feature veto selected on train rows only
1,scaled_context_filter_walk_forward_window=103:train_dates=8:holdout_dates=2,train,true,2026-03-27;2026-03-30;2026-03-31;2026-04-01;2026-04-02;2026-04-06;2026-04-07;2026-04-08,scaled_context_filter:strategy=delta_impulse_continue_10bar_2.5pt_50d:direction=all:minutes=0-180:max_risk_avg_range=4:max_runner_avg_range=4:signal_delta_avg=0-20:min_volume_avg=0:min_trades_avg=0:min_cont_edge=0:min_or_cont_edge=0:min_or_breakout=-999999:min_efficiency=0:max_chop=1:min_entry_session_volume=0:min_lookback_session_volume=0,selected_veto:name=min_continuation_edge_score:field=continuation_edge_score:op=>=:threshold=0.85,min_continuation_edge_score,continuation_edge_score,>=,0.85,10,40,10,30,8,1,1,0,8,0.8,3380,338,168.2280942,2870,510,5,5,second-stage single-feature veto selected on train rows only
1,scaled_context_filter_walk_forward_window=103:train_dates=8:holdout_dates=2,holdout,true,2026-04-09;2026-04-10,scaled_context_filter:strategy=delta_impulse_continue_10bar_2.5pt_50d:direction=all:minutes=0-180:max_risk_avg_range=4:max_runner_avg_range=4:signal_delta_avg=0-20:min_volume_avg=0:min_trades_avg=0:min_cont_edge=0:min_or_cont_edge=0:min_or_breakout=-999999:min_efficiency=0:max_chop=1:min_entry_session_volume=0:min_lookback_session_volume=0,selected_veto:name=min_continuation_edge_score:field=continuation_edge_score:op=>=:threshold=0.85,min_continuation_edge_score,continuation_edge_score,>=,0.85,10,12,6,6,3,2,1,0,3,0.5,-642,-107,-410.4523576,-2034,1392,4,2,second-stage single-feature veto selected on train rows only
1,scaled_context_filter_walk_forward_window=105:train_dates=8:holdout_dates=2,train,true,2026-03-31;2026-04-01;2026-04-02;2026-04-06;2026-04-07;2026-04-08;2026-04-09;2026-04-10,scaled_context_filter:strategy=delta_impulse_continue_10bar_2.5pt_50d:direction=long:minutes=0-180:max_risk_avg_range=4:max_runner_avg_range=4:signal_delta_avg=0-20:min_volume_avg=0:min_trades_avg=0:min_cont_edge=0:min_or_cont_edge=0:min_or_breakout=-999999:min_efficiency=0:max_chop=1:min_entry_session_volume=0:min_lookback_session_volume=0,selected_veto:name=min_lookback_efficiency_ratio:field=lookback_efficiency_ratio:op=>=:threshold=0.25,min_lookback_efficiency_ratio,lookback_efficiency_ratio,>=,0.25,10,23,10,13,10,0,0,0,10,1,5930,593,593,3739,2191,10,0,second-stage single-feature veto selected on train rows only
1,scaled_context_filter_walk_forward_window=105:train_dates=8:holdout_dates=2,holdout,true,2026-04-13;2026-04-14,scaled_context_filter:strategy=delta_impulse_continue_10bar_2.5pt_50d:direction=long:minutes=0-180:max_risk_avg_range=4:max_runner_avg_range=4:signal_delta_avg=0-20:min_volume_avg=0:min_trades_avg=0:min_cont_edge=0:min_or_cont_edge=0:min_or_breakout=-999999:min_efficiency=0:max_chop=1:min_entry_session_volume=0:min_lookback_session_volume=0,selected_veto:name=min_lookback_efficiency_ratio:field=lookback_efficiency_ratio:op=>=:threshold=0.25,min_lookback_efficiency_ratio,lookback_efficiency_ratio,>=,0.25,10,10,7,3,6,0,1,0,6,0.85714286,3251,464.42857143,345.3945586,1730,1521,7,0,second-stage single-feature veto selected on train rows only
1,scaled_context_filter_walk_forward_window=107:train_dates=8:holdout_dates=2,train,true,2026-04-02;2026-04-06;2026-04-07;2026-04-08;2026-04-09;2026-04-10;2026-04-13;2026-04-14,scaled_context_filter:strategy=delta_impulse_continue_10bar_2.5pt_50d:direction=long:minutes=0-180:max_risk_avg_range=4:max_runner_avg_range=4:signal_delta_avg=0-20:min_volume_avg=0:min_trades_avg=0.75:min_cont_edge=0:min_or_cont_edge=0:min_or_breakout=-999999:min_efficiency=0:max_chop=1:min_entry_session_volume=0:min_lookback_session_volume=0,selected_veto:name=min_lookback_efficiency_ratio:field=lookback_efficiency_ratio:op=>=:threshold=0.35,min_lookback_efficiency_ratio,lookback_efficiency_ratio,>=,0.35,10,18,10,8,10,0,0,0,10,1,5930,593,593,5724,206,10,0,second-stage single-feature veto selected on train rows only
1,scaled_context_filter_walk_forward_window=107:train_dates=8:holdout_dates=2,holdout,true,2026-04-15;2026-04-16,scaled_context_filter:strategy=delta_impulse_continue_10bar_2.5pt_50d:direction=long:minutes=0-180:max_risk_avg_range=4:max_runner_avg_range=4:signal_delta_avg=0-20:min_volume_avg=0:min_trades_avg=0.75:min_cont_edge=0:min_or_cont_edge=0:min_or_breakout=-999999:min_efficiency=0:max_chop=1:min_entry_session_volume=0:min_lookback_session_volume=0,selected_veto:name=min_lookback_efficiency_ratio:field=lookback_efficiency_ratio:op=>=:threshold=0.35,min_lookback_efficiency_ratio,lookback_efficiency_ratio,>=,0.35,10,7,2,5,1,1,0,0,1,0.5,-464,-232,-815.36309448,-799,335,2,0,second-stage single-feature veto selected on train rows only
1,scaled_context_filter_walk_forward_window=109:train_dates=8:holdout_dates=2,train,true,2026-04-07;2026-04-08;2026-04-09;2026-04-10;2026-04-13;2026-04-14;2026-04-15;2026-04-16,scaled_context_filter:strategy=delta_impulse_continue_10bar_2.5pt_50d:direction=long:minutes=0-180:max_risk_avg_range=4:max_runner_avg_range=4:signal_delta_avg=0-20:min_volume_avg=0.75:min_trades_avg=0.75:min_cont_edge=0:min_or_cont_edge=0:min_or_breakout=-999999:min_efficiency=0:max_chop=1:min_entry_session_volume=0:min_lookback_session_volume=0,selected_veto:name=min_lookback_efficiency_ratio:field=lookback_efficiency_ratio:op=>=:threshold=0.25,min_lookback_efficiency_ratio,lookback_efficiency_ratio,>=,0.25,10,21,11,10,10,1,0,0,10,0.90909091,4873,443,299.98061161,4203,670,11,0,second-stage single-feature veto selected on train rows only
1,scaled_context_filter_walk_forward_window=109:train_dates=8:holdout_dates=2,holdout,true,2026-04-17;2026-04-20,scaled_context_filter:strategy=delta_impulse_continue_10bar_2.5pt_50d:direction=long:minutes=0-180:max_risk_avg_range=4:max_runner_avg_range=4:signal_delta_avg=0-20:min_volume_avg=0.75:min_trades_avg=0.75:min_cont_edge=0:min_or_cont_edge=0:min_or_breakout=-999999:min_efficiency=0:max_chop=1:min_entry_session_volume=0:min_lookback_session_volume=0,selected_veto:name=min_lookback_efficiency_ratio:field=lookback_efficiency_ratio:op=>=:threshold=0.25,min_lookback_efficiency_ratio,lookback_efficiency_ratio,>=,0.25,10,3,1,2,0,1,0,0,0,0,-1057,-1057,-1057,129,-1186,1,0,second-stage single-feature veto selected on train rows only
1,scaled_context_filter_walk_forward_window=111:train_dates=8:holdout_dates=2,train,true,2026-04-09;2026-04-10;2026-04-13;2026-04-14;2026-04-15;2026-04-16;2026-04-17;2026-04-20,scaled_context_filter:strategy=delta_impulse_continue_10bar_2.5pt_50d:direction=long:minutes=0-180:max_risk_avg_range=4:max_runner_avg_range=4:signal_delta_avg=0-20:min_volume_avg=0.75:min_trades_avg=0.75:min_cont_edge=0:min_or_cont_edge=0:min_or_breakout=-999999:min_efficiency=0:max_chop=1:min_entry_session_volume=0:min_lookback_session_volume=0,selected_veto:name=max_signal_abs_delta_sum_to_average_abs_delta:field=signal_abs_delta_sum_to_average_abs_delta:op=<=:threshold=6,max_signal_abs_delta_sum_to_average_abs_delta,signal_abs_delta_sum_to_average_abs_delta,<=,6,10,22,17,5,14,3,0,0,14,0.82352941,5131,301.82352941,149.26545186,3146,1985,17,0,second-stage single-feature veto selected on train rows only
1,scaled_context_filter_walk_forward_window=111:train_dates=8:holdout_dates=2,holdout,true,2026-04-21;2026-04-22,scaled_context_filter:strategy=delta_impulse_continue_10bar_2.5pt_50d:direction=long:minutes=0-180:max_risk_avg_range=4:max_runner_avg_range=4:signal_delta_avg=0-20:min_volume_avg=0.75:min_trades_avg=0.75:min_cont_edge=0:min_or_cont_edge=0:min_or_breakout=-999999:min_efficiency=0:max_chop=1:min_entry_session_volume=0:min_lookback_session_volume=0,selected_veto:name=max_signal_abs_delta_sum_to_average_abs_delta:field=signal_abs_delta_sum_to_average_abs_delta:op=<=:threshold=6,max_signal_abs_delta_sum_to_average_abs_delta,signal_abs_delta_sum_to_average_abs_delta,<=,6,10,2,2,0,1,1,0,0,1,0.5,-464,-232,-815.36309448,-464,0,2,0,second-stage single-feature veto selected on train rows only
1,scaled_context_filter_walk_forward_window=113:train_dates=8:holdout_dates=2,train,true,2026-04-13;2026-04-14;2026-04-15;2026-04-16;2026-04-17;2026-04-20;2026-04-21;2026-04-22,scaled_context_filter:strategy=delta_impulse_continue_10bar_2.5pt_50d:direction=all:minutes=60-180:max_risk_avg_range=4:max_runner_avg_range=4:signal_delta_avg=0-20:min_volume_avg=0.75:min_trades_avg=0.75:min_cont_edge=0:min_or_cont_edge=0:min_or_breakout=-999999:min_efficiency=0:max_chop=1:min_entry_session_volume=0:min_lookback_session_volume=0,selected_veto:name=max_entry_volume_to_average_volume:field=entry_volume_to_average_volume:op=<=:threshold=1,max_entry_volume_to_average_volume,entry_volume_to_average_volume,<=,1,10,22,10,12,8,1,1,0,8,0.8,3380,338,168.2280942,2996,384,7,3,second-stage single-feature veto selected on train rows only
1,scaled_context_filter_walk_forward_window=113:train_dates=8:holdout_dates=2,holdout,true,2026-04-23;2026-04-24,scaled_context_filter:strategy=delta_impulse_continue_10bar_2.5pt_50d:direction=all:minutes=60-180:max_risk_avg_range=4:max_runner_avg_range=4:signal_delta_avg=0-20:min_volume_avg=0.75:min_trades_avg=0.75:min_cont_edge=0:min_or_cont_edge=0:min_or_breakout=-999999:min_efficiency=0:max_chop=1:min_entry_session_volume=0:min_lookback_session_volume=0,selected_veto:name=max_entry_volume_to_average_volume:field=entry_volume_to_average_volume:op=<=:threshold=1,max_entry_volume_to_average_volume,entry_volume_to_average_volume,<=,1,10,8,4,4,3,0,1,0,3,0.75,1472,368,173.14428415,1294,178,4,0,second-stage single-feature veto selected on train rows only
1,scaled_context_filter_walk_forward_window=115:train_dates=8:holdout_dates=2,train,true,2026-04-15;2026-04-16;2026-04-17;2026-04-20;2026-04-21;2026-04-22;2026-04-23;2026-04-24,scaled_context_filter:strategy=delta_impulse_continue_10bar_2.5pt_50d:direction=all:minutes=60-180:max_risk_avg_range=4:max_runner_avg_range=4:signal_delta_avg=0-20:min_volume_avg=0.75:min_trades_avg=0:min_cont_edge=0:min_or_cont_edge=0:min_or_breakout=-999999:min_efficiency=0:max_chop=1:min_entry_session_volume=0:min_lookback_session_volume=0,selected_veto:name=max_entry_volume_to_average_volume:field=entry_volume_to_average_volume:op=<=:threshold=1,max_entry_volume_to_average_volume,entry_volume_to_average_volume,<=,1,10,25,11,14,8,1,2,0,8,0.72727273,3073,279.36363636,115.21155647,2975,98,8,3,second-stage single-feature veto selected on train rows only
1,scaled_context_filter_walk_forward_window=115:train_dates=8:holdout_dates=2,holdout,true,2026-04-27;2026-04-28,scaled_context_filter:strategy=delta_impulse_continue_10bar_2.5pt_50d:direction=all:minutes=60-180:max_risk_avg_range=4:max_runner_avg_range=4:signal_delta_avg=0-20:min_volume_avg=0.75:min_trades_avg=0:min_cont_edge=0:min_or_cont_edge=0:min_or_breakout=-999999:min_efficiency=0:max_chop=1:min_entry_session_volume=0:min_lookback_session_volume=0,selected_veto:name=max_entry_volume_to_average_volume:field=entry_volume_to_average_volume:op=<=:threshold=1,max_entry_volume_to_average_volume,entry_volume_to_average_volume,<=,1,10,4,1,3,0,1,0,0,0,0,-1057,-1057,-1057,-928,-129,0,1,second-stage single-feature veto selected on train rows only
1,scaled_context_filter_walk_forward_window=117:train_dates=8:holdout_dates=2,train,true,2026-04-17;2026-04-20;2026-04-21;2026-04-22;2026-04-23;2026-04-24;2026-04-27;2026-04-28,scaled_context_filter:strategy=delta_impulse_continue_10bar_2.5pt_50d:direction=short:minutes=0-120:max_risk_avg_range=4:max_runner_avg_range=4:signal_delta_avg=0-20:min_volume_avg=0:min_trades_avg=0:min_cont_edge=0:min_or_cont_edge=0:min_or_breakout=-999999:min_efficiency=0:max_chop=1:min_entry_session_volume=0:min_lookback_session_volume=0,selected_veto:name=max_risk_to_average_bar_range:field=risk_to_average_bar_range:op=<=:threshold=2,max_risk_to_average_bar_range,risk_to_average_bar_range,<=,2,10,16,13,3,9,1,3,0,9,0.69230769,3359,258.38461538,110.4816591,2588,771,0,13,second-stage single-feature veto selected on train rows only
1,scaled_context_filter_walk_forward_window=117:train_dates=8:holdout_dates=2,holdout,true,2026-04-29;2026-04-30,scaled_context_filter:strategy=delta_impulse_continue_10bar_2.5pt_50d:direction=short:minutes=0-120:max_risk_avg_range=4:max_runner_avg_range=4:signal_delta_avg=0-20:min_volume_avg=0:min_trades_avg=0:min_cont_edge=0:min_or_cont_edge=0:min_or_breakout=-999999:min_efficiency=0:max_chop=1:min_entry_session_volume=0:min_lookback_session_volume=0,selected_veto:name=max_risk_to_average_bar_range:field=risk_to_average_bar_range:op=<=:threshold=2,max_risk_to_average_bar_range,risk_to_average_bar_range,<=,2,10,3,1,2,0,1,0,0,0,0,-1057,-1057,-1057,129,-1186,0,1,second-stage single-feature veto selected on train rows only
1,scaled_context_filter_walk_forward_window=119:train_dates=8:holdout_dates=2,train,true,2026-04-21;2026-04-22;2026-04-23;2026-04-24;2026-04-27;2026-04-28;2026-04-29;2026-04-30,scaled_context_filter:strategy=delta_impulse_continue_10bar_2.5pt_50d:direction=all:minutes=60-120:max_risk_avg_range=4:max_runner_avg_range=4:signal_delta_avg=0-20:min_volume_avg=0:min_trades_avg=0.75:min_cont_edge=0:min_or_cont_edge=0:min_or_breakout=-999999:min_efficiency=0:max_chop=1:min_entry_session_volume=0:min_lookback_session_volume=0,selected_veto:name=max_risk_to_average_bar_range:field=risk_to_average_bar_range:op=<=:threshold=2,max_risk_to_average_bar_range,risk_to_average_bar_range,<=,2,10,20,13,7,9,2,2,0,9,0.69230769,2609,200.69230769,27.58580134,1660,949,8,5,second-stage single-feature veto selected on train rows only
1,scaled_context_filter_walk_forward_window=119:train_dates=8:holdout_dates=2,holdout,true,2026-05-01;2026-05-04,scaled_context_filter:strategy=delta_impulse_continue_10bar_2.5pt_50d:direction=all:minutes=60-120:max_risk_avg_range=4:max_runner_avg_range=4:signal_delta_avg=0-20:min_volume_avg=0:min_trades_avg=0.75:min_cont_edge=0:min_or_cont_edge=0:min_or_breakout=-999999:min_efficiency=0:max_chop=1:min_entry_session_volume=0:min_lookback_session_volume=0,selected_veto:name=max_risk_to_average_bar_range:field=risk_to_average_bar_range:op=<=:threshold=2,max_risk_to_average_bar_range,risk_to_average_bar_range,<=,2,10,5,5,0,2,2,1,0,2,0.4,-1235,-247,-577.27261467,-1235,0,2,3,second-stage single-feature veto selected on train rows only
1,scaled_context_filter_walk_forward_window=121:train_dates=8:holdout_dates=2,train,true,2026-04-23;2026-04-24;2026-04-27;2026-04-28;2026-04-29;2026-04-30;2026-05-01;2026-05-04,scaled_context_filter:strategy=delta_impulse_continue_10bar_2.5pt_50d:direction=all:minutes=60-180:max_risk_avg_range=4:max_runner_avg_range=4:signal_delta_avg=5-20:min_volume_avg=0:min_trades_avg=0:min_cont_edge=0:min_or_cont_edge=0:min_or_breakout=-999999:min_efficiency=0:max_chop=1:min_entry_session_volume=0:min_lookback_session_volume=0,selected_veto:none,none,none,none,0,10,12,12,0,8,4,0,0,8,0.66666667,516,43,-181.53655976,516,0,4,8,second-stage single-feature veto selected on train rows only
1,scaled_context_filter_walk_forward_window=121:train_dates=8:holdout_dates=2,holdout,true,2026-05-05;2026-05-06,scaled_context_filter:strategy=delta_impulse_continue_10bar_2.5pt_50d:direction=all:minutes=60-180:max_risk_avg_range=4:max_runner_avg_range=4:signal_delta_avg=5-20:min_volume_avg=0:min_trades_avg=0:min_cont_edge=0:min_or_cont_edge=0:min_or_breakout=-999999:min_efficiency=0:max_chop=1:min_entry_session_volume=0:min_lookback_session_volume=0,selected_veto:none,none,none,none,0,10,1,1,0,0,1,0,0,0,0,-1057,-1057,-1057,-1057,0,1,0,second-stage single-feature veto selected on train rows only
1,scaled_context_filter_walk_forward_window=123:train_dates=8:holdout_dates=2,train,true,2026-04-27;2026-04-28;2026-04-29;2026-04-30;2026-05-01;2026-05-04;2026-05-05;2026-05-06,scaled_context_filter:strategy=delta_impulse_continue_10bar_2.5pt_50d:direction=all:minutes=60-180:max_risk_avg_range=4:max_runner_avg_range=4:signal_delta_avg=0-20:min_volume_avg=1:min_trades_avg=0:min_cont_edge=0:min_or_cont_edge=0:min_or_breakout=-999999:min_efficiency=0:max_chop=1:min_entry_session_volume=0:min_lookback_session_volume=0,selected_veto:none,none,none,none,0,10,12,12,0,7,2,3,0,7,0.58333333,1116,93,-90.99501805,1116,0,6,6,second-stage single-feature veto selected on train rows only
1,scaled_context_filter_walk_forward_window=123:train_dates=8:holdout_dates=2,holdout,true,2026-05-07;2026-05-08,scaled_context_filter:strategy=delta_impulse_continue_10bar_2.5pt_50d:direction=all:minutes=60-180:max_risk_avg_range=4:max_runner_avg_range=4:signal_delta_avg=0-20:min_volume_avg=1:min_trades_avg=0:min_cont_edge=0:min_or_cont_edge=0:min_or_breakout=-999999:min_efficiency=0:max_chop=1:min_entry_session_volume=0:min_lookback_session_volume=0,selected_veto:none,none,none,none,0,10,2,2,0,0,2,0,0,0,0,-2114,-1057,-1057,-2114,0,0,2,second-stage single-feature veto selected on train rows only
1,scaled_context_filter_walk_forward_window=125:train_dates=8:holdout_dates=2,train,true,2026-04-29;2026-04-30;2026-05-01;2026-05-04;2026-05-05;2026-05-06;2026-05-07;2026-05-08,scaled_context_filter:strategy=delta_impulse_continue_10bar_2.5pt_50d:direction=all:minutes=0-120:max_risk_avg_range=4:max_runner_avg_range=4:signal_delta_avg=0-20:min_volume_avg=0:min_trades_avg=1:min_cont_edge=0:min_or_cont_edge=0:min_or_breakout=-999999:min_efficiency=0:max_chop=1:min_entry_session_volume=0:min_lookback_session_volume=0,selected_veto:name=max_entry_volume_to_average_volume:field=entry_volume_to_average_volume:op=<=:threshold=2,max_entry_volume_to_average_volume,entry_volume_to_average_volume,<=,2,10,12,11,1,6,3,2,0,6,0.54545455,-227,-20.63636364,-236.63786626,-1284,1057,5,6,second-stage single-feature veto selected on train rows only
1,scaled_context_filter_walk_forward_window=125:train_dates=8:holdout_dates=2,holdout,true,2026-05-11;2026-05-12,scaled_context_filter:strategy=delta_impulse_continue_10bar_2.5pt_50d:direction=all:minutes=0-120:max_risk_avg_range=4:max_runner_avg_range=4:signal_delta_avg=0-20:min_volume_avg=0:min_trades_avg=1:min_cont_edge=0:min_or_cont_edge=0:min_or_breakout=-999999:min_efficiency=0:max_chop=1:min_entry_session_volume=0:min_lookback_session_volume=0,selected_veto:name=max_entry_volume_to_average_volume:field=entry_volume_to_average_volume:op=<=:threshold=2,max_entry_volume_to_average_volume,entry_volume_to_average_volume,<=,2,10,2,1,1,0,1,0,0,0,0,-1057,-1057,-1057,-2114,1057,0,1,second-stage single-feature veto selected on train rows only
1,scaled_context_filter_walk_forward_window=127:train_dates=8:holdout_dates=2,train,true,2026-05-01;2026-05-04;2026-05-05;2026-05-06;2026-05-07;2026-05-08;2026-05-11;2026-05-12,scaled_context_filter:strategy=delta_impulse_continue_10bar_2.5pt_50d:direction=long:minutes=0-120:max_risk_avg_range=4:max_runner_avg_range=4:signal_delta_avg=0-20:min_volume_avg=0.75:min_trades_avg=0:min_cont_edge=0:min_or_cont_edge=0:min_or_breakout=-999999:min_efficiency=0:max_chop=1:min_entry_session_volume=0:min_lookback_session_volume=0,selected_veto:name=max_signal_abs_delta_sum_to_average_abs_delta:field=signal_abs_delta_sum_to_average_abs_delta:op=<=:threshold=8,max_signal_abs_delta_sum_to_average_abs_delta,signal_abs_delta_sum_to_average_abs_delta,<=,8,10,14,11,3,7,4,0,0,7,0.63636364,-77,-7,-246.31721057,-2498,2421,11,0,second-stage single-feature veto selected on train rows only
1,scaled_context_filter_walk_forward_window=127:train_dates=8:holdout_dates=2,holdout,true,2026-05-13;2026-05-14,scaled_context_filter:strategy=delta_impulse_continue_10bar_2.5pt_50d:direction=long:minutes=0-120:max_risk_avg_range=4:max_runner_avg_range=4:signal_delta_avg=0-20:min_volume_avg=0.75:min_trades_avg=0:min_cont_edge=0:min_or_cont_edge=0:min_or_breakout=-999999:min_efficiency=0:max_chop=1:min_entry_session_volume=0:min_lookback_session_volume=0,selected_veto:name=max_signal_abs_delta_sum_to_average_abs_delta:field=signal_abs_delta_sum_to_average_abs_delta:op=<=:threshold=8,max_signal_abs_delta_sum_to_average_abs_delta,signal_abs_delta_sum_to_average_abs_delta,<=,8,10,5,2,3,2,0,0,0,2,1,1186,593,593,2965,-1779,2,0,second-stage single-feature veto selected on train rows only
1,scaled_context_filter_walk_forward_window=129:train_dates=8:holdout_dates=2,train,true,2026-05-05;2026-05-06;2026-05-07;2026-05-08;2026-05-11;2026-05-12;2026-05-13;2026-05-14,scaled_context_filter:strategy=delta_impulse_continue_10bar_2.5pt_50d:direction=long:minutes=0-180:max_risk_avg_range=4:max_runner_avg_range=4:signal_delta_avg=0-20:min_volume_avg=0:min_trades_avg=0:min_cont_edge=0:min_or_cont_edge=0:min_or_breakout=-999999:min_efficiency=0:max_chop=1:min_entry_session_volume=0:min_lookback_session_volume=0,selected_veto:name=max_risk_to_average_bar_range:field=risk_to_average_bar_range:op=<=:threshold=2,max_risk_to_average_bar_range,risk_to_average_bar_range,<=,2,10,30,13,17,11,2,0,0,11,0.84615385,4409,339.15384615,174.04123097,5340,-931,13,0,second-stage single-feature veto selected on train rows only
1,scaled_context_filter_walk_forward_window=129:train_dates=8:holdout_dates=2,holdout,true,2026-05-15;2026-05-18,scaled_context_filter:strategy=delta_impulse_continue_10bar_2.5pt_50d:direction=long:minutes=0-180:max_risk_avg_range=4:max_runner_avg_range=4:signal_delta_avg=0-20:min_volume_avg=0:min_trades_avg=0:min_cont_edge=0:min_or_cont_edge=0:min_or_breakout=-999999:min_efficiency=0:max_chop=1:min_entry_session_volume=0:min_lookback_session_volume=0,selected_veto:name=max_risk_to_average_bar_range:field=risk_to_average_bar_range:op=<=:threshold=2,max_risk_to_average_bar_range,risk_to_average_bar_range,<=,2,10,5,5,0,2,2,1,0,2,0.4,-1235,-247,-577.27261467,-1235,0,5,0,second-stage single-feature veto selected on train rows only
1,scaled_context_filter_walk_forward_window=131:train_dates=8:holdout_dates=2,train,true,2026-05-07;2026-05-08;2026-05-11;2026-05-12;2026-05-13;2026-05-14;2026-05-15;2026-05-18,scaled_context_filter:strategy=delta_impulse_continue_10bar_2.5pt_50d:direction=long:minutes=0-120:max_risk_avg_range=4:max_runner_avg_range=4:signal_delta_avg=0-20:min_volume_avg=0:min_trades_avg=0:min_cont_edge=0:min_or_cont_edge=0:min_or_breakout=-999999:min_efficiency=0:max_chop=1:min_entry_session_volume=0:min_lookback_session_volume=0,selected_veto:name=max_risk_to_average_bar_range:field=risk_to_average_bar_range:op=<=:threshold=2,max_risk_to_average_bar_range,risk_to_average_bar_range,<=,2,10,23,11,12,9,1,1,0,9,0.81818182,3973,361.18181818,205.26905288,3589,384,11,0,second-stage single-feature veto selected on train rows only
1,scaled_context_filter_walk_forward_window=131:train_dates=8:holdout_dates=2,holdout,true,2026-05-19;2026-05-20,scaled_context_filter:strategy=delta_impulse_continue_10bar_2.5pt_50d:direction=long:minutes=0-120:max_risk_avg_range=4:max_runner_avg_range=4:signal_delta_avg=0-20:min_volume_avg=0:min_trades_avg=0:min_cont_edge=0:min_or_cont_edge=0:min_or_breakout=-999999:min_efficiency=0:max_chop=1:min_entry_session_volume=0:min_lookback_session_volume=0,selected_veto:name=max_risk_to_average_bar_range:field=risk_to_average_bar_range:op=<=:threshold=2,max_risk_to_average_bar_range,risk_to_average_bar_range,<=,2,10,6,6,0,2,3,1,0,2,0.33333333,-2292,-382,-683.55845205,-2292,0,6,0,second-stage single-feature veto selected on train rows only
1,scaled_context_filter_walk_forward_window=133:train_dates=8:holdout_dates=2,train,true,2026-05-11;2026-05-12;2026-05-13;2026-05-14;2026-05-15;2026-05-18;2026-05-19;2026-05-20,scaled_context_filter:strategy=delta_impulse_continue_10bar_2.5pt_50d:direction=long:minutes=60-120:max_risk_avg_range=4:max_runner_avg_range=4:signal_delta_avg=0-20:min_volume_avg=0:min_trades_avg=0:min_cont_edge=0:min_or_cont_edge=0:min_or_breakout=-999999:min_efficiency=0:max_chop=1:min_entry_session_volume=0:min_lookback_session_volume=0,selected_veto:name=min_continuation_edge_score:field=continuation_edge_score:op=>=:threshold=0.85,min_continuation_edge_score,continuation_edge_score,>=,0.85,10,16,10,6,10,0,0,0,10,1,5930,593,593,3638,2292,10,0,second-stage single-feature veto selected on train rows only
1,scaled_context_filter_walk_forward_window=133:train_dates=8:holdout_dates=2,holdout,true,2026-05-21;2026-05-22,scaled_context_filter:strategy=delta_impulse_continue_10bar_2.5pt_50d:direction=long:minutes=60-120:max_risk_avg_range=4:max_runner_avg_range=4:signal_delta_avg=0-20:min_volume_avg=0:min_trades_avg=0:min_cont_edge=0:min_or_cont_edge=0:min_or_breakout=-999999:min_efficiency=0:max_chop=1:min_entry_session_volume=0:min_lookback_session_volume=0,selected_veto:name=min_continuation_edge_score:field=continuation_edge_score:op=>=:threshold=0.85,min_continuation_edge_score,continuation_edge_score,>=,0.85,10,6,1,5,0,1,0,0,0,0,-1057,-1057,-1057,-1392,335,1,0,second-stage single-feature veto selected on train rows only
1,scaled_context_filter_walk_forward_window=135:train_dates=8:holdout_dates=2,train,true,2026-05-13;2026-05-14;2026-05-15;2026-05-18;2026-05-19;2026-05-20;2026-05-21;2026-05-22,scaled_context_filter:strategy=delta_impulse_continue_10bar_2.5pt_50d:direction=all:minutes=0-120:max_risk_avg_range=4:max_runner_avg_range=4:signal_delta_avg=5-20:min_volume_avg=0:min_trades_avg=0:min_cont_edge=0:min_or_cont_edge=0:min_or_breakout=-999999:min_efficiency=0:max_chop=1:min_entry_session_volume=0:min_lookback_session_volume=0,selected_veto:name=min_continuation_edge_score:field=continuation_edge_score:op=>=:threshold=0.6,min_continuation_edge_score,continuation_edge_score,>=,0.6,10,13,11,2,10,1,0,0,10,0.90909091,4873,443,299.98061161,2759,2114,11,0,second-stage single-feature veto selected on train rows only
1,scaled_context_filter_walk_forward_window=135:train_dates=8:holdout_dates=2,holdout,true,2026-05-25;2026-05-26,scaled_context_filter:strategy=delta_impulse_continue_10bar_2.5pt_50d:direction=all:minutes=0-120:max_risk_avg_range=4:max_runner_avg_range=4:signal_delta_avg=5-20:min_volume_avg=0:min_trades_avg=0:min_cont_edge=0:min_or_cont_edge=0:min_or_breakout=-999999:min_efficiency=0:max_chop=1:min_entry_session_volume=0:min_lookback_session_volume=0,selected_veto:name=min_continuation_edge_score:field=continuation_edge_score:op=>=:threshold=0.6,min_continuation_edge_score,continuation_edge_score,>=,0.6,10,4,3,1,1,1,1,0,1,0.33333333,-771,-257,-646.44404818,-628,-143,2,1,second-stage single-feature veto selected on train rows only
1,scaled_context_filter_walk_forward_window=137:train_dates=8:holdout_dates=2,train,true,2026-05-15;2026-05-18;2026-05-19;2026-05-20;2026-05-21;2026-05-22;2026-05-25;2026-05-26,scaled_context_filter:strategy=delta_impulse_continue_10bar_2.5pt_50d:direction=short:minutes=0-180:max_risk_avg_range=8:max_runner_avg_range=4:signal_delta_avg=0-20:min_volume_avg=0:min_trades_avg=0.75:min_cont_edge=0:min_or_cont_edge=0:min_or_breakout=-999999:min_efficiency=0:max_chop=1:min_entry_session_volume=0:min_lookback_session_volume=0,selected_veto:name=max_risk_to_average_bar_range:field=risk_to_average_bar_range:op=<=:threshold=4,max_risk_to_average_bar_range,risk_to_average_bar_range,<=,4,10,12,11,1,8,2,1,0,8,0.72727273,2323,211.18181818,15.11799748,2016,307,0,11,second-stage single-feature veto selected on train rows only
1,scaled_context_filter_walk_forward_window=137:train_dates=8:holdout_dates=2,holdout,true,2026-05-27;2026-05-28,scaled_context_filter:strategy=delta_impulse_continue_10bar_2.5pt_50d:direction=short:minutes=0-180:max_risk_avg_range=8:max_runner_avg_range=4:signal_delta_avg=0-20:min_volume_avg=0:min_trades_avg=0.75:min_cont_edge=0:min_or_cont_edge=0:min_or_breakout=-999999:min_efficiency=0:max_chop=1:min_entry_session_volume=0:min_lookback_session_volume=0,selected_veto:name=max_risk_to_average_bar_range:field=risk_to_average_bar_range:op=<=:threshold=4,max_risk_to_average_bar_range,risk_to_average_bar_range,<=,4,10,3,3,0,2,0,1,0,2,0.66666667,879,293,48.05102572,879,0,0,3,second-stage single-feature veto selected on train rows only
1,scaled_context_filter_walk_forward_window=139:train_dates=8:holdout_dates=2,train,true,2026-05-19;2026-05-20;2026-05-21;2026-05-22;2026-05-25;2026-05-26;2026-05-27;2026-05-28,scaled_context_filter:strategy=delta_impulse_continue_10bar_2.5pt_50d:direction=short:minutes=60-180:max_risk_avg_range=4:max_runner_avg_range=4:signal_delta_avg=0-20:min_volume_avg=0:min_trades_avg=0:min_cont_edge=0:min_or_cont_edge=0:min_or_breakout=-999999:min_efficiency=0:max_chop=1:min_entry_session_volume=0:min_lookback_session_volume=0,selected_veto:name=max_risk_to_average_bar_range:field=risk_to_average_bar_range:op=<=:threshold=3,max_risk_to_average_bar_range,risk_to_average_bar_range,<=,3,10,13,12,1,9,2,1,0,9,0.75,2916,243,60.71130955,2309,607,0,12,second-stage single-feature veto selected on train rows only
1,scaled_context_filter_walk_forward_window=139:train_dates=8:holdout_dates=2,holdout,true,2026-05-29;2026-06-01,scaled_context_filter:strategy=delta_impulse_continue_10bar_2.5pt_50d:direction=short:minutes=60-180:max_risk_avg_range=4:max_runner_avg_range=4:signal_delta_avg=0-20:min_volume_avg=0:min_trades_avg=0:min_cont_edge=0:min_or_cont_edge=0:min_or_breakout=-999999:min_efficiency=0:max_chop=1:min_entry_session_volume=0:min_lookback_session_volume=0,selected_veto:name=max_risk_to_average_bar_range:field=risk_to_average_bar_range:op=<=:threshold=3,max_risk_to_average_bar_range,risk_to_average_bar_range,<=,3,10,5,5,0,1,4,0,0,1,0.2,-3635,-727,-1022.16097303,-3635,0,0,5,second-stage single-feature veto selected on train rows only
1,scaled_context_filter_walk_forward_window=141:train_dates=8:holdout_dates=2,train,true,2026-05-21;2026-05-22;2026-05-25;2026-05-26;2026-05-27;2026-05-28;2026-05-29;2026-06-01,scaled_context_filter:strategy=delta_impulse_continue_10bar_2.5pt_50d:direction=short:minutes=0-180:max_risk_avg_range=8:max_runner_avg_range=4:signal_delta_avg=0-20:min_volume_avg=0:min_trades_avg=0.75:min_cont_edge=0:min_or_cont_edge=0:min_or_breakout=-999999:min_efficiency=0:max_chop=1:min_entry_session_volume=0:min_lookback_session_volume=0,selected_veto:name=max_risk_to_average_bar_range:field=risk_to_average_bar_range:op=<=:threshold=4,max_risk_to_average_bar_range,risk_to_average_bar_range,<=,4,10,12,11,1,8,2,1,0,8,0.72727273,2323,211.18181818,15.11799748,2016,307,0,11,second-stage single-feature veto selected on train rows only
1,scaled_context_filter_walk_forward_window=141:train_dates=8:holdout_dates=2,holdout,true,2026-06-02;2026-06-03,scaled_context_filter:strategy=delta_impulse_continue_10bar_2.5pt_50d:direction=short:minutes=0-180:max_risk_avg_range=8:max_runner_avg_range=4:signal_delta_avg=0-20:min_volume_avg=0:min_trades_avg=0.75:min_cont_edge=0:min_or_cont_edge=0:min_or_breakout=-999999:min_efficiency=0:max_chop=1:min_entry_session_volume=0:min_lookback_session_volume=0,selected_veto:name=max_risk_to_average_bar_range:field=risk_to_average_bar_range:op=<=:threshold=4,max_risk_to_average_bar_range,risk_to_average_bar_range,<=,4,10,2,2,0,2,0,0,0,2,1,1186,593,593,1186,0,0,2,second-stage single-feature veto selected on train rows only
1,scaled_context_filter_walk_forward_window=143:train_dates=8:holdout_dates=2,train,true,2026-05-25;2026-05-26;2026-05-27;2026-05-28;2026-05-29;2026-06-01;2026-06-02;2026-06-03,scaled_context_filter:strategy=delta_impulse_continue_10bar_2.5pt_50d:direction=short:minutes=0-180:max_risk_avg_range=4:max_runner_avg_range=4:signal_delta_avg=0-20:min_volume_avg=0:min_trades_avg=0.75:min_cont_edge=0:min_or_cont_edge=0:min_or_breakout=-999999:min_efficiency=0:max_chop=1:min_entry_session_volume=0:min_lookback_session_volume=0,selected_veto:none,none,none,none,0,10,12,12,0,10,1,1,0,10,0.83333333,4566,380.5,236.38813662,4566,0,0,12,second-stage single-feature veto selected on train rows only
1,scaled_context_filter_walk_forward_window=143:train_dates=8:holdout_dates=2,holdout,true,2026-06-04;2026-06-05,scaled_context_filter:strategy=delta_impulse_continue_10bar_2.5pt_50d:direction=short:minutes=0-180:max_risk_avg_range=4:max_runner_avg_range=4:signal_delta_avg=0-20:min_volume_avg=0:min_trades_avg=0.75:min_cont_edge=0:min_or_cont_edge=0:min_or_breakout=-999999:min_efficiency=0:max_chop=1:min_entry_session_volume=0:min_lookback_session_volume=0,selected_veto:none,none,none,none,0,10,3,3,0,3,0,0,0,3,1,1779,593,593,1779,0,0,3,second-stage single-feature veto selected on train rows only
1,scaled_context_filter_walk_forward_window=145:train_dates=8:holdout_dates=2,train,true,2026-05-27;2026-05-28;2026-05-29;2026-06-01;2026-06-02;2026-06-03;2026-06-04;2026-06-05,scaled_context_filter:strategy=delta_impulse_continue_10bar_2.5pt_50d:direction=short:minutes=0-180:max_risk_avg_range=4:max_runner_avg_range=4:signal_delta_avg=0-20:min_volume_avg=0:min_trades_avg=0.75:min_cont_edge=0:min_or_cont_edge=0:min_or_breakout=-999999:min_efficiency=0:max_chop=1:min_entry_session_volume=0:min_lookback_session_volume=0,selected_veto:name=max_signal_abs_delta_sum_to_average_abs_delta:field=signal_abs_delta_sum_to_average_abs_delta:op=<=:threshold=6,max_signal_abs_delta_sum_to_average_abs_delta,signal_abs_delta_sum_to_average_abs_delta,<=,6,10,12,10,2,9,0,1,0,9,0.9,5030,503,417.61850318,4566,464,0,10,second-stage single-feature veto selected on train rows only
1,scaled_context_filter_walk_forward_window=145:train_dates=8:holdout_dates=2,holdout,true,2026-06-08;2026-06-09,scaled_context_filter:strategy=delta_impulse_continue_10bar_2.5pt_50d:direction=short:minutes=0-180:max_risk_avg_range=4:max_runner_avg_range=4:signal_delta_avg=0-20:min_volume_avg=0:min_trades_avg=0.75:min_cont_edge=0:min_or_cont_edge=0:min_or_breakout=-999999:min_efficiency=0:max_chop=1:min_entry_session_volume=0:min_lookback_session_volume=0,selected_veto:name=max_signal_abs_delta_sum_to_average_abs_delta:field=signal_abs_delta_sum_to_average_abs_delta:op=<=:threshold=6,max_signal_abs_delta_sum_to_average_abs_delta,signal_abs_delta_sum_to_average_abs_delta,<=,6,10,7,7,0,2,3,2,0,2,0.28571429,-2599,-371.28571429,-629.9546552,-2599,0,0,7,second-stage single-feature veto selected on train rows only
1,scaled_context_filter_walk_forward_window=147:train_dates=8:holdout_dates=2,train,true,2026-05-29;2026-06-01;2026-06-02;2026-06-03;2026-06-04;2026-06-05;2026-06-08;2026-06-09,scaled_context_filter:strategy=delta_impulse_continue_10bar_2.5pt_50d:direction=short:minutes=0-180:max_risk_avg_range=4:max_runner_avg_range=4:signal_delta_avg=0-20:min_volume_avg=1:min_trades_avg=0:min_cont_edge=0:min_or_cont_edge=0:min_or_breakout=-999999:min_efficiency=0:max_chop=1:min_entry_session_volume=0:min_lookback_session_volume=0,selected_veto:name=max_signal_abs_delta_sum_to_average_abs_delta:field=signal_abs_delta_sum_to_average_abs_delta:op=<=:threshold=6,max_signal_abs_delta_sum_to_average_abs_delta,signal_abs_delta_sum_to_average_abs_delta,<=,6,10,13,11,2,8,1,2,0,8,0.72727273,3073,279.36363636,115.21155647,2609,464,0,11,second-stage single-feature veto selected on train rows only
1,scaled_context_filter_walk_forward_window=147:train_dates=8:holdout_dates=2,holdout,true,2026-06-10;2026-06-11,scaled_context_filter:strategy=delta_impulse_continue_10bar_2.5pt_50d:direction=short:minutes=0-180:max_risk_avg_range=4:max_runner_avg_range=4:signal_delta_avg=0-20:min_volume_avg=1:min_trades_avg=0:min_cont_edge=0:min_or_cont_edge=0:min_or_breakout=-999999:min_efficiency=0:max_chop=1:min_entry_session_volume=0:min_lookback_session_volume=0,selected_veto:name=max_signal_abs_delta_sum_to_average_abs_delta:field=signal_abs_delta_sum_to_average_abs_delta:op=<=:threshold=6,max_signal_abs_delta_sum_to_average_abs_delta,signal_abs_delta_sum_to_average_abs_delta,<=,6,10,3,3,0,1,2,0,0,1,0.33333333,-1521,-507,-956.07311951,-1521,0,0,3,second-stage single-feature veto selected on train rows only
1,scaled_context_filter_walk_forward_window=149:train_dates=8:holdout_dates=2,train,true,2026-06-02;2026-06-03;2026-06-04;2026-06-05;2026-06-08;2026-06-09;2026-06-10;2026-06-11,scaled_context_filter:strategy=delta_impulse_continue_10bar_2.5pt_50d:direction=all:minutes=60-180:max_risk_avg_range=4:max_runner_avg_range=4:signal_delta_avg=0-20:min_volume_avg=1:min_trades_avg=0:min_cont_edge=0:min_or_cont_edge=0:min_or_breakout=-999999:min_efficiency=0:max_chop=1:min_entry_session_volume=0:min_lookback_session_volume=0,selected_veto:name=max_entry_volume_to_session_average_volume:field=entry_volume_to_session_average_volume:op=<=:threshold=1.25,max_entry_volume_to_session_average_volume,entry_volume_to_session_average_volume,<=,1.25,10,13,11,2,8,2,1,0,8,0.72727273,2323,211.18181818,15.11799748,1859,464,2,9,second-stage single-feature veto selected on train rows only
1,scaled_context_filter_walk_forward_window=149:train_dates=8:holdout_dates=2,holdout,true,2026-06-12;2026-06-15,scaled_context_filter:strategy=delta_impulse_continue_10bar_2.5pt_50d:direction=all:minutes=60-180:max_risk_avg_range=4:max_runner_avg_range=4:signal_delta_avg=0-20:min_volume_avg=1:min_trades_avg=0:min_cont_edge=0:min_or_cont_edge=0:min_or_breakout=-999999:min_efficiency=0:max_chop=1:min_entry_session_volume=0:min_lookback_session_volume=0,selected_veto:name=max_entry_volume_to_session_average_volume:field=entry_volume_to_session_average_volume:op=<=:threshold=1.25,max_entry_volume_to_session_average_volume,entry_volume_to_session_average_volume,<=,1.25,10,2,1,1,0,1,0,0,0,0,-1057,-1057,-1057,-464,-593,0,1,second-stage single-feature veto selected on train rows only
1,scaled_context_filter_walk_forward_window=151:train_dates=8:holdout_dates=2,train,true,2026-06-04;2026-06-05;2026-06-08;2026-06-09;2026-06-10;2026-06-11;2026-06-12;2026-06-15,scaled_context_filter:strategy=delta_impulse_continue_10bar_2.5pt_50d:direction=long:minutes=60-180:max_risk_avg_range=4:max_runner_avg_range=4:signal_delta_avg=0-20:min_volume_avg=0:min_trades_avg=0:min_cont_edge=0:min_or_cont_edge=0:min_or_breakout=-999999:min_efficiency=0:max_chop=1:min_entry_session_volume=0:min_lookback_session_volume=0,selected_veto:name=min_continuation_edge_score:field=continuation_edge_score:op=>=:threshold=0.75,min_continuation_edge_score,continuation_edge_score,>=,0.75,10,20,12,8,11,1,0,0,11,0.91666667,5466,455.5,323.85377268,3610,1856,12,0,second-stage single-feature veto selected on train rows only
1,scaled_context_filter_walk_forward_window=151:train_dates=8:holdout_dates=2,holdout,true,2026-06-16;2026-06-17,scaled_context_filter:strategy=delta_impulse_continue_10bar_2.5pt_50d:direction=long:minutes=60-180:max_risk_avg_range=4:max_runner_avg_range=4:signal_delta_avg=0-20:min_volume_avg=0:min_trades_avg=0:min_cont_edge=0:min_or_cont_edge=0:min_or_breakout=-999999:min_efficiency=0:max_chop=1:min_entry_session_volume=0:min_lookback_session_volume=0,selected_veto:name=min_continuation_edge_score:field=continuation_edge_score:op=>=:threshold=0.75,min_continuation_edge_score,continuation_edge_score,>=,0.75,10,3,0,3,0,0,0,0,0,0,0,0,0,-1521,1521,0,0,second-stage single-feature veto selected on train rows only
1,scaled_context_filter_walk_forward_window=153:train_dates=8:holdout_dates=2,train,true,2026-06-08;2026-06-09;2026-06-10;2026-06-11;2026-06-12;2026-06-15;2026-06-16;2026-06-17,scaled_context_filter:strategy=delta_impulse_continue_10bar_2.5pt_50d:direction=long:minutes=0-120:max_risk_avg_range=4:max_runner_avg_range=4:signal_delta_avg=0-20:min_volume_avg=0:min_trades_avg=0:min_cont_edge=0:min_or_cont_edge=0:min_or_breakout=-999999:min_efficiency=0:max_chop=1:min_entry_session_volume=0:min_lookback_session_volume=0,selected_veto:name=min_opening_range_continuation_edge_score:field=opening_range_continuation_edge_score:op=>=:threshold=0.75,min_opening_range_continuation_edge_score,opening_range_continuation_edge_score,>=,0.75,10,17,12,5,10,2,0,0,10,0.83333333,3816,318,140.4882633,1831,1985,12,0,second-stage single-feature veto selected on train rows only
1,scaled_context_filter_walk_forward_window=153:train_dates=8:holdout_dates=2,holdout,true,2026-06-18;2026-06-19,scaled_context_filter:strategy=delta_impulse_continue_10bar_2.5pt_50d:direction=long:minutes=0-120:max_risk_avg_range=4:max_runner_avg_range=4:signal_delta_avg=0-20:min_volume_avg=0:min_trades_avg=0:min_cont_edge=0:min_or_cont_edge=0:min_or_breakout=-999999:min_efficiency=0:max_chop=1:min_entry_session_volume=0:min_lookback_session_volume=0,selected_veto:name=min_opening_range_continuation_edge_score:field=opening_range_continuation_edge_score:op=>=:threshold=0.75,min_opening_range_continuation_edge_score,opening_range_continuation_edge_score,>=,0.75,10,6,1,5,0,0,0,1,0,0,-807,-807,-807,-392,-415,1,0,second-stage single-feature veto selected on train rows only
1,scaled_context_filter_walk_forward_window=155:train_dates=8:holdout_dates=2,train,true,2026-06-10;2026-06-11;2026-06-12;2026-06-15;2026-06-16;2026-06-17;2026-06-18;2026-06-19,scaled_context_filter:strategy=delta_impulse_continue_10bar_2.5pt_50d:direction=long:minutes=0-180:max_risk_avg_range=4:max_runner_avg_range=4:signal_delta_avg=0-20:min_volume_avg=0:min_trades_avg=0.75:min_cont_edge=0:min_or_cont_edge=0:min_or_breakout=-999999:min_efficiency=0:max_chop=1:min_entry_session_volume=0:min_lookback_session_volume=0,selected_veto:name=max_signal_abs_delta_sum_to_average_abs_delta:field=signal_abs_delta_sum_to_average_abs_delta:op=<=:threshold=6,max_signal_abs_delta_sum_to_average_abs_delta,signal_abs_delta_sum_to_average_abs_delta,<=,6,10,14,11,3,9,2,0,0,9,0.81818182,3223,293,101.11935528,3352,-129,11,0,second-stage single-feature veto selected on train rows only
1,scaled_context_filter_walk_forward_window=155:train_dates=8:holdout_dates=2,holdout,true,2026-06-22;2026-06-23,scaled_context_filter:strategy=none:direction=long:minutes=0-180:max_risk_avg_range=4:max_runner_avg_range=4:signal_delta_avg=0-20:min_volume_avg=0:min_trades_avg=0.75:min_cont_edge=0:min_or_cont_edge=0:min_or_breakout=-999999:min_efficiency=0:max_chop=1:min_entry_session_volume=0:min_lookback_session_volume=0,selected_veto:name=max_signal_abs_delta_sum_to_average_abs_delta:field=signal_abs_delta_sum_to_average_abs_delta:op=<=:threshold=6,max_signal_abs_delta_sum_to_average_abs_delta,signal_abs_delta_sum_to_average_abs_delta,<=,6,10,0,0,0,0,0,0,0,0,0,0,0,0,0,0,0,0,second-stage single-feature veto selected on train rows only
1,scaled_context_filter_walk_forward_window=157:train_dates=8:holdout_dates=2,train,true,2026-06-12;2026-06-15;2026-06-16;2026-06-17;2026-06-18;2026-06-19;2026-06-22;2026-06-23,scaled_context_filter:strategy=delta_impulse_continue_10bar_2.5pt_50d:direction=long:minutes=0-120:max_risk_avg_range=4:max_runner_avg_range=4:signal_delta_avg=0-20:min_volume_avg=0:min_trades_avg=0:min_cont_edge=0:min_or_cont_edge=0:min_or_breakout=-999999:min_efficiency=0:max_chop=1:min_entry_session_volume=0:min_lookback_session_volume=0,selected_veto:name=min_opening_range_continuation_edge_score:field=opening_range_continuation_edge_score:op=>=:threshold=0.75,min_opening_range_continuation_edge_score,opening_range_continuation_edge_score,>=,0.75,10,17,10,7,8,1,0,1,8,0.8,2880,288,94.29274665,2831,49,10,0,second-stage single-feature veto selected on train rows only
1,scaled_context_filter_walk_forward_window=157:train_dates=8:holdout_dates=2,holdout,true,2026-06-24;2026-06-25,scaled_context_filter:strategy=delta_impulse_continue_10bar_2.5pt_50d:direction=long:minutes=0-120:max_risk_avg_range=4:max_runner_avg_range=4:signal_delta_avg=0-20:min_volume_avg=0:min_trades_avg=0:min_cont_edge=0:min_or_cont_edge=0:min_or_breakout=-999999:min_efficiency=0:max_chop=1:min_entry_session_volume=0:min_lookback_session_volume=0,selected_veto:name=min_opening_range_continuation_edge_score:field=opening_range_continuation_edge_score:op=>=:threshold=0.75,min_opening_range_continuation_edge_score,opening_range_continuation_edge_score,>=,0.75,10,6,3,3,3,0,0,0,3,1,1779,593,593,2658,-879,3,0,second-stage single-feature veto selected on train rows only
1,scaled_context_filter_walk_forward_window=159:train_dates=8:holdout_dates=2,train,true,2026-06-16;2026-06-17;2026-06-18;2026-06-19;2026-06-22;2026-06-23;2026-06-24;2026-06-25,scaled_context_filter:strategy=delta_impulse_continue_10bar_2.5pt_50d:direction=all:minutes=0-120:max_risk_avg_range=4:max_runner_avg_range=4:signal_delta_avg=0-20:min_volume_avg=0:min_trades_avg=0:min_cont_edge=0:min_or_cont_edge=0:min_or_breakout=-999999:min_efficiency=0:max_chop=1:min_entry_session_volume=0:min_lookback_session_volume=0,selected_veto:name=max_signal_abs_delta_sum_to_average_abs_delta:field=signal_abs_delta_sum_to_average_abs_delta:op=<=:threshold=6,max_signal_abs_delta_sum_to_average_abs_delta,signal_abs_delta_sum_to_average_abs_delta,<=,6,10,34,27,7,19,3,5,0,19,0.7037037,6561,243,132.44584032,3462,3099,14,13,second-stage single-feature veto selected on train rows only
1,scaled_context_filter_walk_forward_window=159:train_dates=8:holdout_dates=2,holdout,true,2026-06-26;2026-06-29,scaled_context_filter:strategy=delta_impulse_continue_10bar_2.5pt_50d:direction=all:minutes=0-120:max_risk_avg_range=4:max_runner_avg_range=4:signal_delta_avg=0-20:min_volume_avg=0:min_trades_avg=0:min_cont_edge=0:min_or_cont_edge=0:min_or_breakout=-999999:min_efficiency=0:max_chop=1:min_entry_session_volume=0:min_lookback_session_volume=0,selected_veto:name=max_signal_abs_delta_sum_to_average_abs_delta:field=signal_abs_delta_sum_to_average_abs_delta:op=<=:threshold=6,max_signal_abs_delta_sum_to_average_abs_delta,signal_abs_delta_sum_to_average_abs_delta,<=,6,10,8,7,1,4,2,1,0,4,0.57142857,-49,-7,-283.08782986,-356,307,7,0,second-stage single-feature veto selected on train rows only
