schema_version,experiment_id,strategy_id,direction_filter,first_target_points,stop_points,runner_target_points,runner_stop_mode,input_signal_rows,input_candidates,evaluated_trades,full_stops,first_target_hits,runner_target_hits,runner_stop_exits,end_of_session_exits,other_exits,positive_net_trades,positive_net_rate,gross_usd,net_usd,average_net_usd,long_trades,short_trades,notes
1,signal_scaled_scalp:strategy=delta_impulse_continue_10bar_2.5pt_50d:direction=all:first_target_points=1:stop_points=2:runner_target_points=2:runner_stop_mode=breakeven,delta_impulse_continue_10bar_2.5pt_50d,all,1,2,2,breakeven,78,78,78,56,21,0,21,1,0,0,0,-10150,-14596,-187.12820513,41,37,"two-contract post-signal scalp: one contract exits at first target, one runner uses selected stop mode and runner target"
1,signal_scaled_scalp:strategy=delta_impulse_continue_10bar_2.5pt_50d:direction=long:first_target_points=1:stop_points=2:runner_target_points=2:runner_stop_mode=breakeven,delta_impulse_continue_10bar_2.5pt_50d,long,1,2,2,breakeven,78,41,41,29,12,0,12,0,0,0,0,-5200,-7537,-183.82926829,41,0,"two-contract post-signal scalp: one contract exits at first target, one runner uses selected stop mode and runner target"
1,signal_scaled_scalp:strategy=delta_impulse_continue_10bar_2.5pt_50d:direction=short:first_target_points=1:stop_points=2:runner_target_points=2:runner_stop_mode=breakeven,delta_impulse_continue_10bar_2.5pt_50d,short,1,2,2,breakeven,78,37,37,27,9,0,9,1,0,0,0,-4950,-7059,-190.78378378,0,37,"two-contract post-signal scalp: one contract exits at first target, one runner uses selected stop mode and runner target"
1,signal_scaled_scalp:strategy=delta_impulse_continue_10bar_2.5pt_50d:direction=all:first_target_points=1:stop_points=2:runner_target_points=2:runner_stop_mode=initial,delta_impulse_continue_10bar_2.5pt_50d,all,1,2,2,initial,78,78,78,56,21,21,0,1,0,21,0.26923077,-8050,-12496,-160.20512821,41,37,"two-contract post-signal scalp: one contract exits at first target, one runner uses selected stop mode and runner target"
1,signal_scaled_scalp:strategy=delta_impulse_continue_10bar_2.5pt_50d:direction=long:first_target_points=1:stop_points=2:runner_target_points=2:runner_stop_mode=initial,delta_impulse_continue_10bar_2.5pt_50d,long,1,2,2,initial,78,41,41,29,12,12,0,0,0,12,0.29268293,-4000,-6337,-154.56097561,41,0,"two-contract post-signal scalp: one contract exits at first target, one runner uses selected stop mode and runner target"
1,signal_scaled_scalp:strategy=delta_impulse_continue_10bar_2.5pt_50d:direction=short:first_target_points=1:stop_points=2:runner_target_points=2:runner_stop_mode=initial,delta_impulse_continue_10bar_2.5pt_50d,short,1,2,2,initial,78,37,37,27,9,9,0,1,0,9,0.24324324,-4050,-6159,-166.45945946,0,37,"two-contract post-signal scalp: one contract exits at first target, one runner uses selected stop mode and runner target"
1,signal_scaled_scalp:strategy=delta_impulse_continue_10bar_2.5pt_50d:direction=all:first_target_points=1:stop_points=2:runner_target_points=3:runner_stop_mode=breakeven,delta_impulse_continue_10bar_2.5pt_50d,all,1,2,3,breakeven,78,78,78,56,21,0,21,1,0,0,0,-10150,-14596,-187.12820513,41,37,"two-contract post-signal scalp: one contract exits at first target, one runner uses selected stop mode and runner target"
1,signal_scaled_scalp:strategy=delta_impulse_continue_10bar_2.5pt_50d:direction=long:first_target_points=1:stop_points=2:runner_target_points=3:runner_stop_mode=breakeven,delta_impulse_continue_10bar_2.5pt_50d,long,1,2,3,breakeven,78,41,41,29,12,0,12,0,0,0,0,-5200,-7537,-183.82926829,41,0,"two-contract post-signal scalp: one contract exits at first target, one runner uses selected stop mode and runner target"
1,signal_scaled_scalp:strategy=delta_impulse_continue_10bar_2.5pt_50d:direction=short:first_target_points=1:stop_points=2:runner_target_points=3:runner_stop_mode=breakeven,delta_impulse_continue_10bar_2.5pt_50d,short,1,2,3,breakeven,78,37,37,27,9,0,9,1,0,0,0,-4950,-7059,-190.78378378,0,37,"two-contract post-signal scalp: one contract exits at first target, one runner uses selected stop mode and runner target"
1,signal_scaled_scalp:strategy=delta_impulse_continue_10bar_2.5pt_50d:direction=all:first_target_points=1:stop_points=2:runner_target_points=3:runner_stop_mode=initial,delta_impulse_continue_10bar_2.5pt_50d,all,1,2,3,initial,78,78,78,56,21,20,1,1,0,20,0.25641026,-7250,-11696,-149.94871795,41,37,"two-contract post-signal scalp: one contract exits at first target, one runner uses selected stop mode and runner target"
1,signal_scaled_scalp:strategy=delta_impulse_continue_10bar_2.5pt_50d:direction=long:first_target_points=1:stop_points=2:runner_target_points=3:runner_stop_mode=initial,delta_impulse_continue_10bar_2.5pt_50d,long,1,2,3,initial,78,41,41,29,12,11,1,0,0,11,0.26829268,-3650,-5987,-146.02439024,41,0,"two-contract post-signal scalp: one contract exits at first target, one runner uses selected stop mode and runner target"
1,signal_scaled_scalp:strategy=delta_impulse_continue_10bar_2.5pt_50d:direction=short:first_target_points=1:stop_points=2:runner_target_points=3:runner_stop_mode=initial,delta_impulse_continue_10bar_2.5pt_50d,short,1,2,3,initial,78,37,37,27,9,9,0,1,0,9,0.24324324,-3600,-5709,-154.2972973,0,37,"two-contract post-signal scalp: one contract exits at first target, one runner uses selected stop mode and runner target"
1,signal_scaled_scalp:strategy=delta_impulse_continue_10bar_2.5pt_50d:direction=all:first_target_points=1:stop_points=2:runner_target_points=5:runner_stop_mode=breakeven,delta_impulse_continue_10bar_2.5pt_50d,all,1,2,5,breakeven,78,78,78,56,21,0,21,1,0,0,0,-10150,-14596,-187.12820513,41,37,"two-contract post-signal scalp: one contract exits at first target, one runner uses selected stop mode and runner target"
1,signal_scaled_scalp:strategy=delta_impulse_continue_10bar_2.5pt_50d:direction=long:first_target_points=1:stop_points=2:runner_target_points=5:runner_stop_mode=breakeven,delta_impulse_continue_10bar_2.5pt_50d,long,1,2,5,breakeven,78,41,41,29,12,0,12,0,0,0,0,-5200,-7537,-183.82926829,41,0,"two-contract post-signal scalp: one contract exits at first target, one runner uses selected stop mode and runner target"
1,signal_scaled_scalp:strategy=delta_impulse_continue_10bar_2.5pt_50d:direction=short:first_target_points=1:stop_points=2:runner_target_points=5:runner_stop_mode=breakeven,delta_impulse_continue_10bar_2.5pt_50d,short,1,2,5,breakeven,78,37,37,27,9,0,9,1,0,0,0,-4950,-7059,-190.78378378,0,37,"two-contract post-signal scalp: one contract exits at first target, one runner uses selected stop mode and runner target"
1,signal_scaled_scalp:strategy=delta_impulse_continue_10bar_2.5pt_50d:direction=all:first_target_points=1:stop_points=2:runner_target_points=5:runner_stop_mode=initial,delta_impulse_continue_10bar_2.5pt_50d,all,1,2,5,initial,78,78,78,56,21,15,6,1,0,15,0.19230769,-7000,-11446,-146.74358974,41,37,"two-contract post-signal scalp: one contract exits at first target, one runner uses selected stop mode and runner target"
1,signal_scaled_scalp:strategy=delta_impulse_continue_10bar_2.5pt_50d:direction=long:first_target_points=1:stop_points=2:runner_target_points=5:runner_stop_mode=initial,delta_impulse_continue_10bar_2.5pt_50d,long,1,2,5,initial,78,41,41,29,12,10,2,0,0,10,0.24390244,-2900,-5237,-127.73170732,41,0,"two-contract post-signal scalp: one contract exits at first target, one runner uses selected stop mode and runner target"
1,signal_scaled_scalp:strategy=delta_impulse_continue_10bar_2.5pt_50d:direction=short:first_target_points=1:stop_points=2:runner_target_points=5:runner_stop_mode=initial,delta_impulse_continue_10bar_2.5pt_50d,short,1,2,5,initial,78,37,37,27,9,5,4,1,0,5,0.13513514,-4100,-6209,-167.81081081,0,37,"two-contract post-signal scalp: one contract exits at first target, one runner uses selected stop mode and runner target"
1,signal_scaled_scalp:strategy=delta_impulse_continue_10bar_2.5pt_50d:direction=all:first_target_points=1:stop_points=2:runner_target_points=8:runner_stop_mode=breakeven,delta_impulse_continue_10bar_2.5pt_50d,all,1,2,8,breakeven,78,78,78,56,21,0,21,1,0,0,0,-10150,-14596,-187.12820513,41,37,"two-contract post-signal scalp: one contract exits at first target, one runner uses selected stop mode and runner target"
1,signal_scaled_scalp:strategy=delta_impulse_continue_10bar_2.5pt_50d:direction=long:first_target_points=1:stop_points=2:runner_target_points=8:runner_stop_mode=breakeven,delta_impulse_continue_10bar_2.5pt_50d,long,1,2,8,breakeven,78,41,41,29,12,0,12,0,0,0,0,-5200,-7537,-183.82926829,41,0,"two-contract post-signal scalp: one contract exits at first target, one runner uses selected stop mode and runner target"
1,signal_scaled_scalp:strategy=delta_impulse_continue_10bar_2.5pt_50d:direction=short:first_target_points=1:stop_points=2:runner_target_points=8:runner_stop_mode=breakeven,delta_impulse_continue_10bar_2.5pt_50d,short,1,2,8,breakeven,78,37,37,27,9,0,9,1,0,0,0,-4950,-7059,-190.78378378,0,37,"two-contract post-signal scalp: one contract exits at first target, one runner uses selected stop mode and runner target"
1,signal_scaled_scalp:strategy=delta_impulse_continue_10bar_2.5pt_50d:direction=all:first_target_points=1:stop_points=2:runner_target_points=8:runner_stop_mode=initial,delta_impulse_continue_10bar_2.5pt_50d,all,1,2,8,initial,78,78,78,56,21,13,8,1,0,13,0.16666667,-5750,-10196,-130.71794872,41,37,"two-contract post-signal scalp: one contract exits at first target, one runner uses selected stop mode and runner target"
1,signal_scaled_scalp:strategy=delta_impulse_continue_10bar_2.5pt_50d:direction=long:first_target_points=1:stop_points=2:runner_target_points=8:runner_stop_mode=initial,delta_impulse_continue_10bar_2.5pt_50d,long,1,2,8,initial,78,41,41,29,12,9,3,0,0,9,0.2195122,-1900,-4237,-103.34146341,41,0,"two-contract post-signal scalp: one contract exits at first target, one runner uses selected stop mode and runner target"
1,signal_scaled_scalp:strategy=delta_impulse_continue_10bar_2.5pt_50d:direction=short:first_target_points=1:stop_points=2:runner_target_points=8:runner_stop_mode=initial,delta_impulse_continue_10bar_2.5pt_50d,short,1,2,8,initial,78,37,37,27,9,4,5,1,0,4,0.10810811,-3850,-5959,-161.05405405,0,37,"two-contract post-signal scalp: one contract exits at first target, one runner uses selected stop mode and runner target"
1,signal_scaled_scalp:strategy=delta_impulse_continue_10bar_2.5pt_50d:direction=all:first_target_points=1:stop_points=2:runner_target_points=10:runner_stop_mode=breakeven,delta_impulse_continue_10bar_2.5pt_50d,all,1,2,10,breakeven,78,78,78,56,21,0,21,1,0,0,0,-10150,-14596,-187.12820513,41,37,"two-contract post-signal scalp: one contract exits at first target, one runner uses selected stop mode and runner target"
1,signal_scaled_scalp:strategy=delta_impulse_continue_10bar_2.5pt_50d:direction=long:first_target_points=1:stop_points=2:runner_target_points=10:runner_stop_mode=breakeven,delta_impulse_continue_10bar_2.5pt_50d,long,1,2,10,breakeven,78,41,41,29,12,0,12,0,0,0,0,-5200,-7537,-183.82926829,41,0,"two-contract post-signal scalp: one contract exits at first target, one runner uses selected stop mode and runner target"
1,signal_scaled_scalp:strategy=delta_impulse_continue_10bar_2.5pt_50d:direction=short:first_target_points=1:stop_points=2:runner_target_points=10:runner_stop_mode=breakeven,delta_impulse_continue_10bar_2.5pt_50d,short,1,2,10,breakeven,78,37,37,27,9,0,9,1,0,0,0,-4950,-7059,-190.78378378,0,37,"two-contract post-signal scalp: one contract exits at first target, one runner uses selected stop mode and runner target"
1,signal_scaled_scalp:strategy=delta_impulse_continue_10bar_2.5pt_50d:direction=all:first_target_points=1:stop_points=2:runner_target_points=10:runner_stop_mode=initial,delta_impulse_continue_10bar_2.5pt_50d,all,1,2,10,initial,78,78,78,56,21,11,10,1,0,11,0.14102564,-5650,-10096,-129.43589744,41,37,"two-contract post-signal scalp: one contract exits at first target, one runner uses selected stop mode and runner target"
1,signal_scaled_scalp:strategy=delta_impulse_continue_10bar_2.5pt_50d:direction=long:first_target_points=1:stop_points=2:runner_target_points=10:runner_stop_mode=initial,delta_impulse_continue_10bar_2.5pt_50d,long,1,2,10,initial,78,41,41,29,12,8,4,0,0,8,0.19512195,-1600,-3937,-96.02439024,41,0,"two-contract post-signal scalp: one contract exits at first target, one runner uses selected stop mode and runner target"
1,signal_scaled_scalp:strategy=delta_impulse_continue_10bar_2.5pt_50d:direction=short:first_target_points=1:stop_points=2:runner_target_points=10:runner_stop_mode=initial,delta_impulse_continue_10bar_2.5pt_50d,short,1,2,10,initial,78,37,37,27,9,3,6,1,0,3,0.08108108,-4050,-6159,-166.45945946,0,37,"two-contract post-signal scalp: one contract exits at first target, one runner uses selected stop mode and runner target"
1,signal_scaled_scalp:strategy=delta_impulse_continue_10bar_2.5pt_50d:direction=all:first_target_points=1:stop_points=2:runner_target_points=15:runner_stop_mode=breakeven,delta_impulse_continue_10bar_2.5pt_50d,all,1,2,15,breakeven,78,78,78,56,21,0,21,1,0,0,0,-10150,-14596,-187.12820513,41,37,"two-contract post-signal scalp: one contract exits at first target, one runner uses selected stop mode and runner target"
1,signal_scaled_scalp:strategy=delta_impulse_continue_10bar_2.5pt_50d:direction=long:first_target_points=1:stop_points=2:runner_target_points=15:runner_stop_mode=breakeven,delta_impulse_continue_10bar_2.5pt_50d,long,1,2,15,breakeven,78,41,41,29,12,0,12,0,0,0,0,-5200,-7537,-183.82926829,41,0,"two-contract post-signal scalp: one contract exits at first target, one runner uses selected stop mode and runner target"
1,signal_scaled_scalp:strategy=delta_impulse_continue_10bar_2.5pt_50d:direction=short:first_target_points=1:stop_points=2:runner_target_points=15:runner_stop_mode=breakeven,delta_impulse_continue_10bar_2.5pt_50d,short,1,2,15,breakeven,78,37,37,27,9,0,9,1,0,0,0,-4950,-7059,-190.78378378,0,37,"two-contract post-signal scalp: one contract exits at first target, one runner uses selected stop mode and runner target"
1,signal_scaled_scalp:strategy=delta_impulse_continue_10bar_2.5pt_50d:direction=all:first_target_points=1:stop_points=2:runner_target_points=15:runner_stop_mode=initial,delta_impulse_continue_10bar_2.5pt_50d,all,1,2,15,initial,78,78,78,56,21,4,17,1,0,4,0.05128205,-8850,-13296,-170.46153846,41,37,"two-contract post-signal scalp: one contract exits at first target, one runner uses selected stop mode and runner target"
1,signal_scaled_scalp:strategy=delta_impulse_continue_10bar_2.5pt_50d:direction=long:first_target_points=1:stop_points=2:runner_target_points=15:runner_stop_mode=initial,delta_impulse_continue_10bar_2.5pt_50d,long,1,2,15,initial,78,41,41,29,12,4,8,0,0,4,0.09756098,-3000,-5337,-130.17073171,41,0,"two-contract post-signal scalp: one contract exits at first target, one runner uses selected stop mode and runner target"
1,signal_scaled_scalp:strategy=delta_impulse_continue_10bar_2.5pt_50d:direction=short:first_target_points=1:stop_points=2:runner_target_points=15:runner_stop_mode=initial,delta_impulse_continue_10bar_2.5pt_50d,short,1,2,15,initial,78,37,37,27,9,0,9,1,0,0,0,-5850,-7959,-215.10810811,0,37,"two-contract post-signal scalp: one contract exits at first target, one runner uses selected stop mode and runner target"
1,signal_scaled_scalp:strategy=delta_impulse_continue_10bar_2.5pt_50d:direction=all:first_target_points=1:stop_points=3:runner_target_points=2:runner_stop_mode=breakeven,delta_impulse_continue_10bar_2.5pt_50d,all,1,3,2,breakeven,78,78,78,48,29,0,29,1,0,0,0,-12950,-17396,-223.02564103,41,37,"two-contract post-signal scalp: one contract exits at first target, one runner uses selected stop mode and runner target"
1,signal_scaled_scalp:strategy=delta_impulse_continue_10bar_2.5pt_50d:direction=long:first_target_points=1:stop_points=3:runner_target_points=2:runner_stop_mode=breakeven,delta_impulse_continue_10bar_2.5pt_50d,long,1,3,2,breakeven,78,41,41,25,16,0,16,0,0,0,0,-6700,-9037,-220.41463415,41,0,"two-contract post-signal scalp: one contract exits at first target, one runner uses selected stop mode and runner target"
1,signal_scaled_scalp:strategy=delta_impulse_continue_10bar_2.5pt_50d:direction=short:first_target_points=1:stop_points=3:runner_target_points=2:runner_stop_mode=breakeven,delta_impulse_continue_10bar_2.5pt_50d,short,1,3,2,breakeven,78,37,37,23,13,0,13,1,0,0,0,-6250,-8359,-225.91891892,0,37,"two-contract post-signal scalp: one contract exits at first target, one runner uses selected stop mode and runner target"
1,signal_scaled_scalp:strategy=delta_impulse_continue_10bar_2.5pt_50d:direction=all:first_target_points=1:stop_points=3:runner_target_points=2:runner_stop_mode=initial,delta_impulse_continue_10bar_2.5pt_50d,all,1,3,2,initial,78,78,78,48,29,29,0,1,0,29,0.37179487,-10050,-14496,-185.84615385,41,37,"two-contract post-signal scalp: one contract exits at first target, one runner uses selected stop mode and runner target"
1,signal_scaled_scalp:strategy=delta_impulse_continue_10bar_2.5pt_50d:direction=long:first_target_points=1:stop_points=3:runner_target_points=2:runner_stop_mode=initial,delta_impulse_continue_10bar_2.5pt_50d,long,1,3,2,initial,78,41,41,25,16,16,0,0,0,16,0.3902439,-5100,-7437,-181.3902439,41,0,"two-contract post-signal scalp: one contract exits at first target, one runner uses selected stop mode and runner target"
1,signal_scaled_scalp:strategy=delta_impulse_continue_10bar_2.5pt_50d:direction=short:first_target_points=1:stop_points=3:runner_target_points=2:runner_stop_mode=initial,delta_impulse_continue_10bar_2.5pt_50d,short,1,3,2,initial,78,37,37,23,13,13,0,1,0,13,0.35135135,-4950,-7059,-190.78378378,0,37,"two-contract post-signal scalp: one contract exits at first target, one runner uses selected stop mode and runner target"
1,signal_scaled_scalp:strategy=delta_impulse_continue_10bar_2.5pt_50d:direction=all:first_target_points=1:stop_points=3:runner_target_points=3:runner_stop_mode=breakeven,delta_impulse_continue_10bar_2.5pt_50d,all,1,3,3,breakeven,78,78,78,48,29,0,29,1,0,0,0,-12950,-17396,-223.02564103,41,37,"two-contract post-signal scalp: one contract exits at first target, one runner uses selected stop mode and runner target"
1,signal_scaled_scalp:strategy=delta_impulse_continue_10bar_2.5pt_50d:direction=long:first_target_points=1:stop_points=3:runner_target_points=3:runner_stop_mode=breakeven,delta_impulse_continue_10bar_2.5pt_50d,long,1,3,3,breakeven,78,41,41,25,16,0,16,0,0,0,0,-6700,-9037,-220.41463415,41,0,"two-contract post-signal scalp: one contract exits at first target, one runner uses selected stop mode and runner target"
1,signal_scaled_scalp:strategy=delta_impulse_continue_10bar_2.5pt_50d:direction=short:first_target_points=1:stop_points=3:runner_target_points=3:runner_stop_mode=breakeven,delta_impulse_continue_10bar_2.5pt_50d,short,1,3,3,breakeven,78,37,37,23,13,0,13,1,0,0,0,-6250,-8359,-225.91891892,0,37,"two-contract post-signal scalp: one contract exits at first target, one runner uses selected stop mode and runner target"
1,signal_scaled_scalp:strategy=delta_impulse_continue_10bar_2.5pt_50d:direction=all:first_target_points=1:stop_points=3:runner_target_points=3:runner_stop_mode=initial,delta_impulse_continue_10bar_2.5pt_50d,all,1,3,3,initial,78,78,78,48,29,27,2,1,0,27,0.34615385,-9200,-13646,-174.94871795,41,37,"two-contract post-signal scalp: one contract exits at first target, one runner uses selected stop mode and runner target"
1,signal_scaled_scalp:strategy=delta_impulse_continue_10bar_2.5pt_50d:direction=long:first_target_points=1:stop_points=3:runner_target_points=3:runner_stop_mode=initial,delta_impulse_continue_10bar_2.5pt_50d,long,1,3,3,initial,78,41,41,25,16,15,1,0,0,15,0.36585366,-4600,-6937,-169.19512195,41,0,"two-contract post-signal scalp: one contract exits at first target, one runner uses selected stop mode and runner target"
1,signal_scaled_scalp:strategy=delta_impulse_continue_10bar_2.5pt_50d:direction=short:first_target_points=1:stop_points=3:runner_target_points=3:runner_stop_mode=initial,delta_impulse_continue_10bar_2.5pt_50d,short,1,3,3,initial,78,37,37,23,13,12,1,1,0,12,0.32432432,-4600,-6709,-181.32432432,0,37,"two-contract post-signal scalp: one contract exits at first target, one runner uses selected stop mode and runner target"
1,signal_scaled_scalp:strategy=delta_impulse_continue_10bar_2.5pt_50d:direction=all:first_target_points=1:stop_points=3:runner_target_points=5:runner_stop_mode=breakeven,delta_impulse_continue_10bar_2.5pt_50d,all,1,3,5,breakeven,78,78,78,48,29,0,29,1,0,0,0,-12950,-17396,-223.02564103,41,37,"two-contract post-signal scalp: one contract exits at first target, one runner uses selected stop mode and runner target"
1,signal_scaled_scalp:strategy=delta_impulse_continue_10bar_2.5pt_50d:direction=long:first_target_points=1:stop_points=3:runner_target_points=5:runner_stop_mode=breakeven,delta_impulse_continue_10bar_2.5pt_50d,long,1,3,5,breakeven,78,41,41,25,16,0,16,0,0,0,0,-6700,-9037,-220.41463415,41,0,"two-contract post-signal scalp: one contract exits at first target, one runner uses selected stop mode and runner target"
1,signal_scaled_scalp:strategy=delta_impulse_continue_10bar_2.5pt_50d:direction=short:first_target_points=1:stop_points=3:runner_target_points=5:runner_stop_mode=breakeven,delta_impulse_continue_10bar_2.5pt_50d,short,1,3,5,breakeven,78,37,37,23,13,0,13,1,0,0,0,-6250,-8359,-225.91891892,0,37,"two-contract post-signal scalp: one contract exits at first target, one runner uses selected stop mode and runner target"
1,signal_scaled_scalp:strategy=delta_impulse_continue_10bar_2.5pt_50d:direction=all:first_target_points=1:stop_points=3:runner_target_points=5:runner_stop_mode=initial,delta_impulse_continue_10bar_2.5pt_50d,all,1,3,5,initial,78,78,78,48,29,22,7,1,0,22,0.28205128,-8500,-12946,-165.97435897,41,37,"two-contract post-signal scalp: one contract exits at first target, one runner uses selected stop mode and runner target"
1,signal_scaled_scalp:strategy=delta_impulse_continue_10bar_2.5pt_50d:direction=long:first_target_points=1:stop_points=3:runner_target_points=5:runner_stop_mode=initial,delta_impulse_continue_10bar_2.5pt_50d,long,1,3,5,initial,78,41,41,25,16,13,3,0,0,13,0.31707317,-3900,-6237,-152.12195122,41,0,"two-contract post-signal scalp: one contract exits at first target, one runner uses selected stop mode and runner target"
1,signal_scaled_scalp:strategy=delta_impulse_continue_10bar_2.5pt_50d:direction=short:first_target_points=1:stop_points=3:runner_target_points=5:runner_stop_mode=initial,delta_impulse_continue_10bar_2.5pt_50d,short,1,3,5,initial,78,37,37,23,13,9,4,1,0,9,0.24324324,-4600,-6709,-181.32432432,0,37,"two-contract post-signal scalp: one contract exits at first target, one runner uses selected stop mode and runner target"
1,signal_scaled_scalp:strategy=delta_impulse_continue_10bar_2.5pt_50d:direction=all:first_target_points=1:stop_points=3:runner_target_points=8:runner_stop_mode=breakeven,delta_impulse_continue_10bar_2.5pt_50d,all,1,3,8,breakeven,78,78,78,48,29,0,29,1,0,0,0,-12950,-17396,-223.02564103,41,37,"two-contract post-signal scalp: one contract exits at first target, one runner uses selected stop mode and runner target"
1,signal_scaled_scalp:strategy=delta_impulse_continue_10bar_2.5pt_50d:direction=long:first_target_points=1:stop_points=3:runner_target_points=8:runner_stop_mode=breakeven,delta_impulse_continue_10bar_2.5pt_50d,long,1,3,8,breakeven,78,41,41,25,16,0,16,0,0,0,0,-6700,-9037,-220.41463415,41,0,"two-contract post-signal scalp: one contract exits at first target, one runner uses selected stop mode and runner target"
1,signal_scaled_scalp:strategy=delta_impulse_continue_10bar_2.5pt_50d:direction=short:first_target_points=1:stop_points=3:runner_target_points=8:runner_stop_mode=breakeven,delta_impulse_continue_10bar_2.5pt_50d,short,1,3,8,breakeven,78,37,37,23,13,0,13,1,0,0,0,-6250,-8359,-225.91891892,0,37,"two-contract post-signal scalp: one contract exits at first target, one runner uses selected stop mode and runner target"
1,signal_scaled_scalp:strategy=delta_impulse_continue_10bar_2.5pt_50d:direction=all:first_target_points=1:stop_points=3:runner_target_points=8:runner_stop_mode=initial,delta_impulse_continue_10bar_2.5pt_50d,all,1,3,8,initial,78,78,78,48,29,18,11,1,0,18,0.23076923,-7400,-11846,-151.87179487,41,37,"two-contract post-signal scalp: one contract exits at first target, one runner uses selected stop mode and runner target"
1,signal_scaled_scalp:strategy=delta_impulse_continue_10bar_2.5pt_50d:direction=long:first_target_points=1:stop_points=3:runner_target_points=8:runner_stop_mode=initial,delta_impulse_continue_10bar_2.5pt_50d,long,1,3,8,initial,78,41,41,25,16,11,5,0,0,11,0.26829268,-3050,-5387,-131.3902439,41,0,"two-contract post-signal scalp: one contract exits at first target, one runner uses selected stop mode and runner target"
1,signal_scaled_scalp:strategy=delta_impulse_continue_10bar_2.5pt_50d:direction=short:first_target_points=1:stop_points=3:runner_target_points=8:runner_stop_mode=initial,delta_impulse_continue_10bar_2.5pt_50d,short,1,3,8,initial,78,37,37,23,13,7,6,1,0,7,0.18918919,-4350,-6459,-174.56756757,0,37,"two-contract post-signal scalp: one contract exits at first target, one runner uses selected stop mode and runner target"
1,signal_scaled_scalp:strategy=delta_impulse_continue_10bar_2.5pt_50d:direction=all:first_target_points=1:stop_points=3:runner_target_points=10:runner_stop_mode=breakeven,delta_impulse_continue_10bar_2.5pt_50d,all,1,3,10,breakeven,78,78,78,48,29,0,29,1,0,0,0,-12950,-17396,-223.02564103,41,37,"two-contract post-signal scalp: one contract exits at first target, one runner uses selected stop mode and runner target"
1,signal_scaled_scalp:strategy=delta_impulse_continue_10bar_2.5pt_50d:direction=long:first_target_points=1:stop_points=3:runner_target_points=10:runner_stop_mode=breakeven,delta_impulse_continue_10bar_2.5pt_50d,long,1,3,10,breakeven,78,41,41,25,16,0,16,0,0,0,0,-6700,-9037,-220.41463415,41,0,"two-contract post-signal scalp: one contract exits at first target, one runner uses selected stop mode and runner target"
1,signal_scaled_scalp:strategy=delta_impulse_continue_10bar_2.5pt_50d:direction=short:first_target_points=1:stop_points=3:runner_target_points=10:runner_stop_mode=breakeven,delta_impulse_continue_10bar_2.5pt_50d,short,1,3,10,breakeven,78,37,37,23,13,0,13,1,0,0,0,-6250,-8359,-225.91891892,0,37,"two-contract post-signal scalp: one contract exits at first target, one runner uses selected stop mode and runner target"
1,signal_scaled_scalp:strategy=delta_impulse_continue_10bar_2.5pt_50d:direction=all:first_target_points=1:stop_points=3:runner_target_points=10:runner_stop_mode=initial,delta_impulse_continue_10bar_2.5pt_50d,all,1,3,10,initial,78,78,78,48,29,15,14,1,0,15,0.19230769,-7550,-11996,-153.79487179,41,37,"two-contract post-signal scalp: one contract exits at first target, one runner uses selected stop mode and runner target"
1,signal_scaled_scalp:strategy=delta_impulse_continue_10bar_2.5pt_50d:direction=long:first_target_points=1:stop_points=3:runner_target_points=10:runner_stop_mode=initial,delta_impulse_continue_10bar_2.5pt_50d,long,1,3,10,initial,78,41,41,25,16,9,7,0,0,9,0.2195122,-3250,-5587,-136.26829268,41,0,"two-contract post-signal scalp: one contract exits at first target, one runner uses selected stop mode and runner target"
1,signal_scaled_scalp:strategy=delta_impulse_continue_10bar_2.5pt_50d:direction=short:first_target_points=1:stop_points=3:runner_target_points=10:runner_stop_mode=initial,delta_impulse_continue_10bar_2.5pt_50d,short,1,3,10,initial,78,37,37,23,13,6,7,1,0,6,0.16216216,-4300,-6409,-173.21621622,0,37,"two-contract post-signal scalp: one contract exits at first target, one runner uses selected stop mode and runner target"
1,signal_scaled_scalp:strategy=delta_impulse_continue_10bar_2.5pt_50d:direction=all:first_target_points=1:stop_points=3:runner_target_points=15:runner_stop_mode=breakeven,delta_impulse_continue_10bar_2.5pt_50d,all,1,3,15,breakeven,78,78,78,48,29,0,29,1,0,0,0,-12950,-17396,-223.02564103,41,37,"two-contract post-signal scalp: one contract exits at first target, one runner uses selected stop mode and runner target"
1,signal_scaled_scalp:strategy=delta_impulse_continue_10bar_2.5pt_50d:direction=long:first_target_points=1:stop_points=3:runner_target_points=15:runner_stop_mode=breakeven,delta_impulse_continue_10bar_2.5pt_50d,long,1,3,15,breakeven,78,41,41,25,16,0,16,0,0,0,0,-6700,-9037,-220.41463415,41,0,"two-contract post-signal scalp: one contract exits at first target, one runner uses selected stop mode and runner target"
1,signal_scaled_scalp:strategy=delta_impulse_continue_10bar_2.5pt_50d:direction=short:first_target_points=1:stop_points=3:runner_target_points=15:runner_stop_mode=breakeven,delta_impulse_continue_10bar_2.5pt_50d,short,1,3,15,breakeven,78,37,37,23,13,0,13,1,0,0,0,-6250,-8359,-225.91891892,0,37,"two-contract post-signal scalp: one contract exits at first target, one runner uses selected stop mode and runner target"
1,signal_scaled_scalp:strategy=delta_impulse_continue_10bar_2.5pt_50d:direction=all:first_target_points=1:stop_points=3:runner_target_points=15:runner_stop_mode=initial,delta_impulse_continue_10bar_2.5pt_50d,all,1,3,15,initial,78,78,78,48,29,8,21,1,0,8,0.1025641,-10100,-14546,-186.48717949,41,37,"two-contract post-signal scalp: one contract exits at first target, one runner uses selected stop mode and runner target"
1,signal_scaled_scalp:strategy=delta_impulse_continue_10bar_2.5pt_50d:direction=long:first_target_points=1:stop_points=3:runner_target_points=15:runner_stop_mode=initial,delta_impulse_continue_10bar_2.5pt_50d,long,1,3,15,initial,78,41,41,25,16,5,11,0,0,5,0.12195122,-4600,-6937,-169.19512195,41,0,"two-contract post-signal scalp: one contract exits at first target, one runner uses selected stop mode and runner target"
1,signal_scaled_scalp:strategy=delta_impulse_continue_10bar_2.5pt_50d:direction=short:first_target_points=1:stop_points=3:runner_target_points=15:runner_stop_mode=initial,delta_impulse_continue_10bar_2.5pt_50d,short,1,3,15,initial,78,37,37,23,13,3,10,1,0,3,0.08108108,-5500,-7609,-205.64864865,0,37,"two-contract post-signal scalp: one contract exits at first target, one runner uses selected stop mode and runner target"
1,signal_scaled_scalp:strategy=delta_impulse_continue_10bar_2.5pt_50d:direction=all:first_target_points=1:stop_points=4:runner_target_points=2:runner_stop_mode=breakeven,delta_impulse_continue_10bar_2.5pt_50d,all,1,4,2,breakeven,78,78,78,41,36,0,36,1,0,0,0,-14600,-19046,-244.17948718,41,37,"two-contract post-signal scalp: one contract exits at first target, one runner uses selected stop mode and runner target"
1,signal_scaled_scalp:strategy=delta_impulse_continue_10bar_2.5pt_50d:direction=long:first_target_points=1:stop_points=4:runner_target_points=2:runner_stop_mode=breakeven,delta_impulse_continue_10bar_2.5pt_50d,long,1,4,2,breakeven,78,41,41,22,19,0,19,0,0,0,0,-7850,-10187,-248.46341463,41,0,"two-contract post-signal scalp: one contract exits at first target, one runner uses selected stop mode and runner target"
1,signal_scaled_scalp:strategy=delta_impulse_continue_10bar_2.5pt_50d:direction=short:first_target_points=1:stop_points=4:runner_target_points=2:runner_stop_mode=breakeven,delta_impulse_continue_10bar_2.5pt_50d,short,1,4,2,breakeven,78,37,37,19,17,0,17,1,0,0,0,-6750,-8859,-239.43243243,0,37,"two-contract post-signal scalp: one contract exits at first target, one runner uses selected stop mode and runner target"
1,signal_scaled_scalp:strategy=delta_impulse_continue_10bar_2.5pt_50d:direction=all:first_target_points=1:stop_points=4:runner_target_points=2:runner_stop_mode=initial,delta_impulse_continue_10bar_2.5pt_50d,all,1,4,2,initial,78,78,78,41,36,35,1,1,0,35,0.44871795,-11300,-15746,-201.87179487,41,37,"two-contract post-signal scalp: one contract exits at first target, one runner uses selected stop mode and runner target"
1,signal_scaled_scalp:strategy=delta_impulse_continue_10bar_2.5pt_50d:direction=long:first_target_points=1:stop_points=4:runner_target_points=2:runner_stop_mode=initial,delta_impulse_continue_10bar_2.5pt_50d,long,1,4,2,initial,78,41,41,22,19,18,1,0,0,18,0.43902439,-6250,-8587,-209.43902439,41,0,"two-contract post-signal scalp: one contract exits at first target, one runner uses selected stop mode and runner target"
1,signal_scaled_scalp:strategy=delta_impulse_continue_10bar_2.5pt_50d:direction=short:first_target_points=1:stop_points=4:runner_target_points=2:runner_stop_mode=initial,delta_impulse_continue_10bar_2.5pt_50d,short,1,4,2,initial,78,37,37,19,17,17,0,1,0,17,0.45945946,-5050,-7159,-193.48648649,0,37,"two-contract post-signal scalp: one contract exits at first target, one runner uses selected stop mode and runner target"
1,signal_scaled_scalp:strategy=delta_impulse_continue_10bar_2.5pt_50d:direction=all:first_target_points=1:stop_points=4:runner_target_points=3:runner_stop_mode=breakeven,delta_impulse_continue_10bar_2.5pt_50d,all,1,4,3,breakeven,78,78,78,41,36,0,36,1,0,0,0,-14600,-19046,-244.17948718,41,37,"two-contract post-signal scalp: one contract exits at first target, one runner uses selected stop mode and runner target"
1,signal_scaled_scalp:strategy=delta_impulse_continue_10bar_2.5pt_50d:direction=long:first_target_points=1:stop_points=4:runner_target_points=3:runner_stop_mode=breakeven,delta_impulse_continue_10bar_2.5pt_50d,long,1,4,3,breakeven,78,41,41,22,19,0,19,0,0,0,0,-7850,-10187,-248.46341463,41,0,"two-contract post-signal scalp: one contract exits at first target, one runner uses selected stop mode and runner target"
1,signal_scaled_scalp:strategy=delta_impulse_continue_10bar_2.5pt_50d:direction=short:first_target_points=1:stop_points=4:runner_target_points=3:runner_stop_mode=breakeven,delta_impulse_continue_10bar_2.5pt_50d,short,1,4,3,breakeven,78,37,37,19,17,0,17,1,0,0,0,-6750,-8859,-239.43243243,0,37,"two-contract post-signal scalp: one contract exits at first target, one runner uses selected stop mode and runner target"
1,signal_scaled_scalp:strategy=delta_impulse_continue_10bar_2.5pt_50d:direction=all:first_target_points=1:stop_points=4:runner_target_points=3:runner_stop_mode=initial,delta_impulse_continue_10bar_2.5pt_50d,all,1,4,3,initial,78,78,78,41,36,32,4,1,0,32,0.41025641,-10600,-15046,-192.8974359,41,37,"two-contract post-signal scalp: one contract exits at first target, one runner uses selected stop mode and runner target"
1,signal_scaled_scalp:strategy=delta_impulse_continue_10bar_2.5pt_50d:direction=long:first_target_points=1:stop_points=4:runner_target_points=3:runner_stop_mode=initial,delta_impulse_continue_10bar_2.5pt_50d,long,1,4,3,initial,78,41,41,22,19,17,2,0,0,17,0.41463415,-5700,-8037,-196.02439024,41,0,"two-contract post-signal scalp: one contract exits at first target, one runner uses selected stop mode and runner target"
1,signal_scaled_scalp:strategy=delta_impulse_continue_10bar_2.5pt_50d:direction=short:first_target_points=1:stop_points=4:runner_target_points=3:runner_stop_mode=initial,delta_impulse_continue_10bar_2.5pt_50d,short,1,4,3,initial,78,37,37,19,17,15,2,1,0,15,0.40540541,-4900,-7009,-189.43243243,0,37,"two-contract post-signal scalp: one contract exits at first target, one runner uses selected stop mode and runner target"
1,signal_scaled_scalp:strategy=delta_impulse_continue_10bar_2.5pt_50d:direction=all:first_target_points=1:stop_points=4:runner_target_points=5:runner_stop_mode=breakeven,delta_impulse_continue_10bar_2.5pt_50d,all,1,4,5,breakeven,78,78,78,41,36,0,36,1,0,0,0,-14600,-19046,-244.17948718,41,37,"two-contract post-signal scalp: one contract exits at first target, one runner uses selected stop mode and runner target"
1,signal_scaled_scalp:strategy=delta_impulse_continue_10bar_2.5pt_50d:direction=long:first_target_points=1:stop_points=4:runner_target_points=5:runner_stop_mode=breakeven,delta_impulse_continue_10bar_2.5pt_50d,long,1,4,5,breakeven,78,41,41,22,19,0,19,0,0,0,0,-7850,-10187,-248.46341463,41,0,"two-contract post-signal scalp: one contract exits at first target, one runner uses selected stop mode and runner target"
1,signal_scaled_scalp:strategy=delta_impulse_continue_10bar_2.5pt_50d:direction=short:first_target_points=1:stop_points=4:runner_target_points=5:runner_stop_mode=breakeven,delta_impulse_continue_10bar_2.5pt_50d,short,1,4,5,breakeven,78,37,37,19,17,0,17,1,0,0,0,-6750,-8859,-239.43243243,0,37,"two-contract post-signal scalp: one contract exits at first target, one runner uses selected stop mode and runner target"
1,signal_scaled_scalp:strategy=delta_impulse_continue_10bar_2.5pt_50d:direction=all:first_target_points=1:stop_points=4:runner_target_points=5:runner_stop_mode=initial,delta_impulse_continue_10bar_2.5pt_50d,all,1,4,5,initial,78,78,78,41,36,26,10,1,0,26,0.33333333,-10100,-14546,-186.48717949,41,37,"two-contract post-signal scalp: one contract exits at first target, one runner uses selected stop mode and runner target"
1,signal_scaled_scalp:strategy=delta_impulse_continue_10bar_2.5pt_50d:direction=long:first_target_points=1:stop_points=4:runner_target_points=5:runner_stop_mode=initial,delta_impulse_continue_10bar_2.5pt_50d,long,1,4,5,initial,78,41,41,22,19,14,5,0,0,14,0.34146341,-5350,-7687,-187.48780488,41,0,"two-contract post-signal scalp: one contract exits at first target, one runner uses selected stop mode and runner target"
1,signal_scaled_scalp:strategy=delta_impulse_continue_10bar_2.5pt_50d:direction=short:first_target_points=1:stop_points=4:runner_target_points=5:runner_stop_mode=initial,delta_impulse_continue_10bar_2.5pt_50d,short,1,4,5,initial,78,37,37,19,17,12,5,1,0,12,0.32432432,-4750,-6859,-185.37837838,0,37,"two-contract post-signal scalp: one contract exits at first target, one runner uses selected stop mode and runner target"
1,signal_scaled_scalp:strategy=delta_impulse_continue_10bar_2.5pt_50d:direction=all:first_target_points=1:stop_points=4:runner_target_points=8:runner_stop_mode=breakeven,delta_impulse_continue_10bar_2.5pt_50d,all,1,4,8,breakeven,78,78,78,41,36,0,36,1,0,0,0,-14600,-19046,-244.17948718,41,37,"two-contract post-signal scalp: one contract exits at first target, one runner uses selected stop mode and runner target"
1,signal_scaled_scalp:strategy=delta_impulse_continue_10bar_2.5pt_50d:direction=long:first_target_points=1:stop_points=4:runner_target_points=8:runner_stop_mode=breakeven,delta_impulse_continue_10bar_2.5pt_50d,long,1,4,8,breakeven,78,41,41,22,19,0,19,0,0,0,0,-7850,-10187,-248.46341463,41,0,"two-contract post-signal scalp: one contract exits at first target, one runner uses selected stop mode and runner target"
1,signal_scaled_scalp:strategy=delta_impulse_continue_10bar_2.5pt_50d:direction=short:first_target_points=1:stop_points=4:runner_target_points=8:runner_stop_mode=breakeven,delta_impulse_continue_10bar_2.5pt_50d,short,1,4,8,breakeven,78,37,37,19,17,0,17,1,0,0,0,-6750,-8859,-239.43243243,0,37,"two-contract post-signal scalp: one contract exits at first target, one runner uses selected stop mode and runner target"
1,signal_scaled_scalp:strategy=delta_impulse_continue_10bar_2.5pt_50d:direction=all:first_target_points=1:stop_points=4:runner_target_points=8:runner_stop_mode=initial,delta_impulse_continue_10bar_2.5pt_50d,all,1,4,8,initial,78,78,78,41,36,21,15,1,0,21,0.26923077,-9200,-13646,-174.94871795,41,37,"two-contract post-signal scalp: one contract exits at first target, one runner uses selected stop mode and runner target"
1,signal_scaled_scalp:strategy=delta_impulse_continue_10bar_2.5pt_50d:direction=long:first_target_points=1:stop_points=4:runner_target_points=8:runner_stop_mode=initial,delta_impulse_continue_10bar_2.5pt_50d,long,1,4,8,initial,78,41,41,22,19,12,7,0,0,12,0.29268293,-4450,-6787,-165.53658537,41,0,"two-contract post-signal scalp: one contract exits at first target, one runner uses selected stop mode and runner target"
1,signal_scaled_scalp:strategy=delta_impulse_continue_10bar_2.5pt_50d:direction=short:first_target_points=1:stop_points=4:runner_target_points=8:runner_stop_mode=initial,delta_impulse_continue_10bar_2.5pt_50d,short,1,4,8,initial,78,37,37,19,17,9,8,1,0,9,0.24324324,-4750,-6859,-185.37837838,0,37,"two-contract post-signal scalp: one contract exits at first target, one runner uses selected stop mode and runner target"
1,signal_scaled_scalp:strategy=delta_impulse_continue_10bar_2.5pt_50d:direction=all:first_target_points=1:stop_points=4:runner_target_points=10:runner_stop_mode=breakeven,delta_impulse_continue_10bar_2.5pt_50d,all,1,4,10,breakeven,78,78,78,41,36,0,36,1,0,0,0,-14600,-19046,-244.17948718,41,37,"two-contract post-signal scalp: one contract exits at first target, one runner uses selected stop mode and runner target"
1,signal_scaled_scalp:strategy=delta_impulse_continue_10bar_2.5pt_50d:direction=long:first_target_points=1:stop_points=4:runner_target_points=10:runner_stop_mode=breakeven,delta_impulse_continue_10bar_2.5pt_50d,long,1,4,10,breakeven,78,41,41,22,19,0,19,0,0,0,0,-7850,-10187,-248.46341463,41,0,"two-contract post-signal scalp: one contract exits at first target, one runner uses selected stop mode and runner target"
1,signal_scaled_scalp:strategy=delta_impulse_continue_10bar_2.5pt_50d:direction=short:first_target_points=1:stop_points=4:runner_target_points=10:runner_stop_mode=breakeven,delta_impulse_continue_10bar_2.5pt_50d,short,1,4,10,breakeven,78,37,37,19,17,0,17,1,0,0,0,-6750,-8859,-239.43243243,0,37,"two-contract post-signal scalp: one contract exits at first target, one runner uses selected stop mode and runner target"
1,signal_scaled_scalp:strategy=delta_impulse_continue_10bar_2.5pt_50d:direction=all:first_target_points=1:stop_points=4:runner_target_points=10:runner_stop_mode=initial,delta_impulse_continue_10bar_2.5pt_50d,all,1,4,10,initial,78,78,78,41,36,17,19,1,0,17,0.21794872,-9900,-14346,-183.92307692,41,37,"two-contract post-signal scalp: one contract exits at first target, one runner uses selected stop mode and runner target"
1,signal_scaled_scalp:strategy=delta_impulse_continue_10bar_2.5pt_50d:direction=long:first_target_points=1:stop_points=4:runner_target_points=10:runner_stop_mode=initial,delta_impulse_continue_10bar_2.5pt_50d,long,1,4,10,initial,78,41,41,22,19,9,10,0,0,9,0.2195122,-5350,-7687,-187.48780488,41,0,"two-contract post-signal scalp: one contract exits at first target, one runner uses selected stop mode and runner target"
1,signal_scaled_scalp:strategy=delta_impulse_continue_10bar_2.5pt_50d:direction=short:first_target_points=1:stop_points=4:runner_target_points=10:runner_stop_mode=initial,delta_impulse_continue_10bar_2.5pt_50d,short,1,4,10,initial,78,37,37,19,17,8,9,1,0,8,0.21621622,-4550,-6659,-179.97297297,0,37,"two-contract post-signal scalp: one contract exits at first target, one runner uses selected stop mode and runner target"
1,signal_scaled_scalp:strategy=delta_impulse_continue_10bar_2.5pt_50d:direction=all:first_target_points=1:stop_points=4:runner_target_points=15:runner_stop_mode=breakeven,delta_impulse_continue_10bar_2.5pt_50d,all,1,4,15,breakeven,78,78,78,41,36,0,36,1,0,0,0,-14600,-19046,-244.17948718,41,37,"two-contract post-signal scalp: one contract exits at first target, one runner uses selected stop mode and runner target"
1,signal_scaled_scalp:strategy=delta_impulse_continue_10bar_2.5pt_50d:direction=long:first_target_points=1:stop_points=4:runner_target_points=15:runner_stop_mode=breakeven,delta_impulse_continue_10bar_2.5pt_50d,long,1,4,15,breakeven,78,41,41,22,19,0,19,0,0,0,0,-7850,-10187,-248.46341463,41,0,"two-contract post-signal scalp: one contract exits at first target, one runner uses selected stop mode and runner target"
1,signal_scaled_scalp:strategy=delta_impulse_continue_10bar_2.5pt_50d:direction=short:first_target_points=1:stop_points=4:runner_target_points=15:runner_stop_mode=breakeven,delta_impulse_continue_10bar_2.5pt_50d,short,1,4,15,breakeven,78,37,37,19,17,0,17,1,0,0,0,-6750,-8859,-239.43243243,0,37,"two-contract post-signal scalp: one contract exits at first target, one runner uses selected stop mode and runner target"
1,signal_scaled_scalp:strategy=delta_impulse_continue_10bar_2.5pt_50d:direction=all:first_target_points=1:stop_points=4:runner_target_points=15:runner_stop_mode=initial,delta_impulse_continue_10bar_2.5pt_50d,all,1,4,15,initial,78,78,78,41,36,11,25,1,0,11,0.14102564,-11350,-15796,-202.51282051,41,37,"two-contract post-signal scalp: one contract exits at first target, one runner uses selected stop mode and runner target"
1,signal_scaled_scalp:strategy=delta_impulse_continue_10bar_2.5pt_50d:direction=long:first_target_points=1:stop_points=4:runner_target_points=15:runner_stop_mode=initial,delta_impulse_continue_10bar_2.5pt_50d,long,1,4,15,initial,78,41,41,22,19,5,14,0,0,5,0.12195122,-6900,-9237,-225.29268293,41,0,"two-contract post-signal scalp: one contract exits at first target, one runner uses selected stop mode and runner target"
1,signal_scaled_scalp:strategy=delta_impulse_continue_10bar_2.5pt_50d:direction=short:first_target_points=1:stop_points=4:runner_target_points=15:runner_stop_mode=initial,delta_impulse_continue_10bar_2.5pt_50d,short,1,4,15,initial,78,37,37,19,17,6,11,1,0,6,0.16216216,-4450,-6559,-177.27027027,0,37,"two-contract post-signal scalp: one contract exits at first target, one runner uses selected stop mode and runner target"
1,signal_scaled_scalp:strategy=delta_impulse_continue_10bar_2.5pt_50d:direction=all:first_target_points=1:stop_points=5:runner_target_points=2:runner_stop_mode=breakeven,delta_impulse_continue_10bar_2.5pt_50d,all,1,5,2,breakeven,78,78,78,30,47,0,47,1,0,0,0,-12650,-17096,-219.17948718,41,37,"two-contract post-signal scalp: one contract exits at first target, one runner uses selected stop mode and runner target"
1,signal_scaled_scalp:strategy=delta_impulse_continue_10bar_2.5pt_50d:direction=long:first_target_points=1:stop_points=5:runner_target_points=2:runner_stop_mode=breakeven,delta_impulse_continue_10bar_2.5pt_50d,long,1,5,2,breakeven,78,41,41,14,27,0,27,0,0,0,0,-5650,-7987,-194.80487805,41,0,"two-contract post-signal scalp: one contract exits at first target, one runner uses selected stop mode and runner target"
1,signal_scaled_scalp:strategy=delta_impulse_continue_10bar_2.5pt_50d:direction=short:first_target_points=1:stop_points=5:runner_target_points=2:runner_stop_mode=breakeven,delta_impulse_continue_10bar_2.5pt_50d,short,1,5,2,breakeven,78,37,37,16,20,0,20,1,0,0,0,-7000,-9109,-246.18918919,0,37,"two-contract post-signal scalp: one contract exits at first target, one runner uses selected stop mode and runner target"
1,signal_scaled_scalp:strategy=delta_impulse_continue_10bar_2.5pt_50d:direction=all:first_target_points=1:stop_points=5:runner_target_points=2:runner_stop_mode=initial,delta_impulse_continue_10bar_2.5pt_50d,all,1,5,2,initial,78,78,78,30,47,46,1,1,0,46,0.58974359,-8300,-12746,-163.41025641,41,37,"two-contract post-signal scalp: one contract exits at first target, one runner uses selected stop mode and runner target"
1,signal_scaled_scalp:strategy=delta_impulse_continue_10bar_2.5pt_50d:direction=long:first_target_points=1:stop_points=5:runner_target_points=2:runner_stop_mode=initial,delta_impulse_continue_10bar_2.5pt_50d,long,1,5,2,initial,78,41,41,14,27,26,1,0,0,26,0.63414634,-3300,-5637,-137.48780488,41,0,"two-contract post-signal scalp: one contract exits at first target, one runner uses selected stop mode and runner target"
1,signal_scaled_scalp:strategy=delta_impulse_continue_10bar_2.5pt_50d:direction=short:first_target_points=1:stop_points=5:runner_target_points=2:runner_stop_mode=initial,delta_impulse_continue_10bar_2.5pt_50d,short,1,5,2,initial,78,37,37,16,20,20,0,1,0,20,0.54054054,-5000,-7109,-192.13513514,0,37,"two-contract post-signal scalp: one contract exits at first target, one runner uses selected stop mode and runner target"
1,signal_scaled_scalp:strategy=delta_impulse_continue_10bar_2.5pt_50d:direction=all:first_target_points=1:stop_points=5:runner_target_points=3:runner_stop_mode=breakeven,delta_impulse_continue_10bar_2.5pt_50d,all,1,5,3,breakeven,78,78,78,30,47,0,47,1,0,0,0,-12650,-17096,-219.17948718,41,37,"two-contract post-signal scalp: one contract exits at first target, one runner uses selected stop mode and runner target"
1,signal_scaled_scalp:strategy=delta_impulse_continue_10bar_2.5pt_50d:direction=long:first_target_points=1:stop_points=5:runner_target_points=3:runner_stop_mode=breakeven,delta_impulse_continue_10bar_2.5pt_50d,long,1,5,3,breakeven,78,41,41,14,27,0,27,0,0,0,0,-5650,-7987,-194.80487805,41,0,"two-contract post-signal scalp: one contract exits at first target, one runner uses selected stop mode and runner target"
1,signal_scaled_scalp:strategy=delta_impulse_continue_10bar_2.5pt_50d:direction=short:first_target_points=1:stop_points=5:runner_target_points=3:runner_stop_mode=breakeven,delta_impulse_continue_10bar_2.5pt_50d,short,1,5,3,breakeven,78,37,37,16,20,0,20,1,0,0,0,-7000,-9109,-246.18918919,0,37,"two-contract post-signal scalp: one contract exits at first target, one runner uses selected stop mode and runner target"
1,signal_scaled_scalp:strategy=delta_impulse_continue_10bar_2.5pt_50d:direction=all:first_target_points=1:stop_points=5:runner_target_points=3:runner_stop_mode=initial,delta_impulse_continue_10bar_2.5pt_50d,all,1,5,3,initial,78,78,78,30,47,42,5,1,0,42,0.53846154,-7600,-12046,-154.43589744,41,37,"two-contract post-signal scalp: one contract exits at first target, one runner uses selected stop mode and runner target"
1,signal_scaled_scalp:strategy=delta_impulse_continue_10bar_2.5pt_50d:direction=long:first_target_points=1:stop_points=5:runner_target_points=3:runner_stop_mode=initial,delta_impulse_continue_10bar_2.5pt_50d,long,1,5,3,initial,78,41,41,14,27,25,2,0,0,25,0.6097561,-2400,-4737,-115.53658537,41,0,"two-contract post-signal scalp: one contract exits at first target, one runner uses selected stop mode and runner target"
1,signal_scaled_scalp:strategy=delta_impulse_continue_10bar_2.5pt_50d:direction=short:first_target_points=1:stop_points=5:runner_target_points=3:runner_stop_mode=initial,delta_impulse_continue_10bar_2.5pt_50d,short,1,5,3,initial,78,37,37,16,20,17,3,1,0,17,0.45945946,-5200,-7309,-197.54054054,0,37,"two-contract post-signal scalp: one contract exits at first target, one runner uses selected stop mode and runner target"
1,signal_scaled_scalp:strategy=delta_impulse_continue_10bar_2.5pt_50d:direction=all:first_target_points=1:stop_points=5:runner_target_points=5:runner_stop_mode=breakeven,delta_impulse_continue_10bar_2.5pt_50d,all,1,5,5,breakeven,78,78,78,30,47,0,47,1,0,0,0,-12650,-17096,-219.17948718,41,37,"two-contract post-signal scalp: one contract exits at first target, one runner uses selected stop mode and runner target"
1,signal_scaled_scalp:strategy=delta_impulse_continue_10bar_2.5pt_50d:direction=long:first_target_points=1:stop_points=5:runner_target_points=5:runner_stop_mode=breakeven,delta_impulse_continue_10bar_2.5pt_50d,long,1,5,5,breakeven,78,41,41,14,27,0,27,0,0,0,0,-5650,-7987,-194.80487805,41,0,"two-contract post-signal scalp: one contract exits at first target, one runner uses selected stop mode and runner target"
1,signal_scaled_scalp:strategy=delta_impulse_continue_10bar_2.5pt_50d:direction=short:first_target_points=1:stop_points=5:runner_target_points=5:runner_stop_mode=breakeven,delta_impulse_continue_10bar_2.5pt_50d,short,1,5,5,breakeven,78,37,37,16,20,0,20,1,0,0,0,-7000,-9109,-246.18918919,0,37,"two-contract post-signal scalp: one contract exits at first target, one runner uses selected stop mode and runner target"
1,signal_scaled_scalp:strategy=delta_impulse_continue_10bar_2.5pt_50d:direction=all:first_target_points=1:stop_points=5:runner_target_points=5:runner_stop_mode=initial,delta_impulse_continue_10bar_2.5pt_50d,all,1,5,5,initial,78,78,78,30,47,35,12,1,0,35,0.44871795,-6900,-11346,-145.46153846,41,37,"two-contract post-signal scalp: one contract exits at first target, one runner uses selected stop mode and runner target"
1,signal_scaled_scalp:strategy=delta_impulse_continue_10bar_2.5pt_50d:direction=long:first_target_points=1:stop_points=5:runner_target_points=5:runner_stop_mode=initial,delta_impulse_continue_10bar_2.5pt_50d,long,1,5,5,initial,78,41,41,14,27,21,6,0,0,21,0.51219512,-1900,-4237,-103.34146341,41,0,"two-contract post-signal scalp: one contract exits at first target, one runner uses selected stop mode and runner target"
1,signal_scaled_scalp:strategy=delta_impulse_continue_10bar_2.5pt_50d:direction=short:first_target_points=1:stop_points=5:runner_target_points=5:runner_stop_mode=initial,delta_impulse_continue_10bar_2.5pt_50d,short,1,5,5,initial,78,37,37,16,20,14,6,1,0,14,0.37837838,-5000,-7109,-192.13513514,0,37,"two-contract post-signal scalp: one contract exits at first target, one runner uses selected stop mode and runner target"
1,signal_scaled_scalp:strategy=delta_impulse_continue_10bar_2.5pt_50d:direction=all:first_target_points=1:stop_points=5:runner_target_points=8:runner_stop_mode=breakeven,delta_impulse_continue_10bar_2.5pt_50d,all,1,5,8,breakeven,78,78,78,30,47,0,47,1,0,0,0,-12650,-17096,-219.17948718,41,37,"two-contract post-signal scalp: one contract exits at first target, one runner uses selected stop mode and runner target"
1,signal_scaled_scalp:strategy=delta_impulse_continue_10bar_2.5pt_50d:direction=long:first_target_points=1:stop_points=5:runner_target_points=8:runner_stop_mode=breakeven,delta_impulse_continue_10bar_2.5pt_50d,long,1,5,8,breakeven,78,41,41,14,27,0,27,0,0,0,0,-5650,-7987,-194.80487805,41,0,"two-contract post-signal scalp: one contract exits at first target, one runner uses selected stop mode and runner target"
1,signal_scaled_scalp:strategy=delta_impulse_continue_10bar_2.5pt_50d:direction=short:first_target_points=1:stop_points=5:runner_target_points=8:runner_stop_mode=breakeven,delta_impulse_continue_10bar_2.5pt_50d,short,1,5,8,breakeven,78,37,37,16,20,0,20,1,0,0,0,-7000,-9109,-246.18918919,0,37,"two-contract post-signal scalp: one contract exits at first target, one runner uses selected stop mode and runner target"
1,signal_scaled_scalp:strategy=delta_impulse_continue_10bar_2.5pt_50d:direction=all:first_target_points=1:stop_points=5:runner_target_points=8:runner_stop_mode=initial,delta_impulse_continue_10bar_2.5pt_50d,all,1,5,8,initial,78,78,78,30,47,29,18,1,0,29,0.37179487,-5550,-9996,-128.15384615,41,37,"two-contract post-signal scalp: one contract exits at first target, one runner uses selected stop mode and runner target"
1,signal_scaled_scalp:strategy=delta_impulse_continue_10bar_2.5pt_50d:direction=long:first_target_points=1:stop_points=5:runner_target_points=8:runner_stop_mode=initial,delta_impulse_continue_10bar_2.5pt_50d,long,1,5,8,initial,78,41,41,14,27,19,8,0,0,19,0.46341463,-50,-2387,-58.2195122,41,0,"two-contract post-signal scalp: one contract exits at first target, one runner uses selected stop mode and runner target"
1,signal_scaled_scalp:strategy=delta_impulse_continue_10bar_2.5pt_50d:direction=short:first_target_points=1:stop_points=5:runner_target_points=8:runner_stop_mode=initial,delta_impulse_continue_10bar_2.5pt_50d,short,1,5,8,initial,78,37,37,16,20,10,10,1,0,10,0.27027027,-5500,-7609,-205.64864865,0,37,"two-contract post-signal scalp: one contract exits at first target, one runner uses selected stop mode and runner target"
1,signal_scaled_scalp:strategy=delta_impulse_continue_10bar_2.5pt_50d:direction=all:first_target_points=1:stop_points=5:runner_target_points=10:runner_stop_mode=breakeven,delta_impulse_continue_10bar_2.5pt_50d,all,1,5,10,breakeven,78,78,78,30,47,0,47,1,0,0,0,-12650,-17096,-219.17948718,41,37,"two-contract post-signal scalp: one contract exits at first target, one runner uses selected stop mode and runner target"
1,signal_scaled_scalp:strategy=delta_impulse_continue_10bar_2.5pt_50d:direction=long:first_target_points=1:stop_points=5:runner_target_points=10:runner_stop_mode=breakeven,delta_impulse_continue_10bar_2.5pt_50d,long,1,5,10,breakeven,78,41,41,14,27,0,27,0,0,0,0,-5650,-7987,-194.80487805,41,0,"two-contract post-signal scalp: one contract exits at first target, one runner uses selected stop mode and runner target"
1,signal_scaled_scalp:strategy=delta_impulse_continue_10bar_2.5pt_50d:direction=short:first_target_points=1:stop_points=5:runner_target_points=10:runner_stop_mode=breakeven,delta_impulse_continue_10bar_2.5pt_50d,short,1,5,10,breakeven,78,37,37,16,20,0,20,1,0,0,0,-7000,-9109,-246.18918919,0,37,"two-contract post-signal scalp: one contract exits at first target, one runner uses selected stop mode and runner target"
1,signal_scaled_scalp:strategy=delta_impulse_continue_10bar_2.5pt_50d:direction=all:first_target_points=1:stop_points=5:runner_target_points=10:runner_stop_mode=initial,delta_impulse_continue_10bar_2.5pt_50d,all,1,5,10,initial,78,78,78,30,47,23,23,2,0,24,0.30769231,-6600,-11046,-141.61538462,41,37,"two-contract post-signal scalp: one contract exits at first target, one runner uses selected stop mode and runner target"
1,signal_scaled_scalp:strategy=delta_impulse_continue_10bar_2.5pt_50d:direction=long:first_target_points=1:stop_points=5:runner_target_points=10:runner_stop_mode=initial,delta_impulse_continue_10bar_2.5pt_50d,long,1,5,10,initial,78,41,41,14,27,15,12,0,0,15,0.36585366,-1150,-3487,-85.04878049,41,0,"two-contract post-signal scalp: one contract exits at first target, one runner uses selected stop mode and runner target"
1,signal_scaled_scalp:strategy=delta_impulse_continue_10bar_2.5pt_50d:direction=short:first_target_points=1:stop_points=5:runner_target_points=10:runner_stop_mode=initial,delta_impulse_continue_10bar_2.5pt_50d,short,1,5,10,initial,78,37,37,16,20,8,11,2,0,9,0.24324324,-5450,-7559,-204.2972973,0,37,"two-contract post-signal scalp: one contract exits at first target, one runner uses selected stop mode and runner target"
1,signal_scaled_scalp:strategy=delta_impulse_continue_10bar_2.5pt_50d:direction=all:first_target_points=1:stop_points=5:runner_target_points=15:runner_stop_mode=breakeven,delta_impulse_continue_10bar_2.5pt_50d,all,1,5,15,breakeven,78,78,78,30,47,0,47,1,0,0,0,-12650,-17096,-219.17948718,41,37,"two-contract post-signal scalp: one contract exits at first target, one runner uses selected stop mode and runner target"
1,signal_scaled_scalp:strategy=delta_impulse_continue_10bar_2.5pt_50d:direction=long:first_target_points=1:stop_points=5:runner_target_points=15:runner_stop_mode=breakeven,delta_impulse_continue_10bar_2.5pt_50d,long,1,5,15,breakeven,78,41,41,14,27,0,27,0,0,0,0,-5650,-7987,-194.80487805,41,0,"two-contract post-signal scalp: one contract exits at first target, one runner uses selected stop mode and runner target"
1,signal_scaled_scalp:strategy=delta_impulse_continue_10bar_2.5pt_50d:direction=short:first_target_points=1:stop_points=5:runner_target_points=15:runner_stop_mode=breakeven,delta_impulse_continue_10bar_2.5pt_50d,short,1,5,15,breakeven,78,37,37,16,20,0,20,1,0,0,0,-7000,-9109,-246.18918919,0,37,"two-contract post-signal scalp: one contract exits at first target, one runner uses selected stop mode and runner target"
1,signal_scaled_scalp:strategy=delta_impulse_continue_10bar_2.5pt_50d:direction=all:first_target_points=1:stop_points=5:runner_target_points=15:runner_stop_mode=initial,delta_impulse_continue_10bar_2.5pt_50d,all,1,5,15,initial,78,78,78,30,47,16,29,3,0,17,0.21794872,-7712.5,-12158.5,-155.87820513,41,37,"two-contract post-signal scalp: one contract exits at first target, one runner uses selected stop mode and runner target"
1,signal_scaled_scalp:strategy=delta_impulse_continue_10bar_2.5pt_50d:direction=long:first_target_points=1:stop_points=5:runner_target_points=15:runner_stop_mode=initial,delta_impulse_continue_10bar_2.5pt_50d,long,1,5,15,initial,78,41,41,14,27,10,16,1,0,10,0.24390244,-2262.5,-4599.5,-112.18292683,41,0,"two-contract post-signal scalp: one contract exits at first target, one runner uses selected stop mode and runner target"
1,signal_scaled_scalp:strategy=delta_impulse_continue_10bar_2.5pt_50d:direction=short:first_target_points=1:stop_points=5:runner_target_points=15:runner_stop_mode=initial,delta_impulse_continue_10bar_2.5pt_50d,short,1,5,15,initial,78,37,37,16,20,6,13,2,0,7,0.18918919,-5450,-7559,-204.2972973,0,37,"two-contract post-signal scalp: one contract exits at first target, one runner uses selected stop mode and runner target"
1,signal_scaled_scalp:strategy=delta_impulse_continue_10bar_2.5pt_50d:direction=all:first_target_points=1:stop_points=6:runner_target_points=2:runner_stop_mode=breakeven,delta_impulse_continue_10bar_2.5pt_50d,all,1,6,2,breakeven,78,78,78,25,52,0,52,1,0,0,0,-12400,-16846,-215.97435897,41,37,"two-contract post-signal scalp: one contract exits at first target, one runner uses selected stop mode and runner target"
1,signal_scaled_scalp:strategy=delta_impulse_continue_10bar_2.5pt_50d:direction=long:first_target_points=1:stop_points=6:runner_target_points=2:runner_stop_mode=breakeven,delta_impulse_continue_10bar_2.5pt_50d,long,1,6,2,breakeven,78,41,41,13,28,0,28,0,0,0,0,-6400,-8737,-213.09756098,41,0,"two-contract post-signal scalp: one contract exits at first target, one runner uses selected stop mode and runner target"
1,signal_scaled_scalp:strategy=delta_impulse_continue_10bar_2.5pt_50d:direction=short:first_target_points=1:stop_points=6:runner_target_points=2:runner_stop_mode=breakeven,delta_impulse_continue_10bar_2.5pt_50d,short,1,6,2,breakeven,78,37,37,12,24,0,24,1,0,0,0,-6000,-8109,-219.16216216,0,37,"two-contract post-signal scalp: one contract exits at first target, one runner uses selected stop mode and runner target"
1,signal_scaled_scalp:strategy=delta_impulse_continue_10bar_2.5pt_50d:direction=all:first_target_points=1:stop_points=6:runner_target_points=2:runner_stop_mode=initial,delta_impulse_continue_10bar_2.5pt_50d,all,1,6,2,initial,78,78,78,25,52,49,3,1,0,49,0.62820513,-8400,-12846,-164.69230769,41,37,"two-contract post-signal scalp: one contract exits at first target, one runner uses selected stop mode and runner target"
1,signal_scaled_scalp:strategy=delta_impulse_continue_10bar_2.5pt_50d:direction=long:first_target_points=1:stop_points=6:runner_target_points=2:runner_stop_mode=initial,delta_impulse_continue_10bar_2.5pt_50d,long,1,6,2,initial,78,41,41,13,28,27,1,0,0,27,0.65853659,-4000,-6337,-154.56097561,41,0,"two-contract post-signal scalp: one contract exits at first target, one runner uses selected stop mode and runner target"
1,signal_scaled_scalp:strategy=delta_impulse_continue_10bar_2.5pt_50d:direction=short:first_target_points=1:stop_points=6:runner_target_points=2:runner_stop_mode=initial,delta_impulse_continue_10bar_2.5pt_50d,short,1,6,2,initial,78,37,37,12,24,22,2,1,0,22,0.59459459,-4400,-6509,-175.91891892,0,37,"two-contract post-signal scalp: one contract exits at first target, one runner uses selected stop mode and runner target"
1,signal_scaled_scalp:strategy=delta_impulse_continue_10bar_2.5pt_50d:direction=all:first_target_points=1:stop_points=6:runner_target_points=3:runner_stop_mode=breakeven,delta_impulse_continue_10bar_2.5pt_50d,all,1,6,3,breakeven,78,78,78,25,52,0,52,1,0,0,0,-12400,-16846,-215.97435897,41,37,"two-contract post-signal scalp: one contract exits at first target, one runner uses selected stop mode and runner target"
1,signal_scaled_scalp:strategy=delta_impulse_continue_10bar_2.5pt_50d:direction=long:first_target_points=1:stop_points=6:runner_target_points=3:runner_stop_mode=breakeven,delta_impulse_continue_10bar_2.5pt_50d,long,1,6,3,breakeven,78,41,41,13,28,0,28,0,0,0,0,-6400,-8737,-213.09756098,41,0,"two-contract post-signal scalp: one contract exits at first target, one runner uses selected stop mode and runner target"
1,signal_scaled_scalp:strategy=delta_impulse_continue_10bar_2.5pt_50d:direction=short:first_target_points=1:stop_points=6:runner_target_points=3:runner_stop_mode=breakeven,delta_impulse_continue_10bar_2.5pt_50d,short,1,6,3,breakeven,78,37,37,12,24,0,24,1,0,0,0,-6000,-8109,-219.16216216,0,37,"two-contract post-signal scalp: one contract exits at first target, one runner uses selected stop mode and runner target"
1,signal_scaled_scalp:strategy=delta_impulse_continue_10bar_2.5pt_50d:direction=all:first_target_points=1:stop_points=6:runner_target_points=3:runner_stop_mode=initial,delta_impulse_continue_10bar_2.5pt_50d,all,1,6,3,initial,78,78,78,25,52,45,7,1,0,45,0.57692308,-7750,-12196,-156.35897436,41,37,"two-contract post-signal scalp: one contract exits at first target, one runner uses selected stop mode and runner target"
1,signal_scaled_scalp:strategy=delta_impulse_continue_10bar_2.5pt_50d:direction=long:first_target_points=1:stop_points=6:runner_target_points=3:runner_stop_mode=initial,delta_impulse_continue_10bar_2.5pt_50d,long,1,6,3,initial,78,41,41,13,28,26,2,0,0,26,0.63414634,-3100,-5437,-132.6097561,41,0,"two-contract post-signal scalp: one contract exits at first target, one runner uses selected stop mode and runner target"
1,signal_scaled_scalp:strategy=delta_impulse_continue_10bar_2.5pt_50d:direction=short:first_target_points=1:stop_points=6:runner_target_points=3:runner_stop_mode=initial,delta_impulse_continue_10bar_2.5pt_50d,short,1,6,3,initial,78,37,37,12,24,19,5,1,0,19,0.51351351,-4650,-6759,-182.67567568,0,37,"two-contract post-signal scalp: one contract exits at first target, one runner uses selected stop mode and runner target"
1,signal_scaled_scalp:strategy=delta_impulse_continue_10bar_2.5pt_50d:direction=all:first_target_points=1:stop_points=6:runner_target_points=5:runner_stop_mode=breakeven,delta_impulse_continue_10bar_2.5pt_50d,all,1,6,5,breakeven,78,78,78,25,52,0,52,1,0,0,0,-12400,-16846,-215.97435897,41,37,"two-contract post-signal scalp: one contract exits at first target, one runner uses selected stop mode and runner target"
1,signal_scaled_scalp:strategy=delta_impulse_continue_10bar_2.5pt_50d:direction=long:first_target_points=1:stop_points=6:runner_target_points=5:runner_stop_mode=breakeven,delta_impulse_continue_10bar_2.5pt_50d,long,1,6,5,breakeven,78,41,41,13,28,0,28,0,0,0,0,-6400,-8737,-213.09756098,41,0,"two-contract post-signal scalp: one contract exits at first target, one runner uses selected stop mode and runner target"
1,signal_scaled_scalp:strategy=delta_impulse_continue_10bar_2.5pt_50d:direction=short:first_target_points=1:stop_points=6:runner_target_points=5:runner_stop_mode=breakeven,delta_impulse_continue_10bar_2.5pt_50d,short,1,6,5,breakeven,78,37,37,12,24,0,24,1,0,0,0,-6000,-8109,-219.16216216,0,37,"two-contract post-signal scalp: one contract exits at first target, one runner uses selected stop mode and runner target"
1,signal_scaled_scalp:strategy=delta_impulse_continue_10bar_2.5pt_50d:direction=all:first_target_points=1:stop_points=6:runner_target_points=5:runner_stop_mode=initial,delta_impulse_continue_10bar_2.5pt_50d,all,1,6,5,initial,78,78,78,25,52,38,14,1,0,38,0.48717949,-7100,-11546,-148.02564103,41,37,"two-contract post-signal scalp: one contract exits at first target, one runner uses selected stop mode and runner target"
1,signal_scaled_scalp:strategy=delta_impulse_continue_10bar_2.5pt_50d:direction=long:first_target_points=1:stop_points=6:runner_target_points=5:runner_stop_mode=initial,delta_impulse_continue_10bar_2.5pt_50d,long,1,6,5,initial,78,41,41,13,28,24,4,0,0,24,0.58536585,-1600,-3937,-96.02439024,41,0,"two-contract post-signal scalp: one contract exits at first target, one runner uses selected stop mode and runner target"
1,signal_scaled_scalp:strategy=delta_impulse_continue_10bar_2.5pt_50d:direction=short:first_target_points=1:stop_points=6:runner_target_points=5:runner_stop_mode=initial,delta_impulse_continue_10bar_2.5pt_50d,short,1,6,5,initial,78,37,37,12,24,14,10,1,0,14,0.37837838,-5500,-7609,-205.64864865,0,37,"two-contract post-signal scalp: one contract exits at first target, one runner uses selected stop mode and runner target"
1,signal_scaled_scalp:strategy=delta_impulse_continue_10bar_2.5pt_50d:direction=all:first_target_points=1:stop_points=6:runner_target_points=8:runner_stop_mode=breakeven,delta_impulse_continue_10bar_2.5pt_50d,all,1,6,8,breakeven,78,78,78,25,52,0,52,1,0,0,0,-12400,-16846,-215.97435897,41,37,"two-contract post-signal scalp: one contract exits at first target, one runner uses selected stop mode and runner target"
1,signal_scaled_scalp:strategy=delta_impulse_continue_10bar_2.5pt_50d:direction=long:first_target_points=1:stop_points=6:runner_target_points=8:runner_stop_mode=breakeven,delta_impulse_continue_10bar_2.5pt_50d,long,1,6,8,breakeven,78,41,41,13,28,0,28,0,0,0,0,-6400,-8737,-213.09756098,41,0,"two-contract post-signal scalp: one contract exits at first target, one runner uses selected stop mode and runner target"
1,signal_scaled_scalp:strategy=delta_impulse_continue_10bar_2.5pt_50d:direction=short:first_target_points=1:stop_points=6:runner_target_points=8:runner_stop_mode=breakeven,delta_impulse_continue_10bar_2.5pt_50d,short,1,6,8,breakeven,78,37,37,12,24,0,24,1,0,0,0,-6000,-8109,-219.16216216,0,37,"two-contract post-signal scalp: one contract exits at first target, one runner uses selected stop mode and runner target"
1,signal_scaled_scalp:strategy=delta_impulse_continue_10bar_2.5pt_50d:direction=all:first_target_points=1:stop_points=6:runner_target_points=8:runner_stop_mode=initial,delta_impulse_continue_10bar_2.5pt_50d,all,1,6,8,initial,78,78,78,25,52,33,19,1,0,33,0.42307692,-4900,-9346,-119.82051282,41,37,"two-contract post-signal scalp: one contract exits at first target, one runner uses selected stop mode and runner target"
1,signal_scaled_scalp:strategy=delta_impulse_continue_10bar_2.5pt_50d:direction=long:first_target_points=1:stop_points=6:runner_target_points=8:runner_stop_mode=initial,delta_impulse_continue_10bar_2.5pt_50d,long,1,6,8,initial,78,41,41,13,28,22,6,0,0,22,0.53658537,600,-1737,-42.36585366,41,0,"two-contract post-signal scalp: one contract exits at first target, one runner uses selected stop mode and runner target"
1,signal_scaled_scalp:strategy=delta_impulse_continue_10bar_2.5pt_50d:direction=short:first_target_points=1:stop_points=6:runner_target_points=8:runner_stop_mode=initial,delta_impulse_continue_10bar_2.5pt_50d,short,1,6,8,initial,78,37,37,12,24,11,13,1,0,11,0.2972973,-5500,-7609,-205.64864865,0,37,"two-contract post-signal scalp: one contract exits at first target, one runner uses selected stop mode and runner target"
1,signal_scaled_scalp:strategy=delta_impulse_continue_10bar_2.5pt_50d:direction=all:first_target_points=1:stop_points=6:runner_target_points=10:runner_stop_mode=breakeven,delta_impulse_continue_10bar_2.5pt_50d,all,1,6,10,breakeven,78,78,78,25,52,0,52,1,0,0,0,-12400,-16846,-215.97435897,41,37,"two-contract post-signal scalp: one contract exits at first target, one runner uses selected stop mode and runner target"
1,signal_scaled_scalp:strategy=delta_impulse_continue_10bar_2.5pt_50d:direction=long:first_target_points=1:stop_points=6:runner_target_points=10:runner_stop_mode=breakeven,delta_impulse_continue_10bar_2.5pt_50d,long,1,6,10,breakeven,78,41,41,13,28,0,28,0,0,0,0,-6400,-8737,-213.09756098,41,0,"two-contract post-signal scalp: one contract exits at first target, one runner uses selected stop mode and runner target"
1,signal_scaled_scalp:strategy=delta_impulse_continue_10bar_2.5pt_50d:direction=short:first_target_points=1:stop_points=6:runner_target_points=10:runner_stop_mode=breakeven,delta_impulse_continue_10bar_2.5pt_50d,short,1,6,10,breakeven,78,37,37,12,24,0,24,1,0,0,0,-6000,-8109,-219.16216216,0,37,"two-contract post-signal scalp: one contract exits at first target, one runner uses selected stop mode and runner target"
1,signal_scaled_scalp:strategy=delta_impulse_continue_10bar_2.5pt_50d:direction=all:first_target_points=1:stop_points=6:runner_target_points=10:runner_stop_mode=initial,delta_impulse_continue_10bar_2.5pt_50d,all,1,6,10,initial,78,78,78,25,52,26,25,2,0,27,0.34615385,-6600,-11046,-141.61538462,41,37,"two-contract post-signal scalp: one contract exits at first target, one runner uses selected stop mode and runner target"
1,signal_scaled_scalp:strategy=delta_impulse_continue_10bar_2.5pt_50d:direction=long:first_target_points=1:stop_points=6:runner_target_points=10:runner_stop_mode=initial,delta_impulse_continue_10bar_2.5pt_50d,long,1,6,10,initial,78,41,41,13,28,17,11,0,0,17,0.41463415,-1200,-3537,-86.26829268,41,0,"two-contract post-signal scalp: one contract exits at first target, one runner uses selected stop mode and runner target"
1,signal_scaled_scalp:strategy=delta_impulse_continue_10bar_2.5pt_50d:direction=short:first_target_points=1:stop_points=6:runner_target_points=10:runner_stop_mode=initial,delta_impulse_continue_10bar_2.5pt_50d,short,1,6,10,initial,78,37,37,12,24,9,14,2,0,10,0.27027027,-5400,-7509,-202.94594595,0,37,"two-contract post-signal scalp: one contract exits at first target, one runner uses selected stop mode and runner target"
1,signal_scaled_scalp:strategy=delta_impulse_continue_10bar_2.5pt_50d:direction=all:first_target_points=1:stop_points=6:runner_target_points=15:runner_stop_mode=breakeven,delta_impulse_continue_10bar_2.5pt_50d,all,1,6,15,breakeven,78,78,78,25,52,0,52,1,0,0,0,-12400,-16846,-215.97435897,41,37,"two-contract post-signal scalp: one contract exits at first target, one runner uses selected stop mode and runner target"
1,signal_scaled_scalp:strategy=delta_impulse_continue_10bar_2.5pt_50d:direction=long:first_target_points=1:stop_points=6:runner_target_points=15:runner_stop_mode=breakeven,delta_impulse_continue_10bar_2.5pt_50d,long,1,6,15,breakeven,78,41,41,13,28,0,28,0,0,0,0,-6400,-8737,-213.09756098,41,0,"two-contract post-signal scalp: one contract exits at first target, one runner uses selected stop mode and runner target"
1,signal_scaled_scalp:strategy=delta_impulse_continue_10bar_2.5pt_50d:direction=short:first_target_points=1:stop_points=6:runner_target_points=15:runner_stop_mode=breakeven,delta_impulse_continue_10bar_2.5pt_50d,short,1,6,15,breakeven,78,37,37,12,24,0,24,1,0,0,0,-6000,-8109,-219.16216216,0,37,"two-contract post-signal scalp: one contract exits at first target, one runner uses selected stop mode and runner target"
1,signal_scaled_scalp:strategy=delta_impulse_continue_10bar_2.5pt_50d:direction=all:first_target_points=1:stop_points=6:runner_target_points=15:runner_stop_mode=initial,delta_impulse_continue_10bar_2.5pt_50d,all,1,6,15,initial,78,78,78,25,52,19,31,3,0,20,0.25641026,-7262.5,-11708.5,-150.10897436,41,37,"two-contract post-signal scalp: one contract exits at first target, one runner uses selected stop mode and runner target"
1,signal_scaled_scalp:strategy=delta_impulse_continue_10bar_2.5pt_50d:direction=long:first_target_points=1:stop_points=6:runner_target_points=15:runner_stop_mode=initial,delta_impulse_continue_10bar_2.5pt_50d,long,1,6,15,initial,78,41,41,13,28,11,16,1,0,11,0.26829268,-3062.5,-5399.5,-131.69512195,41,0,"two-contract post-signal scalp: one contract exits at first target, one runner uses selected stop mode and runner target"
1,signal_scaled_scalp:strategy=delta_impulse_continue_10bar_2.5pt_50d:direction=short:first_target_points=1:stop_points=6:runner_target_points=15:runner_stop_mode=initial,delta_impulse_continue_10bar_2.5pt_50d,short,1,6,15,initial,78,37,37,12,24,8,15,2,0,9,0.24324324,-4200,-6309,-170.51351351,0,37,"two-contract post-signal scalp: one contract exits at first target, one runner uses selected stop mode and runner target"
1,signal_scaled_scalp:strategy=delta_impulse_continue_10bar_2.5pt_50d:direction=all:first_target_points=1:stop_points=8:runner_target_points=2:runner_stop_mode=breakeven,delta_impulse_continue_10bar_2.5pt_50d,all,1,8,2,breakeven,78,78,78,16,61,0,61,1,0,0,0,-9750,-14196,-182,41,37,"two-contract post-signal scalp: one contract exits at first target, one runner uses selected stop mode and runner target"
1,signal_scaled_scalp:strategy=delta_impulse_continue_10bar_2.5pt_50d:direction=long:first_target_points=1:stop_points=8:runner_target_points=2:runner_stop_mode=breakeven,delta_impulse_continue_10bar_2.5pt_50d,long,1,8,2,breakeven,78,41,41,7,34,0,34,0,0,0,0,-3900,-6237,-152.12195122,41,0,"two-contract post-signal scalp: one contract exits at first target, one runner uses selected stop mode and runner target"
1,signal_scaled_scalp:strategy=delta_impulse_continue_10bar_2.5pt_50d:direction=short:first_target_points=1:stop_points=8:runner_target_points=2:runner_stop_mode=breakeven,delta_impulse_continue_10bar_2.5pt_50d,short,1,8,2,breakeven,78,37,37,9,27,0,27,1,0,0,0,-5850,-7959,-215.10810811,0,37,"two-contract post-signal scalp: one contract exits at first target, one runner uses selected stop mode and runner target"
1,signal_scaled_scalp:strategy=delta_impulse_continue_10bar_2.5pt_50d:direction=all:first_target_points=1:stop_points=8:runner_target_points=2:runner_stop_mode=initial,delta_impulse_continue_10bar_2.5pt_50d,all,1,8,2,initial,78,78,78,16,61,59,2,1,0,59,0.75641026,-4650,-9096,-116.61538462,41,37,"two-contract post-signal scalp: one contract exits at first target, one runner uses selected stop mode and runner target"
1,signal_scaled_scalp:strategy=delta_impulse_continue_10bar_2.5pt_50d:direction=long:first_target_points=1:stop_points=8:runner_target_points=2:runner_stop_mode=initial,delta_impulse_continue_10bar_2.5pt_50d,long,1,8,2,initial,78,41,41,7,34,33,1,0,0,33,0.80487805,-1000,-3337,-81.3902439,41,0,"two-contract post-signal scalp: one contract exits at first target, one runner uses selected stop mode and runner target"
1,signal_scaled_scalp:strategy=delta_impulse_continue_10bar_2.5pt_50d:direction=short:first_target_points=1:stop_points=8:runner_target_points=2:runner_stop_mode=initial,delta_impulse_continue_10bar_2.5pt_50d,short,1,8,2,initial,78,37,37,9,27,26,1,1,0,26,0.7027027,-3650,-5759,-155.64864865,0,37,"two-contract post-signal scalp: one contract exits at first target, one runner uses selected stop mode and runner target"
1,signal_scaled_scalp:strategy=delta_impulse_continue_10bar_2.5pt_50d:direction=all:first_target_points=1:stop_points=8:runner_target_points=3:runner_stop_mode=breakeven,delta_impulse_continue_10bar_2.5pt_50d,all,1,8,3,breakeven,78,78,78,16,61,0,61,1,0,0,0,-9750,-14196,-182,41,37,"two-contract post-signal scalp: one contract exits at first target, one runner uses selected stop mode and runner target"
1,signal_scaled_scalp:strategy=delta_impulse_continue_10bar_2.5pt_50d:direction=long:first_target_points=1:stop_points=8:runner_target_points=3:runner_stop_mode=breakeven,delta_impulse_continue_10bar_2.5pt_50d,long,1,8,3,breakeven,78,41,41,7,34,0,34,0,0,0,0,-3900,-6237,-152.12195122,41,0,"two-contract post-signal scalp: one contract exits at first target, one runner uses selected stop mode and runner target"
1,signal_scaled_scalp:strategy=delta_impulse_continue_10bar_2.5pt_50d:direction=short:first_target_points=1:stop_points=8:runner_target_points=3:runner_stop_mode=breakeven,delta_impulse_continue_10bar_2.5pt_50d,short,1,8,3,breakeven,78,37,37,9,27,0,27,1,0,0,0,-5850,-7959,-215.10810811,0,37,"two-contract post-signal scalp: one contract exits at first target, one runner uses selected stop mode and runner target"
1,signal_scaled_scalp:strategy=delta_impulse_continue_10bar_2.5pt_50d:direction=all:first_target_points=1:stop_points=8:runner_target_points=3:runner_stop_mode=initial,delta_impulse_continue_10bar_2.5pt_50d,all,1,8,3,initial,78,78,78,16,61,56,5,1,0,56,0.71794872,-3350,-7796,-99.94871795,41,37,"two-contract post-signal scalp: one contract exits at first target, one runner uses selected stop mode and runner target"
1,signal_scaled_scalp:strategy=delta_impulse_continue_10bar_2.5pt_50d:direction=long:first_target_points=1:stop_points=8:runner_target_points=3:runner_stop_mode=initial,delta_impulse_continue_10bar_2.5pt_50d,long,1,8,3,initial,78,41,41,7,34,32,2,0,0,32,0.7804878,100,-2237,-54.56097561,41,0,"two-contract post-signal scalp: one contract exits at first target, one runner uses selected stop mode and runner target"
1,signal_scaled_scalp:strategy=delta_impulse_continue_10bar_2.5pt_50d:direction=short:first_target_points=1:stop_points=8:runner_target_points=3:runner_stop_mode=initial,delta_impulse_continue_10bar_2.5pt_50d,short,1,8,3,initial,78,37,37,9,27,24,3,1,0,24,0.64864865,-3450,-5559,-150.24324324,0,37,"two-contract post-signal scalp: one contract exits at first target, one runner uses selected stop mode and runner target"
1,signal_scaled_scalp:strategy=delta_impulse_continue_10bar_2.5pt_50d:direction=all:first_target_points=1:stop_points=8:runner_target_points=5:runner_stop_mode=breakeven,delta_impulse_continue_10bar_2.5pt_50d,all,1,8,5,breakeven,78,78,78,16,61,0,61,1,0,0,0,-9750,-14196,-182,41,37,"two-contract post-signal scalp: one contract exits at first target, one runner uses selected stop mode and runner target"
1,signal_scaled_scalp:strategy=delta_impulse_continue_10bar_2.5pt_50d:direction=long:first_target_points=1:stop_points=8:runner_target_points=5:runner_stop_mode=breakeven,delta_impulse_continue_10bar_2.5pt_50d,long,1,8,5,breakeven,78,41,41,7,34,0,34,0,0,0,0,-3900,-6237,-152.12195122,41,0,"two-contract post-signal scalp: one contract exits at first target, one runner uses selected stop mode and runner target"
1,signal_scaled_scalp:strategy=delta_impulse_continue_10bar_2.5pt_50d:direction=short:first_target_points=1:stop_points=8:runner_target_points=5:runner_stop_mode=breakeven,delta_impulse_continue_10bar_2.5pt_50d,short,1,8,5,breakeven,78,37,37,9,27,0,27,1,0,0,0,-5850,-7959,-215.10810811,0,37,"two-contract post-signal scalp: one contract exits at first target, one runner uses selected stop mode and runner target"
1,signal_scaled_scalp:strategy=delta_impulse_continue_10bar_2.5pt_50d:direction=all:first_target_points=1:stop_points=8:runner_target_points=5:runner_stop_mode=initial,delta_impulse_continue_10bar_2.5pt_50d,all,1,8,5,initial,78,78,78,16,61,50,11,1,0,50,0.64102564,-1650,-6096,-78.15384615,41,37,"two-contract post-signal scalp: one contract exits at first target, one runner uses selected stop mode and runner target"
1,signal_scaled_scalp:strategy=delta_impulse_continue_10bar_2.5pt_50d:direction=long:first_target_points=1:stop_points=8:runner_target_points=5:runner_stop_mode=initial,delta_impulse_continue_10bar_2.5pt_50d,long,1,8,5,initial,78,41,41,7,34,30,4,0,0,30,0.73170732,2000,-337,-8.2195122,41,0,"two-contract post-signal scalp: one contract exits at first target, one runner uses selected stop mode and runner target"
1,signal_scaled_scalp:strategy=delta_impulse_continue_10bar_2.5pt_50d:direction=short:first_target_points=1:stop_points=8:runner_target_points=5:runner_stop_mode=initial,delta_impulse_continue_10bar_2.5pt_50d,short,1,8,5,initial,78,37,37,9,27,20,7,1,0,20,0.54054054,-3650,-5759,-155.64864865,0,37,"two-contract post-signal scalp: one contract exits at first target, one runner uses selected stop mode and runner target"
1,signal_scaled_scalp:strategy=delta_impulse_continue_10bar_2.5pt_50d:direction=all:first_target_points=1:stop_points=8:runner_target_points=8:runner_stop_mode=breakeven,delta_impulse_continue_10bar_2.5pt_50d,all,1,8,8,breakeven,78,78,78,16,61,0,61,1,0,0,0,-9750,-14196,-182,41,37,"two-contract post-signal scalp: one contract exits at first target, one runner uses selected stop mode and runner target"
1,signal_scaled_scalp:strategy=delta_impulse_continue_10bar_2.5pt_50d:direction=long:first_target_points=1:stop_points=8:runner_target_points=8:runner_stop_mode=breakeven,delta_impulse_continue_10bar_2.5pt_50d,long,1,8,8,breakeven,78,41,41,7,34,0,34,0,0,0,0,-3900,-6237,-152.12195122,41,0,"two-contract post-signal scalp: one contract exits at first target, one runner uses selected stop mode and runner target"
1,signal_scaled_scalp:strategy=delta_impulse_continue_10bar_2.5pt_50d:direction=short:first_target_points=1:stop_points=8:runner_target_points=8:runner_stop_mode=breakeven,delta_impulse_continue_10bar_2.5pt_50d,short,1,8,8,breakeven,78,37,37,9,27,0,27,1,0,0,0,-5850,-7959,-215.10810811,0,37,"two-contract post-signal scalp: one contract exits at first target, one runner uses selected stop mode and runner target"
1,signal_scaled_scalp:strategy=delta_impulse_continue_10bar_2.5pt_50d:direction=all:first_target_points=1:stop_points=8:runner_target_points=8:runner_stop_mode=initial,delta_impulse_continue_10bar_2.5pt_50d,all,1,8,8,initial,78,78,78,16,61,42,19,1,0,42,0.53846154,-550,-4996,-64.05128205,41,37,"two-contract post-signal scalp: one contract exits at first target, one runner uses selected stop mode and runner target"
1,signal_scaled_scalp:strategy=delta_impulse_continue_10bar_2.5pt_50d:direction=long:first_target_points=1:stop_points=8:runner_target_points=8:runner_stop_mode=initial,delta_impulse_continue_10bar_2.5pt_50d,long,1,8,8,initial,78,41,41,7,34,26,8,0,0,26,0.63414634,3300,963,23.48780488,41,0,"two-contract post-signal scalp: one contract exits at first target, one runner uses selected stop mode and runner target"
1,signal_scaled_scalp:strategy=delta_impulse_continue_10bar_2.5pt_50d:direction=short:first_target_points=1:stop_points=8:runner_target_points=8:runner_stop_mode=initial,delta_impulse_continue_10bar_2.5pt_50d,short,1,8,8,initial,78,37,37,9,27,16,11,1,0,16,0.43243243,-3850,-5959,-161.05405405,0,37,"two-contract post-signal scalp: one contract exits at first target, one runner uses selected stop mode and runner target"
1,signal_scaled_scalp:strategy=delta_impulse_continue_10bar_2.5pt_50d:direction=all:first_target_points=1:stop_points=8:runner_target_points=10:runner_stop_mode=breakeven,delta_impulse_continue_10bar_2.5pt_50d,all,1,8,10,breakeven,78,78,78,16,61,0,61,1,0,0,0,-9750,-14196,-182,41,37,"two-contract post-signal scalp: one contract exits at first target, one runner uses selected stop mode and runner target"
1,signal_scaled_scalp:strategy=delta_impulse_continue_10bar_2.5pt_50d:direction=long:first_target_points=1:stop_points=8:runner_target_points=10:runner_stop_mode=breakeven,delta_impulse_continue_10bar_2.5pt_50d,long,1,8,10,breakeven,78,41,41,7,34,0,34,0,0,0,0,-3900,-6237,-152.12195122,41,0,"two-contract post-signal scalp: one contract exits at first target, one runner uses selected stop mode and runner target"
1,signal_scaled_scalp:strategy=delta_impulse_continue_10bar_2.5pt_50d:direction=short:first_target_points=1:stop_points=8:runner_target_points=10:runner_stop_mode=breakeven,delta_impulse_continue_10bar_2.5pt_50d,short,1,8,10,breakeven,78,37,37,9,27,0,27,1,0,0,0,-5850,-7959,-215.10810811,0,37,"two-contract post-signal scalp: one contract exits at first target, one runner uses selected stop mode and runner target"
1,signal_scaled_scalp:strategy=delta_impulse_continue_10bar_2.5pt_50d:direction=all:first_target_points=1:stop_points=8:runner_target_points=10:runner_stop_mode=initial,delta_impulse_continue_10bar_2.5pt_50d,all,1,8,10,initial,78,78,78,16,61,34,26,2,0,35,0.44871795,-2850,-7296,-93.53846154,41,37,"two-contract post-signal scalp: one contract exits at first target, one runner uses selected stop mode and runner target"
1,signal_scaled_scalp:strategy=delta_impulse_continue_10bar_2.5pt_50d:direction=long:first_target_points=1:stop_points=8:runner_target_points=10:runner_stop_mode=initial,delta_impulse_continue_10bar_2.5pt_50d,long,1,8,10,initial,78,41,41,7,34,21,13,0,0,21,0.51219512,1400,-937,-22.85365854,41,0,"two-contract post-signal scalp: one contract exits at first target, one runner uses selected stop mode and runner target"
1,signal_scaled_scalp:strategy=delta_impulse_continue_10bar_2.5pt_50d:direction=short:first_target_points=1:stop_points=8:runner_target_points=10:runner_stop_mode=initial,delta_impulse_continue_10bar_2.5pt_50d,short,1,8,10,initial,78,37,37,9,27,13,13,2,0,14,0.37837838,-4250,-6359,-171.86486486,0,37,"two-contract post-signal scalp: one contract exits at first target, one runner uses selected stop mode and runner target"
1,signal_scaled_scalp:strategy=delta_impulse_continue_10bar_2.5pt_50d:direction=all:first_target_points=1:stop_points=8:runner_target_points=15:runner_stop_mode=breakeven,delta_impulse_continue_10bar_2.5pt_50d,all,1,8,15,breakeven,78,78,78,16,61,0,61,1,0,0,0,-9750,-14196,-182,41,37,"two-contract post-signal scalp: one contract exits at first target, one runner uses selected stop mode and runner target"
1,signal_scaled_scalp:strategy=delta_impulse_continue_10bar_2.5pt_50d:direction=long:first_target_points=1:stop_points=8:runner_target_points=15:runner_stop_mode=breakeven,delta_impulse_continue_10bar_2.5pt_50d,long,1,8,15,breakeven,78,41,41,7,34,0,34,0,0,0,0,-3900,-6237,-152.12195122,41,0,"two-contract post-signal scalp: one contract exits at first target, one runner uses selected stop mode and runner target"
1,signal_scaled_scalp:strategy=delta_impulse_continue_10bar_2.5pt_50d:direction=short:first_target_points=1:stop_points=8:runner_target_points=15:runner_stop_mode=breakeven,delta_impulse_continue_10bar_2.5pt_50d,short,1,8,15,breakeven,78,37,37,9,27,0,27,1,0,0,0,-5850,-7959,-215.10810811,0,37,"two-contract post-signal scalp: one contract exits at first target, one runner uses selected stop mode and runner target"
1,signal_scaled_scalp:strategy=delta_impulse_continue_10bar_2.5pt_50d:direction=all:first_target_points=1:stop_points=8:runner_target_points=15:runner_stop_mode=initial,delta_impulse_continue_10bar_2.5pt_50d,all,1,8,15,initial,78,78,78,16,61,24,35,3,0,25,0.32051282,-5562.5,-10008.5,-128.31410256,41,37,"two-contract post-signal scalp: one contract exits at first target, one runner uses selected stop mode and runner target"
1,signal_scaled_scalp:strategy=delta_impulse_continue_10bar_2.5pt_50d:direction=long:first_target_points=1:stop_points=8:runner_target_points=15:runner_stop_mode=initial,delta_impulse_continue_10bar_2.5pt_50d,long,1,8,15,initial,78,41,41,7,34,12,21,1,0,12,0.29268293,-3412.5,-5749.5,-140.23170732,41,0,"two-contract post-signal scalp: one contract exits at first target, one runner uses selected stop mode and runner target"
1,signal_scaled_scalp:strategy=delta_impulse_continue_10bar_2.5pt_50d:direction=short:first_target_points=1:stop_points=8:runner_target_points=15:runner_stop_mode=initial,delta_impulse_continue_10bar_2.5pt_50d,short,1,8,15,initial,78,37,37,9,27,12,14,2,0,13,0.35135135,-2150,-4259,-115.10810811,0,37,"two-contract post-signal scalp: one contract exits at first target, one runner uses selected stop mode and runner target"
1,signal_scaled_scalp:strategy=delta_impulse_continue_10bar_2.5pt_50d:direction=all:first_target_points=1:stop_points=10:runner_target_points=2:runner_stop_mode=breakeven,delta_impulse_continue_10bar_2.5pt_50d,all,1,10,2,breakeven,78,78,78,11,66,0,66,1,0,0,0,-7700,-12146,-155.71794872,41,37,"two-contract post-signal scalp: one contract exits at first target, one runner uses selected stop mode and runner target"
1,signal_scaled_scalp:strategy=delta_impulse_continue_10bar_2.5pt_50d:direction=long:first_target_points=1:stop_points=10:runner_target_points=2:runner_stop_mode=breakeven,delta_impulse_continue_10bar_2.5pt_50d,long,1,10,2,breakeven,78,41,41,6,35,0,35,0,0,0,0,-4250,-6587,-160.65853659,41,0,"two-contract post-signal scalp: one contract exits at first target, one runner uses selected stop mode and runner target"
1,signal_scaled_scalp:strategy=delta_impulse_continue_10bar_2.5pt_50d:direction=short:first_target_points=1:stop_points=10:runner_target_points=2:runner_stop_mode=breakeven,delta_impulse_continue_10bar_2.5pt_50d,short,1,10,2,breakeven,78,37,37,5,31,0,31,1,0,0,0,-3450,-5559,-150.24324324,0,37,"two-contract post-signal scalp: one contract exits at first target, one runner uses selected stop mode and runner target"
1,signal_scaled_scalp:strategy=delta_impulse_continue_10bar_2.5pt_50d:direction=all:first_target_points=1:stop_points=10:runner_target_points=2:runner_stop_mode=initial,delta_impulse_continue_10bar_2.5pt_50d,all,1,10,2,initial,78,78,78,11,66,64,2,1,0,64,0.82051282,-2300,-6746,-86.48717949,41,37,"two-contract post-signal scalp: one contract exits at first target, one runner uses selected stop mode and runner target"
1,signal_scaled_scalp:strategy=delta_impulse_continue_10bar_2.5pt_50d:direction=long:first_target_points=1:stop_points=10:runner_target_points=2:runner_stop_mode=initial,delta_impulse_continue_10bar_2.5pt_50d,long,1,10,2,initial,78,41,41,6,35,34,1,0,0,34,0.82926829,-1350,-3687,-89.92682927,41,0,"two-contract post-signal scalp: one contract exits at first target, one runner uses selected stop mode and runner target"
1,signal_scaled_scalp:strategy=delta_impulse_continue_10bar_2.5pt_50d:direction=short:first_target_points=1:stop_points=10:runner_target_points=2:runner_stop_mode=initial,delta_impulse_continue_10bar_2.5pt_50d,short,1,10,2,initial,78,37,37,5,31,30,1,1,0,30,0.81081081,-950,-3059,-82.67567568,0,37,"two-contract post-signal scalp: one contract exits at first target, one runner uses selected stop mode and runner target"
1,signal_scaled_scalp:strategy=delta_impulse_continue_10bar_2.5pt_50d:direction=all:first_target_points=1:stop_points=10:runner_target_points=3:runner_stop_mode=breakeven,delta_impulse_continue_10bar_2.5pt_50d,all,1,10,3,breakeven,78,78,78,11,66,0,66,1,0,0,0,-7700,-12146,-155.71794872,41,37,"two-contract post-signal scalp: one contract exits at first target, one runner uses selected stop mode and runner target"
1,signal_scaled_scalp:strategy=delta_impulse_continue_10bar_2.5pt_50d:direction=long:first_target_points=1:stop_points=10:runner_target_points=3:runner_stop_mode=breakeven,delta_impulse_continue_10bar_2.5pt_50d,long,1,10,3,breakeven,78,41,41,6,35,0,35,0,0,0,0,-4250,-6587,-160.65853659,41,0,"two-contract post-signal scalp: one contract exits at first target, one runner uses selected stop mode and runner target"
1,signal_scaled_scalp:strategy=delta_impulse_continue_10bar_2.5pt_50d:direction=short:first_target_points=1:stop_points=10:runner_target_points=3:runner_stop_mode=breakeven,delta_impulse_continue_10bar_2.5pt_50d,short,1,10,3,breakeven,78,37,37,5,31,0,31,1,0,0,0,-3450,-5559,-150.24324324,0,37,"two-contract post-signal scalp: one contract exits at first target, one runner uses selected stop mode and runner target"
1,signal_scaled_scalp:strategy=delta_impulse_continue_10bar_2.5pt_50d:direction=all:first_target_points=1:stop_points=10:runner_target_points=3:runner_stop_mode=initial,delta_impulse_continue_10bar_2.5pt_50d,all,1,10,3,initial,78,78,78,11,66,62,4,1,0,62,0.79487179,-400,-4846,-62.12820513,41,37,"two-contract post-signal scalp: one contract exits at first target, one runner uses selected stop mode and runner target"
1,signal_scaled_scalp:strategy=delta_impulse_continue_10bar_2.5pt_50d:direction=long:first_target_points=1:stop_points=10:runner_target_points=3:runner_stop_mode=initial,delta_impulse_continue_10bar_2.5pt_50d,long,1,10,3,initial,78,41,41,6,35,33,2,0,0,33,0.80487805,-300,-2637,-64.31707317,41,0,"two-contract post-signal scalp: one contract exits at first target, one runner uses selected stop mode and runner target"
1,signal_scaled_scalp:strategy=delta_impulse_continue_10bar_2.5pt_50d:direction=short:first_target_points=1:stop_points=10:runner_target_points=3:runner_stop_mode=initial,delta_impulse_continue_10bar_2.5pt_50d,short,1,10,3,initial,78,37,37,5,31,29,2,1,0,29,0.78378378,-100,-2209,-59.7027027,0,37,"two-contract post-signal scalp: one contract exits at first target, one runner uses selected stop mode and runner target"
1,signal_scaled_scalp:strategy=delta_impulse_continue_10bar_2.5pt_50d:direction=all:first_target_points=1:stop_points=10:runner_target_points=5:runner_stop_mode=breakeven,delta_impulse_continue_10bar_2.5pt_50d,all,1,10,5,breakeven,78,78,78,11,66,0,66,1,0,0,0,-7700,-12146,-155.71794872,41,37,"two-contract post-signal scalp: one contract exits at first target, one runner uses selected stop mode and runner target"
1,signal_scaled_scalp:strategy=delta_impulse_continue_10bar_2.5pt_50d:direction=long:first_target_points=1:stop_points=10:runner_target_points=5:runner_stop_mode=breakeven,delta_impulse_continue_10bar_2.5pt_50d,long,1,10,5,breakeven,78,41,41,6,35,0,35,0,0,0,0,-4250,-6587,-160.65853659,41,0,"two-contract post-signal scalp: one contract exits at first target, one runner uses selected stop mode and runner target"
1,signal_scaled_scalp:strategy=delta_impulse_continue_10bar_2.5pt_50d:direction=short:first_target_points=1:stop_points=10:runner_target_points=5:runner_stop_mode=breakeven,delta_impulse_continue_10bar_2.5pt_50d,short,1,10,5,breakeven,78,37,37,5,31,0,31,1,0,0,0,-3450,-5559,-150.24324324,0,37,"two-contract post-signal scalp: one contract exits at first target, one runner uses selected stop mode and runner target"
1,signal_scaled_scalp:strategy=delta_impulse_continue_10bar_2.5pt_50d:direction=all:first_target_points=1:stop_points=10:runner_target_points=5:runner_stop_mode=initial,delta_impulse_continue_10bar_2.5pt_50d,all,1,10,5,initial,78,78,78,11,66,56,9,2,0,56,0.71794872,1425,-3021,-38.73076923,41,37,"two-contract post-signal scalp: one contract exits at first target, one runner uses selected stop mode and runner target"
1,signal_scaled_scalp:strategy=delta_impulse_continue_10bar_2.5pt_50d:direction=long:first_target_points=1:stop_points=10:runner_target_points=5:runner_stop_mode=initial,delta_impulse_continue_10bar_2.5pt_50d,long,1,10,5,initial,78,41,41,6,35,31,3,1,0,31,0.75609756,1625,-712,-17.36585366,41,0,"two-contract post-signal scalp: one contract exits at first target, one runner uses selected stop mode and runner target"
1,signal_scaled_scalp:strategy=delta_impulse_continue_10bar_2.5pt_50d:direction=short:first_target_points=1:stop_points=10:runner_target_points=5:runner_stop_mode=initial,delta_impulse_continue_10bar_2.5pt_50d,short,1,10,5,initial,78,37,37,5,31,25,6,1,0,25,0.67567568,-200,-2309,-62.40540541,0,37,"two-contract post-signal scalp: one contract exits at first target, one runner uses selected stop mode and runner target"
1,signal_scaled_scalp:strategy=delta_impulse_continue_10bar_2.5pt_50d:direction=all:first_target_points=1:stop_points=10:runner_target_points=8:runner_stop_mode=breakeven,delta_impulse_continue_10bar_2.5pt_50d,all,1,10,8,breakeven,78,78,78,11,66,0,66,1,0,0,0,-7700,-12146,-155.71794872,41,37,"two-contract post-signal scalp: one contract exits at first target, one runner uses selected stop mode and runner target"
1,signal_scaled_scalp:strategy=delta_impulse_continue_10bar_2.5pt_50d:direction=long:first_target_points=1:stop_points=10:runner_target_points=8:runner_stop_mode=breakeven,delta_impulse_continue_10bar_2.5pt_50d,long,1,10,8,breakeven,78,41,41,6,35,0,35,0,0,0,0,-4250,-6587,-160.65853659,41,0,"two-contract post-signal scalp: one contract exits at first target, one runner uses selected stop mode and runner target"
1,signal_scaled_scalp:strategy=delta_impulse_continue_10bar_2.5pt_50d:direction=short:first_target_points=1:stop_points=10:runner_target_points=8:runner_stop_mode=breakeven,delta_impulse_continue_10bar_2.5pt_50d,short,1,10,8,breakeven,78,37,37,5,31,0,31,1,0,0,0,-3450,-5559,-150.24324324,0,37,"two-contract post-signal scalp: one contract exits at first target, one runner uses selected stop mode and runner target"
1,signal_scaled_scalp:strategy=delta_impulse_continue_10bar_2.5pt_50d:direction=all:first_target_points=1:stop_points=10:runner_target_points=8:runner_stop_mode=initial,delta_impulse_continue_10bar_2.5pt_50d,all,1,10,8,initial,78,78,78,11,66,47,18,2,0,47,0.6025641,1725,-2721,-34.88461538,41,37,"two-contract post-signal scalp: one contract exits at first target, one runner uses selected stop mode and runner target"
1,signal_scaled_scalp:strategy=delta_impulse_continue_10bar_2.5pt_50d:direction=long:first_target_points=1:stop_points=10:runner_target_points=8:runner_stop_mode=initial,delta_impulse_continue_10bar_2.5pt_50d,long,1,10,8,initial,78,41,41,6,35,27,7,1,0,27,0.65853659,2675,338,8.24390244,41,0,"two-contract post-signal scalp: one contract exits at first target, one runner uses selected stop mode and runner target"
1,signal_scaled_scalp:strategy=delta_impulse_continue_10bar_2.5pt_50d:direction=short:first_target_points=1:stop_points=10:runner_target_points=8:runner_stop_mode=initial,delta_impulse_continue_10bar_2.5pt_50d,short,1,10,8,initial,78,37,37,5,31,20,11,1,0,20,0.54054054,-950,-3059,-82.67567568,0,37,"two-contract post-signal scalp: one contract exits at first target, one runner uses selected stop mode and runner target"
1,signal_scaled_scalp:strategy=delta_impulse_continue_10bar_2.5pt_50d:direction=all:first_target_points=1:stop_points=10:runner_target_points=10:runner_stop_mode=breakeven,delta_impulse_continue_10bar_2.5pt_50d,all,1,10,10,breakeven,78,78,78,11,66,0,66,1,0,0,0,-7700,-12146,-155.71794872,41,37,"two-contract post-signal scalp: one contract exits at first target, one runner uses selected stop mode and runner target"
1,signal_scaled_scalp:strategy=delta_impulse_continue_10bar_2.5pt_50d:direction=long:first_target_points=1:stop_points=10:runner_target_points=10:runner_stop_mode=breakeven,delta_impulse_continue_10bar_2.5pt_50d,long,1,10,10,breakeven,78,41,41,6,35,0,35,0,0,0,0,-4250,-6587,-160.65853659,41,0,"two-contract post-signal scalp: one contract exits at first target, one runner uses selected stop mode and runner target"
1,signal_scaled_scalp:strategy=delta_impulse_continue_10bar_2.5pt_50d:direction=short:first_target_points=1:stop_points=10:runner_target_points=10:runner_stop_mode=breakeven,delta_impulse_continue_10bar_2.5pt_50d,short,1,10,10,breakeven,78,37,37,5,31,0,31,1,0,0,0,-3450,-5559,-150.24324324,0,37,"two-contract post-signal scalp: one contract exits at first target, one runner uses selected stop mode and runner target"
1,signal_scaled_scalp:strategy=delta_impulse_continue_10bar_2.5pt_50d:direction=all:first_target_points=1:stop_points=10:runner_target_points=10:runner_stop_mode=initial,delta_impulse_continue_10bar_2.5pt_50d,all,1,10,10,initial,78,78,78,11,66,38,26,3,0,39,0.5,-1775,-6221,-79.75641026,41,37,"two-contract post-signal scalp: one contract exits at first target, one runner uses selected stop mode and runner target"
1,signal_scaled_scalp:strategy=delta_impulse_continue_10bar_2.5pt_50d:direction=long:first_target_points=1:stop_points=10:runner_target_points=10:runner_stop_mode=initial,delta_impulse_continue_10bar_2.5pt_50d,long,1,10,10,initial,78,41,41,6,35,22,12,1,0,22,0.53658537,375,-1962,-47.85365854,41,0,"two-contract post-signal scalp: one contract exits at first target, one runner uses selected stop mode and runner target"
1,signal_scaled_scalp:strategy=delta_impulse_continue_10bar_2.5pt_50d:direction=short:first_target_points=1:stop_points=10:runner_target_points=10:runner_stop_mode=initial,delta_impulse_continue_10bar_2.5pt_50d,short,1,10,10,initial,78,37,37,5,31,16,14,2,0,17,0.45945946,-2150,-4259,-115.10810811,0,37,"two-contract post-signal scalp: one contract exits at first target, one runner uses selected stop mode and runner target"
1,signal_scaled_scalp:strategy=delta_impulse_continue_10bar_2.5pt_50d:direction=all:first_target_points=1:stop_points=10:runner_target_points=15:runner_stop_mode=breakeven,delta_impulse_continue_10bar_2.5pt_50d,all,1,10,15,breakeven,78,78,78,11,66,0,66,1,0,0,0,-7700,-12146,-155.71794872,41,37,"two-contract post-signal scalp: one contract exits at first target, one runner uses selected stop mode and runner target"
1,signal_scaled_scalp:strategy=delta_impulse_continue_10bar_2.5pt_50d:direction=long:first_target_points=1:stop_points=10:runner_target_points=15:runner_stop_mode=breakeven,delta_impulse_continue_10bar_2.5pt_50d,long,1,10,15,breakeven,78,41,41,6,35,0,35,0,0,0,0,-4250,-6587,-160.65853659,41,0,"two-contract post-signal scalp: one contract exits at first target, one runner uses selected stop mode and runner target"
1,signal_scaled_scalp:strategy=delta_impulse_continue_10bar_2.5pt_50d:direction=short:first_target_points=1:stop_points=10:runner_target_points=15:runner_stop_mode=breakeven,delta_impulse_continue_10bar_2.5pt_50d,short,1,10,15,breakeven,78,37,37,5,31,0,31,1,0,0,0,-3450,-5559,-150.24324324,0,37,"two-contract post-signal scalp: one contract exits at first target, one runner uses selected stop mode and runner target"
1,signal_scaled_scalp:strategy=delta_impulse_continue_10bar_2.5pt_50d:direction=all:first_target_points=1:stop_points=10:runner_target_points=15:runner_stop_mode=initial,delta_impulse_continue_10bar_2.5pt_50d,all,1,10,15,initial,78,78,78,11,66,27,36,4,0,28,0.35897436,-5637.5,-10083.5,-129.27564103,41,37,"two-contract post-signal scalp: one contract exits at first target, one runner uses selected stop mode and runner target"
1,signal_scaled_scalp:strategy=delta_impulse_continue_10bar_2.5pt_50d:direction=long:first_target_points=1:stop_points=10:runner_target_points=15:runner_stop_mode=initial,delta_impulse_continue_10bar_2.5pt_50d,long,1,10,15,initial,78,41,41,6,35,13,20,2,0,13,0.31707317,-4987.5,-7324.5,-178.64634146,41,0,"two-contract post-signal scalp: one contract exits at first target, one runner uses selected stop mode and runner target"
1,signal_scaled_scalp:strategy=delta_impulse_continue_10bar_2.5pt_50d:direction=short:first_target_points=1:stop_points=10:runner_target_points=15:runner_stop_mode=initial,delta_impulse_continue_10bar_2.5pt_50d,short,1,10,15,initial,78,37,37,5,31,14,16,2,0,15,0.40540541,-650,-2759,-74.56756757,0,37,"two-contract post-signal scalp: one contract exits at first target, one runner uses selected stop mode and runner target"
1,signal_scaled_scalp:strategy=delta_impulse_continue_10bar_2.5pt_50d:direction=all:first_target_points=2:stop_points=2:runner_target_points=3:runner_stop_mode=breakeven,delta_impulse_continue_10bar_2.5pt_50d,all,2,2,3,breakeven,78,78,78,56,21,0,21,1,0,21,0.26923077,-9100,-13546,-173.66666667,41,37,"two-contract post-signal scalp: one contract exits at first target, one runner uses selected stop mode and runner target"
1,signal_scaled_scalp:strategy=delta_impulse_continue_10bar_2.5pt_50d:direction=long:first_target_points=2:stop_points=2:runner_target_points=3:runner_stop_mode=breakeven,delta_impulse_continue_10bar_2.5pt_50d,long,2,2,3,breakeven,78,41,41,29,12,0,12,0,0,12,0.29268293,-4600,-6937,-169.19512195,41,0,"two-contract post-signal scalp: one contract exits at first target, one runner uses selected stop mode and runner target"
1,signal_scaled_scalp:strategy=delta_impulse_continue_10bar_2.5pt_50d:direction=short:first_target_points=2:stop_points=2:runner_target_points=3:runner_stop_mode=breakeven,delta_impulse_continue_10bar_2.5pt_50d,short,2,2,3,breakeven,78,37,37,27,9,0,9,1,0,9,0.24324324,-4500,-6609,-178.62162162,0,37,"two-contract post-signal scalp: one contract exits at first target, one runner uses selected stop mode and runner target"
1,signal_scaled_scalp:strategy=delta_impulse_continue_10bar_2.5pt_50d:direction=all:first_target_points=2:stop_points=2:runner_target_points=3:runner_stop_mode=initial,delta_impulse_continue_10bar_2.5pt_50d,all,2,2,3,initial,78,78,78,56,21,20,1,1,0,20,0.25641026,-6200,-10646,-136.48717949,41,37,"two-contract post-signal scalp: one contract exits at first target, one runner uses selected stop mode and runner target"
1,signal_scaled_scalp:strategy=delta_impulse_continue_10bar_2.5pt_50d:direction=long:first_target_points=2:stop_points=2:runner_target_points=3:runner_stop_mode=initial,delta_impulse_continue_10bar_2.5pt_50d,long,2,2,3,initial,78,41,41,29,12,11,1,0,0,11,0.26829268,-3050,-5387,-131.3902439,41,0,"two-contract post-signal scalp: one contract exits at first target, one runner uses selected stop mode and runner target"
1,signal_scaled_scalp:strategy=delta_impulse_continue_10bar_2.5pt_50d:direction=short:first_target_points=2:stop_points=2:runner_target_points=3:runner_stop_mode=initial,delta_impulse_continue_10bar_2.5pt_50d,short,2,2,3,initial,78,37,37,27,9,9,0,1,0,9,0.24324324,-3150,-5259,-142.13513514,0,37,"two-contract post-signal scalp: one contract exits at first target, one runner uses selected stop mode and runner target"
1,signal_scaled_scalp:strategy=delta_impulse_continue_10bar_2.5pt_50d:direction=all:first_target_points=2:stop_points=2:runner_target_points=5:runner_stop_mode=breakeven,delta_impulse_continue_10bar_2.5pt_50d,all,2,2,5,breakeven,78,78,78,56,21,0,21,1,0,21,0.26923077,-9100,-13546,-173.66666667,41,37,"two-contract post-signal scalp: one contract exits at first target, one runner uses selected stop mode and runner target"
1,signal_scaled_scalp:strategy=delta_impulse_continue_10bar_2.5pt_50d:direction=long:first_target_points=2:stop_points=2:runner_target_points=5:runner_stop_mode=breakeven,delta_impulse_continue_10bar_2.5pt_50d,long,2,2,5,breakeven,78,41,41,29,12,0,12,0,0,12,0.29268293,-4600,-6937,-169.19512195,41,0,"two-contract post-signal scalp: one contract exits at first target, one runner uses selected stop mode and runner target"
1,signal_scaled_scalp:strategy=delta_impulse_continue_10bar_2.5pt_50d:direction=short:first_target_points=2:stop_points=2:runner_target_points=5:runner_stop_mode=breakeven,delta_impulse_continue_10bar_2.5pt_50d,short,2,2,5,breakeven,78,37,37,27,9,0,9,1,0,9,0.24324324,-4500,-6609,-178.62162162,0,37,"two-contract post-signal scalp: one contract exits at first target, one runner uses selected stop mode and runner target"
1,signal_scaled_scalp:strategy=delta_impulse_continue_10bar_2.5pt_50d:direction=all:first_target_points=2:stop_points=2:runner_target_points=5:runner_stop_mode=initial,delta_impulse_continue_10bar_2.5pt_50d,all,2,2,5,initial,78,78,78,56,21,15,6,1,0,15,0.19230769,-5950,-10396,-133.28205128,41,37,"two-contract post-signal scalp: one contract exits at first target, one runner uses selected stop mode and runner target"
1,signal_scaled_scalp:strategy=delta_impulse_continue_10bar_2.5pt_50d:direction=long:first_target_points=2:stop_points=2:runner_target_points=5:runner_stop_mode=initial,delta_impulse_continue_10bar_2.5pt_50d,long,2,2,5,initial,78,41,41,29,12,10,2,0,0,10,0.24390244,-2300,-4637,-113.09756098,41,0,"two-contract post-signal scalp: one contract exits at first target, one runner uses selected stop mode and runner target"
1,signal_scaled_scalp:strategy=delta_impulse_continue_10bar_2.5pt_50d:direction=short:first_target_points=2:stop_points=2:runner_target_points=5:runner_stop_mode=initial,delta_impulse_continue_10bar_2.5pt_50d,short,2,2,5,initial,78,37,37,27,9,5,4,1,0,5,0.13513514,-3650,-5759,-155.64864865,0,37,"two-contract post-signal scalp: one contract exits at first target, one runner uses selected stop mode and runner target"
1,signal_scaled_scalp:strategy=delta_impulse_continue_10bar_2.5pt_50d:direction=all:first_target_points=2:stop_points=2:runner_target_points=8:runner_stop_mode=breakeven,delta_impulse_continue_10bar_2.5pt_50d,all,2,2,8,breakeven,78,78,78,56,21,0,21,1,0,21,0.26923077,-9100,-13546,-173.66666667,41,37,"two-contract post-signal scalp: one contract exits at first target, one runner uses selected stop mode and runner target"
1,signal_scaled_scalp:strategy=delta_impulse_continue_10bar_2.5pt_50d:direction=long:first_target_points=2:stop_points=2:runner_target_points=8:runner_stop_mode=breakeven,delta_impulse_continue_10bar_2.5pt_50d,long,2,2,8,breakeven,78,41,41,29,12,0,12,0,0,12,0.29268293,-4600,-6937,-169.19512195,41,0,"two-contract post-signal scalp: one contract exits at first target, one runner uses selected stop mode and runner target"
1,signal_scaled_scalp:strategy=delta_impulse_continue_10bar_2.5pt_50d:direction=short:first_target_points=2:stop_points=2:runner_target_points=8:runner_stop_mode=breakeven,delta_impulse_continue_10bar_2.5pt_50d,short,2,2,8,breakeven,78,37,37,27,9,0,9,1,0,9,0.24324324,-4500,-6609,-178.62162162,0,37,"two-contract post-signal scalp: one contract exits at first target, one runner uses selected stop mode and runner target"
1,signal_scaled_scalp:strategy=delta_impulse_continue_10bar_2.5pt_50d:direction=all:first_target_points=2:stop_points=2:runner_target_points=8:runner_stop_mode=initial,delta_impulse_continue_10bar_2.5pt_50d,all,2,2,8,initial,78,78,78,56,21,13,8,1,0,13,0.16666667,-4700,-9146,-117.25641026,41,37,"two-contract post-signal scalp: one contract exits at first target, one runner uses selected stop mode and runner target"
1,signal_scaled_scalp:strategy=delta_impulse_continue_10bar_2.5pt_50d:direction=long:first_target_points=2:stop_points=2:runner_target_points=8:runner_stop_mode=initial,delta_impulse_continue_10bar_2.5pt_50d,long,2,2,8,initial,78,41,41,29,12,9,3,0,0,9,0.2195122,-1300,-3637,-88.70731707,41,0,"two-contract post-signal scalp: one contract exits at first target, one runner uses selected stop mode and runner target"
1,signal_scaled_scalp:strategy=delta_impulse_continue_10bar_2.5pt_50d:direction=short:first_target_points=2:stop_points=2:runner_target_points=8:runner_stop_mode=initial,delta_impulse_continue_10bar_2.5pt_50d,short,2,2,8,initial,78,37,37,27,9,4,5,1,0,4,0.10810811,-3400,-5509,-148.89189189,0,37,"two-contract post-signal scalp: one contract exits at first target, one runner uses selected stop mode and runner target"
1,signal_scaled_scalp:strategy=delta_impulse_continue_10bar_2.5pt_50d:direction=all:first_target_points=2:stop_points=2:runner_target_points=10:runner_stop_mode=breakeven,delta_impulse_continue_10bar_2.5pt_50d,all,2,2,10,breakeven,78,78,78,56,21,0,21,1,0,21,0.26923077,-9100,-13546,-173.66666667,41,37,"two-contract post-signal scalp: one contract exits at first target, one runner uses selected stop mode and runner target"
1,signal_scaled_scalp:strategy=delta_impulse_continue_10bar_2.5pt_50d:direction=long:first_target_points=2:stop_points=2:runner_target_points=10:runner_stop_mode=breakeven,delta_impulse_continue_10bar_2.5pt_50d,long,2,2,10,breakeven,78,41,41,29,12,0,12,0,0,12,0.29268293,-4600,-6937,-169.19512195,41,0,"two-contract post-signal scalp: one contract exits at first target, one runner uses selected stop mode and runner target"
1,signal_scaled_scalp:strategy=delta_impulse_continue_10bar_2.5pt_50d:direction=short:first_target_points=2:stop_points=2:runner_target_points=10:runner_stop_mode=breakeven,delta_impulse_continue_10bar_2.5pt_50d,short,2,2,10,breakeven,78,37,37,27,9,0,9,1,0,9,0.24324324,-4500,-6609,-178.62162162,0,37,"two-contract post-signal scalp: one contract exits at first target, one runner uses selected stop mode and runner target"
1,signal_scaled_scalp:strategy=delta_impulse_continue_10bar_2.5pt_50d:direction=all:first_target_points=2:stop_points=2:runner_target_points=10:runner_stop_mode=initial,delta_impulse_continue_10bar_2.5pt_50d,all,2,2,10,initial,78,78,78,56,21,11,10,1,0,11,0.14102564,-4600,-9046,-115.97435897,41,37,"two-contract post-signal scalp: one contract exits at first target, one runner uses selected stop mode and runner target"
1,signal_scaled_scalp:strategy=delta_impulse_continue_10bar_2.5pt_50d:direction=long:first_target_points=2:stop_points=2:runner_target_points=10:runner_stop_mode=initial,delta_impulse_continue_10bar_2.5pt_50d,long,2,2,10,initial,78,41,41,29,12,8,4,0,0,8,0.19512195,-1000,-3337,-81.3902439,41,0,"two-contract post-signal scalp: one contract exits at first target, one runner uses selected stop mode and runner target"
1,signal_scaled_scalp:strategy=delta_impulse_continue_10bar_2.5pt_50d:direction=short:first_target_points=2:stop_points=2:runner_target_points=10:runner_stop_mode=initial,delta_impulse_continue_10bar_2.5pt_50d,short,2,2,10,initial,78,37,37,27,9,3,6,1,0,3,0.08108108,-3600,-5709,-154.2972973,0,37,"two-contract post-signal scalp: one contract exits at first target, one runner uses selected stop mode and runner target"
1,signal_scaled_scalp:strategy=delta_impulse_continue_10bar_2.5pt_50d:direction=all:first_target_points=2:stop_points=2:runner_target_points=15:runner_stop_mode=breakeven,delta_impulse_continue_10bar_2.5pt_50d,all,2,2,15,breakeven,78,78,78,56,21,0,21,1,0,21,0.26923077,-9100,-13546,-173.66666667,41,37,"two-contract post-signal scalp: one contract exits at first target, one runner uses selected stop mode and runner target"
1,signal_scaled_scalp:strategy=delta_impulse_continue_10bar_2.5pt_50d:direction=long:first_target_points=2:stop_points=2:runner_target_points=15:runner_stop_mode=breakeven,delta_impulse_continue_10bar_2.5pt_50d,long,2,2,15,breakeven,78,41,41,29,12,0,12,0,0,12,0.29268293,-4600,-6937,-169.19512195,41,0,"two-contract post-signal scalp: one contract exits at first target, one runner uses selected stop mode and runner target"
1,signal_scaled_scalp:strategy=delta_impulse_continue_10bar_2.5pt_50d:direction=short:first_target_points=2:stop_points=2:runner_target_points=15:runner_stop_mode=breakeven,delta_impulse_continue_10bar_2.5pt_50d,short,2,2,15,breakeven,78,37,37,27,9,0,9,1,0,9,0.24324324,-4500,-6609,-178.62162162,0,37,"two-contract post-signal scalp: one contract exits at first target, one runner uses selected stop mode and runner target"
1,signal_scaled_scalp:strategy=delta_impulse_continue_10bar_2.5pt_50d:direction=all:first_target_points=2:stop_points=2:runner_target_points=15:runner_stop_mode=initial,delta_impulse_continue_10bar_2.5pt_50d,all,2,2,15,initial,78,78,78,56,21,4,17,1,0,4,0.05128205,-7800,-12246,-157,41,37,"two-contract post-signal scalp: one contract exits at first target, one runner uses selected stop mode and runner target"
1,signal_scaled_scalp:strategy=delta_impulse_continue_10bar_2.5pt_50d:direction=long:first_target_points=2:stop_points=2:runner_target_points=15:runner_stop_mode=initial,delta_impulse_continue_10bar_2.5pt_50d,long,2,2,15,initial,78,41,41,29,12,4,8,0,0,4,0.09756098,-2400,-4737,-115.53658537,41,0,"two-contract post-signal scalp: one contract exits at first target, one runner uses selected stop mode and runner target"
1,signal_scaled_scalp:strategy=delta_impulse_continue_10bar_2.5pt_50d:direction=short:first_target_points=2:stop_points=2:runner_target_points=15:runner_stop_mode=initial,delta_impulse_continue_10bar_2.5pt_50d,short,2,2,15,initial,78,37,37,27,9,0,9,1,0,0,0,-5400,-7509,-202.94594595,0,37,"two-contract post-signal scalp: one contract exits at first target, one runner uses selected stop mode and runner target"
1,signal_scaled_scalp:strategy=delta_impulse_continue_10bar_2.5pt_50d:direction=all:first_target_points=2:stop_points=3:runner_target_points=3:runner_stop_mode=breakeven,delta_impulse_continue_10bar_2.5pt_50d,all,2,3,3,breakeven,78,78,78,48,29,0,29,1,0,29,0.37179487,-11500,-15946,-204.43589744,41,37,"two-contract post-signal scalp: one contract exits at first target, one runner uses selected stop mode and runner target"
1,signal_scaled_scalp:strategy=delta_impulse_continue_10bar_2.5pt_50d:direction=long:first_target_points=2:stop_points=3:runner_target_points=3:runner_stop_mode=breakeven,delta_impulse_continue_10bar_2.5pt_50d,long,2,3,3,breakeven,78,41,41,25,16,0,16,0,0,16,0.3902439,-5900,-8237,-200.90243902,41,0,"two-contract post-signal scalp: one contract exits at first target, one runner uses selected stop mode and runner target"
1,signal_scaled_scalp:strategy=delta_impulse_continue_10bar_2.5pt_50d:direction=short:first_target_points=2:stop_points=3:runner_target_points=3:runner_stop_mode=breakeven,delta_impulse_continue_10bar_2.5pt_50d,short,2,3,3,breakeven,78,37,37,23,13,0,13,1,0,13,0.35135135,-5600,-7709,-208.35135135,0,37,"two-contract post-signal scalp: one contract exits at first target, one runner uses selected stop mode and runner target"
1,signal_scaled_scalp:strategy=delta_impulse_continue_10bar_2.5pt_50d:direction=all:first_target_points=2:stop_points=3:runner_target_points=3:runner_stop_mode=initial,delta_impulse_continue_10bar_2.5pt_50d,all,2,3,3,initial,78,78,78,48,29,27,2,1,0,27,0.34615385,-7750,-12196,-156.35897436,41,37,"two-contract post-signal scalp: one contract exits at first target, one runner uses selected stop mode and runner target"
1,signal_scaled_scalp:strategy=delta_impulse_continue_10bar_2.5pt_50d:direction=long:first_target_points=2:stop_points=3:runner_target_points=3:runner_stop_mode=initial,delta_impulse_continue_10bar_2.5pt_50d,long,2,3,3,initial,78,41,41,25,16,15,1,0,0,15,0.36585366,-3800,-6137,-149.68292683,41,0,"two-contract post-signal scalp: one contract exits at first target, one runner uses selected stop mode and runner target"
1,signal_scaled_scalp:strategy=delta_impulse_continue_10bar_2.5pt_50d:direction=short:first_target_points=2:stop_points=3:runner_target_points=3:runner_stop_mode=initial,delta_impulse_continue_10bar_2.5pt_50d,short,2,3,3,initial,78,37,37,23,13,12,1,1,0,12,0.32432432,-3950,-6059,-163.75675676,0,37,"two-contract post-signal scalp: one contract exits at first target, one runner uses selected stop mode and runner target"
1,signal_scaled_scalp:strategy=delta_impulse_continue_10bar_2.5pt_50d:direction=all:first_target_points=2:stop_points=3:runner_target_points=5:runner_stop_mode=breakeven,delta_impulse_continue_10bar_2.5pt_50d,all,2,3,5,breakeven,78,78,78,48,29,0,29,1,0,29,0.37179487,-11500,-15946,-204.43589744,41,37,"two-contract post-signal scalp: one contract exits at first target, one runner uses selected stop mode and runner target"
1,signal_scaled_scalp:strategy=delta_impulse_continue_10bar_2.5pt_50d:direction=long:first_target_points=2:stop_points=3:runner_target_points=5:runner_stop_mode=breakeven,delta_impulse_continue_10bar_2.5pt_50d,long,2,3,5,breakeven,78,41,41,25,16,0,16,0,0,16,0.3902439,-5900,-8237,-200.90243902,41,0,"two-contract post-signal scalp: one contract exits at first target, one runner uses selected stop mode and runner target"
1,signal_scaled_scalp:strategy=delta_impulse_continue_10bar_2.5pt_50d:direction=short:first_target_points=2:stop_points=3:runner_target_points=5:runner_stop_mode=breakeven,delta_impulse_continue_10bar_2.5pt_50d,short,2,3,5,breakeven,78,37,37,23,13,0,13,1,0,13,0.35135135,-5600,-7709,-208.35135135,0,37,"two-contract post-signal scalp: one contract exits at first target, one runner uses selected stop mode and runner target"
1,signal_scaled_scalp:strategy=delta_impulse_continue_10bar_2.5pt_50d:direction=all:first_target_points=2:stop_points=3:runner_target_points=5:runner_stop_mode=initial,delta_impulse_continue_10bar_2.5pt_50d,all,2,3,5,initial,78,78,78,48,29,22,7,1,0,22,0.28205128,-7050,-11496,-147.38461538,41,37,"two-contract post-signal scalp: one contract exits at first target, one runner uses selected stop mode and runner target"
1,signal_scaled_scalp:strategy=delta_impulse_continue_10bar_2.5pt_50d:direction=long:first_target_points=2:stop_points=3:runner_target_points=5:runner_stop_mode=initial,delta_impulse_continue_10bar_2.5pt_50d,long,2,3,5,initial,78,41,41,25,16,13,3,0,0,13,0.31707317,-3100,-5437,-132.6097561,41,0,"two-contract post-signal scalp: one contract exits at first target, one runner uses selected stop mode and runner target"
1,signal_scaled_scalp:strategy=delta_impulse_continue_10bar_2.5pt_50d:direction=short:first_target_points=2:stop_points=3:runner_target_points=5:runner_stop_mode=initial,delta_impulse_continue_10bar_2.5pt_50d,short,2,3,5,initial,78,37,37,23,13,9,4,1,0,9,0.24324324,-3950,-6059,-163.75675676,0,37,"two-contract post-signal scalp: one contract exits at first target, one runner uses selected stop mode and runner target"
1,signal_scaled_scalp:strategy=delta_impulse_continue_10bar_2.5pt_50d:direction=all:first_target_points=2:stop_points=3:runner_target_points=8:runner_stop_mode=breakeven,delta_impulse_continue_10bar_2.5pt_50d,all,2,3,8,breakeven,78,78,78,48,29,0,29,1,0,29,0.37179487,-11500,-15946,-204.43589744,41,37,"two-contract post-signal scalp: one contract exits at first target, one runner uses selected stop mode and runner target"
1,signal_scaled_scalp:strategy=delta_impulse_continue_10bar_2.5pt_50d:direction=long:first_target_points=2:stop_points=3:runner_target_points=8:runner_stop_mode=breakeven,delta_impulse_continue_10bar_2.5pt_50d,long,2,3,8,breakeven,78,41,41,25,16,0,16,0,0,16,0.3902439,-5900,-8237,-200.90243902,41,0,"two-contract post-signal scalp: one contract exits at first target, one runner uses selected stop mode and runner target"
1,signal_scaled_scalp:strategy=delta_impulse_continue_10bar_2.5pt_50d:direction=short:first_target_points=2:stop_points=3:runner_target_points=8:runner_stop_mode=breakeven,delta_impulse_continue_10bar_2.5pt_50d,short,2,3,8,breakeven,78,37,37,23,13,0,13,1,0,13,0.35135135,-5600,-7709,-208.35135135,0,37,"two-contract post-signal scalp: one contract exits at first target, one runner uses selected stop mode and runner target"
1,signal_scaled_scalp:strategy=delta_impulse_continue_10bar_2.5pt_50d:direction=all:first_target_points=2:stop_points=3:runner_target_points=8:runner_stop_mode=initial,delta_impulse_continue_10bar_2.5pt_50d,all,2,3,8,initial,78,78,78,48,29,18,11,1,0,18,0.23076923,-5950,-10396,-133.28205128,41,37,"two-contract post-signal scalp: one contract exits at first target, one runner uses selected stop mode and runner target"
1,signal_scaled_scalp:strategy=delta_impulse_continue_10bar_2.5pt_50d:direction=long:first_target_points=2:stop_points=3:runner_target_points=8:runner_stop_mode=initial,delta_impulse_continue_10bar_2.5pt_50d,long,2,3,8,initial,78,41,41,25,16,11,5,0,0,11,0.26829268,-2250,-4587,-111.87804878,41,0,"two-contract post-signal scalp: one contract exits at first target, one runner uses selected stop mode and runner target"
1,signal_scaled_scalp:strategy=delta_impulse_continue_10bar_2.5pt_50d:direction=short:first_target_points=2:stop_points=3:runner_target_points=8:runner_stop_mode=initial,delta_impulse_continue_10bar_2.5pt_50d,short,2,3,8,initial,78,37,37,23,13,7,6,1,0,7,0.18918919,-3700,-5809,-157,0,37,"two-contract post-signal scalp: one contract exits at first target, one runner uses selected stop mode and runner target"
1,signal_scaled_scalp:strategy=delta_impulse_continue_10bar_2.5pt_50d:direction=all:first_target_points=2:stop_points=3:runner_target_points=10:runner_stop_mode=breakeven,delta_impulse_continue_10bar_2.5pt_50d,all,2,3,10,breakeven,78,78,78,48,29,0,29,1,0,29,0.37179487,-11500,-15946,-204.43589744,41,37,"two-contract post-signal scalp: one contract exits at first target, one runner uses selected stop mode and runner target"
1,signal_scaled_scalp:strategy=delta_impulse_continue_10bar_2.5pt_50d:direction=long:first_target_points=2:stop_points=3:runner_target_points=10:runner_stop_mode=breakeven,delta_impulse_continue_10bar_2.5pt_50d,long,2,3,10,breakeven,78,41,41,25,16,0,16,0,0,16,0.3902439,-5900,-8237,-200.90243902,41,0,"two-contract post-signal scalp: one contract exits at first target, one runner uses selected stop mode and runner target"
1,signal_scaled_scalp:strategy=delta_impulse_continue_10bar_2.5pt_50d:direction=short:first_target_points=2:stop_points=3:runner_target_points=10:runner_stop_mode=breakeven,delta_impulse_continue_10bar_2.5pt_50d,short,2,3,10,breakeven,78,37,37,23,13,0,13,1,0,13,0.35135135,-5600,-7709,-208.35135135,0,37,"two-contract post-signal scalp: one contract exits at first target, one runner uses selected stop mode and runner target"
1,signal_scaled_scalp:strategy=delta_impulse_continue_10bar_2.5pt_50d:direction=all:first_target_points=2:stop_points=3:runner_target_points=10:runner_stop_mode=initial,delta_impulse_continue_10bar_2.5pt_50d,all,2,3,10,initial,78,78,78,48,29,15,14,1,0,15,0.19230769,-6100,-10546,-135.20512821,41,37,"two-contract post-signal scalp: one contract exits at first target, one runner uses selected stop mode and runner target"
1,signal_scaled_scalp:strategy=delta_impulse_continue_10bar_2.5pt_50d:direction=long:first_target_points=2:stop_points=3:runner_target_points=10:runner_stop_mode=initial,delta_impulse_continue_10bar_2.5pt_50d,long,2,3,10,initial,78,41,41,25,16,9,7,0,0,9,0.2195122,-2450,-4787,-116.75609756,41,0,"two-contract post-signal scalp: one contract exits at first target, one runner uses selected stop mode and runner target"
1,signal_scaled_scalp:strategy=delta_impulse_continue_10bar_2.5pt_50d:direction=short:first_target_points=2:stop_points=3:runner_target_points=10:runner_stop_mode=initial,delta_impulse_continue_10bar_2.5pt_50d,short,2,3,10,initial,78,37,37,23,13,6,7,1,0,6,0.16216216,-3650,-5759,-155.64864865,0,37,"two-contract post-signal scalp: one contract exits at first target, one runner uses selected stop mode and runner target"
1,signal_scaled_scalp:strategy=delta_impulse_continue_10bar_2.5pt_50d:direction=all:first_target_points=2:stop_points=3:runner_target_points=15:runner_stop_mode=breakeven,delta_impulse_continue_10bar_2.5pt_50d,all,2,3,15,breakeven,78,78,78,48,29,0,29,1,0,29,0.37179487,-11500,-15946,-204.43589744,41,37,"two-contract post-signal scalp: one contract exits at first target, one runner uses selected stop mode and runner target"
1,signal_scaled_scalp:strategy=delta_impulse_continue_10bar_2.5pt_50d:direction=long:first_target_points=2:stop_points=3:runner_target_points=15:runner_stop_mode=breakeven,delta_impulse_continue_10bar_2.5pt_50d,long,2,3,15,breakeven,78,41,41,25,16,0,16,0,0,16,0.3902439,-5900,-8237,-200.90243902,41,0,"two-contract post-signal scalp: one contract exits at first target, one runner uses selected stop mode and runner target"
1,signal_scaled_scalp:strategy=delta_impulse_continue_10bar_2.5pt_50d:direction=short:first_target_points=2:stop_points=3:runner_target_points=15:runner_stop_mode=breakeven,delta_impulse_continue_10bar_2.5pt_50d,short,2,3,15,breakeven,78,37,37,23,13,0,13,1,0,13,0.35135135,-5600,-7709,-208.35135135,0,37,"two-contract post-signal scalp: one contract exits at first target, one runner uses selected stop mode and runner target"
1,signal_scaled_scalp:strategy=delta_impulse_continue_10bar_2.5pt_50d:direction=all:first_target_points=2:stop_points=3:runner_target_points=15:runner_stop_mode=initial,delta_impulse_continue_10bar_2.5pt_50d,all,2,3,15,initial,78,78,78,48,29,8,21,1,0,8,0.1025641,-8650,-13096,-167.8974359,41,37,"two-contract post-signal scalp: one contract exits at first target, one runner uses selected stop mode and runner target"
1,signal_scaled_scalp:strategy=delta_impulse_continue_10bar_2.5pt_50d:direction=long:first_target_points=2:stop_points=3:runner_target_points=15:runner_stop_mode=initial,delta_impulse_continue_10bar_2.5pt_50d,long,2,3,15,initial,78,41,41,25,16,5,11,0,0,5,0.12195122,-3800,-6137,-149.68292683,41,0,"two-contract post-signal scalp: one contract exits at first target, one runner uses selected stop mode and runner target"
1,signal_scaled_scalp:strategy=delta_impulse_continue_10bar_2.5pt_50d:direction=short:first_target_points=2:stop_points=3:runner_target_points=15:runner_stop_mode=initial,delta_impulse_continue_10bar_2.5pt_50d,short,2,3,15,initial,78,37,37,23,13,3,10,1,0,3,0.08108108,-4850,-6959,-188.08108108,0,37,"two-contract post-signal scalp: one contract exits at first target, one runner uses selected stop mode and runner target"
1,signal_scaled_scalp:strategy=delta_impulse_continue_10bar_2.5pt_50d:direction=all:first_target_points=2:stop_points=4:runner_target_points=3:runner_stop_mode=breakeven,delta_impulse_continue_10bar_2.5pt_50d,all,2,4,3,breakeven,78,78,78,42,35,0,35,1,0,35,0.44871795,-13300,-17746,-227.51282051,41,37,"two-contract post-signal scalp: one contract exits at first target, one runner uses selected stop mode and runner target"
1,signal_scaled_scalp:strategy=delta_impulse_continue_10bar_2.5pt_50d:direction=long:first_target_points=2:stop_points=4:runner_target_points=3:runner_stop_mode=breakeven,delta_impulse_continue_10bar_2.5pt_50d,long,2,4,3,breakeven,78,41,41,23,18,0,18,0,0,18,0.43902439,-7400,-9737,-237.48780488,41,0,"two-contract post-signal scalp: one contract exits at first target, one runner uses selected stop mode and runner target"
1,signal_scaled_scalp:strategy=delta_impulse_continue_10bar_2.5pt_50d:direction=short:first_target_points=2:stop_points=4:runner_target_points=3:runner_stop_mode=breakeven,delta_impulse_continue_10bar_2.5pt_50d,short,2,4,3,breakeven,78,37,37,19,17,0,17,1,0,17,0.45945946,-5900,-8009,-216.45945946,0,37,"two-contract post-signal scalp: one contract exits at first target, one runner uses selected stop mode and runner target"
1,signal_scaled_scalp:strategy=delta_impulse_continue_10bar_2.5pt_50d:direction=all:first_target_points=2:stop_points=4:runner_target_points=3:runner_stop_mode=initial,delta_impulse_continue_10bar_2.5pt_50d,all,2,4,3,initial,78,78,78,42,35,32,3,1,0,32,0.41025641,-9100,-13546,-173.66666667,41,37,"two-contract post-signal scalp: one contract exits at first target, one runner uses selected stop mode and runner target"
1,signal_scaled_scalp:strategy=delta_impulse_continue_10bar_2.5pt_50d:direction=long:first_target_points=2:stop_points=4:runner_target_points=3:runner_stop_mode=initial,delta_impulse_continue_10bar_2.5pt_50d,long,2,4,3,initial,78,41,41,23,18,17,1,0,0,17,0.41463415,-5050,-7387,-180.17073171,41,0,"two-contract post-signal scalp: one contract exits at first target, one runner uses selected stop mode and runner target"
1,signal_scaled_scalp:strategy=delta_impulse_continue_10bar_2.5pt_50d:direction=short:first_target_points=2:stop_points=4:runner_target_points=3:runner_stop_mode=initial,delta_impulse_continue_10bar_2.5pt_50d,short,2,4,3,initial,78,37,37,19,17,15,2,1,0,15,0.40540541,-4050,-6159,-166.45945946,0,37,"two-contract post-signal scalp: one contract exits at first target, one runner uses selected stop mode and runner target"
1,signal_scaled_scalp:strategy=delta_impulse_continue_10bar_2.5pt_50d:direction=all:first_target_points=2:stop_points=4:runner_target_points=5:runner_stop_mode=breakeven,delta_impulse_continue_10bar_2.5pt_50d,all,2,4,5,breakeven,78,78,78,42,35,0,35,1,0,35,0.44871795,-13300,-17746,-227.51282051,41,37,"two-contract post-signal scalp: one contract exits at first target, one runner uses selected stop mode and runner target"
1,signal_scaled_scalp:strategy=delta_impulse_continue_10bar_2.5pt_50d:direction=long:first_target_points=2:stop_points=4:runner_target_points=5:runner_stop_mode=breakeven,delta_impulse_continue_10bar_2.5pt_50d,long,2,4,5,breakeven,78,41,41,23,18,0,18,0,0,18,0.43902439,-7400,-9737,-237.48780488,41,0,"two-contract post-signal scalp: one contract exits at first target, one runner uses selected stop mode and runner target"
1,signal_scaled_scalp:strategy=delta_impulse_continue_10bar_2.5pt_50d:direction=short:first_target_points=2:stop_points=4:runner_target_points=5:runner_stop_mode=breakeven,delta_impulse_continue_10bar_2.5pt_50d,short,2,4,5,breakeven,78,37,37,19,17,0,17,1,0,17,0.45945946,-5900,-8009,-216.45945946,0,37,"two-contract post-signal scalp: one contract exits at first target, one runner uses selected stop mode and runner target"
1,signal_scaled_scalp:strategy=delta_impulse_continue_10bar_2.5pt_50d:direction=all:first_target_points=2:stop_points=4:runner_target_points=5:runner_stop_mode=initial,delta_impulse_continue_10bar_2.5pt_50d,all,2,4,5,initial,78,78,78,42,35,26,9,1,0,26,0.33333333,-8600,-13046,-167.25641026,41,37,"two-contract post-signal scalp: one contract exits at first target, one runner uses selected stop mode and runner target"
1,signal_scaled_scalp:strategy=delta_impulse_continue_10bar_2.5pt_50d:direction=long:first_target_points=2:stop_points=4:runner_target_points=5:runner_stop_mode=initial,delta_impulse_continue_10bar_2.5pt_50d,long,2,4,5,initial,78,41,41,23,18,14,4,0,0,14,0.34146341,-4700,-7037,-171.63414634,41,0,"two-contract post-signal scalp: one contract exits at first target, one runner uses selected stop mode and runner target"
1,signal_scaled_scalp:strategy=delta_impulse_continue_10bar_2.5pt_50d:direction=short:first_target_points=2:stop_points=4:runner_target_points=5:runner_stop_mode=initial,delta_impulse_continue_10bar_2.5pt_50d,short,2,4,5,initial,78,37,37,19,17,12,5,1,0,12,0.32432432,-3900,-6009,-162.40540541,0,37,"two-contract post-signal scalp: one contract exits at first target, one runner uses selected stop mode and runner target"
1,signal_scaled_scalp:strategy=delta_impulse_continue_10bar_2.5pt_50d:direction=all:first_target_points=2:stop_points=4:runner_target_points=8:runner_stop_mode=breakeven,delta_impulse_continue_10bar_2.5pt_50d,all,2,4,8,breakeven,78,78,78,42,35,0,35,1,0,35,0.44871795,-13300,-17746,-227.51282051,41,37,"two-contract post-signal scalp: one contract exits at first target, one runner uses selected stop mode and runner target"
1,signal_scaled_scalp:strategy=delta_impulse_continue_10bar_2.5pt_50d:direction=long:first_target_points=2:stop_points=4:runner_target_points=8:runner_stop_mode=breakeven,delta_impulse_continue_10bar_2.5pt_50d,long,2,4,8,breakeven,78,41,41,23,18,0,18,0,0,18,0.43902439,-7400,-9737,-237.48780488,41,0,"two-contract post-signal scalp: one contract exits at first target, one runner uses selected stop mode and runner target"
1,signal_scaled_scalp:strategy=delta_impulse_continue_10bar_2.5pt_50d:direction=short:first_target_points=2:stop_points=4:runner_target_points=8:runner_stop_mode=breakeven,delta_impulse_continue_10bar_2.5pt_50d,short,2,4,8,breakeven,78,37,37,19,17,0,17,1,0,17,0.45945946,-5900,-8009,-216.45945946,0,37,"two-contract post-signal scalp: one contract exits at first target, one runner uses selected stop mode and runner target"
1,signal_scaled_scalp:strategy=delta_impulse_continue_10bar_2.5pt_50d:direction=all:first_target_points=2:stop_points=4:runner_target_points=8:runner_stop_mode=initial,delta_impulse_continue_10bar_2.5pt_50d,all,2,4,8,initial,78,78,78,42,35,21,14,1,0,21,0.26923077,-7700,-12146,-155.71794872,41,37,"two-contract post-signal scalp: one contract exits at first target, one runner uses selected stop mode and runner target"
1,signal_scaled_scalp:strategy=delta_impulse_continue_10bar_2.5pt_50d:direction=long:first_target_points=2:stop_points=4:runner_target_points=8:runner_stop_mode=initial,delta_impulse_continue_10bar_2.5pt_50d,long,2,4,8,initial,78,41,41,23,18,12,6,0,0,12,0.29268293,-3800,-6137,-149.68292683,41,0,"two-contract post-signal scalp: one contract exits at first target, one runner uses selected stop mode and runner target"
1,signal_scaled_scalp:strategy=delta_impulse_continue_10bar_2.5pt_50d:direction=short:first_target_points=2:stop_points=4:runner_target_points=8:runner_stop_mode=initial,delta_impulse_continue_10bar_2.5pt_50d,short,2,4,8,initial,78,37,37,19,17,9,8,1,0,9,0.24324324,-3900,-6009,-162.40540541,0,37,"two-contract post-signal scalp: one contract exits at first target, one runner uses selected stop mode and runner target"
1,signal_scaled_scalp:strategy=delta_impulse_continue_10bar_2.5pt_50d:direction=all:first_target_points=2:stop_points=4:runner_target_points=10:runner_stop_mode=breakeven,delta_impulse_continue_10bar_2.5pt_50d,all,2,4,10,breakeven,78,78,78,42,35,0,35,1,0,35,0.44871795,-13300,-17746,-227.51282051,41,37,"two-contract post-signal scalp: one contract exits at first target, one runner uses selected stop mode and runner target"
1,signal_scaled_scalp:strategy=delta_impulse_continue_10bar_2.5pt_50d:direction=long:first_target_points=2:stop_points=4:runner_target_points=10:runner_stop_mode=breakeven,delta_impulse_continue_10bar_2.5pt_50d,long,2,4,10,breakeven,78,41,41,23,18,0,18,0,0,18,0.43902439,-7400,-9737,-237.48780488,41,0,"two-contract post-signal scalp: one contract exits at first target, one runner uses selected stop mode and runner target"
1,signal_scaled_scalp:strategy=delta_impulse_continue_10bar_2.5pt_50d:direction=short:first_target_points=2:stop_points=4:runner_target_points=10:runner_stop_mode=breakeven,delta_impulse_continue_10bar_2.5pt_50d,short,2,4,10,breakeven,78,37,37,19,17,0,17,1,0,17,0.45945946,-5900,-8009,-216.45945946,0,37,"two-contract post-signal scalp: one contract exits at first target, one runner uses selected stop mode and runner target"
1,signal_scaled_scalp:strategy=delta_impulse_continue_10bar_2.5pt_50d:direction=all:first_target_points=2:stop_points=4:runner_target_points=10:runner_stop_mode=initial,delta_impulse_continue_10bar_2.5pt_50d,all,2,4,10,initial,78,78,78,42,35,17,18,1,0,17,0.21794872,-8400,-12846,-164.69230769,41,37,"two-contract post-signal scalp: one contract exits at first target, one runner uses selected stop mode and runner target"
1,signal_scaled_scalp:strategy=delta_impulse_continue_10bar_2.5pt_50d:direction=long:first_target_points=2:stop_points=4:runner_target_points=10:runner_stop_mode=initial,delta_impulse_continue_10bar_2.5pt_50d,long,2,4,10,initial,78,41,41,23,18,9,9,0,0,9,0.2195122,-4700,-7037,-171.63414634,41,0,"two-contract post-signal scalp: one contract exits at first target, one runner uses selected stop mode and runner target"
1,signal_scaled_scalp:strategy=delta_impulse_continue_10bar_2.5pt_50d:direction=short:first_target_points=2:stop_points=4:runner_target_points=10:runner_stop_mode=initial,delta_impulse_continue_10bar_2.5pt_50d,short,2,4,10,initial,78,37,37,19,17,8,9,1,0,8,0.21621622,-3700,-5809,-157,0,37,"two-contract post-signal scalp: one contract exits at first target, one runner uses selected stop mode and runner target"
1,signal_scaled_scalp:strategy=delta_impulse_continue_10bar_2.5pt_50d:direction=all:first_target_points=2:stop_points=4:runner_target_points=15:runner_stop_mode=breakeven,delta_impulse_continue_10bar_2.5pt_50d,all,2,4,15,breakeven,78,78,78,42,35,0,35,1,0,35,0.44871795,-13300,-17746,-227.51282051,41,37,"two-contract post-signal scalp: one contract exits at first target, one runner uses selected stop mode and runner target"
1,signal_scaled_scalp:strategy=delta_impulse_continue_10bar_2.5pt_50d:direction=long:first_target_points=2:stop_points=4:runner_target_points=15:runner_stop_mode=breakeven,delta_impulse_continue_10bar_2.5pt_50d,long,2,4,15,breakeven,78,41,41,23,18,0,18,0,0,18,0.43902439,-7400,-9737,-237.48780488,41,0,"two-contract post-signal scalp: one contract exits at first target, one runner uses selected stop mode and runner target"
1,signal_scaled_scalp:strategy=delta_impulse_continue_10bar_2.5pt_50d:direction=short:first_target_points=2:stop_points=4:runner_target_points=15:runner_stop_mode=breakeven,delta_impulse_continue_10bar_2.5pt_50d,short,2,4,15,breakeven,78,37,37,19,17,0,17,1,0,17,0.45945946,-5900,-8009,-216.45945946,0,37,"two-contract post-signal scalp: one contract exits at first target, one runner uses selected stop mode and runner target"
1,signal_scaled_scalp:strategy=delta_impulse_continue_10bar_2.5pt_50d:direction=all:first_target_points=2:stop_points=4:runner_target_points=15:runner_stop_mode=initial,delta_impulse_continue_10bar_2.5pt_50d,all,2,4,15,initial,78,78,78,42,35,11,24,1,0,11,0.14102564,-9850,-14296,-183.28205128,41,37,"two-contract post-signal scalp: one contract exits at first target, one runner uses selected stop mode and runner target"
1,signal_scaled_scalp:strategy=delta_impulse_continue_10bar_2.5pt_50d:direction=long:first_target_points=2:stop_points=4:runner_target_points=15:runner_stop_mode=initial,delta_impulse_continue_10bar_2.5pt_50d,long,2,4,15,initial,78,41,41,23,18,5,13,0,0,5,0.12195122,-6250,-8587,-209.43902439,41,0,"two-contract post-signal scalp: one contract exits at first target, one runner uses selected stop mode and runner target"
1,signal_scaled_scalp:strategy=delta_impulse_continue_10bar_2.5pt_50d:direction=short:first_target_points=2:stop_points=4:runner_target_points=15:runner_stop_mode=initial,delta_impulse_continue_10bar_2.5pt_50d,short,2,4,15,initial,78,37,37,19,17,6,11,1,0,6,0.16216216,-3600,-5709,-154.2972973,0,37,"two-contract post-signal scalp: one contract exits at first target, one runner uses selected stop mode and runner target"
1,signal_scaled_scalp:strategy=delta_impulse_continue_10bar_2.5pt_50d:direction=all:first_target_points=2:stop_points=5:runner_target_points=3:runner_stop_mode=breakeven,delta_impulse_continue_10bar_2.5pt_50d,all,2,5,3,breakeven,78,78,78,31,46,1,45,1,0,46,0.58974359,-10750,-15196,-194.82051282,41,37,"two-contract post-signal scalp: one contract exits at first target, one runner uses selected stop mode and runner target"
1,signal_scaled_scalp:strategy=delta_impulse_continue_10bar_2.5pt_50d:direction=long:first_target_points=2:stop_points=5:runner_target_points=3:runner_stop_mode=breakeven,delta_impulse_continue_10bar_2.5pt_50d,long,2,5,3,breakeven,78,41,41,15,26,1,25,0,0,26,0.63414634,-4750,-7087,-172.85365854,41,0,"two-contract post-signal scalp: one contract exits at first target, one runner uses selected stop mode and runner target"
1,signal_scaled_scalp:strategy=delta_impulse_continue_10bar_2.5pt_50d:direction=short:first_target_points=2:stop_points=5:runner_target_points=3:runner_stop_mode=breakeven,delta_impulse_continue_10bar_2.5pt_50d,short,2,5,3,breakeven,78,37,37,16,20,0,20,1,0,20,0.54054054,-6000,-8109,-219.16216216,0,37,"two-contract post-signal scalp: one contract exits at first target, one runner uses selected stop mode and runner target"
1,signal_scaled_scalp:strategy=delta_impulse_continue_10bar_2.5pt_50d:direction=all:first_target_points=2:stop_points=5:runner_target_points=3:runner_stop_mode=initial,delta_impulse_continue_10bar_2.5pt_50d,all,2,5,3,initial,78,78,78,31,46,42,4,1,0,42,0.53846154,-5600,-10046,-128.79487179,41,37,"two-contract post-signal scalp: one contract exits at first target, one runner uses selected stop mode and runner target"
1,signal_scaled_scalp:strategy=delta_impulse_continue_10bar_2.5pt_50d:direction=long:first_target_points=2:stop_points=5:runner_target_points=3:runner_stop_mode=initial,delta_impulse_continue_10bar_2.5pt_50d,long,2,5,3,initial,78,41,41,15,26,25,1,0,0,25,0.6097561,-1400,-3737,-91.14634146,41,0,"two-contract post-signal scalp: one contract exits at first target, one runner uses selected stop mode and runner target"
1,signal_scaled_scalp:strategy=delta_impulse_continue_10bar_2.5pt_50d:direction=short:first_target_points=2:stop_points=5:runner_target_points=3:runner_stop_mode=initial,delta_impulse_continue_10bar_2.5pt_50d,short,2,5,3,initial,78,37,37,16,20,17,3,1,0,17,0.45945946,-4200,-6309,-170.51351351,0,37,"two-contract post-signal scalp: one contract exits at first target, one runner uses selected stop mode and runner target"
1,signal_scaled_scalp:strategy=delta_impulse_continue_10bar_2.5pt_50d:direction=all:first_target_points=2:stop_points=5:runner_target_points=5:runner_stop_mode=breakeven,delta_impulse_continue_10bar_2.5pt_50d,all,2,5,5,breakeven,78,78,78,31,46,1,45,1,0,46,0.58974359,-10650,-15096,-193.53846154,41,37,"two-contract post-signal scalp: one contract exits at first target, one runner uses selected stop mode and runner target"
1,signal_scaled_scalp:strategy=delta_impulse_continue_10bar_2.5pt_50d:direction=long:first_target_points=2:stop_points=5:runner_target_points=5:runner_stop_mode=breakeven,delta_impulse_continue_10bar_2.5pt_50d,long,2,5,5,breakeven,78,41,41,15,26,1,25,0,0,26,0.63414634,-4650,-6987,-170.41463415,41,0,"two-contract post-signal scalp: one contract exits at first target, one runner uses selected stop mode and runner target"
1,signal_scaled_scalp:strategy=delta_impulse_continue_10bar_2.5pt_50d:direction=short:first_target_points=2:stop_points=5:runner_target_points=5:runner_stop_mode=breakeven,delta_impulse_continue_10bar_2.5pt_50d,short,2,5,5,breakeven,78,37,37,16,20,0,20,1,0,20,0.54054054,-6000,-8109,-219.16216216,0,37,"two-contract post-signal scalp: one contract exits at first target, one runner uses selected stop mode and runner target"
1,signal_scaled_scalp:strategy=delta_impulse_continue_10bar_2.5pt_50d:direction=all:first_target_points=2:stop_points=5:runner_target_points=5:runner_stop_mode=initial,delta_impulse_continue_10bar_2.5pt_50d,all,2,5,5,initial,78,78,78,31,46,35,11,1,0,35,0.44871795,-4900,-9346,-119.82051282,41,37,"two-contract post-signal scalp: one contract exits at first target, one runner uses selected stop mode and runner target"
1,signal_scaled_scalp:strategy=delta_impulse_continue_10bar_2.5pt_50d:direction=long:first_target_points=2:stop_points=5:runner_target_points=5:runner_stop_mode=initial,delta_impulse_continue_10bar_2.5pt_50d,long,2,5,5,initial,78,41,41,15,26,21,5,0,0,21,0.51219512,-900,-3237,-78.95121951,41,0,"two-contract post-signal scalp: one contract exits at first target, one runner uses selected stop mode and runner target"
1,signal_scaled_scalp:strategy=delta_impulse_continue_10bar_2.5pt_50d:direction=short:first_target_points=2:stop_points=5:runner_target_points=5:runner_stop_mode=initial,delta_impulse_continue_10bar_2.5pt_50d,short,2,5,5,initial,78,37,37,16,20,14,6,1,0,14,0.37837838,-4000,-6109,-165.10810811,0,37,"two-contract post-signal scalp: one contract exits at first target, one runner uses selected stop mode and runner target"
1,signal_scaled_scalp:strategy=delta_impulse_continue_10bar_2.5pt_50d:direction=all:first_target_points=2:stop_points=5:runner_target_points=8:runner_stop_mode=breakeven,delta_impulse_continue_10bar_2.5pt_50d,all,2,5,8,breakeven,78,78,78,31,46,0,46,1,0,46,0.58974359,-10900,-15346,-196.74358974,41,37,"two-contract post-signal scalp: one contract exits at first target, one runner uses selected stop mode and runner target"
1,signal_scaled_scalp:strategy=delta_impulse_continue_10bar_2.5pt_50d:direction=long:first_target_points=2:stop_points=5:runner_target_points=8:runner_stop_mode=breakeven,delta_impulse_continue_10bar_2.5pt_50d,long,2,5,8,breakeven,78,41,41,15,26,0,26,0,0,26,0.63414634,-4900,-7237,-176.51219512,41,0,"two-contract post-signal scalp: one contract exits at first target, one runner uses selected stop mode and runner target"
1,signal_scaled_scalp:strategy=delta_impulse_continue_10bar_2.5pt_50d:direction=short:first_target_points=2:stop_points=5:runner_target_points=8:runner_stop_mode=breakeven,delta_impulse_continue_10bar_2.5pt_50d,short,2,5,8,breakeven,78,37,37,16,20,0,20,1,0,20,0.54054054,-6000,-8109,-219.16216216,0,37,"two-contract post-signal scalp: one contract exits at first target, one runner uses selected stop mode and runner target"
1,signal_scaled_scalp:strategy=delta_impulse_continue_10bar_2.5pt_50d:direction=all:first_target_points=2:stop_points=5:runner_target_points=8:runner_stop_mode=initial,delta_impulse_continue_10bar_2.5pt_50d,all,2,5,8,initial,78,78,78,31,46,29,17,1,0,29,0.37179487,-3550,-7996,-102.51282051,41,37,"two-contract post-signal scalp: one contract exits at first target, one runner uses selected stop mode and runner target"
1,signal_scaled_scalp:strategy=delta_impulse_continue_10bar_2.5pt_50d:direction=long:first_target_points=2:stop_points=5:runner_target_points=8:runner_stop_mode=initial,delta_impulse_continue_10bar_2.5pt_50d,long,2,5,8,initial,78,41,41,15,26,19,7,0,0,19,0.46341463,950,-1387,-33.82926829,41,0,"two-contract post-signal scalp: one contract exits at first target, one runner uses selected stop mode and runner target"
1,signal_scaled_scalp:strategy=delta_impulse_continue_10bar_2.5pt_50d:direction=short:first_target_points=2:stop_points=5:runner_target_points=8:runner_stop_mode=initial,delta_impulse_continue_10bar_2.5pt_50d,short,2,5,8,initial,78,37,37,16,20,10,10,1,0,10,0.27027027,-4500,-6609,-178.62162162,0,37,"two-contract post-signal scalp: one contract exits at first target, one runner uses selected stop mode and runner target"
1,signal_scaled_scalp:strategy=delta_impulse_continue_10bar_2.5pt_50d:direction=all:first_target_points=2:stop_points=5:runner_target_points=10:runner_stop_mode=breakeven,delta_impulse_continue_10bar_2.5pt_50d,all,2,5,10,breakeven,78,78,78,31,46,0,46,1,0,46,0.58974359,-10900,-15346,-196.74358974,41,37,"two-contract post-signal scalp: one contract exits at first target, one runner uses selected stop mode and runner target"
1,signal_scaled_scalp:strategy=delta_impulse_continue_10bar_2.5pt_50d:direction=long:first_target_points=2:stop_points=5:runner_target_points=10:runner_stop_mode=breakeven,delta_impulse_continue_10bar_2.5pt_50d,long,2,5,10,breakeven,78,41,41,15,26,0,26,0,0,26,0.63414634,-4900,-7237,-176.51219512,41,0,"two-contract post-signal scalp: one contract exits at first target, one runner uses selected stop mode and runner target"
1,signal_scaled_scalp:strategy=delta_impulse_continue_10bar_2.5pt_50d:direction=short:first_target_points=2:stop_points=5:runner_target_points=10:runner_stop_mode=breakeven,delta_impulse_continue_10bar_2.5pt_50d,short,2,5,10,breakeven,78,37,37,16,20,0,20,1,0,20,0.54054054,-6000,-8109,-219.16216216,0,37,"two-contract post-signal scalp: one contract exits at first target, one runner uses selected stop mode and runner target"
1,signal_scaled_scalp:strategy=delta_impulse_continue_10bar_2.5pt_50d:direction=all:first_target_points=2:stop_points=5:runner_target_points=10:runner_stop_mode=initial,delta_impulse_continue_10bar_2.5pt_50d,all,2,5,10,initial,78,78,78,31,46,23,22,2,0,24,0.30769231,-4600,-9046,-115.97435897,41,37,"two-contract post-signal scalp: one contract exits at first target, one runner uses selected stop mode and runner target"
1,signal_scaled_scalp:strategy=delta_impulse_continue_10bar_2.5pt_50d:direction=long:first_target_points=2:stop_points=5:runner_target_points=10:runner_stop_mode=initial,delta_impulse_continue_10bar_2.5pt_50d,long,2,5,10,initial,78,41,41,15,26,15,11,0,0,15,0.36585366,-150,-2487,-60.65853659,41,0,"two-contract post-signal scalp: one contract exits at first target, one runner uses selected stop mode and runner target"
1,signal_scaled_scalp:strategy=delta_impulse_continue_10bar_2.5pt_50d:direction=short:first_target_points=2:stop_points=5:runner_target_points=10:runner_stop_mode=initial,delta_impulse_continue_10bar_2.5pt_50d,short,2,5,10,initial,78,37,37,16,20,8,11,2,0,9,0.24324324,-4450,-6559,-177.27027027,0,37,"two-contract post-signal scalp: one contract exits at first target, one runner uses selected stop mode and runner target"
1,signal_scaled_scalp:strategy=delta_impulse_continue_10bar_2.5pt_50d:direction=all:first_target_points=2:stop_points=5:runner_target_points=15:runner_stop_mode=breakeven,delta_impulse_continue_10bar_2.5pt_50d,all,2,5,15,breakeven,78,78,78,31,46,0,46,1,0,46,0.58974359,-10900,-15346,-196.74358974,41,37,"two-contract post-signal scalp: one contract exits at first target, one runner uses selected stop mode and runner target"
1,signal_scaled_scalp:strategy=delta_impulse_continue_10bar_2.5pt_50d:direction=long:first_target_points=2:stop_points=5:runner_target_points=15:runner_stop_mode=breakeven,delta_impulse_continue_10bar_2.5pt_50d,long,2,5,15,breakeven,78,41,41,15,26,0,26,0,0,26,0.63414634,-4900,-7237,-176.51219512,41,0,"two-contract post-signal scalp: one contract exits at first target, one runner uses selected stop mode and runner target"
1,signal_scaled_scalp:strategy=delta_impulse_continue_10bar_2.5pt_50d:direction=short:first_target_points=2:stop_points=5:runner_target_points=15:runner_stop_mode=breakeven,delta_impulse_continue_10bar_2.5pt_50d,short,2,5,15,breakeven,78,37,37,16,20,0,20,1,0,20,0.54054054,-6000,-8109,-219.16216216,0,37,"two-contract post-signal scalp: one contract exits at first target, one runner uses selected stop mode and runner target"
1,signal_scaled_scalp:strategy=delta_impulse_continue_10bar_2.5pt_50d:direction=all:first_target_points=2:stop_points=5:runner_target_points=15:runner_stop_mode=initial,delta_impulse_continue_10bar_2.5pt_50d,all,2,5,15,initial,78,78,78,31,46,16,28,3,0,17,0.21794872,-5712.5,-10158.5,-130.23717949,41,37,"two-contract post-signal scalp: one contract exits at first target, one runner uses selected stop mode and runner target"
1,signal_scaled_scalp:strategy=delta_impulse_continue_10bar_2.5pt_50d:direction=long:first_target_points=2:stop_points=5:runner_target_points=15:runner_stop_mode=initial,delta_impulse_continue_10bar_2.5pt_50d,long,2,5,15,initial,78,41,41,15,26,10,15,1,0,10,0.24390244,-1262.5,-3599.5,-87.79268293,41,0,"two-contract post-signal scalp: one contract exits at first target, one runner uses selected stop mode and runner target"
1,signal_scaled_scalp:strategy=delta_impulse_continue_10bar_2.5pt_50d:direction=short:first_target_points=2:stop_points=5:runner_target_points=15:runner_stop_mode=initial,delta_impulse_continue_10bar_2.5pt_50d,short,2,5,15,initial,78,37,37,16,20,6,13,2,0,7,0.18918919,-4450,-6559,-177.27027027,0,37,"two-contract post-signal scalp: one contract exits at first target, one runner uses selected stop mode and runner target"
1,signal_scaled_scalp:strategy=delta_impulse_continue_10bar_2.5pt_50d:direction=all:first_target_points=2:stop_points=6:runner_target_points=3:runner_stop_mode=breakeven,delta_impulse_continue_10bar_2.5pt_50d,all,2,6,3,breakeven,78,78,78,28,49,1,48,1,0,49,0.62820513,-11750,-16196,-207.64102564,41,37,"two-contract post-signal scalp: one contract exits at first target, one runner uses selected stop mode and runner target"
1,signal_scaled_scalp:strategy=delta_impulse_continue_10bar_2.5pt_50d:direction=long:first_target_points=2:stop_points=6:runner_target_points=3:runner_stop_mode=breakeven,delta_impulse_continue_10bar_2.5pt_50d,long,2,6,3,breakeven,78,41,41,14,27,1,26,0,0,27,0.65853659,-5550,-7887,-192.36585366,41,0,"two-contract post-signal scalp: one contract exits at first target, one runner uses selected stop mode and runner target"
1,signal_scaled_scalp:strategy=delta_impulse_continue_10bar_2.5pt_50d:direction=short:first_target_points=2:stop_points=6:runner_target_points=3:runner_stop_mode=breakeven,delta_impulse_continue_10bar_2.5pt_50d,short,2,6,3,breakeven,78,37,37,14,22,0,22,1,0,22,0.59459459,-6200,-8309,-224.56756757,0,37,"two-contract post-signal scalp: one contract exits at first target, one runner uses selected stop mode and runner target"
1,signal_scaled_scalp:strategy=delta_impulse_continue_10bar_2.5pt_50d:direction=all:first_target_points=2:stop_points=6:runner_target_points=3:runner_stop_mode=initial,delta_impulse_continue_10bar_2.5pt_50d,all,2,6,3,initial,78,78,78,28,49,45,4,1,0,45,0.57692308,-6350,-10796,-138.41025641,41,37,"two-contract post-signal scalp: one contract exits at first target, one runner uses selected stop mode and runner target"
1,signal_scaled_scalp:strategy=delta_impulse_continue_10bar_2.5pt_50d:direction=long:first_target_points=2:stop_points=6:runner_target_points=3:runner_stop_mode=initial,delta_impulse_continue_10bar_2.5pt_50d,long,2,6,3,initial,78,41,41,14,27,26,1,0,0,26,0.63414634,-2100,-4437,-108.2195122,41,0,"two-contract post-signal scalp: one contract exits at first target, one runner uses selected stop mode and runner target"
1,signal_scaled_scalp:strategy=delta_impulse_continue_10bar_2.5pt_50d:direction=short:first_target_points=2:stop_points=6:runner_target_points=3:runner_stop_mode=initial,delta_impulse_continue_10bar_2.5pt_50d,short,2,6,3,initial,78,37,37,14,22,19,3,1,0,19,0.51351351,-4250,-6359,-171.86486486,0,37,"two-contract post-signal scalp: one contract exits at first target, one runner uses selected stop mode and runner target"
1,signal_scaled_scalp:strategy=delta_impulse_continue_10bar_2.5pt_50d:direction=all:first_target_points=2:stop_points=6:runner_target_points=5:runner_stop_mode=breakeven,delta_impulse_continue_10bar_2.5pt_50d,all,2,6,5,breakeven,78,78,78,28,49,1,48,1,0,49,0.62820513,-11650,-16096,-206.35897436,41,37,"two-contract post-signal scalp: one contract exits at first target, one runner uses selected stop mode and runner target"
1,signal_scaled_scalp:strategy=delta_impulse_continue_10bar_2.5pt_50d:direction=long:first_target_points=2:stop_points=6:runner_target_points=5:runner_stop_mode=breakeven,delta_impulse_continue_10bar_2.5pt_50d,long,2,6,5,breakeven,78,41,41,14,27,1,26,0,0,27,0.65853659,-5450,-7787,-189.92682927,41,0,"two-contract post-signal scalp: one contract exits at first target, one runner uses selected stop mode and runner target"
1,signal_scaled_scalp:strategy=delta_impulse_continue_10bar_2.5pt_50d:direction=short:first_target_points=2:stop_points=6:runner_target_points=5:runner_stop_mode=breakeven,delta_impulse_continue_10bar_2.5pt_50d,short,2,6,5,breakeven,78,37,37,14,22,0,22,1,0,22,0.59459459,-6200,-8309,-224.56756757,0,37,"two-contract post-signal scalp: one contract exits at first target, one runner uses selected stop mode and runner target"
1,signal_scaled_scalp:strategy=delta_impulse_continue_10bar_2.5pt_50d:direction=all:first_target_points=2:stop_points=6:runner_target_points=5:runner_stop_mode=initial,delta_impulse_continue_10bar_2.5pt_50d,all,2,6,5,initial,78,78,78,28,49,38,11,1,0,38,0.48717949,-5700,-10146,-130.07692308,41,37,"two-contract post-signal scalp: one contract exits at first target, one runner uses selected stop mode and runner target"
1,signal_scaled_scalp:strategy=delta_impulse_continue_10bar_2.5pt_50d:direction=long:first_target_points=2:stop_points=6:runner_target_points=5:runner_stop_mode=initial,delta_impulse_continue_10bar_2.5pt_50d,long,2,6,5,initial,78,41,41,14,27,24,3,0,0,24,0.58536585,-600,-2937,-71.63414634,41,0,"two-contract post-signal scalp: one contract exits at first target, one runner uses selected stop mode and runner target"
1,signal_scaled_scalp:strategy=delta_impulse_continue_10bar_2.5pt_50d:direction=short:first_target_points=2:stop_points=6:runner_target_points=5:runner_stop_mode=initial,delta_impulse_continue_10bar_2.5pt_50d,short,2,6,5,initial,78,37,37,14,22,14,8,1,0,14,0.37837838,-5100,-7209,-194.83783784,0,37,"two-contract post-signal scalp: one contract exits at first target, one runner uses selected stop mode and runner target"
1,signal_scaled_scalp:strategy=delta_impulse_continue_10bar_2.5pt_50d:direction=all:first_target_points=2:stop_points=6:runner_target_points=8:runner_stop_mode=breakeven,delta_impulse_continue_10bar_2.5pt_50d,all,2,6,8,breakeven,78,78,78,28,49,0,49,1,0,49,0.62820513,-11900,-16346,-209.56410256,41,37,"two-contract post-signal scalp: one contract exits at first target, one runner uses selected stop mode and runner target"
1,signal_scaled_scalp:strategy=delta_impulse_continue_10bar_2.5pt_50d:direction=long:first_target_points=2:stop_points=6:runner_target_points=8:runner_stop_mode=breakeven,delta_impulse_continue_10bar_2.5pt_50d,long,2,6,8,breakeven,78,41,41,14,27,0,27,0,0,27,0.65853659,-5700,-8037,-196.02439024,41,0,"two-contract post-signal scalp: one contract exits at first target, one runner uses selected stop mode and runner target"
1,signal_scaled_scalp:strategy=delta_impulse_continue_10bar_2.5pt_50d:direction=short:first_target_points=2:stop_points=6:runner_target_points=8:runner_stop_mode=breakeven,delta_impulse_continue_10bar_2.5pt_50d,short,2,6,8,breakeven,78,37,37,14,22,0,22,1,0,22,0.59459459,-6200,-8309,-224.56756757,0,37,"two-contract post-signal scalp: one contract exits at first target, one runner uses selected stop mode and runner target"
1,signal_scaled_scalp:strategy=delta_impulse_continue_10bar_2.5pt_50d:direction=all:first_target_points=2:stop_points=6:runner_target_points=8:runner_stop_mode=initial,delta_impulse_continue_10bar_2.5pt_50d,all,2,6,8,initial,78,78,78,28,49,33,16,1,0,33,0.42307692,-3500,-7946,-101.87179487,41,37,"two-contract post-signal scalp: one contract exits at first target, one runner uses selected stop mode and runner target"
1,signal_scaled_scalp:strategy=delta_impulse_continue_10bar_2.5pt_50d:direction=long:first_target_points=2:stop_points=6:runner_target_points=8:runner_stop_mode=initial,delta_impulse_continue_10bar_2.5pt_50d,long,2,6,8,initial,78,41,41,14,27,22,5,0,0,22,0.53658537,1600,-737,-17.97560976,41,0,"two-contract post-signal scalp: one contract exits at first target, one runner uses selected stop mode and runner target"
1,signal_scaled_scalp:strategy=delta_impulse_continue_10bar_2.5pt_50d:direction=short:first_target_points=2:stop_points=6:runner_target_points=8:runner_stop_mode=initial,delta_impulse_continue_10bar_2.5pt_50d,short,2,6,8,initial,78,37,37,14,22,11,11,1,0,11,0.2972973,-5100,-7209,-194.83783784,0,37,"two-contract post-signal scalp: one contract exits at first target, one runner uses selected stop mode and runner target"
1,signal_scaled_scalp:strategy=delta_impulse_continue_10bar_2.5pt_50d:direction=all:first_target_points=2:stop_points=6:runner_target_points=10:runner_stop_mode=breakeven,delta_impulse_continue_10bar_2.5pt_50d,all,2,6,10,breakeven,78,78,78,28,49,0,49,1,0,49,0.62820513,-11900,-16346,-209.56410256,41,37,"two-contract post-signal scalp: one contract exits at first target, one runner uses selected stop mode and runner target"
1,signal_scaled_scalp:strategy=delta_impulse_continue_10bar_2.5pt_50d:direction=long:first_target_points=2:stop_points=6:runner_target_points=10:runner_stop_mode=breakeven,delta_impulse_continue_10bar_2.5pt_50d,long,2,6,10,breakeven,78,41,41,14,27,0,27,0,0,27,0.65853659,-5700,-8037,-196.02439024,41,0,"two-contract post-signal scalp: one contract exits at first target, one runner uses selected stop mode and runner target"
1,signal_scaled_scalp:strategy=delta_impulse_continue_10bar_2.5pt_50d:direction=short:first_target_points=2:stop_points=6:runner_target_points=10:runner_stop_mode=breakeven,delta_impulse_continue_10bar_2.5pt_50d,short,2,6,10,breakeven,78,37,37,14,22,0,22,1,0,22,0.59459459,-6200,-8309,-224.56756757,0,37,"two-contract post-signal scalp: one contract exits at first target, one runner uses selected stop mode and runner target"
1,signal_scaled_scalp:strategy=delta_impulse_continue_10bar_2.5pt_50d:direction=all:first_target_points=2:stop_points=6:runner_target_points=10:runner_stop_mode=initial,delta_impulse_continue_10bar_2.5pt_50d,all,2,6,10,initial,78,78,78,28,49,26,22,2,0,27,0.34615385,-5200,-9646,-123.66666667,41,37,"two-contract post-signal scalp: one contract exits at first target, one runner uses selected stop mode and runner target"
1,signal_scaled_scalp:strategy=delta_impulse_continue_10bar_2.5pt_50d:direction=long:first_target_points=2:stop_points=6:runner_target_points=10:runner_stop_mode=initial,delta_impulse_continue_10bar_2.5pt_50d,long,2,6,10,initial,78,41,41,14,27,17,10,0,0,17,0.41463415,-200,-2537,-61.87804878,41,0,"two-contract post-signal scalp: one contract exits at first target, one runner uses selected stop mode and runner target"
1,signal_scaled_scalp:strategy=delta_impulse_continue_10bar_2.5pt_50d:direction=short:first_target_points=2:stop_points=6:runner_target_points=10:runner_stop_mode=initial,delta_impulse_continue_10bar_2.5pt_50d,short,2,6,10,initial,78,37,37,14,22,9,12,2,0,10,0.27027027,-5000,-7109,-192.13513514,0,37,"two-contract post-signal scalp: one contract exits at first target, one runner uses selected stop mode and runner target"
1,signal_scaled_scalp:strategy=delta_impulse_continue_10bar_2.5pt_50d:direction=all:first_target_points=2:stop_points=6:runner_target_points=15:runner_stop_mode=breakeven,delta_impulse_continue_10bar_2.5pt_50d,all,2,6,15,breakeven,78,78,78,28,49,0,49,1,0,49,0.62820513,-11900,-16346,-209.56410256,41,37,"two-contract post-signal scalp: one contract exits at first target, one runner uses selected stop mode and runner target"
1,signal_scaled_scalp:strategy=delta_impulse_continue_10bar_2.5pt_50d:direction=long:first_target_points=2:stop_points=6:runner_target_points=15:runner_stop_mode=breakeven,delta_impulse_continue_10bar_2.5pt_50d,long,2,6,15,breakeven,78,41,41,14,27,0,27,0,0,27,0.65853659,-5700,-8037,-196.02439024,41,0,"two-contract post-signal scalp: one contract exits at first target, one runner uses selected stop mode and runner target"
1,signal_scaled_scalp:strategy=delta_impulse_continue_10bar_2.5pt_50d:direction=short:first_target_points=2:stop_points=6:runner_target_points=15:runner_stop_mode=breakeven,delta_impulse_continue_10bar_2.5pt_50d,short,2,6,15,breakeven,78,37,37,14,22,0,22,1,0,22,0.59459459,-6200,-8309,-224.56756757,0,37,"two-contract post-signal scalp: one contract exits at first target, one runner uses selected stop mode and runner target"
1,signal_scaled_scalp:strategy=delta_impulse_continue_10bar_2.5pt_50d:direction=all:first_target_points=2:stop_points=6:runner_target_points=15:runner_stop_mode=initial,delta_impulse_continue_10bar_2.5pt_50d,all,2,6,15,initial,78,78,78,28,49,19,28,3,0,20,0.25641026,-5862.5,-10308.5,-132.16025641,41,37,"two-contract post-signal scalp: one contract exits at first target, one runner uses selected stop mode and runner target"
1,signal_scaled_scalp:strategy=delta_impulse_continue_10bar_2.5pt_50d:direction=long:first_target_points=2:stop_points=6:runner_target_points=15:runner_stop_mode=initial,delta_impulse_continue_10bar_2.5pt_50d,long,2,6,15,initial,78,41,41,14,27,11,15,1,0,11,0.26829268,-2062.5,-4399.5,-107.30487805,41,0,"two-contract post-signal scalp: one contract exits at first target, one runner uses selected stop mode and runner target"
1,signal_scaled_scalp:strategy=delta_impulse_continue_10bar_2.5pt_50d:direction=short:first_target_points=2:stop_points=6:runner_target_points=15:runner_stop_mode=initial,delta_impulse_continue_10bar_2.5pt_50d,short,2,6,15,initial,78,37,37,14,22,8,13,2,0,9,0.24324324,-3800,-5909,-159.7027027,0,37,"two-contract post-signal scalp: one contract exits at first target, one runner uses selected stop mode and runner target"
1,signal_scaled_scalp:strategy=delta_impulse_continue_10bar_2.5pt_50d:direction=all:first_target_points=2:stop_points=8:runner_target_points=3:runner_stop_mode=breakeven,delta_impulse_continue_10bar_2.5pt_50d,all,2,8,3,breakeven,78,78,78,18,59,1,58,1,0,59,0.75641026,-8350,-12796,-164.05128205,41,37,"two-contract post-signal scalp: one contract exits at first target, one runner uses selected stop mode and runner target"
1,signal_scaled_scalp:strategy=delta_impulse_continue_10bar_2.5pt_50d:direction=long:first_target_points=2:stop_points=8:runner_target_points=3:runner_stop_mode=breakeven,delta_impulse_continue_10bar_2.5pt_50d,long,2,8,3,breakeven,78,41,41,8,33,1,32,0,0,33,0.80487805,-2950,-5287,-128.95121951,41,0,"two-contract post-signal scalp: one contract exits at first target, one runner uses selected stop mode and runner target"
1,signal_scaled_scalp:strategy=delta_impulse_continue_10bar_2.5pt_50d:direction=short:first_target_points=2:stop_points=8:runner_target_points=3:runner_stop_mode=breakeven,delta_impulse_continue_10bar_2.5pt_50d,short,2,8,3,breakeven,78,37,37,10,26,0,26,1,0,26,0.7027027,-5400,-7509,-202.94594595,0,37,"two-contract post-signal scalp: one contract exits at first target, one runner uses selected stop mode and runner target"
1,signal_scaled_scalp:strategy=delta_impulse_continue_10bar_2.5pt_50d:direction=all:first_target_points=2:stop_points=8:runner_target_points=3:runner_stop_mode=initial,delta_impulse_continue_10bar_2.5pt_50d,all,2,8,3,initial,78,78,78,18,59,56,3,1,0,56,0.71794872,-1300,-5746,-73.66666667,41,37,"two-contract post-signal scalp: one contract exits at first target, one runner uses selected stop mode and runner target"
1,signal_scaled_scalp:strategy=delta_impulse_continue_10bar_2.5pt_50d:direction=long:first_target_points=2:stop_points=8:runner_target_points=3:runner_stop_mode=initial,delta_impulse_continue_10bar_2.5pt_50d,long,2,8,3,initial,78,41,41,8,33,32,1,0,0,32,0.7804878,1300,-1037,-25.29268293,41,0,"two-contract post-signal scalp: one contract exits at first target, one runner uses selected stop mode and runner target"
1,signal_scaled_scalp:strategy=delta_impulse_continue_10bar_2.5pt_50d:direction=short:first_target_points=2:stop_points=8:runner_target_points=3:runner_stop_mode=initial,delta_impulse_continue_10bar_2.5pt_50d,short,2,8,3,initial,78,37,37,10,26,24,2,1,0,24,0.64864865,-2600,-4709,-127.27027027,0,37,"two-contract post-signal scalp: one contract exits at first target, one runner uses selected stop mode and runner target"
1,signal_scaled_scalp:strategy=delta_impulse_continue_10bar_2.5pt_50d:direction=all:first_target_points=2:stop_points=8:runner_target_points=5:runner_stop_mode=breakeven,delta_impulse_continue_10bar_2.5pt_50d,all,2,8,5,breakeven,78,78,78,18,59,1,58,1,0,59,0.75641026,-8250,-12696,-162.76923077,41,37,"two-contract post-signal scalp: one contract exits at first target, one runner uses selected stop mode and runner target"
1,signal_scaled_scalp:strategy=delta_impulse_continue_10bar_2.5pt_50d:direction=long:first_target_points=2:stop_points=8:runner_target_points=5:runner_stop_mode=breakeven,delta_impulse_continue_10bar_2.5pt_50d,long,2,8,5,breakeven,78,41,41,8,33,1,32,0,0,33,0.80487805,-2850,-5187,-126.51219512,41,0,"two-contract post-signal scalp: one contract exits at first target, one runner uses selected stop mode and runner target"
1,signal_scaled_scalp:strategy=delta_impulse_continue_10bar_2.5pt_50d:direction=short:first_target_points=2:stop_points=8:runner_target_points=5:runner_stop_mode=breakeven,delta_impulse_continue_10bar_2.5pt_50d,short,2,8,5,breakeven,78,37,37,10,26,0,26,1,0,26,0.7027027,-5400,-7509,-202.94594595,0,37,"two-contract post-signal scalp: one contract exits at first target, one runner uses selected stop mode and runner target"
1,signal_scaled_scalp:strategy=delta_impulse_continue_10bar_2.5pt_50d:direction=all:first_target_points=2:stop_points=8:runner_target_points=5:runner_stop_mode=initial,delta_impulse_continue_10bar_2.5pt_50d,all,2,8,5,initial,78,78,78,18,59,50,9,1,0,50,0.64102564,400,-4046,-51.87179487,41,37,"two-contract post-signal scalp: one contract exits at first target, one runner uses selected stop mode and runner target"
1,signal_scaled_scalp:strategy=delta_impulse_continue_10bar_2.5pt_50d:direction=long:first_target_points=2:stop_points=8:runner_target_points=5:runner_stop_mode=initial,delta_impulse_continue_10bar_2.5pt_50d,long,2,8,5,initial,78,41,41,8,33,30,3,0,0,30,0.73170732,3200,863,21.04878049,41,0,"two-contract post-signal scalp: one contract exits at first target, one runner uses selected stop mode and runner target"
1,signal_scaled_scalp:strategy=delta_impulse_continue_10bar_2.5pt_50d:direction=short:first_target_points=2:stop_points=8:runner_target_points=5:runner_stop_mode=initial,delta_impulse_continue_10bar_2.5pt_50d,short,2,8,5,initial,78,37,37,10,26,20,6,1,0,20,0.54054054,-2800,-4909,-132.67567568,0,37,"two-contract post-signal scalp: one contract exits at first target, one runner uses selected stop mode and runner target"
1,signal_scaled_scalp:strategy=delta_impulse_continue_10bar_2.5pt_50d:direction=all:first_target_points=2:stop_points=8:runner_target_points=8:runner_stop_mode=breakeven,delta_impulse_continue_10bar_2.5pt_50d,all,2,8,8,breakeven,78,78,78,18,59,0,59,1,0,59,0.75641026,-8500,-12946,-165.97435897,41,37,"two-contract post-signal scalp: one contract exits at first target, one runner uses selected stop mode and runner target"
1,signal_scaled_scalp:strategy=delta_impulse_continue_10bar_2.5pt_50d:direction=long:first_target_points=2:stop_points=8:runner_target_points=8:runner_stop_mode=breakeven,delta_impulse_continue_10bar_2.5pt_50d,long,2,8,8,breakeven,78,41,41,8,33,0,33,0,0,33,0.80487805,-3100,-5437,-132.6097561,41,0,"two-contract post-signal scalp: one contract exits at first target, one runner uses selected stop mode and runner target"
1,signal_scaled_scalp:strategy=delta_impulse_continue_10bar_2.5pt_50d:direction=short:first_target_points=2:stop_points=8:runner_target_points=8:runner_stop_mode=breakeven,delta_impulse_continue_10bar_2.5pt_50d,short,2,8,8,breakeven,78,37,37,10,26,0,26,1,0,26,0.7027027,-5400,-7509,-202.94594595,0,37,"two-contract post-signal scalp: one contract exits at first target, one runner uses selected stop mode and runner target"
1,signal_scaled_scalp:strategy=delta_impulse_continue_10bar_2.5pt_50d:direction=all:first_target_points=2:stop_points=8:runner_target_points=8:runner_stop_mode=initial,delta_impulse_continue_10bar_2.5pt_50d,all,2,8,8,initial,78,78,78,18,59,42,17,1,0,42,0.53846154,1500,-2946,-37.76923077,41,37,"two-contract post-signal scalp: one contract exits at first target, one runner uses selected stop mode and runner target"
1,signal_scaled_scalp:strategy=delta_impulse_continue_10bar_2.5pt_50d:direction=long:first_target_points=2:stop_points=8:runner_target_points=8:runner_stop_mode=initial,delta_impulse_continue_10bar_2.5pt_50d,long,2,8,8,initial,78,41,41,8,33,26,7,0,0,26,0.63414634,4500,2163,52.75609756,41,0,"two-contract post-signal scalp: one contract exits at first target, one runner uses selected stop mode and runner target"
1,signal_scaled_scalp:strategy=delta_impulse_continue_10bar_2.5pt_50d:direction=short:first_target_points=2:stop_points=8:runner_target_points=8:runner_stop_mode=initial,delta_impulse_continue_10bar_2.5pt_50d,short,2,8,8,initial,78,37,37,10,26,16,10,1,0,16,0.43243243,-3000,-5109,-138.08108108,0,37,"two-contract post-signal scalp: one contract exits at first target, one runner uses selected stop mode and runner target"
1,signal_scaled_scalp:strategy=delta_impulse_continue_10bar_2.5pt_50d:direction=all:first_target_points=2:stop_points=8:runner_target_points=10:runner_stop_mode=breakeven,delta_impulse_continue_10bar_2.5pt_50d,all,2,8,10,breakeven,78,78,78,18,59,0,59,1,0,59,0.75641026,-8500,-12946,-165.97435897,41,37,"two-contract post-signal scalp: one contract exits at first target, one runner uses selected stop mode and runner target"
1,signal_scaled_scalp:strategy=delta_impulse_continue_10bar_2.5pt_50d:direction=long:first_target_points=2:stop_points=8:runner_target_points=10:runner_stop_mode=breakeven,delta_impulse_continue_10bar_2.5pt_50d,long,2,8,10,breakeven,78,41,41,8,33,0,33,0,0,33,0.80487805,-3100,-5437,-132.6097561,41,0,"two-contract post-signal scalp: one contract exits at first target, one runner uses selected stop mode and runner target"
1,signal_scaled_scalp:strategy=delta_impulse_continue_10bar_2.5pt_50d:direction=short:first_target_points=2:stop_points=8:runner_target_points=10:runner_stop_mode=breakeven,delta_impulse_continue_10bar_2.5pt_50d,short,2,8,10,breakeven,78,37,37,10,26,0,26,1,0,26,0.7027027,-5400,-7509,-202.94594595,0,37,"two-contract post-signal scalp: one contract exits at first target, one runner uses selected stop mode and runner target"
1,signal_scaled_scalp:strategy=delta_impulse_continue_10bar_2.5pt_50d:direction=all:first_target_points=2:stop_points=8:runner_target_points=10:runner_stop_mode=initial,delta_impulse_continue_10bar_2.5pt_50d,all,2,8,10,initial,78,78,78,18,59,34,24,2,0,35,0.44871795,-800,-5246,-67.25641026,41,37,"two-contract post-signal scalp: one contract exits at first target, one runner uses selected stop mode and runner target"
1,signal_scaled_scalp:strategy=delta_impulse_continue_10bar_2.5pt_50d:direction=long:first_target_points=2:stop_points=8:runner_target_points=10:runner_stop_mode=initial,delta_impulse_continue_10bar_2.5pt_50d,long,2,8,10,initial,78,41,41,8,33,21,12,0,0,21,0.51219512,2600,263,6.41463415,41,0,"two-contract post-signal scalp: one contract exits at first target, one runner uses selected stop mode and runner target"
1,signal_scaled_scalp:strategy=delta_impulse_continue_10bar_2.5pt_50d:direction=short:first_target_points=2:stop_points=8:runner_target_points=10:runner_stop_mode=initial,delta_impulse_continue_10bar_2.5pt_50d,short,2,8,10,initial,78,37,37,10,26,13,12,2,0,14,0.37837838,-3400,-5509,-148.89189189,0,37,"two-contract post-signal scalp: one contract exits at first target, one runner uses selected stop mode and runner target"
1,signal_scaled_scalp:strategy=delta_impulse_continue_10bar_2.5pt_50d:direction=all:first_target_points=2:stop_points=8:runner_target_points=15:runner_stop_mode=breakeven,delta_impulse_continue_10bar_2.5pt_50d,all,2,8,15,breakeven,78,78,78,18,59,0,59,1,0,59,0.75641026,-8500,-12946,-165.97435897,41,37,"two-contract post-signal scalp: one contract exits at first target, one runner uses selected stop mode and runner target"
1,signal_scaled_scalp:strategy=delta_impulse_continue_10bar_2.5pt_50d:direction=long:first_target_points=2:stop_points=8:runner_target_points=15:runner_stop_mode=breakeven,delta_impulse_continue_10bar_2.5pt_50d,long,2,8,15,breakeven,78,41,41,8,33,0,33,0,0,33,0.80487805,-3100,-5437,-132.6097561,41,0,"two-contract post-signal scalp: one contract exits at first target, one runner uses selected stop mode and runner target"
1,signal_scaled_scalp:strategy=delta_impulse_continue_10bar_2.5pt_50d:direction=short:first_target_points=2:stop_points=8:runner_target_points=15:runner_stop_mode=breakeven,delta_impulse_continue_10bar_2.5pt_50d,short,2,8,15,breakeven,78,37,37,10,26,0,26,1,0,26,0.7027027,-5400,-7509,-202.94594595,0,37,"two-contract post-signal scalp: one contract exits at first target, one runner uses selected stop mode and runner target"
1,signal_scaled_scalp:strategy=delta_impulse_continue_10bar_2.5pt_50d:direction=all:first_target_points=2:stop_points=8:runner_target_points=15:runner_stop_mode=initial,delta_impulse_continue_10bar_2.5pt_50d,all,2,8,15,initial,78,78,78,18,59,24,33,3,0,25,0.32051282,-3512.5,-7958.5,-102.03205128,41,37,"two-contract post-signal scalp: one contract exits at first target, one runner uses selected stop mode and runner target"
1,signal_scaled_scalp:strategy=delta_impulse_continue_10bar_2.5pt_50d:direction=long:first_target_points=2:stop_points=8:runner_target_points=15:runner_stop_mode=initial,delta_impulse_continue_10bar_2.5pt_50d,long,2,8,15,initial,78,41,41,8,33,12,20,1,0,12,0.29268293,-2212.5,-4549.5,-110.96341463,41,0,"two-contract post-signal scalp: one contract exits at first target, one runner uses selected stop mode and runner target"
1,signal_scaled_scalp:strategy=delta_impulse_continue_10bar_2.5pt_50d:direction=short:first_target_points=2:stop_points=8:runner_target_points=15:runner_stop_mode=initial,delta_impulse_continue_10bar_2.5pt_50d,short,2,8,15,initial,78,37,37,10,26,12,13,2,0,13,0.35135135,-1300,-3409,-92.13513514,0,37,"two-contract post-signal scalp: one contract exits at first target, one runner uses selected stop mode and runner target"
1,signal_scaled_scalp:strategy=delta_impulse_continue_10bar_2.5pt_50d:direction=all:first_target_points=2:stop_points=10:runner_target_points=3:runner_stop_mode=breakeven,delta_impulse_continue_10bar_2.5pt_50d,all,2,10,3,breakeven,78,78,78,13,64,1,63,1,0,64,0.82051282,-6450,-10896,-139.69230769,41,37,"two-contract post-signal scalp: one contract exits at first target, one runner uses selected stop mode and runner target"
1,signal_scaled_scalp:strategy=delta_impulse_continue_10bar_2.5pt_50d:direction=long:first_target_points=2:stop_points=10:runner_target_points=3:runner_stop_mode=breakeven,delta_impulse_continue_10bar_2.5pt_50d,long,2,10,3,breakeven,78,41,41,7,34,1,33,0,0,34,0.82926829,-3450,-5787,-141.14634146,41,0,"two-contract post-signal scalp: one contract exits at first target, one runner uses selected stop mode and runner target"
1,signal_scaled_scalp:strategy=delta_impulse_continue_10bar_2.5pt_50d:direction=short:first_target_points=2:stop_points=10:runner_target_points=3:runner_stop_mode=breakeven,delta_impulse_continue_10bar_2.5pt_50d,short,2,10,3,breakeven,78,37,37,6,30,0,30,1,0,30,0.81081081,-3000,-5109,-138.08108108,0,37,"two-contract post-signal scalp: one contract exits at first target, one runner uses selected stop mode and runner target"
1,signal_scaled_scalp:strategy=delta_impulse_continue_10bar_2.5pt_50d:direction=all:first_target_points=2:stop_points=10:runner_target_points=3:runner_stop_mode=initial,delta_impulse_continue_10bar_2.5pt_50d,all,2,10,3,initial,78,78,78,13,64,62,2,1,0,62,0.79487179,1700,-2746,-35.20512821,41,37,"two-contract post-signal scalp: one contract exits at first target, one runner uses selected stop mode and runner target"
1,signal_scaled_scalp:strategy=delta_impulse_continue_10bar_2.5pt_50d:direction=long:first_target_points=2:stop_points=10:runner_target_points=3:runner_stop_mode=initial,delta_impulse_continue_10bar_2.5pt_50d,long,2,10,3,initial,78,41,41,7,34,33,1,0,0,33,0.80487805,850,-1487,-36.26829268,41,0,"two-contract post-signal scalp: one contract exits at first target, one runner uses selected stop mode and runner target"
1,signal_scaled_scalp:strategy=delta_impulse_continue_10bar_2.5pt_50d:direction=short:first_target_points=2:stop_points=10:runner_target_points=3:runner_stop_mode=initial,delta_impulse_continue_10bar_2.5pt_50d,short,2,10,3,initial,78,37,37,6,30,29,1,1,0,29,0.78378378,850,-1259,-34.02702703,0,37,"two-contract post-signal scalp: one contract exits at first target, one runner uses selected stop mode and runner target"
1,signal_scaled_scalp:strategy=delta_impulse_continue_10bar_2.5pt_50d:direction=all:first_target_points=2:stop_points=10:runner_target_points=5:runner_stop_mode=breakeven,delta_impulse_continue_10bar_2.5pt_50d,all,2,10,5,breakeven,78,78,78,13,64,1,63,1,0,64,0.82051282,-6350,-10796,-138.41025641,41,37,"two-contract post-signal scalp: one contract exits at first target, one runner uses selected stop mode and runner target"
1,signal_scaled_scalp:strategy=delta_impulse_continue_10bar_2.5pt_50d:direction=long:first_target_points=2:stop_points=10:runner_target_points=5:runner_stop_mode=breakeven,delta_impulse_continue_10bar_2.5pt_50d,long,2,10,5,breakeven,78,41,41,7,34,1,33,0,0,34,0.82926829,-3350,-5687,-138.70731707,41,0,"two-contract post-signal scalp: one contract exits at first target, one runner uses selected stop mode and runner target"
1,signal_scaled_scalp:strategy=delta_impulse_continue_10bar_2.5pt_50d:direction=short:first_target_points=2:stop_points=10:runner_target_points=5:runner_stop_mode=breakeven,delta_impulse_continue_10bar_2.5pt_50d,short,2,10,5,breakeven,78,37,37,6,30,0,30,1,0,30,0.81081081,-3000,-5109,-138.08108108,0,37,"two-contract post-signal scalp: one contract exits at first target, one runner uses selected stop mode and runner target"
1,signal_scaled_scalp:strategy=delta_impulse_continue_10bar_2.5pt_50d:direction=all:first_target_points=2:stop_points=10:runner_target_points=5:runner_stop_mode=initial,delta_impulse_continue_10bar_2.5pt_50d,all,2,10,5,initial,78,78,78,13,64,56,7,2,0,56,0.71794872,3525,-921,-11.80769231,41,37,"two-contract post-signal scalp: one contract exits at first target, one runner uses selected stop mode and runner target"
1,signal_scaled_scalp:strategy=delta_impulse_continue_10bar_2.5pt_50d:direction=long:first_target_points=2:stop_points=10:runner_target_points=5:runner_stop_mode=initial,delta_impulse_continue_10bar_2.5pt_50d,long,2,10,5,initial,78,41,41,7,34,31,2,1,0,31,0.75609756,2775,438,10.68292683,41,0,"two-contract post-signal scalp: one contract exits at first target, one runner uses selected stop mode and runner target"
1,signal_scaled_scalp:strategy=delta_impulse_continue_10bar_2.5pt_50d:direction=short:first_target_points=2:stop_points=10:runner_target_points=5:runner_stop_mode=initial,delta_impulse_continue_10bar_2.5pt_50d,short,2,10,5,initial,78,37,37,6,30,25,5,1,0,25,0.67567568,750,-1359,-36.72972973,0,37,"two-contract post-signal scalp: one contract exits at first target, one runner uses selected stop mode and runner target"
1,signal_scaled_scalp:strategy=delta_impulse_continue_10bar_2.5pt_50d:direction=all:first_target_points=2:stop_points=10:runner_target_points=8:runner_stop_mode=breakeven,delta_impulse_continue_10bar_2.5pt_50d,all,2,10,8,breakeven,78,78,78,13,64,0,64,1,0,64,0.82051282,-6600,-11046,-141.61538462,41,37,"two-contract post-signal scalp: one contract exits at first target, one runner uses selected stop mode and runner target"
1,signal_scaled_scalp:strategy=delta_impulse_continue_10bar_2.5pt_50d:direction=long:first_target_points=2:stop_points=10:runner_target_points=8:runner_stop_mode=breakeven,delta_impulse_continue_10bar_2.5pt_50d,long,2,10,8,breakeven,78,41,41,7,34,0,34,0,0,34,0.82926829,-3600,-5937,-144.80487805,41,0,"two-contract post-signal scalp: one contract exits at first target, one runner uses selected stop mode and runner target"
1,signal_scaled_scalp:strategy=delta_impulse_continue_10bar_2.5pt_50d:direction=short:first_target_points=2:stop_points=10:runner_target_points=8:runner_stop_mode=breakeven,delta_impulse_continue_10bar_2.5pt_50d,short,2,10,8,breakeven,78,37,37,6,30,0,30,1,0,30,0.81081081,-3000,-5109,-138.08108108,0,37,"two-contract post-signal scalp: one contract exits at first target, one runner uses selected stop mode and runner target"
1,signal_scaled_scalp:strategy=delta_impulse_continue_10bar_2.5pt_50d:direction=all:first_target_points=2:stop_points=10:runner_target_points=8:runner_stop_mode=initial,delta_impulse_continue_10bar_2.5pt_50d,all,2,10,8,initial,78,78,78,13,64,47,16,2,0,47,0.6025641,3825,-621,-7.96153846,41,37,"two-contract post-signal scalp: one contract exits at first target, one runner uses selected stop mode and runner target"
1,signal_scaled_scalp:strategy=delta_impulse_continue_10bar_2.5pt_50d:direction=long:first_target_points=2:stop_points=10:runner_target_points=8:runner_stop_mode=initial,delta_impulse_continue_10bar_2.5pt_50d,long,2,10,8,initial,78,41,41,7,34,27,6,1,0,27,0.65853659,3825,1488,36.29268293,41,0,"two-contract post-signal scalp: one contract exits at first target, one runner uses selected stop mode and runner target"
1,signal_scaled_scalp:strategy=delta_impulse_continue_10bar_2.5pt_50d:direction=short:first_target_points=2:stop_points=10:runner_target_points=8:runner_stop_mode=initial,delta_impulse_continue_10bar_2.5pt_50d,short,2,10,8,initial,78,37,37,6,30,20,10,1,0,20,0.54054054,0,-2109,-57,0,37,"two-contract post-signal scalp: one contract exits at first target, one runner uses selected stop mode and runner target"
1,signal_scaled_scalp:strategy=delta_impulse_continue_10bar_2.5pt_50d:direction=all:first_target_points=2:stop_points=10:runner_target_points=10:runner_stop_mode=breakeven,delta_impulse_continue_10bar_2.5pt_50d,all,2,10,10,breakeven,78,78,78,13,64,0,64,1,0,64,0.82051282,-6600,-11046,-141.61538462,41,37,"two-contract post-signal scalp: one contract exits at first target, one runner uses selected stop mode and runner target"
1,signal_scaled_scalp:strategy=delta_impulse_continue_10bar_2.5pt_50d:direction=long:first_target_points=2:stop_points=10:runner_target_points=10:runner_stop_mode=breakeven,delta_impulse_continue_10bar_2.5pt_50d,long,2,10,10,breakeven,78,41,41,7,34,0,34,0,0,34,0.82926829,-3600,-5937,-144.80487805,41,0,"two-contract post-signal scalp: one contract exits at first target, one runner uses selected stop mode and runner target"
1,signal_scaled_scalp:strategy=delta_impulse_continue_10bar_2.5pt_50d:direction=short:first_target_points=2:stop_points=10:runner_target_points=10:runner_stop_mode=breakeven,delta_impulse_continue_10bar_2.5pt_50d,short,2,10,10,breakeven,78,37,37,6,30,0,30,1,0,30,0.81081081,-3000,-5109,-138.08108108,0,37,"two-contract post-signal scalp: one contract exits at first target, one runner uses selected stop mode and runner target"
1,signal_scaled_scalp:strategy=delta_impulse_continue_10bar_2.5pt_50d:direction=all:first_target_points=2:stop_points=10:runner_target_points=10:runner_stop_mode=initial,delta_impulse_continue_10bar_2.5pt_50d,all,2,10,10,initial,78,78,78,13,64,38,24,3,0,39,0.5,325,-4121,-52.83333333,41,37,"two-contract post-signal scalp: one contract exits at first target, one runner uses selected stop mode and runner target"
1,signal_scaled_scalp:strategy=delta_impulse_continue_10bar_2.5pt_50d:direction=long:first_target_points=2:stop_points=10:runner_target_points=10:runner_stop_mode=initial,delta_impulse_continue_10bar_2.5pt_50d,long,2,10,10,initial,78,41,41,7,34,22,11,1,0,22,0.53658537,1525,-812,-19.80487805,41,0,"two-contract post-signal scalp: one contract exits at first target, one runner uses selected stop mode and runner target"
1,signal_scaled_scalp:strategy=delta_impulse_continue_10bar_2.5pt_50d:direction=short:first_target_points=2:stop_points=10:runner_target_points=10:runner_stop_mode=initial,delta_impulse_continue_10bar_2.5pt_50d,short,2,10,10,initial,78,37,37,6,30,16,13,2,0,17,0.45945946,-1200,-3309,-89.43243243,0,37,"two-contract post-signal scalp: one contract exits at first target, one runner uses selected stop mode and runner target"
1,signal_scaled_scalp:strategy=delta_impulse_continue_10bar_2.5pt_50d:direction=all:first_target_points=2:stop_points=10:runner_target_points=15:runner_stop_mode=breakeven,delta_impulse_continue_10bar_2.5pt_50d,all,2,10,15,breakeven,78,78,78,13,64,0,64,1,0,64,0.82051282,-6600,-11046,-141.61538462,41,37,"two-contract post-signal scalp: one contract exits at first target, one runner uses selected stop mode and runner target"
1,signal_scaled_scalp:strategy=delta_impulse_continue_10bar_2.5pt_50d:direction=long:first_target_points=2:stop_points=10:runner_target_points=15:runner_stop_mode=breakeven,delta_impulse_continue_10bar_2.5pt_50d,long,2,10,15,breakeven,78,41,41,7,34,0,34,0,0,34,0.82926829,-3600,-5937,-144.80487805,41,0,"two-contract post-signal scalp: one contract exits at first target, one runner uses selected stop mode and runner target"
1,signal_scaled_scalp:strategy=delta_impulse_continue_10bar_2.5pt_50d:direction=short:first_target_points=2:stop_points=10:runner_target_points=15:runner_stop_mode=breakeven,delta_impulse_continue_10bar_2.5pt_50d,short,2,10,15,breakeven,78,37,37,6,30,0,30,1,0,30,0.81081081,-3000,-5109,-138.08108108,0,37,"two-contract post-signal scalp: one contract exits at first target, one runner uses selected stop mode and runner target"
1,signal_scaled_scalp:strategy=delta_impulse_continue_10bar_2.5pt_50d:direction=all:first_target_points=2:stop_points=10:runner_target_points=15:runner_stop_mode=initial,delta_impulse_continue_10bar_2.5pt_50d,all,2,10,15,initial,78,78,78,13,64,27,34,4,0,28,0.35897436,-3537.5,-7983.5,-102.3525641,41,37,"two-contract post-signal scalp: one contract exits at first target, one runner uses selected stop mode and runner target"
1,signal_scaled_scalp:strategy=delta_impulse_continue_10bar_2.5pt_50d:direction=long:first_target_points=2:stop_points=10:runner_target_points=15:runner_stop_mode=initial,delta_impulse_continue_10bar_2.5pt_50d,long,2,10,15,initial,78,41,41,7,34,13,19,2,0,13,0.31707317,-3837.5,-6174.5,-150.59756098,41,0,"two-contract post-signal scalp: one contract exits at first target, one runner uses selected stop mode and runner target"
1,signal_scaled_scalp:strategy=delta_impulse_continue_10bar_2.5pt_50d:direction=short:first_target_points=2:stop_points=10:runner_target_points=15:runner_stop_mode=initial,delta_impulse_continue_10bar_2.5pt_50d,short,2,10,15,initial,78,37,37,6,30,14,15,2,0,15,0.40540541,300,-1809,-48.89189189,0,37,"two-contract post-signal scalp: one contract exits at first target, one runner uses selected stop mode and runner target"
1,signal_scaled_scalp:strategy=delta_impulse_continue_10bar_2.5pt_50d:direction=all:first_target_points=3:stop_points=2:runner_target_points=5:runner_stop_mode=breakeven,delta_impulse_continue_10bar_2.5pt_50d,all,3,2,5,breakeven,78,78,78,57,20,1,19,1,0,20,0.25641026,-8150,-12596,-161.48717949,41,37,"two-contract post-signal scalp: one contract exits at first target, one runner uses selected stop mode and runner target"
1,signal_scaled_scalp:strategy=delta_impulse_continue_10bar_2.5pt_50d:direction=long:first_target_points=3:stop_points=2:runner_target_points=5:runner_stop_mode=breakeven,delta_impulse_continue_10bar_2.5pt_50d,long,3,2,5,breakeven,78,41,41,30,11,1,10,0,0,11,0.26829268,-4100,-6437,-157,41,0,"two-contract post-signal scalp: one contract exits at first target, one runner uses selected stop mode and runner target"
1,signal_scaled_scalp:strategy=delta_impulse_continue_10bar_2.5pt_50d:direction=short:first_target_points=3:stop_points=2:runner_target_points=5:runner_stop_mode=breakeven,delta_impulse_continue_10bar_2.5pt_50d,short,3,2,5,breakeven,78,37,37,27,9,0,9,1,0,9,0.24324324,-4050,-6159,-166.45945946,0,37,"two-contract post-signal scalp: one contract exits at first target, one runner uses selected stop mode and runner target"
1,signal_scaled_scalp:strategy=delta_impulse_continue_10bar_2.5pt_50d:direction=all:first_target_points=3:stop_points=2:runner_target_points=5:runner_stop_mode=initial,delta_impulse_continue_10bar_2.5pt_50d,all,3,2,5,initial,78,78,78,57,20,15,5,1,0,15,0.19230769,-5150,-9596,-123.02564103,41,37,"two-contract post-signal scalp: one contract exits at first target, one runner uses selected stop mode and runner target"
1,signal_scaled_scalp:strategy=delta_impulse_continue_10bar_2.5pt_50d:direction=long:first_target_points=3:stop_points=2:runner_target_points=5:runner_stop_mode=initial,delta_impulse_continue_10bar_2.5pt_50d,long,3,2,5,initial,78,41,41,30,11,10,1,0,0,10,0.24390244,-1950,-4287,-104.56097561,41,0,"two-contract post-signal scalp: one contract exits at first target, one runner uses selected stop mode and runner target"
1,signal_scaled_scalp:strategy=delta_impulse_continue_10bar_2.5pt_50d:direction=short:first_target_points=3:stop_points=2:runner_target_points=5:runner_stop_mode=initial,delta_impulse_continue_10bar_2.5pt_50d,short,3,2,5,initial,78,37,37,27,9,5,4,1,0,5,0.13513514,-3200,-5309,-143.48648649,0,37,"two-contract post-signal scalp: one contract exits at first target, one runner uses selected stop mode and runner target"
1,signal_scaled_scalp:strategy=delta_impulse_continue_10bar_2.5pt_50d:direction=all:first_target_points=3:stop_points=2:runner_target_points=8:runner_stop_mode=breakeven,delta_impulse_continue_10bar_2.5pt_50d,all,3,2,8,breakeven,78,78,78,57,20,1,19,1,0,20,0.25641026,-8000,-12446,-159.56410256,41,37,"two-contract post-signal scalp: one contract exits at first target, one runner uses selected stop mode and runner target"
1,signal_scaled_scalp:strategy=delta_impulse_continue_10bar_2.5pt_50d:direction=long:first_target_points=3:stop_points=2:runner_target_points=8:runner_stop_mode=breakeven,delta_impulse_continue_10bar_2.5pt_50d,long,3,2,8,breakeven,78,41,41,30,11,1,10,0,0,11,0.26829268,-3950,-6287,-153.34146341,41,0,"two-contract post-signal scalp: one contract exits at first target, one runner uses selected stop mode and runner target"
1,signal_scaled_scalp:strategy=delta_impulse_continue_10bar_2.5pt_50d:direction=short:first_target_points=3:stop_points=2:runner_target_points=8:runner_stop_mode=breakeven,delta_impulse_continue_10bar_2.5pt_50d,short,3,2,8,breakeven,78,37,37,27,9,0,9,1,0,9,0.24324324,-4050,-6159,-166.45945946,0,37,"two-contract post-signal scalp: one contract exits at first target, one runner uses selected stop mode and runner target"
1,signal_scaled_scalp:strategy=delta_impulse_continue_10bar_2.5pt_50d:direction=all:first_target_points=3:stop_points=2:runner_target_points=8:runner_stop_mode=initial,delta_impulse_continue_10bar_2.5pt_50d,all,3,2,8,initial,78,78,78,57,20,13,7,1,0,13,0.16666667,-3900,-8346,-107,41,37,"two-contract post-signal scalp: one contract exits at first target, one runner uses selected stop mode and runner target"
1,signal_scaled_scalp:strategy=delta_impulse_continue_10bar_2.5pt_50d:direction=long:first_target_points=3:stop_points=2:runner_target_points=8:runner_stop_mode=initial,delta_impulse_continue_10bar_2.5pt_50d,long,3,2,8,initial,78,41,41,30,11,9,2,0,0,9,0.2195122,-950,-3287,-80.17073171,41,0,"two-contract post-signal scalp: one contract exits at first target, one runner uses selected stop mode and runner target"
1,signal_scaled_scalp:strategy=delta_impulse_continue_10bar_2.5pt_50d:direction=short:first_target_points=3:stop_points=2:runner_target_points=8:runner_stop_mode=initial,delta_impulse_continue_10bar_2.5pt_50d,short,3,2,8,initial,78,37,37,27,9,4,5,1,0,4,0.10810811,-2950,-5059,-136.72972973,0,37,"two-contract post-signal scalp: one contract exits at first target, one runner uses selected stop mode and runner target"
1,signal_scaled_scalp:strategy=delta_impulse_continue_10bar_2.5pt_50d:direction=all:first_target_points=3:stop_points=2:runner_target_points=10:runner_stop_mode=breakeven,delta_impulse_continue_10bar_2.5pt_50d,all,3,2,10,breakeven,78,78,78,57,20,1,19,1,0,20,0.25641026,-7900,-12346,-158.28205128,41,37,"two-contract post-signal scalp: one contract exits at first target, one runner uses selected stop mode and runner target"
1,signal_scaled_scalp:strategy=delta_impulse_continue_10bar_2.5pt_50d:direction=long:first_target_points=3:stop_points=2:runner_target_points=10:runner_stop_mode=breakeven,delta_impulse_continue_10bar_2.5pt_50d,long,3,2,10,breakeven,78,41,41,30,11,1,10,0,0,11,0.26829268,-3850,-6187,-150.90243902,41,0,"two-contract post-signal scalp: one contract exits at first target, one runner uses selected stop mode and runner target"
1,signal_scaled_scalp:strategy=delta_impulse_continue_10bar_2.5pt_50d:direction=short:first_target_points=3:stop_points=2:runner_target_points=10:runner_stop_mode=breakeven,delta_impulse_continue_10bar_2.5pt_50d,short,3,2,10,breakeven,78,37,37,27,9,0,9,1,0,9,0.24324324,-4050,-6159,-166.45945946,0,37,"two-contract post-signal scalp: one contract exits at first target, one runner uses selected stop mode and runner target"
1,signal_scaled_scalp:strategy=delta_impulse_continue_10bar_2.5pt_50d:direction=all:first_target_points=3:stop_points=2:runner_target_points=10:runner_stop_mode=initial,delta_impulse_continue_10bar_2.5pt_50d,all,3,2,10,initial,78,78,78,57,20,11,9,1,0,11,0.14102564,-3800,-8246,-105.71794872,41,37,"two-contract post-signal scalp: one contract exits at first target, one runner uses selected stop mode and runner target"
1,signal_scaled_scalp:strategy=delta_impulse_continue_10bar_2.5pt_50d:direction=long:first_target_points=3:stop_points=2:runner_target_points=10:runner_stop_mode=initial,delta_impulse_continue_10bar_2.5pt_50d,long,3,2,10,initial,78,41,41,30,11,8,3,0,0,8,0.19512195,-650,-2987,-72.85365854,41,0,"two-contract post-signal scalp: one contract exits at first target, one runner uses selected stop mode and runner target"
1,signal_scaled_scalp:strategy=delta_impulse_continue_10bar_2.5pt_50d:direction=short:first_target_points=3:stop_points=2:runner_target_points=10:runner_stop_mode=initial,delta_impulse_continue_10bar_2.5pt_50d,short,3,2,10,initial,78,37,37,27,9,3,6,1,0,3,0.08108108,-3150,-5259,-142.13513514,0,37,"two-contract post-signal scalp: one contract exits at first target, one runner uses selected stop mode and runner target"
1,signal_scaled_scalp:strategy=delta_impulse_continue_10bar_2.5pt_50d:direction=all:first_target_points=3:stop_points=2:runner_target_points=15:runner_stop_mode=breakeven,delta_impulse_continue_10bar_2.5pt_50d,all,3,2,15,breakeven,78,78,78,57,20,0,20,1,0,20,0.25641026,-8400,-12846,-164.69230769,41,37,"two-contract post-signal scalp: one contract exits at first target, one runner uses selected stop mode and runner target"
1,signal_scaled_scalp:strategy=delta_impulse_continue_10bar_2.5pt_50d:direction=long:first_target_points=3:stop_points=2:runner_target_points=15:runner_stop_mode=breakeven,delta_impulse_continue_10bar_2.5pt_50d,long,3,2,15,breakeven,78,41,41,30,11,0,11,0,0,11,0.26829268,-4350,-6687,-163.09756098,41,0,"two-contract post-signal scalp: one contract exits at first target, one runner uses selected stop mode and runner target"
1,signal_scaled_scalp:strategy=delta_impulse_continue_10bar_2.5pt_50d:direction=short:first_target_points=3:stop_points=2:runner_target_points=15:runner_stop_mode=breakeven,delta_impulse_continue_10bar_2.5pt_50d,short,3,2,15,breakeven,78,37,37,27,9,0,9,1,0,9,0.24324324,-4050,-6159,-166.45945946,0,37,"two-contract post-signal scalp: one contract exits at first target, one runner uses selected stop mode and runner target"
1,signal_scaled_scalp:strategy=delta_impulse_continue_10bar_2.5pt_50d:direction=all:first_target_points=3:stop_points=2:runner_target_points=15:runner_stop_mode=initial,delta_impulse_continue_10bar_2.5pt_50d,all,3,2,15,initial,78,78,78,57,20,4,16,1,0,4,0.05128205,-7000,-11446,-146.74358974,41,37,"two-contract post-signal scalp: one contract exits at first target, one runner uses selected stop mode and runner target"
1,signal_scaled_scalp:strategy=delta_impulse_continue_10bar_2.5pt_50d:direction=long:first_target_points=3:stop_points=2:runner_target_points=15:runner_stop_mode=initial,delta_impulse_continue_10bar_2.5pt_50d,long,3,2,15,initial,78,41,41,30,11,4,7,0,0,4,0.09756098,-2050,-4387,-107,41,0,"two-contract post-signal scalp: one contract exits at first target, one runner uses selected stop mode and runner target"
1,signal_scaled_scalp:strategy=delta_impulse_continue_10bar_2.5pt_50d:direction=short:first_target_points=3:stop_points=2:runner_target_points=15:runner_stop_mode=initial,delta_impulse_continue_10bar_2.5pt_50d,short,3,2,15,initial,78,37,37,27,9,0,9,1,0,0,0,-4950,-7059,-190.78378378,0,37,"two-contract post-signal scalp: one contract exits at first target, one runner uses selected stop mode and runner target"
1,signal_scaled_scalp:strategy=delta_impulse_continue_10bar_2.5pt_50d:direction=all:first_target_points=3:stop_points=3:runner_target_points=5:runner_stop_mode=breakeven,delta_impulse_continue_10bar_2.5pt_50d,all,3,3,5,breakeven,78,78,78,50,27,3,24,1,0,27,0.34615385,-10200,-14646,-187.76923077,41,37,"two-contract post-signal scalp: one contract exits at first target, one runner uses selected stop mode and runner target"
1,signal_scaled_scalp:strategy=delta_impulse_continue_10bar_2.5pt_50d:direction=long:first_target_points=3:stop_points=3:runner_target_points=5:runner_stop_mode=breakeven,delta_impulse_continue_10bar_2.5pt_50d,long,3,3,5,breakeven,78,41,41,26,15,2,13,0,0,15,0.36585366,-5050,-7387,-180.17073171,41,0,"two-contract post-signal scalp: one contract exits at first target, one runner uses selected stop mode and runner target"
1,signal_scaled_scalp:strategy=delta_impulse_continue_10bar_2.5pt_50d:direction=short:first_target_points=3:stop_points=3:runner_target_points=5:runner_stop_mode=breakeven,delta_impulse_continue_10bar_2.5pt_50d,short,3,3,5,breakeven,78,37,37,24,12,1,11,1,0,12,0.32432432,-5150,-7259,-196.18918919,0,37,"two-contract post-signal scalp: one contract exits at first target, one runner uses selected stop mode and runner target"
1,signal_scaled_scalp:strategy=delta_impulse_continue_10bar_2.5pt_50d:direction=all:first_target_points=3:stop_points=3:runner_target_points=5:runner_stop_mode=initial,delta_impulse_continue_10bar_2.5pt_50d,all,3,3,5,initial,78,78,78,50,27,22,5,1,0,22,0.28205128,-6200,-10646,-136.48717949,41,37,"two-contract post-signal scalp: one contract exits at first target, one runner uses selected stop mode and runner target"
1,signal_scaled_scalp:strategy=delta_impulse_continue_10bar_2.5pt_50d:direction=long:first_target_points=3:stop_points=3:runner_target_points=5:runner_stop_mode=initial,delta_impulse_continue_10bar_2.5pt_50d,long,3,3,5,initial,78,41,41,26,15,13,2,0,0,13,0.31707317,-2600,-4937,-120.41463415,41,0,"two-contract post-signal scalp: one contract exits at first target, one runner uses selected stop mode and runner target"
1,signal_scaled_scalp:strategy=delta_impulse_continue_10bar_2.5pt_50d:direction=short:first_target_points=3:stop_points=3:runner_target_points=5:runner_stop_mode=initial,delta_impulse_continue_10bar_2.5pt_50d,short,3,3,5,initial,78,37,37,24,12,9,3,1,0,9,0.24324324,-3600,-5709,-154.2972973,0,37,"two-contract post-signal scalp: one contract exits at first target, one runner uses selected stop mode and runner target"
1,signal_scaled_scalp:strategy=delta_impulse_continue_10bar_2.5pt_50d:direction=all:first_target_points=3:stop_points=3:runner_target_points=8:runner_stop_mode=breakeven,delta_impulse_continue_10bar_2.5pt_50d,all,3,3,8,breakeven,78,78,78,50,27,3,24,1,0,27,0.34615385,-9750,-14196,-182,41,37,"two-contract post-signal scalp: one contract exits at first target, one runner uses selected stop mode and runner target"
1,signal_scaled_scalp:strategy=delta_impulse_continue_10bar_2.5pt_50d:direction=long:first_target_points=3:stop_points=3:runner_target_points=8:runner_stop_mode=breakeven,delta_impulse_continue_10bar_2.5pt_50d,long,3,3,8,breakeven,78,41,41,26,15,2,13,0,0,15,0.36585366,-4750,-7087,-172.85365854,41,0,"two-contract post-signal scalp: one contract exits at first target, one runner uses selected stop mode and runner target"
1,signal_scaled_scalp:strategy=delta_impulse_continue_10bar_2.5pt_50d:direction=short:first_target_points=3:stop_points=3:runner_target_points=8:runner_stop_mode=breakeven,delta_impulse_continue_10bar_2.5pt_50d,short,3,3,8,breakeven,78,37,37,24,12,1,11,1,0,12,0.32432432,-5000,-7109,-192.13513514,0,37,"two-contract post-signal scalp: one contract exits at first target, one runner uses selected stop mode and runner target"
1,signal_scaled_scalp:strategy=delta_impulse_continue_10bar_2.5pt_50d:direction=all:first_target_points=3:stop_points=3:runner_target_points=8:runner_stop_mode=initial,delta_impulse_continue_10bar_2.5pt_50d,all,3,3,8,initial,78,78,78,50,27,18,9,1,0,18,0.23076923,-5100,-9546,-122.38461538,41,37,"two-contract post-signal scalp: one contract exits at first target, one runner uses selected stop mode and runner target"
1,signal_scaled_scalp:strategy=delta_impulse_continue_10bar_2.5pt_50d:direction=long:first_target_points=3:stop_points=3:runner_target_points=8:runner_stop_mode=initial,delta_impulse_continue_10bar_2.5pt_50d,long,3,3,8,initial,78,41,41,26,15,11,4,0,0,11,0.26829268,-1750,-4087,-99.68292683,41,0,"two-contract post-signal scalp: one contract exits at first target, one runner uses selected stop mode and runner target"
1,signal_scaled_scalp:strategy=delta_impulse_continue_10bar_2.5pt_50d:direction=short:first_target_points=3:stop_points=3:runner_target_points=8:runner_stop_mode=initial,delta_impulse_continue_10bar_2.5pt_50d,short,3,3,8,initial,78,37,37,24,12,7,5,1,0,7,0.18918919,-3350,-5459,-147.54054054,0,37,"two-contract post-signal scalp: one contract exits at first target, one runner uses selected stop mode and runner target"
1,signal_scaled_scalp:strategy=delta_impulse_continue_10bar_2.5pt_50d:direction=all:first_target_points=3:stop_points=3:runner_target_points=10:runner_stop_mode=breakeven,delta_impulse_continue_10bar_2.5pt_50d,all,3,3,10,breakeven,78,78,78,50,27,3,24,1,0,27,0.34615385,-9450,-13896,-178.15384615,41,37,"two-contract post-signal scalp: one contract exits at first target, one runner uses selected stop mode and runner target"
1,signal_scaled_scalp:strategy=delta_impulse_continue_10bar_2.5pt_50d:direction=long:first_target_points=3:stop_points=3:runner_target_points=10:runner_stop_mode=breakeven,delta_impulse_continue_10bar_2.5pt_50d,long,3,3,10,breakeven,78,41,41,26,15,2,13,0,0,15,0.36585366,-4550,-6887,-167.97560976,41,0,"two-contract post-signal scalp: one contract exits at first target, one runner uses selected stop mode and runner target"
1,signal_scaled_scalp:strategy=delta_impulse_continue_10bar_2.5pt_50d:direction=short:first_target_points=3:stop_points=3:runner_target_points=10:runner_stop_mode=breakeven,delta_impulse_continue_10bar_2.5pt_50d,short,3,3,10,breakeven,78,37,37,24,12,1,11,1,0,12,0.32432432,-4900,-7009,-189.43243243,0,37,"two-contract post-signal scalp: one contract exits at first target, one runner uses selected stop mode and runner target"
1,signal_scaled_scalp:strategy=delta_impulse_continue_10bar_2.5pt_50d:direction=all:first_target_points=3:stop_points=3:runner_target_points=10:runner_stop_mode=initial,delta_impulse_continue_10bar_2.5pt_50d,all,3,3,10,initial,78,78,78,50,27,15,12,1,0,15,0.19230769,-5250,-9696,-124.30769231,41,37,"two-contract post-signal scalp: one contract exits at first target, one runner uses selected stop mode and runner target"
1,signal_scaled_scalp:strategy=delta_impulse_continue_10bar_2.5pt_50d:direction=long:first_target_points=3:stop_points=3:runner_target_points=10:runner_stop_mode=initial,delta_impulse_continue_10bar_2.5pt_50d,long,3,3,10,initial,78,41,41,26,15,9,6,0,0,9,0.2195122,-1950,-4287,-104.56097561,41,0,"two-contract post-signal scalp: one contract exits at first target, one runner uses selected stop mode and runner target"
1,signal_scaled_scalp:strategy=delta_impulse_continue_10bar_2.5pt_50d:direction=short:first_target_points=3:stop_points=3:runner_target_points=10:runner_stop_mode=initial,delta_impulse_continue_10bar_2.5pt_50d,short,3,3,10,initial,78,37,37,24,12,6,6,1,0,6,0.16216216,-3300,-5409,-146.18918919,0,37,"two-contract post-signal scalp: one contract exits at first target, one runner uses selected stop mode and runner target"
1,signal_scaled_scalp:strategy=delta_impulse_continue_10bar_2.5pt_50d:direction=all:first_target_points=3:stop_points=3:runner_target_points=15:runner_stop_mode=breakeven,delta_impulse_continue_10bar_2.5pt_50d,all,3,3,15,breakeven,78,78,78,50,27,2,25,1,0,27,0.34615385,-9450,-13896,-178.15384615,41,37,"two-contract post-signal scalp: one contract exits at first target, one runner uses selected stop mode and runner target"
1,signal_scaled_scalp:strategy=delta_impulse_continue_10bar_2.5pt_50d:direction=long:first_target_points=3:stop_points=3:runner_target_points=15:runner_stop_mode=breakeven,delta_impulse_continue_10bar_2.5pt_50d,long,3,3,15,breakeven,78,41,41,26,15,1,14,0,0,15,0.36585366,-4800,-7137,-174.07317073,41,0,"two-contract post-signal scalp: one contract exits at first target, one runner uses selected stop mode and runner target"
1,signal_scaled_scalp:strategy=delta_impulse_continue_10bar_2.5pt_50d:direction=short:first_target_points=3:stop_points=3:runner_target_points=15:runner_stop_mode=breakeven,delta_impulse_continue_10bar_2.5pt_50d,short,3,3,15,breakeven,78,37,37,24,12,1,11,1,0,12,0.32432432,-4650,-6759,-182.67567568,0,37,"two-contract post-signal scalp: one contract exits at first target, one runner uses selected stop mode and runner target"
1,signal_scaled_scalp:strategy=delta_impulse_continue_10bar_2.5pt_50d:direction=all:first_target_points=3:stop_points=3:runner_target_points=15:runner_stop_mode=initial,delta_impulse_continue_10bar_2.5pt_50d,all,3,3,15,initial,78,78,78,50,27,8,19,1,0,8,0.1025641,-7800,-12246,-157,41,37,"two-contract post-signal scalp: one contract exits at first target, one runner uses selected stop mode and runner target"
1,signal_scaled_scalp:strategy=delta_impulse_continue_10bar_2.5pt_50d:direction=long:first_target_points=3:stop_points=3:runner_target_points=15:runner_stop_mode=initial,delta_impulse_continue_10bar_2.5pt_50d,long,3,3,15,initial,78,41,41,26,15,5,10,0,0,5,0.12195122,-3300,-5637,-137.48780488,41,0,"two-contract post-signal scalp: one contract exits at first target, one runner uses selected stop mode and runner target"
1,signal_scaled_scalp:strategy=delta_impulse_continue_10bar_2.5pt_50d:direction=short:first_target_points=3:stop_points=3:runner_target_points=15:runner_stop_mode=initial,delta_impulse_continue_10bar_2.5pt_50d,short,3,3,15,initial,78,37,37,24,12,3,9,1,0,3,0.08108108,-4500,-6609,-178.62162162,0,37,"two-contract post-signal scalp: one contract exits at first target, one runner uses selected stop mode and runner target"
1,signal_scaled_scalp:strategy=delta_impulse_continue_10bar_2.5pt_50d:direction=all:first_target_points=3:stop_points=4:runner_target_points=5:runner_stop_mode=breakeven,delta_impulse_continue_10bar_2.5pt_50d,all,3,4,5,breakeven,78,78,78,45,32,3,29,1,0,32,0.41025641,-12450,-16896,-216.61538462,41,37,"two-contract post-signal scalp: one contract exits at first target, one runner uses selected stop mode and runner target"
1,signal_scaled_scalp:strategy=delta_impulse_continue_10bar_2.5pt_50d:direction=long:first_target_points=3:stop_points=4:runner_target_points=5:runner_stop_mode=breakeven,delta_impulse_continue_10bar_2.5pt_50d,long,3,4,5,breakeven,78,41,41,24,17,2,15,0,0,17,0.41463415,-6550,-8887,-216.75609756,41,0,"two-contract post-signal scalp: one contract exits at first target, one runner uses selected stop mode and runner target"
1,signal_scaled_scalp:strategy=delta_impulse_continue_10bar_2.5pt_50d:direction=short:first_target_points=3:stop_points=4:runner_target_points=5:runner_stop_mode=breakeven,delta_impulse_continue_10bar_2.5pt_50d,short,3,4,5,breakeven,78,37,37,21,15,1,14,1,0,15,0.40540541,-5900,-8009,-216.45945946,0,37,"two-contract post-signal scalp: one contract exits at first target, one runner uses selected stop mode and runner target"
1,signal_scaled_scalp:strategy=delta_impulse_continue_10bar_2.5pt_50d:direction=all:first_target_points=3:stop_points=4:runner_target_points=5:runner_stop_mode=initial,delta_impulse_continue_10bar_2.5pt_50d,all,3,4,5,initial,78,78,78,45,32,26,6,1,0,26,0.33333333,-7900,-12346,-158.28205128,41,37,"two-contract post-signal scalp: one contract exits at first target, one runner uses selected stop mode and runner target"
1,signal_scaled_scalp:strategy=delta_impulse_continue_10bar_2.5pt_50d:direction=long:first_target_points=3:stop_points=4:runner_target_points=5:runner_stop_mode=initial,delta_impulse_continue_10bar_2.5pt_50d,long,3,4,5,initial,78,41,41,24,17,14,3,0,0,14,0.34146341,-4150,-6487,-158.2195122,41,0,"two-contract post-signal scalp: one contract exits at first target, one runner uses selected stop mode and runner target"
1,signal_scaled_scalp:strategy=delta_impulse_continue_10bar_2.5pt_50d:direction=short:first_target_points=3:stop_points=4:runner_target_points=5:runner_stop_mode=initial,delta_impulse_continue_10bar_2.5pt_50d,short,3,4,5,initial,78,37,37,21,15,12,3,1,0,12,0.32432432,-3750,-5859,-158.35135135,0,37,"two-contract post-signal scalp: one contract exits at first target, one runner uses selected stop mode and runner target"
1,signal_scaled_scalp:strategy=delta_impulse_continue_10bar_2.5pt_50d:direction=all:first_target_points=3:stop_points=4:runner_target_points=8:runner_stop_mode=breakeven,delta_impulse_continue_10bar_2.5pt_50d,all,3,4,8,breakeven,78,78,78,45,32,3,29,1,0,32,0.41025641,-12000,-16446,-210.84615385,41,37,"two-contract post-signal scalp: one contract exits at first target, one runner uses selected stop mode and runner target"
1,signal_scaled_scalp:strategy=delta_impulse_continue_10bar_2.5pt_50d:direction=long:first_target_points=3:stop_points=4:runner_target_points=8:runner_stop_mode=breakeven,delta_impulse_continue_10bar_2.5pt_50d,long,3,4,8,breakeven,78,41,41,24,17,2,15,0,0,17,0.41463415,-6250,-8587,-209.43902439,41,0,"two-contract post-signal scalp: one contract exits at first target, one runner uses selected stop mode and runner target"
1,signal_scaled_scalp:strategy=delta_impulse_continue_10bar_2.5pt_50d:direction=short:first_target_points=3:stop_points=4:runner_target_points=8:runner_stop_mode=breakeven,delta_impulse_continue_10bar_2.5pt_50d,short,3,4,8,breakeven,78,37,37,21,15,1,14,1,0,15,0.40540541,-5750,-7859,-212.40540541,0,37,"two-contract post-signal scalp: one contract exits at first target, one runner uses selected stop mode and runner target"
1,signal_scaled_scalp:strategy=delta_impulse_continue_10bar_2.5pt_50d:direction=all:first_target_points=3:stop_points=4:runner_target_points=8:runner_stop_mode=initial,delta_impulse_continue_10bar_2.5pt_50d,all,3,4,8,initial,78,78,78,45,32,21,11,1,0,21,0.26923077,-7000,-11446,-146.74358974,41,37,"two-contract post-signal scalp: one contract exits at first target, one runner uses selected stop mode and runner target"
1,signal_scaled_scalp:strategy=delta_impulse_continue_10bar_2.5pt_50d:direction=long:first_target_points=3:stop_points=4:runner_target_points=8:runner_stop_mode=initial,delta_impulse_continue_10bar_2.5pt_50d,long,3,4,8,initial,78,41,41,24,17,12,5,0,0,12,0.29268293,-3250,-5587,-136.26829268,41,0,"two-contract post-signal scalp: one contract exits at first target, one runner uses selected stop mode and runner target"
1,signal_scaled_scalp:strategy=delta_impulse_continue_10bar_2.5pt_50d:direction=short:first_target_points=3:stop_points=4:runner_target_points=8:runner_stop_mode=initial,delta_impulse_continue_10bar_2.5pt_50d,short,3,4,8,initial,78,37,37,21,15,9,6,1,0,9,0.24324324,-3750,-5859,-158.35135135,0,37,"two-contract post-signal scalp: one contract exits at first target, one runner uses selected stop mode and runner target"
1,signal_scaled_scalp:strategy=delta_impulse_continue_10bar_2.5pt_50d:direction=all:first_target_points=3:stop_points=4:runner_target_points=10:runner_stop_mode=breakeven,delta_impulse_continue_10bar_2.5pt_50d,all,3,4,10,breakeven,78,78,78,45,32,3,29,1,0,32,0.41025641,-11700,-16146,-207,41,37,"two-contract post-signal scalp: one contract exits at first target, one runner uses selected stop mode and runner target"
1,signal_scaled_scalp:strategy=delta_impulse_continue_10bar_2.5pt_50d:direction=long:first_target_points=3:stop_points=4:runner_target_points=10:runner_stop_mode=breakeven,delta_impulse_continue_10bar_2.5pt_50d,long,3,4,10,breakeven,78,41,41,24,17,2,15,0,0,17,0.41463415,-6050,-8387,-204.56097561,41,0,"two-contract post-signal scalp: one contract exits at first target, one runner uses selected stop mode and runner target"
1,signal_scaled_scalp:strategy=delta_impulse_continue_10bar_2.5pt_50d:direction=short:first_target_points=3:stop_points=4:runner_target_points=10:runner_stop_mode=breakeven,delta_impulse_continue_10bar_2.5pt_50d,short,3,4,10,breakeven,78,37,37,21,15,1,14,1,0,15,0.40540541,-5650,-7759,-209.7027027,0,37,"two-contract post-signal scalp: one contract exits at first target, one runner uses selected stop mode and runner target"
1,signal_scaled_scalp:strategy=delta_impulse_continue_10bar_2.5pt_50d:direction=all:first_target_points=3:stop_points=4:runner_target_points=10:runner_stop_mode=initial,delta_impulse_continue_10bar_2.5pt_50d,all,3,4,10,initial,78,78,78,45,32,17,15,1,0,17,0.21794872,-7700,-12146,-155.71794872,41,37,"two-contract post-signal scalp: one contract exits at first target, one runner uses selected stop mode and runner target"
1,signal_scaled_scalp:strategy=delta_impulse_continue_10bar_2.5pt_50d:direction=long:first_target_points=3:stop_points=4:runner_target_points=10:runner_stop_mode=initial,delta_impulse_continue_10bar_2.5pt_50d,long,3,4,10,initial,78,41,41,24,17,9,8,0,0,9,0.2195122,-4150,-6487,-158.2195122,41,0,"two-contract post-signal scalp: one contract exits at first target, one runner uses selected stop mode and runner target"
1,signal_scaled_scalp:strategy=delta_impulse_continue_10bar_2.5pt_50d:direction=short:first_target_points=3:stop_points=4:runner_target_points=10:runner_stop_mode=initial,delta_impulse_continue_10bar_2.5pt_50d,short,3,4,10,initial,78,37,37,21,15,8,7,1,0,8,0.21621622,-3550,-5659,-152.94594595,0,37,"two-contract post-signal scalp: one contract exits at first target, one runner uses selected stop mode and runner target"
1,signal_scaled_scalp:strategy=delta_impulse_continue_10bar_2.5pt_50d:direction=all:first_target_points=3:stop_points=4:runner_target_points=15:runner_stop_mode=breakeven,delta_impulse_continue_10bar_2.5pt_50d,all,3,4,15,breakeven,78,78,78,45,32,2,30,1,0,32,0.41025641,-11700,-16146,-207,41,37,"two-contract post-signal scalp: one contract exits at first target, one runner uses selected stop mode and runner target"
1,signal_scaled_scalp:strategy=delta_impulse_continue_10bar_2.5pt_50d:direction=long:first_target_points=3:stop_points=4:runner_target_points=15:runner_stop_mode=breakeven,delta_impulse_continue_10bar_2.5pt_50d,long,3,4,15,breakeven,78,41,41,24,17,1,16,0,0,17,0.41463415,-6300,-8637,-210.65853659,41,0,"two-contract post-signal scalp: one contract exits at first target, one runner uses selected stop mode and runner target"
1,signal_scaled_scalp:strategy=delta_impulse_continue_10bar_2.5pt_50d:direction=short:first_target_points=3:stop_points=4:runner_target_points=15:runner_stop_mode=breakeven,delta_impulse_continue_10bar_2.5pt_50d,short,3,4,15,breakeven,78,37,37,21,15,1,14,1,0,15,0.40540541,-5400,-7509,-202.94594595,0,37,"two-contract post-signal scalp: one contract exits at first target, one runner uses selected stop mode and runner target"
1,signal_scaled_scalp:strategy=delta_impulse_continue_10bar_2.5pt_50d:direction=all:first_target_points=3:stop_points=4:runner_target_points=15:runner_stop_mode=initial,delta_impulse_continue_10bar_2.5pt_50d,all,3,4,15,initial,78,78,78,45,32,11,21,1,0,11,0.14102564,-9150,-13596,-174.30769231,41,37,"two-contract post-signal scalp: one contract exits at first target, one runner uses selected stop mode and runner target"
1,signal_scaled_scalp:strategy=delta_impulse_continue_10bar_2.5pt_50d:direction=long:first_target_points=3:stop_points=4:runner_target_points=15:runner_stop_mode=initial,delta_impulse_continue_10bar_2.5pt_50d,long,3,4,15,initial,78,41,41,24,17,5,12,0,0,5,0.12195122,-5700,-8037,-196.02439024,41,0,"two-contract post-signal scalp: one contract exits at first target, one runner uses selected stop mode and runner target"
1,signal_scaled_scalp:strategy=delta_impulse_continue_10bar_2.5pt_50d:direction=short:first_target_points=3:stop_points=4:runner_target_points=15:runner_stop_mode=initial,delta_impulse_continue_10bar_2.5pt_50d,short,3,4,15,initial,78,37,37,21,15,6,9,1,0,6,0.16216216,-3450,-5559,-150.24324324,0,37,"two-contract post-signal scalp: one contract exits at first target, one runner uses selected stop mode and runner target"
1,signal_scaled_scalp:strategy=delta_impulse_continue_10bar_2.5pt_50d:direction=all:first_target_points=3:stop_points=5:runner_target_points=5:runner_stop_mode=breakeven,delta_impulse_continue_10bar_2.5pt_50d,all,3,5,5,breakeven,78,78,78,35,42,5,37,1,0,42,0.53846154,-9950,-14396,-184.56410256,41,37,"two-contract post-signal scalp: one contract exits at first target, one runner uses selected stop mode and runner target"
1,signal_scaled_scalp:strategy=delta_impulse_continue_10bar_2.5pt_50d:direction=long:first_target_points=3:stop_points=5:runner_target_points=5:runner_stop_mode=breakeven,delta_impulse_continue_10bar_2.5pt_50d,long,3,5,5,breakeven,78,41,41,16,25,4,21,0,0,25,0.6097561,-3250,-5587,-136.26829268,41,0,"two-contract post-signal scalp: one contract exits at first target, one runner uses selected stop mode and runner target"
1,signal_scaled_scalp:strategy=delta_impulse_continue_10bar_2.5pt_50d:direction=short:first_target_points=3:stop_points=5:runner_target_points=5:runner_stop_mode=breakeven,delta_impulse_continue_10bar_2.5pt_50d,short,3,5,5,breakeven,78,37,37,19,17,1,16,1,0,17,0.45945946,-6700,-8809,-238.08108108,0,37,"two-contract post-signal scalp: one contract exits at first target, one runner uses selected stop mode and runner target"
1,signal_scaled_scalp:strategy=delta_impulse_continue_10bar_2.5pt_50d:direction=all:first_target_points=3:stop_points=5:runner_target_points=5:runner_stop_mode=initial,delta_impulse_continue_10bar_2.5pt_50d,all,3,5,5,initial,78,78,78,35,42,35,7,1,0,35,0.44871795,-4200,-8646,-110.84615385,41,37,"two-contract post-signal scalp: one contract exits at first target, one runner uses selected stop mode and runner target"
1,signal_scaled_scalp:strategy=delta_impulse_continue_10bar_2.5pt_50d:direction=long:first_target_points=3:stop_points=5:runner_target_points=5:runner_stop_mode=initial,delta_impulse_continue_10bar_2.5pt_50d,long,3,5,5,initial,78,41,41,16,25,21,4,0,0,21,0.51219512,0,-2337,-57,41,0,"two-contract post-signal scalp: one contract exits at first target, one runner uses selected stop mode and runner target"
1,signal_scaled_scalp:strategy=delta_impulse_continue_10bar_2.5pt_50d:direction=short:first_target_points=3:stop_points=5:runner_target_points=5:runner_stop_mode=initial,delta_impulse_continue_10bar_2.5pt_50d,short,3,5,5,initial,78,37,37,19,17,14,3,1,0,14,0.37837838,-4200,-6309,-170.51351351,0,37,"two-contract post-signal scalp: one contract exits at first target, one runner uses selected stop mode and runner target"
1,signal_scaled_scalp:strategy=delta_impulse_continue_10bar_2.5pt_50d:direction=all:first_target_points=3:stop_points=5:runner_target_points=8:runner_stop_mode=breakeven,delta_impulse_continue_10bar_2.5pt_50d,all,3,5,8,breakeven,78,78,78,35,42,4,38,1,0,42,0.53846154,-9600,-14046,-180.07692308,41,37,"two-contract post-signal scalp: one contract exits at first target, one runner uses selected stop mode and runner target"
1,signal_scaled_scalp:strategy=delta_impulse_continue_10bar_2.5pt_50d:direction=long:first_target_points=3:stop_points=5:runner_target_points=8:runner_stop_mode=breakeven,delta_impulse_continue_10bar_2.5pt_50d,long,3,5,8,breakeven,78,41,41,16,25,3,22,0,0,25,0.6097561,-3050,-5387,-131.3902439,41,0,"two-contract post-signal scalp: one contract exits at first target, one runner uses selected stop mode and runner target"
1,signal_scaled_scalp:strategy=delta_impulse_continue_10bar_2.5pt_50d:direction=short:first_target_points=3:stop_points=5:runner_target_points=8:runner_stop_mode=breakeven,delta_impulse_continue_10bar_2.5pt_50d,short,3,5,8,breakeven,78,37,37,19,17,1,16,1,0,17,0.45945946,-6550,-8659,-234.02702703,0,37,"two-contract post-signal scalp: one contract exits at first target, one runner uses selected stop mode and runner target"
1,signal_scaled_scalp:strategy=delta_impulse_continue_10bar_2.5pt_50d:direction=all:first_target_points=3:stop_points=5:runner_target_points=8:runner_stop_mode=initial,delta_impulse_continue_10bar_2.5pt_50d,all,3,5,8,initial,78,78,78,35,42,29,13,1,0,29,0.37179487,-2850,-7296,-93.53846154,41,37,"two-contract post-signal scalp: one contract exits at first target, one runner uses selected stop mode and runner target"
1,signal_scaled_scalp:strategy=delta_impulse_continue_10bar_2.5pt_50d:direction=long:first_target_points=3:stop_points=5:runner_target_points=8:runner_stop_mode=initial,delta_impulse_continue_10bar_2.5pt_50d,long,3,5,8,initial,78,41,41,16,25,19,6,0,0,19,0.46341463,1850,-487,-11.87804878,41,0,"two-contract post-signal scalp: one contract exits at first target, one runner uses selected stop mode and runner target"
1,signal_scaled_scalp:strategy=delta_impulse_continue_10bar_2.5pt_50d:direction=short:first_target_points=3:stop_points=5:runner_target_points=8:runner_stop_mode=initial,delta_impulse_continue_10bar_2.5pt_50d,short,3,5,8,initial,78,37,37,19,17,10,7,1,0,10,0.27027027,-4700,-6809,-184.02702703,0,37,"two-contract post-signal scalp: one contract exits at first target, one runner uses selected stop mode and runner target"
1,signal_scaled_scalp:strategy=delta_impulse_continue_10bar_2.5pt_50d:direction=all:first_target_points=3:stop_points=5:runner_target_points=10:runner_stop_mode=breakeven,delta_impulse_continue_10bar_2.5pt_50d,all,3,5,10,breakeven,78,78,78,35,42,4,38,1,0,42,0.53846154,-9200,-13646,-174.94871795,41,37,"two-contract post-signal scalp: one contract exits at first target, one runner uses selected stop mode and runner target"
1,signal_scaled_scalp:strategy=delta_impulse_continue_10bar_2.5pt_50d:direction=long:first_target_points=3:stop_points=5:runner_target_points=10:runner_stop_mode=breakeven,delta_impulse_continue_10bar_2.5pt_50d,long,3,5,10,breakeven,78,41,41,16,25,3,22,0,0,25,0.6097561,-2750,-5087,-124.07317073,41,0,"two-contract post-signal scalp: one contract exits at first target, one runner uses selected stop mode and runner target"
1,signal_scaled_scalp:strategy=delta_impulse_continue_10bar_2.5pt_50d:direction=short:first_target_points=3:stop_points=5:runner_target_points=10:runner_stop_mode=breakeven,delta_impulse_continue_10bar_2.5pt_50d,short,3,5,10,breakeven,78,37,37,19,17,1,16,1,0,17,0.45945946,-6450,-8559,-231.32432432,0,37,"two-contract post-signal scalp: one contract exits at first target, one runner uses selected stop mode and runner target"
1,signal_scaled_scalp:strategy=delta_impulse_continue_10bar_2.5pt_50d:direction=all:first_target_points=3:stop_points=5:runner_target_points=10:runner_stop_mode=initial,delta_impulse_continue_10bar_2.5pt_50d,all,3,5,10,initial,78,78,78,35,42,23,18,2,0,24,0.30769231,-3900,-8346,-107,41,37,"two-contract post-signal scalp: one contract exits at first target, one runner uses selected stop mode and runner target"
1,signal_scaled_scalp:strategy=delta_impulse_continue_10bar_2.5pt_50d:direction=long:first_target_points=3:stop_points=5:runner_target_points=10:runner_stop_mode=initial,delta_impulse_continue_10bar_2.5pt_50d,long,3,5,10,initial,78,41,41,16,25,15,10,0,0,15,0.36585366,750,-1587,-38.70731707,41,0,"two-contract post-signal scalp: one contract exits at first target, one runner uses selected stop mode and runner target"
1,signal_scaled_scalp:strategy=delta_impulse_continue_10bar_2.5pt_50d:direction=short:first_target_points=3:stop_points=5:runner_target_points=10:runner_stop_mode=initial,delta_impulse_continue_10bar_2.5pt_50d,short,3,5,10,initial,78,37,37,19,17,8,8,2,0,9,0.24324324,-4650,-6759,-182.67567568,0,37,"two-contract post-signal scalp: one contract exits at first target, one runner uses selected stop mode and runner target"
1,signal_scaled_scalp:strategy=delta_impulse_continue_10bar_2.5pt_50d:direction=all:first_target_points=3:stop_points=5:runner_target_points=15:runner_stop_mode=breakeven,delta_impulse_continue_10bar_2.5pt_50d,all,3,5,15,breakeven,78,78,78,35,42,2,40,1,0,42,0.53846154,-9700,-14146,-181.35897436,41,37,"two-contract post-signal scalp: one contract exits at first target, one runner uses selected stop mode and runner target"
1,signal_scaled_scalp:strategy=delta_impulse_continue_10bar_2.5pt_50d:direction=long:first_target_points=3:stop_points=5:runner_target_points=15:runner_stop_mode=breakeven,delta_impulse_continue_10bar_2.5pt_50d,long,3,5,15,breakeven,78,41,41,16,25,1,24,0,0,25,0.6097561,-3500,-5837,-142.36585366,41,0,"two-contract post-signal scalp: one contract exits at first target, one runner uses selected stop mode and runner target"
1,signal_scaled_scalp:strategy=delta_impulse_continue_10bar_2.5pt_50d:direction=short:first_target_points=3:stop_points=5:runner_target_points=15:runner_stop_mode=breakeven,delta_impulse_continue_10bar_2.5pt_50d,short,3,5,15,breakeven,78,37,37,19,17,1,16,1,0,17,0.45945946,-6200,-8309,-224.56756757,0,37,"two-contract post-signal scalp: one contract exits at first target, one runner uses selected stop mode and runner target"
1,signal_scaled_scalp:strategy=delta_impulse_continue_10bar_2.5pt_50d:direction=all:first_target_points=3:stop_points=5:runner_target_points=15:runner_stop_mode=initial,delta_impulse_continue_10bar_2.5pt_50d,all,3,5,15,initial,78,78,78,35,42,16,24,3,0,17,0.21794872,-5012.5,-9458.5,-121.26282051,41,37,"two-contract post-signal scalp: one contract exits at first target, one runner uses selected stop mode and runner target"
1,signal_scaled_scalp:strategy=delta_impulse_continue_10bar_2.5pt_50d:direction=long:first_target_points=3:stop_points=5:runner_target_points=15:runner_stop_mode=initial,delta_impulse_continue_10bar_2.5pt_50d,long,3,5,15,initial,78,41,41,16,25,10,14,1,0,10,0.24390244,-362.5,-2699.5,-65.84146341,41,0,"two-contract post-signal scalp: one contract exits at first target, one runner uses selected stop mode and runner target"
1,signal_scaled_scalp:strategy=delta_impulse_continue_10bar_2.5pt_50d:direction=short:first_target_points=3:stop_points=5:runner_target_points=15:runner_stop_mode=initial,delta_impulse_continue_10bar_2.5pt_50d,short,3,5,15,initial,78,37,37,19,17,6,10,2,0,7,0.18918919,-4650,-6759,-182.67567568,0,37,"two-contract post-signal scalp: one contract exits at first target, one runner uses selected stop mode and runner target"
1,signal_scaled_scalp:strategy=delta_impulse_continue_10bar_2.5pt_50d:direction=all:first_target_points=3:stop_points=6:runner_target_points=5:runner_stop_mode=breakeven,delta_impulse_continue_10bar_2.5pt_50d,all,3,6,5,breakeven,78,78,78,32,45,6,39,1,0,45,0.57692308,-10950,-15396,-197.38461538,41,37,"two-contract post-signal scalp: one contract exits at first target, one runner uses selected stop mode and runner target"
1,signal_scaled_scalp:strategy=delta_impulse_continue_10bar_2.5pt_50d:direction=long:first_target_points=3:stop_points=6:runner_target_points=5:runner_stop_mode=breakeven,delta_impulse_continue_10bar_2.5pt_50d,long,3,6,5,breakeven,78,41,41,15,26,5,21,0,0,26,0.63414634,-3850,-6187,-150.90243902,41,0,"two-contract post-signal scalp: one contract exits at first target, one runner uses selected stop mode and runner target"
1,signal_scaled_scalp:strategy=delta_impulse_continue_10bar_2.5pt_50d:direction=short:first_target_points=3:stop_points=6:runner_target_points=5:runner_stop_mode=breakeven,delta_impulse_continue_10bar_2.5pt_50d,short,3,6,5,breakeven,78,37,37,17,19,1,18,1,0,19,0.51351351,-7100,-9209,-248.89189189,0,37,"two-contract post-signal scalp: one contract exits at first target, one runner uses selected stop mode and runner target"
1,signal_scaled_scalp:strategy=delta_impulse_continue_10bar_2.5pt_50d:direction=all:first_target_points=3:stop_points=6:runner_target_points=5:runner_stop_mode=initial,delta_impulse_continue_10bar_2.5pt_50d,all,3,6,5,initial,78,78,78,32,45,38,7,1,0,38,0.48717949,-5050,-9496,-121.74358974,41,37,"two-contract post-signal scalp: one contract exits at first target, one runner uses selected stop mode and runner target"
1,signal_scaled_scalp:strategy=delta_impulse_continue_10bar_2.5pt_50d:direction=long:first_target_points=3:stop_points=6:runner_target_points=5:runner_stop_mode=initial,delta_impulse_continue_10bar_2.5pt_50d,long,3,6,5,initial,78,41,41,15,26,24,2,0,0,24,0.58536585,300,-2037,-49.68292683,41,0,"two-contract post-signal scalp: one contract exits at first target, one runner uses selected stop mode and runner target"
1,signal_scaled_scalp:strategy=delta_impulse_continue_10bar_2.5pt_50d:direction=short:first_target_points=3:stop_points=6:runner_target_points=5:runner_stop_mode=initial,delta_impulse_continue_10bar_2.5pt_50d,short,3,6,5,initial,78,37,37,17,19,14,5,1,0,14,0.37837838,-5350,-7459,-201.59459459,0,37,"two-contract post-signal scalp: one contract exits at first target, one runner uses selected stop mode and runner target"
1,signal_scaled_scalp:strategy=delta_impulse_continue_10bar_2.5pt_50d:direction=all:first_target_points=3:stop_points=6:runner_target_points=8:runner_stop_mode=breakeven,delta_impulse_continue_10bar_2.5pt_50d,all,3,6,8,breakeven,78,78,78,32,45,5,40,1,0,45,0.57692308,-10450,-14896,-190.97435897,41,37,"two-contract post-signal scalp: one contract exits at first target, one runner uses selected stop mode and runner target"
1,signal_scaled_scalp:strategy=delta_impulse_continue_10bar_2.5pt_50d:direction=long:first_target_points=3:stop_points=6:runner_target_points=8:runner_stop_mode=breakeven,delta_impulse_continue_10bar_2.5pt_50d,long,3,6,8,breakeven,78,41,41,15,26,4,22,0,0,26,0.63414634,-3500,-5837,-142.36585366,41,0,"two-contract post-signal scalp: one contract exits at first target, one runner uses selected stop mode and runner target"
1,signal_scaled_scalp:strategy=delta_impulse_continue_10bar_2.5pt_50d:direction=short:first_target_points=3:stop_points=6:runner_target_points=8:runner_stop_mode=breakeven,delta_impulse_continue_10bar_2.5pt_50d,short,3,6,8,breakeven,78,37,37,17,19,1,18,1,0,19,0.51351351,-6950,-9059,-244.83783784,0,37,"two-contract post-signal scalp: one contract exits at first target, one runner uses selected stop mode and runner target"
1,signal_scaled_scalp:strategy=delta_impulse_continue_10bar_2.5pt_50d:direction=all:first_target_points=3:stop_points=6:runner_target_points=8:runner_stop_mode=initial,delta_impulse_continue_10bar_2.5pt_50d,all,3,6,8,initial,78,78,78,32,45,33,12,1,0,33,0.42307692,-2850,-7296,-93.53846154,41,37,"two-contract post-signal scalp: one contract exits at first target, one runner uses selected stop mode and runner target"
1,signal_scaled_scalp:strategy=delta_impulse_continue_10bar_2.5pt_50d:direction=long:first_target_points=3:stop_points=6:runner_target_points=8:runner_stop_mode=initial,delta_impulse_continue_10bar_2.5pt_50d,long,3,6,8,initial,78,41,41,15,26,22,4,0,0,22,0.53658537,2500,163,3.97560976,41,0,"two-contract post-signal scalp: one contract exits at first target, one runner uses selected stop mode and runner target"
1,signal_scaled_scalp:strategy=delta_impulse_continue_10bar_2.5pt_50d:direction=short:first_target_points=3:stop_points=6:runner_target_points=8:runner_stop_mode=initial,delta_impulse_continue_10bar_2.5pt_50d,short,3,6,8,initial,78,37,37,17,19,11,8,1,0,11,0.2972973,-5350,-7459,-201.59459459,0,37,"two-contract post-signal scalp: one contract exits at first target, one runner uses selected stop mode and runner target"
1,signal_scaled_scalp:strategy=delta_impulse_continue_10bar_2.5pt_50d:direction=all:first_target_points=3:stop_points=6:runner_target_points=10:runner_stop_mode=breakeven,delta_impulse_continue_10bar_2.5pt_50d,all,3,6,10,breakeven,78,78,78,32,45,5,40,1,0,45,0.57692308,-9950,-14396,-184.56410256,41,37,"two-contract post-signal scalp: one contract exits at first target, one runner uses selected stop mode and runner target"
1,signal_scaled_scalp:strategy=delta_impulse_continue_10bar_2.5pt_50d:direction=long:first_target_points=3:stop_points=6:runner_target_points=10:runner_stop_mode=breakeven,delta_impulse_continue_10bar_2.5pt_50d,long,3,6,10,breakeven,78,41,41,15,26,4,22,0,0,26,0.63414634,-3100,-5437,-132.6097561,41,0,"two-contract post-signal scalp: one contract exits at first target, one runner uses selected stop mode and runner target"
1,signal_scaled_scalp:strategy=delta_impulse_continue_10bar_2.5pt_50d:direction=short:first_target_points=3:stop_points=6:runner_target_points=10:runner_stop_mode=breakeven,delta_impulse_continue_10bar_2.5pt_50d,short,3,6,10,breakeven,78,37,37,17,19,1,18,1,0,19,0.51351351,-6850,-8959,-242.13513514,0,37,"two-contract post-signal scalp: one contract exits at first target, one runner uses selected stop mode and runner target"
1,signal_scaled_scalp:strategy=delta_impulse_continue_10bar_2.5pt_50d:direction=all:first_target_points=3:stop_points=6:runner_target_points=10:runner_stop_mode=initial,delta_impulse_continue_10bar_2.5pt_50d,all,3,6,10,initial,78,78,78,32,45,26,18,2,0,27,0.34615385,-4550,-8996,-115.33333333,41,37,"two-contract post-signal scalp: one contract exits at first target, one runner uses selected stop mode and runner target"
1,signal_scaled_scalp:strategy=delta_impulse_continue_10bar_2.5pt_50d:direction=long:first_target_points=3:stop_points=6:runner_target_points=10:runner_stop_mode=initial,delta_impulse_continue_10bar_2.5pt_50d,long,3,6,10,initial,78,41,41,15,26,17,9,0,0,17,0.41463415,700,-1637,-39.92682927,41,0,"two-contract post-signal scalp: one contract exits at first target, one runner uses selected stop mode and runner target"
1,signal_scaled_scalp:strategy=delta_impulse_continue_10bar_2.5pt_50d:direction=short:first_target_points=3:stop_points=6:runner_target_points=10:runner_stop_mode=initial,delta_impulse_continue_10bar_2.5pt_50d,short,3,6,10,initial,78,37,37,17,19,9,9,2,0,10,0.27027027,-5250,-7359,-198.89189189,0,37,"two-contract post-signal scalp: one contract exits at first target, one runner uses selected stop mode and runner target"
1,signal_scaled_scalp:strategy=delta_impulse_continue_10bar_2.5pt_50d:direction=all:first_target_points=3:stop_points=6:runner_target_points=15:runner_stop_mode=breakeven,delta_impulse_continue_10bar_2.5pt_50d,all,3,6,15,breakeven,78,78,78,32,45,2,43,1,0,45,0.57692308,-10950,-15396,-197.38461538,41,37,"two-contract post-signal scalp: one contract exits at first target, one runner uses selected stop mode and runner target"
1,signal_scaled_scalp:strategy=delta_impulse_continue_10bar_2.5pt_50d:direction=long:first_target_points=3:stop_points=6:runner_target_points=15:runner_stop_mode=breakeven,delta_impulse_continue_10bar_2.5pt_50d,long,3,6,15,breakeven,78,41,41,15,26,1,25,0,0,26,0.63414634,-4350,-6687,-163.09756098,41,0,"two-contract post-signal scalp: one contract exits at first target, one runner uses selected stop mode and runner target"
1,signal_scaled_scalp:strategy=delta_impulse_continue_10bar_2.5pt_50d:direction=short:first_target_points=3:stop_points=6:runner_target_points=15:runner_stop_mode=breakeven,delta_impulse_continue_10bar_2.5pt_50d,short,3,6,15,breakeven,78,37,37,17,19,1,18,1,0,19,0.51351351,-6600,-8709,-235.37837838,0,37,"two-contract post-signal scalp: one contract exits at first target, one runner uses selected stop mode and runner target"
1,signal_scaled_scalp:strategy=delta_impulse_continue_10bar_2.5pt_50d:direction=all:first_target_points=3:stop_points=6:runner_target_points=15:runner_stop_mode=initial,delta_impulse_continue_10bar_2.5pt_50d,all,3,6,15,initial,78,78,78,32,45,19,24,3,0,20,0.25641026,-5212.5,-9658.5,-123.82692308,41,37,"two-contract post-signal scalp: one contract exits at first target, one runner uses selected stop mode and runner target"
1,signal_scaled_scalp:strategy=delta_impulse_continue_10bar_2.5pt_50d:direction=long:first_target_points=3:stop_points=6:runner_target_points=15:runner_stop_mode=initial,delta_impulse_continue_10bar_2.5pt_50d,long,3,6,15,initial,78,41,41,15,26,11,14,1,0,11,0.26829268,-1162.5,-3499.5,-85.35365854,41,0,"two-contract post-signal scalp: one contract exits at first target, one runner uses selected stop mode and runner target"
1,signal_scaled_scalp:strategy=delta_impulse_continue_10bar_2.5pt_50d:direction=short:first_target_points=3:stop_points=6:runner_target_points=15:runner_stop_mode=initial,delta_impulse_continue_10bar_2.5pt_50d,short,3,6,15,initial,78,37,37,17,19,8,10,2,0,9,0.24324324,-4050,-6159,-166.45945946,0,37,"two-contract post-signal scalp: one contract exits at first target, one runner uses selected stop mode and runner target"
1,signal_scaled_scalp:strategy=delta_impulse_continue_10bar_2.5pt_50d:direction=all:first_target_points=3:stop_points=8:runner_target_points=5:runner_stop_mode=breakeven,delta_impulse_continue_10bar_2.5pt_50d,all,3,8,5,breakeven,78,78,78,21,56,6,50,1,0,56,0.71794872,-6900,-11346,-145.46153846,41,37,"two-contract post-signal scalp: one contract exits at first target, one runner uses selected stop mode and runner target"
1,signal_scaled_scalp:strategy=delta_impulse_continue_10bar_2.5pt_50d:direction=long:first_target_points=3:stop_points=8:runner_target_points=5:runner_stop_mode=breakeven,delta_impulse_continue_10bar_2.5pt_50d,long,3,8,5,breakeven,78,41,41,9,32,5,27,0,0,32,0.7804878,-1150,-3487,-85.04878049,41,0,"two-contract post-signal scalp: one contract exits at first target, one runner uses selected stop mode and runner target"
1,signal_scaled_scalp:strategy=delta_impulse_continue_10bar_2.5pt_50d:direction=short:first_target_points=3:stop_points=8:runner_target_points=5:runner_stop_mode=breakeven,delta_impulse_continue_10bar_2.5pt_50d,short,3,8,5,breakeven,78,37,37,12,24,1,23,1,0,24,0.64864865,-5750,-7859,-212.40540541,0,37,"two-contract post-signal scalp: one contract exits at first target, one runner uses selected stop mode and runner target"
1,signal_scaled_scalp:strategy=delta_impulse_continue_10bar_2.5pt_50d:direction=all:first_target_points=3:stop_points=8:runner_target_points=5:runner_stop_mode=initial,delta_impulse_continue_10bar_2.5pt_50d,all,3,8,5,initial,78,78,78,21,56,50,6,1,0,50,0.64102564,1700,-2746,-35.20512821,41,37,"two-contract post-signal scalp: one contract exits at first target, one runner uses selected stop mode and runner target"
1,signal_scaled_scalp:strategy=delta_impulse_continue_10bar_2.5pt_50d:direction=long:first_target_points=3:stop_points=8:runner_target_points=5:runner_stop_mode=initial,delta_impulse_continue_10bar_2.5pt_50d,long,3,8,5,initial,78,41,41,9,32,30,2,0,0,30,0.73170732,4300,1963,47.87804878,41,0,"two-contract post-signal scalp: one contract exits at first target, one runner uses selected stop mode and runner target"
1,signal_scaled_scalp:strategy=delta_impulse_continue_10bar_2.5pt_50d:direction=short:first_target_points=3:stop_points=8:runner_target_points=5:runner_stop_mode=initial,delta_impulse_continue_10bar_2.5pt_50d,short,3,8,5,initial,78,37,37,12,24,20,4,1,0,20,0.54054054,-2600,-4709,-127.27027027,0,37,"two-contract post-signal scalp: one contract exits at first target, one runner uses selected stop mode and runner target"
1,signal_scaled_scalp:strategy=delta_impulse_continue_10bar_2.5pt_50d:direction=all:first_target_points=3:stop_points=8:runner_target_points=8:runner_stop_mode=breakeven,delta_impulse_continue_10bar_2.5pt_50d,all,3,8,8,breakeven,78,78,78,21,56,5,51,1,0,56,0.71794872,-6400,-10846,-139.05128205,41,37,"two-contract post-signal scalp: one contract exits at first target, one runner uses selected stop mode and runner target"
1,signal_scaled_scalp:strategy=delta_impulse_continue_10bar_2.5pt_50d:direction=long:first_target_points=3:stop_points=8:runner_target_points=8:runner_stop_mode=breakeven,delta_impulse_continue_10bar_2.5pt_50d,long,3,8,8,breakeven,78,41,41,9,32,4,28,0,0,32,0.7804878,-800,-3137,-76.51219512,41,0,"two-contract post-signal scalp: one contract exits at first target, one runner uses selected stop mode and runner target"
1,signal_scaled_scalp:strategy=delta_impulse_continue_10bar_2.5pt_50d:direction=short:first_target_points=3:stop_points=8:runner_target_points=8:runner_stop_mode=breakeven,delta_impulse_continue_10bar_2.5pt_50d,short,3,8,8,breakeven,78,37,37,12,24,1,23,1,0,24,0.64864865,-5600,-7709,-208.35135135,0,37,"two-contract post-signal scalp: one contract exits at first target, one runner uses selected stop mode and runner target"
1,signal_scaled_scalp:strategy=delta_impulse_continue_10bar_2.5pt_50d:direction=all:first_target_points=3:stop_points=8:runner_target_points=8:runner_stop_mode=initial,delta_impulse_continue_10bar_2.5pt_50d,all,3,8,8,initial,78,78,78,21,56,42,14,1,0,42,0.53846154,2800,-1646,-21.1025641,41,37,"two-contract post-signal scalp: one contract exits at first target, one runner uses selected stop mode and runner target"
1,signal_scaled_scalp:strategy=delta_impulse_continue_10bar_2.5pt_50d:direction=long:first_target_points=3:stop_points=8:runner_target_points=8:runner_stop_mode=initial,delta_impulse_continue_10bar_2.5pt_50d,long,3,8,8,initial,78,41,41,9,32,26,6,0,0,26,0.63414634,5600,3263,79.58536585,41,0,"two-contract post-signal scalp: one contract exits at first target, one runner uses selected stop mode and runner target"
1,signal_scaled_scalp:strategy=delta_impulse_continue_10bar_2.5pt_50d:direction=short:first_target_points=3:stop_points=8:runner_target_points=8:runner_stop_mode=initial,delta_impulse_continue_10bar_2.5pt_50d,short,3,8,8,initial,78,37,37,12,24,16,8,1,0,16,0.43243243,-2800,-4909,-132.67567568,0,37,"two-contract post-signal scalp: one contract exits at first target, one runner uses selected stop mode and runner target"
1,signal_scaled_scalp:strategy=delta_impulse_continue_10bar_2.5pt_50d:direction=all:first_target_points=3:stop_points=8:runner_target_points=10:runner_stop_mode=breakeven,delta_impulse_continue_10bar_2.5pt_50d,all,3,8,10,breakeven,78,78,78,21,56,5,51,1,0,56,0.71794872,-5900,-10346,-132.64102564,41,37,"two-contract post-signal scalp: one contract exits at first target, one runner uses selected stop mode and runner target"
1,signal_scaled_scalp:strategy=delta_impulse_continue_10bar_2.5pt_50d:direction=long:first_target_points=3:stop_points=8:runner_target_points=10:runner_stop_mode=breakeven,delta_impulse_continue_10bar_2.5pt_50d,long,3,8,10,breakeven,78,41,41,9,32,4,28,0,0,32,0.7804878,-400,-2737,-66.75609756,41,0,"two-contract post-signal scalp: one contract exits at first target, one runner uses selected stop mode and runner target"
1,signal_scaled_scalp:strategy=delta_impulse_continue_10bar_2.5pt_50d:direction=short:first_target_points=3:stop_points=8:runner_target_points=10:runner_stop_mode=breakeven,delta_impulse_continue_10bar_2.5pt_50d,short,3,8,10,breakeven,78,37,37,12,24,1,23,1,0,24,0.64864865,-5500,-7609,-205.64864865,0,37,"two-contract post-signal scalp: one contract exits at first target, one runner uses selected stop mode and runner target"
1,signal_scaled_scalp:strategy=delta_impulse_continue_10bar_2.5pt_50d:direction=all:first_target_points=3:stop_points=8:runner_target_points=10:runner_stop_mode=initial,delta_impulse_continue_10bar_2.5pt_50d,all,3,8,10,initial,78,78,78,21,56,34,21,2,0,35,0.44871795,500,-3946,-50.58974359,41,37,"two-contract post-signal scalp: one contract exits at first target, one runner uses selected stop mode and runner target"
1,signal_scaled_scalp:strategy=delta_impulse_continue_10bar_2.5pt_50d:direction=long:first_target_points=3:stop_points=8:runner_target_points=10:runner_stop_mode=initial,delta_impulse_continue_10bar_2.5pt_50d,long,3,8,10,initial,78,41,41,9,32,21,11,0,0,21,0.51219512,3700,1363,33.24390244,41,0,"two-contract post-signal scalp: one contract exits at first target, one runner uses selected stop mode and runner target"
1,signal_scaled_scalp:strategy=delta_impulse_continue_10bar_2.5pt_50d:direction=short:first_target_points=3:stop_points=8:runner_target_points=10:runner_stop_mode=initial,delta_impulse_continue_10bar_2.5pt_50d,short,3,8,10,initial,78,37,37,12,24,13,10,2,0,14,0.37837838,-3200,-5309,-143.48648649,0,37,"two-contract post-signal scalp: one contract exits at first target, one runner uses selected stop mode and runner target"
1,signal_scaled_scalp:strategy=delta_impulse_continue_10bar_2.5pt_50d:direction=all:first_target_points=3:stop_points=8:runner_target_points=15:runner_stop_mode=breakeven,delta_impulse_continue_10bar_2.5pt_50d,all,3,8,15,breakeven,78,78,78,21,56,2,54,1,0,56,0.71794872,-6900,-11346,-145.46153846,41,37,"two-contract post-signal scalp: one contract exits at first target, one runner uses selected stop mode and runner target"
1,signal_scaled_scalp:strategy=delta_impulse_continue_10bar_2.5pt_50d:direction=long:first_target_points=3:stop_points=8:runner_target_points=15:runner_stop_mode=breakeven,delta_impulse_continue_10bar_2.5pt_50d,long,3,8,15,breakeven,78,41,41,9,32,1,31,0,0,32,0.7804878,-1650,-3987,-97.24390244,41,0,"two-contract post-signal scalp: one contract exits at first target, one runner uses selected stop mode and runner target"
1,signal_scaled_scalp:strategy=delta_impulse_continue_10bar_2.5pt_50d:direction=short:first_target_points=3:stop_points=8:runner_target_points=15:runner_stop_mode=breakeven,delta_impulse_continue_10bar_2.5pt_50d,short,3,8,15,breakeven,78,37,37,12,24,1,23,1,0,24,0.64864865,-5250,-7359,-198.89189189,0,37,"two-contract post-signal scalp: one contract exits at first target, one runner uses selected stop mode and runner target"
1,signal_scaled_scalp:strategy=delta_impulse_continue_10bar_2.5pt_50d:direction=all:first_target_points=3:stop_points=8:runner_target_points=15:runner_stop_mode=initial,delta_impulse_continue_10bar_2.5pt_50d,all,3,8,15,initial,78,78,78,21,56,24,30,3,0,25,0.32051282,-2212.5,-6658.5,-85.36538462,41,37,"two-contract post-signal scalp: one contract exits at first target, one runner uses selected stop mode and runner target"
1,signal_scaled_scalp:strategy=delta_impulse_continue_10bar_2.5pt_50d:direction=long:first_target_points=3:stop_points=8:runner_target_points=15:runner_stop_mode=initial,delta_impulse_continue_10bar_2.5pt_50d,long,3,8,15,initial,78,41,41,9,32,12,19,1,0,12,0.29268293,-1112.5,-3449.5,-84.13414634,41,0,"two-contract post-signal scalp: one contract exits at first target, one runner uses selected stop mode and runner target"
1,signal_scaled_scalp:strategy=delta_impulse_continue_10bar_2.5pt_50d:direction=short:first_target_points=3:stop_points=8:runner_target_points=15:runner_stop_mode=initial,delta_impulse_continue_10bar_2.5pt_50d,short,3,8,15,initial,78,37,37,12,24,12,11,2,0,13,0.35135135,-1100,-3209,-86.72972973,0,37,"two-contract post-signal scalp: one contract exits at first target, one runner uses selected stop mode and runner target"
1,signal_scaled_scalp:strategy=delta_impulse_continue_10bar_2.5pt_50d:direction=all:first_target_points=3:stop_points=10:runner_target_points=5:runner_stop_mode=breakeven,delta_impulse_continue_10bar_2.5pt_50d,all,3,10,5,breakeven,78,78,78,15,62,6,56,1,0,62,0.79487179,-4200,-8646,-110.84615385,41,37,"two-contract post-signal scalp: one contract exits at first target, one runner uses selected stop mode and runner target"
1,signal_scaled_scalp:strategy=delta_impulse_continue_10bar_2.5pt_50d:direction=long:first_target_points=3:stop_points=10:runner_target_points=5:runner_stop_mode=breakeven,delta_impulse_continue_10bar_2.5pt_50d,long,3,10,5,breakeven,78,41,41,8,33,5,28,0,0,33,0.80487805,-1800,-4137,-100.90243902,41,0,"two-contract post-signal scalp: one contract exits at first target, one runner uses selected stop mode and runner target"
1,signal_scaled_scalp:strategy=delta_impulse_continue_10bar_2.5pt_50d:direction=short:first_target_points=3:stop_points=10:runner_target_points=5:runner_stop_mode=breakeven,delta_impulse_continue_10bar_2.5pt_50d,short,3,10,5,breakeven,78,37,37,7,29,1,28,1,0,29,0.78378378,-2400,-4509,-121.86486486,0,37,"two-contract post-signal scalp: one contract exits at first target, one runner uses selected stop mode and runner target"
1,signal_scaled_scalp:strategy=delta_impulse_continue_10bar_2.5pt_50d:direction=all:first_target_points=3:stop_points=10:runner_target_points=5:runner_stop_mode=initial,delta_impulse_continue_10bar_2.5pt_50d,all,3,10,5,initial,78,78,78,15,62,56,5,2,0,56,0.71794872,5425,979,12.55128205,41,37,"two-contract post-signal scalp: one contract exits at first target, one runner uses selected stop mode and runner target"
1,signal_scaled_scalp:strategy=delta_impulse_continue_10bar_2.5pt_50d:direction=long:first_target_points=3:stop_points=10:runner_target_points=5:runner_stop_mode=initial,delta_impulse_continue_10bar_2.5pt_50d,long,3,10,5,initial,78,41,41,8,33,31,1,1,0,31,0.75609756,3825,1488,36.29268293,41,0,"two-contract post-signal scalp: one contract exits at first target, one runner uses selected stop mode and runner target"
1,signal_scaled_scalp:strategy=delta_impulse_continue_10bar_2.5pt_50d:direction=short:first_target_points=3:stop_points=10:runner_target_points=5:runner_stop_mode=initial,delta_impulse_continue_10bar_2.5pt_50d,short,3,10,5,initial,78,37,37,7,29,25,4,1,0,25,0.67567568,1600,-509,-13.75675676,0,37,"two-contract post-signal scalp: one contract exits at first target, one runner uses selected stop mode and runner target"
1,signal_scaled_scalp:strategy=delta_impulse_continue_10bar_2.5pt_50d:direction=all:first_target_points=3:stop_points=10:runner_target_points=8:runner_stop_mode=breakeven,delta_impulse_continue_10bar_2.5pt_50d,all,3,10,8,breakeven,78,78,78,15,62,5,57,1,0,62,0.79487179,-3700,-8146,-104.43589744,41,37,"two-contract post-signal scalp: one contract exits at first target, one runner uses selected stop mode and runner target"
1,signal_scaled_scalp:strategy=delta_impulse_continue_10bar_2.5pt_50d:direction=long:first_target_points=3:stop_points=10:runner_target_points=8:runner_stop_mode=breakeven,delta_impulse_continue_10bar_2.5pt_50d,long,3,10,8,breakeven,78,41,41,8,33,4,29,0,0,33,0.80487805,-1450,-3787,-92.36585366,41,0,"two-contract post-signal scalp: one contract exits at first target, one runner uses selected stop mode and runner target"
1,signal_scaled_scalp:strategy=delta_impulse_continue_10bar_2.5pt_50d:direction=short:first_target_points=3:stop_points=10:runner_target_points=8:runner_stop_mode=breakeven,delta_impulse_continue_10bar_2.5pt_50d,short,3,10,8,breakeven,78,37,37,7,29,1,28,1,0,29,0.78378378,-2250,-4359,-117.81081081,0,37,"two-contract post-signal scalp: one contract exits at first target, one runner uses selected stop mode and runner target"
1,signal_scaled_scalp:strategy=delta_impulse_continue_10bar_2.5pt_50d:direction=all:first_target_points=3:stop_points=10:runner_target_points=8:runner_stop_mode=initial,delta_impulse_continue_10bar_2.5pt_50d,all,3,10,8,initial,78,78,78,15,62,47,14,2,0,47,0.6025641,5725,1279,16.3974359,41,37,"two-contract post-signal scalp: one contract exits at first target, one runner uses selected stop mode and runner target"
1,signal_scaled_scalp:strategy=delta_impulse_continue_10bar_2.5pt_50d:direction=long:first_target_points=3:stop_points=10:runner_target_points=8:runner_stop_mode=initial,delta_impulse_continue_10bar_2.5pt_50d,long,3,10,8,initial,78,41,41,8,33,27,5,1,0,27,0.65853659,4875,2538,61.90243902,41,0,"two-contract post-signal scalp: one contract exits at first target, one runner uses selected stop mode and runner target"
1,signal_scaled_scalp:strategy=delta_impulse_continue_10bar_2.5pt_50d:direction=short:first_target_points=3:stop_points=10:runner_target_points=8:runner_stop_mode=initial,delta_impulse_continue_10bar_2.5pt_50d,short,3,10,8,initial,78,37,37,7,29,20,9,1,0,20,0.54054054,850,-1259,-34.02702703,0,37,"two-contract post-signal scalp: one contract exits at first target, one runner uses selected stop mode and runner target"
1,signal_scaled_scalp:strategy=delta_impulse_continue_10bar_2.5pt_50d:direction=all:first_target_points=3:stop_points=10:runner_target_points=10:runner_stop_mode=breakeven,delta_impulse_continue_10bar_2.5pt_50d,all,3,10,10,breakeven,78,78,78,15,62,5,57,1,0,62,0.79487179,-3200,-7646,-98.02564103,41,37,"two-contract post-signal scalp: one contract exits at first target, one runner uses selected stop mode and runner target"
1,signal_scaled_scalp:strategy=delta_impulse_continue_10bar_2.5pt_50d:direction=long:first_target_points=3:stop_points=10:runner_target_points=10:runner_stop_mode=breakeven,delta_impulse_continue_10bar_2.5pt_50d,long,3,10,10,breakeven,78,41,41,8,33,4,29,0,0,33,0.80487805,-1050,-3387,-82.6097561,41,0,"two-contract post-signal scalp: one contract exits at first target, one runner uses selected stop mode and runner target"
1,signal_scaled_scalp:strategy=delta_impulse_continue_10bar_2.5pt_50d:direction=short:first_target_points=3:stop_points=10:runner_target_points=10:runner_stop_mode=breakeven,delta_impulse_continue_10bar_2.5pt_50d,short,3,10,10,breakeven,78,37,37,7,29,1,28,1,0,29,0.78378378,-2150,-4259,-115.10810811,0,37,"two-contract post-signal scalp: one contract exits at first target, one runner uses selected stop mode and runner target"
1,signal_scaled_scalp:strategy=delta_impulse_continue_10bar_2.5pt_50d:direction=all:first_target_points=3:stop_points=10:runner_target_points=10:runner_stop_mode=initial,delta_impulse_continue_10bar_2.5pt_50d,all,3,10,10,initial,78,78,78,15,62,38,22,3,0,39,0.5,2225,-2221,-28.47435897,41,37,"two-contract post-signal scalp: one contract exits at first target, one runner uses selected stop mode and runner target"
1,signal_scaled_scalp:strategy=delta_impulse_continue_10bar_2.5pt_50d:direction=long:first_target_points=3:stop_points=10:runner_target_points=10:runner_stop_mode=initial,delta_impulse_continue_10bar_2.5pt_50d,long,3,10,10,initial,78,41,41,8,33,22,10,1,0,22,0.53658537,2575,238,5.80487805,41,0,"two-contract post-signal scalp: one contract exits at first target, one runner uses selected stop mode and runner target"
1,signal_scaled_scalp:strategy=delta_impulse_continue_10bar_2.5pt_50d:direction=short:first_target_points=3:stop_points=10:runner_target_points=10:runner_stop_mode=initial,delta_impulse_continue_10bar_2.5pt_50d,short,3,10,10,initial,78,37,37,7,29,16,12,2,0,17,0.45945946,-350,-2459,-66.45945946,0,37,"two-contract post-signal scalp: one contract exits at first target, one runner uses selected stop mode and runner target"
1,signal_scaled_scalp:strategy=delta_impulse_continue_10bar_2.5pt_50d:direction=all:first_target_points=3:stop_points=10:runner_target_points=15:runner_stop_mode=breakeven,delta_impulse_continue_10bar_2.5pt_50d,all,3,10,15,breakeven,78,78,78,15,62,2,60,1,0,62,0.79487179,-4200,-8646,-110.84615385,41,37,"two-contract post-signal scalp: one contract exits at first target, one runner uses selected stop mode and runner target"
1,signal_scaled_scalp:strategy=delta_impulse_continue_10bar_2.5pt_50d:direction=long:first_target_points=3:stop_points=10:runner_target_points=15:runner_stop_mode=breakeven,delta_impulse_continue_10bar_2.5pt_50d,long,3,10,15,breakeven,78,41,41,8,33,1,32,0,0,33,0.80487805,-2300,-4637,-113.09756098,41,0,"two-contract post-signal scalp: one contract exits at first target, one runner uses selected stop mode and runner target"
1,signal_scaled_scalp:strategy=delta_impulse_continue_10bar_2.5pt_50d:direction=short:first_target_points=3:stop_points=10:runner_target_points=15:runner_stop_mode=breakeven,delta_impulse_continue_10bar_2.5pt_50d,short,3,10,15,breakeven,78,37,37,7,29,1,28,1,0,29,0.78378378,-1900,-4009,-108.35135135,0,37,"two-contract post-signal scalp: one contract exits at first target, one runner uses selected stop mode and runner target"
1,signal_scaled_scalp:strategy=delta_impulse_continue_10bar_2.5pt_50d:direction=all:first_target_points=3:stop_points=10:runner_target_points=15:runner_stop_mode=initial,delta_impulse_continue_10bar_2.5pt_50d,all,3,10,15,initial,78,78,78,15,62,27,32,4,0,28,0.35897436,-1637.5,-6083.5,-77.99358974,41,37,"two-contract post-signal scalp: one contract exits at first target, one runner uses selected stop mode and runner target"
1,signal_scaled_scalp:strategy=delta_impulse_continue_10bar_2.5pt_50d:direction=long:first_target_points=3:stop_points=10:runner_target_points=15:runner_stop_mode=initial,delta_impulse_continue_10bar_2.5pt_50d,long,3,10,15,initial,78,41,41,8,33,13,18,2,0,13,0.31707317,-2787.5,-5124.5,-124.98780488,41,0,"two-contract post-signal scalp: one contract exits at first target, one runner uses selected stop mode and runner target"
1,signal_scaled_scalp:strategy=delta_impulse_continue_10bar_2.5pt_50d:direction=short:first_target_points=3:stop_points=10:runner_target_points=15:runner_stop_mode=initial,delta_impulse_continue_10bar_2.5pt_50d,short,3,10,15,initial,78,37,37,7,29,14,14,2,0,15,0.40540541,1150,-959,-25.91891892,0,37,"two-contract post-signal scalp: one contract exits at first target, one runner uses selected stop mode and runner target"
1,signal_scaled_scalp:strategy=delta_impulse_continue_10bar_2.5pt_50d:direction=all:first_target_points=4:stop_points=2:runner_target_points=5:runner_stop_mode=breakeven,delta_impulse_continue_10bar_2.5pt_50d,all,4,2,5,breakeven,78,78,78,60,17,2,15,1,0,17,0.21794872,-8100,-12546,-160.84615385,41,37,"two-contract post-signal scalp: one contract exits at first target, one runner uses selected stop mode and runner target"
1,signal_scaled_scalp:strategy=delta_impulse_continue_10bar_2.5pt_50d:direction=long:first_target_points=4:stop_points=2:runner_target_points=5:runner_stop_mode=breakeven,delta_impulse_continue_10bar_2.5pt_50d,long,4,2,5,breakeven,78,41,41,30,11,1,10,0,0,11,0.26829268,-3550,-5887,-143.58536585,41,0,"two-contract post-signal scalp: one contract exits at first target, one runner uses selected stop mode and runner target"
1,signal_scaled_scalp:strategy=delta_impulse_continue_10bar_2.5pt_50d:direction=short:first_target_points=4:stop_points=2:runner_target_points=5:runner_stop_mode=breakeven,delta_impulse_continue_10bar_2.5pt_50d,short,4,2,5,breakeven,78,37,37,30,6,1,5,1,0,6,0.16216216,-4550,-6659,-179.97297297,0,37,"two-contract post-signal scalp: one contract exits at first target, one runner uses selected stop mode and runner target"
1,signal_scaled_scalp:strategy=delta_impulse_continue_10bar_2.5pt_50d:direction=all:first_target_points=4:stop_points=2:runner_target_points=5:runner_stop_mode=initial,delta_impulse_continue_10bar_2.5pt_50d,all,4,2,5,initial,78,78,78,60,17,15,2,1,0,17,0.21794872,-5050,-9496,-121.74358974,41,37,"two-contract post-signal scalp: one contract exits at first target, one runner uses selected stop mode and runner target"
1,signal_scaled_scalp:strategy=delta_impulse_continue_10bar_2.5pt_50d:direction=long:first_target_points=4:stop_points=2:runner_target_points=5:runner_stop_mode=initial,delta_impulse_continue_10bar_2.5pt_50d,long,4,2,5,initial,78,41,41,30,11,10,1,0,0,11,0.26829268,-1400,-3737,-91.14634146,41,0,"two-contract post-signal scalp: one contract exits at first target, one runner uses selected stop mode and runner target"
1,signal_scaled_scalp:strategy=delta_impulse_continue_10bar_2.5pt_50d:direction=short:first_target_points=4:stop_points=2:runner_target_points=5:runner_stop_mode=initial,delta_impulse_continue_10bar_2.5pt_50d,short,4,2,5,initial,78,37,37,30,6,5,1,1,0,6,0.16216216,-3650,-5759,-155.64864865,0,37,"two-contract post-signal scalp: one contract exits at first target, one runner uses selected stop mode and runner target"
1,signal_scaled_scalp:strategy=delta_impulse_continue_10bar_2.5pt_50d:direction=all:first_target_points=4:stop_points=2:runner_target_points=8:runner_stop_mode=breakeven,delta_impulse_continue_10bar_2.5pt_50d,all,4,2,8,breakeven,78,78,78,60,17,2,15,1,0,17,0.21794872,-7800,-12246,-157,41,37,"two-contract post-signal scalp: one contract exits at first target, one runner uses selected stop mode and runner target"
1,signal_scaled_scalp:strategy=delta_impulse_continue_10bar_2.5pt_50d:direction=long:first_target_points=4:stop_points=2:runner_target_points=8:runner_stop_mode=breakeven,delta_impulse_continue_10bar_2.5pt_50d,long,4,2,8,breakeven,78,41,41,30,11,1,10,0,0,11,0.26829268,-3400,-5737,-139.92682927,41,0,"two-contract post-signal scalp: one contract exits at first target, one runner uses selected stop mode and runner target"
1,signal_scaled_scalp:strategy=delta_impulse_continue_10bar_2.5pt_50d:direction=short:first_target_points=4:stop_points=2:runner_target_points=8:runner_stop_mode=breakeven,delta_impulse_continue_10bar_2.5pt_50d,short,4,2,8,breakeven,78,37,37,30,6,1,5,1,0,6,0.16216216,-4400,-6509,-175.91891892,0,37,"two-contract post-signal scalp: one contract exits at first target, one runner uses selected stop mode and runner target"
1,signal_scaled_scalp:strategy=delta_impulse_continue_10bar_2.5pt_50d:direction=all:first_target_points=4:stop_points=2:runner_target_points=8:runner_stop_mode=initial,delta_impulse_continue_10bar_2.5pt_50d,all,4,2,8,initial,78,78,78,60,17,13,4,1,0,17,0.21794872,-3800,-8246,-105.71794872,41,37,"two-contract post-signal scalp: one contract exits at first target, one runner uses selected stop mode and runner target"
1,signal_scaled_scalp:strategy=delta_impulse_continue_10bar_2.5pt_50d:direction=long:first_target_points=4:stop_points=2:runner_target_points=8:runner_stop_mode=initial,delta_impulse_continue_10bar_2.5pt_50d,long,4,2,8,initial,78,41,41,30,11,9,2,0,0,11,0.26829268,-400,-2737,-66.75609756,41,0,"two-contract post-signal scalp: one contract exits at first target, one runner uses selected stop mode and runner target"
1,signal_scaled_scalp:strategy=delta_impulse_continue_10bar_2.5pt_50d:direction=short:first_target_points=4:stop_points=2:runner_target_points=8:runner_stop_mode=initial,delta_impulse_continue_10bar_2.5pt_50d,short,4,2,8,initial,78,37,37,30,6,4,2,1,0,6,0.16216216,-3400,-5509,-148.89189189,0,37,"two-contract post-signal scalp: one contract exits at first target, one runner uses selected stop mode and runner target"
1,signal_scaled_scalp:strategy=delta_impulse_continue_10bar_2.5pt_50d:direction=all:first_target_points=4:stop_points=2:runner_target_points=10:runner_stop_mode=breakeven,delta_impulse_continue_10bar_2.5pt_50d,all,4,2,10,breakeven,78,78,78,60,17,2,15,1,0,17,0.21794872,-7600,-12046,-154.43589744,41,37,"two-contract post-signal scalp: one contract exits at first target, one runner uses selected stop mode and runner target"
1,signal_scaled_scalp:strategy=delta_impulse_continue_10bar_2.5pt_50d:direction=long:first_target_points=4:stop_points=2:runner_target_points=10:runner_stop_mode=breakeven,delta_impulse_continue_10bar_2.5pt_50d,long,4,2,10,breakeven,78,41,41,30,11,1,10,0,0,11,0.26829268,-3300,-5637,-137.48780488,41,0,"two-contract post-signal scalp: one contract exits at first target, one runner uses selected stop mode and runner target"
1,signal_scaled_scalp:strategy=delta_impulse_continue_10bar_2.5pt_50d:direction=short:first_target_points=4:stop_points=2:runner_target_points=10:runner_stop_mode=breakeven,delta_impulse_continue_10bar_2.5pt_50d,short,4,2,10,breakeven,78,37,37,30,6,1,5,1,0,6,0.16216216,-4300,-6409,-173.21621622,0,37,"two-contract post-signal scalp: one contract exits at first target, one runner uses selected stop mode and runner target"
1,signal_scaled_scalp:strategy=delta_impulse_continue_10bar_2.5pt_50d:direction=all:first_target_points=4:stop_points=2:runner_target_points=10:runner_stop_mode=initial,delta_impulse_continue_10bar_2.5pt_50d,all,4,2,10,initial,78,78,78,60,17,11,6,1,0,17,0.21794872,-3700,-8146,-104.43589744,41,37,"two-contract post-signal scalp: one contract exits at first target, one runner uses selected stop mode and runner target"
1,signal_scaled_scalp:strategy=delta_impulse_continue_10bar_2.5pt_50d:direction=long:first_target_points=4:stop_points=2:runner_target_points=10:runner_stop_mode=initial,delta_impulse_continue_10bar_2.5pt_50d,long,4,2,10,initial,78,41,41,30,11,8,3,0,0,11,0.26829268,-100,-2437,-59.43902439,41,0,"two-contract post-signal scalp: one contract exits at first target, one runner uses selected stop mode and runner target"
1,signal_scaled_scalp:strategy=delta_impulse_continue_10bar_2.5pt_50d:direction=short:first_target_points=4:stop_points=2:runner_target_points=10:runner_stop_mode=initial,delta_impulse_continue_10bar_2.5pt_50d,short,4,2,10,initial,78,37,37,30,6,3,3,1,0,6,0.16216216,-3600,-5709,-154.2972973,0,37,"two-contract post-signal scalp: one contract exits at first target, one runner uses selected stop mode and runner target"
1,signal_scaled_scalp:strategy=delta_impulse_continue_10bar_2.5pt_50d:direction=all:first_target_points=4:stop_points=2:runner_target_points=15:runner_stop_mode=breakeven,delta_impulse_continue_10bar_2.5pt_50d,all,4,2,15,breakeven,78,78,78,60,17,0,17,1,0,17,0.21794872,-8600,-13046,-167.25641026,41,37,"two-contract post-signal scalp: one contract exits at first target, one runner uses selected stop mode and runner target"
1,signal_scaled_scalp:strategy=delta_impulse_continue_10bar_2.5pt_50d:direction=long:first_target_points=4:stop_points=2:runner_target_points=15:runner_stop_mode=breakeven,delta_impulse_continue_10bar_2.5pt_50d,long,4,2,15,breakeven,78,41,41,30,11,0,11,0,0,11,0.26829268,-3800,-6137,-149.68292683,41,0,"two-contract post-signal scalp: one contract exits at first target, one runner uses selected stop mode and runner target"
1,signal_scaled_scalp:strategy=delta_impulse_continue_10bar_2.5pt_50d:direction=short:first_target_points=4:stop_points=2:runner_target_points=15:runner_stop_mode=breakeven,delta_impulse_continue_10bar_2.5pt_50d,short,4,2,15,breakeven,78,37,37,30,6,0,6,1,0,6,0.16216216,-4800,-6909,-186.72972973,0,37,"two-contract post-signal scalp: one contract exits at first target, one runner uses selected stop mode and runner target"
1,signal_scaled_scalp:strategy=delta_impulse_continue_10bar_2.5pt_50d:direction=all:first_target_points=4:stop_points=2:runner_target_points=15:runner_stop_mode=initial,delta_impulse_continue_10bar_2.5pt_50d,all,4,2,15,initial,78,78,78,60,17,4,13,1,0,17,0.21794872,-6900,-11346,-145.46153846,41,37,"two-contract post-signal scalp: one contract exits at first target, one runner uses selected stop mode and runner target"
1,signal_scaled_scalp:strategy=delta_impulse_continue_10bar_2.5pt_50d:direction=long:first_target_points=4:stop_points=2:runner_target_points=15:runner_stop_mode=initial,delta_impulse_continue_10bar_2.5pt_50d,long,4,2,15,initial,78,41,41,30,11,4,7,0,0,11,0.26829268,-1500,-3837,-93.58536585,41,0,"two-contract post-signal scalp: one contract exits at first target, one runner uses selected stop mode and runner target"
1,signal_scaled_scalp:strategy=delta_impulse_continue_10bar_2.5pt_50d:direction=short:first_target_points=4:stop_points=2:runner_target_points=15:runner_stop_mode=initial,delta_impulse_continue_10bar_2.5pt_50d,short,4,2,15,initial,78,37,37,30,6,0,6,1,0,6,0.16216216,-5400,-7509,-202.94594595,0,37,"two-contract post-signal scalp: one contract exits at first target, one runner uses selected stop mode and runner target"
1,signal_scaled_scalp:strategy=delta_impulse_continue_10bar_2.5pt_50d:direction=all:first_target_points=4:stop_points=3:runner_target_points=5:runner_stop_mode=breakeven,delta_impulse_continue_10bar_2.5pt_50d,all,4,3,5,breakeven,78,78,78,51,26,6,20,1,0,26,0.33333333,-8600,-13046,-167.25641026,41,37,"two-contract post-signal scalp: one contract exits at first target, one runner uses selected stop mode and runner target"
1,signal_scaled_scalp:strategy=delta_impulse_continue_10bar_2.5pt_50d:direction=long:first_target_points=4:stop_points=3:runner_target_points=5:runner_stop_mode=breakeven,delta_impulse_continue_10bar_2.5pt_50d,long,4,3,5,breakeven,78,41,41,26,15,3,12,0,0,15,0.36585366,-4050,-6387,-155.7804878,41,0,"two-contract post-signal scalp: one contract exits at first target, one runner uses selected stop mode and runner target"
1,signal_scaled_scalp:strategy=delta_impulse_continue_10bar_2.5pt_50d:direction=short:first_target_points=4:stop_points=3:runner_target_points=5:runner_stop_mode=breakeven,delta_impulse_continue_10bar_2.5pt_50d,short,4,3,5,breakeven,78,37,37,25,11,3,8,1,0,11,0.2972973,-4550,-6659,-179.97297297,0,37,"two-contract post-signal scalp: one contract exits at first target, one runner uses selected stop mode and runner target"
1,signal_scaled_scalp:strategy=delta_impulse_continue_10bar_2.5pt_50d:direction=all:first_target_points=4:stop_points=3:runner_target_points=5:runner_stop_mode=initial,delta_impulse_continue_10bar_2.5pt_50d,all,4,3,5,initial,78,78,78,51,26,22,4,1,0,22,0.28205128,-5200,-9646,-123.66666667,41,37,"two-contract post-signal scalp: one contract exits at first target, one runner uses selected stop mode and runner target"
1,signal_scaled_scalp:strategy=delta_impulse_continue_10bar_2.5pt_50d:direction=long:first_target_points=4:stop_points=3:runner_target_points=5:runner_stop_mode=initial,delta_impulse_continue_10bar_2.5pt_50d,long,4,3,5,initial,78,41,41,26,15,13,2,0,0,13,0.31707317,-1850,-4187,-102.12195122,41,0,"two-contract post-signal scalp: one contract exits at first target, one runner uses selected stop mode and runner target"
1,signal_scaled_scalp:strategy=delta_impulse_continue_10bar_2.5pt_50d:direction=short:first_target_points=4:stop_points=3:runner_target_points=5:runner_stop_mode=initial,delta_impulse_continue_10bar_2.5pt_50d,short,4,3,5,initial,78,37,37,25,11,9,2,1,0,9,0.24324324,-3350,-5459,-147.54054054,0,37,"two-contract post-signal scalp: one contract exits at first target, one runner uses selected stop mode and runner target"
1,signal_scaled_scalp:strategy=delta_impulse_continue_10bar_2.5pt_50d:direction=all:first_target_points=4:stop_points=3:runner_target_points=8:runner_stop_mode=breakeven,delta_impulse_continue_10bar_2.5pt_50d,all,4,3,8,breakeven,78,78,78,51,26,6,20,1,0,26,0.33333333,-7700,-12146,-155.71794872,41,37,"two-contract post-signal scalp: one contract exits at first target, one runner uses selected stop mode and runner target"
1,signal_scaled_scalp:strategy=delta_impulse_continue_10bar_2.5pt_50d:direction=long:first_target_points=4:stop_points=3:runner_target_points=8:runner_stop_mode=breakeven,delta_impulse_continue_10bar_2.5pt_50d,long,4,3,8,breakeven,78,41,41,26,15,3,12,0,0,15,0.36585366,-3600,-5937,-144.80487805,41,0,"two-contract post-signal scalp: one contract exits at first target, one runner uses selected stop mode and runner target"
1,signal_scaled_scalp:strategy=delta_impulse_continue_10bar_2.5pt_50d:direction=short:first_target_points=4:stop_points=3:runner_target_points=8:runner_stop_mode=breakeven,delta_impulse_continue_10bar_2.5pt_50d,short,4,3,8,breakeven,78,37,37,25,11,3,8,1,0,11,0.2972973,-4100,-6209,-167.81081081,0,37,"two-contract post-signal scalp: one contract exits at first target, one runner uses selected stop mode and runner target"
1,signal_scaled_scalp:strategy=delta_impulse_continue_10bar_2.5pt_50d:direction=all:first_target_points=4:stop_points=3:runner_target_points=8:runner_stop_mode=initial,delta_impulse_continue_10bar_2.5pt_50d,all,4,3,8,initial,78,78,78,51,26,18,8,1,0,18,0.23076923,-4100,-8546,-109.56410256,41,37,"two-contract post-signal scalp: one contract exits at first target, one runner uses selected stop mode and runner target"
1,signal_scaled_scalp:strategy=delta_impulse_continue_10bar_2.5pt_50d:direction=long:first_target_points=4:stop_points=3:runner_target_points=8:runner_stop_mode=initial,delta_impulse_continue_10bar_2.5pt_50d,long,4,3,8,initial,78,41,41,26,15,11,4,0,0,11,0.26829268,-1000,-3337,-81.3902439,41,0,"two-contract post-signal scalp: one contract exits at first target, one runner uses selected stop mode and runner target"
1,signal_scaled_scalp:strategy=delta_impulse_continue_10bar_2.5pt_50d:direction=short:first_target_points=4:stop_points=3:runner_target_points=8:runner_stop_mode=initial,delta_impulse_continue_10bar_2.5pt_50d,short,4,3,8,initial,78,37,37,25,11,7,4,1,0,7,0.18918919,-3100,-5209,-140.78378378,0,37,"two-contract post-signal scalp: one contract exits at first target, one runner uses selected stop mode and runner target"
1,signal_scaled_scalp:strategy=delta_impulse_continue_10bar_2.5pt_50d:direction=all:first_target_points=4:stop_points=3:runner_target_points=10:runner_stop_mode=breakeven,delta_impulse_continue_10bar_2.5pt_50d,all,4,3,10,breakeven,78,78,78,51,26,5,21,1,0,26,0.33333333,-7600,-12046,-154.43589744,41,37,"two-contract post-signal scalp: one contract exits at first target, one runner uses selected stop mode and runner target"
1,signal_scaled_scalp:strategy=delta_impulse_continue_10bar_2.5pt_50d:direction=long:first_target_points=4:stop_points=3:runner_target_points=10:runner_stop_mode=breakeven,delta_impulse_continue_10bar_2.5pt_50d,long,4,3,10,breakeven,78,41,41,26,15,2,13,0,0,15,0.36585366,-3800,-6137,-149.68292683,41,0,"two-contract post-signal scalp: one contract exits at first target, one runner uses selected stop mode and runner target"
1,signal_scaled_scalp:strategy=delta_impulse_continue_10bar_2.5pt_50d:direction=short:first_target_points=4:stop_points=3:runner_target_points=10:runner_stop_mode=breakeven,delta_impulse_continue_10bar_2.5pt_50d,short,4,3,10,breakeven,78,37,37,25,11,3,8,1,0,11,0.2972973,-3800,-5909,-159.7027027,0,37,"two-contract post-signal scalp: one contract exits at first target, one runner uses selected stop mode and runner target"
1,signal_scaled_scalp:strategy=delta_impulse_continue_10bar_2.5pt_50d:direction=all:first_target_points=4:stop_points=3:runner_target_points=10:runner_stop_mode=initial,delta_impulse_continue_10bar_2.5pt_50d,all,4,3,10,initial,78,78,78,51,26,15,11,1,0,15,0.19230769,-4250,-8696,-111.48717949,41,37,"two-contract post-signal scalp: one contract exits at first target, one runner uses selected stop mode and runner target"
1,signal_scaled_scalp:strategy=delta_impulse_continue_10bar_2.5pt_50d:direction=long:first_target_points=4:stop_points=3:runner_target_points=10:runner_stop_mode=initial,delta_impulse_continue_10bar_2.5pt_50d,long,4,3,10,initial,78,41,41,26,15,9,6,0,0,9,0.2195122,-1200,-3537,-86.26829268,41,0,"two-contract post-signal scalp: one contract exits at first target, one runner uses selected stop mode and runner target"
1,signal_scaled_scalp:strategy=delta_impulse_continue_10bar_2.5pt_50d:direction=short:first_target_points=4:stop_points=3:runner_target_points=10:runner_stop_mode=initial,delta_impulse_continue_10bar_2.5pt_50d,short,4,3,10,initial,78,37,37,25,11,6,5,1,0,6,0.16216216,-3050,-5159,-139.43243243,0,37,"two-contract post-signal scalp: one contract exits at first target, one runner uses selected stop mode and runner target"
1,signal_scaled_scalp:strategy=delta_impulse_continue_10bar_2.5pt_50d:direction=all:first_target_points=4:stop_points=3:runner_target_points=15:runner_stop_mode=breakeven,delta_impulse_continue_10bar_2.5pt_50d,all,4,3,15,breakeven,78,78,78,51,26,2,24,1,0,26,0.33333333,-8600,-13046,-167.25641026,41,37,"two-contract post-signal scalp: one contract exits at first target, one runner uses selected stop mode and runner target"
1,signal_scaled_scalp:strategy=delta_impulse_continue_10bar_2.5pt_50d:direction=long:first_target_points=4:stop_points=3:runner_target_points=15:runner_stop_mode=breakeven,delta_impulse_continue_10bar_2.5pt_50d,long,4,3,15,breakeven,78,41,41,26,15,1,14,0,0,15,0.36585366,-4050,-6387,-155.7804878,41,0,"two-contract post-signal scalp: one contract exits at first target, one runner uses selected stop mode and runner target"
1,signal_scaled_scalp:strategy=delta_impulse_continue_10bar_2.5pt_50d:direction=short:first_target_points=4:stop_points=3:runner_target_points=15:runner_stop_mode=breakeven,delta_impulse_continue_10bar_2.5pt_50d,short,4,3,15,breakeven,78,37,37,25,11,1,10,1,0,11,0.2972973,-4550,-6659,-179.97297297,0,37,"two-contract post-signal scalp: one contract exits at first target, one runner uses selected stop mode and runner target"
1,signal_scaled_scalp:strategy=delta_impulse_continue_10bar_2.5pt_50d:direction=all:first_target_points=4:stop_points=3:runner_target_points=15:runner_stop_mode=initial,delta_impulse_continue_10bar_2.5pt_50d,all,4,3,15,initial,78,78,78,51,26,8,18,1,0,8,0.1025641,-6800,-11246,-144.17948718,41,37,"two-contract post-signal scalp: one contract exits at first target, one runner uses selected stop mode and runner target"
1,signal_scaled_scalp:strategy=delta_impulse_continue_10bar_2.5pt_50d:direction=long:first_target_points=4:stop_points=3:runner_target_points=15:runner_stop_mode=initial,delta_impulse_continue_10bar_2.5pt_50d,long,4,3,15,initial,78,41,41,26,15,5,10,0,0,5,0.12195122,-2550,-4887,-119.19512195,41,0,"two-contract post-signal scalp: one contract exits at first target, one runner uses selected stop mode and runner target"
1,signal_scaled_scalp:strategy=delta_impulse_continue_10bar_2.5pt_50d:direction=short:first_target_points=4:stop_points=3:runner_target_points=15:runner_stop_mode=initial,delta_impulse_continue_10bar_2.5pt_50d,short,4,3,15,initial,78,37,37,25,11,3,8,1,0,3,0.08108108,-4250,-6359,-171.86486486,0,37,"two-contract post-signal scalp: one contract exits at first target, one runner uses selected stop mode and runner target"
1,signal_scaled_scalp:strategy=delta_impulse_continue_10bar_2.5pt_50d:direction=all:first_target_points=4:stop_points=4:runner_target_points=5:runner_stop_mode=breakeven,delta_impulse_continue_10bar_2.5pt_50d,all,4,4,5,breakeven,78,78,78,47,30,6,24,1,0,30,0.38461538,-11300,-15746,-201.87179487,41,37,"two-contract post-signal scalp: one contract exits at first target, one runner uses selected stop mode and runner target"
1,signal_scaled_scalp:strategy=delta_impulse_continue_10bar_2.5pt_50d:direction=long:first_target_points=4:stop_points=4:runner_target_points=5:runner_stop_mode=breakeven,delta_impulse_continue_10bar_2.5pt_50d,long,4,4,5,breakeven,78,41,41,25,16,3,13,0,0,16,0.3902439,-6050,-8387,-204.56097561,41,0,"two-contract post-signal scalp: one contract exits at first target, one runner uses selected stop mode and runner target"
1,signal_scaled_scalp:strategy=delta_impulse_continue_10bar_2.5pt_50d:direction=short:first_target_points=4:stop_points=4:runner_target_points=5:runner_stop_mode=breakeven,delta_impulse_continue_10bar_2.5pt_50d,short,4,4,5,breakeven,78,37,37,22,14,3,11,1,0,14,0.37837838,-5250,-7359,-198.89189189,0,37,"two-contract post-signal scalp: one contract exits at first target, one runner uses selected stop mode and runner target"
1,signal_scaled_scalp:strategy=delta_impulse_continue_10bar_2.5pt_50d:direction=all:first_target_points=4:stop_points=4:runner_target_points=5:runner_stop_mode=initial,delta_impulse_continue_10bar_2.5pt_50d,all,4,4,5,initial,78,78,78,47,30,26,4,1,0,26,0.33333333,-7100,-11546,-148.02564103,41,37,"two-contract post-signal scalp: one contract exits at first target, one runner uses selected stop mode and runner target"
1,signal_scaled_scalp:strategy=delta_impulse_continue_10bar_2.5pt_50d:direction=long:first_target_points=4:stop_points=4:runner_target_points=5:runner_stop_mode=initial,delta_impulse_continue_10bar_2.5pt_50d,long,4,4,5,initial,78,41,41,25,16,14,2,0,0,14,0.34146341,-3700,-6037,-147.24390244,41,0,"two-contract post-signal scalp: one contract exits at first target, one runner uses selected stop mode and runner target"
1,signal_scaled_scalp:strategy=delta_impulse_continue_10bar_2.5pt_50d:direction=short:first_target_points=4:stop_points=4:runner_target_points=5:runner_stop_mode=initial,delta_impulse_continue_10bar_2.5pt_50d,short,4,4,5,initial,78,37,37,22,14,12,2,1,0,12,0.32432432,-3400,-5509,-148.89189189,0,37,"two-contract post-signal scalp: one contract exits at first target, one runner uses selected stop mode and runner target"
1,signal_scaled_scalp:strategy=delta_impulse_continue_10bar_2.5pt_50d:direction=all:first_target_points=4:stop_points=4:runner_target_points=8:runner_stop_mode=breakeven,delta_impulse_continue_10bar_2.5pt_50d,all,4,4,8,breakeven,78,78,78,47,30,6,24,1,0,30,0.38461538,-10400,-14846,-190.33333333,41,37,"two-contract post-signal scalp: one contract exits at first target, one runner uses selected stop mode and runner target"
1,signal_scaled_scalp:strategy=delta_impulse_continue_10bar_2.5pt_50d:direction=long:first_target_points=4:stop_points=4:runner_target_points=8:runner_stop_mode=breakeven,delta_impulse_continue_10bar_2.5pt_50d,long,4,4,8,breakeven,78,41,41,25,16,3,13,0,0,16,0.3902439,-5600,-7937,-193.58536585,41,0,"two-contract post-signal scalp: one contract exits at first target, one runner uses selected stop mode and runner target"
1,signal_scaled_scalp:strategy=delta_impulse_continue_10bar_2.5pt_50d:direction=short:first_target_points=4:stop_points=4:runner_target_points=8:runner_stop_mode=breakeven,delta_impulse_continue_10bar_2.5pt_50d,short,4,4,8,breakeven,78,37,37,22,14,3,11,1,0,14,0.37837838,-4800,-6909,-186.72972973,0,37,"two-contract post-signal scalp: one contract exits at first target, one runner uses selected stop mode and runner target"
1,signal_scaled_scalp:strategy=delta_impulse_continue_10bar_2.5pt_50d:direction=all:first_target_points=4:stop_points=4:runner_target_points=8:runner_stop_mode=initial,delta_impulse_continue_10bar_2.5pt_50d,all,4,4,8,initial,78,78,78,47,30,21,9,1,0,21,0.26923077,-6200,-10646,-136.48717949,41,37,"two-contract post-signal scalp: one contract exits at first target, one runner uses selected stop mode and runner target"
1,signal_scaled_scalp:strategy=delta_impulse_continue_10bar_2.5pt_50d:direction=long:first_target_points=4:stop_points=4:runner_target_points=8:runner_stop_mode=initial,delta_impulse_continue_10bar_2.5pt_50d,long,4,4,8,initial,78,41,41,25,16,12,4,0,0,12,0.29268293,-2800,-5137,-125.29268293,41,0,"two-contract post-signal scalp: one contract exits at first target, one runner uses selected stop mode and runner target"
1,signal_scaled_scalp:strategy=delta_impulse_continue_10bar_2.5pt_50d:direction=short:first_target_points=4:stop_points=4:runner_target_points=8:runner_stop_mode=initial,delta_impulse_continue_10bar_2.5pt_50d,short,4,4,8,initial,78,37,37,22,14,9,5,1,0,9,0.24324324,-3400,-5509,-148.89189189,0,37,"two-contract post-signal scalp: one contract exits at first target, one runner uses selected stop mode and runner target"
1,signal_scaled_scalp:strategy=delta_impulse_continue_10bar_2.5pt_50d:direction=all:first_target_points=4:stop_points=4:runner_target_points=10:runner_stop_mode=breakeven,delta_impulse_continue_10bar_2.5pt_50d,all,4,4,10,breakeven,78,78,78,47,30,5,25,1,0,30,0.38461538,-10300,-14746,-189.05128205,41,37,"two-contract post-signal scalp: one contract exits at first target, one runner uses selected stop mode and runner target"
1,signal_scaled_scalp:strategy=delta_impulse_continue_10bar_2.5pt_50d:direction=long:first_target_points=4:stop_points=4:runner_target_points=10:runner_stop_mode=breakeven,delta_impulse_continue_10bar_2.5pt_50d,long,4,4,10,breakeven,78,41,41,25,16,2,14,0,0,16,0.3902439,-5800,-8137,-198.46341463,41,0,"two-contract post-signal scalp: one contract exits at first target, one runner uses selected stop mode and runner target"
1,signal_scaled_scalp:strategy=delta_impulse_continue_10bar_2.5pt_50d:direction=short:first_target_points=4:stop_points=4:runner_target_points=10:runner_stop_mode=breakeven,delta_impulse_continue_10bar_2.5pt_50d,short,4,4,10,breakeven,78,37,37,22,14,3,11,1,0,14,0.37837838,-4500,-6609,-178.62162162,0,37,"two-contract post-signal scalp: one contract exits at first target, one runner uses selected stop mode and runner target"
1,signal_scaled_scalp:strategy=delta_impulse_continue_10bar_2.5pt_50d:direction=all:first_target_points=4:stop_points=4:runner_target_points=10:runner_stop_mode=initial,delta_impulse_continue_10bar_2.5pt_50d,all,4,4,10,initial,78,78,78,47,30,17,13,1,0,17,0.21794872,-6900,-11346,-145.46153846,41,37,"two-contract post-signal scalp: one contract exits at first target, one runner uses selected stop mode and runner target"
1,signal_scaled_scalp:strategy=delta_impulse_continue_10bar_2.5pt_50d:direction=long:first_target_points=4:stop_points=4:runner_target_points=10:runner_stop_mode=initial,delta_impulse_continue_10bar_2.5pt_50d,long,4,4,10,initial,78,41,41,25,16,9,7,0,0,9,0.2195122,-3700,-6037,-147.24390244,41,0,"two-contract post-signal scalp: one contract exits at first target, one runner uses selected stop mode and runner target"
1,signal_scaled_scalp:strategy=delta_impulse_continue_10bar_2.5pt_50d:direction=short:first_target_points=4:stop_points=4:runner_target_points=10:runner_stop_mode=initial,delta_impulse_continue_10bar_2.5pt_50d,short,4,4,10,initial,78,37,37,22,14,8,6,1,0,8,0.21621622,-3200,-5309,-143.48648649,0,37,"two-contract post-signal scalp: one contract exits at first target, one runner uses selected stop mode and runner target"
1,signal_scaled_scalp:strategy=delta_impulse_continue_10bar_2.5pt_50d:direction=all:first_target_points=4:stop_points=4:runner_target_points=15:runner_stop_mode=breakeven,delta_impulse_continue_10bar_2.5pt_50d,all,4,4,15,breakeven,78,78,78,47,30,2,28,1,0,30,0.38461538,-11300,-15746,-201.87179487,41,37,"two-contract post-signal scalp: one contract exits at first target, one runner uses selected stop mode and runner target"
1,signal_scaled_scalp:strategy=delta_impulse_continue_10bar_2.5pt_50d:direction=long:first_target_points=4:stop_points=4:runner_target_points=15:runner_stop_mode=breakeven,delta_impulse_continue_10bar_2.5pt_50d,long,4,4,15,breakeven,78,41,41,25,16,1,15,0,0,16,0.3902439,-6050,-8387,-204.56097561,41,0,"two-contract post-signal scalp: one contract exits at first target, one runner uses selected stop mode and runner target"
1,signal_scaled_scalp:strategy=delta_impulse_continue_10bar_2.5pt_50d:direction=short:first_target_points=4:stop_points=4:runner_target_points=15:runner_stop_mode=breakeven,delta_impulse_continue_10bar_2.5pt_50d,short,4,4,15,breakeven,78,37,37,22,14,1,13,1,0,14,0.37837838,-5250,-7359,-198.89189189,0,37,"two-contract post-signal scalp: one contract exits at first target, one runner uses selected stop mode and runner target"
1,signal_scaled_scalp:strategy=delta_impulse_continue_10bar_2.5pt_50d:direction=all:first_target_points=4:stop_points=4:runner_target_points=15:runner_stop_mode=initial,delta_impulse_continue_10bar_2.5pt_50d,all,4,4,15,initial,78,78,78,47,30,11,19,1,0,11,0.14102564,-8350,-12796,-164.05128205,41,37,"two-contract post-signal scalp: one contract exits at first target, one runner uses selected stop mode and runner target"
1,signal_scaled_scalp:strategy=delta_impulse_continue_10bar_2.5pt_50d:direction=long:first_target_points=4:stop_points=4:runner_target_points=15:runner_stop_mode=initial,delta_impulse_continue_10bar_2.5pt_50d,long,4,4,15,initial,78,41,41,25,16,5,11,0,0,5,0.12195122,-5250,-7587,-185.04878049,41,0,"two-contract post-signal scalp: one contract exits at first target, one runner uses selected stop mode and runner target"
1,signal_scaled_scalp:strategy=delta_impulse_continue_10bar_2.5pt_50d:direction=short:first_target_points=4:stop_points=4:runner_target_points=15:runner_stop_mode=initial,delta_impulse_continue_10bar_2.5pt_50d,short,4,4,15,initial,78,37,37,22,14,6,8,1,0,6,0.16216216,-3100,-5209,-140.78378378,0,37,"two-contract post-signal scalp: one contract exits at first target, one runner uses selected stop mode and runner target"
1,signal_scaled_scalp:strategy=delta_impulse_continue_10bar_2.5pt_50d:direction=all:first_target_points=4:stop_points=5:runner_target_points=5:runner_stop_mode=breakeven,delta_impulse_continue_10bar_2.5pt_50d,all,4,5,5,breakeven,78,78,78,37,40,9,31,1,0,40,0.51282051,-8250,-12696,-162.76923077,41,37,"two-contract post-signal scalp: one contract exits at first target, one runner uses selected stop mode and runner target"
1,signal_scaled_scalp:strategy=delta_impulse_continue_10bar_2.5pt_50d:direction=long:first_target_points=4:stop_points=5:runner_target_points=5:runner_stop_mode=breakeven,delta_impulse_continue_10bar_2.5pt_50d,long,4,5,5,breakeven,78,41,41,18,23,5,18,0,0,23,0.56097561,-3150,-5487,-133.82926829,41,0,"two-contract post-signal scalp: one contract exits at first target, one runner uses selected stop mode and runner target"
1,signal_scaled_scalp:strategy=delta_impulse_continue_10bar_2.5pt_50d:direction=short:first_target_points=4:stop_points=5:runner_target_points=5:runner_stop_mode=breakeven,delta_impulse_continue_10bar_2.5pt_50d,short,4,5,5,breakeven,78,37,37,19,17,4,13,1,0,17,0.45945946,-5100,-7209,-194.83783784,0,37,"two-contract post-signal scalp: one contract exits at first target, one runner uses selected stop mode and runner target"
1,signal_scaled_scalp:strategy=delta_impulse_continue_10bar_2.5pt_50d:direction=all:first_target_points=4:stop_points=5:runner_target_points=5:runner_stop_mode=initial,delta_impulse_continue_10bar_2.5pt_50d,all,4,5,5,initial,78,78,78,37,40,35,5,1,0,35,0.44871795,-3000,-7446,-95.46153846,41,37,"two-contract post-signal scalp: one contract exits at first target, one runner uses selected stop mode and runner target"
1,signal_scaled_scalp:strategy=delta_impulse_continue_10bar_2.5pt_50d:direction=long:first_target_points=4:stop_points=5:runner_target_points=5:runner_stop_mode=initial,delta_impulse_continue_10bar_2.5pt_50d,long,4,5,5,initial,78,41,41,18,23,21,2,0,0,21,0.51219512,350,-1987,-48.46341463,41,0,"two-contract post-signal scalp: one contract exits at first target, one runner uses selected stop mode and runner target"
1,signal_scaled_scalp:strategy=delta_impulse_continue_10bar_2.5pt_50d:direction=short:first_target_points=4:stop_points=5:runner_target_points=5:runner_stop_mode=initial,delta_impulse_continue_10bar_2.5pt_50d,short,4,5,5,initial,78,37,37,19,17,14,3,1,0,14,0.37837838,-3350,-5459,-147.54054054,0,37,"two-contract post-signal scalp: one contract exits at first target, one runner uses selected stop mode and runner target"
1,signal_scaled_scalp:strategy=delta_impulse_continue_10bar_2.5pt_50d:direction=all:first_target_points=4:stop_points=5:runner_target_points=8:runner_stop_mode=breakeven,delta_impulse_continue_10bar_2.5pt_50d,all,4,5,8,breakeven,78,78,78,37,40,8,32,1,0,40,0.51282051,-7300,-11746,-150.58974359,41,37,"two-contract post-signal scalp: one contract exits at first target, one runner uses selected stop mode and runner target"
1,signal_scaled_scalp:strategy=delta_impulse_continue_10bar_2.5pt_50d:direction=long:first_target_points=4:stop_points=5:runner_target_points=8:runner_stop_mode=breakeven,delta_impulse_continue_10bar_2.5pt_50d,long,4,5,8,breakeven,78,41,41,18,23,4,19,0,0,23,0.56097561,-2800,-5137,-125.29268293,41,0,"two-contract post-signal scalp: one contract exits at first target, one runner uses selected stop mode and runner target"
1,signal_scaled_scalp:strategy=delta_impulse_continue_10bar_2.5pt_50d:direction=short:first_target_points=4:stop_points=5:runner_target_points=8:runner_stop_mode=breakeven,delta_impulse_continue_10bar_2.5pt_50d,short,4,5,8,breakeven,78,37,37,19,17,4,13,1,0,17,0.45945946,-4500,-6609,-178.62162162,0,37,"two-contract post-signal scalp: one contract exits at first target, one runner uses selected stop mode and runner target"
1,signal_scaled_scalp:strategy=delta_impulse_continue_10bar_2.5pt_50d:direction=all:first_target_points=4:stop_points=5:runner_target_points=8:runner_stop_mode=initial,delta_impulse_continue_10bar_2.5pt_50d,all,4,5,8,initial,78,78,78,37,40,29,11,1,0,29,0.37179487,-1650,-6096,-78.15384615,41,37,"two-contract post-signal scalp: one contract exits at first target, one runner uses selected stop mode and runner target"
1,signal_scaled_scalp:strategy=delta_impulse_continue_10bar_2.5pt_50d:direction=long:first_target_points=4:stop_points=5:runner_target_points=8:runner_stop_mode=initial,delta_impulse_continue_10bar_2.5pt_50d,long,4,5,8,initial,78,41,41,18,23,19,4,0,0,19,0.46341463,2200,-137,-3.34146341,41,0,"two-contract post-signal scalp: one contract exits at first target, one runner uses selected stop mode and runner target"
1,signal_scaled_scalp:strategy=delta_impulse_continue_10bar_2.5pt_50d:direction=short:first_target_points=4:stop_points=5:runner_target_points=8:runner_stop_mode=initial,delta_impulse_continue_10bar_2.5pt_50d,short,4,5,8,initial,78,37,37,19,17,10,7,1,0,10,0.27027027,-3850,-5959,-161.05405405,0,37,"two-contract post-signal scalp: one contract exits at first target, one runner uses selected stop mode and runner target"
1,signal_scaled_scalp:strategy=delta_impulse_continue_10bar_2.5pt_50d:direction=all:first_target_points=4:stop_points=5:runner_target_points=10:runner_stop_mode=breakeven,delta_impulse_continue_10bar_2.5pt_50d,all,4,5,10,breakeven,78,78,78,37,40,6,33,2,0,40,0.51282051,-7200,-11646,-149.30769231,41,37,"two-contract post-signal scalp: one contract exits at first target, one runner uses selected stop mode and runner target"
1,signal_scaled_scalp:strategy=delta_impulse_continue_10bar_2.5pt_50d:direction=long:first_target_points=4:stop_points=5:runner_target_points=10:runner_stop_mode=breakeven,delta_impulse_continue_10bar_2.5pt_50d,long,4,5,10,breakeven,78,41,41,18,23,3,20,0,0,23,0.56097561,-2900,-5237,-127.73170732,41,0,"two-contract post-signal scalp: one contract exits at first target, one runner uses selected stop mode and runner target"
1,signal_scaled_scalp:strategy=delta_impulse_continue_10bar_2.5pt_50d:direction=short:first_target_points=4:stop_points=5:runner_target_points=10:runner_stop_mode=breakeven,delta_impulse_continue_10bar_2.5pt_50d,short,4,5,10,breakeven,78,37,37,19,17,3,13,2,0,17,0.45945946,-4300,-6409,-173.21621622,0,37,"two-contract post-signal scalp: one contract exits at first target, one runner uses selected stop mode and runner target"
1,signal_scaled_scalp:strategy=delta_impulse_continue_10bar_2.5pt_50d:direction=all:first_target_points=4:stop_points=5:runner_target_points=10:runner_stop_mode=initial,delta_impulse_continue_10bar_2.5pt_50d,all,4,5,10,initial,78,78,78,37,40,23,16,2,0,24,0.30769231,-2700,-7146,-91.61538462,41,37,"two-contract post-signal scalp: one contract exits at first target, one runner uses selected stop mode and runner target"
1,signal_scaled_scalp:strategy=delta_impulse_continue_10bar_2.5pt_50d:direction=long:first_target_points=4:stop_points=5:runner_target_points=10:runner_stop_mode=initial,delta_impulse_continue_10bar_2.5pt_50d,long,4,5,10,initial,78,41,41,18,23,15,8,0,0,15,0.36585366,1100,-1237,-30.17073171,41,0,"two-contract post-signal scalp: one contract exits at first target, one runner uses selected stop mode and runner target"
1,signal_scaled_scalp:strategy=delta_impulse_continue_10bar_2.5pt_50d:direction=short:first_target_points=4:stop_points=5:runner_target_points=10:runner_stop_mode=initial,delta_impulse_continue_10bar_2.5pt_50d,short,4,5,10,initial,78,37,37,19,17,8,8,2,0,9,0.24324324,-3800,-5909,-159.7027027,0,37,"two-contract post-signal scalp: one contract exits at first target, one runner uses selected stop mode and runner target"
1,signal_scaled_scalp:strategy=delta_impulse_continue_10bar_2.5pt_50d:direction=all:first_target_points=4:stop_points=5:runner_target_points=15:runner_stop_mode=breakeven,delta_impulse_continue_10bar_2.5pt_50d,all,4,5,15,breakeven,78,78,78,37,40,2,37,2,0,40,0.51282051,-8700,-13146,-168.53846154,41,37,"two-contract post-signal scalp: one contract exits at first target, one runner uses selected stop mode and runner target"
1,signal_scaled_scalp:strategy=delta_impulse_continue_10bar_2.5pt_50d:direction=long:first_target_points=4:stop_points=5:runner_target_points=15:runner_stop_mode=breakeven,delta_impulse_continue_10bar_2.5pt_50d,long,4,5,15,breakeven,78,41,41,18,23,1,22,0,0,23,0.56097561,-3650,-5987,-146.02439024,41,0,"two-contract post-signal scalp: one contract exits at first target, one runner uses selected stop mode and runner target"
1,signal_scaled_scalp:strategy=delta_impulse_continue_10bar_2.5pt_50d:direction=short:first_target_points=4:stop_points=5:runner_target_points=15:runner_stop_mode=breakeven,delta_impulse_continue_10bar_2.5pt_50d,short,4,5,15,breakeven,78,37,37,19,17,1,15,2,0,17,0.45945946,-5050,-7159,-193.48648649,0,37,"two-contract post-signal scalp: one contract exits at first target, one runner uses selected stop mode and runner target"
1,signal_scaled_scalp:strategy=delta_impulse_continue_10bar_2.5pt_50d:direction=all:first_target_points=4:stop_points=5:runner_target_points=15:runner_stop_mode=initial,delta_impulse_continue_10bar_2.5pt_50d,all,4,5,15,initial,78,78,78,37,40,16,22,3,0,18,0.23076923,-3812.5,-8258.5,-105.87820513,41,37,"two-contract post-signal scalp: one contract exits at first target, one runner uses selected stop mode and runner target"
1,signal_scaled_scalp:strategy=delta_impulse_continue_10bar_2.5pt_50d:direction=long:first_target_points=4:stop_points=5:runner_target_points=15:runner_stop_mode=initial,delta_impulse_continue_10bar_2.5pt_50d,long,4,5,15,initial,78,41,41,18,23,10,12,1,0,11,0.26829268,-12.5,-2349.5,-57.30487805,41,0,"two-contract post-signal scalp: one contract exits at first target, one runner uses selected stop mode and runner target"
1,signal_scaled_scalp:strategy=delta_impulse_continue_10bar_2.5pt_50d:direction=short:first_target_points=4:stop_points=5:runner_target_points=15:runner_stop_mode=initial,delta_impulse_continue_10bar_2.5pt_50d,short,4,5,15,initial,78,37,37,19,17,6,10,2,0,7,0.18918919,-3800,-5909,-159.7027027,0,37,"two-contract post-signal scalp: one contract exits at first target, one runner uses selected stop mode and runner target"
1,signal_scaled_scalp:strategy=delta_impulse_continue_10bar_2.5pt_50d:direction=all:first_target_points=4:stop_points=6:runner_target_points=5:runner_stop_mode=breakeven,delta_impulse_continue_10bar_2.5pt_50d,all,4,6,5,breakeven,78,78,78,34,43,11,32,1,0,43,0.55128205,-9050,-13496,-173.02564103,41,37,"two-contract post-signal scalp: one contract exits at first target, one runner uses selected stop mode and runner target"
1,signal_scaled_scalp:strategy=delta_impulse_continue_10bar_2.5pt_50d:direction=long:first_target_points=4:stop_points=6:runner_target_points=5:runner_stop_mode=breakeven,delta_impulse_continue_10bar_2.5pt_50d,long,4,6,5,breakeven,78,41,41,15,26,7,19,0,0,26,0.63414634,-2050,-4387,-107,41,0,"two-contract post-signal scalp: one contract exits at first target, one runner uses selected stop mode and runner target"
1,signal_scaled_scalp:strategy=delta_impulse_continue_10bar_2.5pt_50d:direction=short:first_target_points=4:stop_points=6:runner_target_points=5:runner_stop_mode=breakeven,delta_impulse_continue_10bar_2.5pt_50d,short,4,6,5,breakeven,78,37,37,19,17,4,13,1,0,17,0.45945946,-7000,-9109,-246.18918919,0,37,"two-contract post-signal scalp: one contract exits at first target, one runner uses selected stop mode and runner target"
1,signal_scaled_scalp:strategy=delta_impulse_continue_10bar_2.5pt_50d:direction=all:first_target_points=4:stop_points=6:runner_target_points=5:runner_stop_mode=initial,delta_impulse_continue_10bar_2.5pt_50d,all,4,6,5,initial,78,78,78,34,43,38,5,1,0,38,0.48717949,-3800,-8246,-105.71794872,41,37,"two-contract post-signal scalp: one contract exits at first target, one runner uses selected stop mode and runner target"
1,signal_scaled_scalp:strategy=delta_impulse_continue_10bar_2.5pt_50d:direction=long:first_target_points=4:stop_points=6:runner_target_points=5:runner_stop_mode=initial,delta_impulse_continue_10bar_2.5pt_50d,long,4,6,5,initial,78,41,41,15,26,24,2,0,0,24,0.58536585,1600,-737,-17.97560976,41,0,"two-contract post-signal scalp: one contract exits at first target, one runner uses selected stop mode and runner target"
1,signal_scaled_scalp:strategy=delta_impulse_continue_10bar_2.5pt_50d:direction=short:first_target_points=4:stop_points=6:runner_target_points=5:runner_stop_mode=initial,delta_impulse_continue_10bar_2.5pt_50d,short,4,6,5,initial,78,37,37,19,17,14,3,1,0,14,0.37837838,-5400,-7509,-202.94594595,0,37,"two-contract post-signal scalp: one contract exits at first target, one runner uses selected stop mode and runner target"
1,signal_scaled_scalp:strategy=delta_impulse_continue_10bar_2.5pt_50d:direction=all:first_target_points=4:stop_points=6:runner_target_points=8:runner_stop_mode=breakeven,delta_impulse_continue_10bar_2.5pt_50d,all,4,6,8,breakeven,78,78,78,34,43,10,33,1,0,43,0.55128205,-7800,-12246,-157,41,37,"two-contract post-signal scalp: one contract exits at first target, one runner uses selected stop mode and runner target"
1,signal_scaled_scalp:strategy=delta_impulse_continue_10bar_2.5pt_50d:direction=long:first_target_points=4:stop_points=6:runner_target_points=8:runner_stop_mode=breakeven,delta_impulse_continue_10bar_2.5pt_50d,long,4,6,8,breakeven,78,41,41,15,26,6,20,0,0,26,0.63414634,-1400,-3737,-91.14634146,41,0,"two-contract post-signal scalp: one contract exits at first target, one runner uses selected stop mode and runner target"
1,signal_scaled_scalp:strategy=delta_impulse_continue_10bar_2.5pt_50d:direction=short:first_target_points=4:stop_points=6:runner_target_points=8:runner_stop_mode=breakeven,delta_impulse_continue_10bar_2.5pt_50d,short,4,6,8,breakeven,78,37,37,19,17,4,13,1,0,17,0.45945946,-6400,-8509,-229.97297297,0,37,"two-contract post-signal scalp: one contract exits at first target, one runner uses selected stop mode and runner target"
1,signal_scaled_scalp:strategy=delta_impulse_continue_10bar_2.5pt_50d:direction=all:first_target_points=4:stop_points=6:runner_target_points=8:runner_stop_mode=initial,delta_impulse_continue_10bar_2.5pt_50d,all,4,6,8,initial,78,78,78,34,43,33,10,1,0,33,0.42307692,-1600,-6046,-77.51282051,41,37,"two-contract post-signal scalp: one contract exits at first target, one runner uses selected stop mode and runner target"
1,signal_scaled_scalp:strategy=delta_impulse_continue_10bar_2.5pt_50d:direction=long:first_target_points=4:stop_points=6:runner_target_points=8:runner_stop_mode=initial,delta_impulse_continue_10bar_2.5pt_50d,long,4,6,8,initial,78,41,41,15,26,22,4,0,0,22,0.53658537,3800,1463,35.68292683,41,0,"two-contract post-signal scalp: one contract exits at first target, one runner uses selected stop mode and runner target"
1,signal_scaled_scalp:strategy=delta_impulse_continue_10bar_2.5pt_50d:direction=short:first_target_points=4:stop_points=6:runner_target_points=8:runner_stop_mode=initial,delta_impulse_continue_10bar_2.5pt_50d,short,4,6,8,initial,78,37,37,19,17,11,6,1,0,11,0.2972973,-5400,-7509,-202.94594595,0,37,"two-contract post-signal scalp: one contract exits at first target, one runner uses selected stop mode and runner target"
1,signal_scaled_scalp:strategy=delta_impulse_continue_10bar_2.5pt_50d:direction=all:first_target_points=4:stop_points=6:runner_target_points=10:runner_stop_mode=breakeven,delta_impulse_continue_10bar_2.5pt_50d,all,4,6,10,breakeven,78,78,78,34,43,8,34,2,0,43,0.55128205,-7500,-11946,-153.15384615,41,37,"two-contract post-signal scalp: one contract exits at first target, one runner uses selected stop mode and runner target"
1,signal_scaled_scalp:strategy=delta_impulse_continue_10bar_2.5pt_50d:direction=long:first_target_points=4:stop_points=6:runner_target_points=10:runner_stop_mode=breakeven,delta_impulse_continue_10bar_2.5pt_50d,long,4,6,10,breakeven,78,41,41,15,26,5,21,0,0,26,0.63414634,-1300,-3637,-88.70731707,41,0,"two-contract post-signal scalp: one contract exits at first target, one runner uses selected stop mode and runner target"
1,signal_scaled_scalp:strategy=delta_impulse_continue_10bar_2.5pt_50d:direction=short:first_target_points=4:stop_points=6:runner_target_points=10:runner_stop_mode=breakeven,delta_impulse_continue_10bar_2.5pt_50d,short,4,6,10,breakeven,78,37,37,19,17,3,13,2,0,17,0.45945946,-6200,-8309,-224.56756757,0,37,"two-contract post-signal scalp: one contract exits at first target, one runner uses selected stop mode and runner target"
1,signal_scaled_scalp:strategy=delta_impulse_continue_10bar_2.5pt_50d:direction=all:first_target_points=4:stop_points=6:runner_target_points=10:runner_stop_mode=initial,delta_impulse_continue_10bar_2.5pt_50d,all,4,6,10,initial,78,78,78,34,43,26,16,2,0,27,0.34615385,-3300,-7746,-99.30769231,41,37,"two-contract post-signal scalp: one contract exits at first target, one runner uses selected stop mode and runner target"
1,signal_scaled_scalp:strategy=delta_impulse_continue_10bar_2.5pt_50d:direction=long:first_target_points=4:stop_points=6:runner_target_points=10:runner_stop_mode=initial,delta_impulse_continue_10bar_2.5pt_50d,long,4,6,10,initial,78,41,41,15,26,17,9,0,0,17,0.41463415,2000,-337,-8.2195122,41,0,"two-contract post-signal scalp: one contract exits at first target, one runner uses selected stop mode and runner target"
1,signal_scaled_scalp:strategy=delta_impulse_continue_10bar_2.5pt_50d:direction=short:first_target_points=4:stop_points=6:runner_target_points=10:runner_stop_mode=initial,delta_impulse_continue_10bar_2.5pt_50d,short,4,6,10,initial,78,37,37,19,17,9,7,2,0,10,0.27027027,-5300,-7409,-200.24324324,0,37,"two-contract post-signal scalp: one contract exits at first target, one runner uses selected stop mode and runner target"
1,signal_scaled_scalp:strategy=delta_impulse_continue_10bar_2.5pt_50d:direction=all:first_target_points=4:stop_points=6:runner_target_points=15:runner_stop_mode=breakeven,delta_impulse_continue_10bar_2.5pt_50d,all,4,6,15,breakeven,78,78,78,34,43,2,40,2,0,43,0.55128205,-10000,-14446,-185.20512821,41,37,"two-contract post-signal scalp: one contract exits at first target, one runner uses selected stop mode and runner target"
1,signal_scaled_scalp:strategy=delta_impulse_continue_10bar_2.5pt_50d:direction=long:first_target_points=4:stop_points=6:runner_target_points=15:runner_stop_mode=breakeven,delta_impulse_continue_10bar_2.5pt_50d,long,4,6,15,breakeven,78,41,41,15,26,1,25,0,0,26,0.63414634,-3050,-5387,-131.3902439,41,0,"two-contract post-signal scalp: one contract exits at first target, one runner uses selected stop mode and runner target"
1,signal_scaled_scalp:strategy=delta_impulse_continue_10bar_2.5pt_50d:direction=short:first_target_points=4:stop_points=6:runner_target_points=15:runner_stop_mode=breakeven,delta_impulse_continue_10bar_2.5pt_50d,short,4,6,15,breakeven,78,37,37,19,17,1,15,2,0,17,0.45945946,-6950,-9059,-244.83783784,0,37,"two-contract post-signal scalp: one contract exits at first target, one runner uses selected stop mode and runner target"
1,signal_scaled_scalp:strategy=delta_impulse_continue_10bar_2.5pt_50d:direction=all:first_target_points=4:stop_points=6:runner_target_points=15:runner_stop_mode=initial,delta_impulse_continue_10bar_2.5pt_50d,all,4,6,15,initial,78,78,78,34,43,19,22,3,0,21,0.26923077,-3962.5,-8408.5,-107.80128205,41,37,"two-contract post-signal scalp: one contract exits at first target, one runner uses selected stop mode and runner target"
1,signal_scaled_scalp:strategy=delta_impulse_continue_10bar_2.5pt_50d:direction=long:first_target_points=4:stop_points=6:runner_target_points=15:runner_stop_mode=initial,delta_impulse_continue_10bar_2.5pt_50d,long,4,6,15,initial,78,41,41,15,26,11,14,1,0,12,0.29268293,137.5,-2199.5,-53.64634146,41,0,"two-contract post-signal scalp: one contract exits at first target, one runner uses selected stop mode and runner target"
1,signal_scaled_scalp:strategy=delta_impulse_continue_10bar_2.5pt_50d:direction=short:first_target_points=4:stop_points=6:runner_target_points=15:runner_stop_mode=initial,delta_impulse_continue_10bar_2.5pt_50d,short,4,6,15,initial,78,37,37,19,17,8,8,2,0,9,0.24324324,-4100,-6209,-167.81081081,0,37,"two-contract post-signal scalp: one contract exits at first target, one runner uses selected stop mode and runner target"
1,signal_scaled_scalp:strategy=delta_impulse_continue_10bar_2.5pt_50d:direction=all:first_target_points=4:stop_points=8:runner_target_points=5:runner_stop_mode=breakeven,delta_impulse_continue_10bar_2.5pt_50d,all,4,8,5,breakeven,78,78,78,24,53,11,42,1,0,53,0.67948718,-5850,-10296,-132,41,37,"two-contract post-signal scalp: one contract exits at first target, one runner uses selected stop mode and runner target"
1,signal_scaled_scalp:strategy=delta_impulse_continue_10bar_2.5pt_50d:direction=long:first_target_points=4:stop_points=8:runner_target_points=5:runner_stop_mode=breakeven,delta_impulse_continue_10bar_2.5pt_50d,long,4,8,5,breakeven,78,41,41,9,32,7,25,0,0,32,0.7804878,950,-1387,-33.82926829,41,0,"two-contract post-signal scalp: one contract exits at first target, one runner uses selected stop mode and runner target"
1,signal_scaled_scalp:strategy=delta_impulse_continue_10bar_2.5pt_50d:direction=short:first_target_points=4:stop_points=8:runner_target_points=5:runner_stop_mode=breakeven,delta_impulse_continue_10bar_2.5pt_50d,short,4,8,5,breakeven,78,37,37,15,21,4,17,1,0,21,0.56756757,-6800,-8909,-240.78378378,0,37,"two-contract post-signal scalp: one contract exits at first target, one runner uses selected stop mode and runner target"
1,signal_scaled_scalp:strategy=delta_impulse_continue_10bar_2.5pt_50d:direction=all:first_target_points=4:stop_points=8:runner_target_points=5:runner_stop_mode=initial,delta_impulse_continue_10bar_2.5pt_50d,all,4,8,5,initial,78,78,78,24,53,50,3,1,0,50,0.64102564,2700,-1746,-22.38461538,41,37,"two-contract post-signal scalp: one contract exits at first target, one runner uses selected stop mode and runner target"
1,signal_scaled_scalp:strategy=delta_impulse_continue_10bar_2.5pt_50d:direction=long:first_target_points=4:stop_points=8:runner_target_points=5:runner_stop_mode=initial,delta_impulse_continue_10bar_2.5pt_50d,long,4,8,5,initial,78,41,41,9,32,30,2,0,0,30,0.73170732,5900,3563,86.90243902,41,0,"two-contract post-signal scalp: one contract exits at first target, one runner uses selected stop mode and runner target"
1,signal_scaled_scalp:strategy=delta_impulse_continue_10bar_2.5pt_50d:direction=short:first_target_points=4:stop_points=8:runner_target_points=5:runner_stop_mode=initial,delta_impulse_continue_10bar_2.5pt_50d,short,4,8,5,initial,78,37,37,15,21,20,1,1,0,20,0.54054054,-3200,-5309,-143.48648649,0,37,"two-contract post-signal scalp: one contract exits at first target, one runner uses selected stop mode and runner target"
1,signal_scaled_scalp:strategy=delta_impulse_continue_10bar_2.5pt_50d:direction=all:first_target_points=4:stop_points=8:runner_target_points=8:runner_stop_mode=breakeven,delta_impulse_continue_10bar_2.5pt_50d,all,4,8,8,breakeven,78,78,78,24,53,10,43,1,0,53,0.67948718,-4600,-9046,-115.97435897,41,37,"two-contract post-signal scalp: one contract exits at first target, one runner uses selected stop mode and runner target"
1,signal_scaled_scalp:strategy=delta_impulse_continue_10bar_2.5pt_50d:direction=long:first_target_points=4:stop_points=8:runner_target_points=8:runner_stop_mode=breakeven,delta_impulse_continue_10bar_2.5pt_50d,long,4,8,8,breakeven,78,41,41,9,32,6,26,0,0,32,0.7804878,1600,-737,-17.97560976,41,0,"two-contract post-signal scalp: one contract exits at first target, one runner uses selected stop mode and runner target"
1,signal_scaled_scalp:strategy=delta_impulse_continue_10bar_2.5pt_50d:direction=short:first_target_points=4:stop_points=8:runner_target_points=8:runner_stop_mode=breakeven,delta_impulse_continue_10bar_2.5pt_50d,short,4,8,8,breakeven,78,37,37,15,21,4,17,1,0,21,0.56756757,-6200,-8309,-224.56756757,0,37,"two-contract post-signal scalp: one contract exits at first target, one runner uses selected stop mode and runner target"
1,signal_scaled_scalp:strategy=delta_impulse_continue_10bar_2.5pt_50d:direction=all:first_target_points=4:stop_points=8:runner_target_points=8:runner_stop_mode=initial,delta_impulse_continue_10bar_2.5pt_50d,all,4,8,8,initial,78,78,78,24,53,42,11,1,0,42,0.53846154,3800,-646,-8.28205128,41,37,"two-contract post-signal scalp: one contract exits at first target, one runner uses selected stop mode and runner target"
1,signal_scaled_scalp:strategy=delta_impulse_continue_10bar_2.5pt_50d:direction=long:first_target_points=4:stop_points=8:runner_target_points=8:runner_stop_mode=initial,delta_impulse_continue_10bar_2.5pt_50d,long,4,8,8,initial,78,41,41,9,32,26,6,0,0,26,0.63414634,7200,4863,118.6097561,41,0,"two-contract post-signal scalp: one contract exits at first target, one runner uses selected stop mode and runner target"
1,signal_scaled_scalp:strategy=delta_impulse_continue_10bar_2.5pt_50d:direction=short:first_target_points=4:stop_points=8:runner_target_points=8:runner_stop_mode=initial,delta_impulse_continue_10bar_2.5pt_50d,short,4,8,8,initial,78,37,37,15,21,16,5,1,0,16,0.43243243,-3400,-5509,-148.89189189,0,37,"two-contract post-signal scalp: one contract exits at first target, one runner uses selected stop mode and runner target"
1,signal_scaled_scalp:strategy=delta_impulse_continue_10bar_2.5pt_50d:direction=all:first_target_points=4:stop_points=8:runner_target_points=10:runner_stop_mode=breakeven,delta_impulse_continue_10bar_2.5pt_50d,all,4,8,10,breakeven,78,78,78,24,53,8,44,2,0,53,0.67948718,-4300,-8746,-112.12820513,41,37,"two-contract post-signal scalp: one contract exits at first target, one runner uses selected stop mode and runner target"
1,signal_scaled_scalp:strategy=delta_impulse_continue_10bar_2.5pt_50d:direction=long:first_target_points=4:stop_points=8:runner_target_points=10:runner_stop_mode=breakeven,delta_impulse_continue_10bar_2.5pt_50d,long,4,8,10,breakeven,78,41,41,9,32,5,27,0,0,32,0.7804878,1700,-637,-15.53658537,41,0,"two-contract post-signal scalp: one contract exits at first target, one runner uses selected stop mode and runner target"
1,signal_scaled_scalp:strategy=delta_impulse_continue_10bar_2.5pt_50d:direction=short:first_target_points=4:stop_points=8:runner_target_points=10:runner_stop_mode=breakeven,delta_impulse_continue_10bar_2.5pt_50d,short,4,8,10,breakeven,78,37,37,15,21,3,17,2,0,21,0.56756757,-6000,-8109,-219.16216216,0,37,"two-contract post-signal scalp: one contract exits at first target, one runner uses selected stop mode and runner target"
1,signal_scaled_scalp:strategy=delta_impulse_continue_10bar_2.5pt_50d:direction=all:first_target_points=4:stop_points=8:runner_target_points=10:runner_stop_mode=initial,delta_impulse_continue_10bar_2.5pt_50d,all,4,8,10,initial,78,78,78,24,53,34,18,2,0,35,0.44871795,1500,-2946,-37.76923077,41,37,"two-contract post-signal scalp: one contract exits at first target, one runner uses selected stop mode and runner target"
1,signal_scaled_scalp:strategy=delta_impulse_continue_10bar_2.5pt_50d:direction=long:first_target_points=4:stop_points=8:runner_target_points=10:runner_stop_mode=initial,delta_impulse_continue_10bar_2.5pt_50d,long,4,8,10,initial,78,41,41,9,32,21,11,0,0,21,0.51219512,5300,2963,72.26829268,41,0,"two-contract post-signal scalp: one contract exits at first target, one runner uses selected stop mode and runner target"
1,signal_scaled_scalp:strategy=delta_impulse_continue_10bar_2.5pt_50d:direction=short:first_target_points=4:stop_points=8:runner_target_points=10:runner_stop_mode=initial,delta_impulse_continue_10bar_2.5pt_50d,short,4,8,10,initial,78,37,37,15,21,13,7,2,0,14,0.37837838,-3800,-5909,-159.7027027,0,37,"two-contract post-signal scalp: one contract exits at first target, one runner uses selected stop mode and runner target"
1,signal_scaled_scalp:strategy=delta_impulse_continue_10bar_2.5pt_50d:direction=all:first_target_points=4:stop_points=8:runner_target_points=15:runner_stop_mode=breakeven,delta_impulse_continue_10bar_2.5pt_50d,all,4,8,15,breakeven,78,78,78,24,53,2,50,2,0,53,0.67948718,-6800,-11246,-144.17948718,41,37,"two-contract post-signal scalp: one contract exits at first target, one runner uses selected stop mode and runner target"
1,signal_scaled_scalp:strategy=delta_impulse_continue_10bar_2.5pt_50d:direction=long:first_target_points=4:stop_points=8:runner_target_points=15:runner_stop_mode=breakeven,delta_impulse_continue_10bar_2.5pt_50d,long,4,8,15,breakeven,78,41,41,9,32,1,31,0,0,32,0.7804878,-50,-2387,-58.2195122,41,0,"two-contract post-signal scalp: one contract exits at first target, one runner uses selected stop mode and runner target"
1,signal_scaled_scalp:strategy=delta_impulse_continue_10bar_2.5pt_50d:direction=short:first_target_points=4:stop_points=8:runner_target_points=15:runner_stop_mode=breakeven,delta_impulse_continue_10bar_2.5pt_50d,short,4,8,15,breakeven,78,37,37,15,21,1,19,2,0,21,0.56756757,-6750,-8859,-239.43243243,0,37,"two-contract post-signal scalp: one contract exits at first target, one runner uses selected stop mode and runner target"
1,signal_scaled_scalp:strategy=delta_impulse_continue_10bar_2.5pt_50d:direction=all:first_target_points=4:stop_points=8:runner_target_points=15:runner_stop_mode=initial,delta_impulse_continue_10bar_2.5pt_50d,all,4,8,15,initial,78,78,78,24,53,24,27,3,0,26,0.33333333,-1212.5,-5658.5,-72.54487179,41,37,"two-contract post-signal scalp: one contract exits at first target, one runner uses selected stop mode and runner target"
1,signal_scaled_scalp:strategy=delta_impulse_continue_10bar_2.5pt_50d:direction=long:first_target_points=4:stop_points=8:runner_target_points=15:runner_stop_mode=initial,delta_impulse_continue_10bar_2.5pt_50d,long,4,8,15,initial,78,41,41,9,32,12,19,1,0,13,0.31707317,487.5,-1849.5,-45.1097561,41,0,"two-contract post-signal scalp: one contract exits at first target, one runner uses selected stop mode and runner target"
1,signal_scaled_scalp:strategy=delta_impulse_continue_10bar_2.5pt_50d:direction=short:first_target_points=4:stop_points=8:runner_target_points=15:runner_stop_mode=initial,delta_impulse_continue_10bar_2.5pt_50d,short,4,8,15,initial,78,37,37,15,21,12,8,2,0,13,0.35135135,-1700,-3809,-102.94594595,0,37,"two-contract post-signal scalp: one contract exits at first target, one runner uses selected stop mode and runner target"
1,signal_scaled_scalp:strategy=delta_impulse_continue_10bar_2.5pt_50d:direction=all:first_target_points=4:stop_points=10:runner_target_points=5:runner_stop_mode=breakeven,delta_impulse_continue_10bar_2.5pt_50d,all,4,10,5,breakeven,78,78,78,18,59,11,48,1,0,59,0.75641026,-3450,-7896,-101.23076923,41,37,"two-contract post-signal scalp: one contract exits at first target, one runner uses selected stop mode and runner target"
1,signal_scaled_scalp:strategy=delta_impulse_continue_10bar_2.5pt_50d:direction=long:first_target_points=4:stop_points=10:runner_target_points=5:runner_stop_mode=breakeven,delta_impulse_continue_10bar_2.5pt_50d,long,4,10,5,breakeven,78,41,41,8,33,7,26,0,0,33,0.80487805,350,-1987,-48.46341463,41,0,"two-contract post-signal scalp: one contract exits at first target, one runner uses selected stop mode and runner target"
1,signal_scaled_scalp:strategy=delta_impulse_continue_10bar_2.5pt_50d:direction=short:first_target_points=4:stop_points=10:runner_target_points=5:runner_stop_mode=breakeven,delta_impulse_continue_10bar_2.5pt_50d,short,4,10,5,breakeven,78,37,37,10,26,4,22,1,0,26,0.7027027,-3800,-5909,-159.7027027,0,37,"two-contract post-signal scalp: one contract exits at first target, one runner uses selected stop mode and runner target"
1,signal_scaled_scalp:strategy=delta_impulse_continue_10bar_2.5pt_50d:direction=all:first_target_points=4:stop_points=10:runner_target_points=5:runner_stop_mode=initial,delta_impulse_continue_10bar_2.5pt_50d,all,4,10,5,initial,78,78,78,18,59,56,2,2,0,56,0.71794872,6425,1979,25.37179487,41,37,"two-contract post-signal scalp: one contract exits at first target, one runner uses selected stop mode and runner target"
1,signal_scaled_scalp:strategy=delta_impulse_continue_10bar_2.5pt_50d:direction=long:first_target_points=4:stop_points=10:runner_target_points=5:runner_stop_mode=initial,delta_impulse_continue_10bar_2.5pt_50d,long,4,10,5,initial,78,41,41,8,33,31,1,1,0,31,0.75609756,5475,3138,76.53658537,41,0,"two-contract post-signal scalp: one contract exits at first target, one runner uses selected stop mode and runner target"
1,signal_scaled_scalp:strategy=delta_impulse_continue_10bar_2.5pt_50d:direction=short:first_target_points=4:stop_points=10:runner_target_points=5:runner_stop_mode=initial,delta_impulse_continue_10bar_2.5pt_50d,short,4,10,5,initial,78,37,37,10,26,25,1,1,0,25,0.67567568,950,-1159,-31.32432432,0,37,"two-contract post-signal scalp: one contract exits at first target, one runner uses selected stop mode and runner target"
1,signal_scaled_scalp:strategy=delta_impulse_continue_10bar_2.5pt_50d:direction=all:first_target_points=4:stop_points=10:runner_target_points=8:runner_stop_mode=breakeven,delta_impulse_continue_10bar_2.5pt_50d,all,4,10,8,breakeven,78,78,78,18,59,10,49,1,0,59,0.75641026,-2200,-6646,-85.20512821,41,37,"two-contract post-signal scalp: one contract exits at first target, one runner uses selected stop mode and runner target"
1,signal_scaled_scalp:strategy=delta_impulse_continue_10bar_2.5pt_50d:direction=long:first_target_points=4:stop_points=10:runner_target_points=8:runner_stop_mode=breakeven,delta_impulse_continue_10bar_2.5pt_50d,long,4,10,8,breakeven,78,41,41,8,33,6,27,0,0,33,0.80487805,1000,-1337,-32.6097561,41,0,"two-contract post-signal scalp: one contract exits at first target, one runner uses selected stop mode and runner target"
1,signal_scaled_scalp:strategy=delta_impulse_continue_10bar_2.5pt_50d:direction=short:first_target_points=4:stop_points=10:runner_target_points=8:runner_stop_mode=breakeven,delta_impulse_continue_10bar_2.5pt_50d,short,4,10,8,breakeven,78,37,37,10,26,4,22,1,0,26,0.7027027,-3200,-5309,-143.48648649,0,37,"two-contract post-signal scalp: one contract exits at first target, one runner uses selected stop mode and runner target"
1,signal_scaled_scalp:strategy=delta_impulse_continue_10bar_2.5pt_50d:direction=all:first_target_points=4:stop_points=10:runner_target_points=8:runner_stop_mode=initial,delta_impulse_continue_10bar_2.5pt_50d,all,4,10,8,initial,78,78,78,18,59,47,11,2,0,47,0.6025641,6725,2279,29.21794872,41,37,"two-contract post-signal scalp: one contract exits at first target, one runner uses selected stop mode and runner target"
1,signal_scaled_scalp:strategy=delta_impulse_continue_10bar_2.5pt_50d:direction=long:first_target_points=4:stop_points=10:runner_target_points=8:runner_stop_mode=initial,delta_impulse_continue_10bar_2.5pt_50d,long,4,10,8,initial,78,41,41,8,33,27,5,1,0,27,0.65853659,6525,4188,102.14634146,41,0,"two-contract post-signal scalp: one contract exits at first target, one runner uses selected stop mode and runner target"
1,signal_scaled_scalp:strategy=delta_impulse_continue_10bar_2.5pt_50d:direction=short:first_target_points=4:stop_points=10:runner_target_points=8:runner_stop_mode=initial,delta_impulse_continue_10bar_2.5pt_50d,short,4,10,8,initial,78,37,37,10,26,20,6,1,0,20,0.54054054,200,-1909,-51.59459459,0,37,"two-contract post-signal scalp: one contract exits at first target, one runner uses selected stop mode and runner target"
1,signal_scaled_scalp:strategy=delta_impulse_continue_10bar_2.5pt_50d:direction=all:first_target_points=4:stop_points=10:runner_target_points=10:runner_stop_mode=breakeven,delta_impulse_continue_10bar_2.5pt_50d,all,4,10,10,breakeven,78,78,78,18,59,8,50,2,0,59,0.75641026,-1900,-6346,-81.35897436,41,37,"two-contract post-signal scalp: one contract exits at first target, one runner uses selected stop mode and runner target"
1,signal_scaled_scalp:strategy=delta_impulse_continue_10bar_2.5pt_50d:direction=long:first_target_points=4:stop_points=10:runner_target_points=10:runner_stop_mode=breakeven,delta_impulse_continue_10bar_2.5pt_50d,long,4,10,10,breakeven,78,41,41,8,33,5,28,0,0,33,0.80487805,1100,-1237,-30.17073171,41,0,"two-contract post-signal scalp: one contract exits at first target, one runner uses selected stop mode and runner target"
1,signal_scaled_scalp:strategy=delta_impulse_continue_10bar_2.5pt_50d:direction=short:first_target_points=4:stop_points=10:runner_target_points=10:runner_stop_mode=breakeven,delta_impulse_continue_10bar_2.5pt_50d,short,4,10,10,breakeven,78,37,37,10,26,3,22,2,0,26,0.7027027,-3000,-5109,-138.08108108,0,37,"two-contract post-signal scalp: one contract exits at first target, one runner uses selected stop mode and runner target"
1,signal_scaled_scalp:strategy=delta_impulse_continue_10bar_2.5pt_50d:direction=all:first_target_points=4:stop_points=10:runner_target_points=10:runner_stop_mode=initial,delta_impulse_continue_10bar_2.5pt_50d,all,4,10,10,initial,78,78,78,18,59,38,19,3,0,39,0.5,3225,-1221,-15.65384615,41,37,"two-contract post-signal scalp: one contract exits at first target, one runner uses selected stop mode and runner target"
1,signal_scaled_scalp:strategy=delta_impulse_continue_10bar_2.5pt_50d:direction=long:first_target_points=4:stop_points=10:runner_target_points=10:runner_stop_mode=initial,delta_impulse_continue_10bar_2.5pt_50d,long,4,10,10,initial,78,41,41,8,33,22,10,1,0,22,0.53658537,4225,1888,46.04878049,41,0,"two-contract post-signal scalp: one contract exits at first target, one runner uses selected stop mode and runner target"
1,signal_scaled_scalp:strategy=delta_impulse_continue_10bar_2.5pt_50d:direction=short:first_target_points=4:stop_points=10:runner_target_points=10:runner_stop_mode=initial,delta_impulse_continue_10bar_2.5pt_50d,short,4,10,10,initial,78,37,37,10,26,16,9,2,0,17,0.45945946,-1000,-3109,-84.02702703,0,37,"two-contract post-signal scalp: one contract exits at first target, one runner uses selected stop mode and runner target"
1,signal_scaled_scalp:strategy=delta_impulse_continue_10bar_2.5pt_50d:direction=all:first_target_points=4:stop_points=10:runner_target_points=15:runner_stop_mode=breakeven,delta_impulse_continue_10bar_2.5pt_50d,all,4,10,15,breakeven,78,78,78,18,59,2,56,2,0,59,0.75641026,-4400,-8846,-113.41025641,41,37,"two-contract post-signal scalp: one contract exits at first target, one runner uses selected stop mode and runner target"
1,signal_scaled_scalp:strategy=delta_impulse_continue_10bar_2.5pt_50d:direction=long:first_target_points=4:stop_points=10:runner_target_points=15:runner_stop_mode=breakeven,delta_impulse_continue_10bar_2.5pt_50d,long,4,10,15,breakeven,78,41,41,8,33,1,32,0,0,33,0.80487805,-650,-2987,-72.85365854,41,0,"two-contract post-signal scalp: one contract exits at first target, one runner uses selected stop mode and runner target"
1,signal_scaled_scalp:strategy=delta_impulse_continue_10bar_2.5pt_50d:direction=short:first_target_points=4:stop_points=10:runner_target_points=15:runner_stop_mode=breakeven,delta_impulse_continue_10bar_2.5pt_50d,short,4,10,15,breakeven,78,37,37,10,26,1,24,2,0,26,0.7027027,-3750,-5859,-158.35135135,0,37,"two-contract post-signal scalp: one contract exits at first target, one runner uses selected stop mode and runner target"
1,signal_scaled_scalp:strategy=delta_impulse_continue_10bar_2.5pt_50d:direction=all:first_target_points=4:stop_points=10:runner_target_points=15:runner_stop_mode=initial,delta_impulse_continue_10bar_2.5pt_50d,all,4,10,15,initial,78,78,78,18,59,27,29,4,0,29,0.37179487,-637.5,-5083.5,-65.17307692,41,37,"two-contract post-signal scalp: one contract exits at first target, one runner uses selected stop mode and runner target"
1,signal_scaled_scalp:strategy=delta_impulse_continue_10bar_2.5pt_50d:direction=long:first_target_points=4:stop_points=10:runner_target_points=15:runner_stop_mode=initial,delta_impulse_continue_10bar_2.5pt_50d,long,4,10,15,initial,78,41,41,8,33,13,18,2,0,14,0.34146341,-1137.5,-3474.5,-84.74390244,41,0,"two-contract post-signal scalp: one contract exits at first target, one runner uses selected stop mode and runner target"
1,signal_scaled_scalp:strategy=delta_impulse_continue_10bar_2.5pt_50d:direction=short:first_target_points=4:stop_points=10:runner_target_points=15:runner_stop_mode=initial,delta_impulse_continue_10bar_2.5pt_50d,short,4,10,15,initial,78,37,37,10,26,14,11,2,0,15,0.40540541,500,-1609,-43.48648649,0,37,"two-contract post-signal scalp: one contract exits at first target, one runner uses selected stop mode and runner target"
1,signal_scaled_scalp:strategy=delta_impulse_continue_10bar_2.5pt_50d:direction=all:first_target_points=5:stop_points=2:runner_target_points=8:runner_stop_mode=breakeven,delta_impulse_continue_10bar_2.5pt_50d,all,5,2,8,breakeven,78,78,78,62,15,4,11,1,0,15,0.19230769,-7050,-11496,-147.38461538,41,37,"two-contract post-signal scalp: one contract exits at first target, one runner uses selected stop mode and runner target"
1,signal_scaled_scalp:strategy=delta_impulse_continue_10bar_2.5pt_50d:direction=long:first_target_points=5:stop_points=2:runner_target_points=8:runner_stop_mode=breakeven,delta_impulse_continue_10bar_2.5pt_50d,long,5,2,8,breakeven,78,41,41,31,10,3,7,0,0,10,0.24390244,-2500,-4837,-117.97560976,41,0,"two-contract post-signal scalp: one contract exits at first target, one runner uses selected stop mode and runner target"
1,signal_scaled_scalp:strategy=delta_impulse_continue_10bar_2.5pt_50d:direction=short:first_target_points=5:stop_points=2:runner_target_points=8:runner_stop_mode=breakeven,delta_impulse_continue_10bar_2.5pt_50d,short,5,2,8,breakeven,78,37,37,31,5,1,4,1,0,5,0.13513514,-4550,-6659,-179.97297297,0,37,"two-contract post-signal scalp: one contract exits at first target, one runner uses selected stop mode and runner target"
1,signal_scaled_scalp:strategy=delta_impulse_continue_10bar_2.5pt_50d:direction=all:first_target_points=5:stop_points=2:runner_target_points=8:runner_stop_mode=initial,delta_impulse_continue_10bar_2.5pt_50d,all,5,2,8,initial,78,78,78,62,15,13,2,1,0,15,0.19230769,-3650,-8096,-103.79487179,41,37,"two-contract post-signal scalp: one contract exits at first target, one runner uses selected stop mode and runner target"
1,signal_scaled_scalp:strategy=delta_impulse_continue_10bar_2.5pt_50d:direction=long:first_target_points=5:stop_points=2:runner_target_points=8:runner_stop_mode=initial,delta_impulse_continue_10bar_2.5pt_50d,long,5,2,8,initial,78,41,41,31,10,9,1,0,0,10,0.24390244,-200,-2537,-61.87804878,41,0,"two-contract post-signal scalp: one contract exits at first target, one runner uses selected stop mode and runner target"
1,signal_scaled_scalp:strategy=delta_impulse_continue_10bar_2.5pt_50d:direction=short:first_target_points=5:stop_points=2:runner_target_points=8:runner_stop_mode=initial,delta_impulse_continue_10bar_2.5pt_50d,short,5,2,8,initial,78,37,37,31,5,4,1,1,0,5,0.13513514,-3450,-5559,-150.24324324,0,37,"two-contract post-signal scalp: one contract exits at first target, one runner uses selected stop mode and runner target"
1,signal_scaled_scalp:strategy=delta_impulse_continue_10bar_2.5pt_50d:direction=all:first_target_points=5:stop_points=2:runner_target_points=10:runner_stop_mode=breakeven,delta_impulse_continue_10bar_2.5pt_50d,all,5,2,10,breakeven,78,78,78,62,15,4,11,1,0,15,0.19230769,-6650,-11096,-142.25641026,41,37,"two-contract post-signal scalp: one contract exits at first target, one runner uses selected stop mode and runner target"
1,signal_scaled_scalp:strategy=delta_impulse_continue_10bar_2.5pt_50d:direction=long:first_target_points=5:stop_points=2:runner_target_points=10:runner_stop_mode=breakeven,delta_impulse_continue_10bar_2.5pt_50d,long,5,2,10,breakeven,78,41,41,31,10,3,7,0,0,10,0.24390244,-2200,-4537,-110.65853659,41,0,"two-contract post-signal scalp: one contract exits at first target, one runner uses selected stop mode and runner target"
1,signal_scaled_scalp:strategy=delta_impulse_continue_10bar_2.5pt_50d:direction=short:first_target_points=5:stop_points=2:runner_target_points=10:runner_stop_mode=breakeven,delta_impulse_continue_10bar_2.5pt_50d,short,5,2,10,breakeven,78,37,37,31,5,1,4,1,0,5,0.13513514,-4450,-6559,-177.27027027,0,37,"two-contract post-signal scalp: one contract exits at first target, one runner uses selected stop mode and runner target"
1,signal_scaled_scalp:strategy=delta_impulse_continue_10bar_2.5pt_50d:direction=all:first_target_points=5:stop_points=2:runner_target_points=10:runner_stop_mode=initial,delta_impulse_continue_10bar_2.5pt_50d,all,5,2,10,initial,78,78,78,62,15,11,4,1,0,15,0.19230769,-3550,-7996,-102.51282051,41,37,"two-contract post-signal scalp: one contract exits at first target, one runner uses selected stop mode and runner target"
1,signal_scaled_scalp:strategy=delta_impulse_continue_10bar_2.5pt_50d:direction=long:first_target_points=5:stop_points=2:runner_target_points=10:runner_stop_mode=initial,delta_impulse_continue_10bar_2.5pt_50d,long,5,2,10,initial,78,41,41,31,10,8,2,0,0,10,0.24390244,100,-2237,-54.56097561,41,0,"two-contract post-signal scalp: one contract exits at first target, one runner uses selected stop mode and runner target"
1,signal_scaled_scalp:strategy=delta_impulse_continue_10bar_2.5pt_50d:direction=short:first_target_points=5:stop_points=2:runner_target_points=10:runner_stop_mode=initial,delta_impulse_continue_10bar_2.5pt_50d,short,5,2,10,initial,78,37,37,31,5,3,2,1,0,5,0.13513514,-3650,-5759,-155.64864865,0,37,"two-contract post-signal scalp: one contract exits at first target, one runner uses selected stop mode and runner target"
1,signal_scaled_scalp:strategy=delta_impulse_continue_10bar_2.5pt_50d:direction=all:first_target_points=5:stop_points=2:runner_target_points=15:runner_stop_mode=breakeven,delta_impulse_continue_10bar_2.5pt_50d,all,5,2,15,breakeven,78,78,78,62,15,2,13,1,0,15,0.19230769,-7150,-11596,-148.66666667,41,37,"two-contract post-signal scalp: one contract exits at first target, one runner uses selected stop mode and runner target"
1,signal_scaled_scalp:strategy=delta_impulse_continue_10bar_2.5pt_50d:direction=long:first_target_points=5:stop_points=2:runner_target_points=15:runner_stop_mode=breakeven,delta_impulse_continue_10bar_2.5pt_50d,long,5,2,15,breakeven,78,41,41,31,10,2,8,0,0,10,0.24390244,-2200,-4537,-110.65853659,41,0,"two-contract post-signal scalp: one contract exits at first target, one runner uses selected stop mode and runner target"
1,signal_scaled_scalp:strategy=delta_impulse_continue_10bar_2.5pt_50d:direction=short:first_target_points=5:stop_points=2:runner_target_points=15:runner_stop_mode=breakeven,delta_impulse_continue_10bar_2.5pt_50d,short,5,2,15,breakeven,78,37,37,31,5,0,5,1,0,5,0.13513514,-4950,-7059,-190.78378378,0,37,"two-contract post-signal scalp: one contract exits at first target, one runner uses selected stop mode and runner target"
1,signal_scaled_scalp:strategy=delta_impulse_continue_10bar_2.5pt_50d:direction=all:first_target_points=5:stop_points=2:runner_target_points=15:runner_stop_mode=initial,delta_impulse_continue_10bar_2.5pt_50d,all,5,2,15,initial,78,78,78,62,15,4,11,1,0,15,0.19230769,-6750,-11196,-143.53846154,41,37,"two-contract post-signal scalp: one contract exits at first target, one runner uses selected stop mode and runner target"
1,signal_scaled_scalp:strategy=delta_impulse_continue_10bar_2.5pt_50d:direction=long:first_target_points=5:stop_points=2:runner_target_points=15:runner_stop_mode=initial,delta_impulse_continue_10bar_2.5pt_50d,long,5,2,15,initial,78,41,41,31,10,4,6,0,0,10,0.24390244,-1300,-3637,-88.70731707,41,0,"two-contract post-signal scalp: one contract exits at first target, one runner uses selected stop mode and runner target"
1,signal_scaled_scalp:strategy=delta_impulse_continue_10bar_2.5pt_50d:direction=short:first_target_points=5:stop_points=2:runner_target_points=15:runner_stop_mode=initial,delta_impulse_continue_10bar_2.5pt_50d,short,5,2,15,initial,78,37,37,31,5,0,5,1,0,5,0.13513514,-5450,-7559,-204.2972973,0,37,"two-contract post-signal scalp: one contract exits at first target, one runner uses selected stop mode and runner target"
1,signal_scaled_scalp:strategy=delta_impulse_continue_10bar_2.5pt_50d:direction=all:first_target_points=5:stop_points=3:runner_target_points=8:runner_stop_mode=breakeven,delta_impulse_continue_10bar_2.5pt_50d,all,5,3,8,breakeven,78,78,78,55,22,8,14,1,0,22,0.28205128,-7800,-12246,-157,41,37,"two-contract post-signal scalp: one contract exits at first target, one runner uses selected stop mode and runner target"
1,signal_scaled_scalp:strategy=delta_impulse_continue_10bar_2.5pt_50d:direction=long:first_target_points=5:stop_points=3:runner_target_points=8:runner_stop_mode=breakeven,delta_impulse_continue_10bar_2.5pt_50d,long,5,3,8,breakeven,78,41,41,28,13,5,8,0,0,13,0.31707317,-3150,-5487,-133.82926829,41,0,"two-contract post-signal scalp: one contract exits at first target, one runner uses selected stop mode and runner target"
1,signal_scaled_scalp:strategy=delta_impulse_continue_10bar_2.5pt_50d:direction=short:first_target_points=5:stop_points=3:runner_target_points=8:runner_stop_mode=breakeven,delta_impulse_continue_10bar_2.5pt_50d,short,5,3,8,breakeven,78,37,37,27,9,3,6,1,0,9,0.24324324,-4650,-6759,-182.67567568,0,37,"two-contract post-signal scalp: one contract exits at first target, one runner uses selected stop mode and runner target"
1,signal_scaled_scalp:strategy=delta_impulse_continue_10bar_2.5pt_50d:direction=all:first_target_points=5:stop_points=3:runner_target_points=8:runner_stop_mode=initial,delta_impulse_continue_10bar_2.5pt_50d,all,5,3,8,initial,78,78,78,55,22,18,4,1,0,22,0.28205128,-4400,-8846,-113.41025641,41,37,"two-contract post-signal scalp: one contract exits at first target, one runner uses selected stop mode and runner target"
1,signal_scaled_scalp:strategy=delta_impulse_continue_10bar_2.5pt_50d:direction=long:first_target_points=5:stop_points=3:runner_target_points=8:runner_stop_mode=initial,delta_impulse_continue_10bar_2.5pt_50d,long,5,3,8,initial,78,41,41,28,13,11,2,0,0,13,0.31707317,-1050,-3387,-82.6097561,41,0,"two-contract post-signal scalp: one contract exits at first target, one runner uses selected stop mode and runner target"
1,signal_scaled_scalp:strategy=delta_impulse_continue_10bar_2.5pt_50d:direction=short:first_target_points=5:stop_points=3:runner_target_points=8:runner_stop_mode=initial,delta_impulse_continue_10bar_2.5pt_50d,short,5,3,8,initial,78,37,37,27,9,7,2,1,0,9,0.24324324,-3350,-5459,-147.54054054,0,37,"two-contract post-signal scalp: one contract exits at first target, one runner uses selected stop mode and runner target"
1,signal_scaled_scalp:strategy=delta_impulse_continue_10bar_2.5pt_50d:direction=all:first_target_points=5:stop_points=3:runner_target_points=10:runner_stop_mode=breakeven,delta_impulse_continue_10bar_2.5pt_50d,all,5,3,10,breakeven,78,78,78,55,22,7,15,1,0,22,0.28205128,-7500,-11946,-153.15384615,41,37,"two-contract post-signal scalp: one contract exits at first target, one runner uses selected stop mode and runner target"
1,signal_scaled_scalp:strategy=delta_impulse_continue_10bar_2.5pt_50d:direction=long:first_target_points=5:stop_points=3:runner_target_points=10:runner_stop_mode=breakeven,delta_impulse_continue_10bar_2.5pt_50d,long,5,3,10,breakeven,78,41,41,28,13,4,9,0,0,13,0.31707317,-3150,-5487,-133.82926829,41,0,"two-contract post-signal scalp: one contract exits at first target, one runner uses selected stop mode and runner target"
1,signal_scaled_scalp:strategy=delta_impulse_continue_10bar_2.5pt_50d:direction=short:first_target_points=5:stop_points=3:runner_target_points=10:runner_stop_mode=breakeven,delta_impulse_continue_10bar_2.5pt_50d,short,5,3,10,breakeven,78,37,37,27,9,3,6,1,0,9,0.24324324,-4350,-6459,-174.56756757,0,37,"two-contract post-signal scalp: one contract exits at first target, one runner uses selected stop mode and runner target"
1,signal_scaled_scalp:strategy=delta_impulse_continue_10bar_2.5pt_50d:direction=all:first_target_points=5:stop_points=3:runner_target_points=10:runner_stop_mode=initial,delta_impulse_continue_10bar_2.5pt_50d,all,5,3,10,initial,78,78,78,55,22,15,7,1,0,22,0.28205128,-4550,-8996,-115.33333333,41,37,"two-contract post-signal scalp: one contract exits at first target, one runner uses selected stop mode and runner target"
1,signal_scaled_scalp:strategy=delta_impulse_continue_10bar_2.5pt_50d:direction=long:first_target_points=5:stop_points=3:runner_target_points=10:runner_stop_mode=initial,delta_impulse_continue_10bar_2.5pt_50d,long,5,3,10,initial,78,41,41,28,13,9,4,0,0,13,0.31707317,-1250,-3587,-87.48780488,41,0,"two-contract post-signal scalp: one contract exits at first target, one runner uses selected stop mode and runner target"
1,signal_scaled_scalp:strategy=delta_impulse_continue_10bar_2.5pt_50d:direction=short:first_target_points=5:stop_points=3:runner_target_points=10:runner_stop_mode=initial,delta_impulse_continue_10bar_2.5pt_50d,short,5,3,10,initial,78,37,37,27,9,6,3,1,0,9,0.24324324,-3300,-5409,-146.18918919,0,37,"two-contract post-signal scalp: one contract exits at first target, one runner uses selected stop mode and runner target"
1,signal_scaled_scalp:strategy=delta_impulse_continue_10bar_2.5pt_50d:direction=all:first_target_points=5:stop_points=3:runner_target_points=15:runner_stop_mode=breakeven,delta_impulse_continue_10bar_2.5pt_50d,all,5,3,15,breakeven,78,78,78,55,22,4,18,1,0,22,0.28205128,-8000,-12446,-159.56410256,41,37,"two-contract post-signal scalp: one contract exits at first target, one runner uses selected stop mode and runner target"
1,signal_scaled_scalp:strategy=delta_impulse_continue_10bar_2.5pt_50d:direction=long:first_target_points=5:stop_points=3:runner_target_points=15:runner_stop_mode=breakeven,delta_impulse_continue_10bar_2.5pt_50d,long,5,3,15,breakeven,78,41,41,28,13,3,10,0,0,13,0.31707317,-2900,-5237,-127.73170732,41,0,"two-contract post-signal scalp: one contract exits at first target, one runner uses selected stop mode and runner target"
1,signal_scaled_scalp:strategy=delta_impulse_continue_10bar_2.5pt_50d:direction=short:first_target_points=5:stop_points=3:runner_target_points=15:runner_stop_mode=breakeven,delta_impulse_continue_10bar_2.5pt_50d,short,5,3,15,breakeven,78,37,37,27,9,1,8,1,0,9,0.24324324,-5100,-7209,-194.83783784,0,37,"two-contract post-signal scalp: one contract exits at first target, one runner uses selected stop mode and runner target"
1,signal_scaled_scalp:strategy=delta_impulse_continue_10bar_2.5pt_50d:direction=all:first_target_points=5:stop_points=3:runner_target_points=15:runner_stop_mode=initial,delta_impulse_continue_10bar_2.5pt_50d,all,5,3,15,initial,78,78,78,55,22,8,14,1,0,22,0.28205128,-7100,-11546,-148.02564103,41,37,"two-contract post-signal scalp: one contract exits at first target, one runner uses selected stop mode and runner target"
1,signal_scaled_scalp:strategy=delta_impulse_continue_10bar_2.5pt_50d:direction=long:first_target_points=5:stop_points=3:runner_target_points=15:runner_stop_mode=initial,delta_impulse_continue_10bar_2.5pt_50d,long,5,3,15,initial,78,41,41,28,13,5,8,0,0,13,0.31707317,-2600,-4937,-120.41463415,41,0,"two-contract post-signal scalp: one contract exits at first target, one runner uses selected stop mode and runner target"
1,signal_scaled_scalp:strategy=delta_impulse_continue_10bar_2.5pt_50d:direction=short:first_target_points=5:stop_points=3:runner_target_points=15:runner_stop_mode=initial,delta_impulse_continue_10bar_2.5pt_50d,short,5,3,15,initial,78,37,37,27,9,3,6,1,0,9,0.24324324,-4500,-6609,-178.62162162,0,37,"two-contract post-signal scalp: one contract exits at first target, one runner uses selected stop mode and runner target"
1,signal_scaled_scalp:strategy=delta_impulse_continue_10bar_2.5pt_50d:direction=all:first_target_points=5:stop_points=4:runner_target_points=8:runner_stop_mode=breakeven,delta_impulse_continue_10bar_2.5pt_50d,all,5,4,8,breakeven,78,78,78,51,26,8,18,1,0,26,0.33333333,-10700,-15146,-194.17948718,41,37,"two-contract post-signal scalp: one contract exits at first target, one runner uses selected stop mode and runner target"
1,signal_scaled_scalp:strategy=delta_impulse_continue_10bar_2.5pt_50d:direction=long:first_target_points=5:stop_points=4:runner_target_points=8:runner_stop_mode=breakeven,delta_impulse_continue_10bar_2.5pt_50d,long,5,4,8,breakeven,78,41,41,27,14,5,9,0,0,14,0.34146341,-5300,-7637,-186.26829268,41,0,"two-contract post-signal scalp: one contract exits at first target, one runner uses selected stop mode and runner target"
1,signal_scaled_scalp:strategy=delta_impulse_continue_10bar_2.5pt_50d:direction=short:first_target_points=5:stop_points=4:runner_target_points=8:runner_stop_mode=breakeven,delta_impulse_continue_10bar_2.5pt_50d,short,5,4,8,breakeven,78,37,37,24,12,3,9,1,0,12,0.32432432,-5400,-7509,-202.94594595,0,37,"two-contract post-signal scalp: one contract exits at first target, one runner uses selected stop mode and runner target"
1,signal_scaled_scalp:strategy=delta_impulse_continue_10bar_2.5pt_50d:direction=all:first_target_points=5:stop_points=4:runner_target_points=8:runner_stop_mode=initial,delta_impulse_continue_10bar_2.5pt_50d,all,5,4,8,initial,78,78,78,51,26,21,5,1,0,21,0.26923077,-6500,-10946,-140.33333333,41,37,"two-contract post-signal scalp: one contract exits at first target, one runner uses selected stop mode and runner target"
1,signal_scaled_scalp:strategy=delta_impulse_continue_10bar_2.5pt_50d:direction=long:first_target_points=5:stop_points=4:runner_target_points=8:runner_stop_mode=initial,delta_impulse_continue_10bar_2.5pt_50d,long,5,4,8,initial,78,41,41,27,14,12,2,0,0,12,0.29268293,-2900,-5237,-127.73170732,41,0,"two-contract post-signal scalp: one contract exits at first target, one runner uses selected stop mode and runner target"
1,signal_scaled_scalp:strategy=delta_impulse_continue_10bar_2.5pt_50d:direction=short:first_target_points=5:stop_points=4:runner_target_points=8:runner_stop_mode=initial,delta_impulse_continue_10bar_2.5pt_50d,short,5,4,8,initial,78,37,37,24,12,9,3,1,0,9,0.24324324,-3600,-5709,-154.2972973,0,37,"two-contract post-signal scalp: one contract exits at first target, one runner uses selected stop mode and runner target"
1,signal_scaled_scalp:strategy=delta_impulse_continue_10bar_2.5pt_50d:direction=all:first_target_points=5:stop_points=4:runner_target_points=10:runner_stop_mode=breakeven,delta_impulse_continue_10bar_2.5pt_50d,all,5,4,10,breakeven,78,78,78,51,26,7,19,1,0,26,0.33333333,-10400,-14846,-190.33333333,41,37,"two-contract post-signal scalp: one contract exits at first target, one runner uses selected stop mode and runner target"
1,signal_scaled_scalp:strategy=delta_impulse_continue_10bar_2.5pt_50d:direction=long:first_target_points=5:stop_points=4:runner_target_points=10:runner_stop_mode=breakeven,delta_impulse_continue_10bar_2.5pt_50d,long,5,4,10,breakeven,78,41,41,27,14,4,10,0,0,14,0.34146341,-5300,-7637,-186.26829268,41,0,"two-contract post-signal scalp: one contract exits at first target, one runner uses selected stop mode and runner target"
1,signal_scaled_scalp:strategy=delta_impulse_continue_10bar_2.5pt_50d:direction=short:first_target_points=5:stop_points=4:runner_target_points=10:runner_stop_mode=breakeven,delta_impulse_continue_10bar_2.5pt_50d,short,5,4,10,breakeven,78,37,37,24,12,3,9,1,0,12,0.32432432,-5100,-7209,-194.83783784,0,37,"two-contract post-signal scalp: one contract exits at first target, one runner uses selected stop mode and runner target"
1,signal_scaled_scalp:strategy=delta_impulse_continue_10bar_2.5pt_50d:direction=all:first_target_points=5:stop_points=4:runner_target_points=10:runner_stop_mode=initial,delta_impulse_continue_10bar_2.5pt_50d,all,5,4,10,initial,78,78,78,51,26,17,9,1,0,17,0.21794872,-7200,-11646,-149.30769231,41,37,"two-contract post-signal scalp: one contract exits at first target, one runner uses selected stop mode and runner target"
1,signal_scaled_scalp:strategy=delta_impulse_continue_10bar_2.5pt_50d:direction=long:first_target_points=5:stop_points=4:runner_target_points=10:runner_stop_mode=initial,delta_impulse_continue_10bar_2.5pt_50d,long,5,4,10,initial,78,41,41,27,14,9,5,0,0,9,0.2195122,-3800,-6137,-149.68292683,41,0,"two-contract post-signal scalp: one contract exits at first target, one runner uses selected stop mode and runner target"
1,signal_scaled_scalp:strategy=delta_impulse_continue_10bar_2.5pt_50d:direction=short:first_target_points=5:stop_points=4:runner_target_points=10:runner_stop_mode=initial,delta_impulse_continue_10bar_2.5pt_50d,short,5,4,10,initial,78,37,37,24,12,8,4,1,0,8,0.21621622,-3400,-5509,-148.89189189,0,37,"two-contract post-signal scalp: one contract exits at first target, one runner uses selected stop mode and runner target"
1,signal_scaled_scalp:strategy=delta_impulse_continue_10bar_2.5pt_50d:direction=all:first_target_points=5:stop_points=4:runner_target_points=15:runner_stop_mode=breakeven,delta_impulse_continue_10bar_2.5pt_50d,all,5,4,15,breakeven,78,78,78,51,26,4,22,1,0,26,0.33333333,-10900,-15346,-196.74358974,41,37,"two-contract post-signal scalp: one contract exits at first target, one runner uses selected stop mode and runner target"
1,signal_scaled_scalp:strategy=delta_impulse_continue_10bar_2.5pt_50d:direction=long:first_target_points=5:stop_points=4:runner_target_points=15:runner_stop_mode=breakeven,delta_impulse_continue_10bar_2.5pt_50d,long,5,4,15,breakeven,78,41,41,27,14,3,11,0,0,14,0.34146341,-5050,-7387,-180.17073171,41,0,"two-contract post-signal scalp: one contract exits at first target, one runner uses selected stop mode and runner target"
1,signal_scaled_scalp:strategy=delta_impulse_continue_10bar_2.5pt_50d:direction=short:first_target_points=5:stop_points=4:runner_target_points=15:runner_stop_mode=breakeven,delta_impulse_continue_10bar_2.5pt_50d,short,5,4,15,breakeven,78,37,37,24,12,1,11,1,0,12,0.32432432,-5850,-7959,-215.10810811,0,37,"two-contract post-signal scalp: one contract exits at first target, one runner uses selected stop mode and runner target"
1,signal_scaled_scalp:strategy=delta_impulse_continue_10bar_2.5pt_50d:direction=all:first_target_points=5:stop_points=4:runner_target_points=15:runner_stop_mode=initial,delta_impulse_continue_10bar_2.5pt_50d,all,5,4,15,initial,78,78,78,51,26,11,15,1,0,11,0.14102564,-8650,-13096,-167.8974359,41,37,"two-contract post-signal scalp: one contract exits at first target, one runner uses selected stop mode and runner target"
1,signal_scaled_scalp:strategy=delta_impulse_continue_10bar_2.5pt_50d:direction=long:first_target_points=5:stop_points=4:runner_target_points=15:runner_stop_mode=initial,delta_impulse_continue_10bar_2.5pt_50d,long,5,4,15,initial,78,41,41,27,14,5,9,0,0,5,0.12195122,-5350,-7687,-187.48780488,41,0,"two-contract post-signal scalp: one contract exits at first target, one runner uses selected stop mode and runner target"
1,signal_scaled_scalp:strategy=delta_impulse_continue_10bar_2.5pt_50d:direction=short:first_target_points=5:stop_points=4:runner_target_points=15:runner_stop_mode=initial,delta_impulse_continue_10bar_2.5pt_50d,short,5,4,15,initial,78,37,37,24,12,6,6,1,0,6,0.16216216,-3300,-5409,-146.18918919,0,37,"two-contract post-signal scalp: one contract exits at first target, one runner uses selected stop mode and runner target"
1,signal_scaled_scalp:strategy=delta_impulse_continue_10bar_2.5pt_50d:direction=all:first_target_points=5:stop_points=5:runner_target_points=8:runner_stop_mode=breakeven,delta_impulse_continue_10bar_2.5pt_50d,all,5,5,8,breakeven,78,78,78,42,35,11,24,1,0,35,0.44871795,-7850,-12296,-157.64102564,41,37,"two-contract post-signal scalp: one contract exits at first target, one runner uses selected stop mode and runner target"
1,signal_scaled_scalp:strategy=delta_impulse_continue_10bar_2.5pt_50d:direction=long:first_target_points=5:stop_points=5:runner_target_points=8:runner_stop_mode=breakeven,delta_impulse_continue_10bar_2.5pt_50d,long,5,5,8,breakeven,78,41,41,20,21,7,14,0,0,21,0.51219512,-1950,-4287,-104.56097561,41,0,"two-contract post-signal scalp: one contract exits at first target, one runner uses selected stop mode and runner target"
1,signal_scaled_scalp:strategy=delta_impulse_continue_10bar_2.5pt_50d:direction=short:first_target_points=5:stop_points=5:runner_target_points=8:runner_stop_mode=breakeven,delta_impulse_continue_10bar_2.5pt_50d,short,5,5,8,breakeven,78,37,37,22,14,4,10,1,0,14,0.37837838,-5900,-8009,-216.45945946,0,37,"two-contract post-signal scalp: one contract exits at first target, one runner uses selected stop mode and runner target"
1,signal_scaled_scalp:strategy=delta_impulse_continue_10bar_2.5pt_50d:direction=all:first_target_points=5:stop_points=5:runner_target_points=8:runner_stop_mode=initial,delta_impulse_continue_10bar_2.5pt_50d,all,5,5,8,initial,78,78,78,42,35,29,6,1,0,29,0.37179487,-2150,-6596,-84.56410256,41,37,"two-contract post-signal scalp: one contract exits at first target, one runner uses selected stop mode and runner target"
1,signal_scaled_scalp:strategy=delta_impulse_continue_10bar_2.5pt_50d:direction=long:first_target_points=5:stop_points=5:runner_target_points=8:runner_stop_mode=initial,delta_impulse_continue_10bar_2.5pt_50d,long,5,5,8,initial,78,41,41,20,21,19,2,0,0,19,0.46341463,2350,13,0.31707317,41,0,"two-contract post-signal scalp: one contract exits at first target, one runner uses selected stop mode and runner target"
1,signal_scaled_scalp:strategy=delta_impulse_continue_10bar_2.5pt_50d:direction=short:first_target_points=5:stop_points=5:runner_target_points=8:runner_stop_mode=initial,delta_impulse_continue_10bar_2.5pt_50d,short,5,5,8,initial,78,37,37,22,14,10,4,1,0,10,0.27027027,-4500,-6609,-178.62162162,0,37,"two-contract post-signal scalp: one contract exits at first target, one runner uses selected stop mode and runner target"
1,signal_scaled_scalp:strategy=delta_impulse_continue_10bar_2.5pt_50d:direction=all:first_target_points=5:stop_points=5:runner_target_points=10:runner_stop_mode=breakeven,delta_impulse_continue_10bar_2.5pt_50d,all,5,5,10,breakeven,78,78,78,42,35,9,25,2,0,35,0.44871795,-7450,-11896,-152.51282051,41,37,"two-contract post-signal scalp: one contract exits at first target, one runner uses selected stop mode and runner target"
1,signal_scaled_scalp:strategy=delta_impulse_continue_10bar_2.5pt_50d:direction=long:first_target_points=5:stop_points=5:runner_target_points=10:runner_stop_mode=breakeven,delta_impulse_continue_10bar_2.5pt_50d,long,5,5,10,breakeven,78,41,41,20,21,6,15,0,0,21,0.51219512,-1750,-4087,-99.68292683,41,0,"two-contract post-signal scalp: one contract exits at first target, one runner uses selected stop mode and runner target"
1,signal_scaled_scalp:strategy=delta_impulse_continue_10bar_2.5pt_50d:direction=short:first_target_points=5:stop_points=5:runner_target_points=10:runner_stop_mode=breakeven,delta_impulse_continue_10bar_2.5pt_50d,short,5,5,10,breakeven,78,37,37,22,14,3,10,2,0,14,0.37837838,-5700,-7809,-211.05405405,0,37,"two-contract post-signal scalp: one contract exits at first target, one runner uses selected stop mode and runner target"
1,signal_scaled_scalp:strategy=delta_impulse_continue_10bar_2.5pt_50d:direction=all:first_target_points=5:stop_points=5:runner_target_points=10:runner_stop_mode=initial,delta_impulse_continue_10bar_2.5pt_50d,all,5,5,10,initial,78,78,78,42,35,23,11,2,0,24,0.30769231,-3200,-7646,-98.02564103,41,37,"two-contract post-signal scalp: one contract exits at first target, one runner uses selected stop mode and runner target"
1,signal_scaled_scalp:strategy=delta_impulse_continue_10bar_2.5pt_50d:direction=long:first_target_points=5:stop_points=5:runner_target_points=10:runner_stop_mode=initial,delta_impulse_continue_10bar_2.5pt_50d,long,5,5,10,initial,78,41,41,20,21,15,6,0,0,15,0.36585366,1250,-1087,-26.51219512,41,0,"two-contract post-signal scalp: one contract exits at first target, one runner uses selected stop mode and runner target"
1,signal_scaled_scalp:strategy=delta_impulse_continue_10bar_2.5pt_50d:direction=short:first_target_points=5:stop_points=5:runner_target_points=10:runner_stop_mode=initial,delta_impulse_continue_10bar_2.5pt_50d,short,5,5,10,initial,78,37,37,22,14,8,5,2,0,9,0.24324324,-4450,-6559,-177.27027027,0,37,"two-contract post-signal scalp: one contract exits at first target, one runner uses selected stop mode and runner target"
1,signal_scaled_scalp:strategy=delta_impulse_continue_10bar_2.5pt_50d:direction=all:first_target_points=5:stop_points=5:runner_target_points=15:runner_stop_mode=breakeven,delta_impulse_continue_10bar_2.5pt_50d,all,5,5,15,breakeven,78,78,78,42,35,5,29,2,0,35,0.44871795,-8200,-12646,-162.12820513,41,37,"two-contract post-signal scalp: one contract exits at first target, one runner uses selected stop mode and runner target"
1,signal_scaled_scalp:strategy=delta_impulse_continue_10bar_2.5pt_50d:direction=long:first_target_points=5:stop_points=5:runner_target_points=15:runner_stop_mode=breakeven,delta_impulse_continue_10bar_2.5pt_50d,long,5,5,15,breakeven,78,41,41,20,21,4,17,0,0,21,0.51219512,-1750,-4087,-99.68292683,41,0,"two-contract post-signal scalp: one contract exits at first target, one runner uses selected stop mode and runner target"
1,signal_scaled_scalp:strategy=delta_impulse_continue_10bar_2.5pt_50d:direction=short:first_target_points=5:stop_points=5:runner_target_points=15:runner_stop_mode=breakeven,delta_impulse_continue_10bar_2.5pt_50d,short,5,5,15,breakeven,78,37,37,22,14,1,12,2,0,14,0.37837838,-6450,-8559,-231.32432432,0,37,"two-contract post-signal scalp: one contract exits at first target, one runner uses selected stop mode and runner target"
1,signal_scaled_scalp:strategy=delta_impulse_continue_10bar_2.5pt_50d:direction=all:first_target_points=5:stop_points=5:runner_target_points=15:runner_stop_mode=initial,delta_impulse_continue_10bar_2.5pt_50d,all,5,5,15,initial,78,78,78,42,35,16,17,3,0,18,0.23076923,-4312.5,-8758.5,-112.28846154,41,37,"two-contract post-signal scalp: one contract exits at first target, one runner uses selected stop mode and runner target"
1,signal_scaled_scalp:strategy=delta_impulse_continue_10bar_2.5pt_50d:direction=long:first_target_points=5:stop_points=5:runner_target_points=15:runner_stop_mode=initial,delta_impulse_continue_10bar_2.5pt_50d,long,5,5,15,initial,78,41,41,20,21,10,10,1,0,11,0.26829268,137.5,-2199.5,-53.64634146,41,0,"two-contract post-signal scalp: one contract exits at first target, one runner uses selected stop mode and runner target"
1,signal_scaled_scalp:strategy=delta_impulse_continue_10bar_2.5pt_50d:direction=short:first_target_points=5:stop_points=5:runner_target_points=15:runner_stop_mode=initial,delta_impulse_continue_10bar_2.5pt_50d,short,5,5,15,initial,78,37,37,22,14,6,7,2,0,7,0.18918919,-4450,-6559,-177.27027027,0,37,"two-contract post-signal scalp: one contract exits at first target, one runner uses selected stop mode and runner target"
1,signal_scaled_scalp:strategy=delta_impulse_continue_10bar_2.5pt_50d:direction=all:first_target_points=5:stop_points=6:runner_target_points=8:runner_stop_mode=breakeven,delta_impulse_continue_10bar_2.5pt_50d,all,5,6,8,breakeven,78,78,78,39,38,13,25,1,0,38,0.48717949,-8700,-13146,-168.53846154,41,37,"two-contract post-signal scalp: one contract exits at first target, one runner uses selected stop mode and runner target"
1,signal_scaled_scalp:strategy=delta_impulse_continue_10bar_2.5pt_50d:direction=long:first_target_points=5:stop_points=6:runner_target_points=8:runner_stop_mode=breakeven,delta_impulse_continue_10bar_2.5pt_50d,long,5,6,8,breakeven,78,41,41,17,24,9,15,0,0,24,0.58536585,-600,-2937,-71.63414634,41,0,"two-contract post-signal scalp: one contract exits at first target, one runner uses selected stop mode and runner target"
1,signal_scaled_scalp:strategy=delta_impulse_continue_10bar_2.5pt_50d:direction=short:first_target_points=5:stop_points=6:runner_target_points=8:runner_stop_mode=breakeven,delta_impulse_continue_10bar_2.5pt_50d,short,5,6,8,breakeven,78,37,37,22,14,4,10,1,0,14,0.37837838,-8100,-10209,-275.91891892,0,37,"two-contract post-signal scalp: one contract exits at first target, one runner uses selected stop mode and runner target"
1,signal_scaled_scalp:strategy=delta_impulse_continue_10bar_2.5pt_50d:direction=all:first_target_points=5:stop_points=6:runner_target_points=8:runner_stop_mode=initial,delta_impulse_continue_10bar_2.5pt_50d,all,5,6,8,initial,78,78,78,39,38,33,5,1,0,33,0.42307692,-2200,-6646,-85.20512821,41,37,"two-contract post-signal scalp: one contract exits at first target, one runner uses selected stop mode and runner target"
1,signal_scaled_scalp:strategy=delta_impulse_continue_10bar_2.5pt_50d:direction=long:first_target_points=5:stop_points=6:runner_target_points=8:runner_stop_mode=initial,delta_impulse_continue_10bar_2.5pt_50d,long,5,6,8,initial,78,41,41,17,24,22,2,0,0,22,0.53658537,4000,1663,40.56097561,41,0,"two-contract post-signal scalp: one contract exits at first target, one runner uses selected stop mode and runner target"
1,signal_scaled_scalp:strategy=delta_impulse_continue_10bar_2.5pt_50d:direction=short:first_target_points=5:stop_points=6:runner_target_points=8:runner_stop_mode=initial,delta_impulse_continue_10bar_2.5pt_50d,short,5,6,8,initial,78,37,37,22,14,11,3,1,0,11,0.2972973,-6200,-8309,-224.56756757,0,37,"two-contract post-signal scalp: one contract exits at first target, one runner uses selected stop mode and runner target"
1,signal_scaled_scalp:strategy=delta_impulse_continue_10bar_2.5pt_50d:direction=all:first_target_points=5:stop_points=6:runner_target_points=10:runner_stop_mode=breakeven,delta_impulse_continue_10bar_2.5pt_50d,all,5,6,10,breakeven,78,78,78,39,38,11,26,2,0,38,0.48717949,-8100,-12546,-160.84615385,41,37,"two-contract post-signal scalp: one contract exits at first target, one runner uses selected stop mode and runner target"
1,signal_scaled_scalp:strategy=delta_impulse_continue_10bar_2.5pt_50d:direction=long:first_target_points=5:stop_points=6:runner_target_points=10:runner_stop_mode=breakeven,delta_impulse_continue_10bar_2.5pt_50d,long,5,6,10,breakeven,78,41,41,17,24,8,16,0,0,24,0.58536585,-200,-2537,-61.87804878,41,0,"two-contract post-signal scalp: one contract exits at first target, one runner uses selected stop mode and runner target"
1,signal_scaled_scalp:strategy=delta_impulse_continue_10bar_2.5pt_50d:direction=short:first_target_points=5:stop_points=6:runner_target_points=10:runner_stop_mode=breakeven,delta_impulse_continue_10bar_2.5pt_50d,short,5,6,10,breakeven,78,37,37,22,14,3,10,2,0,14,0.37837838,-7900,-10009,-270.51351351,0,37,"two-contract post-signal scalp: one contract exits at first target, one runner uses selected stop mode and runner target"
1,signal_scaled_scalp:strategy=delta_impulse_continue_10bar_2.5pt_50d:direction=all:first_target_points=5:stop_points=6:runner_target_points=10:runner_stop_mode=initial,delta_impulse_continue_10bar_2.5pt_50d,all,5,6,10,initial,78,78,78,39,38,26,11,2,0,27,0.34615385,-3900,-8346,-107,41,37,"two-contract post-signal scalp: one contract exits at first target, one runner uses selected stop mode and runner target"
1,signal_scaled_scalp:strategy=delta_impulse_continue_10bar_2.5pt_50d:direction=long:first_target_points=5:stop_points=6:runner_target_points=10:runner_stop_mode=initial,delta_impulse_continue_10bar_2.5pt_50d,long,5,6,10,initial,78,41,41,17,24,17,7,0,0,17,0.41463415,2200,-137,-3.34146341,41,0,"two-contract post-signal scalp: one contract exits at first target, one runner uses selected stop mode and runner target"
1,signal_scaled_scalp:strategy=delta_impulse_continue_10bar_2.5pt_50d:direction=short:first_target_points=5:stop_points=6:runner_target_points=10:runner_stop_mode=initial,delta_impulse_continue_10bar_2.5pt_50d,short,5,6,10,initial,78,37,37,22,14,9,4,2,0,10,0.27027027,-6100,-8209,-221.86486486,0,37,"two-contract post-signal scalp: one contract exits at first target, one runner uses selected stop mode and runner target"
1,signal_scaled_scalp:strategy=delta_impulse_continue_10bar_2.5pt_50d:direction=all:first_target_points=5:stop_points=6:runner_target_points=15:runner_stop_mode=breakeven,delta_impulse_continue_10bar_2.5pt_50d,all,5,6,15,breakeven,78,78,78,39,38,5,32,2,0,38,0.48717949,-9850,-14296,-183.28205128,41,37,"two-contract post-signal scalp: one contract exits at first target, one runner uses selected stop mode and runner target"
1,signal_scaled_scalp:strategy=delta_impulse_continue_10bar_2.5pt_50d:direction=long:first_target_points=5:stop_points=6:runner_target_points=15:runner_stop_mode=breakeven,delta_impulse_continue_10bar_2.5pt_50d,long,5,6,15,breakeven,78,41,41,17,24,4,20,0,0,24,0.58536585,-1200,-3537,-86.26829268,41,0,"two-contract post-signal scalp: one contract exits at first target, one runner uses selected stop mode and runner target"
1,signal_scaled_scalp:strategy=delta_impulse_continue_10bar_2.5pt_50d:direction=short:first_target_points=5:stop_points=6:runner_target_points=15:runner_stop_mode=breakeven,delta_impulse_continue_10bar_2.5pt_50d,short,5,6,15,breakeven,78,37,37,22,14,1,12,2,0,14,0.37837838,-8650,-10759,-290.78378378,0,37,"two-contract post-signal scalp: one contract exits at first target, one runner uses selected stop mode and runner target"
1,signal_scaled_scalp:strategy=delta_impulse_continue_10bar_2.5pt_50d:direction=all:first_target_points=5:stop_points=6:runner_target_points=15:runner_stop_mode=initial,delta_impulse_continue_10bar_2.5pt_50d,all,5,6,15,initial,78,78,78,39,38,19,17,3,0,21,0.26923077,-4562.5,-9008.5,-115.49358974,41,37,"two-contract post-signal scalp: one contract exits at first target, one runner uses selected stop mode and runner target"
1,signal_scaled_scalp:strategy=delta_impulse_continue_10bar_2.5pt_50d:direction=long:first_target_points=5:stop_points=6:runner_target_points=15:runner_stop_mode=initial,delta_impulse_continue_10bar_2.5pt_50d,long,5,6,15,initial,78,41,41,17,24,11,12,1,0,12,0.29268293,337.5,-1999.5,-48.76829268,41,0,"two-contract post-signal scalp: one contract exits at first target, one runner uses selected stop mode and runner target"
1,signal_scaled_scalp:strategy=delta_impulse_continue_10bar_2.5pt_50d:direction=short:first_target_points=5:stop_points=6:runner_target_points=15:runner_stop_mode=initial,delta_impulse_continue_10bar_2.5pt_50d,short,5,6,15,initial,78,37,37,22,14,8,5,2,0,9,0.24324324,-4900,-7009,-189.43243243,0,37,"two-contract post-signal scalp: one contract exits at first target, one runner uses selected stop mode and runner target"
1,signal_scaled_scalp:strategy=delta_impulse_continue_10bar_2.5pt_50d:direction=all:first_target_points=5:stop_points=8:runner_target_points=8:runner_stop_mode=breakeven,delta_impulse_continue_10bar_2.5pt_50d,all,5,8,8,breakeven,78,78,78,27,50,14,36,1,0,50,0.64102564,-3500,-7946,-101.87179487,41,37,"two-contract post-signal scalp: one contract exits at first target, one runner uses selected stop mode and runner target"
1,signal_scaled_scalp:strategy=delta_impulse_continue_10bar_2.5pt_50d:direction=long:first_target_points=5:stop_points=8:runner_target_points=8:runner_stop_mode=breakeven,delta_impulse_continue_10bar_2.5pt_50d,long,5,8,8,breakeven,78,41,41,11,30,9,21,0,0,30,0.73170732,2300,-37,-0.90243902,41,0,"two-contract post-signal scalp: one contract exits at first target, one runner uses selected stop mode and runner target"
1,signal_scaled_scalp:strategy=delta_impulse_continue_10bar_2.5pt_50d:direction=short:first_target_points=5:stop_points=8:runner_target_points=8:runner_stop_mode=breakeven,delta_impulse_continue_10bar_2.5pt_50d,short,5,8,8,breakeven,78,37,37,16,20,5,15,1,0,20,0.54054054,-5800,-7909,-213.75675676,0,37,"two-contract post-signal scalp: one contract exits at first target, one runner uses selected stop mode and runner target"
1,signal_scaled_scalp:strategy=delta_impulse_continue_10bar_2.5pt_50d:direction=all:first_target_points=5:stop_points=8:runner_target_points=8:runner_stop_mode=initial,delta_impulse_continue_10bar_2.5pt_50d,all,5,8,8,initial,78,78,78,27,50,42,8,1,0,42,0.53846154,4500,54,0.69230769,41,37,"two-contract post-signal scalp: one contract exits at first target, one runner uses selected stop mode and runner target"
1,signal_scaled_scalp:strategy=delta_impulse_continue_10bar_2.5pt_50d:direction=long:first_target_points=5:stop_points=8:runner_target_points=8:runner_stop_mode=initial,delta_impulse_continue_10bar_2.5pt_50d,long,5,8,8,initial,78,41,41,11,30,26,4,0,0,26,0.63414634,7500,5163,125.92682927,41,0,"two-contract post-signal scalp: one contract exits at first target, one runner uses selected stop mode and runner target"
1,signal_scaled_scalp:strategy=delta_impulse_continue_10bar_2.5pt_50d:direction=short:first_target_points=5:stop_points=8:runner_target_points=8:runner_stop_mode=initial,delta_impulse_continue_10bar_2.5pt_50d,short,5,8,8,initial,78,37,37,16,20,16,4,1,0,16,0.43243243,-3000,-5109,-138.08108108,0,37,"two-contract post-signal scalp: one contract exits at first target, one runner uses selected stop mode and runner target"
1,signal_scaled_scalp:strategy=delta_impulse_continue_10bar_2.5pt_50d:direction=all:first_target_points=5:stop_points=8:runner_target_points=10:runner_stop_mode=breakeven,delta_impulse_continue_10bar_2.5pt_50d,all,5,8,10,breakeven,78,78,78,27,50,12,37,2,0,50,0.64102564,-2800,-7246,-92.8974359,41,37,"two-contract post-signal scalp: one contract exits at first target, one runner uses selected stop mode and runner target"
1,signal_scaled_scalp:strategy=delta_impulse_continue_10bar_2.5pt_50d:direction=long:first_target_points=5:stop_points=8:runner_target_points=10:runner_stop_mode=breakeven,delta_impulse_continue_10bar_2.5pt_50d,long,5,8,10,breakeven,78,41,41,11,30,8,22,0,0,30,0.73170732,2700,363,8.85365854,41,0,"two-contract post-signal scalp: one contract exits at first target, one runner uses selected stop mode and runner target"
1,signal_scaled_scalp:strategy=delta_impulse_continue_10bar_2.5pt_50d:direction=short:first_target_points=5:stop_points=8:runner_target_points=10:runner_stop_mode=breakeven,delta_impulse_continue_10bar_2.5pt_50d,short,5,8,10,breakeven,78,37,37,16,20,4,15,2,0,20,0.54054054,-5500,-7609,-205.64864865,0,37,"two-contract post-signal scalp: one contract exits at first target, one runner uses selected stop mode and runner target"
1,signal_scaled_scalp:strategy=delta_impulse_continue_10bar_2.5pt_50d:direction=all:first_target_points=5:stop_points=8:runner_target_points=10:runner_stop_mode=initial,delta_impulse_continue_10bar_2.5pt_50d,all,5,8,10,initial,78,78,78,27,50,34,15,2,0,35,0.44871795,2200,-2246,-28.79487179,41,37,"two-contract post-signal scalp: one contract exits at first target, one runner uses selected stop mode and runner target"
1,signal_scaled_scalp:strategy=delta_impulse_continue_10bar_2.5pt_50d:direction=long:first_target_points=5:stop_points=8:runner_target_points=10:runner_stop_mode=initial,delta_impulse_continue_10bar_2.5pt_50d,long,5,8,10,initial,78,41,41,11,30,21,9,0,0,21,0.51219512,5600,3263,79.58536585,41,0,"two-contract post-signal scalp: one contract exits at first target, one runner uses selected stop mode and runner target"
1,signal_scaled_scalp:strategy=delta_impulse_continue_10bar_2.5pt_50d:direction=short:first_target_points=5:stop_points=8:runner_target_points=10:runner_stop_mode=initial,delta_impulse_continue_10bar_2.5pt_50d,short,5,8,10,initial,78,37,37,16,20,13,6,2,0,14,0.37837838,-3400,-5509,-148.89189189,0,37,"two-contract post-signal scalp: one contract exits at first target, one runner uses selected stop mode and runner target"
1,signal_scaled_scalp:strategy=delta_impulse_continue_10bar_2.5pt_50d:direction=all:first_target_points=5:stop_points=8:runner_target_points=15:runner_stop_mode=breakeven,delta_impulse_continue_10bar_2.5pt_50d,all,5,8,15,breakeven,78,78,78,27,50,6,43,2,0,50,0.64102564,-4300,-8746,-112.12820513,41,37,"two-contract post-signal scalp: one contract exits at first target, one runner uses selected stop mode and runner target"
1,signal_scaled_scalp:strategy=delta_impulse_continue_10bar_2.5pt_50d:direction=long:first_target_points=5:stop_points=8:runner_target_points=15:runner_stop_mode=breakeven,delta_impulse_continue_10bar_2.5pt_50d,long,5,8,15,breakeven,78,41,41,11,30,4,26,0,0,30,0.73170732,1700,-637,-15.53658537,41,0,"two-contract post-signal scalp: one contract exits at first target, one runner uses selected stop mode and runner target"
1,signal_scaled_scalp:strategy=delta_impulse_continue_10bar_2.5pt_50d:direction=short:first_target_points=5:stop_points=8:runner_target_points=15:runner_stop_mode=breakeven,delta_impulse_continue_10bar_2.5pt_50d,short,5,8,15,breakeven,78,37,37,16,20,2,17,2,0,20,0.54054054,-6000,-8109,-219.16216216,0,37,"two-contract post-signal scalp: one contract exits at first target, one runner uses selected stop mode and runner target"
1,signal_scaled_scalp:strategy=delta_impulse_continue_10bar_2.5pt_50d:direction=all:first_target_points=5:stop_points=8:runner_target_points=15:runner_stop_mode=initial,delta_impulse_continue_10bar_2.5pt_50d,all,5,8,15,initial,78,78,78,27,50,24,24,3,0,26,0.33333333,-512.5,-4958.5,-63.57051282,41,37,"two-contract post-signal scalp: one contract exits at first target, one runner uses selected stop mode and runner target"
1,signal_scaled_scalp:strategy=delta_impulse_continue_10bar_2.5pt_50d:direction=long:first_target_points=5:stop_points=8:runner_target_points=15:runner_stop_mode=initial,delta_impulse_continue_10bar_2.5pt_50d,long,5,8,15,initial,78,41,41,11,30,12,17,1,0,13,0.31707317,787.5,-1549.5,-37.79268293,41,0,"two-contract post-signal scalp: one contract exits at first target, one runner uses selected stop mode and runner target"
1,signal_scaled_scalp:strategy=delta_impulse_continue_10bar_2.5pt_50d:direction=short:first_target_points=5:stop_points=8:runner_target_points=15:runner_stop_mode=initial,delta_impulse_continue_10bar_2.5pt_50d,short,5,8,15,initial,78,37,37,16,20,12,7,2,0,13,0.35135135,-1300,-3409,-92.13513514,0,37,"two-contract post-signal scalp: one contract exits at first target, one runner uses selected stop mode and runner target"
1,signal_scaled_scalp:strategy=delta_impulse_continue_10bar_2.5pt_50d:direction=all:first_target_points=5:stop_points=10:runner_target_points=8:runner_stop_mode=breakeven,delta_impulse_continue_10bar_2.5pt_50d,all,5,10,8,breakeven,78,78,78,20,56,14,42,2,0,56,0.71794872,-1150,-5596,-71.74358974,41,37,"two-contract post-signal scalp: one contract exits at first target, one runner uses selected stop mode and runner target"
1,signal_scaled_scalp:strategy=delta_impulse_continue_10bar_2.5pt_50d:direction=long:first_target_points=5:stop_points=10:runner_target_points=8:runner_stop_mode=breakeven,delta_impulse_continue_10bar_2.5pt_50d,long,5,10,8,breakeven,78,41,41,9,31,9,22,1,0,31,0.75609756,1600,-737,-17.97560976,41,0,"two-contract post-signal scalp: one contract exits at first target, one runner uses selected stop mode and runner target"
1,signal_scaled_scalp:strategy=delta_impulse_continue_10bar_2.5pt_50d:direction=short:first_target_points=5:stop_points=10:runner_target_points=8:runner_stop_mode=breakeven,delta_impulse_continue_10bar_2.5pt_50d,short,5,10,8,breakeven,78,37,37,11,25,5,20,1,0,25,0.67567568,-2750,-4859,-131.32432432,0,37,"two-contract post-signal scalp: one contract exits at first target, one runner uses selected stop mode and runner target"
1,signal_scaled_scalp:strategy=delta_impulse_continue_10bar_2.5pt_50d:direction=all:first_target_points=5:stop_points=10:runner_target_points=8:runner_stop_mode=initial,delta_impulse_continue_10bar_2.5pt_50d,all,5,10,8,initial,78,78,78,20,56,47,9,2,0,47,0.6025641,7550,3104,39.79487179,41,37,"two-contract post-signal scalp: one contract exits at first target, one runner uses selected stop mode and runner target"
1,signal_scaled_scalp:strategy=delta_impulse_continue_10bar_2.5pt_50d:direction=long:first_target_points=5:stop_points=10:runner_target_points=8:runner_stop_mode=initial,delta_impulse_continue_10bar_2.5pt_50d,long,5,10,8,initial,78,41,41,9,31,27,4,1,0,27,0.65853659,6800,4463,108.85365854,41,0,"two-contract post-signal scalp: one contract exits at first target, one runner uses selected stop mode and runner target"
1,signal_scaled_scalp:strategy=delta_impulse_continue_10bar_2.5pt_50d:direction=short:first_target_points=5:stop_points=10:runner_target_points=8:runner_stop_mode=initial,delta_impulse_continue_10bar_2.5pt_50d,short,5,10,8,initial,78,37,37,11,25,20,5,1,0,20,0.54054054,750,-1359,-36.72972973,0,37,"two-contract post-signal scalp: one contract exits at first target, one runner uses selected stop mode and runner target"
1,signal_scaled_scalp:strategy=delta_impulse_continue_10bar_2.5pt_50d:direction=all:first_target_points=5:stop_points=10:runner_target_points=10:runner_stop_mode=breakeven,delta_impulse_continue_10bar_2.5pt_50d,all,5,10,10,breakeven,78,78,78,20,56,12,43,3,0,56,0.71794872,-450,-4896,-62.76923077,41,37,"two-contract post-signal scalp: one contract exits at first target, one runner uses selected stop mode and runner target"
1,signal_scaled_scalp:strategy=delta_impulse_continue_10bar_2.5pt_50d:direction=long:first_target_points=5:stop_points=10:runner_target_points=10:runner_stop_mode=breakeven,delta_impulse_continue_10bar_2.5pt_50d,long,5,10,10,breakeven,78,41,41,9,31,8,23,1,0,31,0.75609756,2000,-337,-8.2195122,41,0,"two-contract post-signal scalp: one contract exits at first target, one runner uses selected stop mode and runner target"
1,signal_scaled_scalp:strategy=delta_impulse_continue_10bar_2.5pt_50d:direction=short:first_target_points=5:stop_points=10:runner_target_points=10:runner_stop_mode=breakeven,delta_impulse_continue_10bar_2.5pt_50d,short,5,10,10,breakeven,78,37,37,11,25,4,20,2,0,25,0.67567568,-2450,-4559,-123.21621622,0,37,"two-contract post-signal scalp: one contract exits at first target, one runner uses selected stop mode and runner target"
1,signal_scaled_scalp:strategy=delta_impulse_continue_10bar_2.5pt_50d:direction=all:first_target_points=5:stop_points=10:runner_target_points=10:runner_stop_mode=initial,delta_impulse_continue_10bar_2.5pt_50d,all,5,10,10,initial,78,78,78,20,56,38,17,3,0,39,0.5,4050,-396,-5.07692308,41,37,"two-contract post-signal scalp: one contract exits at first target, one runner uses selected stop mode and runner target"
1,signal_scaled_scalp:strategy=delta_impulse_continue_10bar_2.5pt_50d:direction=long:first_target_points=5:stop_points=10:runner_target_points=10:runner_stop_mode=initial,delta_impulse_continue_10bar_2.5pt_50d,long,5,10,10,initial,78,41,41,9,31,22,9,1,0,22,0.53658537,4500,2163,52.75609756,41,0,"two-contract post-signal scalp: one contract exits at first target, one runner uses selected stop mode and runner target"
1,signal_scaled_scalp:strategy=delta_impulse_continue_10bar_2.5pt_50d:direction=short:first_target_points=5:stop_points=10:runner_target_points=10:runner_stop_mode=initial,delta_impulse_continue_10bar_2.5pt_50d,short,5,10,10,initial,78,37,37,11,25,16,8,2,0,17,0.45945946,-450,-2559,-69.16216216,0,37,"two-contract post-signal scalp: one contract exits at first target, one runner uses selected stop mode and runner target"
1,signal_scaled_scalp:strategy=delta_impulse_continue_10bar_2.5pt_50d:direction=all:first_target_points=5:stop_points=10:runner_target_points=15:runner_stop_mode=breakeven,delta_impulse_continue_10bar_2.5pt_50d,all,5,10,15,breakeven,78,78,78,20,56,6,49,3,0,56,0.71794872,-1950,-6396,-82,41,37,"two-contract post-signal scalp: one contract exits at first target, one runner uses selected stop mode and runner target"
1,signal_scaled_scalp:strategy=delta_impulse_continue_10bar_2.5pt_50d:direction=long:first_target_points=5:stop_points=10:runner_target_points=15:runner_stop_mode=breakeven,delta_impulse_continue_10bar_2.5pt_50d,long,5,10,15,breakeven,78,41,41,9,31,4,27,1,0,31,0.75609756,1000,-1337,-32.6097561,41,0,"two-contract post-signal scalp: one contract exits at first target, one runner uses selected stop mode and runner target"
1,signal_scaled_scalp:strategy=delta_impulse_continue_10bar_2.5pt_50d:direction=short:first_target_points=5:stop_points=10:runner_target_points=15:runner_stop_mode=breakeven,delta_impulse_continue_10bar_2.5pt_50d,short,5,10,15,breakeven,78,37,37,11,25,2,22,2,0,25,0.67567568,-2950,-5059,-136.72972973,0,37,"two-contract post-signal scalp: one contract exits at first target, one runner uses selected stop mode and runner target"
1,signal_scaled_scalp:strategy=delta_impulse_continue_10bar_2.5pt_50d:direction=all:first_target_points=5:stop_points=10:runner_target_points=15:runner_stop_mode=initial,delta_impulse_continue_10bar_2.5pt_50d,all,5,10,15,initial,78,78,78,20,56,27,27,4,0,29,0.37179487,187.5,-4258.5,-54.59615385,41,37,"two-contract post-signal scalp: one contract exits at first target, one runner uses selected stop mode and runner target"
1,signal_scaled_scalp:strategy=delta_impulse_continue_10bar_2.5pt_50d:direction=long:first_target_points=5:stop_points=10:runner_target_points=15:runner_stop_mode=initial,delta_impulse_continue_10bar_2.5pt_50d,long,5,10,15,initial,78,41,41,9,31,13,17,2,0,14,0.34146341,-862.5,-3199.5,-78.03658537,41,0,"two-contract post-signal scalp: one contract exits at first target, one runner uses selected stop mode and runner target"
1,signal_scaled_scalp:strategy=delta_impulse_continue_10bar_2.5pt_50d:direction=short:first_target_points=5:stop_points=10:runner_target_points=15:runner_stop_mode=initial,delta_impulse_continue_10bar_2.5pt_50d,short,5,10,15,initial,78,37,37,11,25,14,10,2,0,15,0.40540541,1050,-1059,-28.62162162,0,37,"two-contract post-signal scalp: one contract exits at first target, one runner uses selected stop mode and runner target"
