schema_version,split_id,sample,selected_on_train,trade_dates,experiment_id,strategy_id,direction_filter,minimum_zone_aggression_ratio,minimum_zone_volume,input_trades,evaluated_trades,target_hits,losses,other_exits,win_rate,net_usd,average_net_usd,long_trades,short_trades,notes
1,chronological_train_dates=8_holdout_dates=7,train,true,2026-05-21;2026-05-22;2026-05-25;2026-05-26;2026-05-27;2026-05-29;2026-06-01;2026-06-03,liquidity_sweep_vap_absorption_threshold:direction=all:min_zone_ratio=1:min_zone_volume=0,liquidity_sweep_vap_absorption_reversal,all,1,0,12,12,7,5,0,0.58333333,1283,106.91666667,7,5,post-diagnostic VAP threshold sweep
1,chronological_train_dates=8_holdout_dates=7,train,false,2026-05-21;2026-05-22;2026-05-25;2026-05-26;2026-05-27;2026-05-29;2026-06-01;2026-06-03,liquidity_sweep_vap_absorption_threshold:direction=long:min_zone_ratio=1:min_zone_volume=0,liquidity_sweep_vap_absorption_reversal,long,1,0,12,7,4,3,0,0.57142857,831.75,118.82142857,7,0,post-diagnostic VAP threshold sweep
1,chronological_train_dates=8_holdout_dates=7,train,false,2026-05-21;2026-05-22;2026-05-25;2026-05-26;2026-05-27;2026-05-29;2026-06-01;2026-06-03,liquidity_sweep_vap_absorption_threshold:direction=short:min_zone_ratio=1:min_zone_volume=0,liquidity_sweep_vap_absorption_reversal,short,1,0,12,5,3,2,0,0.6,451.25,90.25,0,5,post-diagnostic VAP threshold sweep
1,chronological_train_dates=8_holdout_dates=7,train,false,2026-05-21;2026-05-22;2026-05-25;2026-05-26;2026-05-27;2026-05-29;2026-06-01;2026-06-03,liquidity_sweep_vap_absorption_threshold:direction=all:min_zone_ratio=1:min_zone_volume=5,liquidity_sweep_vap_absorption_reversal,all,1,5,12,5,2,3,0,0.4,-117.5,-23.5,4,1,post-diagnostic VAP threshold sweep
1,chronological_train_dates=8_holdout_dates=7,train,false,2026-05-21;2026-05-22;2026-05-25;2026-05-26;2026-05-27;2026-05-29;2026-06-01;2026-06-03,liquidity_sweep_vap_absorption_threshold:direction=long:min_zone_ratio=1:min_zone_volume=5,liquidity_sweep_vap_absorption_reversal,long,1,5,12,4,2,2,0,0.5,123.5,30.875,4,0,post-diagnostic VAP threshold sweep
1,chronological_train_dates=8_holdout_dates=7,train,false,2026-05-21;2026-05-22;2026-05-25;2026-05-26;2026-05-27;2026-05-29;2026-06-01;2026-06-03,liquidity_sweep_vap_absorption_threshold:direction=short:min_zone_ratio=1:min_zone_volume=5,liquidity_sweep_vap_absorption_reversal,short,1,5,12,1,0,1,0,0,-241,-241,0,1,post-diagnostic VAP threshold sweep
1,chronological_train_dates=8_holdout_dates=7,train,false,2026-05-21;2026-05-22;2026-05-25;2026-05-26;2026-05-27;2026-05-29;2026-06-01;2026-06-03,liquidity_sweep_vap_absorption_threshold:direction=all:min_zone_ratio=1:min_zone_volume=10,liquidity_sweep_vap_absorption_reversal,all,1,10,12,3,2,1,0,0.66666667,314.5,104.83333333,3,0,post-diagnostic VAP threshold sweep
1,chronological_train_dates=8_holdout_dates=7,train,false,2026-05-21;2026-05-22;2026-05-25;2026-05-26;2026-05-27;2026-05-29;2026-06-01;2026-06-03,liquidity_sweep_vap_absorption_threshold:direction=long:min_zone_ratio=1:min_zone_volume=10,liquidity_sweep_vap_absorption_reversal,long,1,10,12,3,2,1,0,0.66666667,314.5,104.83333333,3,0,post-diagnostic VAP threshold sweep
1,chronological_train_dates=8_holdout_dates=7,train,false,2026-05-21;2026-05-22;2026-05-25;2026-05-26;2026-05-27;2026-05-29;2026-06-01;2026-06-03,liquidity_sweep_vap_absorption_threshold:direction=short:min_zone_ratio=1:min_zone_volume=10,liquidity_sweep_vap_absorption_reversal,short,1,10,12,0,0,0,0,0,0,0,0,0,post-diagnostic VAP threshold sweep
1,chronological_train_dates=8_holdout_dates=7,train,false,2026-05-21;2026-05-22;2026-05-25;2026-05-26;2026-05-27;2026-05-29;2026-06-01;2026-06-03,liquidity_sweep_vap_absorption_threshold:direction=all:min_zone_ratio=1:min_zone_volume=20,liquidity_sweep_vap_absorption_reversal,all,1,20,12,2,1,1,0,0.5,-238.25,-119.125,2,0,post-diagnostic VAP threshold sweep
1,chronological_train_dates=8_holdout_dates=7,train,false,2026-05-21;2026-05-22;2026-05-25;2026-05-26;2026-05-27;2026-05-29;2026-06-01;2026-06-03,liquidity_sweep_vap_absorption_threshold:direction=long:min_zone_ratio=1:min_zone_volume=20,liquidity_sweep_vap_absorption_reversal,long,1,20,12,2,1,1,0,0.5,-238.25,-119.125,2,0,post-diagnostic VAP threshold sweep
1,chronological_train_dates=8_holdout_dates=7,train,false,2026-05-21;2026-05-22;2026-05-25;2026-05-26;2026-05-27;2026-05-29;2026-06-01;2026-06-03,liquidity_sweep_vap_absorption_threshold:direction=short:min_zone_ratio=1:min_zone_volume=20,liquidity_sweep_vap_absorption_reversal,short,1,20,12,0,0,0,0,0,0,0,0,0,post-diagnostic VAP threshold sweep
1,chronological_train_dates=8_holdout_dates=7,train,false,2026-05-21;2026-05-22;2026-05-25;2026-05-26;2026-05-27;2026-05-29;2026-06-01;2026-06-03,liquidity_sweep_vap_absorption_threshold:direction=all:min_zone_ratio=1:min_zone_volume=50,liquidity_sweep_vap_absorption_reversal,all,1,50,12,1,1,0,0,1,52.75,52.75,1,0,post-diagnostic VAP threshold sweep
1,chronological_train_dates=8_holdout_dates=7,train,false,2026-05-21;2026-05-22;2026-05-25;2026-05-26;2026-05-27;2026-05-29;2026-06-01;2026-06-03,liquidity_sweep_vap_absorption_threshold:direction=long:min_zone_ratio=1:min_zone_volume=50,liquidity_sweep_vap_absorption_reversal,long,1,50,12,1,1,0,0,1,52.75,52.75,1,0,post-diagnostic VAP threshold sweep
1,chronological_train_dates=8_holdout_dates=7,train,false,2026-05-21;2026-05-22;2026-05-25;2026-05-26;2026-05-27;2026-05-29;2026-06-01;2026-06-03,liquidity_sweep_vap_absorption_threshold:direction=short:min_zone_ratio=1:min_zone_volume=50,liquidity_sweep_vap_absorption_reversal,short,1,50,12,0,0,0,0,0,0,0,0,0,post-diagnostic VAP threshold sweep
1,chronological_train_dates=8_holdout_dates=7,train,false,2026-05-21;2026-05-22;2026-05-25;2026-05-26;2026-05-27;2026-05-29;2026-06-01;2026-06-03,liquidity_sweep_vap_absorption_threshold:direction=all:min_zone_ratio=1:min_zone_volume=100,liquidity_sweep_vap_absorption_reversal,all,1,100,12,1,1,0,0,1,52.75,52.75,1,0,post-diagnostic VAP threshold sweep
1,chronological_train_dates=8_holdout_dates=7,train,false,2026-05-21;2026-05-22;2026-05-25;2026-05-26;2026-05-27;2026-05-29;2026-06-01;2026-06-03,liquidity_sweep_vap_absorption_threshold:direction=long:min_zone_ratio=1:min_zone_volume=100,liquidity_sweep_vap_absorption_reversal,long,1,100,12,1,1,0,0,1,52.75,52.75,1,0,post-diagnostic VAP threshold sweep
1,chronological_train_dates=8_holdout_dates=7,train,false,2026-05-21;2026-05-22;2026-05-25;2026-05-26;2026-05-27;2026-05-29;2026-06-01;2026-06-03,liquidity_sweep_vap_absorption_threshold:direction=short:min_zone_ratio=1:min_zone_volume=100,liquidity_sweep_vap_absorption_reversal,short,1,100,12,0,0,0,0,0,0,0,0,0,post-diagnostic VAP threshold sweep
1,chronological_train_dates=8_holdout_dates=7,train,false,2026-05-21;2026-05-22;2026-05-25;2026-05-26;2026-05-27;2026-05-29;2026-06-01;2026-06-03,liquidity_sweep_vap_absorption_threshold:direction=all:min_zone_ratio=1:min_zone_volume=150,liquidity_sweep_vap_absorption_reversal,all,1,150,12,1,1,0,0,1,52.75,52.75,1,0,post-diagnostic VAP threshold sweep
1,chronological_train_dates=8_holdout_dates=7,train,false,2026-05-21;2026-05-22;2026-05-25;2026-05-26;2026-05-27;2026-05-29;2026-06-01;2026-06-03,liquidity_sweep_vap_absorption_threshold:direction=long:min_zone_ratio=1:min_zone_volume=150,liquidity_sweep_vap_absorption_reversal,long,1,150,12,1,1,0,0,1,52.75,52.75,1,0,post-diagnostic VAP threshold sweep
1,chronological_train_dates=8_holdout_dates=7,train,false,2026-05-21;2026-05-22;2026-05-25;2026-05-26;2026-05-27;2026-05-29;2026-06-01;2026-06-03,liquidity_sweep_vap_absorption_threshold:direction=short:min_zone_ratio=1:min_zone_volume=150,liquidity_sweep_vap_absorption_reversal,short,1,150,12,0,0,0,0,0,0,0,0,0,post-diagnostic VAP threshold sweep
1,chronological_train_dates=8_holdout_dates=7,train,false,2026-05-21;2026-05-22;2026-05-25;2026-05-26;2026-05-27;2026-05-29;2026-06-01;2026-06-03,liquidity_sweep_vap_absorption_threshold:direction=all:min_zone_ratio=1:min_zone_volume=200,liquidity_sweep_vap_absorption_reversal,all,1,200,12,0,0,0,0,0,0,0,0,0,post-diagnostic VAP threshold sweep
1,chronological_train_dates=8_holdout_dates=7,train,false,2026-05-21;2026-05-22;2026-05-25;2026-05-26;2026-05-27;2026-05-29;2026-06-01;2026-06-03,liquidity_sweep_vap_absorption_threshold:direction=long:min_zone_ratio=1:min_zone_volume=200,liquidity_sweep_vap_absorption_reversal,long,1,200,12,0,0,0,0,0,0,0,0,0,post-diagnostic VAP threshold sweep
1,chronological_train_dates=8_holdout_dates=7,train,false,2026-05-21;2026-05-22;2026-05-25;2026-05-26;2026-05-27;2026-05-29;2026-06-01;2026-06-03,liquidity_sweep_vap_absorption_threshold:direction=short:min_zone_ratio=1:min_zone_volume=200,liquidity_sweep_vap_absorption_reversal,short,1,200,12,0,0,0,0,0,0,0,0,0,post-diagnostic VAP threshold sweep
1,chronological_train_dates=8_holdout_dates=7,train,false,2026-05-21;2026-05-22;2026-05-25;2026-05-26;2026-05-27;2026-05-29;2026-06-01;2026-06-03,liquidity_sweep_vap_absorption_threshold:direction=all:min_zone_ratio=1:min_zone_volume=300,liquidity_sweep_vap_absorption_reversal,all,1,300,12,0,0,0,0,0,0,0,0,0,post-diagnostic VAP threshold sweep
1,chronological_train_dates=8_holdout_dates=7,train,false,2026-05-21;2026-05-22;2026-05-25;2026-05-26;2026-05-27;2026-05-29;2026-06-01;2026-06-03,liquidity_sweep_vap_absorption_threshold:direction=long:min_zone_ratio=1:min_zone_volume=300,liquidity_sweep_vap_absorption_reversal,long,1,300,12,0,0,0,0,0,0,0,0,0,post-diagnostic VAP threshold sweep
1,chronological_train_dates=8_holdout_dates=7,train,false,2026-05-21;2026-05-22;2026-05-25;2026-05-26;2026-05-27;2026-05-29;2026-06-01;2026-06-03,liquidity_sweep_vap_absorption_threshold:direction=short:min_zone_ratio=1:min_zone_volume=300,liquidity_sweep_vap_absorption_reversal,short,1,300,12,0,0,0,0,0,0,0,0,0,post-diagnostic VAP threshold sweep
1,chronological_train_dates=8_holdout_dates=7,train,false,2026-05-21;2026-05-22;2026-05-25;2026-05-26;2026-05-27;2026-05-29;2026-06-01;2026-06-03,liquidity_sweep_vap_absorption_threshold:direction=all:min_zone_ratio=1:min_zone_volume=500,liquidity_sweep_vap_absorption_reversal,all,1,500,12,0,0,0,0,0,0,0,0,0,post-diagnostic VAP threshold sweep
1,chronological_train_dates=8_holdout_dates=7,train,false,2026-05-21;2026-05-22;2026-05-25;2026-05-26;2026-05-27;2026-05-29;2026-06-01;2026-06-03,liquidity_sweep_vap_absorption_threshold:direction=long:min_zone_ratio=1:min_zone_volume=500,liquidity_sweep_vap_absorption_reversal,long,1,500,12,0,0,0,0,0,0,0,0,0,post-diagnostic VAP threshold sweep
1,chronological_train_dates=8_holdout_dates=7,train,false,2026-05-21;2026-05-22;2026-05-25;2026-05-26;2026-05-27;2026-05-29;2026-06-01;2026-06-03,liquidity_sweep_vap_absorption_threshold:direction=short:min_zone_ratio=1:min_zone_volume=500,liquidity_sweep_vap_absorption_reversal,short,1,500,12,0,0,0,0,0,0,0,0,0,post-diagnostic VAP threshold sweep
1,chronological_train_dates=8_holdout_dates=7,train,false,2026-05-21;2026-05-22;2026-05-25;2026-05-26;2026-05-27;2026-05-29;2026-06-01;2026-06-03,liquidity_sweep_vap_absorption_threshold:direction=all:min_zone_ratio=1:min_zone_volume=750,liquidity_sweep_vap_absorption_reversal,all,1,750,12,0,0,0,0,0,0,0,0,0,post-diagnostic VAP threshold sweep
1,chronological_train_dates=8_holdout_dates=7,train,false,2026-05-21;2026-05-22;2026-05-25;2026-05-26;2026-05-27;2026-05-29;2026-06-01;2026-06-03,liquidity_sweep_vap_absorption_threshold:direction=long:min_zone_ratio=1:min_zone_volume=750,liquidity_sweep_vap_absorption_reversal,long,1,750,12,0,0,0,0,0,0,0,0,0,post-diagnostic VAP threshold sweep
1,chronological_train_dates=8_holdout_dates=7,train,false,2026-05-21;2026-05-22;2026-05-25;2026-05-26;2026-05-27;2026-05-29;2026-06-01;2026-06-03,liquidity_sweep_vap_absorption_threshold:direction=short:min_zone_ratio=1:min_zone_volume=750,liquidity_sweep_vap_absorption_reversal,short,1,750,12,0,0,0,0,0,0,0,0,0,post-diagnostic VAP threshold sweep
1,chronological_train_dates=8_holdout_dates=7,train,false,2026-05-21;2026-05-22;2026-05-25;2026-05-26;2026-05-27;2026-05-29;2026-06-01;2026-06-03,liquidity_sweep_vap_absorption_threshold:direction=all:min_zone_ratio=1:min_zone_volume=1000,liquidity_sweep_vap_absorption_reversal,all,1,1000,12,0,0,0,0,0,0,0,0,0,post-diagnostic VAP threshold sweep
1,chronological_train_dates=8_holdout_dates=7,train,false,2026-05-21;2026-05-22;2026-05-25;2026-05-26;2026-05-27;2026-05-29;2026-06-01;2026-06-03,liquidity_sweep_vap_absorption_threshold:direction=long:min_zone_ratio=1:min_zone_volume=1000,liquidity_sweep_vap_absorption_reversal,long,1,1000,12,0,0,0,0,0,0,0,0,0,post-diagnostic VAP threshold sweep
1,chronological_train_dates=8_holdout_dates=7,train,false,2026-05-21;2026-05-22;2026-05-25;2026-05-26;2026-05-27;2026-05-29;2026-06-01;2026-06-03,liquidity_sweep_vap_absorption_threshold:direction=short:min_zone_ratio=1:min_zone_volume=1000,liquidity_sweep_vap_absorption_reversal,short,1,1000,12,0,0,0,0,0,0,0,0,0,post-diagnostic VAP threshold sweep
1,chronological_train_dates=8_holdout_dates=7,train,false,2026-05-21;2026-05-22;2026-05-25;2026-05-26;2026-05-27;2026-05-29;2026-06-01;2026-06-03,liquidity_sweep_vap_absorption_threshold:direction=all:min_zone_ratio=1.05:min_zone_volume=0,liquidity_sweep_vap_absorption_reversal,all,1.05,0,12,12,7,5,0,0.58333333,1283,106.91666667,7,5,post-diagnostic VAP threshold sweep
1,chronological_train_dates=8_holdout_dates=7,train,false,2026-05-21;2026-05-22;2026-05-25;2026-05-26;2026-05-27;2026-05-29;2026-06-01;2026-06-03,liquidity_sweep_vap_absorption_threshold:direction=long:min_zone_ratio=1.05:min_zone_volume=0,liquidity_sweep_vap_absorption_reversal,long,1.05,0,12,7,4,3,0,0.57142857,831.75,118.82142857,7,0,post-diagnostic VAP threshold sweep
1,chronological_train_dates=8_holdout_dates=7,train,false,2026-05-21;2026-05-22;2026-05-25;2026-05-26;2026-05-27;2026-05-29;2026-06-01;2026-06-03,liquidity_sweep_vap_absorption_threshold:direction=short:min_zone_ratio=1.05:min_zone_volume=0,liquidity_sweep_vap_absorption_reversal,short,1.05,0,12,5,3,2,0,0.6,451.25,90.25,0,5,post-diagnostic VAP threshold sweep
1,chronological_train_dates=8_holdout_dates=7,train,false,2026-05-21;2026-05-22;2026-05-25;2026-05-26;2026-05-27;2026-05-29;2026-06-01;2026-06-03,liquidity_sweep_vap_absorption_threshold:direction=all:min_zone_ratio=1.05:min_zone_volume=5,liquidity_sweep_vap_absorption_reversal,all,1.05,5,12,5,2,3,0,0.4,-117.5,-23.5,4,1,post-diagnostic VAP threshold sweep
1,chronological_train_dates=8_holdout_dates=7,train,false,2026-05-21;2026-05-22;2026-05-25;2026-05-26;2026-05-27;2026-05-29;2026-06-01;2026-06-03,liquidity_sweep_vap_absorption_threshold:direction=long:min_zone_ratio=1.05:min_zone_volume=5,liquidity_sweep_vap_absorption_reversal,long,1.05,5,12,4,2,2,0,0.5,123.5,30.875,4,0,post-diagnostic VAP threshold sweep
1,chronological_train_dates=8_holdout_dates=7,train,false,2026-05-21;2026-05-22;2026-05-25;2026-05-26;2026-05-27;2026-05-29;2026-06-01;2026-06-03,liquidity_sweep_vap_absorption_threshold:direction=short:min_zone_ratio=1.05:min_zone_volume=5,liquidity_sweep_vap_absorption_reversal,short,1.05,5,12,1,0,1,0,0,-241,-241,0,1,post-diagnostic VAP threshold sweep
1,chronological_train_dates=8_holdout_dates=7,train,false,2026-05-21;2026-05-22;2026-05-25;2026-05-26;2026-05-27;2026-05-29;2026-06-01;2026-06-03,liquidity_sweep_vap_absorption_threshold:direction=all:min_zone_ratio=1.05:min_zone_volume=10,liquidity_sweep_vap_absorption_reversal,all,1.05,10,12,3,2,1,0,0.66666667,314.5,104.83333333,3,0,post-diagnostic VAP threshold sweep
1,chronological_train_dates=8_holdout_dates=7,train,false,2026-05-21;2026-05-22;2026-05-25;2026-05-26;2026-05-27;2026-05-29;2026-06-01;2026-06-03,liquidity_sweep_vap_absorption_threshold:direction=long:min_zone_ratio=1.05:min_zone_volume=10,liquidity_sweep_vap_absorption_reversal,long,1.05,10,12,3,2,1,0,0.66666667,314.5,104.83333333,3,0,post-diagnostic VAP threshold sweep
1,chronological_train_dates=8_holdout_dates=7,train,false,2026-05-21;2026-05-22;2026-05-25;2026-05-26;2026-05-27;2026-05-29;2026-06-01;2026-06-03,liquidity_sweep_vap_absorption_threshold:direction=short:min_zone_ratio=1.05:min_zone_volume=10,liquidity_sweep_vap_absorption_reversal,short,1.05,10,12,0,0,0,0,0,0,0,0,0,post-diagnostic VAP threshold sweep
1,chronological_train_dates=8_holdout_dates=7,train,false,2026-05-21;2026-05-22;2026-05-25;2026-05-26;2026-05-27;2026-05-29;2026-06-01;2026-06-03,liquidity_sweep_vap_absorption_threshold:direction=all:min_zone_ratio=1.05:min_zone_volume=20,liquidity_sweep_vap_absorption_reversal,all,1.05,20,12,2,1,1,0,0.5,-238.25,-119.125,2,0,post-diagnostic VAP threshold sweep
1,chronological_train_dates=8_holdout_dates=7,train,false,2026-05-21;2026-05-22;2026-05-25;2026-05-26;2026-05-27;2026-05-29;2026-06-01;2026-06-03,liquidity_sweep_vap_absorption_threshold:direction=long:min_zone_ratio=1.05:min_zone_volume=20,liquidity_sweep_vap_absorption_reversal,long,1.05,20,12,2,1,1,0,0.5,-238.25,-119.125,2,0,post-diagnostic VAP threshold sweep
1,chronological_train_dates=8_holdout_dates=7,train,false,2026-05-21;2026-05-22;2026-05-25;2026-05-26;2026-05-27;2026-05-29;2026-06-01;2026-06-03,liquidity_sweep_vap_absorption_threshold:direction=short:min_zone_ratio=1.05:min_zone_volume=20,liquidity_sweep_vap_absorption_reversal,short,1.05,20,12,0,0,0,0,0,0,0,0,0,post-diagnostic VAP threshold sweep
1,chronological_train_dates=8_holdout_dates=7,train,false,2026-05-21;2026-05-22;2026-05-25;2026-05-26;2026-05-27;2026-05-29;2026-06-01;2026-06-03,liquidity_sweep_vap_absorption_threshold:direction=all:min_zone_ratio=1.05:min_zone_volume=50,liquidity_sweep_vap_absorption_reversal,all,1.05,50,12,1,1,0,0,1,52.75,52.75,1,0,post-diagnostic VAP threshold sweep
1,chronological_train_dates=8_holdout_dates=7,train,false,2026-05-21;2026-05-22;2026-05-25;2026-05-26;2026-05-27;2026-05-29;2026-06-01;2026-06-03,liquidity_sweep_vap_absorption_threshold:direction=long:min_zone_ratio=1.05:min_zone_volume=50,liquidity_sweep_vap_absorption_reversal,long,1.05,50,12,1,1,0,0,1,52.75,52.75,1,0,post-diagnostic VAP threshold sweep
1,chronological_train_dates=8_holdout_dates=7,train,false,2026-05-21;2026-05-22;2026-05-25;2026-05-26;2026-05-27;2026-05-29;2026-06-01;2026-06-03,liquidity_sweep_vap_absorption_threshold:direction=short:min_zone_ratio=1.05:min_zone_volume=50,liquidity_sweep_vap_absorption_reversal,short,1.05,50,12,0,0,0,0,0,0,0,0,0,post-diagnostic VAP threshold sweep
1,chronological_train_dates=8_holdout_dates=7,train,false,2026-05-21;2026-05-22;2026-05-25;2026-05-26;2026-05-27;2026-05-29;2026-06-01;2026-06-03,liquidity_sweep_vap_absorption_threshold:direction=all:min_zone_ratio=1.05:min_zone_volume=100,liquidity_sweep_vap_absorption_reversal,all,1.05,100,12,1,1,0,0,1,52.75,52.75,1,0,post-diagnostic VAP threshold sweep
1,chronological_train_dates=8_holdout_dates=7,train,false,2026-05-21;2026-05-22;2026-05-25;2026-05-26;2026-05-27;2026-05-29;2026-06-01;2026-06-03,liquidity_sweep_vap_absorption_threshold:direction=long:min_zone_ratio=1.05:min_zone_volume=100,liquidity_sweep_vap_absorption_reversal,long,1.05,100,12,1,1,0,0,1,52.75,52.75,1,0,post-diagnostic VAP threshold sweep
1,chronological_train_dates=8_holdout_dates=7,train,false,2026-05-21;2026-05-22;2026-05-25;2026-05-26;2026-05-27;2026-05-29;2026-06-01;2026-06-03,liquidity_sweep_vap_absorption_threshold:direction=short:min_zone_ratio=1.05:min_zone_volume=100,liquidity_sweep_vap_absorption_reversal,short,1.05,100,12,0,0,0,0,0,0,0,0,0,post-diagnostic VAP threshold sweep
1,chronological_train_dates=8_holdout_dates=7,train,false,2026-05-21;2026-05-22;2026-05-25;2026-05-26;2026-05-27;2026-05-29;2026-06-01;2026-06-03,liquidity_sweep_vap_absorption_threshold:direction=all:min_zone_ratio=1.05:min_zone_volume=150,liquidity_sweep_vap_absorption_reversal,all,1.05,150,12,1,1,0,0,1,52.75,52.75,1,0,post-diagnostic VAP threshold sweep
1,chronological_train_dates=8_holdout_dates=7,train,false,2026-05-21;2026-05-22;2026-05-25;2026-05-26;2026-05-27;2026-05-29;2026-06-01;2026-06-03,liquidity_sweep_vap_absorption_threshold:direction=long:min_zone_ratio=1.05:min_zone_volume=150,liquidity_sweep_vap_absorption_reversal,long,1.05,150,12,1,1,0,0,1,52.75,52.75,1,0,post-diagnostic VAP threshold sweep
1,chronological_train_dates=8_holdout_dates=7,train,false,2026-05-21;2026-05-22;2026-05-25;2026-05-26;2026-05-27;2026-05-29;2026-06-01;2026-06-03,liquidity_sweep_vap_absorption_threshold:direction=short:min_zone_ratio=1.05:min_zone_volume=150,liquidity_sweep_vap_absorption_reversal,short,1.05,150,12,0,0,0,0,0,0,0,0,0,post-diagnostic VAP threshold sweep
1,chronological_train_dates=8_holdout_dates=7,train,false,2026-05-21;2026-05-22;2026-05-25;2026-05-26;2026-05-27;2026-05-29;2026-06-01;2026-06-03,liquidity_sweep_vap_absorption_threshold:direction=all:min_zone_ratio=1.05:min_zone_volume=200,liquidity_sweep_vap_absorption_reversal,all,1.05,200,12,0,0,0,0,0,0,0,0,0,post-diagnostic VAP threshold sweep
1,chronological_train_dates=8_holdout_dates=7,train,false,2026-05-21;2026-05-22;2026-05-25;2026-05-26;2026-05-27;2026-05-29;2026-06-01;2026-06-03,liquidity_sweep_vap_absorption_threshold:direction=long:min_zone_ratio=1.05:min_zone_volume=200,liquidity_sweep_vap_absorption_reversal,long,1.05,200,12,0,0,0,0,0,0,0,0,0,post-diagnostic VAP threshold sweep
1,chronological_train_dates=8_holdout_dates=7,train,false,2026-05-21;2026-05-22;2026-05-25;2026-05-26;2026-05-27;2026-05-29;2026-06-01;2026-06-03,liquidity_sweep_vap_absorption_threshold:direction=short:min_zone_ratio=1.05:min_zone_volume=200,liquidity_sweep_vap_absorption_reversal,short,1.05,200,12,0,0,0,0,0,0,0,0,0,post-diagnostic VAP threshold sweep
1,chronological_train_dates=8_holdout_dates=7,train,false,2026-05-21;2026-05-22;2026-05-25;2026-05-26;2026-05-27;2026-05-29;2026-06-01;2026-06-03,liquidity_sweep_vap_absorption_threshold:direction=all:min_zone_ratio=1.05:min_zone_volume=300,liquidity_sweep_vap_absorption_reversal,all,1.05,300,12,0,0,0,0,0,0,0,0,0,post-diagnostic VAP threshold sweep
1,chronological_train_dates=8_holdout_dates=7,train,false,2026-05-21;2026-05-22;2026-05-25;2026-05-26;2026-05-27;2026-05-29;2026-06-01;2026-06-03,liquidity_sweep_vap_absorption_threshold:direction=long:min_zone_ratio=1.05:min_zone_volume=300,liquidity_sweep_vap_absorption_reversal,long,1.05,300,12,0,0,0,0,0,0,0,0,0,post-diagnostic VAP threshold sweep
1,chronological_train_dates=8_holdout_dates=7,train,false,2026-05-21;2026-05-22;2026-05-25;2026-05-26;2026-05-27;2026-05-29;2026-06-01;2026-06-03,liquidity_sweep_vap_absorption_threshold:direction=short:min_zone_ratio=1.05:min_zone_volume=300,liquidity_sweep_vap_absorption_reversal,short,1.05,300,12,0,0,0,0,0,0,0,0,0,post-diagnostic VAP threshold sweep
1,chronological_train_dates=8_holdout_dates=7,train,false,2026-05-21;2026-05-22;2026-05-25;2026-05-26;2026-05-27;2026-05-29;2026-06-01;2026-06-03,liquidity_sweep_vap_absorption_threshold:direction=all:min_zone_ratio=1.05:min_zone_volume=500,liquidity_sweep_vap_absorption_reversal,all,1.05,500,12,0,0,0,0,0,0,0,0,0,post-diagnostic VAP threshold sweep
1,chronological_train_dates=8_holdout_dates=7,train,false,2026-05-21;2026-05-22;2026-05-25;2026-05-26;2026-05-27;2026-05-29;2026-06-01;2026-06-03,liquidity_sweep_vap_absorption_threshold:direction=long:min_zone_ratio=1.05:min_zone_volume=500,liquidity_sweep_vap_absorption_reversal,long,1.05,500,12,0,0,0,0,0,0,0,0,0,post-diagnostic VAP threshold sweep
1,chronological_train_dates=8_holdout_dates=7,train,false,2026-05-21;2026-05-22;2026-05-25;2026-05-26;2026-05-27;2026-05-29;2026-06-01;2026-06-03,liquidity_sweep_vap_absorption_threshold:direction=short:min_zone_ratio=1.05:min_zone_volume=500,liquidity_sweep_vap_absorption_reversal,short,1.05,500,12,0,0,0,0,0,0,0,0,0,post-diagnostic VAP threshold sweep
1,chronological_train_dates=8_holdout_dates=7,train,false,2026-05-21;2026-05-22;2026-05-25;2026-05-26;2026-05-27;2026-05-29;2026-06-01;2026-06-03,liquidity_sweep_vap_absorption_threshold:direction=all:min_zone_ratio=1.05:min_zone_volume=750,liquidity_sweep_vap_absorption_reversal,all,1.05,750,12,0,0,0,0,0,0,0,0,0,post-diagnostic VAP threshold sweep
1,chronological_train_dates=8_holdout_dates=7,train,false,2026-05-21;2026-05-22;2026-05-25;2026-05-26;2026-05-27;2026-05-29;2026-06-01;2026-06-03,liquidity_sweep_vap_absorption_threshold:direction=long:min_zone_ratio=1.05:min_zone_volume=750,liquidity_sweep_vap_absorption_reversal,long,1.05,750,12,0,0,0,0,0,0,0,0,0,post-diagnostic VAP threshold sweep
1,chronological_train_dates=8_holdout_dates=7,train,false,2026-05-21;2026-05-22;2026-05-25;2026-05-26;2026-05-27;2026-05-29;2026-06-01;2026-06-03,liquidity_sweep_vap_absorption_threshold:direction=short:min_zone_ratio=1.05:min_zone_volume=750,liquidity_sweep_vap_absorption_reversal,short,1.05,750,12,0,0,0,0,0,0,0,0,0,post-diagnostic VAP threshold sweep
1,chronological_train_dates=8_holdout_dates=7,train,false,2026-05-21;2026-05-22;2026-05-25;2026-05-26;2026-05-27;2026-05-29;2026-06-01;2026-06-03,liquidity_sweep_vap_absorption_threshold:direction=all:min_zone_ratio=1.05:min_zone_volume=1000,liquidity_sweep_vap_absorption_reversal,all,1.05,1000,12,0,0,0,0,0,0,0,0,0,post-diagnostic VAP threshold sweep
1,chronological_train_dates=8_holdout_dates=7,train,false,2026-05-21;2026-05-22;2026-05-25;2026-05-26;2026-05-27;2026-05-29;2026-06-01;2026-06-03,liquidity_sweep_vap_absorption_threshold:direction=long:min_zone_ratio=1.05:min_zone_volume=1000,liquidity_sweep_vap_absorption_reversal,long,1.05,1000,12,0,0,0,0,0,0,0,0,0,post-diagnostic VAP threshold sweep
1,chronological_train_dates=8_holdout_dates=7,train,false,2026-05-21;2026-05-22;2026-05-25;2026-05-26;2026-05-27;2026-05-29;2026-06-01;2026-06-03,liquidity_sweep_vap_absorption_threshold:direction=short:min_zone_ratio=1.05:min_zone_volume=1000,liquidity_sweep_vap_absorption_reversal,short,1.05,1000,12,0,0,0,0,0,0,0,0,0,post-diagnostic VAP threshold sweep
1,chronological_train_dates=8_holdout_dates=7,train,false,2026-05-21;2026-05-22;2026-05-25;2026-05-26;2026-05-27;2026-05-29;2026-06-01;2026-06-03,liquidity_sweep_vap_absorption_threshold:direction=all:min_zone_ratio=1.1:min_zone_volume=0,liquidity_sweep_vap_absorption_reversal,all,1.1,0,12,12,7,5,0,0.58333333,1283,106.91666667,7,5,post-diagnostic VAP threshold sweep
1,chronological_train_dates=8_holdout_dates=7,train,false,2026-05-21;2026-05-22;2026-05-25;2026-05-26;2026-05-27;2026-05-29;2026-06-01;2026-06-03,liquidity_sweep_vap_absorption_threshold:direction=long:min_zone_ratio=1.1:min_zone_volume=0,liquidity_sweep_vap_absorption_reversal,long,1.1,0,12,7,4,3,0,0.57142857,831.75,118.82142857,7,0,post-diagnostic VAP threshold sweep
1,chronological_train_dates=8_holdout_dates=7,train,false,2026-05-21;2026-05-22;2026-05-25;2026-05-26;2026-05-27;2026-05-29;2026-06-01;2026-06-03,liquidity_sweep_vap_absorption_threshold:direction=short:min_zone_ratio=1.1:min_zone_volume=0,liquidity_sweep_vap_absorption_reversal,short,1.1,0,12,5,3,2,0,0.6,451.25,90.25,0,5,post-diagnostic VAP threshold sweep
1,chronological_train_dates=8_holdout_dates=7,train,false,2026-05-21;2026-05-22;2026-05-25;2026-05-26;2026-05-27;2026-05-29;2026-06-01;2026-06-03,liquidity_sweep_vap_absorption_threshold:direction=all:min_zone_ratio=1.1:min_zone_volume=5,liquidity_sweep_vap_absorption_reversal,all,1.1,5,12,5,2,3,0,0.4,-117.5,-23.5,4,1,post-diagnostic VAP threshold sweep
1,chronological_train_dates=8_holdout_dates=7,train,false,2026-05-21;2026-05-22;2026-05-25;2026-05-26;2026-05-27;2026-05-29;2026-06-01;2026-06-03,liquidity_sweep_vap_absorption_threshold:direction=long:min_zone_ratio=1.1:min_zone_volume=5,liquidity_sweep_vap_absorption_reversal,long,1.1,5,12,4,2,2,0,0.5,123.5,30.875,4,0,post-diagnostic VAP threshold sweep
1,chronological_train_dates=8_holdout_dates=7,train,false,2026-05-21;2026-05-22;2026-05-25;2026-05-26;2026-05-27;2026-05-29;2026-06-01;2026-06-03,liquidity_sweep_vap_absorption_threshold:direction=short:min_zone_ratio=1.1:min_zone_volume=5,liquidity_sweep_vap_absorption_reversal,short,1.1,5,12,1,0,1,0,0,-241,-241,0,1,post-diagnostic VAP threshold sweep
1,chronological_train_dates=8_holdout_dates=7,train,false,2026-05-21;2026-05-22;2026-05-25;2026-05-26;2026-05-27;2026-05-29;2026-06-01;2026-06-03,liquidity_sweep_vap_absorption_threshold:direction=all:min_zone_ratio=1.1:min_zone_volume=10,liquidity_sweep_vap_absorption_reversal,all,1.1,10,12,3,2,1,0,0.66666667,314.5,104.83333333,3,0,post-diagnostic VAP threshold sweep
1,chronological_train_dates=8_holdout_dates=7,train,false,2026-05-21;2026-05-22;2026-05-25;2026-05-26;2026-05-27;2026-05-29;2026-06-01;2026-06-03,liquidity_sweep_vap_absorption_threshold:direction=long:min_zone_ratio=1.1:min_zone_volume=10,liquidity_sweep_vap_absorption_reversal,long,1.1,10,12,3,2,1,0,0.66666667,314.5,104.83333333,3,0,post-diagnostic VAP threshold sweep
1,chronological_train_dates=8_holdout_dates=7,train,false,2026-05-21;2026-05-22;2026-05-25;2026-05-26;2026-05-27;2026-05-29;2026-06-01;2026-06-03,liquidity_sweep_vap_absorption_threshold:direction=short:min_zone_ratio=1.1:min_zone_volume=10,liquidity_sweep_vap_absorption_reversal,short,1.1,10,12,0,0,0,0,0,0,0,0,0,post-diagnostic VAP threshold sweep
1,chronological_train_dates=8_holdout_dates=7,train,false,2026-05-21;2026-05-22;2026-05-25;2026-05-26;2026-05-27;2026-05-29;2026-06-01;2026-06-03,liquidity_sweep_vap_absorption_threshold:direction=all:min_zone_ratio=1.1:min_zone_volume=20,liquidity_sweep_vap_absorption_reversal,all,1.1,20,12,2,1,1,0,0.5,-238.25,-119.125,2,0,post-diagnostic VAP threshold sweep
1,chronological_train_dates=8_holdout_dates=7,train,false,2026-05-21;2026-05-22;2026-05-25;2026-05-26;2026-05-27;2026-05-29;2026-06-01;2026-06-03,liquidity_sweep_vap_absorption_threshold:direction=long:min_zone_ratio=1.1:min_zone_volume=20,liquidity_sweep_vap_absorption_reversal,long,1.1,20,12,2,1,1,0,0.5,-238.25,-119.125,2,0,post-diagnostic VAP threshold sweep
1,chronological_train_dates=8_holdout_dates=7,train,false,2026-05-21;2026-05-22;2026-05-25;2026-05-26;2026-05-27;2026-05-29;2026-06-01;2026-06-03,liquidity_sweep_vap_absorption_threshold:direction=short:min_zone_ratio=1.1:min_zone_volume=20,liquidity_sweep_vap_absorption_reversal,short,1.1,20,12,0,0,0,0,0,0,0,0,0,post-diagnostic VAP threshold sweep
1,chronological_train_dates=8_holdout_dates=7,train,false,2026-05-21;2026-05-22;2026-05-25;2026-05-26;2026-05-27;2026-05-29;2026-06-01;2026-06-03,liquidity_sweep_vap_absorption_threshold:direction=all:min_zone_ratio=1.1:min_zone_volume=50,liquidity_sweep_vap_absorption_reversal,all,1.1,50,12,1,1,0,0,1,52.75,52.75,1,0,post-diagnostic VAP threshold sweep
1,chronological_train_dates=8_holdout_dates=7,train,false,2026-05-21;2026-05-22;2026-05-25;2026-05-26;2026-05-27;2026-05-29;2026-06-01;2026-06-03,liquidity_sweep_vap_absorption_threshold:direction=long:min_zone_ratio=1.1:min_zone_volume=50,liquidity_sweep_vap_absorption_reversal,long,1.1,50,12,1,1,0,0,1,52.75,52.75,1,0,post-diagnostic VAP threshold sweep
1,chronological_train_dates=8_holdout_dates=7,train,false,2026-05-21;2026-05-22;2026-05-25;2026-05-26;2026-05-27;2026-05-29;2026-06-01;2026-06-03,liquidity_sweep_vap_absorption_threshold:direction=short:min_zone_ratio=1.1:min_zone_volume=50,liquidity_sweep_vap_absorption_reversal,short,1.1,50,12,0,0,0,0,0,0,0,0,0,post-diagnostic VAP threshold sweep
1,chronological_train_dates=8_holdout_dates=7,train,false,2026-05-21;2026-05-22;2026-05-25;2026-05-26;2026-05-27;2026-05-29;2026-06-01;2026-06-03,liquidity_sweep_vap_absorption_threshold:direction=all:min_zone_ratio=1.1:min_zone_volume=100,liquidity_sweep_vap_absorption_reversal,all,1.1,100,12,1,1,0,0,1,52.75,52.75,1,0,post-diagnostic VAP threshold sweep
1,chronological_train_dates=8_holdout_dates=7,train,false,2026-05-21;2026-05-22;2026-05-25;2026-05-26;2026-05-27;2026-05-29;2026-06-01;2026-06-03,liquidity_sweep_vap_absorption_threshold:direction=long:min_zone_ratio=1.1:min_zone_volume=100,liquidity_sweep_vap_absorption_reversal,long,1.1,100,12,1,1,0,0,1,52.75,52.75,1,0,post-diagnostic VAP threshold sweep
1,chronological_train_dates=8_holdout_dates=7,train,false,2026-05-21;2026-05-22;2026-05-25;2026-05-26;2026-05-27;2026-05-29;2026-06-01;2026-06-03,liquidity_sweep_vap_absorption_threshold:direction=short:min_zone_ratio=1.1:min_zone_volume=100,liquidity_sweep_vap_absorption_reversal,short,1.1,100,12,0,0,0,0,0,0,0,0,0,post-diagnostic VAP threshold sweep
1,chronological_train_dates=8_holdout_dates=7,train,false,2026-05-21;2026-05-22;2026-05-25;2026-05-26;2026-05-27;2026-05-29;2026-06-01;2026-06-03,liquidity_sweep_vap_absorption_threshold:direction=all:min_zone_ratio=1.1:min_zone_volume=150,liquidity_sweep_vap_absorption_reversal,all,1.1,150,12,1,1,0,0,1,52.75,52.75,1,0,post-diagnostic VAP threshold sweep
1,chronological_train_dates=8_holdout_dates=7,train,false,2026-05-21;2026-05-22;2026-05-25;2026-05-26;2026-05-27;2026-05-29;2026-06-01;2026-06-03,liquidity_sweep_vap_absorption_threshold:direction=long:min_zone_ratio=1.1:min_zone_volume=150,liquidity_sweep_vap_absorption_reversal,long,1.1,150,12,1,1,0,0,1,52.75,52.75,1,0,post-diagnostic VAP threshold sweep
1,chronological_train_dates=8_holdout_dates=7,train,false,2026-05-21;2026-05-22;2026-05-25;2026-05-26;2026-05-27;2026-05-29;2026-06-01;2026-06-03,liquidity_sweep_vap_absorption_threshold:direction=short:min_zone_ratio=1.1:min_zone_volume=150,liquidity_sweep_vap_absorption_reversal,short,1.1,150,12,0,0,0,0,0,0,0,0,0,post-diagnostic VAP threshold sweep
1,chronological_train_dates=8_holdout_dates=7,train,false,2026-05-21;2026-05-22;2026-05-25;2026-05-26;2026-05-27;2026-05-29;2026-06-01;2026-06-03,liquidity_sweep_vap_absorption_threshold:direction=all:min_zone_ratio=1.1:min_zone_volume=200,liquidity_sweep_vap_absorption_reversal,all,1.1,200,12,0,0,0,0,0,0,0,0,0,post-diagnostic VAP threshold sweep
1,chronological_train_dates=8_holdout_dates=7,train,false,2026-05-21;2026-05-22;2026-05-25;2026-05-26;2026-05-27;2026-05-29;2026-06-01;2026-06-03,liquidity_sweep_vap_absorption_threshold:direction=long:min_zone_ratio=1.1:min_zone_volume=200,liquidity_sweep_vap_absorption_reversal,long,1.1,200,12,0,0,0,0,0,0,0,0,0,post-diagnostic VAP threshold sweep
1,chronological_train_dates=8_holdout_dates=7,train,false,2026-05-21;2026-05-22;2026-05-25;2026-05-26;2026-05-27;2026-05-29;2026-06-01;2026-06-03,liquidity_sweep_vap_absorption_threshold:direction=short:min_zone_ratio=1.1:min_zone_volume=200,liquidity_sweep_vap_absorption_reversal,short,1.1,200,12,0,0,0,0,0,0,0,0,0,post-diagnostic VAP threshold sweep
1,chronological_train_dates=8_holdout_dates=7,train,false,2026-05-21;2026-05-22;2026-05-25;2026-05-26;2026-05-27;2026-05-29;2026-06-01;2026-06-03,liquidity_sweep_vap_absorption_threshold:direction=all:min_zone_ratio=1.1:min_zone_volume=300,liquidity_sweep_vap_absorption_reversal,all,1.1,300,12,0,0,0,0,0,0,0,0,0,post-diagnostic VAP threshold sweep
1,chronological_train_dates=8_holdout_dates=7,train,false,2026-05-21;2026-05-22;2026-05-25;2026-05-26;2026-05-27;2026-05-29;2026-06-01;2026-06-03,liquidity_sweep_vap_absorption_threshold:direction=long:min_zone_ratio=1.1:min_zone_volume=300,liquidity_sweep_vap_absorption_reversal,long,1.1,300,12,0,0,0,0,0,0,0,0,0,post-diagnostic VAP threshold sweep
1,chronological_train_dates=8_holdout_dates=7,train,false,2026-05-21;2026-05-22;2026-05-25;2026-05-26;2026-05-27;2026-05-29;2026-06-01;2026-06-03,liquidity_sweep_vap_absorption_threshold:direction=short:min_zone_ratio=1.1:min_zone_volume=300,liquidity_sweep_vap_absorption_reversal,short,1.1,300,12,0,0,0,0,0,0,0,0,0,post-diagnostic VAP threshold sweep
1,chronological_train_dates=8_holdout_dates=7,train,false,2026-05-21;2026-05-22;2026-05-25;2026-05-26;2026-05-27;2026-05-29;2026-06-01;2026-06-03,liquidity_sweep_vap_absorption_threshold:direction=all:min_zone_ratio=1.1:min_zone_volume=500,liquidity_sweep_vap_absorption_reversal,all,1.1,500,12,0,0,0,0,0,0,0,0,0,post-diagnostic VAP threshold sweep
1,chronological_train_dates=8_holdout_dates=7,train,false,2026-05-21;2026-05-22;2026-05-25;2026-05-26;2026-05-27;2026-05-29;2026-06-01;2026-06-03,liquidity_sweep_vap_absorption_threshold:direction=long:min_zone_ratio=1.1:min_zone_volume=500,liquidity_sweep_vap_absorption_reversal,long,1.1,500,12,0,0,0,0,0,0,0,0,0,post-diagnostic VAP threshold sweep
1,chronological_train_dates=8_holdout_dates=7,train,false,2026-05-21;2026-05-22;2026-05-25;2026-05-26;2026-05-27;2026-05-29;2026-06-01;2026-06-03,liquidity_sweep_vap_absorption_threshold:direction=short:min_zone_ratio=1.1:min_zone_volume=500,liquidity_sweep_vap_absorption_reversal,short,1.1,500,12,0,0,0,0,0,0,0,0,0,post-diagnostic VAP threshold sweep
1,chronological_train_dates=8_holdout_dates=7,train,false,2026-05-21;2026-05-22;2026-05-25;2026-05-26;2026-05-27;2026-05-29;2026-06-01;2026-06-03,liquidity_sweep_vap_absorption_threshold:direction=all:min_zone_ratio=1.1:min_zone_volume=750,liquidity_sweep_vap_absorption_reversal,all,1.1,750,12,0,0,0,0,0,0,0,0,0,post-diagnostic VAP threshold sweep
1,chronological_train_dates=8_holdout_dates=7,train,false,2026-05-21;2026-05-22;2026-05-25;2026-05-26;2026-05-27;2026-05-29;2026-06-01;2026-06-03,liquidity_sweep_vap_absorption_threshold:direction=long:min_zone_ratio=1.1:min_zone_volume=750,liquidity_sweep_vap_absorption_reversal,long,1.1,750,12,0,0,0,0,0,0,0,0,0,post-diagnostic VAP threshold sweep
1,chronological_train_dates=8_holdout_dates=7,train,false,2026-05-21;2026-05-22;2026-05-25;2026-05-26;2026-05-27;2026-05-29;2026-06-01;2026-06-03,liquidity_sweep_vap_absorption_threshold:direction=short:min_zone_ratio=1.1:min_zone_volume=750,liquidity_sweep_vap_absorption_reversal,short,1.1,750,12,0,0,0,0,0,0,0,0,0,post-diagnostic VAP threshold sweep
1,chronological_train_dates=8_holdout_dates=7,train,false,2026-05-21;2026-05-22;2026-05-25;2026-05-26;2026-05-27;2026-05-29;2026-06-01;2026-06-03,liquidity_sweep_vap_absorption_threshold:direction=all:min_zone_ratio=1.1:min_zone_volume=1000,liquidity_sweep_vap_absorption_reversal,all,1.1,1000,12,0,0,0,0,0,0,0,0,0,post-diagnostic VAP threshold sweep
1,chronological_train_dates=8_holdout_dates=7,train,false,2026-05-21;2026-05-22;2026-05-25;2026-05-26;2026-05-27;2026-05-29;2026-06-01;2026-06-03,liquidity_sweep_vap_absorption_threshold:direction=long:min_zone_ratio=1.1:min_zone_volume=1000,liquidity_sweep_vap_absorption_reversal,long,1.1,1000,12,0,0,0,0,0,0,0,0,0,post-diagnostic VAP threshold sweep
1,chronological_train_dates=8_holdout_dates=7,train,false,2026-05-21;2026-05-22;2026-05-25;2026-05-26;2026-05-27;2026-05-29;2026-06-01;2026-06-03,liquidity_sweep_vap_absorption_threshold:direction=short:min_zone_ratio=1.1:min_zone_volume=1000,liquidity_sweep_vap_absorption_reversal,short,1.1,1000,12,0,0,0,0,0,0,0,0,0,post-diagnostic VAP threshold sweep
1,chronological_train_dates=8_holdout_dates=7,train,false,2026-05-21;2026-05-22;2026-05-25;2026-05-26;2026-05-27;2026-05-29;2026-06-01;2026-06-03,liquidity_sweep_vap_absorption_threshold:direction=all:min_zone_ratio=1.25:min_zone_volume=0,liquidity_sweep_vap_absorption_reversal,all,1.25,0,12,12,7,5,0,0.58333333,1283,106.91666667,7,5,post-diagnostic VAP threshold sweep
1,chronological_train_dates=8_holdout_dates=7,train,false,2026-05-21;2026-05-22;2026-05-25;2026-05-26;2026-05-27;2026-05-29;2026-06-01;2026-06-03,liquidity_sweep_vap_absorption_threshold:direction=long:min_zone_ratio=1.25:min_zone_volume=0,liquidity_sweep_vap_absorption_reversal,long,1.25,0,12,7,4,3,0,0.57142857,831.75,118.82142857,7,0,post-diagnostic VAP threshold sweep
1,chronological_train_dates=8_holdout_dates=7,train,false,2026-05-21;2026-05-22;2026-05-25;2026-05-26;2026-05-27;2026-05-29;2026-06-01;2026-06-03,liquidity_sweep_vap_absorption_threshold:direction=short:min_zone_ratio=1.25:min_zone_volume=0,liquidity_sweep_vap_absorption_reversal,short,1.25,0,12,5,3,2,0,0.6,451.25,90.25,0,5,post-diagnostic VAP threshold sweep
1,chronological_train_dates=8_holdout_dates=7,train,false,2026-05-21;2026-05-22;2026-05-25;2026-05-26;2026-05-27;2026-05-29;2026-06-01;2026-06-03,liquidity_sweep_vap_absorption_threshold:direction=all:min_zone_ratio=1.25:min_zone_volume=5,liquidity_sweep_vap_absorption_reversal,all,1.25,5,12,5,2,3,0,0.4,-117.5,-23.5,4,1,post-diagnostic VAP threshold sweep
1,chronological_train_dates=8_holdout_dates=7,train,false,2026-05-21;2026-05-22;2026-05-25;2026-05-26;2026-05-27;2026-05-29;2026-06-01;2026-06-03,liquidity_sweep_vap_absorption_threshold:direction=long:min_zone_ratio=1.25:min_zone_volume=5,liquidity_sweep_vap_absorption_reversal,long,1.25,5,12,4,2,2,0,0.5,123.5,30.875,4,0,post-diagnostic VAP threshold sweep
1,chronological_train_dates=8_holdout_dates=7,train,false,2026-05-21;2026-05-22;2026-05-25;2026-05-26;2026-05-27;2026-05-29;2026-06-01;2026-06-03,liquidity_sweep_vap_absorption_threshold:direction=short:min_zone_ratio=1.25:min_zone_volume=5,liquidity_sweep_vap_absorption_reversal,short,1.25,5,12,1,0,1,0,0,-241,-241,0,1,post-diagnostic VAP threshold sweep
1,chronological_train_dates=8_holdout_dates=7,train,false,2026-05-21;2026-05-22;2026-05-25;2026-05-26;2026-05-27;2026-05-29;2026-06-01;2026-06-03,liquidity_sweep_vap_absorption_threshold:direction=all:min_zone_ratio=1.25:min_zone_volume=10,liquidity_sweep_vap_absorption_reversal,all,1.25,10,12,3,2,1,0,0.66666667,314.5,104.83333333,3,0,post-diagnostic VAP threshold sweep
1,chronological_train_dates=8_holdout_dates=7,train,false,2026-05-21;2026-05-22;2026-05-25;2026-05-26;2026-05-27;2026-05-29;2026-06-01;2026-06-03,liquidity_sweep_vap_absorption_threshold:direction=long:min_zone_ratio=1.25:min_zone_volume=10,liquidity_sweep_vap_absorption_reversal,long,1.25,10,12,3,2,1,0,0.66666667,314.5,104.83333333,3,0,post-diagnostic VAP threshold sweep
1,chronological_train_dates=8_holdout_dates=7,train,false,2026-05-21;2026-05-22;2026-05-25;2026-05-26;2026-05-27;2026-05-29;2026-06-01;2026-06-03,liquidity_sweep_vap_absorption_threshold:direction=short:min_zone_ratio=1.25:min_zone_volume=10,liquidity_sweep_vap_absorption_reversal,short,1.25,10,12,0,0,0,0,0,0,0,0,0,post-diagnostic VAP threshold sweep
1,chronological_train_dates=8_holdout_dates=7,train,false,2026-05-21;2026-05-22;2026-05-25;2026-05-26;2026-05-27;2026-05-29;2026-06-01;2026-06-03,liquidity_sweep_vap_absorption_threshold:direction=all:min_zone_ratio=1.25:min_zone_volume=20,liquidity_sweep_vap_absorption_reversal,all,1.25,20,12,2,1,1,0,0.5,-238.25,-119.125,2,0,post-diagnostic VAP threshold sweep
1,chronological_train_dates=8_holdout_dates=7,train,false,2026-05-21;2026-05-22;2026-05-25;2026-05-26;2026-05-27;2026-05-29;2026-06-01;2026-06-03,liquidity_sweep_vap_absorption_threshold:direction=long:min_zone_ratio=1.25:min_zone_volume=20,liquidity_sweep_vap_absorption_reversal,long,1.25,20,12,2,1,1,0,0.5,-238.25,-119.125,2,0,post-diagnostic VAP threshold sweep
1,chronological_train_dates=8_holdout_dates=7,train,false,2026-05-21;2026-05-22;2026-05-25;2026-05-26;2026-05-27;2026-05-29;2026-06-01;2026-06-03,liquidity_sweep_vap_absorption_threshold:direction=short:min_zone_ratio=1.25:min_zone_volume=20,liquidity_sweep_vap_absorption_reversal,short,1.25,20,12,0,0,0,0,0,0,0,0,0,post-diagnostic VAP threshold sweep
1,chronological_train_dates=8_holdout_dates=7,train,false,2026-05-21;2026-05-22;2026-05-25;2026-05-26;2026-05-27;2026-05-29;2026-06-01;2026-06-03,liquidity_sweep_vap_absorption_threshold:direction=all:min_zone_ratio=1.25:min_zone_volume=50,liquidity_sweep_vap_absorption_reversal,all,1.25,50,12,1,1,0,0,1,52.75,52.75,1,0,post-diagnostic VAP threshold sweep
1,chronological_train_dates=8_holdout_dates=7,train,false,2026-05-21;2026-05-22;2026-05-25;2026-05-26;2026-05-27;2026-05-29;2026-06-01;2026-06-03,liquidity_sweep_vap_absorption_threshold:direction=long:min_zone_ratio=1.25:min_zone_volume=50,liquidity_sweep_vap_absorption_reversal,long,1.25,50,12,1,1,0,0,1,52.75,52.75,1,0,post-diagnostic VAP threshold sweep
1,chronological_train_dates=8_holdout_dates=7,train,false,2026-05-21;2026-05-22;2026-05-25;2026-05-26;2026-05-27;2026-05-29;2026-06-01;2026-06-03,liquidity_sweep_vap_absorption_threshold:direction=short:min_zone_ratio=1.25:min_zone_volume=50,liquidity_sweep_vap_absorption_reversal,short,1.25,50,12,0,0,0,0,0,0,0,0,0,post-diagnostic VAP threshold sweep
1,chronological_train_dates=8_holdout_dates=7,train,false,2026-05-21;2026-05-22;2026-05-25;2026-05-26;2026-05-27;2026-05-29;2026-06-01;2026-06-03,liquidity_sweep_vap_absorption_threshold:direction=all:min_zone_ratio=1.25:min_zone_volume=100,liquidity_sweep_vap_absorption_reversal,all,1.25,100,12,1,1,0,0,1,52.75,52.75,1,0,post-diagnostic VAP threshold sweep
1,chronological_train_dates=8_holdout_dates=7,train,false,2026-05-21;2026-05-22;2026-05-25;2026-05-26;2026-05-27;2026-05-29;2026-06-01;2026-06-03,liquidity_sweep_vap_absorption_threshold:direction=long:min_zone_ratio=1.25:min_zone_volume=100,liquidity_sweep_vap_absorption_reversal,long,1.25,100,12,1,1,0,0,1,52.75,52.75,1,0,post-diagnostic VAP threshold sweep
1,chronological_train_dates=8_holdout_dates=7,train,false,2026-05-21;2026-05-22;2026-05-25;2026-05-26;2026-05-27;2026-05-29;2026-06-01;2026-06-03,liquidity_sweep_vap_absorption_threshold:direction=short:min_zone_ratio=1.25:min_zone_volume=100,liquidity_sweep_vap_absorption_reversal,short,1.25,100,12,0,0,0,0,0,0,0,0,0,post-diagnostic VAP threshold sweep
1,chronological_train_dates=8_holdout_dates=7,train,false,2026-05-21;2026-05-22;2026-05-25;2026-05-26;2026-05-27;2026-05-29;2026-06-01;2026-06-03,liquidity_sweep_vap_absorption_threshold:direction=all:min_zone_ratio=1.25:min_zone_volume=150,liquidity_sweep_vap_absorption_reversal,all,1.25,150,12,1,1,0,0,1,52.75,52.75,1,0,post-diagnostic VAP threshold sweep
1,chronological_train_dates=8_holdout_dates=7,train,false,2026-05-21;2026-05-22;2026-05-25;2026-05-26;2026-05-27;2026-05-29;2026-06-01;2026-06-03,liquidity_sweep_vap_absorption_threshold:direction=long:min_zone_ratio=1.25:min_zone_volume=150,liquidity_sweep_vap_absorption_reversal,long,1.25,150,12,1,1,0,0,1,52.75,52.75,1,0,post-diagnostic VAP threshold sweep
1,chronological_train_dates=8_holdout_dates=7,train,false,2026-05-21;2026-05-22;2026-05-25;2026-05-26;2026-05-27;2026-05-29;2026-06-01;2026-06-03,liquidity_sweep_vap_absorption_threshold:direction=short:min_zone_ratio=1.25:min_zone_volume=150,liquidity_sweep_vap_absorption_reversal,short,1.25,150,12,0,0,0,0,0,0,0,0,0,post-diagnostic VAP threshold sweep
1,chronological_train_dates=8_holdout_dates=7,train,false,2026-05-21;2026-05-22;2026-05-25;2026-05-26;2026-05-27;2026-05-29;2026-06-01;2026-06-03,liquidity_sweep_vap_absorption_threshold:direction=all:min_zone_ratio=1.25:min_zone_volume=200,liquidity_sweep_vap_absorption_reversal,all,1.25,200,12,0,0,0,0,0,0,0,0,0,post-diagnostic VAP threshold sweep
1,chronological_train_dates=8_holdout_dates=7,train,false,2026-05-21;2026-05-22;2026-05-25;2026-05-26;2026-05-27;2026-05-29;2026-06-01;2026-06-03,liquidity_sweep_vap_absorption_threshold:direction=long:min_zone_ratio=1.25:min_zone_volume=200,liquidity_sweep_vap_absorption_reversal,long,1.25,200,12,0,0,0,0,0,0,0,0,0,post-diagnostic VAP threshold sweep
1,chronological_train_dates=8_holdout_dates=7,train,false,2026-05-21;2026-05-22;2026-05-25;2026-05-26;2026-05-27;2026-05-29;2026-06-01;2026-06-03,liquidity_sweep_vap_absorption_threshold:direction=short:min_zone_ratio=1.25:min_zone_volume=200,liquidity_sweep_vap_absorption_reversal,short,1.25,200,12,0,0,0,0,0,0,0,0,0,post-diagnostic VAP threshold sweep
1,chronological_train_dates=8_holdout_dates=7,train,false,2026-05-21;2026-05-22;2026-05-25;2026-05-26;2026-05-27;2026-05-29;2026-06-01;2026-06-03,liquidity_sweep_vap_absorption_threshold:direction=all:min_zone_ratio=1.25:min_zone_volume=300,liquidity_sweep_vap_absorption_reversal,all,1.25,300,12,0,0,0,0,0,0,0,0,0,post-diagnostic VAP threshold sweep
1,chronological_train_dates=8_holdout_dates=7,train,false,2026-05-21;2026-05-22;2026-05-25;2026-05-26;2026-05-27;2026-05-29;2026-06-01;2026-06-03,liquidity_sweep_vap_absorption_threshold:direction=long:min_zone_ratio=1.25:min_zone_volume=300,liquidity_sweep_vap_absorption_reversal,long,1.25,300,12,0,0,0,0,0,0,0,0,0,post-diagnostic VAP threshold sweep
1,chronological_train_dates=8_holdout_dates=7,train,false,2026-05-21;2026-05-22;2026-05-25;2026-05-26;2026-05-27;2026-05-29;2026-06-01;2026-06-03,liquidity_sweep_vap_absorption_threshold:direction=short:min_zone_ratio=1.25:min_zone_volume=300,liquidity_sweep_vap_absorption_reversal,short,1.25,300,12,0,0,0,0,0,0,0,0,0,post-diagnostic VAP threshold sweep
1,chronological_train_dates=8_holdout_dates=7,train,false,2026-05-21;2026-05-22;2026-05-25;2026-05-26;2026-05-27;2026-05-29;2026-06-01;2026-06-03,liquidity_sweep_vap_absorption_threshold:direction=all:min_zone_ratio=1.25:min_zone_volume=500,liquidity_sweep_vap_absorption_reversal,all,1.25,500,12,0,0,0,0,0,0,0,0,0,post-diagnostic VAP threshold sweep
1,chronological_train_dates=8_holdout_dates=7,train,false,2026-05-21;2026-05-22;2026-05-25;2026-05-26;2026-05-27;2026-05-29;2026-06-01;2026-06-03,liquidity_sweep_vap_absorption_threshold:direction=long:min_zone_ratio=1.25:min_zone_volume=500,liquidity_sweep_vap_absorption_reversal,long,1.25,500,12,0,0,0,0,0,0,0,0,0,post-diagnostic VAP threshold sweep
1,chronological_train_dates=8_holdout_dates=7,train,false,2026-05-21;2026-05-22;2026-05-25;2026-05-26;2026-05-27;2026-05-29;2026-06-01;2026-06-03,liquidity_sweep_vap_absorption_threshold:direction=short:min_zone_ratio=1.25:min_zone_volume=500,liquidity_sweep_vap_absorption_reversal,short,1.25,500,12,0,0,0,0,0,0,0,0,0,post-diagnostic VAP threshold sweep
1,chronological_train_dates=8_holdout_dates=7,train,false,2026-05-21;2026-05-22;2026-05-25;2026-05-26;2026-05-27;2026-05-29;2026-06-01;2026-06-03,liquidity_sweep_vap_absorption_threshold:direction=all:min_zone_ratio=1.25:min_zone_volume=750,liquidity_sweep_vap_absorption_reversal,all,1.25,750,12,0,0,0,0,0,0,0,0,0,post-diagnostic VAP threshold sweep
1,chronological_train_dates=8_holdout_dates=7,train,false,2026-05-21;2026-05-22;2026-05-25;2026-05-26;2026-05-27;2026-05-29;2026-06-01;2026-06-03,liquidity_sweep_vap_absorption_threshold:direction=long:min_zone_ratio=1.25:min_zone_volume=750,liquidity_sweep_vap_absorption_reversal,long,1.25,750,12,0,0,0,0,0,0,0,0,0,post-diagnostic VAP threshold sweep
1,chronological_train_dates=8_holdout_dates=7,train,false,2026-05-21;2026-05-22;2026-05-25;2026-05-26;2026-05-27;2026-05-29;2026-06-01;2026-06-03,liquidity_sweep_vap_absorption_threshold:direction=short:min_zone_ratio=1.25:min_zone_volume=750,liquidity_sweep_vap_absorption_reversal,short,1.25,750,12,0,0,0,0,0,0,0,0,0,post-diagnostic VAP threshold sweep
1,chronological_train_dates=8_holdout_dates=7,train,false,2026-05-21;2026-05-22;2026-05-25;2026-05-26;2026-05-27;2026-05-29;2026-06-01;2026-06-03,liquidity_sweep_vap_absorption_threshold:direction=all:min_zone_ratio=1.25:min_zone_volume=1000,liquidity_sweep_vap_absorption_reversal,all,1.25,1000,12,0,0,0,0,0,0,0,0,0,post-diagnostic VAP threshold sweep
1,chronological_train_dates=8_holdout_dates=7,train,false,2026-05-21;2026-05-22;2026-05-25;2026-05-26;2026-05-27;2026-05-29;2026-06-01;2026-06-03,liquidity_sweep_vap_absorption_threshold:direction=long:min_zone_ratio=1.25:min_zone_volume=1000,liquidity_sweep_vap_absorption_reversal,long,1.25,1000,12,0,0,0,0,0,0,0,0,0,post-diagnostic VAP threshold sweep
1,chronological_train_dates=8_holdout_dates=7,train,false,2026-05-21;2026-05-22;2026-05-25;2026-05-26;2026-05-27;2026-05-29;2026-06-01;2026-06-03,liquidity_sweep_vap_absorption_threshold:direction=short:min_zone_ratio=1.25:min_zone_volume=1000,liquidity_sweep_vap_absorption_reversal,short,1.25,1000,12,0,0,0,0,0,0,0,0,0,post-diagnostic VAP threshold sweep
1,chronological_train_dates=8_holdout_dates=7,train,false,2026-05-21;2026-05-22;2026-05-25;2026-05-26;2026-05-27;2026-05-29;2026-06-01;2026-06-03,liquidity_sweep_vap_absorption_threshold:direction=all:min_zone_ratio=1.5:min_zone_volume=0,liquidity_sweep_vap_absorption_reversal,all,1.5,0,12,11,6,5,0,0.54545455,730.25,66.38636364,6,5,post-diagnostic VAP threshold sweep
1,chronological_train_dates=8_holdout_dates=7,train,false,2026-05-21;2026-05-22;2026-05-25;2026-05-26;2026-05-27;2026-05-29;2026-06-01;2026-06-03,liquidity_sweep_vap_absorption_threshold:direction=long:min_zone_ratio=1.5:min_zone_volume=0,liquidity_sweep_vap_absorption_reversal,long,1.5,0,12,6,3,3,0,0.5,279,46.5,6,0,post-diagnostic VAP threshold sweep
1,chronological_train_dates=8_holdout_dates=7,train,false,2026-05-21;2026-05-22;2026-05-25;2026-05-26;2026-05-27;2026-05-29;2026-06-01;2026-06-03,liquidity_sweep_vap_absorption_threshold:direction=short:min_zone_ratio=1.5:min_zone_volume=0,liquidity_sweep_vap_absorption_reversal,short,1.5,0,12,5,3,2,0,0.6,451.25,90.25,0,5,post-diagnostic VAP threshold sweep
1,chronological_train_dates=8_holdout_dates=7,train,false,2026-05-21;2026-05-22;2026-05-25;2026-05-26;2026-05-27;2026-05-29;2026-06-01;2026-06-03,liquidity_sweep_vap_absorption_threshold:direction=all:min_zone_ratio=1.5:min_zone_volume=5,liquidity_sweep_vap_absorption_reversal,all,1.5,5,12,4,1,3,0,0.25,-670.25,-167.5625,3,1,post-diagnostic VAP threshold sweep
1,chronological_train_dates=8_holdout_dates=7,train,false,2026-05-21;2026-05-22;2026-05-25;2026-05-26;2026-05-27;2026-05-29;2026-06-01;2026-06-03,liquidity_sweep_vap_absorption_threshold:direction=long:min_zone_ratio=1.5:min_zone_volume=5,liquidity_sweep_vap_absorption_reversal,long,1.5,5,12,3,1,2,0,0.33333333,-429.25,-143.08333333,3,0,post-diagnostic VAP threshold sweep
1,chronological_train_dates=8_holdout_dates=7,train,false,2026-05-21;2026-05-22;2026-05-25;2026-05-26;2026-05-27;2026-05-29;2026-06-01;2026-06-03,liquidity_sweep_vap_absorption_threshold:direction=short:min_zone_ratio=1.5:min_zone_volume=5,liquidity_sweep_vap_absorption_reversal,short,1.5,5,12,1,0,1,0,0,-241,-241,0,1,post-diagnostic VAP threshold sweep
1,chronological_train_dates=8_holdout_dates=7,train,false,2026-05-21;2026-05-22;2026-05-25;2026-05-26;2026-05-27;2026-05-29;2026-06-01;2026-06-03,liquidity_sweep_vap_absorption_threshold:direction=all:min_zone_ratio=1.5:min_zone_volume=10,liquidity_sweep_vap_absorption_reversal,all,1.5,10,12,2,1,1,0,0.5,-238.25,-119.125,2,0,post-diagnostic VAP threshold sweep
1,chronological_train_dates=8_holdout_dates=7,train,false,2026-05-21;2026-05-22;2026-05-25;2026-05-26;2026-05-27;2026-05-29;2026-06-01;2026-06-03,liquidity_sweep_vap_absorption_threshold:direction=long:min_zone_ratio=1.5:min_zone_volume=10,liquidity_sweep_vap_absorption_reversal,long,1.5,10,12,2,1,1,0,0.5,-238.25,-119.125,2,0,post-diagnostic VAP threshold sweep
1,chronological_train_dates=8_holdout_dates=7,train,false,2026-05-21;2026-05-22;2026-05-25;2026-05-26;2026-05-27;2026-05-29;2026-06-01;2026-06-03,liquidity_sweep_vap_absorption_threshold:direction=short:min_zone_ratio=1.5:min_zone_volume=10,liquidity_sweep_vap_absorption_reversal,short,1.5,10,12,0,0,0,0,0,0,0,0,0,post-diagnostic VAP threshold sweep
1,chronological_train_dates=8_holdout_dates=7,train,false,2026-05-21;2026-05-22;2026-05-25;2026-05-26;2026-05-27;2026-05-29;2026-06-01;2026-06-03,liquidity_sweep_vap_absorption_threshold:direction=all:min_zone_ratio=1.5:min_zone_volume=20,liquidity_sweep_vap_absorption_reversal,all,1.5,20,12,2,1,1,0,0.5,-238.25,-119.125,2,0,post-diagnostic VAP threshold sweep
1,chronological_train_dates=8_holdout_dates=7,train,false,2026-05-21;2026-05-22;2026-05-25;2026-05-26;2026-05-27;2026-05-29;2026-06-01;2026-06-03,liquidity_sweep_vap_absorption_threshold:direction=long:min_zone_ratio=1.5:min_zone_volume=20,liquidity_sweep_vap_absorption_reversal,long,1.5,20,12,2,1,1,0,0.5,-238.25,-119.125,2,0,post-diagnostic VAP threshold sweep
1,chronological_train_dates=8_holdout_dates=7,train,false,2026-05-21;2026-05-22;2026-05-25;2026-05-26;2026-05-27;2026-05-29;2026-06-01;2026-06-03,liquidity_sweep_vap_absorption_threshold:direction=short:min_zone_ratio=1.5:min_zone_volume=20,liquidity_sweep_vap_absorption_reversal,short,1.5,20,12,0,0,0,0,0,0,0,0,0,post-diagnostic VAP threshold sweep
1,chronological_train_dates=8_holdout_dates=7,train,false,2026-05-21;2026-05-22;2026-05-25;2026-05-26;2026-05-27;2026-05-29;2026-06-01;2026-06-03,liquidity_sweep_vap_absorption_threshold:direction=all:min_zone_ratio=1.5:min_zone_volume=50,liquidity_sweep_vap_absorption_reversal,all,1.5,50,12,1,1,0,0,1,52.75,52.75,1,0,post-diagnostic VAP threshold sweep
1,chronological_train_dates=8_holdout_dates=7,train,false,2026-05-21;2026-05-22;2026-05-25;2026-05-26;2026-05-27;2026-05-29;2026-06-01;2026-06-03,liquidity_sweep_vap_absorption_threshold:direction=long:min_zone_ratio=1.5:min_zone_volume=50,liquidity_sweep_vap_absorption_reversal,long,1.5,50,12,1,1,0,0,1,52.75,52.75,1,0,post-diagnostic VAP threshold sweep
1,chronological_train_dates=8_holdout_dates=7,train,false,2026-05-21;2026-05-22;2026-05-25;2026-05-26;2026-05-27;2026-05-29;2026-06-01;2026-06-03,liquidity_sweep_vap_absorption_threshold:direction=short:min_zone_ratio=1.5:min_zone_volume=50,liquidity_sweep_vap_absorption_reversal,short,1.5,50,12,0,0,0,0,0,0,0,0,0,post-diagnostic VAP threshold sweep
1,chronological_train_dates=8_holdout_dates=7,train,false,2026-05-21;2026-05-22;2026-05-25;2026-05-26;2026-05-27;2026-05-29;2026-06-01;2026-06-03,liquidity_sweep_vap_absorption_threshold:direction=all:min_zone_ratio=1.5:min_zone_volume=100,liquidity_sweep_vap_absorption_reversal,all,1.5,100,12,1,1,0,0,1,52.75,52.75,1,0,post-diagnostic VAP threshold sweep
1,chronological_train_dates=8_holdout_dates=7,train,false,2026-05-21;2026-05-22;2026-05-25;2026-05-26;2026-05-27;2026-05-29;2026-06-01;2026-06-03,liquidity_sweep_vap_absorption_threshold:direction=long:min_zone_ratio=1.5:min_zone_volume=100,liquidity_sweep_vap_absorption_reversal,long,1.5,100,12,1,1,0,0,1,52.75,52.75,1,0,post-diagnostic VAP threshold sweep
1,chronological_train_dates=8_holdout_dates=7,train,false,2026-05-21;2026-05-22;2026-05-25;2026-05-26;2026-05-27;2026-05-29;2026-06-01;2026-06-03,liquidity_sweep_vap_absorption_threshold:direction=short:min_zone_ratio=1.5:min_zone_volume=100,liquidity_sweep_vap_absorption_reversal,short,1.5,100,12,0,0,0,0,0,0,0,0,0,post-diagnostic VAP threshold sweep
1,chronological_train_dates=8_holdout_dates=7,train,false,2026-05-21;2026-05-22;2026-05-25;2026-05-26;2026-05-27;2026-05-29;2026-06-01;2026-06-03,liquidity_sweep_vap_absorption_threshold:direction=all:min_zone_ratio=1.5:min_zone_volume=150,liquidity_sweep_vap_absorption_reversal,all,1.5,150,12,1,1,0,0,1,52.75,52.75,1,0,post-diagnostic VAP threshold sweep
1,chronological_train_dates=8_holdout_dates=7,train,false,2026-05-21;2026-05-22;2026-05-25;2026-05-26;2026-05-27;2026-05-29;2026-06-01;2026-06-03,liquidity_sweep_vap_absorption_threshold:direction=long:min_zone_ratio=1.5:min_zone_volume=150,liquidity_sweep_vap_absorption_reversal,long,1.5,150,12,1,1,0,0,1,52.75,52.75,1,0,post-diagnostic VAP threshold sweep
1,chronological_train_dates=8_holdout_dates=7,train,false,2026-05-21;2026-05-22;2026-05-25;2026-05-26;2026-05-27;2026-05-29;2026-06-01;2026-06-03,liquidity_sweep_vap_absorption_threshold:direction=short:min_zone_ratio=1.5:min_zone_volume=150,liquidity_sweep_vap_absorption_reversal,short,1.5,150,12,0,0,0,0,0,0,0,0,0,post-diagnostic VAP threshold sweep
1,chronological_train_dates=8_holdout_dates=7,train,false,2026-05-21;2026-05-22;2026-05-25;2026-05-26;2026-05-27;2026-05-29;2026-06-01;2026-06-03,liquidity_sweep_vap_absorption_threshold:direction=all:min_zone_ratio=1.5:min_zone_volume=200,liquidity_sweep_vap_absorption_reversal,all,1.5,200,12,0,0,0,0,0,0,0,0,0,post-diagnostic VAP threshold sweep
1,chronological_train_dates=8_holdout_dates=7,train,false,2026-05-21;2026-05-22;2026-05-25;2026-05-26;2026-05-27;2026-05-29;2026-06-01;2026-06-03,liquidity_sweep_vap_absorption_threshold:direction=long:min_zone_ratio=1.5:min_zone_volume=200,liquidity_sweep_vap_absorption_reversal,long,1.5,200,12,0,0,0,0,0,0,0,0,0,post-diagnostic VAP threshold sweep
1,chronological_train_dates=8_holdout_dates=7,train,false,2026-05-21;2026-05-22;2026-05-25;2026-05-26;2026-05-27;2026-05-29;2026-06-01;2026-06-03,liquidity_sweep_vap_absorption_threshold:direction=short:min_zone_ratio=1.5:min_zone_volume=200,liquidity_sweep_vap_absorption_reversal,short,1.5,200,12,0,0,0,0,0,0,0,0,0,post-diagnostic VAP threshold sweep
1,chronological_train_dates=8_holdout_dates=7,train,false,2026-05-21;2026-05-22;2026-05-25;2026-05-26;2026-05-27;2026-05-29;2026-06-01;2026-06-03,liquidity_sweep_vap_absorption_threshold:direction=all:min_zone_ratio=1.5:min_zone_volume=300,liquidity_sweep_vap_absorption_reversal,all,1.5,300,12,0,0,0,0,0,0,0,0,0,post-diagnostic VAP threshold sweep
1,chronological_train_dates=8_holdout_dates=7,train,false,2026-05-21;2026-05-22;2026-05-25;2026-05-26;2026-05-27;2026-05-29;2026-06-01;2026-06-03,liquidity_sweep_vap_absorption_threshold:direction=long:min_zone_ratio=1.5:min_zone_volume=300,liquidity_sweep_vap_absorption_reversal,long,1.5,300,12,0,0,0,0,0,0,0,0,0,post-diagnostic VAP threshold sweep
1,chronological_train_dates=8_holdout_dates=7,train,false,2026-05-21;2026-05-22;2026-05-25;2026-05-26;2026-05-27;2026-05-29;2026-06-01;2026-06-03,liquidity_sweep_vap_absorption_threshold:direction=short:min_zone_ratio=1.5:min_zone_volume=300,liquidity_sweep_vap_absorption_reversal,short,1.5,300,12,0,0,0,0,0,0,0,0,0,post-diagnostic VAP threshold sweep
1,chronological_train_dates=8_holdout_dates=7,train,false,2026-05-21;2026-05-22;2026-05-25;2026-05-26;2026-05-27;2026-05-29;2026-06-01;2026-06-03,liquidity_sweep_vap_absorption_threshold:direction=all:min_zone_ratio=1.5:min_zone_volume=500,liquidity_sweep_vap_absorption_reversal,all,1.5,500,12,0,0,0,0,0,0,0,0,0,post-diagnostic VAP threshold sweep
1,chronological_train_dates=8_holdout_dates=7,train,false,2026-05-21;2026-05-22;2026-05-25;2026-05-26;2026-05-27;2026-05-29;2026-06-01;2026-06-03,liquidity_sweep_vap_absorption_threshold:direction=long:min_zone_ratio=1.5:min_zone_volume=500,liquidity_sweep_vap_absorption_reversal,long,1.5,500,12,0,0,0,0,0,0,0,0,0,post-diagnostic VAP threshold sweep
1,chronological_train_dates=8_holdout_dates=7,train,false,2026-05-21;2026-05-22;2026-05-25;2026-05-26;2026-05-27;2026-05-29;2026-06-01;2026-06-03,liquidity_sweep_vap_absorption_threshold:direction=short:min_zone_ratio=1.5:min_zone_volume=500,liquidity_sweep_vap_absorption_reversal,short,1.5,500,12,0,0,0,0,0,0,0,0,0,post-diagnostic VAP threshold sweep
1,chronological_train_dates=8_holdout_dates=7,train,false,2026-05-21;2026-05-22;2026-05-25;2026-05-26;2026-05-27;2026-05-29;2026-06-01;2026-06-03,liquidity_sweep_vap_absorption_threshold:direction=all:min_zone_ratio=1.5:min_zone_volume=750,liquidity_sweep_vap_absorption_reversal,all,1.5,750,12,0,0,0,0,0,0,0,0,0,post-diagnostic VAP threshold sweep
1,chronological_train_dates=8_holdout_dates=7,train,false,2026-05-21;2026-05-22;2026-05-25;2026-05-26;2026-05-27;2026-05-29;2026-06-01;2026-06-03,liquidity_sweep_vap_absorption_threshold:direction=long:min_zone_ratio=1.5:min_zone_volume=750,liquidity_sweep_vap_absorption_reversal,long,1.5,750,12,0,0,0,0,0,0,0,0,0,post-diagnostic VAP threshold sweep
1,chronological_train_dates=8_holdout_dates=7,train,false,2026-05-21;2026-05-22;2026-05-25;2026-05-26;2026-05-27;2026-05-29;2026-06-01;2026-06-03,liquidity_sweep_vap_absorption_threshold:direction=short:min_zone_ratio=1.5:min_zone_volume=750,liquidity_sweep_vap_absorption_reversal,short,1.5,750,12,0,0,0,0,0,0,0,0,0,post-diagnostic VAP threshold sweep
1,chronological_train_dates=8_holdout_dates=7,train,false,2026-05-21;2026-05-22;2026-05-25;2026-05-26;2026-05-27;2026-05-29;2026-06-01;2026-06-03,liquidity_sweep_vap_absorption_threshold:direction=all:min_zone_ratio=1.5:min_zone_volume=1000,liquidity_sweep_vap_absorption_reversal,all,1.5,1000,12,0,0,0,0,0,0,0,0,0,post-diagnostic VAP threshold sweep
1,chronological_train_dates=8_holdout_dates=7,train,false,2026-05-21;2026-05-22;2026-05-25;2026-05-26;2026-05-27;2026-05-29;2026-06-01;2026-06-03,liquidity_sweep_vap_absorption_threshold:direction=long:min_zone_ratio=1.5:min_zone_volume=1000,liquidity_sweep_vap_absorption_reversal,long,1.5,1000,12,0,0,0,0,0,0,0,0,0,post-diagnostic VAP threshold sweep
1,chronological_train_dates=8_holdout_dates=7,train,false,2026-05-21;2026-05-22;2026-05-25;2026-05-26;2026-05-27;2026-05-29;2026-06-01;2026-06-03,liquidity_sweep_vap_absorption_threshold:direction=short:min_zone_ratio=1.5:min_zone_volume=1000,liquidity_sweep_vap_absorption_reversal,short,1.5,1000,12,0,0,0,0,0,0,0,0,0,post-diagnostic VAP threshold sweep
1,chronological_train_dates=8_holdout_dates=7,train,false,2026-05-21;2026-05-22;2026-05-25;2026-05-26;2026-05-27;2026-05-29;2026-06-01;2026-06-03,liquidity_sweep_vap_absorption_threshold:direction=all:min_zone_ratio=2:min_zone_volume=0,liquidity_sweep_vap_absorption_reversal,all,2,0,12,10,6,4,0,0.6,921.25,92.125,5,5,post-diagnostic VAP threshold sweep
1,chronological_train_dates=8_holdout_dates=7,train,false,2026-05-21;2026-05-22;2026-05-25;2026-05-26;2026-05-27;2026-05-29;2026-06-01;2026-06-03,liquidity_sweep_vap_absorption_threshold:direction=long:min_zone_ratio=2:min_zone_volume=0,liquidity_sweep_vap_absorption_reversal,long,2,0,12,5,3,2,0,0.6,470,94,5,0,post-diagnostic VAP threshold sweep
1,chronological_train_dates=8_holdout_dates=7,train,false,2026-05-21;2026-05-22;2026-05-25;2026-05-26;2026-05-27;2026-05-29;2026-06-01;2026-06-03,liquidity_sweep_vap_absorption_threshold:direction=short:min_zone_ratio=2:min_zone_volume=0,liquidity_sweep_vap_absorption_reversal,short,2,0,12,5,3,2,0,0.6,451.25,90.25,0,5,post-diagnostic VAP threshold sweep
1,chronological_train_dates=8_holdout_dates=7,train,false,2026-05-21;2026-05-22;2026-05-25;2026-05-26;2026-05-27;2026-05-29;2026-06-01;2026-06-03,liquidity_sweep_vap_absorption_threshold:direction=all:min_zone_ratio=2:min_zone_volume=5,liquidity_sweep_vap_absorption_reversal,all,2,5,12,3,1,2,0,0.33333333,-479.25,-159.75,2,1,post-diagnostic VAP threshold sweep
1,chronological_train_dates=8_holdout_dates=7,train,false,2026-05-21;2026-05-22;2026-05-25;2026-05-26;2026-05-27;2026-05-29;2026-06-01;2026-06-03,liquidity_sweep_vap_absorption_threshold:direction=long:min_zone_ratio=2:min_zone_volume=5,liquidity_sweep_vap_absorption_reversal,long,2,5,12,2,1,1,0,0.5,-238.25,-119.125,2,0,post-diagnostic VAP threshold sweep
1,chronological_train_dates=8_holdout_dates=7,train,false,2026-05-21;2026-05-22;2026-05-25;2026-05-26;2026-05-27;2026-05-29;2026-06-01;2026-06-03,liquidity_sweep_vap_absorption_threshold:direction=short:min_zone_ratio=2:min_zone_volume=5,liquidity_sweep_vap_absorption_reversal,short,2,5,12,1,0,1,0,0,-241,-241,0,1,post-diagnostic VAP threshold sweep
1,chronological_train_dates=8_holdout_dates=7,train,false,2026-05-21;2026-05-22;2026-05-25;2026-05-26;2026-05-27;2026-05-29;2026-06-01;2026-06-03,liquidity_sweep_vap_absorption_threshold:direction=all:min_zone_ratio=2:min_zone_volume=10,liquidity_sweep_vap_absorption_reversal,all,2,10,12,2,1,1,0,0.5,-238.25,-119.125,2,0,post-diagnostic VAP threshold sweep
1,chronological_train_dates=8_holdout_dates=7,train,false,2026-05-21;2026-05-22;2026-05-25;2026-05-26;2026-05-27;2026-05-29;2026-06-01;2026-06-03,liquidity_sweep_vap_absorption_threshold:direction=long:min_zone_ratio=2:min_zone_volume=10,liquidity_sweep_vap_absorption_reversal,long,2,10,12,2,1,1,0,0.5,-238.25,-119.125,2,0,post-diagnostic VAP threshold sweep
1,chronological_train_dates=8_holdout_dates=7,train,false,2026-05-21;2026-05-22;2026-05-25;2026-05-26;2026-05-27;2026-05-29;2026-06-01;2026-06-03,liquidity_sweep_vap_absorption_threshold:direction=short:min_zone_ratio=2:min_zone_volume=10,liquidity_sweep_vap_absorption_reversal,short,2,10,12,0,0,0,0,0,0,0,0,0,post-diagnostic VAP threshold sweep
1,chronological_train_dates=8_holdout_dates=7,train,false,2026-05-21;2026-05-22;2026-05-25;2026-05-26;2026-05-27;2026-05-29;2026-06-01;2026-06-03,liquidity_sweep_vap_absorption_threshold:direction=all:min_zone_ratio=2:min_zone_volume=20,liquidity_sweep_vap_absorption_reversal,all,2,20,12,2,1,1,0,0.5,-238.25,-119.125,2,0,post-diagnostic VAP threshold sweep
1,chronological_train_dates=8_holdout_dates=7,train,false,2026-05-21;2026-05-22;2026-05-25;2026-05-26;2026-05-27;2026-05-29;2026-06-01;2026-06-03,liquidity_sweep_vap_absorption_threshold:direction=long:min_zone_ratio=2:min_zone_volume=20,liquidity_sweep_vap_absorption_reversal,long,2,20,12,2,1,1,0,0.5,-238.25,-119.125,2,0,post-diagnostic VAP threshold sweep
1,chronological_train_dates=8_holdout_dates=7,train,false,2026-05-21;2026-05-22;2026-05-25;2026-05-26;2026-05-27;2026-05-29;2026-06-01;2026-06-03,liquidity_sweep_vap_absorption_threshold:direction=short:min_zone_ratio=2:min_zone_volume=20,liquidity_sweep_vap_absorption_reversal,short,2,20,12,0,0,0,0,0,0,0,0,0,post-diagnostic VAP threshold sweep
1,chronological_train_dates=8_holdout_dates=7,train,false,2026-05-21;2026-05-22;2026-05-25;2026-05-26;2026-05-27;2026-05-29;2026-06-01;2026-06-03,liquidity_sweep_vap_absorption_threshold:direction=all:min_zone_ratio=2:min_zone_volume=50,liquidity_sweep_vap_absorption_reversal,all,2,50,12,1,1,0,0,1,52.75,52.75,1,0,post-diagnostic VAP threshold sweep
1,chronological_train_dates=8_holdout_dates=7,train,false,2026-05-21;2026-05-22;2026-05-25;2026-05-26;2026-05-27;2026-05-29;2026-06-01;2026-06-03,liquidity_sweep_vap_absorption_threshold:direction=long:min_zone_ratio=2:min_zone_volume=50,liquidity_sweep_vap_absorption_reversal,long,2,50,12,1,1,0,0,1,52.75,52.75,1,0,post-diagnostic VAP threshold sweep
1,chronological_train_dates=8_holdout_dates=7,train,false,2026-05-21;2026-05-22;2026-05-25;2026-05-26;2026-05-27;2026-05-29;2026-06-01;2026-06-03,liquidity_sweep_vap_absorption_threshold:direction=short:min_zone_ratio=2:min_zone_volume=50,liquidity_sweep_vap_absorption_reversal,short,2,50,12,0,0,0,0,0,0,0,0,0,post-diagnostic VAP threshold sweep
1,chronological_train_dates=8_holdout_dates=7,train,false,2026-05-21;2026-05-22;2026-05-25;2026-05-26;2026-05-27;2026-05-29;2026-06-01;2026-06-03,liquidity_sweep_vap_absorption_threshold:direction=all:min_zone_ratio=2:min_zone_volume=100,liquidity_sweep_vap_absorption_reversal,all,2,100,12,1,1,0,0,1,52.75,52.75,1,0,post-diagnostic VAP threshold sweep
1,chronological_train_dates=8_holdout_dates=7,train,false,2026-05-21;2026-05-22;2026-05-25;2026-05-26;2026-05-27;2026-05-29;2026-06-01;2026-06-03,liquidity_sweep_vap_absorption_threshold:direction=long:min_zone_ratio=2:min_zone_volume=100,liquidity_sweep_vap_absorption_reversal,long,2,100,12,1,1,0,0,1,52.75,52.75,1,0,post-diagnostic VAP threshold sweep
1,chronological_train_dates=8_holdout_dates=7,train,false,2026-05-21;2026-05-22;2026-05-25;2026-05-26;2026-05-27;2026-05-29;2026-06-01;2026-06-03,liquidity_sweep_vap_absorption_threshold:direction=short:min_zone_ratio=2:min_zone_volume=100,liquidity_sweep_vap_absorption_reversal,short,2,100,12,0,0,0,0,0,0,0,0,0,post-diagnostic VAP threshold sweep
1,chronological_train_dates=8_holdout_dates=7,train,false,2026-05-21;2026-05-22;2026-05-25;2026-05-26;2026-05-27;2026-05-29;2026-06-01;2026-06-03,liquidity_sweep_vap_absorption_threshold:direction=all:min_zone_ratio=2:min_zone_volume=150,liquidity_sweep_vap_absorption_reversal,all,2,150,12,1,1,0,0,1,52.75,52.75,1,0,post-diagnostic VAP threshold sweep
1,chronological_train_dates=8_holdout_dates=7,train,false,2026-05-21;2026-05-22;2026-05-25;2026-05-26;2026-05-27;2026-05-29;2026-06-01;2026-06-03,liquidity_sweep_vap_absorption_threshold:direction=long:min_zone_ratio=2:min_zone_volume=150,liquidity_sweep_vap_absorption_reversal,long,2,150,12,1,1,0,0,1,52.75,52.75,1,0,post-diagnostic VAP threshold sweep
1,chronological_train_dates=8_holdout_dates=7,train,false,2026-05-21;2026-05-22;2026-05-25;2026-05-26;2026-05-27;2026-05-29;2026-06-01;2026-06-03,liquidity_sweep_vap_absorption_threshold:direction=short:min_zone_ratio=2:min_zone_volume=150,liquidity_sweep_vap_absorption_reversal,short,2,150,12,0,0,0,0,0,0,0,0,0,post-diagnostic VAP threshold sweep
1,chronological_train_dates=8_holdout_dates=7,train,false,2026-05-21;2026-05-22;2026-05-25;2026-05-26;2026-05-27;2026-05-29;2026-06-01;2026-06-03,liquidity_sweep_vap_absorption_threshold:direction=all:min_zone_ratio=2:min_zone_volume=200,liquidity_sweep_vap_absorption_reversal,all,2,200,12,0,0,0,0,0,0,0,0,0,post-diagnostic VAP threshold sweep
1,chronological_train_dates=8_holdout_dates=7,train,false,2026-05-21;2026-05-22;2026-05-25;2026-05-26;2026-05-27;2026-05-29;2026-06-01;2026-06-03,liquidity_sweep_vap_absorption_threshold:direction=long:min_zone_ratio=2:min_zone_volume=200,liquidity_sweep_vap_absorption_reversal,long,2,200,12,0,0,0,0,0,0,0,0,0,post-diagnostic VAP threshold sweep
1,chronological_train_dates=8_holdout_dates=7,train,false,2026-05-21;2026-05-22;2026-05-25;2026-05-26;2026-05-27;2026-05-29;2026-06-01;2026-06-03,liquidity_sweep_vap_absorption_threshold:direction=short:min_zone_ratio=2:min_zone_volume=200,liquidity_sweep_vap_absorption_reversal,short,2,200,12,0,0,0,0,0,0,0,0,0,post-diagnostic VAP threshold sweep
1,chronological_train_dates=8_holdout_dates=7,train,false,2026-05-21;2026-05-22;2026-05-25;2026-05-26;2026-05-27;2026-05-29;2026-06-01;2026-06-03,liquidity_sweep_vap_absorption_threshold:direction=all:min_zone_ratio=2:min_zone_volume=300,liquidity_sweep_vap_absorption_reversal,all,2,300,12,0,0,0,0,0,0,0,0,0,post-diagnostic VAP threshold sweep
1,chronological_train_dates=8_holdout_dates=7,train,false,2026-05-21;2026-05-22;2026-05-25;2026-05-26;2026-05-27;2026-05-29;2026-06-01;2026-06-03,liquidity_sweep_vap_absorption_threshold:direction=long:min_zone_ratio=2:min_zone_volume=300,liquidity_sweep_vap_absorption_reversal,long,2,300,12,0,0,0,0,0,0,0,0,0,post-diagnostic VAP threshold sweep
1,chronological_train_dates=8_holdout_dates=7,train,false,2026-05-21;2026-05-22;2026-05-25;2026-05-26;2026-05-27;2026-05-29;2026-06-01;2026-06-03,liquidity_sweep_vap_absorption_threshold:direction=short:min_zone_ratio=2:min_zone_volume=300,liquidity_sweep_vap_absorption_reversal,short,2,300,12,0,0,0,0,0,0,0,0,0,post-diagnostic VAP threshold sweep
1,chronological_train_dates=8_holdout_dates=7,train,false,2026-05-21;2026-05-22;2026-05-25;2026-05-26;2026-05-27;2026-05-29;2026-06-01;2026-06-03,liquidity_sweep_vap_absorption_threshold:direction=all:min_zone_ratio=2:min_zone_volume=500,liquidity_sweep_vap_absorption_reversal,all,2,500,12,0,0,0,0,0,0,0,0,0,post-diagnostic VAP threshold sweep
1,chronological_train_dates=8_holdout_dates=7,train,false,2026-05-21;2026-05-22;2026-05-25;2026-05-26;2026-05-27;2026-05-29;2026-06-01;2026-06-03,liquidity_sweep_vap_absorption_threshold:direction=long:min_zone_ratio=2:min_zone_volume=500,liquidity_sweep_vap_absorption_reversal,long,2,500,12,0,0,0,0,0,0,0,0,0,post-diagnostic VAP threshold sweep
1,chronological_train_dates=8_holdout_dates=7,train,false,2026-05-21;2026-05-22;2026-05-25;2026-05-26;2026-05-27;2026-05-29;2026-06-01;2026-06-03,liquidity_sweep_vap_absorption_threshold:direction=short:min_zone_ratio=2:min_zone_volume=500,liquidity_sweep_vap_absorption_reversal,short,2,500,12,0,0,0,0,0,0,0,0,0,post-diagnostic VAP threshold sweep
1,chronological_train_dates=8_holdout_dates=7,train,false,2026-05-21;2026-05-22;2026-05-25;2026-05-26;2026-05-27;2026-05-29;2026-06-01;2026-06-03,liquidity_sweep_vap_absorption_threshold:direction=all:min_zone_ratio=2:min_zone_volume=750,liquidity_sweep_vap_absorption_reversal,all,2,750,12,0,0,0,0,0,0,0,0,0,post-diagnostic VAP threshold sweep
1,chronological_train_dates=8_holdout_dates=7,train,false,2026-05-21;2026-05-22;2026-05-25;2026-05-26;2026-05-27;2026-05-29;2026-06-01;2026-06-03,liquidity_sweep_vap_absorption_threshold:direction=long:min_zone_ratio=2:min_zone_volume=750,liquidity_sweep_vap_absorption_reversal,long,2,750,12,0,0,0,0,0,0,0,0,0,post-diagnostic VAP threshold sweep
1,chronological_train_dates=8_holdout_dates=7,train,false,2026-05-21;2026-05-22;2026-05-25;2026-05-26;2026-05-27;2026-05-29;2026-06-01;2026-06-03,liquidity_sweep_vap_absorption_threshold:direction=short:min_zone_ratio=2:min_zone_volume=750,liquidity_sweep_vap_absorption_reversal,short,2,750,12,0,0,0,0,0,0,0,0,0,post-diagnostic VAP threshold sweep
1,chronological_train_dates=8_holdout_dates=7,train,false,2026-05-21;2026-05-22;2026-05-25;2026-05-26;2026-05-27;2026-05-29;2026-06-01;2026-06-03,liquidity_sweep_vap_absorption_threshold:direction=all:min_zone_ratio=2:min_zone_volume=1000,liquidity_sweep_vap_absorption_reversal,all,2,1000,12,0,0,0,0,0,0,0,0,0,post-diagnostic VAP threshold sweep
1,chronological_train_dates=8_holdout_dates=7,train,false,2026-05-21;2026-05-22;2026-05-25;2026-05-26;2026-05-27;2026-05-29;2026-06-01;2026-06-03,liquidity_sweep_vap_absorption_threshold:direction=long:min_zone_ratio=2:min_zone_volume=1000,liquidity_sweep_vap_absorption_reversal,long,2,1000,12,0,0,0,0,0,0,0,0,0,post-diagnostic VAP threshold sweep
1,chronological_train_dates=8_holdout_dates=7,train,false,2026-05-21;2026-05-22;2026-05-25;2026-05-26;2026-05-27;2026-05-29;2026-06-01;2026-06-03,liquidity_sweep_vap_absorption_threshold:direction=short:min_zone_ratio=2:min_zone_volume=1000,liquidity_sweep_vap_absorption_reversal,short,2,1000,12,0,0,0,0,0,0,0,0,0,post-diagnostic VAP threshold sweep
1,chronological_train_dates=8_holdout_dates=7,train,false,2026-05-21;2026-05-22;2026-05-25;2026-05-26;2026-05-27;2026-05-29;2026-06-01;2026-06-03,liquidity_sweep_vap_absorption_threshold:direction=all:min_zone_ratio=3:min_zone_volume=0,liquidity_sweep_vap_absorption_reversal,all,3,0,12,9,6,3,0,0.66666667,1212.25,134.69444444,4,5,post-diagnostic VAP threshold sweep
1,chronological_train_dates=8_holdout_dates=7,train,false,2026-05-21;2026-05-22;2026-05-25;2026-05-26;2026-05-27;2026-05-29;2026-06-01;2026-06-03,liquidity_sweep_vap_absorption_threshold:direction=long:min_zone_ratio=3:min_zone_volume=0,liquidity_sweep_vap_absorption_reversal,long,3,0,12,4,3,1,0,0.75,761,190.25,4,0,post-diagnostic VAP threshold sweep
1,chronological_train_dates=8_holdout_dates=7,train,false,2026-05-21;2026-05-22;2026-05-25;2026-05-26;2026-05-27;2026-05-29;2026-06-01;2026-06-03,liquidity_sweep_vap_absorption_threshold:direction=short:min_zone_ratio=3:min_zone_volume=0,liquidity_sweep_vap_absorption_reversal,short,3,0,12,5,3,2,0,0.6,451.25,90.25,0,5,post-diagnostic VAP threshold sweep
1,chronological_train_dates=8_holdout_dates=7,train,false,2026-05-21;2026-05-22;2026-05-25;2026-05-26;2026-05-27;2026-05-29;2026-06-01;2026-06-03,liquidity_sweep_vap_absorption_threshold:direction=all:min_zone_ratio=3:min_zone_volume=5,liquidity_sweep_vap_absorption_reversal,all,3,5,12,2,1,1,0,0.5,-188.25,-94.125,1,1,post-diagnostic VAP threshold sweep
1,chronological_train_dates=8_holdout_dates=7,train,false,2026-05-21;2026-05-22;2026-05-25;2026-05-26;2026-05-27;2026-05-29;2026-06-01;2026-06-03,liquidity_sweep_vap_absorption_threshold:direction=long:min_zone_ratio=3:min_zone_volume=5,liquidity_sweep_vap_absorption_reversal,long,3,5,12,1,1,0,0,1,52.75,52.75,1,0,post-diagnostic VAP threshold sweep
1,chronological_train_dates=8_holdout_dates=7,train,false,2026-05-21;2026-05-22;2026-05-25;2026-05-26;2026-05-27;2026-05-29;2026-06-01;2026-06-03,liquidity_sweep_vap_absorption_threshold:direction=short:min_zone_ratio=3:min_zone_volume=5,liquidity_sweep_vap_absorption_reversal,short,3,5,12,1,0,1,0,0,-241,-241,0,1,post-diagnostic VAP threshold sweep
1,chronological_train_dates=8_holdout_dates=7,train,false,2026-05-21;2026-05-22;2026-05-25;2026-05-26;2026-05-27;2026-05-29;2026-06-01;2026-06-03,liquidity_sweep_vap_absorption_threshold:direction=all:min_zone_ratio=3:min_zone_volume=10,liquidity_sweep_vap_absorption_reversal,all,3,10,12,1,1,0,0,1,52.75,52.75,1,0,post-diagnostic VAP threshold sweep
1,chronological_train_dates=8_holdout_dates=7,train,false,2026-05-21;2026-05-22;2026-05-25;2026-05-26;2026-05-27;2026-05-29;2026-06-01;2026-06-03,liquidity_sweep_vap_absorption_threshold:direction=long:min_zone_ratio=3:min_zone_volume=10,liquidity_sweep_vap_absorption_reversal,long,3,10,12,1,1,0,0,1,52.75,52.75,1,0,post-diagnostic VAP threshold sweep
1,chronological_train_dates=8_holdout_dates=7,train,false,2026-05-21;2026-05-22;2026-05-25;2026-05-26;2026-05-27;2026-05-29;2026-06-01;2026-06-03,liquidity_sweep_vap_absorption_threshold:direction=short:min_zone_ratio=3:min_zone_volume=10,liquidity_sweep_vap_absorption_reversal,short,3,10,12,0,0,0,0,0,0,0,0,0,post-diagnostic VAP threshold sweep
1,chronological_train_dates=8_holdout_dates=7,train,false,2026-05-21;2026-05-22;2026-05-25;2026-05-26;2026-05-27;2026-05-29;2026-06-01;2026-06-03,liquidity_sweep_vap_absorption_threshold:direction=all:min_zone_ratio=3:min_zone_volume=20,liquidity_sweep_vap_absorption_reversal,all,3,20,12,1,1,0,0,1,52.75,52.75,1,0,post-diagnostic VAP threshold sweep
1,chronological_train_dates=8_holdout_dates=7,train,false,2026-05-21;2026-05-22;2026-05-25;2026-05-26;2026-05-27;2026-05-29;2026-06-01;2026-06-03,liquidity_sweep_vap_absorption_threshold:direction=long:min_zone_ratio=3:min_zone_volume=20,liquidity_sweep_vap_absorption_reversal,long,3,20,12,1,1,0,0,1,52.75,52.75,1,0,post-diagnostic VAP threshold sweep
1,chronological_train_dates=8_holdout_dates=7,train,false,2026-05-21;2026-05-22;2026-05-25;2026-05-26;2026-05-27;2026-05-29;2026-06-01;2026-06-03,liquidity_sweep_vap_absorption_threshold:direction=short:min_zone_ratio=3:min_zone_volume=20,liquidity_sweep_vap_absorption_reversal,short,3,20,12,0,0,0,0,0,0,0,0,0,post-diagnostic VAP threshold sweep
1,chronological_train_dates=8_holdout_dates=7,train,false,2026-05-21;2026-05-22;2026-05-25;2026-05-26;2026-05-27;2026-05-29;2026-06-01;2026-06-03,liquidity_sweep_vap_absorption_threshold:direction=all:min_zone_ratio=3:min_zone_volume=50,liquidity_sweep_vap_absorption_reversal,all,3,50,12,1,1,0,0,1,52.75,52.75,1,0,post-diagnostic VAP threshold sweep
1,chronological_train_dates=8_holdout_dates=7,train,false,2026-05-21;2026-05-22;2026-05-25;2026-05-26;2026-05-27;2026-05-29;2026-06-01;2026-06-03,liquidity_sweep_vap_absorption_threshold:direction=long:min_zone_ratio=3:min_zone_volume=50,liquidity_sweep_vap_absorption_reversal,long,3,50,12,1,1,0,0,1,52.75,52.75,1,0,post-diagnostic VAP threshold sweep
1,chronological_train_dates=8_holdout_dates=7,train,false,2026-05-21;2026-05-22;2026-05-25;2026-05-26;2026-05-27;2026-05-29;2026-06-01;2026-06-03,liquidity_sweep_vap_absorption_threshold:direction=short:min_zone_ratio=3:min_zone_volume=50,liquidity_sweep_vap_absorption_reversal,short,3,50,12,0,0,0,0,0,0,0,0,0,post-diagnostic VAP threshold sweep
1,chronological_train_dates=8_holdout_dates=7,train,false,2026-05-21;2026-05-22;2026-05-25;2026-05-26;2026-05-27;2026-05-29;2026-06-01;2026-06-03,liquidity_sweep_vap_absorption_threshold:direction=all:min_zone_ratio=3:min_zone_volume=100,liquidity_sweep_vap_absorption_reversal,all,3,100,12,1,1,0,0,1,52.75,52.75,1,0,post-diagnostic VAP threshold sweep
1,chronological_train_dates=8_holdout_dates=7,train,false,2026-05-21;2026-05-22;2026-05-25;2026-05-26;2026-05-27;2026-05-29;2026-06-01;2026-06-03,liquidity_sweep_vap_absorption_threshold:direction=long:min_zone_ratio=3:min_zone_volume=100,liquidity_sweep_vap_absorption_reversal,long,3,100,12,1,1,0,0,1,52.75,52.75,1,0,post-diagnostic VAP threshold sweep
1,chronological_train_dates=8_holdout_dates=7,train,false,2026-05-21;2026-05-22;2026-05-25;2026-05-26;2026-05-27;2026-05-29;2026-06-01;2026-06-03,liquidity_sweep_vap_absorption_threshold:direction=short:min_zone_ratio=3:min_zone_volume=100,liquidity_sweep_vap_absorption_reversal,short,3,100,12,0,0,0,0,0,0,0,0,0,post-diagnostic VAP threshold sweep
1,chronological_train_dates=8_holdout_dates=7,train,false,2026-05-21;2026-05-22;2026-05-25;2026-05-26;2026-05-27;2026-05-29;2026-06-01;2026-06-03,liquidity_sweep_vap_absorption_threshold:direction=all:min_zone_ratio=3:min_zone_volume=150,liquidity_sweep_vap_absorption_reversal,all,3,150,12,1,1,0,0,1,52.75,52.75,1,0,post-diagnostic VAP threshold sweep
1,chronological_train_dates=8_holdout_dates=7,train,false,2026-05-21;2026-05-22;2026-05-25;2026-05-26;2026-05-27;2026-05-29;2026-06-01;2026-06-03,liquidity_sweep_vap_absorption_threshold:direction=long:min_zone_ratio=3:min_zone_volume=150,liquidity_sweep_vap_absorption_reversal,long,3,150,12,1,1,0,0,1,52.75,52.75,1,0,post-diagnostic VAP threshold sweep
1,chronological_train_dates=8_holdout_dates=7,train,false,2026-05-21;2026-05-22;2026-05-25;2026-05-26;2026-05-27;2026-05-29;2026-06-01;2026-06-03,liquidity_sweep_vap_absorption_threshold:direction=short:min_zone_ratio=3:min_zone_volume=150,liquidity_sweep_vap_absorption_reversal,short,3,150,12,0,0,0,0,0,0,0,0,0,post-diagnostic VAP threshold sweep
1,chronological_train_dates=8_holdout_dates=7,train,false,2026-05-21;2026-05-22;2026-05-25;2026-05-26;2026-05-27;2026-05-29;2026-06-01;2026-06-03,liquidity_sweep_vap_absorption_threshold:direction=all:min_zone_ratio=3:min_zone_volume=200,liquidity_sweep_vap_absorption_reversal,all,3,200,12,0,0,0,0,0,0,0,0,0,post-diagnostic VAP threshold sweep
1,chronological_train_dates=8_holdout_dates=7,train,false,2026-05-21;2026-05-22;2026-05-25;2026-05-26;2026-05-27;2026-05-29;2026-06-01;2026-06-03,liquidity_sweep_vap_absorption_threshold:direction=long:min_zone_ratio=3:min_zone_volume=200,liquidity_sweep_vap_absorption_reversal,long,3,200,12,0,0,0,0,0,0,0,0,0,post-diagnostic VAP threshold sweep
1,chronological_train_dates=8_holdout_dates=7,train,false,2026-05-21;2026-05-22;2026-05-25;2026-05-26;2026-05-27;2026-05-29;2026-06-01;2026-06-03,liquidity_sweep_vap_absorption_threshold:direction=short:min_zone_ratio=3:min_zone_volume=200,liquidity_sweep_vap_absorption_reversal,short,3,200,12,0,0,0,0,0,0,0,0,0,post-diagnostic VAP threshold sweep
1,chronological_train_dates=8_holdout_dates=7,train,false,2026-05-21;2026-05-22;2026-05-25;2026-05-26;2026-05-27;2026-05-29;2026-06-01;2026-06-03,liquidity_sweep_vap_absorption_threshold:direction=all:min_zone_ratio=3:min_zone_volume=300,liquidity_sweep_vap_absorption_reversal,all,3,300,12,0,0,0,0,0,0,0,0,0,post-diagnostic VAP threshold sweep
1,chronological_train_dates=8_holdout_dates=7,train,false,2026-05-21;2026-05-22;2026-05-25;2026-05-26;2026-05-27;2026-05-29;2026-06-01;2026-06-03,liquidity_sweep_vap_absorption_threshold:direction=long:min_zone_ratio=3:min_zone_volume=300,liquidity_sweep_vap_absorption_reversal,long,3,300,12,0,0,0,0,0,0,0,0,0,post-diagnostic VAP threshold sweep
1,chronological_train_dates=8_holdout_dates=7,train,false,2026-05-21;2026-05-22;2026-05-25;2026-05-26;2026-05-27;2026-05-29;2026-06-01;2026-06-03,liquidity_sweep_vap_absorption_threshold:direction=short:min_zone_ratio=3:min_zone_volume=300,liquidity_sweep_vap_absorption_reversal,short,3,300,12,0,0,0,0,0,0,0,0,0,post-diagnostic VAP threshold sweep
1,chronological_train_dates=8_holdout_dates=7,train,false,2026-05-21;2026-05-22;2026-05-25;2026-05-26;2026-05-27;2026-05-29;2026-06-01;2026-06-03,liquidity_sweep_vap_absorption_threshold:direction=all:min_zone_ratio=3:min_zone_volume=500,liquidity_sweep_vap_absorption_reversal,all,3,500,12,0,0,0,0,0,0,0,0,0,post-diagnostic VAP threshold sweep
1,chronological_train_dates=8_holdout_dates=7,train,false,2026-05-21;2026-05-22;2026-05-25;2026-05-26;2026-05-27;2026-05-29;2026-06-01;2026-06-03,liquidity_sweep_vap_absorption_threshold:direction=long:min_zone_ratio=3:min_zone_volume=500,liquidity_sweep_vap_absorption_reversal,long,3,500,12,0,0,0,0,0,0,0,0,0,post-diagnostic VAP threshold sweep
1,chronological_train_dates=8_holdout_dates=7,train,false,2026-05-21;2026-05-22;2026-05-25;2026-05-26;2026-05-27;2026-05-29;2026-06-01;2026-06-03,liquidity_sweep_vap_absorption_threshold:direction=short:min_zone_ratio=3:min_zone_volume=500,liquidity_sweep_vap_absorption_reversal,short,3,500,12,0,0,0,0,0,0,0,0,0,post-diagnostic VAP threshold sweep
1,chronological_train_dates=8_holdout_dates=7,train,false,2026-05-21;2026-05-22;2026-05-25;2026-05-26;2026-05-27;2026-05-29;2026-06-01;2026-06-03,liquidity_sweep_vap_absorption_threshold:direction=all:min_zone_ratio=3:min_zone_volume=750,liquidity_sweep_vap_absorption_reversal,all,3,750,12,0,0,0,0,0,0,0,0,0,post-diagnostic VAP threshold sweep
1,chronological_train_dates=8_holdout_dates=7,train,false,2026-05-21;2026-05-22;2026-05-25;2026-05-26;2026-05-27;2026-05-29;2026-06-01;2026-06-03,liquidity_sweep_vap_absorption_threshold:direction=long:min_zone_ratio=3:min_zone_volume=750,liquidity_sweep_vap_absorption_reversal,long,3,750,12,0,0,0,0,0,0,0,0,0,post-diagnostic VAP threshold sweep
1,chronological_train_dates=8_holdout_dates=7,train,false,2026-05-21;2026-05-22;2026-05-25;2026-05-26;2026-05-27;2026-05-29;2026-06-01;2026-06-03,liquidity_sweep_vap_absorption_threshold:direction=short:min_zone_ratio=3:min_zone_volume=750,liquidity_sweep_vap_absorption_reversal,short,3,750,12,0,0,0,0,0,0,0,0,0,post-diagnostic VAP threshold sweep
1,chronological_train_dates=8_holdout_dates=7,train,false,2026-05-21;2026-05-22;2026-05-25;2026-05-26;2026-05-27;2026-05-29;2026-06-01;2026-06-03,liquidity_sweep_vap_absorption_threshold:direction=all:min_zone_ratio=3:min_zone_volume=1000,liquidity_sweep_vap_absorption_reversal,all,3,1000,12,0,0,0,0,0,0,0,0,0,post-diagnostic VAP threshold sweep
1,chronological_train_dates=8_holdout_dates=7,train,false,2026-05-21;2026-05-22;2026-05-25;2026-05-26;2026-05-27;2026-05-29;2026-06-01;2026-06-03,liquidity_sweep_vap_absorption_threshold:direction=long:min_zone_ratio=3:min_zone_volume=1000,liquidity_sweep_vap_absorption_reversal,long,3,1000,12,0,0,0,0,0,0,0,0,0,post-diagnostic VAP threshold sweep
1,chronological_train_dates=8_holdout_dates=7,train,false,2026-05-21;2026-05-22;2026-05-25;2026-05-26;2026-05-27;2026-05-29;2026-06-01;2026-06-03,liquidity_sweep_vap_absorption_threshold:direction=short:min_zone_ratio=3:min_zone_volume=1000,liquidity_sweep_vap_absorption_reversal,short,3,1000,12,0,0,0,0,0,0,0,0,0,post-diagnostic VAP threshold sweep
1,chronological_train_dates=8_holdout_dates=7,holdout,true,2026-06-04;2026-06-08;2026-06-10;2026-06-11;2026-06-12;2026-06-17;2026-06-19,liquidity_sweep_vap_absorption_threshold:direction=all:min_zone_ratio=1:min_zone_volume=0,liquidity_sweep_vap_absorption_reversal,all,1,0,11,11,0,11,0,0,-2163.5,-196.68181818,5,6,post-diagnostic VAP threshold sweep
1,chronological_train_dates=8_holdout_dates=7,holdout,false,2026-06-04;2026-06-08;2026-06-10;2026-06-11;2026-06-12;2026-06-17;2026-06-19,liquidity_sweep_vap_absorption_threshold:direction=long:min_zone_ratio=1:min_zone_volume=0,liquidity_sweep_vap_absorption_reversal,long,1,0,11,5,0,5,0,0,-1030,-206,5,0,post-diagnostic VAP threshold sweep
1,chronological_train_dates=8_holdout_dates=7,holdout,false,2026-06-04;2026-06-08;2026-06-10;2026-06-11;2026-06-12;2026-06-17;2026-06-19,liquidity_sweep_vap_absorption_threshold:direction=short:min_zone_ratio=1:min_zone_volume=0,liquidity_sweep_vap_absorption_reversal,short,1,0,11,6,0,6,0,0,-1133.5,-188.91666667,0,6,post-diagnostic VAP threshold sweep
1,chronological_train_dates=8_holdout_dates=7,holdout,false,2026-06-04;2026-06-08;2026-06-10;2026-06-11;2026-06-12;2026-06-17;2026-06-19,liquidity_sweep_vap_absorption_threshold:direction=all:min_zone_ratio=1:min_zone_volume=5,liquidity_sweep_vap_absorption_reversal,all,1,5,11,10,0,10,0,0,-1760,-176,4,6,post-diagnostic VAP threshold sweep
1,chronological_train_dates=8_holdout_dates=7,holdout,false,2026-06-04;2026-06-08;2026-06-10;2026-06-11;2026-06-12;2026-06-17;2026-06-19,liquidity_sweep_vap_absorption_threshold:direction=long:min_zone_ratio=1:min_zone_volume=5,liquidity_sweep_vap_absorption_reversal,long,1,5,11,4,0,4,0,0,-626.5,-156.625,4,0,post-diagnostic VAP threshold sweep
1,chronological_train_dates=8_holdout_dates=7,holdout,false,2026-06-04;2026-06-08;2026-06-10;2026-06-11;2026-06-12;2026-06-17;2026-06-19,liquidity_sweep_vap_absorption_threshold:direction=short:min_zone_ratio=1:min_zone_volume=5,liquidity_sweep_vap_absorption_reversal,short,1,5,11,6,0,6,0,0,-1133.5,-188.91666667,0,6,post-diagnostic VAP threshold sweep
1,chronological_train_dates=8_holdout_dates=7,holdout,false,2026-06-04;2026-06-08;2026-06-10;2026-06-11;2026-06-12;2026-06-17;2026-06-19,liquidity_sweep_vap_absorption_threshold:direction=all:min_zone_ratio=1:min_zone_volume=10,liquidity_sweep_vap_absorption_reversal,all,1,10,11,5,0,5,0,0,-880,-176,2,3,post-diagnostic VAP threshold sweep
1,chronological_train_dates=8_holdout_dates=7,holdout,false,2026-06-04;2026-06-08;2026-06-10;2026-06-11;2026-06-12;2026-06-17;2026-06-19,liquidity_sweep_vap_absorption_threshold:direction=long:min_zone_ratio=1:min_zone_volume=10,liquidity_sweep_vap_absorption_reversal,long,1,10,11,2,0,2,0,0,-294.5,-147.25,2,0,post-diagnostic VAP threshold sweep
1,chronological_train_dates=8_holdout_dates=7,holdout,false,2026-06-04;2026-06-08;2026-06-10;2026-06-11;2026-06-12;2026-06-17;2026-06-19,liquidity_sweep_vap_absorption_threshold:direction=short:min_zone_ratio=1:min_zone_volume=10,liquidity_sweep_vap_absorption_reversal,short,1,10,11,3,0,3,0,0,-585.5,-195.16666667,0,3,post-diagnostic VAP threshold sweep
1,chronological_train_dates=8_holdout_dates=7,holdout,false,2026-06-04;2026-06-08;2026-06-10;2026-06-11;2026-06-12;2026-06-17;2026-06-19,liquidity_sweep_vap_absorption_threshold:direction=all:min_zone_ratio=1:min_zone_volume=20,liquidity_sweep_vap_absorption_reversal,all,1,20,11,5,0,5,0,0,-880,-176,2,3,post-diagnostic VAP threshold sweep
1,chronological_train_dates=8_holdout_dates=7,holdout,false,2026-06-04;2026-06-08;2026-06-10;2026-06-11;2026-06-12;2026-06-17;2026-06-19,liquidity_sweep_vap_absorption_threshold:direction=long:min_zone_ratio=1:min_zone_volume=20,liquidity_sweep_vap_absorption_reversal,long,1,20,11,2,0,2,0,0,-294.5,-147.25,2,0,post-diagnostic VAP threshold sweep
1,chronological_train_dates=8_holdout_dates=7,holdout,false,2026-06-04;2026-06-08;2026-06-10;2026-06-11;2026-06-12;2026-06-17;2026-06-19,liquidity_sweep_vap_absorption_threshold:direction=short:min_zone_ratio=1:min_zone_volume=20,liquidity_sweep_vap_absorption_reversal,short,1,20,11,3,0,3,0,0,-585.5,-195.16666667,0,3,post-diagnostic VAP threshold sweep
1,chronological_train_dates=8_holdout_dates=7,holdout,false,2026-06-04;2026-06-08;2026-06-10;2026-06-11;2026-06-12;2026-06-17;2026-06-19,liquidity_sweep_vap_absorption_threshold:direction=all:min_zone_ratio=1:min_zone_volume=50,liquidity_sweep_vap_absorption_reversal,all,1,50,11,5,0,5,0,0,-880,-176,2,3,post-diagnostic VAP threshold sweep
1,chronological_train_dates=8_holdout_dates=7,holdout,false,2026-06-04;2026-06-08;2026-06-10;2026-06-11;2026-06-12;2026-06-17;2026-06-19,liquidity_sweep_vap_absorption_threshold:direction=long:min_zone_ratio=1:min_zone_volume=50,liquidity_sweep_vap_absorption_reversal,long,1,50,11,2,0,2,0,0,-294.5,-147.25,2,0,post-diagnostic VAP threshold sweep
1,chronological_train_dates=8_holdout_dates=7,holdout,false,2026-06-04;2026-06-08;2026-06-10;2026-06-11;2026-06-12;2026-06-17;2026-06-19,liquidity_sweep_vap_absorption_threshold:direction=short:min_zone_ratio=1:min_zone_volume=50,liquidity_sweep_vap_absorption_reversal,short,1,50,11,3,0,3,0,0,-585.5,-195.16666667,0,3,post-diagnostic VAP threshold sweep
1,chronological_train_dates=8_holdout_dates=7,holdout,false,2026-06-04;2026-06-08;2026-06-10;2026-06-11;2026-06-12;2026-06-17;2026-06-19,liquidity_sweep_vap_absorption_threshold:direction=all:min_zone_ratio=1:min_zone_volume=100,liquidity_sweep_vap_absorption_reversal,all,1,100,11,1,0,1,0,0,-116,-116,0,1,post-diagnostic VAP threshold sweep
1,chronological_train_dates=8_holdout_dates=7,holdout,false,2026-06-04;2026-06-08;2026-06-10;2026-06-11;2026-06-12;2026-06-17;2026-06-19,liquidity_sweep_vap_absorption_threshold:direction=long:min_zone_ratio=1:min_zone_volume=100,liquidity_sweep_vap_absorption_reversal,long,1,100,11,0,0,0,0,0,0,0,0,0,post-diagnostic VAP threshold sweep
1,chronological_train_dates=8_holdout_dates=7,holdout,false,2026-06-04;2026-06-08;2026-06-10;2026-06-11;2026-06-12;2026-06-17;2026-06-19,liquidity_sweep_vap_absorption_threshold:direction=short:min_zone_ratio=1:min_zone_volume=100,liquidity_sweep_vap_absorption_reversal,short,1,100,11,1,0,1,0,0,-116,-116,0,1,post-diagnostic VAP threshold sweep
1,chronological_train_dates=8_holdout_dates=7,holdout,false,2026-06-04;2026-06-08;2026-06-10;2026-06-11;2026-06-12;2026-06-17;2026-06-19,liquidity_sweep_vap_absorption_threshold:direction=all:min_zone_ratio=1:min_zone_volume=150,liquidity_sweep_vap_absorption_reversal,all,1,150,11,1,0,1,0,0,-116,-116,0,1,post-diagnostic VAP threshold sweep
1,chronological_train_dates=8_holdout_dates=7,holdout,false,2026-06-04;2026-06-08;2026-06-10;2026-06-11;2026-06-12;2026-06-17;2026-06-19,liquidity_sweep_vap_absorption_threshold:direction=long:min_zone_ratio=1:min_zone_volume=150,liquidity_sweep_vap_absorption_reversal,long,1,150,11,0,0,0,0,0,0,0,0,0,post-diagnostic VAP threshold sweep
1,chronological_train_dates=8_holdout_dates=7,holdout,false,2026-06-04;2026-06-08;2026-06-10;2026-06-11;2026-06-12;2026-06-17;2026-06-19,liquidity_sweep_vap_absorption_threshold:direction=short:min_zone_ratio=1:min_zone_volume=150,liquidity_sweep_vap_absorption_reversal,short,1,150,11,1,0,1,0,0,-116,-116,0,1,post-diagnostic VAP threshold sweep
1,chronological_train_dates=8_holdout_dates=7,holdout,false,2026-06-04;2026-06-08;2026-06-10;2026-06-11;2026-06-12;2026-06-17;2026-06-19,liquidity_sweep_vap_absorption_threshold:direction=all:min_zone_ratio=1:min_zone_volume=200,liquidity_sweep_vap_absorption_reversal,all,1,200,11,1,0,1,0,0,-116,-116,0,1,post-diagnostic VAP threshold sweep
1,chronological_train_dates=8_holdout_dates=7,holdout,false,2026-06-04;2026-06-08;2026-06-10;2026-06-11;2026-06-12;2026-06-17;2026-06-19,liquidity_sweep_vap_absorption_threshold:direction=long:min_zone_ratio=1:min_zone_volume=200,liquidity_sweep_vap_absorption_reversal,long,1,200,11,0,0,0,0,0,0,0,0,0,post-diagnostic VAP threshold sweep
1,chronological_train_dates=8_holdout_dates=7,holdout,false,2026-06-04;2026-06-08;2026-06-10;2026-06-11;2026-06-12;2026-06-17;2026-06-19,liquidity_sweep_vap_absorption_threshold:direction=short:min_zone_ratio=1:min_zone_volume=200,liquidity_sweep_vap_absorption_reversal,short,1,200,11,1,0,1,0,0,-116,-116,0,1,post-diagnostic VAP threshold sweep
1,chronological_train_dates=8_holdout_dates=7,holdout,false,2026-06-04;2026-06-08;2026-06-10;2026-06-11;2026-06-12;2026-06-17;2026-06-19,liquidity_sweep_vap_absorption_threshold:direction=all:min_zone_ratio=1:min_zone_volume=300,liquidity_sweep_vap_absorption_reversal,all,1,300,11,0,0,0,0,0,0,0,0,0,post-diagnostic VAP threshold sweep
1,chronological_train_dates=8_holdout_dates=7,holdout,false,2026-06-04;2026-06-08;2026-06-10;2026-06-11;2026-06-12;2026-06-17;2026-06-19,liquidity_sweep_vap_absorption_threshold:direction=long:min_zone_ratio=1:min_zone_volume=300,liquidity_sweep_vap_absorption_reversal,long,1,300,11,0,0,0,0,0,0,0,0,0,post-diagnostic VAP threshold sweep
1,chronological_train_dates=8_holdout_dates=7,holdout,false,2026-06-04;2026-06-08;2026-06-10;2026-06-11;2026-06-12;2026-06-17;2026-06-19,liquidity_sweep_vap_absorption_threshold:direction=short:min_zone_ratio=1:min_zone_volume=300,liquidity_sweep_vap_absorption_reversal,short,1,300,11,0,0,0,0,0,0,0,0,0,post-diagnostic VAP threshold sweep
1,chronological_train_dates=8_holdout_dates=7,holdout,false,2026-06-04;2026-06-08;2026-06-10;2026-06-11;2026-06-12;2026-06-17;2026-06-19,liquidity_sweep_vap_absorption_threshold:direction=all:min_zone_ratio=1:min_zone_volume=500,liquidity_sweep_vap_absorption_reversal,all,1,500,11,0,0,0,0,0,0,0,0,0,post-diagnostic VAP threshold sweep
1,chronological_train_dates=8_holdout_dates=7,holdout,false,2026-06-04;2026-06-08;2026-06-10;2026-06-11;2026-06-12;2026-06-17;2026-06-19,liquidity_sweep_vap_absorption_threshold:direction=long:min_zone_ratio=1:min_zone_volume=500,liquidity_sweep_vap_absorption_reversal,long,1,500,11,0,0,0,0,0,0,0,0,0,post-diagnostic VAP threshold sweep
1,chronological_train_dates=8_holdout_dates=7,holdout,false,2026-06-04;2026-06-08;2026-06-10;2026-06-11;2026-06-12;2026-06-17;2026-06-19,liquidity_sweep_vap_absorption_threshold:direction=short:min_zone_ratio=1:min_zone_volume=500,liquidity_sweep_vap_absorption_reversal,short,1,500,11,0,0,0,0,0,0,0,0,0,post-diagnostic VAP threshold sweep
1,chronological_train_dates=8_holdout_dates=7,holdout,false,2026-06-04;2026-06-08;2026-06-10;2026-06-11;2026-06-12;2026-06-17;2026-06-19,liquidity_sweep_vap_absorption_threshold:direction=all:min_zone_ratio=1:min_zone_volume=750,liquidity_sweep_vap_absorption_reversal,all,1,750,11,0,0,0,0,0,0,0,0,0,post-diagnostic VAP threshold sweep
1,chronological_train_dates=8_holdout_dates=7,holdout,false,2026-06-04;2026-06-08;2026-06-10;2026-06-11;2026-06-12;2026-06-17;2026-06-19,liquidity_sweep_vap_absorption_threshold:direction=long:min_zone_ratio=1:min_zone_volume=750,liquidity_sweep_vap_absorption_reversal,long,1,750,11,0,0,0,0,0,0,0,0,0,post-diagnostic VAP threshold sweep
1,chronological_train_dates=8_holdout_dates=7,holdout,false,2026-06-04;2026-06-08;2026-06-10;2026-06-11;2026-06-12;2026-06-17;2026-06-19,liquidity_sweep_vap_absorption_threshold:direction=short:min_zone_ratio=1:min_zone_volume=750,liquidity_sweep_vap_absorption_reversal,short,1,750,11,0,0,0,0,0,0,0,0,0,post-diagnostic VAP threshold sweep
1,chronological_train_dates=8_holdout_dates=7,holdout,false,2026-06-04;2026-06-08;2026-06-10;2026-06-11;2026-06-12;2026-06-17;2026-06-19,liquidity_sweep_vap_absorption_threshold:direction=all:min_zone_ratio=1:min_zone_volume=1000,liquidity_sweep_vap_absorption_reversal,all,1,1000,11,0,0,0,0,0,0,0,0,0,post-diagnostic VAP threshold sweep
1,chronological_train_dates=8_holdout_dates=7,holdout,false,2026-06-04;2026-06-08;2026-06-10;2026-06-11;2026-06-12;2026-06-17;2026-06-19,liquidity_sweep_vap_absorption_threshold:direction=long:min_zone_ratio=1:min_zone_volume=1000,liquidity_sweep_vap_absorption_reversal,long,1,1000,11,0,0,0,0,0,0,0,0,0,post-diagnostic VAP threshold sweep
1,chronological_train_dates=8_holdout_dates=7,holdout,false,2026-06-04;2026-06-08;2026-06-10;2026-06-11;2026-06-12;2026-06-17;2026-06-19,liquidity_sweep_vap_absorption_threshold:direction=short:min_zone_ratio=1:min_zone_volume=1000,liquidity_sweep_vap_absorption_reversal,short,1,1000,11,0,0,0,0,0,0,0,0,0,post-diagnostic VAP threshold sweep
1,chronological_train_dates=8_holdout_dates=7,holdout,false,2026-06-04;2026-06-08;2026-06-10;2026-06-11;2026-06-12;2026-06-17;2026-06-19,liquidity_sweep_vap_absorption_threshold:direction=all:min_zone_ratio=1.05:min_zone_volume=0,liquidity_sweep_vap_absorption_reversal,all,1.05,0,11,11,0,11,0,0,-2163.5,-196.68181818,5,6,post-diagnostic VAP threshold sweep
1,chronological_train_dates=8_holdout_dates=7,holdout,false,2026-06-04;2026-06-08;2026-06-10;2026-06-11;2026-06-12;2026-06-17;2026-06-19,liquidity_sweep_vap_absorption_threshold:direction=long:min_zone_ratio=1.05:min_zone_volume=0,liquidity_sweep_vap_absorption_reversal,long,1.05,0,11,5,0,5,0,0,-1030,-206,5,0,post-diagnostic VAP threshold sweep
1,chronological_train_dates=8_holdout_dates=7,holdout,false,2026-06-04;2026-06-08;2026-06-10;2026-06-11;2026-06-12;2026-06-17;2026-06-19,liquidity_sweep_vap_absorption_threshold:direction=short:min_zone_ratio=1.05:min_zone_volume=0,liquidity_sweep_vap_absorption_reversal,short,1.05,0,11,6,0,6,0,0,-1133.5,-188.91666667,0,6,post-diagnostic VAP threshold sweep
1,chronological_train_dates=8_holdout_dates=7,holdout,false,2026-06-04;2026-06-08;2026-06-10;2026-06-11;2026-06-12;2026-06-17;2026-06-19,liquidity_sweep_vap_absorption_threshold:direction=all:min_zone_ratio=1.05:min_zone_volume=5,liquidity_sweep_vap_absorption_reversal,all,1.05,5,11,10,0,10,0,0,-1760,-176,4,6,post-diagnostic VAP threshold sweep
1,chronological_train_dates=8_holdout_dates=7,holdout,false,2026-06-04;2026-06-08;2026-06-10;2026-06-11;2026-06-12;2026-06-17;2026-06-19,liquidity_sweep_vap_absorption_threshold:direction=long:min_zone_ratio=1.05:min_zone_volume=5,liquidity_sweep_vap_absorption_reversal,long,1.05,5,11,4,0,4,0,0,-626.5,-156.625,4,0,post-diagnostic VAP threshold sweep
1,chronological_train_dates=8_holdout_dates=7,holdout,false,2026-06-04;2026-06-08;2026-06-10;2026-06-11;2026-06-12;2026-06-17;2026-06-19,liquidity_sweep_vap_absorption_threshold:direction=short:min_zone_ratio=1.05:min_zone_volume=5,liquidity_sweep_vap_absorption_reversal,short,1.05,5,11,6,0,6,0,0,-1133.5,-188.91666667,0,6,post-diagnostic VAP threshold sweep
1,chronological_train_dates=8_holdout_dates=7,holdout,false,2026-06-04;2026-06-08;2026-06-10;2026-06-11;2026-06-12;2026-06-17;2026-06-19,liquidity_sweep_vap_absorption_threshold:direction=all:min_zone_ratio=1.05:min_zone_volume=10,liquidity_sweep_vap_absorption_reversal,all,1.05,10,11,5,0,5,0,0,-880,-176,2,3,post-diagnostic VAP threshold sweep
1,chronological_train_dates=8_holdout_dates=7,holdout,false,2026-06-04;2026-06-08;2026-06-10;2026-06-11;2026-06-12;2026-06-17;2026-06-19,liquidity_sweep_vap_absorption_threshold:direction=long:min_zone_ratio=1.05:min_zone_volume=10,liquidity_sweep_vap_absorption_reversal,long,1.05,10,11,2,0,2,0,0,-294.5,-147.25,2,0,post-diagnostic VAP threshold sweep
1,chronological_train_dates=8_holdout_dates=7,holdout,false,2026-06-04;2026-06-08;2026-06-10;2026-06-11;2026-06-12;2026-06-17;2026-06-19,liquidity_sweep_vap_absorption_threshold:direction=short:min_zone_ratio=1.05:min_zone_volume=10,liquidity_sweep_vap_absorption_reversal,short,1.05,10,11,3,0,3,0,0,-585.5,-195.16666667,0,3,post-diagnostic VAP threshold sweep
1,chronological_train_dates=8_holdout_dates=7,holdout,false,2026-06-04;2026-06-08;2026-06-10;2026-06-11;2026-06-12;2026-06-17;2026-06-19,liquidity_sweep_vap_absorption_threshold:direction=all:min_zone_ratio=1.05:min_zone_volume=20,liquidity_sweep_vap_absorption_reversal,all,1.05,20,11,5,0,5,0,0,-880,-176,2,3,post-diagnostic VAP threshold sweep
1,chronological_train_dates=8_holdout_dates=7,holdout,false,2026-06-04;2026-06-08;2026-06-10;2026-06-11;2026-06-12;2026-06-17;2026-06-19,liquidity_sweep_vap_absorption_threshold:direction=long:min_zone_ratio=1.05:min_zone_volume=20,liquidity_sweep_vap_absorption_reversal,long,1.05,20,11,2,0,2,0,0,-294.5,-147.25,2,0,post-diagnostic VAP threshold sweep
1,chronological_train_dates=8_holdout_dates=7,holdout,false,2026-06-04;2026-06-08;2026-06-10;2026-06-11;2026-06-12;2026-06-17;2026-06-19,liquidity_sweep_vap_absorption_threshold:direction=short:min_zone_ratio=1.05:min_zone_volume=20,liquidity_sweep_vap_absorption_reversal,short,1.05,20,11,3,0,3,0,0,-585.5,-195.16666667,0,3,post-diagnostic VAP threshold sweep
1,chronological_train_dates=8_holdout_dates=7,holdout,false,2026-06-04;2026-06-08;2026-06-10;2026-06-11;2026-06-12;2026-06-17;2026-06-19,liquidity_sweep_vap_absorption_threshold:direction=all:min_zone_ratio=1.05:min_zone_volume=50,liquidity_sweep_vap_absorption_reversal,all,1.05,50,11,5,0,5,0,0,-880,-176,2,3,post-diagnostic VAP threshold sweep
1,chronological_train_dates=8_holdout_dates=7,holdout,false,2026-06-04;2026-06-08;2026-06-10;2026-06-11;2026-06-12;2026-06-17;2026-06-19,liquidity_sweep_vap_absorption_threshold:direction=long:min_zone_ratio=1.05:min_zone_volume=50,liquidity_sweep_vap_absorption_reversal,long,1.05,50,11,2,0,2,0,0,-294.5,-147.25,2,0,post-diagnostic VAP threshold sweep
1,chronological_train_dates=8_holdout_dates=7,holdout,false,2026-06-04;2026-06-08;2026-06-10;2026-06-11;2026-06-12;2026-06-17;2026-06-19,liquidity_sweep_vap_absorption_threshold:direction=short:min_zone_ratio=1.05:min_zone_volume=50,liquidity_sweep_vap_absorption_reversal,short,1.05,50,11,3,0,3,0,0,-585.5,-195.16666667,0,3,post-diagnostic VAP threshold sweep
1,chronological_train_dates=8_holdout_dates=7,holdout,false,2026-06-04;2026-06-08;2026-06-10;2026-06-11;2026-06-12;2026-06-17;2026-06-19,liquidity_sweep_vap_absorption_threshold:direction=all:min_zone_ratio=1.05:min_zone_volume=100,liquidity_sweep_vap_absorption_reversal,all,1.05,100,11,1,0,1,0,0,-116,-116,0,1,post-diagnostic VAP threshold sweep
1,chronological_train_dates=8_holdout_dates=7,holdout,false,2026-06-04;2026-06-08;2026-06-10;2026-06-11;2026-06-12;2026-06-17;2026-06-19,liquidity_sweep_vap_absorption_threshold:direction=long:min_zone_ratio=1.05:min_zone_volume=100,liquidity_sweep_vap_absorption_reversal,long,1.05,100,11,0,0,0,0,0,0,0,0,0,post-diagnostic VAP threshold sweep
1,chronological_train_dates=8_holdout_dates=7,holdout,false,2026-06-04;2026-06-08;2026-06-10;2026-06-11;2026-06-12;2026-06-17;2026-06-19,liquidity_sweep_vap_absorption_threshold:direction=short:min_zone_ratio=1.05:min_zone_volume=100,liquidity_sweep_vap_absorption_reversal,short,1.05,100,11,1,0,1,0,0,-116,-116,0,1,post-diagnostic VAP threshold sweep
1,chronological_train_dates=8_holdout_dates=7,holdout,false,2026-06-04;2026-06-08;2026-06-10;2026-06-11;2026-06-12;2026-06-17;2026-06-19,liquidity_sweep_vap_absorption_threshold:direction=all:min_zone_ratio=1.05:min_zone_volume=150,liquidity_sweep_vap_absorption_reversal,all,1.05,150,11,1,0,1,0,0,-116,-116,0,1,post-diagnostic VAP threshold sweep
1,chronological_train_dates=8_holdout_dates=7,holdout,false,2026-06-04;2026-06-08;2026-06-10;2026-06-11;2026-06-12;2026-06-17;2026-06-19,liquidity_sweep_vap_absorption_threshold:direction=long:min_zone_ratio=1.05:min_zone_volume=150,liquidity_sweep_vap_absorption_reversal,long,1.05,150,11,0,0,0,0,0,0,0,0,0,post-diagnostic VAP threshold sweep
1,chronological_train_dates=8_holdout_dates=7,holdout,false,2026-06-04;2026-06-08;2026-06-10;2026-06-11;2026-06-12;2026-06-17;2026-06-19,liquidity_sweep_vap_absorption_threshold:direction=short:min_zone_ratio=1.05:min_zone_volume=150,liquidity_sweep_vap_absorption_reversal,short,1.05,150,11,1,0,1,0,0,-116,-116,0,1,post-diagnostic VAP threshold sweep
1,chronological_train_dates=8_holdout_dates=7,holdout,false,2026-06-04;2026-06-08;2026-06-10;2026-06-11;2026-06-12;2026-06-17;2026-06-19,liquidity_sweep_vap_absorption_threshold:direction=all:min_zone_ratio=1.05:min_zone_volume=200,liquidity_sweep_vap_absorption_reversal,all,1.05,200,11,1,0,1,0,0,-116,-116,0,1,post-diagnostic VAP threshold sweep
1,chronological_train_dates=8_holdout_dates=7,holdout,false,2026-06-04;2026-06-08;2026-06-10;2026-06-11;2026-06-12;2026-06-17;2026-06-19,liquidity_sweep_vap_absorption_threshold:direction=long:min_zone_ratio=1.05:min_zone_volume=200,liquidity_sweep_vap_absorption_reversal,long,1.05,200,11,0,0,0,0,0,0,0,0,0,post-diagnostic VAP threshold sweep
1,chronological_train_dates=8_holdout_dates=7,holdout,false,2026-06-04;2026-06-08;2026-06-10;2026-06-11;2026-06-12;2026-06-17;2026-06-19,liquidity_sweep_vap_absorption_threshold:direction=short:min_zone_ratio=1.05:min_zone_volume=200,liquidity_sweep_vap_absorption_reversal,short,1.05,200,11,1,0,1,0,0,-116,-116,0,1,post-diagnostic VAP threshold sweep
1,chronological_train_dates=8_holdout_dates=7,holdout,false,2026-06-04;2026-06-08;2026-06-10;2026-06-11;2026-06-12;2026-06-17;2026-06-19,liquidity_sweep_vap_absorption_threshold:direction=all:min_zone_ratio=1.05:min_zone_volume=300,liquidity_sweep_vap_absorption_reversal,all,1.05,300,11,0,0,0,0,0,0,0,0,0,post-diagnostic VAP threshold sweep
1,chronological_train_dates=8_holdout_dates=7,holdout,false,2026-06-04;2026-06-08;2026-06-10;2026-06-11;2026-06-12;2026-06-17;2026-06-19,liquidity_sweep_vap_absorption_threshold:direction=long:min_zone_ratio=1.05:min_zone_volume=300,liquidity_sweep_vap_absorption_reversal,long,1.05,300,11,0,0,0,0,0,0,0,0,0,post-diagnostic VAP threshold sweep
1,chronological_train_dates=8_holdout_dates=7,holdout,false,2026-06-04;2026-06-08;2026-06-10;2026-06-11;2026-06-12;2026-06-17;2026-06-19,liquidity_sweep_vap_absorption_threshold:direction=short:min_zone_ratio=1.05:min_zone_volume=300,liquidity_sweep_vap_absorption_reversal,short,1.05,300,11,0,0,0,0,0,0,0,0,0,post-diagnostic VAP threshold sweep
1,chronological_train_dates=8_holdout_dates=7,holdout,false,2026-06-04;2026-06-08;2026-06-10;2026-06-11;2026-06-12;2026-06-17;2026-06-19,liquidity_sweep_vap_absorption_threshold:direction=all:min_zone_ratio=1.05:min_zone_volume=500,liquidity_sweep_vap_absorption_reversal,all,1.05,500,11,0,0,0,0,0,0,0,0,0,post-diagnostic VAP threshold sweep
1,chronological_train_dates=8_holdout_dates=7,holdout,false,2026-06-04;2026-06-08;2026-06-10;2026-06-11;2026-06-12;2026-06-17;2026-06-19,liquidity_sweep_vap_absorption_threshold:direction=long:min_zone_ratio=1.05:min_zone_volume=500,liquidity_sweep_vap_absorption_reversal,long,1.05,500,11,0,0,0,0,0,0,0,0,0,post-diagnostic VAP threshold sweep
1,chronological_train_dates=8_holdout_dates=7,holdout,false,2026-06-04;2026-06-08;2026-06-10;2026-06-11;2026-06-12;2026-06-17;2026-06-19,liquidity_sweep_vap_absorption_threshold:direction=short:min_zone_ratio=1.05:min_zone_volume=500,liquidity_sweep_vap_absorption_reversal,short,1.05,500,11,0,0,0,0,0,0,0,0,0,post-diagnostic VAP threshold sweep
1,chronological_train_dates=8_holdout_dates=7,holdout,false,2026-06-04;2026-06-08;2026-06-10;2026-06-11;2026-06-12;2026-06-17;2026-06-19,liquidity_sweep_vap_absorption_threshold:direction=all:min_zone_ratio=1.05:min_zone_volume=750,liquidity_sweep_vap_absorption_reversal,all,1.05,750,11,0,0,0,0,0,0,0,0,0,post-diagnostic VAP threshold sweep
1,chronological_train_dates=8_holdout_dates=7,holdout,false,2026-06-04;2026-06-08;2026-06-10;2026-06-11;2026-06-12;2026-06-17;2026-06-19,liquidity_sweep_vap_absorption_threshold:direction=long:min_zone_ratio=1.05:min_zone_volume=750,liquidity_sweep_vap_absorption_reversal,long,1.05,750,11,0,0,0,0,0,0,0,0,0,post-diagnostic VAP threshold sweep
1,chronological_train_dates=8_holdout_dates=7,holdout,false,2026-06-04;2026-06-08;2026-06-10;2026-06-11;2026-06-12;2026-06-17;2026-06-19,liquidity_sweep_vap_absorption_threshold:direction=short:min_zone_ratio=1.05:min_zone_volume=750,liquidity_sweep_vap_absorption_reversal,short,1.05,750,11,0,0,0,0,0,0,0,0,0,post-diagnostic VAP threshold sweep
1,chronological_train_dates=8_holdout_dates=7,holdout,false,2026-06-04;2026-06-08;2026-06-10;2026-06-11;2026-06-12;2026-06-17;2026-06-19,liquidity_sweep_vap_absorption_threshold:direction=all:min_zone_ratio=1.05:min_zone_volume=1000,liquidity_sweep_vap_absorption_reversal,all,1.05,1000,11,0,0,0,0,0,0,0,0,0,post-diagnostic VAP threshold sweep
1,chronological_train_dates=8_holdout_dates=7,holdout,false,2026-06-04;2026-06-08;2026-06-10;2026-06-11;2026-06-12;2026-06-17;2026-06-19,liquidity_sweep_vap_absorption_threshold:direction=long:min_zone_ratio=1.05:min_zone_volume=1000,liquidity_sweep_vap_absorption_reversal,long,1.05,1000,11,0,0,0,0,0,0,0,0,0,post-diagnostic VAP threshold sweep
1,chronological_train_dates=8_holdout_dates=7,holdout,false,2026-06-04;2026-06-08;2026-06-10;2026-06-11;2026-06-12;2026-06-17;2026-06-19,liquidity_sweep_vap_absorption_threshold:direction=short:min_zone_ratio=1.05:min_zone_volume=1000,liquidity_sweep_vap_absorption_reversal,short,1.05,1000,11,0,0,0,0,0,0,0,0,0,post-diagnostic VAP threshold sweep
1,chronological_train_dates=8_holdout_dates=7,holdout,false,2026-06-04;2026-06-08;2026-06-10;2026-06-11;2026-06-12;2026-06-17;2026-06-19,liquidity_sweep_vap_absorption_threshold:direction=all:min_zone_ratio=1.1:min_zone_volume=0,liquidity_sweep_vap_absorption_reversal,all,1.1,0,11,11,0,11,0,0,-2163.5,-196.68181818,5,6,post-diagnostic VAP threshold sweep
1,chronological_train_dates=8_holdout_dates=7,holdout,false,2026-06-04;2026-06-08;2026-06-10;2026-06-11;2026-06-12;2026-06-17;2026-06-19,liquidity_sweep_vap_absorption_threshold:direction=long:min_zone_ratio=1.1:min_zone_volume=0,liquidity_sweep_vap_absorption_reversal,long,1.1,0,11,5,0,5,0,0,-1030,-206,5,0,post-diagnostic VAP threshold sweep
1,chronological_train_dates=8_holdout_dates=7,holdout,false,2026-06-04;2026-06-08;2026-06-10;2026-06-11;2026-06-12;2026-06-17;2026-06-19,liquidity_sweep_vap_absorption_threshold:direction=short:min_zone_ratio=1.1:min_zone_volume=0,liquidity_sweep_vap_absorption_reversal,short,1.1,0,11,6,0,6,0,0,-1133.5,-188.91666667,0,6,post-diagnostic VAP threshold sweep
1,chronological_train_dates=8_holdout_dates=7,holdout,false,2026-06-04;2026-06-08;2026-06-10;2026-06-11;2026-06-12;2026-06-17;2026-06-19,liquidity_sweep_vap_absorption_threshold:direction=all:min_zone_ratio=1.1:min_zone_volume=5,liquidity_sweep_vap_absorption_reversal,all,1.1,5,11,10,0,10,0,0,-1760,-176,4,6,post-diagnostic VAP threshold sweep
1,chronological_train_dates=8_holdout_dates=7,holdout,false,2026-06-04;2026-06-08;2026-06-10;2026-06-11;2026-06-12;2026-06-17;2026-06-19,liquidity_sweep_vap_absorption_threshold:direction=long:min_zone_ratio=1.1:min_zone_volume=5,liquidity_sweep_vap_absorption_reversal,long,1.1,5,11,4,0,4,0,0,-626.5,-156.625,4,0,post-diagnostic VAP threshold sweep
1,chronological_train_dates=8_holdout_dates=7,holdout,false,2026-06-04;2026-06-08;2026-06-10;2026-06-11;2026-06-12;2026-06-17;2026-06-19,liquidity_sweep_vap_absorption_threshold:direction=short:min_zone_ratio=1.1:min_zone_volume=5,liquidity_sweep_vap_absorption_reversal,short,1.1,5,11,6,0,6,0,0,-1133.5,-188.91666667,0,6,post-diagnostic VAP threshold sweep
1,chronological_train_dates=8_holdout_dates=7,holdout,false,2026-06-04;2026-06-08;2026-06-10;2026-06-11;2026-06-12;2026-06-17;2026-06-19,liquidity_sweep_vap_absorption_threshold:direction=all:min_zone_ratio=1.1:min_zone_volume=10,liquidity_sweep_vap_absorption_reversal,all,1.1,10,11,5,0,5,0,0,-880,-176,2,3,post-diagnostic VAP threshold sweep
1,chronological_train_dates=8_holdout_dates=7,holdout,false,2026-06-04;2026-06-08;2026-06-10;2026-06-11;2026-06-12;2026-06-17;2026-06-19,liquidity_sweep_vap_absorption_threshold:direction=long:min_zone_ratio=1.1:min_zone_volume=10,liquidity_sweep_vap_absorption_reversal,long,1.1,10,11,2,0,2,0,0,-294.5,-147.25,2,0,post-diagnostic VAP threshold sweep
1,chronological_train_dates=8_holdout_dates=7,holdout,false,2026-06-04;2026-06-08;2026-06-10;2026-06-11;2026-06-12;2026-06-17;2026-06-19,liquidity_sweep_vap_absorption_threshold:direction=short:min_zone_ratio=1.1:min_zone_volume=10,liquidity_sweep_vap_absorption_reversal,short,1.1,10,11,3,0,3,0,0,-585.5,-195.16666667,0,3,post-diagnostic VAP threshold sweep
1,chronological_train_dates=8_holdout_dates=7,holdout,false,2026-06-04;2026-06-08;2026-06-10;2026-06-11;2026-06-12;2026-06-17;2026-06-19,liquidity_sweep_vap_absorption_threshold:direction=all:min_zone_ratio=1.1:min_zone_volume=20,liquidity_sweep_vap_absorption_reversal,all,1.1,20,11,5,0,5,0,0,-880,-176,2,3,post-diagnostic VAP threshold sweep
1,chronological_train_dates=8_holdout_dates=7,holdout,false,2026-06-04;2026-06-08;2026-06-10;2026-06-11;2026-06-12;2026-06-17;2026-06-19,liquidity_sweep_vap_absorption_threshold:direction=long:min_zone_ratio=1.1:min_zone_volume=20,liquidity_sweep_vap_absorption_reversal,long,1.1,20,11,2,0,2,0,0,-294.5,-147.25,2,0,post-diagnostic VAP threshold sweep
1,chronological_train_dates=8_holdout_dates=7,holdout,false,2026-06-04;2026-06-08;2026-06-10;2026-06-11;2026-06-12;2026-06-17;2026-06-19,liquidity_sweep_vap_absorption_threshold:direction=short:min_zone_ratio=1.1:min_zone_volume=20,liquidity_sweep_vap_absorption_reversal,short,1.1,20,11,3,0,3,0,0,-585.5,-195.16666667,0,3,post-diagnostic VAP threshold sweep
1,chronological_train_dates=8_holdout_dates=7,holdout,false,2026-06-04;2026-06-08;2026-06-10;2026-06-11;2026-06-12;2026-06-17;2026-06-19,liquidity_sweep_vap_absorption_threshold:direction=all:min_zone_ratio=1.1:min_zone_volume=50,liquidity_sweep_vap_absorption_reversal,all,1.1,50,11,5,0,5,0,0,-880,-176,2,3,post-diagnostic VAP threshold sweep
1,chronological_train_dates=8_holdout_dates=7,holdout,false,2026-06-04;2026-06-08;2026-06-10;2026-06-11;2026-06-12;2026-06-17;2026-06-19,liquidity_sweep_vap_absorption_threshold:direction=long:min_zone_ratio=1.1:min_zone_volume=50,liquidity_sweep_vap_absorption_reversal,long,1.1,50,11,2,0,2,0,0,-294.5,-147.25,2,0,post-diagnostic VAP threshold sweep
1,chronological_train_dates=8_holdout_dates=7,holdout,false,2026-06-04;2026-06-08;2026-06-10;2026-06-11;2026-06-12;2026-06-17;2026-06-19,liquidity_sweep_vap_absorption_threshold:direction=short:min_zone_ratio=1.1:min_zone_volume=50,liquidity_sweep_vap_absorption_reversal,short,1.1,50,11,3,0,3,0,0,-585.5,-195.16666667,0,3,post-diagnostic VAP threshold sweep
1,chronological_train_dates=8_holdout_dates=7,holdout,false,2026-06-04;2026-06-08;2026-06-10;2026-06-11;2026-06-12;2026-06-17;2026-06-19,liquidity_sweep_vap_absorption_threshold:direction=all:min_zone_ratio=1.1:min_zone_volume=100,liquidity_sweep_vap_absorption_reversal,all,1.1,100,11,1,0,1,0,0,-116,-116,0,1,post-diagnostic VAP threshold sweep
1,chronological_train_dates=8_holdout_dates=7,holdout,false,2026-06-04;2026-06-08;2026-06-10;2026-06-11;2026-06-12;2026-06-17;2026-06-19,liquidity_sweep_vap_absorption_threshold:direction=long:min_zone_ratio=1.1:min_zone_volume=100,liquidity_sweep_vap_absorption_reversal,long,1.1,100,11,0,0,0,0,0,0,0,0,0,post-diagnostic VAP threshold sweep
1,chronological_train_dates=8_holdout_dates=7,holdout,false,2026-06-04;2026-06-08;2026-06-10;2026-06-11;2026-06-12;2026-06-17;2026-06-19,liquidity_sweep_vap_absorption_threshold:direction=short:min_zone_ratio=1.1:min_zone_volume=100,liquidity_sweep_vap_absorption_reversal,short,1.1,100,11,1,0,1,0,0,-116,-116,0,1,post-diagnostic VAP threshold sweep
1,chronological_train_dates=8_holdout_dates=7,holdout,false,2026-06-04;2026-06-08;2026-06-10;2026-06-11;2026-06-12;2026-06-17;2026-06-19,liquidity_sweep_vap_absorption_threshold:direction=all:min_zone_ratio=1.1:min_zone_volume=150,liquidity_sweep_vap_absorption_reversal,all,1.1,150,11,1,0,1,0,0,-116,-116,0,1,post-diagnostic VAP threshold sweep
1,chronological_train_dates=8_holdout_dates=7,holdout,false,2026-06-04;2026-06-08;2026-06-10;2026-06-11;2026-06-12;2026-06-17;2026-06-19,liquidity_sweep_vap_absorption_threshold:direction=long:min_zone_ratio=1.1:min_zone_volume=150,liquidity_sweep_vap_absorption_reversal,long,1.1,150,11,0,0,0,0,0,0,0,0,0,post-diagnostic VAP threshold sweep
1,chronological_train_dates=8_holdout_dates=7,holdout,false,2026-06-04;2026-06-08;2026-06-10;2026-06-11;2026-06-12;2026-06-17;2026-06-19,liquidity_sweep_vap_absorption_threshold:direction=short:min_zone_ratio=1.1:min_zone_volume=150,liquidity_sweep_vap_absorption_reversal,short,1.1,150,11,1,0,1,0,0,-116,-116,0,1,post-diagnostic VAP threshold sweep
1,chronological_train_dates=8_holdout_dates=7,holdout,false,2026-06-04;2026-06-08;2026-06-10;2026-06-11;2026-06-12;2026-06-17;2026-06-19,liquidity_sweep_vap_absorption_threshold:direction=all:min_zone_ratio=1.1:min_zone_volume=200,liquidity_sweep_vap_absorption_reversal,all,1.1,200,11,1,0,1,0,0,-116,-116,0,1,post-diagnostic VAP threshold sweep
1,chronological_train_dates=8_holdout_dates=7,holdout,false,2026-06-04;2026-06-08;2026-06-10;2026-06-11;2026-06-12;2026-06-17;2026-06-19,liquidity_sweep_vap_absorption_threshold:direction=long:min_zone_ratio=1.1:min_zone_volume=200,liquidity_sweep_vap_absorption_reversal,long,1.1,200,11,0,0,0,0,0,0,0,0,0,post-diagnostic VAP threshold sweep
1,chronological_train_dates=8_holdout_dates=7,holdout,false,2026-06-04;2026-06-08;2026-06-10;2026-06-11;2026-06-12;2026-06-17;2026-06-19,liquidity_sweep_vap_absorption_threshold:direction=short:min_zone_ratio=1.1:min_zone_volume=200,liquidity_sweep_vap_absorption_reversal,short,1.1,200,11,1,0,1,0,0,-116,-116,0,1,post-diagnostic VAP threshold sweep
1,chronological_train_dates=8_holdout_dates=7,holdout,false,2026-06-04;2026-06-08;2026-06-10;2026-06-11;2026-06-12;2026-06-17;2026-06-19,liquidity_sweep_vap_absorption_threshold:direction=all:min_zone_ratio=1.1:min_zone_volume=300,liquidity_sweep_vap_absorption_reversal,all,1.1,300,11,0,0,0,0,0,0,0,0,0,post-diagnostic VAP threshold sweep
1,chronological_train_dates=8_holdout_dates=7,holdout,false,2026-06-04;2026-06-08;2026-06-10;2026-06-11;2026-06-12;2026-06-17;2026-06-19,liquidity_sweep_vap_absorption_threshold:direction=long:min_zone_ratio=1.1:min_zone_volume=300,liquidity_sweep_vap_absorption_reversal,long,1.1,300,11,0,0,0,0,0,0,0,0,0,post-diagnostic VAP threshold sweep
1,chronological_train_dates=8_holdout_dates=7,holdout,false,2026-06-04;2026-06-08;2026-06-10;2026-06-11;2026-06-12;2026-06-17;2026-06-19,liquidity_sweep_vap_absorption_threshold:direction=short:min_zone_ratio=1.1:min_zone_volume=300,liquidity_sweep_vap_absorption_reversal,short,1.1,300,11,0,0,0,0,0,0,0,0,0,post-diagnostic VAP threshold sweep
1,chronological_train_dates=8_holdout_dates=7,holdout,false,2026-06-04;2026-06-08;2026-06-10;2026-06-11;2026-06-12;2026-06-17;2026-06-19,liquidity_sweep_vap_absorption_threshold:direction=all:min_zone_ratio=1.1:min_zone_volume=500,liquidity_sweep_vap_absorption_reversal,all,1.1,500,11,0,0,0,0,0,0,0,0,0,post-diagnostic VAP threshold sweep
1,chronological_train_dates=8_holdout_dates=7,holdout,false,2026-06-04;2026-06-08;2026-06-10;2026-06-11;2026-06-12;2026-06-17;2026-06-19,liquidity_sweep_vap_absorption_threshold:direction=long:min_zone_ratio=1.1:min_zone_volume=500,liquidity_sweep_vap_absorption_reversal,long,1.1,500,11,0,0,0,0,0,0,0,0,0,post-diagnostic VAP threshold sweep
1,chronological_train_dates=8_holdout_dates=7,holdout,false,2026-06-04;2026-06-08;2026-06-10;2026-06-11;2026-06-12;2026-06-17;2026-06-19,liquidity_sweep_vap_absorption_threshold:direction=short:min_zone_ratio=1.1:min_zone_volume=500,liquidity_sweep_vap_absorption_reversal,short,1.1,500,11,0,0,0,0,0,0,0,0,0,post-diagnostic VAP threshold sweep
1,chronological_train_dates=8_holdout_dates=7,holdout,false,2026-06-04;2026-06-08;2026-06-10;2026-06-11;2026-06-12;2026-06-17;2026-06-19,liquidity_sweep_vap_absorption_threshold:direction=all:min_zone_ratio=1.1:min_zone_volume=750,liquidity_sweep_vap_absorption_reversal,all,1.1,750,11,0,0,0,0,0,0,0,0,0,post-diagnostic VAP threshold sweep
1,chronological_train_dates=8_holdout_dates=7,holdout,false,2026-06-04;2026-06-08;2026-06-10;2026-06-11;2026-06-12;2026-06-17;2026-06-19,liquidity_sweep_vap_absorption_threshold:direction=long:min_zone_ratio=1.1:min_zone_volume=750,liquidity_sweep_vap_absorption_reversal,long,1.1,750,11,0,0,0,0,0,0,0,0,0,post-diagnostic VAP threshold sweep
1,chronological_train_dates=8_holdout_dates=7,holdout,false,2026-06-04;2026-06-08;2026-06-10;2026-06-11;2026-06-12;2026-06-17;2026-06-19,liquidity_sweep_vap_absorption_threshold:direction=short:min_zone_ratio=1.1:min_zone_volume=750,liquidity_sweep_vap_absorption_reversal,short,1.1,750,11,0,0,0,0,0,0,0,0,0,post-diagnostic VAP threshold sweep
1,chronological_train_dates=8_holdout_dates=7,holdout,false,2026-06-04;2026-06-08;2026-06-10;2026-06-11;2026-06-12;2026-06-17;2026-06-19,liquidity_sweep_vap_absorption_threshold:direction=all:min_zone_ratio=1.1:min_zone_volume=1000,liquidity_sweep_vap_absorption_reversal,all,1.1,1000,11,0,0,0,0,0,0,0,0,0,post-diagnostic VAP threshold sweep
1,chronological_train_dates=8_holdout_dates=7,holdout,false,2026-06-04;2026-06-08;2026-06-10;2026-06-11;2026-06-12;2026-06-17;2026-06-19,liquidity_sweep_vap_absorption_threshold:direction=long:min_zone_ratio=1.1:min_zone_volume=1000,liquidity_sweep_vap_absorption_reversal,long,1.1,1000,11,0,0,0,0,0,0,0,0,0,post-diagnostic VAP threshold sweep
1,chronological_train_dates=8_holdout_dates=7,holdout,false,2026-06-04;2026-06-08;2026-06-10;2026-06-11;2026-06-12;2026-06-17;2026-06-19,liquidity_sweep_vap_absorption_threshold:direction=short:min_zone_ratio=1.1:min_zone_volume=1000,liquidity_sweep_vap_absorption_reversal,short,1.1,1000,11,0,0,0,0,0,0,0,0,0,post-diagnostic VAP threshold sweep
1,chronological_train_dates=8_holdout_dates=7,holdout,false,2026-06-04;2026-06-08;2026-06-10;2026-06-11;2026-06-12;2026-06-17;2026-06-19,liquidity_sweep_vap_absorption_threshold:direction=all:min_zone_ratio=1.25:min_zone_volume=0,liquidity_sweep_vap_absorption_reversal,all,1.25,0,11,11,0,11,0,0,-2163.5,-196.68181818,5,6,post-diagnostic VAP threshold sweep
1,chronological_train_dates=8_holdout_dates=7,holdout,false,2026-06-04;2026-06-08;2026-06-10;2026-06-11;2026-06-12;2026-06-17;2026-06-19,liquidity_sweep_vap_absorption_threshold:direction=long:min_zone_ratio=1.25:min_zone_volume=0,liquidity_sweep_vap_absorption_reversal,long,1.25,0,11,5,0,5,0,0,-1030,-206,5,0,post-diagnostic VAP threshold sweep
1,chronological_train_dates=8_holdout_dates=7,holdout,false,2026-06-04;2026-06-08;2026-06-10;2026-06-11;2026-06-12;2026-06-17;2026-06-19,liquidity_sweep_vap_absorption_threshold:direction=short:min_zone_ratio=1.25:min_zone_volume=0,liquidity_sweep_vap_absorption_reversal,short,1.25,0,11,6,0,6,0,0,-1133.5,-188.91666667,0,6,post-diagnostic VAP threshold sweep
1,chronological_train_dates=8_holdout_dates=7,holdout,false,2026-06-04;2026-06-08;2026-06-10;2026-06-11;2026-06-12;2026-06-17;2026-06-19,liquidity_sweep_vap_absorption_threshold:direction=all:min_zone_ratio=1.25:min_zone_volume=5,liquidity_sweep_vap_absorption_reversal,all,1.25,5,11,10,0,10,0,0,-1760,-176,4,6,post-diagnostic VAP threshold sweep
1,chronological_train_dates=8_holdout_dates=7,holdout,false,2026-06-04;2026-06-08;2026-06-10;2026-06-11;2026-06-12;2026-06-17;2026-06-19,liquidity_sweep_vap_absorption_threshold:direction=long:min_zone_ratio=1.25:min_zone_volume=5,liquidity_sweep_vap_absorption_reversal,long,1.25,5,11,4,0,4,0,0,-626.5,-156.625,4,0,post-diagnostic VAP threshold sweep
1,chronological_train_dates=8_holdout_dates=7,holdout,false,2026-06-04;2026-06-08;2026-06-10;2026-06-11;2026-06-12;2026-06-17;2026-06-19,liquidity_sweep_vap_absorption_threshold:direction=short:min_zone_ratio=1.25:min_zone_volume=5,liquidity_sweep_vap_absorption_reversal,short,1.25,5,11,6,0,6,0,0,-1133.5,-188.91666667,0,6,post-diagnostic VAP threshold sweep
1,chronological_train_dates=8_holdout_dates=7,holdout,false,2026-06-04;2026-06-08;2026-06-10;2026-06-11;2026-06-12;2026-06-17;2026-06-19,liquidity_sweep_vap_absorption_threshold:direction=all:min_zone_ratio=1.25:min_zone_volume=10,liquidity_sweep_vap_absorption_reversal,all,1.25,10,11,5,0,5,0,0,-880,-176,2,3,post-diagnostic VAP threshold sweep
1,chronological_train_dates=8_holdout_dates=7,holdout,false,2026-06-04;2026-06-08;2026-06-10;2026-06-11;2026-06-12;2026-06-17;2026-06-19,liquidity_sweep_vap_absorption_threshold:direction=long:min_zone_ratio=1.25:min_zone_volume=10,liquidity_sweep_vap_absorption_reversal,long,1.25,10,11,2,0,2,0,0,-294.5,-147.25,2,0,post-diagnostic VAP threshold sweep
1,chronological_train_dates=8_holdout_dates=7,holdout,false,2026-06-04;2026-06-08;2026-06-10;2026-06-11;2026-06-12;2026-06-17;2026-06-19,liquidity_sweep_vap_absorption_threshold:direction=short:min_zone_ratio=1.25:min_zone_volume=10,liquidity_sweep_vap_absorption_reversal,short,1.25,10,11,3,0,3,0,0,-585.5,-195.16666667,0,3,post-diagnostic VAP threshold sweep
1,chronological_train_dates=8_holdout_dates=7,holdout,false,2026-06-04;2026-06-08;2026-06-10;2026-06-11;2026-06-12;2026-06-17;2026-06-19,liquidity_sweep_vap_absorption_threshold:direction=all:min_zone_ratio=1.25:min_zone_volume=20,liquidity_sweep_vap_absorption_reversal,all,1.25,20,11,5,0,5,0,0,-880,-176,2,3,post-diagnostic VAP threshold sweep
1,chronological_train_dates=8_holdout_dates=7,holdout,false,2026-06-04;2026-06-08;2026-06-10;2026-06-11;2026-06-12;2026-06-17;2026-06-19,liquidity_sweep_vap_absorption_threshold:direction=long:min_zone_ratio=1.25:min_zone_volume=20,liquidity_sweep_vap_absorption_reversal,long,1.25,20,11,2,0,2,0,0,-294.5,-147.25,2,0,post-diagnostic VAP threshold sweep
1,chronological_train_dates=8_holdout_dates=7,holdout,false,2026-06-04;2026-06-08;2026-06-10;2026-06-11;2026-06-12;2026-06-17;2026-06-19,liquidity_sweep_vap_absorption_threshold:direction=short:min_zone_ratio=1.25:min_zone_volume=20,liquidity_sweep_vap_absorption_reversal,short,1.25,20,11,3,0,3,0,0,-585.5,-195.16666667,0,3,post-diagnostic VAP threshold sweep
1,chronological_train_dates=8_holdout_dates=7,holdout,false,2026-06-04;2026-06-08;2026-06-10;2026-06-11;2026-06-12;2026-06-17;2026-06-19,liquidity_sweep_vap_absorption_threshold:direction=all:min_zone_ratio=1.25:min_zone_volume=50,liquidity_sweep_vap_absorption_reversal,all,1.25,50,11,5,0,5,0,0,-880,-176,2,3,post-diagnostic VAP threshold sweep
1,chronological_train_dates=8_holdout_dates=7,holdout,false,2026-06-04;2026-06-08;2026-06-10;2026-06-11;2026-06-12;2026-06-17;2026-06-19,liquidity_sweep_vap_absorption_threshold:direction=long:min_zone_ratio=1.25:min_zone_volume=50,liquidity_sweep_vap_absorption_reversal,long,1.25,50,11,2,0,2,0,0,-294.5,-147.25,2,0,post-diagnostic VAP threshold sweep
1,chronological_train_dates=8_holdout_dates=7,holdout,false,2026-06-04;2026-06-08;2026-06-10;2026-06-11;2026-06-12;2026-06-17;2026-06-19,liquidity_sweep_vap_absorption_threshold:direction=short:min_zone_ratio=1.25:min_zone_volume=50,liquidity_sweep_vap_absorption_reversal,short,1.25,50,11,3,0,3,0,0,-585.5,-195.16666667,0,3,post-diagnostic VAP threshold sweep
1,chronological_train_dates=8_holdout_dates=7,holdout,false,2026-06-04;2026-06-08;2026-06-10;2026-06-11;2026-06-12;2026-06-17;2026-06-19,liquidity_sweep_vap_absorption_threshold:direction=all:min_zone_ratio=1.25:min_zone_volume=100,liquidity_sweep_vap_absorption_reversal,all,1.25,100,11,1,0,1,0,0,-116,-116,0,1,post-diagnostic VAP threshold sweep
1,chronological_train_dates=8_holdout_dates=7,holdout,false,2026-06-04;2026-06-08;2026-06-10;2026-06-11;2026-06-12;2026-06-17;2026-06-19,liquidity_sweep_vap_absorption_threshold:direction=long:min_zone_ratio=1.25:min_zone_volume=100,liquidity_sweep_vap_absorption_reversal,long,1.25,100,11,0,0,0,0,0,0,0,0,0,post-diagnostic VAP threshold sweep
1,chronological_train_dates=8_holdout_dates=7,holdout,false,2026-06-04;2026-06-08;2026-06-10;2026-06-11;2026-06-12;2026-06-17;2026-06-19,liquidity_sweep_vap_absorption_threshold:direction=short:min_zone_ratio=1.25:min_zone_volume=100,liquidity_sweep_vap_absorption_reversal,short,1.25,100,11,1,0,1,0,0,-116,-116,0,1,post-diagnostic VAP threshold sweep
1,chronological_train_dates=8_holdout_dates=7,holdout,false,2026-06-04;2026-06-08;2026-06-10;2026-06-11;2026-06-12;2026-06-17;2026-06-19,liquidity_sweep_vap_absorption_threshold:direction=all:min_zone_ratio=1.25:min_zone_volume=150,liquidity_sweep_vap_absorption_reversal,all,1.25,150,11,1,0,1,0,0,-116,-116,0,1,post-diagnostic VAP threshold sweep
1,chronological_train_dates=8_holdout_dates=7,holdout,false,2026-06-04;2026-06-08;2026-06-10;2026-06-11;2026-06-12;2026-06-17;2026-06-19,liquidity_sweep_vap_absorption_threshold:direction=long:min_zone_ratio=1.25:min_zone_volume=150,liquidity_sweep_vap_absorption_reversal,long,1.25,150,11,0,0,0,0,0,0,0,0,0,post-diagnostic VAP threshold sweep
1,chronological_train_dates=8_holdout_dates=7,holdout,false,2026-06-04;2026-06-08;2026-06-10;2026-06-11;2026-06-12;2026-06-17;2026-06-19,liquidity_sweep_vap_absorption_threshold:direction=short:min_zone_ratio=1.25:min_zone_volume=150,liquidity_sweep_vap_absorption_reversal,short,1.25,150,11,1,0,1,0,0,-116,-116,0,1,post-diagnostic VAP threshold sweep
1,chronological_train_dates=8_holdout_dates=7,holdout,false,2026-06-04;2026-06-08;2026-06-10;2026-06-11;2026-06-12;2026-06-17;2026-06-19,liquidity_sweep_vap_absorption_threshold:direction=all:min_zone_ratio=1.25:min_zone_volume=200,liquidity_sweep_vap_absorption_reversal,all,1.25,200,11,1,0,1,0,0,-116,-116,0,1,post-diagnostic VAP threshold sweep
1,chronological_train_dates=8_holdout_dates=7,holdout,false,2026-06-04;2026-06-08;2026-06-10;2026-06-11;2026-06-12;2026-06-17;2026-06-19,liquidity_sweep_vap_absorption_threshold:direction=long:min_zone_ratio=1.25:min_zone_volume=200,liquidity_sweep_vap_absorption_reversal,long,1.25,200,11,0,0,0,0,0,0,0,0,0,post-diagnostic VAP threshold sweep
1,chronological_train_dates=8_holdout_dates=7,holdout,false,2026-06-04;2026-06-08;2026-06-10;2026-06-11;2026-06-12;2026-06-17;2026-06-19,liquidity_sweep_vap_absorption_threshold:direction=short:min_zone_ratio=1.25:min_zone_volume=200,liquidity_sweep_vap_absorption_reversal,short,1.25,200,11,1,0,1,0,0,-116,-116,0,1,post-diagnostic VAP threshold sweep
1,chronological_train_dates=8_holdout_dates=7,holdout,false,2026-06-04;2026-06-08;2026-06-10;2026-06-11;2026-06-12;2026-06-17;2026-06-19,liquidity_sweep_vap_absorption_threshold:direction=all:min_zone_ratio=1.25:min_zone_volume=300,liquidity_sweep_vap_absorption_reversal,all,1.25,300,11,0,0,0,0,0,0,0,0,0,post-diagnostic VAP threshold sweep
1,chronological_train_dates=8_holdout_dates=7,holdout,false,2026-06-04;2026-06-08;2026-06-10;2026-06-11;2026-06-12;2026-06-17;2026-06-19,liquidity_sweep_vap_absorption_threshold:direction=long:min_zone_ratio=1.25:min_zone_volume=300,liquidity_sweep_vap_absorption_reversal,long,1.25,300,11,0,0,0,0,0,0,0,0,0,post-diagnostic VAP threshold sweep
1,chronological_train_dates=8_holdout_dates=7,holdout,false,2026-06-04;2026-06-08;2026-06-10;2026-06-11;2026-06-12;2026-06-17;2026-06-19,liquidity_sweep_vap_absorption_threshold:direction=short:min_zone_ratio=1.25:min_zone_volume=300,liquidity_sweep_vap_absorption_reversal,short,1.25,300,11,0,0,0,0,0,0,0,0,0,post-diagnostic VAP threshold sweep
1,chronological_train_dates=8_holdout_dates=7,holdout,false,2026-06-04;2026-06-08;2026-06-10;2026-06-11;2026-06-12;2026-06-17;2026-06-19,liquidity_sweep_vap_absorption_threshold:direction=all:min_zone_ratio=1.25:min_zone_volume=500,liquidity_sweep_vap_absorption_reversal,all,1.25,500,11,0,0,0,0,0,0,0,0,0,post-diagnostic VAP threshold sweep
1,chronological_train_dates=8_holdout_dates=7,holdout,false,2026-06-04;2026-06-08;2026-06-10;2026-06-11;2026-06-12;2026-06-17;2026-06-19,liquidity_sweep_vap_absorption_threshold:direction=long:min_zone_ratio=1.25:min_zone_volume=500,liquidity_sweep_vap_absorption_reversal,long,1.25,500,11,0,0,0,0,0,0,0,0,0,post-diagnostic VAP threshold sweep
1,chronological_train_dates=8_holdout_dates=7,holdout,false,2026-06-04;2026-06-08;2026-06-10;2026-06-11;2026-06-12;2026-06-17;2026-06-19,liquidity_sweep_vap_absorption_threshold:direction=short:min_zone_ratio=1.25:min_zone_volume=500,liquidity_sweep_vap_absorption_reversal,short,1.25,500,11,0,0,0,0,0,0,0,0,0,post-diagnostic VAP threshold sweep
1,chronological_train_dates=8_holdout_dates=7,holdout,false,2026-06-04;2026-06-08;2026-06-10;2026-06-11;2026-06-12;2026-06-17;2026-06-19,liquidity_sweep_vap_absorption_threshold:direction=all:min_zone_ratio=1.25:min_zone_volume=750,liquidity_sweep_vap_absorption_reversal,all,1.25,750,11,0,0,0,0,0,0,0,0,0,post-diagnostic VAP threshold sweep
1,chronological_train_dates=8_holdout_dates=7,holdout,false,2026-06-04;2026-06-08;2026-06-10;2026-06-11;2026-06-12;2026-06-17;2026-06-19,liquidity_sweep_vap_absorption_threshold:direction=long:min_zone_ratio=1.25:min_zone_volume=750,liquidity_sweep_vap_absorption_reversal,long,1.25,750,11,0,0,0,0,0,0,0,0,0,post-diagnostic VAP threshold sweep
1,chronological_train_dates=8_holdout_dates=7,holdout,false,2026-06-04;2026-06-08;2026-06-10;2026-06-11;2026-06-12;2026-06-17;2026-06-19,liquidity_sweep_vap_absorption_threshold:direction=short:min_zone_ratio=1.25:min_zone_volume=750,liquidity_sweep_vap_absorption_reversal,short,1.25,750,11,0,0,0,0,0,0,0,0,0,post-diagnostic VAP threshold sweep
1,chronological_train_dates=8_holdout_dates=7,holdout,false,2026-06-04;2026-06-08;2026-06-10;2026-06-11;2026-06-12;2026-06-17;2026-06-19,liquidity_sweep_vap_absorption_threshold:direction=all:min_zone_ratio=1.25:min_zone_volume=1000,liquidity_sweep_vap_absorption_reversal,all,1.25,1000,11,0,0,0,0,0,0,0,0,0,post-diagnostic VAP threshold sweep
1,chronological_train_dates=8_holdout_dates=7,holdout,false,2026-06-04;2026-06-08;2026-06-10;2026-06-11;2026-06-12;2026-06-17;2026-06-19,liquidity_sweep_vap_absorption_threshold:direction=long:min_zone_ratio=1.25:min_zone_volume=1000,liquidity_sweep_vap_absorption_reversal,long,1.25,1000,11,0,0,0,0,0,0,0,0,0,post-diagnostic VAP threshold sweep
1,chronological_train_dates=8_holdout_dates=7,holdout,false,2026-06-04;2026-06-08;2026-06-10;2026-06-11;2026-06-12;2026-06-17;2026-06-19,liquidity_sweep_vap_absorption_threshold:direction=short:min_zone_ratio=1.25:min_zone_volume=1000,liquidity_sweep_vap_absorption_reversal,short,1.25,1000,11,0,0,0,0,0,0,0,0,0,post-diagnostic VAP threshold sweep
1,chronological_train_dates=8_holdout_dates=7,holdout,false,2026-06-04;2026-06-08;2026-06-10;2026-06-11;2026-06-12;2026-06-17;2026-06-19,liquidity_sweep_vap_absorption_threshold:direction=all:min_zone_ratio=1.5:min_zone_volume=0,liquidity_sweep_vap_absorption_reversal,all,1.5,0,11,8,0,8,0,0,-1715.5,-214.4375,4,4,post-diagnostic VAP threshold sweep
1,chronological_train_dates=8_holdout_dates=7,holdout,false,2026-06-04;2026-06-08;2026-06-10;2026-06-11;2026-06-12;2026-06-17;2026-06-19,liquidity_sweep_vap_absorption_threshold:direction=long:min_zone_ratio=1.5:min_zone_volume=0,liquidity_sweep_vap_absorption_reversal,long,1.5,0,11,4,0,4,0,0,-901.5,-225.375,4,0,post-diagnostic VAP threshold sweep
1,chronological_train_dates=8_holdout_dates=7,holdout,false,2026-06-04;2026-06-08;2026-06-10;2026-06-11;2026-06-12;2026-06-17;2026-06-19,liquidity_sweep_vap_absorption_threshold:direction=short:min_zone_ratio=1.5:min_zone_volume=0,liquidity_sweep_vap_absorption_reversal,short,1.5,0,11,4,0,4,0,0,-814,-203.5,0,4,post-diagnostic VAP threshold sweep
1,chronological_train_dates=8_holdout_dates=7,holdout,false,2026-06-04;2026-06-08;2026-06-10;2026-06-11;2026-06-12;2026-06-17;2026-06-19,liquidity_sweep_vap_absorption_threshold:direction=all:min_zone_ratio=1.5:min_zone_volume=5,liquidity_sweep_vap_absorption_reversal,all,1.5,5,11,7,0,7,0,0,-1312,-187.42857143,3,4,post-diagnostic VAP threshold sweep
1,chronological_train_dates=8_holdout_dates=7,holdout,false,2026-06-04;2026-06-08;2026-06-10;2026-06-11;2026-06-12;2026-06-17;2026-06-19,liquidity_sweep_vap_absorption_threshold:direction=long:min_zone_ratio=1.5:min_zone_volume=5,liquidity_sweep_vap_absorption_reversal,long,1.5,5,11,3,0,3,0,0,-498,-166,3,0,post-diagnostic VAP threshold sweep
1,chronological_train_dates=8_holdout_dates=7,holdout,false,2026-06-04;2026-06-08;2026-06-10;2026-06-11;2026-06-12;2026-06-17;2026-06-19,liquidity_sweep_vap_absorption_threshold:direction=short:min_zone_ratio=1.5:min_zone_volume=5,liquidity_sweep_vap_absorption_reversal,short,1.5,5,11,4,0,4,0,0,-814,-203.5,0,4,post-diagnostic VAP threshold sweep
1,chronological_train_dates=8_holdout_dates=7,holdout,false,2026-06-04;2026-06-08;2026-06-10;2026-06-11;2026-06-12;2026-06-17;2026-06-19,liquidity_sweep_vap_absorption_threshold:direction=all:min_zone_ratio=1.5:min_zone_volume=10,liquidity_sweep_vap_absorption_reversal,all,1.5,10,11,2,0,2,0,0,-432,-216,1,1,post-diagnostic VAP threshold sweep
1,chronological_train_dates=8_holdout_dates=7,holdout,false,2026-06-04;2026-06-08;2026-06-10;2026-06-11;2026-06-12;2026-06-17;2026-06-19,liquidity_sweep_vap_absorption_threshold:direction=long:min_zone_ratio=1.5:min_zone_volume=10,liquidity_sweep_vap_absorption_reversal,long,1.5,10,11,1,0,1,0,0,-166,-166,1,0,post-diagnostic VAP threshold sweep
1,chronological_train_dates=8_holdout_dates=7,holdout,false,2026-06-04;2026-06-08;2026-06-10;2026-06-11;2026-06-12;2026-06-17;2026-06-19,liquidity_sweep_vap_absorption_threshold:direction=short:min_zone_ratio=1.5:min_zone_volume=10,liquidity_sweep_vap_absorption_reversal,short,1.5,10,11,1,0,1,0,0,-266,-266,0,1,post-diagnostic VAP threshold sweep
1,chronological_train_dates=8_holdout_dates=7,holdout,false,2026-06-04;2026-06-08;2026-06-10;2026-06-11;2026-06-12;2026-06-17;2026-06-19,liquidity_sweep_vap_absorption_threshold:direction=all:min_zone_ratio=1.5:min_zone_volume=20,liquidity_sweep_vap_absorption_reversal,all,1.5,20,11,2,0,2,0,0,-432,-216,1,1,post-diagnostic VAP threshold sweep
1,chronological_train_dates=8_holdout_dates=7,holdout,false,2026-06-04;2026-06-08;2026-06-10;2026-06-11;2026-06-12;2026-06-17;2026-06-19,liquidity_sweep_vap_absorption_threshold:direction=long:min_zone_ratio=1.5:min_zone_volume=20,liquidity_sweep_vap_absorption_reversal,long,1.5,20,11,1,0,1,0,0,-166,-166,1,0,post-diagnostic VAP threshold sweep
1,chronological_train_dates=8_holdout_dates=7,holdout,false,2026-06-04;2026-06-08;2026-06-10;2026-06-11;2026-06-12;2026-06-17;2026-06-19,liquidity_sweep_vap_absorption_threshold:direction=short:min_zone_ratio=1.5:min_zone_volume=20,liquidity_sweep_vap_absorption_reversal,short,1.5,20,11,1,0,1,0,0,-266,-266,0,1,post-diagnostic VAP threshold sweep
1,chronological_train_dates=8_holdout_dates=7,holdout,false,2026-06-04;2026-06-08;2026-06-10;2026-06-11;2026-06-12;2026-06-17;2026-06-19,liquidity_sweep_vap_absorption_threshold:direction=all:min_zone_ratio=1.5:min_zone_volume=50,liquidity_sweep_vap_absorption_reversal,all,1.5,50,11,2,0,2,0,0,-432,-216,1,1,post-diagnostic VAP threshold sweep
1,chronological_train_dates=8_holdout_dates=7,holdout,false,2026-06-04;2026-06-08;2026-06-10;2026-06-11;2026-06-12;2026-06-17;2026-06-19,liquidity_sweep_vap_absorption_threshold:direction=long:min_zone_ratio=1.5:min_zone_volume=50,liquidity_sweep_vap_absorption_reversal,long,1.5,50,11,1,0,1,0,0,-166,-166,1,0,post-diagnostic VAP threshold sweep
1,chronological_train_dates=8_holdout_dates=7,holdout,false,2026-06-04;2026-06-08;2026-06-10;2026-06-11;2026-06-12;2026-06-17;2026-06-19,liquidity_sweep_vap_absorption_threshold:direction=short:min_zone_ratio=1.5:min_zone_volume=50,liquidity_sweep_vap_absorption_reversal,short,1.5,50,11,1,0,1,0,0,-266,-266,0,1,post-diagnostic VAP threshold sweep
1,chronological_train_dates=8_holdout_dates=7,holdout,false,2026-06-04;2026-06-08;2026-06-10;2026-06-11;2026-06-12;2026-06-17;2026-06-19,liquidity_sweep_vap_absorption_threshold:direction=all:min_zone_ratio=1.5:min_zone_volume=100,liquidity_sweep_vap_absorption_reversal,all,1.5,100,11,0,0,0,0,0,0,0,0,0,post-diagnostic VAP threshold sweep
1,chronological_train_dates=8_holdout_dates=7,holdout,false,2026-06-04;2026-06-08;2026-06-10;2026-06-11;2026-06-12;2026-06-17;2026-06-19,liquidity_sweep_vap_absorption_threshold:direction=long:min_zone_ratio=1.5:min_zone_volume=100,liquidity_sweep_vap_absorption_reversal,long,1.5,100,11,0,0,0,0,0,0,0,0,0,post-diagnostic VAP threshold sweep
1,chronological_train_dates=8_holdout_dates=7,holdout,false,2026-06-04;2026-06-08;2026-06-10;2026-06-11;2026-06-12;2026-06-17;2026-06-19,liquidity_sweep_vap_absorption_threshold:direction=short:min_zone_ratio=1.5:min_zone_volume=100,liquidity_sweep_vap_absorption_reversal,short,1.5,100,11,0,0,0,0,0,0,0,0,0,post-diagnostic VAP threshold sweep
1,chronological_train_dates=8_holdout_dates=7,holdout,false,2026-06-04;2026-06-08;2026-06-10;2026-06-11;2026-06-12;2026-06-17;2026-06-19,liquidity_sweep_vap_absorption_threshold:direction=all:min_zone_ratio=1.5:min_zone_volume=150,liquidity_sweep_vap_absorption_reversal,all,1.5,150,11,0,0,0,0,0,0,0,0,0,post-diagnostic VAP threshold sweep
1,chronological_train_dates=8_holdout_dates=7,holdout,false,2026-06-04;2026-06-08;2026-06-10;2026-06-11;2026-06-12;2026-06-17;2026-06-19,liquidity_sweep_vap_absorption_threshold:direction=long:min_zone_ratio=1.5:min_zone_volume=150,liquidity_sweep_vap_absorption_reversal,long,1.5,150,11,0,0,0,0,0,0,0,0,0,post-diagnostic VAP threshold sweep
1,chronological_train_dates=8_holdout_dates=7,holdout,false,2026-06-04;2026-06-08;2026-06-10;2026-06-11;2026-06-12;2026-06-17;2026-06-19,liquidity_sweep_vap_absorption_threshold:direction=short:min_zone_ratio=1.5:min_zone_volume=150,liquidity_sweep_vap_absorption_reversal,short,1.5,150,11,0,0,0,0,0,0,0,0,0,post-diagnostic VAP threshold sweep
1,chronological_train_dates=8_holdout_dates=7,holdout,false,2026-06-04;2026-06-08;2026-06-10;2026-06-11;2026-06-12;2026-06-17;2026-06-19,liquidity_sweep_vap_absorption_threshold:direction=all:min_zone_ratio=1.5:min_zone_volume=200,liquidity_sweep_vap_absorption_reversal,all,1.5,200,11,0,0,0,0,0,0,0,0,0,post-diagnostic VAP threshold sweep
1,chronological_train_dates=8_holdout_dates=7,holdout,false,2026-06-04;2026-06-08;2026-06-10;2026-06-11;2026-06-12;2026-06-17;2026-06-19,liquidity_sweep_vap_absorption_threshold:direction=long:min_zone_ratio=1.5:min_zone_volume=200,liquidity_sweep_vap_absorption_reversal,long,1.5,200,11,0,0,0,0,0,0,0,0,0,post-diagnostic VAP threshold sweep
1,chronological_train_dates=8_holdout_dates=7,holdout,false,2026-06-04;2026-06-08;2026-06-10;2026-06-11;2026-06-12;2026-06-17;2026-06-19,liquidity_sweep_vap_absorption_threshold:direction=short:min_zone_ratio=1.5:min_zone_volume=200,liquidity_sweep_vap_absorption_reversal,short,1.5,200,11,0,0,0,0,0,0,0,0,0,post-diagnostic VAP threshold sweep
1,chronological_train_dates=8_holdout_dates=7,holdout,false,2026-06-04;2026-06-08;2026-06-10;2026-06-11;2026-06-12;2026-06-17;2026-06-19,liquidity_sweep_vap_absorption_threshold:direction=all:min_zone_ratio=1.5:min_zone_volume=300,liquidity_sweep_vap_absorption_reversal,all,1.5,300,11,0,0,0,0,0,0,0,0,0,post-diagnostic VAP threshold sweep
1,chronological_train_dates=8_holdout_dates=7,holdout,false,2026-06-04;2026-06-08;2026-06-10;2026-06-11;2026-06-12;2026-06-17;2026-06-19,liquidity_sweep_vap_absorption_threshold:direction=long:min_zone_ratio=1.5:min_zone_volume=300,liquidity_sweep_vap_absorption_reversal,long,1.5,300,11,0,0,0,0,0,0,0,0,0,post-diagnostic VAP threshold sweep
1,chronological_train_dates=8_holdout_dates=7,holdout,false,2026-06-04;2026-06-08;2026-06-10;2026-06-11;2026-06-12;2026-06-17;2026-06-19,liquidity_sweep_vap_absorption_threshold:direction=short:min_zone_ratio=1.5:min_zone_volume=300,liquidity_sweep_vap_absorption_reversal,short,1.5,300,11,0,0,0,0,0,0,0,0,0,post-diagnostic VAP threshold sweep
1,chronological_train_dates=8_holdout_dates=7,holdout,false,2026-06-04;2026-06-08;2026-06-10;2026-06-11;2026-06-12;2026-06-17;2026-06-19,liquidity_sweep_vap_absorption_threshold:direction=all:min_zone_ratio=1.5:min_zone_volume=500,liquidity_sweep_vap_absorption_reversal,all,1.5,500,11,0,0,0,0,0,0,0,0,0,post-diagnostic VAP threshold sweep
1,chronological_train_dates=8_holdout_dates=7,holdout,false,2026-06-04;2026-06-08;2026-06-10;2026-06-11;2026-06-12;2026-06-17;2026-06-19,liquidity_sweep_vap_absorption_threshold:direction=long:min_zone_ratio=1.5:min_zone_volume=500,liquidity_sweep_vap_absorption_reversal,long,1.5,500,11,0,0,0,0,0,0,0,0,0,post-diagnostic VAP threshold sweep
1,chronological_train_dates=8_holdout_dates=7,holdout,false,2026-06-04;2026-06-08;2026-06-10;2026-06-11;2026-06-12;2026-06-17;2026-06-19,liquidity_sweep_vap_absorption_threshold:direction=short:min_zone_ratio=1.5:min_zone_volume=500,liquidity_sweep_vap_absorption_reversal,short,1.5,500,11,0,0,0,0,0,0,0,0,0,post-diagnostic VAP threshold sweep
1,chronological_train_dates=8_holdout_dates=7,holdout,false,2026-06-04;2026-06-08;2026-06-10;2026-06-11;2026-06-12;2026-06-17;2026-06-19,liquidity_sweep_vap_absorption_threshold:direction=all:min_zone_ratio=1.5:min_zone_volume=750,liquidity_sweep_vap_absorption_reversal,all,1.5,750,11,0,0,0,0,0,0,0,0,0,post-diagnostic VAP threshold sweep
1,chronological_train_dates=8_holdout_dates=7,holdout,false,2026-06-04;2026-06-08;2026-06-10;2026-06-11;2026-06-12;2026-06-17;2026-06-19,liquidity_sweep_vap_absorption_threshold:direction=long:min_zone_ratio=1.5:min_zone_volume=750,liquidity_sweep_vap_absorption_reversal,long,1.5,750,11,0,0,0,0,0,0,0,0,0,post-diagnostic VAP threshold sweep
1,chronological_train_dates=8_holdout_dates=7,holdout,false,2026-06-04;2026-06-08;2026-06-10;2026-06-11;2026-06-12;2026-06-17;2026-06-19,liquidity_sweep_vap_absorption_threshold:direction=short:min_zone_ratio=1.5:min_zone_volume=750,liquidity_sweep_vap_absorption_reversal,short,1.5,750,11,0,0,0,0,0,0,0,0,0,post-diagnostic VAP threshold sweep
1,chronological_train_dates=8_holdout_dates=7,holdout,false,2026-06-04;2026-06-08;2026-06-10;2026-06-11;2026-06-12;2026-06-17;2026-06-19,liquidity_sweep_vap_absorption_threshold:direction=all:min_zone_ratio=1.5:min_zone_volume=1000,liquidity_sweep_vap_absorption_reversal,all,1.5,1000,11,0,0,0,0,0,0,0,0,0,post-diagnostic VAP threshold sweep
1,chronological_train_dates=8_holdout_dates=7,holdout,false,2026-06-04;2026-06-08;2026-06-10;2026-06-11;2026-06-12;2026-06-17;2026-06-19,liquidity_sweep_vap_absorption_threshold:direction=long:min_zone_ratio=1.5:min_zone_volume=1000,liquidity_sweep_vap_absorption_reversal,long,1.5,1000,11,0,0,0,0,0,0,0,0,0,post-diagnostic VAP threshold sweep
1,chronological_train_dates=8_holdout_dates=7,holdout,false,2026-06-04;2026-06-08;2026-06-10;2026-06-11;2026-06-12;2026-06-17;2026-06-19,liquidity_sweep_vap_absorption_threshold:direction=short:min_zone_ratio=1.5:min_zone_volume=1000,liquidity_sweep_vap_absorption_reversal,short,1.5,1000,11,0,0,0,0,0,0,0,0,0,post-diagnostic VAP threshold sweep
1,chronological_train_dates=8_holdout_dates=7,holdout,false,2026-06-04;2026-06-08;2026-06-10;2026-06-11;2026-06-12;2026-06-17;2026-06-19,liquidity_sweep_vap_absorption_threshold:direction=all:min_zone_ratio=2:min_zone_volume=0,liquidity_sweep_vap_absorption_reversal,all,2,0,11,6,0,6,0,0,-1396,-232.66666667,3,3,post-diagnostic VAP threshold sweep
1,chronological_train_dates=8_holdout_dates=7,holdout,false,2026-06-04;2026-06-08;2026-06-10;2026-06-11;2026-06-12;2026-06-17;2026-06-19,liquidity_sweep_vap_absorption_threshold:direction=long:min_zone_ratio=2:min_zone_volume=0,liquidity_sweep_vap_absorption_reversal,long,2,0,11,3,0,3,0,0,-735.5,-245.16666667,3,0,post-diagnostic VAP threshold sweep
1,chronological_train_dates=8_holdout_dates=7,holdout,false,2026-06-04;2026-06-08;2026-06-10;2026-06-11;2026-06-12;2026-06-17;2026-06-19,liquidity_sweep_vap_absorption_threshold:direction=short:min_zone_ratio=2:min_zone_volume=0,liquidity_sweep_vap_absorption_reversal,short,2,0,11,3,0,3,0,0,-660.5,-220.16666667,0,3,post-diagnostic VAP threshold sweep
1,chronological_train_dates=8_holdout_dates=7,holdout,false,2026-06-04;2026-06-08;2026-06-10;2026-06-11;2026-06-12;2026-06-17;2026-06-19,liquidity_sweep_vap_absorption_threshold:direction=all:min_zone_ratio=2:min_zone_volume=5,liquidity_sweep_vap_absorption_reversal,all,2,5,11,5,0,5,0,0,-992.5,-198.5,2,3,post-diagnostic VAP threshold sweep
1,chronological_train_dates=8_holdout_dates=7,holdout,false,2026-06-04;2026-06-08;2026-06-10;2026-06-11;2026-06-12;2026-06-17;2026-06-19,liquidity_sweep_vap_absorption_threshold:direction=long:min_zone_ratio=2:min_zone_volume=5,liquidity_sweep_vap_absorption_reversal,long,2,5,11,2,0,2,0,0,-332,-166,2,0,post-diagnostic VAP threshold sweep
1,chronological_train_dates=8_holdout_dates=7,holdout,false,2026-06-04;2026-06-08;2026-06-10;2026-06-11;2026-06-12;2026-06-17;2026-06-19,liquidity_sweep_vap_absorption_threshold:direction=short:min_zone_ratio=2:min_zone_volume=5,liquidity_sweep_vap_absorption_reversal,short,2,5,11,3,0,3,0,0,-660.5,-220.16666667,0,3,post-diagnostic VAP threshold sweep
1,chronological_train_dates=8_holdout_dates=7,holdout,false,2026-06-04;2026-06-08;2026-06-10;2026-06-11;2026-06-12;2026-06-17;2026-06-19,liquidity_sweep_vap_absorption_threshold:direction=all:min_zone_ratio=2:min_zone_volume=10,liquidity_sweep_vap_absorption_reversal,all,2,10,11,1,0,1,0,0,-266,-266,0,1,post-diagnostic VAP threshold sweep
1,chronological_train_dates=8_holdout_dates=7,holdout,false,2026-06-04;2026-06-08;2026-06-10;2026-06-11;2026-06-12;2026-06-17;2026-06-19,liquidity_sweep_vap_absorption_threshold:direction=long:min_zone_ratio=2:min_zone_volume=10,liquidity_sweep_vap_absorption_reversal,long,2,10,11,0,0,0,0,0,0,0,0,0,post-diagnostic VAP threshold sweep
1,chronological_train_dates=8_holdout_dates=7,holdout,false,2026-06-04;2026-06-08;2026-06-10;2026-06-11;2026-06-12;2026-06-17;2026-06-19,liquidity_sweep_vap_absorption_threshold:direction=short:min_zone_ratio=2:min_zone_volume=10,liquidity_sweep_vap_absorption_reversal,short,2,10,11,1,0,1,0,0,-266,-266,0,1,post-diagnostic VAP threshold sweep
1,chronological_train_dates=8_holdout_dates=7,holdout,false,2026-06-04;2026-06-08;2026-06-10;2026-06-11;2026-06-12;2026-06-17;2026-06-19,liquidity_sweep_vap_absorption_threshold:direction=all:min_zone_ratio=2:min_zone_volume=20,liquidity_sweep_vap_absorption_reversal,all,2,20,11,1,0,1,0,0,-266,-266,0,1,post-diagnostic VAP threshold sweep
1,chronological_train_dates=8_holdout_dates=7,holdout,false,2026-06-04;2026-06-08;2026-06-10;2026-06-11;2026-06-12;2026-06-17;2026-06-19,liquidity_sweep_vap_absorption_threshold:direction=long:min_zone_ratio=2:min_zone_volume=20,liquidity_sweep_vap_absorption_reversal,long,2,20,11,0,0,0,0,0,0,0,0,0,post-diagnostic VAP threshold sweep
1,chronological_train_dates=8_holdout_dates=7,holdout,false,2026-06-04;2026-06-08;2026-06-10;2026-06-11;2026-06-12;2026-06-17;2026-06-19,liquidity_sweep_vap_absorption_threshold:direction=short:min_zone_ratio=2:min_zone_volume=20,liquidity_sweep_vap_absorption_reversal,short,2,20,11,1,0,1,0,0,-266,-266,0,1,post-diagnostic VAP threshold sweep
1,chronological_train_dates=8_holdout_dates=7,holdout,false,2026-06-04;2026-06-08;2026-06-10;2026-06-11;2026-06-12;2026-06-17;2026-06-19,liquidity_sweep_vap_absorption_threshold:direction=all:min_zone_ratio=2:min_zone_volume=50,liquidity_sweep_vap_absorption_reversal,all,2,50,11,1,0,1,0,0,-266,-266,0,1,post-diagnostic VAP threshold sweep
1,chronological_train_dates=8_holdout_dates=7,holdout,false,2026-06-04;2026-06-08;2026-06-10;2026-06-11;2026-06-12;2026-06-17;2026-06-19,liquidity_sweep_vap_absorption_threshold:direction=long:min_zone_ratio=2:min_zone_volume=50,liquidity_sweep_vap_absorption_reversal,long,2,50,11,0,0,0,0,0,0,0,0,0,post-diagnostic VAP threshold sweep
1,chronological_train_dates=8_holdout_dates=7,holdout,false,2026-06-04;2026-06-08;2026-06-10;2026-06-11;2026-06-12;2026-06-17;2026-06-19,liquidity_sweep_vap_absorption_threshold:direction=short:min_zone_ratio=2:min_zone_volume=50,liquidity_sweep_vap_absorption_reversal,short,2,50,11,1,0,1,0,0,-266,-266,0,1,post-diagnostic VAP threshold sweep
1,chronological_train_dates=8_holdout_dates=7,holdout,false,2026-06-04;2026-06-08;2026-06-10;2026-06-11;2026-06-12;2026-06-17;2026-06-19,liquidity_sweep_vap_absorption_threshold:direction=all:min_zone_ratio=2:min_zone_volume=100,liquidity_sweep_vap_absorption_reversal,all,2,100,11,0,0,0,0,0,0,0,0,0,post-diagnostic VAP threshold sweep
1,chronological_train_dates=8_holdout_dates=7,holdout,false,2026-06-04;2026-06-08;2026-06-10;2026-06-11;2026-06-12;2026-06-17;2026-06-19,liquidity_sweep_vap_absorption_threshold:direction=long:min_zone_ratio=2:min_zone_volume=100,liquidity_sweep_vap_absorption_reversal,long,2,100,11,0,0,0,0,0,0,0,0,0,post-diagnostic VAP threshold sweep
1,chronological_train_dates=8_holdout_dates=7,holdout,false,2026-06-04;2026-06-08;2026-06-10;2026-06-11;2026-06-12;2026-06-17;2026-06-19,liquidity_sweep_vap_absorption_threshold:direction=short:min_zone_ratio=2:min_zone_volume=100,liquidity_sweep_vap_absorption_reversal,short,2,100,11,0,0,0,0,0,0,0,0,0,post-diagnostic VAP threshold sweep
1,chronological_train_dates=8_holdout_dates=7,holdout,false,2026-06-04;2026-06-08;2026-06-10;2026-06-11;2026-06-12;2026-06-17;2026-06-19,liquidity_sweep_vap_absorption_threshold:direction=all:min_zone_ratio=2:min_zone_volume=150,liquidity_sweep_vap_absorption_reversal,all,2,150,11,0,0,0,0,0,0,0,0,0,post-diagnostic VAP threshold sweep
1,chronological_train_dates=8_holdout_dates=7,holdout,false,2026-06-04;2026-06-08;2026-06-10;2026-06-11;2026-06-12;2026-06-17;2026-06-19,liquidity_sweep_vap_absorption_threshold:direction=long:min_zone_ratio=2:min_zone_volume=150,liquidity_sweep_vap_absorption_reversal,long,2,150,11,0,0,0,0,0,0,0,0,0,post-diagnostic VAP threshold sweep
1,chronological_train_dates=8_holdout_dates=7,holdout,false,2026-06-04;2026-06-08;2026-06-10;2026-06-11;2026-06-12;2026-06-17;2026-06-19,liquidity_sweep_vap_absorption_threshold:direction=short:min_zone_ratio=2:min_zone_volume=150,liquidity_sweep_vap_absorption_reversal,short,2,150,11,0,0,0,0,0,0,0,0,0,post-diagnostic VAP threshold sweep
1,chronological_train_dates=8_holdout_dates=7,holdout,false,2026-06-04;2026-06-08;2026-06-10;2026-06-11;2026-06-12;2026-06-17;2026-06-19,liquidity_sweep_vap_absorption_threshold:direction=all:min_zone_ratio=2:min_zone_volume=200,liquidity_sweep_vap_absorption_reversal,all,2,200,11,0,0,0,0,0,0,0,0,0,post-diagnostic VAP threshold sweep
1,chronological_train_dates=8_holdout_dates=7,holdout,false,2026-06-04;2026-06-08;2026-06-10;2026-06-11;2026-06-12;2026-06-17;2026-06-19,liquidity_sweep_vap_absorption_threshold:direction=long:min_zone_ratio=2:min_zone_volume=200,liquidity_sweep_vap_absorption_reversal,long,2,200,11,0,0,0,0,0,0,0,0,0,post-diagnostic VAP threshold sweep
1,chronological_train_dates=8_holdout_dates=7,holdout,false,2026-06-04;2026-06-08;2026-06-10;2026-06-11;2026-06-12;2026-06-17;2026-06-19,liquidity_sweep_vap_absorption_threshold:direction=short:min_zone_ratio=2:min_zone_volume=200,liquidity_sweep_vap_absorption_reversal,short,2,200,11,0,0,0,0,0,0,0,0,0,post-diagnostic VAP threshold sweep
1,chronological_train_dates=8_holdout_dates=7,holdout,false,2026-06-04;2026-06-08;2026-06-10;2026-06-11;2026-06-12;2026-06-17;2026-06-19,liquidity_sweep_vap_absorption_threshold:direction=all:min_zone_ratio=2:min_zone_volume=300,liquidity_sweep_vap_absorption_reversal,all,2,300,11,0,0,0,0,0,0,0,0,0,post-diagnostic VAP threshold sweep
1,chronological_train_dates=8_holdout_dates=7,holdout,false,2026-06-04;2026-06-08;2026-06-10;2026-06-11;2026-06-12;2026-06-17;2026-06-19,liquidity_sweep_vap_absorption_threshold:direction=long:min_zone_ratio=2:min_zone_volume=300,liquidity_sweep_vap_absorption_reversal,long,2,300,11,0,0,0,0,0,0,0,0,0,post-diagnostic VAP threshold sweep
1,chronological_train_dates=8_holdout_dates=7,holdout,false,2026-06-04;2026-06-08;2026-06-10;2026-06-11;2026-06-12;2026-06-17;2026-06-19,liquidity_sweep_vap_absorption_threshold:direction=short:min_zone_ratio=2:min_zone_volume=300,liquidity_sweep_vap_absorption_reversal,short,2,300,11,0,0,0,0,0,0,0,0,0,post-diagnostic VAP threshold sweep
1,chronological_train_dates=8_holdout_dates=7,holdout,false,2026-06-04;2026-06-08;2026-06-10;2026-06-11;2026-06-12;2026-06-17;2026-06-19,liquidity_sweep_vap_absorption_threshold:direction=all:min_zone_ratio=2:min_zone_volume=500,liquidity_sweep_vap_absorption_reversal,all,2,500,11,0,0,0,0,0,0,0,0,0,post-diagnostic VAP threshold sweep
1,chronological_train_dates=8_holdout_dates=7,holdout,false,2026-06-04;2026-06-08;2026-06-10;2026-06-11;2026-06-12;2026-06-17;2026-06-19,liquidity_sweep_vap_absorption_threshold:direction=long:min_zone_ratio=2:min_zone_volume=500,liquidity_sweep_vap_absorption_reversal,long,2,500,11,0,0,0,0,0,0,0,0,0,post-diagnostic VAP threshold sweep
1,chronological_train_dates=8_holdout_dates=7,holdout,false,2026-06-04;2026-06-08;2026-06-10;2026-06-11;2026-06-12;2026-06-17;2026-06-19,liquidity_sweep_vap_absorption_threshold:direction=short:min_zone_ratio=2:min_zone_volume=500,liquidity_sweep_vap_absorption_reversal,short,2,500,11,0,0,0,0,0,0,0,0,0,post-diagnostic VAP threshold sweep
1,chronological_train_dates=8_holdout_dates=7,holdout,false,2026-06-04;2026-06-08;2026-06-10;2026-06-11;2026-06-12;2026-06-17;2026-06-19,liquidity_sweep_vap_absorption_threshold:direction=all:min_zone_ratio=2:min_zone_volume=750,liquidity_sweep_vap_absorption_reversal,all,2,750,11,0,0,0,0,0,0,0,0,0,post-diagnostic VAP threshold sweep
1,chronological_train_dates=8_holdout_dates=7,holdout,false,2026-06-04;2026-06-08;2026-06-10;2026-06-11;2026-06-12;2026-06-17;2026-06-19,liquidity_sweep_vap_absorption_threshold:direction=long:min_zone_ratio=2:min_zone_volume=750,liquidity_sweep_vap_absorption_reversal,long,2,750,11,0,0,0,0,0,0,0,0,0,post-diagnostic VAP threshold sweep
1,chronological_train_dates=8_holdout_dates=7,holdout,false,2026-06-04;2026-06-08;2026-06-10;2026-06-11;2026-06-12;2026-06-17;2026-06-19,liquidity_sweep_vap_absorption_threshold:direction=short:min_zone_ratio=2:min_zone_volume=750,liquidity_sweep_vap_absorption_reversal,short,2,750,11,0,0,0,0,0,0,0,0,0,post-diagnostic VAP threshold sweep
1,chronological_train_dates=8_holdout_dates=7,holdout,false,2026-06-04;2026-06-08;2026-06-10;2026-06-11;2026-06-12;2026-06-17;2026-06-19,liquidity_sweep_vap_absorption_threshold:direction=all:min_zone_ratio=2:min_zone_volume=1000,liquidity_sweep_vap_absorption_reversal,all,2,1000,11,0,0,0,0,0,0,0,0,0,post-diagnostic VAP threshold sweep
1,chronological_train_dates=8_holdout_dates=7,holdout,false,2026-06-04;2026-06-08;2026-06-10;2026-06-11;2026-06-12;2026-06-17;2026-06-19,liquidity_sweep_vap_absorption_threshold:direction=long:min_zone_ratio=2:min_zone_volume=1000,liquidity_sweep_vap_absorption_reversal,long,2,1000,11,0,0,0,0,0,0,0,0,0,post-diagnostic VAP threshold sweep
1,chronological_train_dates=8_holdout_dates=7,holdout,false,2026-06-04;2026-06-08;2026-06-10;2026-06-11;2026-06-12;2026-06-17;2026-06-19,liquidity_sweep_vap_absorption_threshold:direction=short:min_zone_ratio=2:min_zone_volume=1000,liquidity_sweep_vap_absorption_reversal,short,2,1000,11,0,0,0,0,0,0,0,0,0,post-diagnostic VAP threshold sweep
1,chronological_train_dates=8_holdout_dates=7,holdout,false,2026-06-04;2026-06-08;2026-06-10;2026-06-11;2026-06-12;2026-06-17;2026-06-19,liquidity_sweep_vap_absorption_threshold:direction=all:min_zone_ratio=3:min_zone_volume=0,liquidity_sweep_vap_absorption_reversal,all,3,0,11,5,0,5,0,0,-1155,-231,3,2,post-diagnostic VAP threshold sweep
1,chronological_train_dates=8_holdout_dates=7,holdout,false,2026-06-04;2026-06-08;2026-06-10;2026-06-11;2026-06-12;2026-06-17;2026-06-19,liquidity_sweep_vap_absorption_threshold:direction=long:min_zone_ratio=3:min_zone_volume=0,liquidity_sweep_vap_absorption_reversal,long,3,0,11,3,0,3,0,0,-735.5,-245.16666667,3,0,post-diagnostic VAP threshold sweep
1,chronological_train_dates=8_holdout_dates=7,holdout,false,2026-06-04;2026-06-08;2026-06-10;2026-06-11;2026-06-12;2026-06-17;2026-06-19,liquidity_sweep_vap_absorption_threshold:direction=short:min_zone_ratio=3:min_zone_volume=0,liquidity_sweep_vap_absorption_reversal,short,3,0,11,2,0,2,0,0,-419.5,-209.75,0,2,post-diagnostic VAP threshold sweep
1,chronological_train_dates=8_holdout_dates=7,holdout,false,2026-06-04;2026-06-08;2026-06-10;2026-06-11;2026-06-12;2026-06-17;2026-06-19,liquidity_sweep_vap_absorption_threshold:direction=all:min_zone_ratio=3:min_zone_volume=5,liquidity_sweep_vap_absorption_reversal,all,3,5,11,4,0,4,0,0,-751.5,-187.875,2,2,post-diagnostic VAP threshold sweep
1,chronological_train_dates=8_holdout_dates=7,holdout,false,2026-06-04;2026-06-08;2026-06-10;2026-06-11;2026-06-12;2026-06-17;2026-06-19,liquidity_sweep_vap_absorption_threshold:direction=long:min_zone_ratio=3:min_zone_volume=5,liquidity_sweep_vap_absorption_reversal,long,3,5,11,2,0,2,0,0,-332,-166,2,0,post-diagnostic VAP threshold sweep
1,chronological_train_dates=8_holdout_dates=7,holdout,false,2026-06-04;2026-06-08;2026-06-10;2026-06-11;2026-06-12;2026-06-17;2026-06-19,liquidity_sweep_vap_absorption_threshold:direction=short:min_zone_ratio=3:min_zone_volume=5,liquidity_sweep_vap_absorption_reversal,short,3,5,11,2,0,2,0,0,-419.5,-209.75,0,2,post-diagnostic VAP threshold sweep
1,chronological_train_dates=8_holdout_dates=7,holdout,false,2026-06-04;2026-06-08;2026-06-10;2026-06-11;2026-06-12;2026-06-17;2026-06-19,liquidity_sweep_vap_absorption_threshold:direction=all:min_zone_ratio=3:min_zone_volume=10,liquidity_sweep_vap_absorption_reversal,all,3,10,11,1,0,1,0,0,-266,-266,0,1,post-diagnostic VAP threshold sweep
1,chronological_train_dates=8_holdout_dates=7,holdout,false,2026-06-04;2026-06-08;2026-06-10;2026-06-11;2026-06-12;2026-06-17;2026-06-19,liquidity_sweep_vap_absorption_threshold:direction=long:min_zone_ratio=3:min_zone_volume=10,liquidity_sweep_vap_absorption_reversal,long,3,10,11,0,0,0,0,0,0,0,0,0,post-diagnostic VAP threshold sweep
1,chronological_train_dates=8_holdout_dates=7,holdout,false,2026-06-04;2026-06-08;2026-06-10;2026-06-11;2026-06-12;2026-06-17;2026-06-19,liquidity_sweep_vap_absorption_threshold:direction=short:min_zone_ratio=3:min_zone_volume=10,liquidity_sweep_vap_absorption_reversal,short,3,10,11,1,0,1,0,0,-266,-266,0,1,post-diagnostic VAP threshold sweep
1,chronological_train_dates=8_holdout_dates=7,holdout,false,2026-06-04;2026-06-08;2026-06-10;2026-06-11;2026-06-12;2026-06-17;2026-06-19,liquidity_sweep_vap_absorption_threshold:direction=all:min_zone_ratio=3:min_zone_volume=20,liquidity_sweep_vap_absorption_reversal,all,3,20,11,1,0,1,0,0,-266,-266,0,1,post-diagnostic VAP threshold sweep
1,chronological_train_dates=8_holdout_dates=7,holdout,false,2026-06-04;2026-06-08;2026-06-10;2026-06-11;2026-06-12;2026-06-17;2026-06-19,liquidity_sweep_vap_absorption_threshold:direction=long:min_zone_ratio=3:min_zone_volume=20,liquidity_sweep_vap_absorption_reversal,long,3,20,11,0,0,0,0,0,0,0,0,0,post-diagnostic VAP threshold sweep
1,chronological_train_dates=8_holdout_dates=7,holdout,false,2026-06-04;2026-06-08;2026-06-10;2026-06-11;2026-06-12;2026-06-17;2026-06-19,liquidity_sweep_vap_absorption_threshold:direction=short:min_zone_ratio=3:min_zone_volume=20,liquidity_sweep_vap_absorption_reversal,short,3,20,11,1,0,1,0,0,-266,-266,0,1,post-diagnostic VAP threshold sweep
1,chronological_train_dates=8_holdout_dates=7,holdout,false,2026-06-04;2026-06-08;2026-06-10;2026-06-11;2026-06-12;2026-06-17;2026-06-19,liquidity_sweep_vap_absorption_threshold:direction=all:min_zone_ratio=3:min_zone_volume=50,liquidity_sweep_vap_absorption_reversal,all,3,50,11,1,0,1,0,0,-266,-266,0,1,post-diagnostic VAP threshold sweep
1,chronological_train_dates=8_holdout_dates=7,holdout,false,2026-06-04;2026-06-08;2026-06-10;2026-06-11;2026-06-12;2026-06-17;2026-06-19,liquidity_sweep_vap_absorption_threshold:direction=long:min_zone_ratio=3:min_zone_volume=50,liquidity_sweep_vap_absorption_reversal,long,3,50,11,0,0,0,0,0,0,0,0,0,post-diagnostic VAP threshold sweep
1,chronological_train_dates=8_holdout_dates=7,holdout,false,2026-06-04;2026-06-08;2026-06-10;2026-06-11;2026-06-12;2026-06-17;2026-06-19,liquidity_sweep_vap_absorption_threshold:direction=short:min_zone_ratio=3:min_zone_volume=50,liquidity_sweep_vap_absorption_reversal,short,3,50,11,1,0,1,0,0,-266,-266,0,1,post-diagnostic VAP threshold sweep
1,chronological_train_dates=8_holdout_dates=7,holdout,false,2026-06-04;2026-06-08;2026-06-10;2026-06-11;2026-06-12;2026-06-17;2026-06-19,liquidity_sweep_vap_absorption_threshold:direction=all:min_zone_ratio=3:min_zone_volume=100,liquidity_sweep_vap_absorption_reversal,all,3,100,11,0,0,0,0,0,0,0,0,0,post-diagnostic VAP threshold sweep
1,chronological_train_dates=8_holdout_dates=7,holdout,false,2026-06-04;2026-06-08;2026-06-10;2026-06-11;2026-06-12;2026-06-17;2026-06-19,liquidity_sweep_vap_absorption_threshold:direction=long:min_zone_ratio=3:min_zone_volume=100,liquidity_sweep_vap_absorption_reversal,long,3,100,11,0,0,0,0,0,0,0,0,0,post-diagnostic VAP threshold sweep
1,chronological_train_dates=8_holdout_dates=7,holdout,false,2026-06-04;2026-06-08;2026-06-10;2026-06-11;2026-06-12;2026-06-17;2026-06-19,liquidity_sweep_vap_absorption_threshold:direction=short:min_zone_ratio=3:min_zone_volume=100,liquidity_sweep_vap_absorption_reversal,short,3,100,11,0,0,0,0,0,0,0,0,0,post-diagnostic VAP threshold sweep
1,chronological_train_dates=8_holdout_dates=7,holdout,false,2026-06-04;2026-06-08;2026-06-10;2026-06-11;2026-06-12;2026-06-17;2026-06-19,liquidity_sweep_vap_absorption_threshold:direction=all:min_zone_ratio=3:min_zone_volume=150,liquidity_sweep_vap_absorption_reversal,all,3,150,11,0,0,0,0,0,0,0,0,0,post-diagnostic VAP threshold sweep
1,chronological_train_dates=8_holdout_dates=7,holdout,false,2026-06-04;2026-06-08;2026-06-10;2026-06-11;2026-06-12;2026-06-17;2026-06-19,liquidity_sweep_vap_absorption_threshold:direction=long:min_zone_ratio=3:min_zone_volume=150,liquidity_sweep_vap_absorption_reversal,long,3,150,11,0,0,0,0,0,0,0,0,0,post-diagnostic VAP threshold sweep
1,chronological_train_dates=8_holdout_dates=7,holdout,false,2026-06-04;2026-06-08;2026-06-10;2026-06-11;2026-06-12;2026-06-17;2026-06-19,liquidity_sweep_vap_absorption_threshold:direction=short:min_zone_ratio=3:min_zone_volume=150,liquidity_sweep_vap_absorption_reversal,short,3,150,11,0,0,0,0,0,0,0,0,0,post-diagnostic VAP threshold sweep
1,chronological_train_dates=8_holdout_dates=7,holdout,false,2026-06-04;2026-06-08;2026-06-10;2026-06-11;2026-06-12;2026-06-17;2026-06-19,liquidity_sweep_vap_absorption_threshold:direction=all:min_zone_ratio=3:min_zone_volume=200,liquidity_sweep_vap_absorption_reversal,all,3,200,11,0,0,0,0,0,0,0,0,0,post-diagnostic VAP threshold sweep
1,chronological_train_dates=8_holdout_dates=7,holdout,false,2026-06-04;2026-06-08;2026-06-10;2026-06-11;2026-06-12;2026-06-17;2026-06-19,liquidity_sweep_vap_absorption_threshold:direction=long:min_zone_ratio=3:min_zone_volume=200,liquidity_sweep_vap_absorption_reversal,long,3,200,11,0,0,0,0,0,0,0,0,0,post-diagnostic VAP threshold sweep
1,chronological_train_dates=8_holdout_dates=7,holdout,false,2026-06-04;2026-06-08;2026-06-10;2026-06-11;2026-06-12;2026-06-17;2026-06-19,liquidity_sweep_vap_absorption_threshold:direction=short:min_zone_ratio=3:min_zone_volume=200,liquidity_sweep_vap_absorption_reversal,short,3,200,11,0,0,0,0,0,0,0,0,0,post-diagnostic VAP threshold sweep
1,chronological_train_dates=8_holdout_dates=7,holdout,false,2026-06-04;2026-06-08;2026-06-10;2026-06-11;2026-06-12;2026-06-17;2026-06-19,liquidity_sweep_vap_absorption_threshold:direction=all:min_zone_ratio=3:min_zone_volume=300,liquidity_sweep_vap_absorption_reversal,all,3,300,11,0,0,0,0,0,0,0,0,0,post-diagnostic VAP threshold sweep
1,chronological_train_dates=8_holdout_dates=7,holdout,false,2026-06-04;2026-06-08;2026-06-10;2026-06-11;2026-06-12;2026-06-17;2026-06-19,liquidity_sweep_vap_absorption_threshold:direction=long:min_zone_ratio=3:min_zone_volume=300,liquidity_sweep_vap_absorption_reversal,long,3,300,11,0,0,0,0,0,0,0,0,0,post-diagnostic VAP threshold sweep
1,chronological_train_dates=8_holdout_dates=7,holdout,false,2026-06-04;2026-06-08;2026-06-10;2026-06-11;2026-06-12;2026-06-17;2026-06-19,liquidity_sweep_vap_absorption_threshold:direction=short:min_zone_ratio=3:min_zone_volume=300,liquidity_sweep_vap_absorption_reversal,short,3,300,11,0,0,0,0,0,0,0,0,0,post-diagnostic VAP threshold sweep
1,chronological_train_dates=8_holdout_dates=7,holdout,false,2026-06-04;2026-06-08;2026-06-10;2026-06-11;2026-06-12;2026-06-17;2026-06-19,liquidity_sweep_vap_absorption_threshold:direction=all:min_zone_ratio=3:min_zone_volume=500,liquidity_sweep_vap_absorption_reversal,all,3,500,11,0,0,0,0,0,0,0,0,0,post-diagnostic VAP threshold sweep
1,chronological_train_dates=8_holdout_dates=7,holdout,false,2026-06-04;2026-06-08;2026-06-10;2026-06-11;2026-06-12;2026-06-17;2026-06-19,liquidity_sweep_vap_absorption_threshold:direction=long:min_zone_ratio=3:min_zone_volume=500,liquidity_sweep_vap_absorption_reversal,long,3,500,11,0,0,0,0,0,0,0,0,0,post-diagnostic VAP threshold sweep
1,chronological_train_dates=8_holdout_dates=7,holdout,false,2026-06-04;2026-06-08;2026-06-10;2026-06-11;2026-06-12;2026-06-17;2026-06-19,liquidity_sweep_vap_absorption_threshold:direction=short:min_zone_ratio=3:min_zone_volume=500,liquidity_sweep_vap_absorption_reversal,short,3,500,11,0,0,0,0,0,0,0,0,0,post-diagnostic VAP threshold sweep
1,chronological_train_dates=8_holdout_dates=7,holdout,false,2026-06-04;2026-06-08;2026-06-10;2026-06-11;2026-06-12;2026-06-17;2026-06-19,liquidity_sweep_vap_absorption_threshold:direction=all:min_zone_ratio=3:min_zone_volume=750,liquidity_sweep_vap_absorption_reversal,all,3,750,11,0,0,0,0,0,0,0,0,0,post-diagnostic VAP threshold sweep
1,chronological_train_dates=8_holdout_dates=7,holdout,false,2026-06-04;2026-06-08;2026-06-10;2026-06-11;2026-06-12;2026-06-17;2026-06-19,liquidity_sweep_vap_absorption_threshold:direction=long:min_zone_ratio=3:min_zone_volume=750,liquidity_sweep_vap_absorption_reversal,long,3,750,11,0,0,0,0,0,0,0,0,0,post-diagnostic VAP threshold sweep
1,chronological_train_dates=8_holdout_dates=7,holdout,false,2026-06-04;2026-06-08;2026-06-10;2026-06-11;2026-06-12;2026-06-17;2026-06-19,liquidity_sweep_vap_absorption_threshold:direction=short:min_zone_ratio=3:min_zone_volume=750,liquidity_sweep_vap_absorption_reversal,short,3,750,11,0,0,0,0,0,0,0,0,0,post-diagnostic VAP threshold sweep
1,chronological_train_dates=8_holdout_dates=7,holdout,false,2026-06-04;2026-06-08;2026-06-10;2026-06-11;2026-06-12;2026-06-17;2026-06-19,liquidity_sweep_vap_absorption_threshold:direction=all:min_zone_ratio=3:min_zone_volume=1000,liquidity_sweep_vap_absorption_reversal,all,3,1000,11,0,0,0,0,0,0,0,0,0,post-diagnostic VAP threshold sweep
1,chronological_train_dates=8_holdout_dates=7,holdout,false,2026-06-04;2026-06-08;2026-06-10;2026-06-11;2026-06-12;2026-06-17;2026-06-19,liquidity_sweep_vap_absorption_threshold:direction=long:min_zone_ratio=3:min_zone_volume=1000,liquidity_sweep_vap_absorption_reversal,long,3,1000,11,0,0,0,0,0,0,0,0,0,post-diagnostic VAP threshold sweep
1,chronological_train_dates=8_holdout_dates=7,holdout,false,2026-06-04;2026-06-08;2026-06-10;2026-06-11;2026-06-12;2026-06-17;2026-06-19,liquidity_sweep_vap_absorption_threshold:direction=short:min_zone_ratio=3:min_zone_volume=1000,liquidity_sweep_vap_absorption_reversal,short,3,1000,11,0,0,0,0,0,0,0,0,0,post-diagnostic VAP threshold sweep
