schema_version,experiment_id,strategy_id,direction_filter,first_target_points,stop_points,runner_target_points,runner_stop_mode,input_signal_rows,input_candidates,evaluated_trades,full_stops,first_target_hits,runner_target_hits,runner_stop_exits,end_of_session_exits,other_exits,positive_net_trades,positive_net_rate,gross_usd,net_usd,average_net_usd,long_trades,short_trades,notes
1,signal_scaled_scalp:strategy=random_25_per_day:direction=all:first_target_points=0.5:stop_points=1:runner_target_points=1.5:runner_stop_mode=breakeven,random_25_per_day,all,0.5,1,1.5,breakeven,406,406,406,233,173,100,73,0,0,100,0.24630542,-11475,-34617,-85.2635468,203,203,"two-contract post-signal scalp: one contract exits at first target, one runner uses selected stop mode and runner target"
1,signal_scaled_scalp:strategy=random_25_per_day:direction=all:first_target_points=0.5:stop_points=1:runner_target_points=1.5:runner_stop_mode=initial,random_25_per_day,all,0.5,1,1.5,initial,406,406,406,233,173,128,45,0,0,128,0.31527094,-11625,-34767,-85.63300493,203,203,"two-contract post-signal scalp: one contract exits at first target, one runner uses selected stop mode and runner target"
1,signal_scaled_scalp:strategy=random_25_per_day:direction=all:first_target_points=0.5:stop_points=1:runner_target_points=2:runner_stop_mode=breakeven,random_25_per_day,all,0.5,1,2,breakeven,406,406,406,233,173,74,99,0,0,74,0.18226601,-11575,-34717,-85.50985222,203,203,"two-contract post-signal scalp: one contract exits at first target, one runner uses selected stop mode and runner target"
1,signal_scaled_scalp:strategy=random_25_per_day:direction=all:first_target_points=0.5:stop_points=1:runner_target_points=2:runner_stop_mode=initial,random_25_per_day,all,0.5,1,2,initial,406,406,406,233,173,106,67,0,0,106,0.26108374,-11725,-34867,-85.87931034,203,203,"two-contract post-signal scalp: one contract exits at first target, one runner uses selected stop mode and runner target"
1,signal_scaled_scalp:strategy=random_25_per_day:direction=all:first_target_points=0.5:stop_points=1:runner_target_points=3:runner_stop_mode=breakeven,random_25_per_day,all,0.5,1,3,breakeven,406,406,406,233,173,53,120,0,0,53,0.13054187,-11025,-34167,-84.15517241,203,203,"two-contract post-signal scalp: one contract exits at first target, one runner uses selected stop mode and runner target"
1,signal_scaled_scalp:strategy=random_25_per_day:direction=all:first_target_points=0.5:stop_points=1:runner_target_points=3:runner_stop_mode=initial,random_25_per_day,all,0.5,1,3,initial,406,406,406,233,173,81,92,0,0,81,0.19950739,-11425,-34567,-85.14039409,203,203,"two-contract post-signal scalp: one contract exits at first target, one runner uses selected stop mode and runner target"
1,signal_scaled_scalp:strategy=random_25_per_day:direction=all:first_target_points=0.5:stop_points=1:runner_target_points=5:runner_stop_mode=breakeven,random_25_per_day,all,0.5,1,5,breakeven,406,406,406,233,173,34,139,0,0,34,0.08374384,-10475,-33617,-82.80049261,203,203,"two-contract post-signal scalp: one contract exits at first target, one runner uses selected stop mode and runner target"
1,signal_scaled_scalp:strategy=random_25_per_day:direction=all:first_target_points=0.5:stop_points=1:runner_target_points=5:runner_stop_mode=initial,random_25_per_day,all,0.5,1,5,initial,406,406,406,233,173,52,121,0,0,52,0.12807882,-12025,-35167,-86.6182266,203,203,"two-contract post-signal scalp: one contract exits at first target, one runner uses selected stop mode and runner target"
1,signal_scaled_scalp:strategy=random_25_per_day:direction=all:first_target_points=0.5:stop_points=1.5:runner_target_points=1.5:runner_stop_mode=breakeven,random_25_per_day,all,0.5,1.5,1.5,breakeven,406,406,406,211,195,105,90,0,0,105,0.25862069,-18900,-42042,-103.55172414,203,203,"two-contract post-signal scalp: one contract exits at first target, one runner uses selected stop mode and runner target"
1,signal_scaled_scalp:strategy=random_25_per_day:direction=all:first_target_points=0.5:stop_points=1.5:runner_target_points=1.5:runner_stop_mode=initial,random_25_per_day,all,0.5,1.5,1.5,initial,406,406,406,211,195,148,47,0,0,148,0.36453202,-19200,-42342,-104.29064039,203,203,"two-contract post-signal scalp: one contract exits at first target, one runner uses selected stop mode and runner target"
1,signal_scaled_scalp:strategy=random_25_per_day:direction=all:first_target_points=0.5:stop_points=1.5:runner_target_points=2:runner_stop_mode=breakeven,random_25_per_day,all,0.5,1.5,2,breakeven,406,406,406,211,195,78,117,0,0,78,0.19211823,-18975,-42117,-103.7364532,203,203,"two-contract post-signal scalp: one contract exits at first target, one runner uses selected stop mode and runner target"
1,signal_scaled_scalp:strategy=random_25_per_day:direction=all:first_target_points=0.5:stop_points=1.5:runner_target_points=2:runner_stop_mode=initial,random_25_per_day,all,0.5,1.5,2,initial,406,406,406,211,195,124,71,0,0,124,0.30541872,-19700,-42842,-105.52216749,203,203,"two-contract post-signal scalp: one contract exits at first target, one runner uses selected stop mode and runner target"
1,signal_scaled_scalp:strategy=random_25_per_day:direction=all:first_target_points=0.5:stop_points=1.5:runner_target_points=3:runner_stop_mode=breakeven,random_25_per_day,all,0.5,1.5,3,breakeven,406,406,406,211,195,56,139,0,0,56,0.13793103,-18375,-41517,-102.25862069,203,203,"two-contract post-signal scalp: one contract exits at first target, one runner uses selected stop mode and runner target"
1,signal_scaled_scalp:strategy=random_25_per_day:direction=all:first_target_points=0.5:stop_points=1.5:runner_target_points=3:runner_stop_mode=initial,random_25_per_day,all,0.5,1.5,3,initial,406,406,406,211,195,96,99,0,0,96,0.2364532,-19800,-42942,-105.76847291,203,203,"two-contract post-signal scalp: one contract exits at first target, one runner uses selected stop mode and runner target"
1,signal_scaled_scalp:strategy=random_25_per_day:direction=all:first_target_points=0.5:stop_points=1.5:runner_target_points=5:runner_stop_mode=breakeven,random_25_per_day,all,0.5,1.5,5,breakeven,406,406,406,211,195,36,159,0,0,36,0.08866995,-17775,-40917,-100.78078818,203,203,"two-contract post-signal scalp: one contract exits at first target, one runner uses selected stop mode and runner target"
1,signal_scaled_scalp:strategy=random_25_per_day:direction=all:first_target_points=0.5:stop_points=1.5:runner_target_points=5:runner_stop_mode=initial,random_25_per_day,all,0.5,1.5,5,initial,406,406,406,211,195,66,129,0,0,66,0.16256158,-19950,-43092,-106.13793103,203,203,"two-contract post-signal scalp: one contract exits at first target, one runner uses selected stop mode and runner target"
1,signal_scaled_scalp:strategy=random_25_per_day:direction=all:first_target_points=0.5:stop_points=2:runner_target_points=1.5:runner_stop_mode=breakeven,random_25_per_day,all,0.5,2,1.5,breakeven,406,406,406,184,222,111,111,0,0,111,0.27339901,-22925,-46067,-113.46551724,203,203,"two-contract post-signal scalp: one contract exits at first target, one runner uses selected stop mode and runner target"
1,signal_scaled_scalp:strategy=random_25_per_day:direction=all:first_target_points=0.5:stop_points=2:runner_target_points=1.5:runner_stop_mode=initial,random_25_per_day,all,0.5,2,1.5,initial,406,406,406,184,222,170,52,0,0,170,0.41871921,-23700,-46842,-115.37438424,203,203,"two-contract post-signal scalp: one contract exits at first target, one runner uses selected stop mode and runner target"
1,signal_scaled_scalp:strategy=random_25_per_day:direction=all:first_target_points=0.5:stop_points=2:runner_target_points=2:runner_stop_mode=breakeven,random_25_per_day,all,0.5,2,2,breakeven,406,406,406,184,222,84,138,0,0,84,0.20689655,-22850,-45992,-113.28078818,203,203,"two-contract post-signal scalp: one contract exits at first target, one runner uses selected stop mode and runner target"
1,signal_scaled_scalp:strategy=random_25_per_day:direction=all:first_target_points=0.5:stop_points=2:runner_target_points=2:runner_stop_mode=initial,random_25_per_day,all,0.5,2,2,initial,406,406,406,184,222,144,78,0,0,144,0.3546798,-24650,-47792,-117.71428571,203,203,"two-contract post-signal scalp: one contract exits at first target, one runner uses selected stop mode and runner target"
1,signal_scaled_scalp:strategy=random_25_per_day:direction=all:first_target_points=0.5:stop_points=2:runner_target_points=3:runner_stop_mode=breakeven,random_25_per_day,all,0.5,2,3,breakeven,406,406,406,184,222,62,160,0,0,62,0.15270936,-21950,-45092,-111.06403941,203,203,"two-contract post-signal scalp: one contract exits at first target, one runner uses selected stop mode and runner target"
1,signal_scaled_scalp:strategy=random_25_per_day:direction=all:first_target_points=0.5:stop_points=2:runner_target_points=3:runner_stop_mode=initial,random_25_per_day,all,0.5,2,3,initial,406,406,406,184,222,114,108,0,0,114,0.28078818,-24950,-48092,-118.45320197,203,203,"two-contract post-signal scalp: one contract exits at first target, one runner uses selected stop mode and runner target"
1,signal_scaled_scalp:strategy=random_25_per_day:direction=all:first_target_points=0.5:stop_points=2:runner_target_points=5:runner_stop_mode=breakeven,random_25_per_day,all,0.5,2,5,breakeven,406,406,406,184,222,40,182,0,0,40,0.09852217,-21250,-44392,-109.33990148,203,203,"two-contract post-signal scalp: one contract exits at first target, one runner uses selected stop mode and runner target"
1,signal_scaled_scalp:strategy=random_25_per_day:direction=all:first_target_points=0.5:stop_points=2:runner_target_points=5:runner_stop_mode=initial,random_25_per_day,all,0.5,2,5,initial,406,406,406,184,222,81,141,0,0,81,0.19950739,-25100,-48242,-118.8226601,203,203,"two-contract post-signal scalp: one contract exits at first target, one runner uses selected stop mode and runner target"
1,signal_scaled_scalp:strategy=random_25_per_day:direction=all:first_target_points=1:stop_points=1:runner_target_points=1.5:runner_stop_mode=breakeven,random_25_per_day,all,1,1,1.5,breakeven,406,406,406,249,157,110,47,0,0,110,0.27093596,-8800,-31942,-78.67487685,203,203,"two-contract post-signal scalp: one contract exits at first target, one runner uses selected stop mode and runner target"
1,signal_scaled_scalp:strategy=random_25_per_day:direction=all:first_target_points=1:stop_points=1:runner_target_points=1.5:runner_stop_mode=initial,random_25_per_day,all,1,1,1.5,initial,406,406,406,249,157,128,29,0,0,128,0.31527094,-8900,-32042,-78.92118227,203,203,"two-contract post-signal scalp: one contract exits at first target, one runner uses selected stop mode and runner target"
1,signal_scaled_scalp:strategy=random_25_per_day:direction=all:first_target_points=1:stop_points=1:runner_target_points=2:runner_stop_mode=breakeven,random_25_per_day,all,1,1,2,breakeven,406,406,406,249,157,81,76,0,0,81,0.19950739,-8950,-32092,-79.04433498,203,203,"two-contract post-signal scalp: one contract exits at first target, one runner uses selected stop mode and runner target"
1,signal_scaled_scalp:strategy=random_25_per_day:direction=all:first_target_points=1:stop_points=1:runner_target_points=2:runner_stop_mode=initial,random_25_per_day,all,1,1,2,initial,406,406,406,249,157,106,51,0,0,106,0.26108374,-9000,-32142,-79.16748768,203,203,"two-contract post-signal scalp: one contract exits at first target, one runner uses selected stop mode and runner target"
1,signal_scaled_scalp:strategy=random_25_per_day:direction=all:first_target_points=1:stop_points=1:runner_target_points=3:runner_stop_mode=breakeven,random_25_per_day,all,1,1,3,breakeven,406,406,406,249,157,56,101,0,0,56,0.13793103,-8650,-31792,-78.30541872,203,203,"two-contract post-signal scalp: one contract exits at first target, one runner uses selected stop mode and runner target"
1,signal_scaled_scalp:strategy=random_25_per_day:direction=all:first_target_points=1:stop_points=1:runner_target_points=3:runner_stop_mode=initial,random_25_per_day,all,1,1,3,initial,406,406,406,249,157,81,76,0,0,81,0.19950739,-8700,-31842,-78.42857143,203,203,"two-contract post-signal scalp: one contract exits at first target, one runner uses selected stop mode and runner target"
1,signal_scaled_scalp:strategy=random_25_per_day:direction=all:first_target_points=1:stop_points=1:runner_target_points=5:runner_stop_mode=breakeven,random_25_per_day,all,1,1,5,breakeven,406,406,406,249,157,36,121,0,0,36,0.08866995,-8050,-31192,-76.82758621,203,203,"two-contract post-signal scalp: one contract exits at first target, one runner uses selected stop mode and runner target"
1,signal_scaled_scalp:strategy=random_25_per_day:direction=all:first_target_points=1:stop_points=1:runner_target_points=5:runner_stop_mode=initial,random_25_per_day,all,1,1,5,initial,406,406,406,249,157,52,105,0,0,52,0.12807882,-9300,-32442,-79.90640394,203,203,"two-contract post-signal scalp: one contract exits at first target, one runner uses selected stop mode and runner target"
1,signal_scaled_scalp:strategy=random_25_per_day:direction=all:first_target_points=1:stop_points=1.5:runner_target_points=1.5:runner_stop_mode=breakeven,random_25_per_day,all,1,1.5,1.5,breakeven,406,406,406,224,182,126,56,0,0,126,0.31034483,-15050,-38192,-94.06896552,203,203,"two-contract post-signal scalp: one contract exits at first target, one runner uses selected stop mode and runner target"
1,signal_scaled_scalp:strategy=random_25_per_day:direction=all:first_target_points=1:stop_points=1.5:runner_target_points=1.5:runner_stop_mode=initial,random_25_per_day,all,1,1.5,1.5,initial,406,406,406,224,182,148,34,0,0,148,0.36453202,-15950,-39092,-96.28571429,203,203,"two-contract post-signal scalp: one contract exits at first target, one runner uses selected stop mode and runner target"
1,signal_scaled_scalp:strategy=random_25_per_day:direction=all:first_target_points=1:stop_points=1.5:runner_target_points=2:runner_stop_mode=breakeven,random_25_per_day,all,1,1.5,2,breakeven,406,406,406,224,182,93,89,0,0,93,0.22906404,-15200,-38342,-94.43842365,203,203,"two-contract post-signal scalp: one contract exits at first target, one runner uses selected stop mode and runner target"
1,signal_scaled_scalp:strategy=random_25_per_day:direction=all:first_target_points=1:stop_points=1.5:runner_target_points=2:runner_stop_mode=initial,random_25_per_day,all,1,1.5,2,initial,406,406,406,224,182,124,58,0,0,124,0.30541872,-16450,-39592,-97.51724138,203,203,"two-contract post-signal scalp: one contract exits at first target, one runner uses selected stop mode and runner target"
1,signal_scaled_scalp:strategy=random_25_per_day:direction=all:first_target_points=1:stop_points=1.5:runner_target_points=3:runner_stop_mode=breakeven,random_25_per_day,all,1,1.5,3,breakeven,406,406,406,224,182,61,121,0,0,61,0.15024631,-15350,-38492,-94.80788177,203,203,"two-contract post-signal scalp: one contract exits at first target, one runner uses selected stop mode and runner target"
1,signal_scaled_scalp:strategy=random_25_per_day:direction=all:first_target_points=1:stop_points=1.5:runner_target_points=3:runner_stop_mode=initial,random_25_per_day,all,1,1.5,3,initial,406,406,406,224,182,96,86,0,0,96,0.2364532,-16550,-39692,-97.7635468,203,203,"two-contract post-signal scalp: one contract exits at first target, one runner uses selected stop mode and runner target"
1,signal_scaled_scalp:strategy=random_25_per_day:direction=all:first_target_points=1:stop_points=1.5:runner_target_points=5:runner_stop_mode=breakeven,random_25_per_day,all,1,1.5,5,breakeven,406,406,406,224,182,39,143,0,0,39,0.09605911,-14750,-37892,-93.33004926,203,203,"two-contract post-signal scalp: one contract exits at first target, one runner uses selected stop mode and runner target"
1,signal_scaled_scalp:strategy=random_25_per_day:direction=all:first_target_points=1:stop_points=1.5:runner_target_points=5:runner_stop_mode=initial,random_25_per_day,all,1,1.5,5,initial,406,406,406,224,182,66,116,0,0,66,0.16256158,-16700,-39842,-98.13300493,203,203,"two-contract post-signal scalp: one contract exits at first target, one runner uses selected stop mode and runner target"
1,signal_scaled_scalp:strategy=random_25_per_day:direction=all:first_target_points=1:stop_points=2:runner_target_points=1.5:runner_stop_mode=breakeven,random_25_per_day,all,1,2,1.5,breakeven,406,406,406,198,208,138,70,0,0,138,0.33990148,-18850,-41992,-103.42857143,203,203,"two-contract post-signal scalp: one contract exits at first target, one runner uses selected stop mode and runner target"
1,signal_scaled_scalp:strategy=random_25_per_day:direction=all:first_target_points=1:stop_points=2:runner_target_points=1.5:runner_stop_mode=initial,random_25_per_day,all,1,2,1.5,initial,406,406,406,198,208,170,38,0,0,170,0.41871921,-20250,-43392,-106.87684729,203,203,"two-contract post-signal scalp: one contract exits at first target, one runner uses selected stop mode and runner target"
1,signal_scaled_scalp:strategy=random_25_per_day:direction=all:first_target_points=1:stop_points=2:runner_target_points=2:runner_stop_mode=breakeven,random_25_per_day,all,1,2,2,breakeven,406,406,406,198,208,102,106,0,0,102,0.25123153,-19000,-42142,-103.79802956,203,203,"two-contract post-signal scalp: one contract exits at first target, one runner uses selected stop mode and runner target"
1,signal_scaled_scalp:strategy=random_25_per_day:direction=all:first_target_points=1:stop_points=2:runner_target_points=2:runner_stop_mode=initial,random_25_per_day,all,1,2,2,initial,406,406,406,198,208,144,64,0,0,144,0.3546798,-21200,-44342,-109.21674877,203,203,"two-contract post-signal scalp: one contract exits at first target, one runner uses selected stop mode and runner target"
1,signal_scaled_scalp:strategy=random_25_per_day:direction=all:first_target_points=1:stop_points=2:runner_target_points=3:runner_stop_mode=breakeven,random_25_per_day,all,1,2,3,breakeven,406,406,406,198,208,68,140,0,0,68,0.16748768,-19000,-42142,-103.79802956,203,203,"two-contract post-signal scalp: one contract exits at first target, one runner uses selected stop mode and runner target"
1,signal_scaled_scalp:strategy=random_25_per_day:direction=all:first_target_points=1:stop_points=2:runner_target_points=3:runner_stop_mode=initial,random_25_per_day,all,1,2,3,initial,406,406,406,198,208,114,94,0,0,114,0.28078818,-21500,-44642,-109.95566502,203,203,"two-contract post-signal scalp: one contract exits at first target, one runner uses selected stop mode and runner target"
1,signal_scaled_scalp:strategy=random_25_per_day:direction=all:first_target_points=1:stop_points=2:runner_target_points=5:runner_stop_mode=breakeven,random_25_per_day,all,1,2,5,breakeven,406,406,406,198,208,44,164,0,0,44,0.10837438,-18200,-41342,-101.82758621,203,203,"two-contract post-signal scalp: one contract exits at first target, one runner uses selected stop mode and runner target"
1,signal_scaled_scalp:strategy=random_25_per_day:direction=all:first_target_points=1:stop_points=2:runner_target_points=5:runner_stop_mode=initial,random_25_per_day,all,1,2,5,initial,406,406,406,198,208,81,127,0,0,81,0.19950739,-21650,-44792,-110.32512315,203,203,"two-contract post-signal scalp: one contract exits at first target, one runner uses selected stop mode and runner target"
1,signal_scaled_scalp:strategy=random_25_per_day:direction=all:first_target_points=1.5:stop_points=1:runner_target_points=2:runner_stop_mode=breakeven,random_25_per_day,all,1.5,1,2,breakeven,406,406,406,278,128,94,34,0,0,128,0.31527094,-8800,-31942,-78.67487685,203,203,"two-contract post-signal scalp: one contract exits at first target, one runner uses selected stop mode and runner target"
1,signal_scaled_scalp:strategy=random_25_per_day:direction=all:first_target_points=1.5:stop_points=1:runner_target_points=2:runner_stop_mode=initial,random_25_per_day,all,1.5,1,2,initial,406,406,406,278,128,106,22,0,0,106,0.26108374,-8700,-31842,-78.42857143,203,203,"two-contract post-signal scalp: one contract exits at first target, one runner uses selected stop mode and runner target"
1,signal_scaled_scalp:strategy=random_25_per_day:direction=all:first_target_points=1.5:stop_points=1:runner_target_points=3:runner_stop_mode=breakeven,random_25_per_day,all,1.5,1,3,breakeven,406,406,406,278,128,64,64,0,0,128,0.31527094,-8600,-31742,-78.18226601,203,203,"two-contract post-signal scalp: one contract exits at first target, one runner uses selected stop mode and runner target"
1,signal_scaled_scalp:strategy=random_25_per_day:direction=all:first_target_points=1.5:stop_points=1:runner_target_points=3:runner_stop_mode=initial,random_25_per_day,all,1.5,1,3,initial,406,406,406,278,128,81,47,0,0,81,0.19950739,-8400,-31542,-77.68965517,203,203,"two-contract post-signal scalp: one contract exits at first target, one runner uses selected stop mode and runner target"
1,signal_scaled_scalp:strategy=random_25_per_day:direction=all:first_target_points=1.5:stop_points=1:runner_target_points=5:runner_stop_mode=breakeven,random_25_per_day,all,1.5,1,5,breakeven,406,406,406,278,128,40,88,0,0,128,0.31527094,-8200,-31342,-77.19704433,203,203,"two-contract post-signal scalp: one contract exits at first target, one runner uses selected stop mode and runner target"
1,signal_scaled_scalp:strategy=random_25_per_day:direction=all:first_target_points=1.5:stop_points=1:runner_target_points=5:runner_stop_mode=initial,random_25_per_day,all,1.5,1,5,initial,406,406,406,278,128,52,76,0,0,52,0.12807882,-9000,-32142,-79.16748768,203,203,"two-contract post-signal scalp: one contract exits at first target, one runner uses selected stop mode and runner target"
1,signal_scaled_scalp:strategy=random_25_per_day:direction=all:first_target_points=1.5:stop_points=1.5:runner_target_points=2:runner_stop_mode=breakeven,random_25_per_day,all,1.5,1.5,2,breakeven,406,406,406,258,148,109,39,0,0,148,0.36453202,-16700,-39842,-98.13300493,203,203,"two-contract post-signal scalp: one contract exits at first target, one runner uses selected stop mode and runner target"
1,signal_scaled_scalp:strategy=random_25_per_day:direction=all:first_target_points=1.5:stop_points=1.5:runner_target_points=2:runner_stop_mode=initial,random_25_per_day,all,1.5,1.5,2,initial,406,406,406,258,148,124,24,0,0,124,0.30541872,-17000,-40142,-98.87192118,203,203,"two-contract post-signal scalp: one contract exits at first target, one runner uses selected stop mode and runner target"
1,signal_scaled_scalp:strategy=random_25_per_day:direction=all:first_target_points=1.5:stop_points=1.5:runner_target_points=3:runner_stop_mode=breakeven,random_25_per_day,all,1.5,1.5,3,breakeven,406,406,406,258,148,70,78,0,0,148,0.36453202,-17100,-40242,-99.1182266,203,203,"two-contract post-signal scalp: one contract exits at first target, one runner uses selected stop mode and runner target"
1,signal_scaled_scalp:strategy=random_25_per_day:direction=all:first_target_points=1.5:stop_points=1.5:runner_target_points=3:runner_stop_mode=initial,random_25_per_day,all,1.5,1.5,3,initial,406,406,406,258,148,96,52,0,0,96,0.2364532,-17100,-40242,-99.1182266,203,203,"two-contract post-signal scalp: one contract exits at first target, one runner uses selected stop mode and runner target"
1,signal_scaled_scalp:strategy=random_25_per_day:direction=all:first_target_points=1.5:stop_points=1.5:runner_target_points=5:runner_stop_mode=breakeven,random_25_per_day,all,1.5,1.5,5,breakeven,406,406,406,258,148,43,105,0,0,148,0.36453202,-16850,-39992,-98.50246305,203,203,"two-contract post-signal scalp: one contract exits at first target, one runner uses selected stop mode and runner target"
1,signal_scaled_scalp:strategy=random_25_per_day:direction=all:first_target_points=1.5:stop_points=1.5:runner_target_points=5:runner_stop_mode=initial,random_25_per_day,all,1.5,1.5,5,initial,406,406,406,258,148,66,82,0,0,66,0.16256158,-17250,-40392,-99.48768473,203,203,"two-contract post-signal scalp: one contract exits at first target, one runner uses selected stop mode and runner target"
1,signal_scaled_scalp:strategy=random_25_per_day:direction=all:first_target_points=1.5:stop_points=2:runner_target_points=2:runner_stop_mode=breakeven,random_25_per_day,all,1.5,2,2,breakeven,406,406,406,236,170,127,43,0,0,170,0.41871921,-21750,-44892,-110.57142857,203,203,"two-contract post-signal scalp: one contract exits at first target, one runner uses selected stop mode and runner target"
1,signal_scaled_scalp:strategy=random_25_per_day:direction=all:first_target_points=1.5:stop_points=2:runner_target_points=2:runner_stop_mode=initial,random_25_per_day,all,1.5,2,2,initial,406,406,406,236,170,144,26,0,0,144,0.3546798,-22650,-45792,-112.78817734,203,203,"two-contract post-signal scalp: one contract exits at first target, one runner uses selected stop mode and runner target"
1,signal_scaled_scalp:strategy=random_25_per_day:direction=all:first_target_points=1.5:stop_points=2:runner_target_points=3:runner_stop_mode=breakeven,random_25_per_day,all,1.5,2,3,breakeven,406,406,406,236,170,83,87,0,0,170,0.41871921,-22000,-45142,-111.18719212,203,203,"two-contract post-signal scalp: one contract exits at first target, one runner uses selected stop mode and runner target"
1,signal_scaled_scalp:strategy=random_25_per_day:direction=all:first_target_points=1.5:stop_points=2:runner_target_points=3:runner_stop_mode=initial,random_25_per_day,all,1.5,2,3,initial,406,406,406,236,170,114,56,0,0,114,0.28078818,-22950,-46092,-113.5270936,203,203,"two-contract post-signal scalp: one contract exits at first target, one runner uses selected stop mode and runner target"
1,signal_scaled_scalp:strategy=random_25_per_day:direction=all:first_target_points=1.5:stop_points=2:runner_target_points=5:runner_stop_mode=breakeven,random_25_per_day,all,1.5,2,5,breakeven,406,406,406,236,170,52,118,0,0,170,0.41871921,-21450,-44592,-109.83251232,203,203,"two-contract post-signal scalp: one contract exits at first target, one runner uses selected stop mode and runner target"
1,signal_scaled_scalp:strategy=random_25_per_day:direction=all:first_target_points=1.5:stop_points=2:runner_target_points=5:runner_stop_mode=initial,random_25_per_day,all,1.5,2,5,initial,406,406,406,236,170,81,89,0,0,81,0.19950739,-23100,-46242,-113.89655172,203,203,"two-contract post-signal scalp: one contract exits at first target, one runner uses selected stop mode and runner target"
1,signal_scaled_scalp:strategy=vwap_extension_fade_1pt:direction=all:first_target_points=0.5:stop_points=1:runner_target_points=1.5:runner_stop_mode=breakeven,vwap_extension_fade_1pt,all,0.5,1,1.5,breakeven,331,331,331,182,149,87,62,0,0,87,0.26283988,-7950,-26817,-81.01812689,154,177,"two-contract post-signal scalp: one contract exits at first target, one runner uses selected stop mode and runner target"
1,signal_scaled_scalp:strategy=vwap_extension_fade_1pt:direction=all:first_target_points=0.5:stop_points=1:runner_target_points=1.5:runner_stop_mode=initial,vwap_extension_fade_1pt,all,0.5,1,1.5,initial,331,331,331,182,149,110,39,0,0,110,0.33232628,-8175,-27042,-81.6978852,154,177,"two-contract post-signal scalp: one contract exits at first target, one runner uses selected stop mode and runner target"
1,signal_scaled_scalp:strategy=vwap_extension_fade_1pt:direction=all:first_target_points=0.5:stop_points=1:runner_target_points=2:runner_stop_mode=breakeven,vwap_extension_fade_1pt,all,0.5,1,2,breakeven,331,331,331,182,149,73,76,0,0,73,0.22054381,-7175,-26042,-78.67673716,154,177,"two-contract post-signal scalp: one contract exits at first target, one runner uses selected stop mode and runner target"
1,signal_scaled_scalp:strategy=vwap_extension_fade_1pt:direction=all:first_target_points=0.5:stop_points=1:runner_target_points=2:runner_stop_mode=initial,vwap_extension_fade_1pt,all,0.5,1,2,initial,331,331,331,182,149,97,52,0,0,97,0.29305136,-7375,-26242,-79.28096677,154,177,"two-contract post-signal scalp: one contract exits at first target, one runner uses selected stop mode and runner target"
1,signal_scaled_scalp:strategy=vwap_extension_fade_1pt:direction=all:first_target_points=0.5:stop_points=1:runner_target_points=3:runner_stop_mode=breakeven,vwap_extension_fade_1pt,all,0.5,1,3,breakeven,331,331,331,182,149,49,100,0,0,49,0.14803625,-7125,-25992,-78.52567976,154,177,"two-contract post-signal scalp: one contract exits at first target, one runner uses selected stop mode and runner target"
1,signal_scaled_scalp:strategy=vwap_extension_fade_1pt:direction=all:first_target_points=0.5:stop_points=1:runner_target_points=3:runner_stop_mode=initial,vwap_extension_fade_1pt,all,0.5,1,3,initial,331,331,331,182,149,78,71,0,0,78,0.23564955,-6325,-25192,-76.10876133,154,177,"two-contract post-signal scalp: one contract exits at first target, one runner uses selected stop mode and runner target"
1,signal_scaled_scalp:strategy=vwap_extension_fade_1pt:direction=all:first_target_points=0.5:stop_points=1:runner_target_points=5:runner_stop_mode=breakeven,vwap_extension_fade_1pt,all,0.5,1,5,breakeven,331,331,331,182,149,30,119,0,0,30,0.09063444,-6975,-25842,-78.07250755,154,177,"two-contract post-signal scalp: one contract exits at first target, one runner uses selected stop mode and runner target"
1,signal_scaled_scalp:strategy=vwap_extension_fade_1pt:direction=all:first_target_points=0.5:stop_points=1:runner_target_points=5:runner_stop_mode=initial,vwap_extension_fade_1pt,all,0.5,1,5,initial,331,331,331,182,149,54,95,0,0,54,0.16314199,-5725,-24592,-74.29607251,154,177,"two-contract post-signal scalp: one contract exits at first target, one runner uses selected stop mode and runner target"
1,signal_scaled_scalp:strategy=vwap_extension_fade_1pt:direction=all:first_target_points=0.5:stop_points=1.5:runner_target_points=1.5:runner_stop_mode=breakeven,vwap_extension_fade_1pt,all,0.5,1.5,1.5,breakeven,331,331,331,166,165,94,71,0,0,94,0.28398792,-13725,-32592,-98.4652568,154,177,"two-contract post-signal scalp: one contract exits at first target, one runner uses selected stop mode and runner target"
1,signal_scaled_scalp:strategy=vwap_extension_fade_1pt:direction=all:first_target_points=0.5:stop_points=1.5:runner_target_points=1.5:runner_stop_mode=initial,vwap_extension_fade_1pt,all,0.5,1.5,1.5,initial,331,331,331,166,165,128,37,0,0,128,0.38670695,-13950,-32817,-99.14501511,154,177,"two-contract post-signal scalp: one contract exits at first target, one runner uses selected stop mode and runner target"
1,signal_scaled_scalp:strategy=vwap_extension_fade_1pt:direction=all:first_target_points=0.5:stop_points=1.5:runner_target_points=2:runner_stop_mode=breakeven,vwap_extension_fade_1pt,all,0.5,1.5,2,breakeven,331,331,331,166,165,78,87,0,0,78,0.23564955,-12975,-31842,-96.19939577,154,177,"two-contract post-signal scalp: one contract exits at first target, one runner uses selected stop mode and runner target"
1,signal_scaled_scalp:strategy=vwap_extension_fade_1pt:direction=all:first_target_points=0.5:stop_points=1.5:runner_target_points=2:runner_stop_mode=initial,vwap_extension_fade_1pt,all,0.5,1.5,2,initial,331,331,331,166,165,115,50,0,0,115,0.34743202,-13025,-31892,-96.35045317,154,177,"two-contract post-signal scalp: one contract exits at first target, one runner uses selected stop mode and runner target"
1,signal_scaled_scalp:strategy=vwap_extension_fade_1pt:direction=all:first_target_points=0.5:stop_points=1.5:runner_target_points=3:runner_stop_mode=breakeven,vwap_extension_fade_1pt,all,0.5,1.5,3,breakeven,331,331,331,166,165,53,112,0,0,53,0.16012085,-12825,-31692,-95.74622356,154,177,"two-contract post-signal scalp: one contract exits at first target, one runner uses selected stop mode and runner target"
1,signal_scaled_scalp:strategy=vwap_extension_fade_1pt:direction=all:first_target_points=0.5:stop_points=1.5:runner_target_points=3:runner_stop_mode=initial,vwap_extension_fade_1pt,all,0.5,1.5,3,initial,331,331,331,166,165,96,69,0,0,96,0.29003021,-11550,-30417,-91.89425982,154,177,"two-contract post-signal scalp: one contract exits at first target, one runner uses selected stop mode and runner target"
1,signal_scaled_scalp:strategy=vwap_extension_fade_1pt:direction=all:first_target_points=0.5:stop_points=1.5:runner_target_points=5:runner_stop_mode=breakeven,vwap_extension_fade_1pt,all,0.5,1.5,5,breakeven,331,331,331,166,165,34,131,0,0,34,0.10271903,-12275,-31142,-94.08459215,154,177,"two-contract post-signal scalp: one contract exits at first target, one runner uses selected stop mode and runner target"
1,signal_scaled_scalp:strategy=vwap_extension_fade_1pt:direction=all:first_target_points=0.5:stop_points=1.5:runner_target_points=5:runner_stop_mode=initial,vwap_extension_fade_1pt,all,0.5,1.5,5,initial,331,331,331,166,165,70,95,0,0,70,0.21148036,-10400,-29267,-88.41993958,154,177,"two-contract post-signal scalp: one contract exits at first target, one runner uses selected stop mode and runner target"
1,signal_scaled_scalp:strategy=vwap_extension_fade_1pt:direction=all:first_target_points=0.5:stop_points=2:runner_target_points=1.5:runner_stop_mode=breakeven,vwap_extension_fade_1pt,all,0.5,2,1.5,breakeven,331,331,331,149,182,100,82,0,0,100,0.3021148,-17750,-36617,-110.62537764,154,177,"two-contract post-signal scalp: one contract exits at first target, one runner uses selected stop mode and runner target"
1,signal_scaled_scalp:strategy=vwap_extension_fade_1pt:direction=all:first_target_points=0.5:stop_points=2:runner_target_points=1.5:runner_stop_mode=initial,vwap_extension_fade_1pt,all,0.5,2,1.5,initial,331,331,331,149,182,147,35,0,0,147,0.44410876,-17725,-36592,-110.54984894,154,177,"two-contract post-signal scalp: one contract exits at first target, one runner uses selected stop mode and runner target"
1,signal_scaled_scalp:strategy=vwap_extension_fade_1pt:direction=all:first_target_points=0.5:stop_points=2:runner_target_points=2:runner_stop_mode=breakeven,vwap_extension_fade_1pt,all,0.5,2,2,breakeven,331,331,331,149,182,84,98,0,0,84,0.25377644,-16850,-35717,-107.90634441,154,177,"two-contract post-signal scalp: one contract exits at first target, one runner uses selected stop mode and runner target"
1,signal_scaled_scalp:strategy=vwap_extension_fade_1pt:direction=all:first_target_points=0.5:stop_points=2:runner_target_points=2:runner_stop_mode=initial,vwap_extension_fade_1pt,all,0.5,2,2,initial,331,331,331,149,182,136,46,0,0,136,0.41087613,-16250,-35117,-106.09365559,154,177,"two-contract post-signal scalp: one contract exits at first target, one runner uses selected stop mode and runner target"
1,signal_scaled_scalp:strategy=vwap_extension_fade_1pt:direction=all:first_target_points=0.5:stop_points=2:runner_target_points=3:runner_stop_mode=breakeven,vwap_extension_fade_1pt,all,0.5,2,3,breakeven,331,331,331,149,182,58,124,0,0,58,0.17522659,-16550,-35417,-107,154,177,"two-contract post-signal scalp: one contract exits at first target, one runner uses selected stop mode and runner target"
1,signal_scaled_scalp:strategy=vwap_extension_fade_1pt:direction=all:first_target_points=0.5:stop_points=2:runner_target_points=3:runner_stop_mode=initial,vwap_extension_fade_1pt,all,0.5,2,3,initial,331,331,331,149,182,116,66,0,0,116,0.35045317,-14450,-33317,-100.65558912,154,177,"two-contract post-signal scalp: one contract exits at first target, one runner uses selected stop mode and runner target"
1,signal_scaled_scalp:strategy=vwap_extension_fade_1pt:direction=all:first_target_points=0.5:stop_points=2:runner_target_points=5:runner_stop_mode=breakeven,vwap_extension_fade_1pt,all,0.5,2,5,breakeven,331,331,331,149,182,38,144,0,0,38,0.11480363,-15750,-34617,-104.58308157,154,177,"two-contract post-signal scalp: one contract exits at first target, one runner uses selected stop mode and runner target"
1,signal_scaled_scalp:strategy=vwap_extension_fade_1pt:direction=all:first_target_points=0.5:stop_points=2:runner_target_points=5:runner_stop_mode=initial,vwap_extension_fade_1pt,all,0.5,2,5,initial,331,331,331,149,182,88,94,0,0,88,0.26586103,-12650,-31517,-95.21752266,154,177,"two-contract post-signal scalp: one contract exits at first target, one runner uses selected stop mode and runner target"
1,signal_scaled_scalp:strategy=vwap_extension_fade_1pt:direction=all:first_target_points=1:stop_points=1:runner_target_points=1.5:runner_stop_mode=breakeven,vwap_extension_fade_1pt,all,1,1,1.5,breakeven,331,331,331,200,131,97,34,0,0,97,0.29305136,-6175,-25042,-75.65558912,154,177,"two-contract post-signal scalp: one contract exits at first target, one runner uses selected stop mode and runner target"
1,signal_scaled_scalp:strategy=vwap_extension_fade_1pt:direction=all:first_target_points=1:stop_points=1:runner_target_points=1.5:runner_stop_mode=initial,vwap_extension_fade_1pt,all,1,1,1.5,initial,331,331,331,200,131,110,21,0,0,110,0.33232628,-6250,-25117,-75.88217523,154,177,"two-contract post-signal scalp: one contract exits at first target, one runner uses selected stop mode and runner target"
1,signal_scaled_scalp:strategy=vwap_extension_fade_1pt:direction=all:first_target_points=1:stop_points=1:runner_target_points=2:runner_stop_mode=breakeven,vwap_extension_fade_1pt,all,1,1,2,breakeven,331,331,331,200,131,81,50,0,0,81,0.24471299,-5350,-24217,-73.16314199,154,177,"two-contract post-signal scalp: one contract exits at first target, one runner uses selected stop mode and runner target"
1,signal_scaled_scalp:strategy=vwap_extension_fade_1pt:direction=all:first_target_points=1:stop_points=1:runner_target_points=2:runner_stop_mode=initial,vwap_extension_fade_1pt,all,1,1,2,initial,331,331,331,200,131,97,34,0,0,97,0.29305136,-5450,-24317,-73.4652568,154,177,"two-contract post-signal scalp: one contract exits at first target, one runner uses selected stop mode and runner target"
1,signal_scaled_scalp:strategy=vwap_extension_fade_1pt:direction=all:first_target_points=1:stop_points=1:runner_target_points=3:runner_stop_mode=breakeven,vwap_extension_fade_1pt,all,1,1,3,breakeven,331,331,331,200,131,57,74,0,0,57,0.17220544,-4900,-23767,-71.80362538,154,177,"two-contract post-signal scalp: one contract exits at first target, one runner uses selected stop mode and runner target"
1,signal_scaled_scalp:strategy=vwap_extension_fade_1pt:direction=all:first_target_points=1:stop_points=1:runner_target_points=3:runner_stop_mode=initial,vwap_extension_fade_1pt,all,1,1,3,initial,331,331,331,200,131,78,53,0,0,78,0.23564955,-4400,-23267,-70.29305136,154,177,"two-contract post-signal scalp: one contract exits at first target, one runner uses selected stop mode and runner target"
1,signal_scaled_scalp:strategy=vwap_extension_fade_1pt:direction=all:first_target_points=1:stop_points=1:runner_target_points=5:runner_stop_mode=breakeven,vwap_extension_fade_1pt,all,1,1,5,breakeven,331,331,331,200,131,32,99,0,0,32,0.09667674,-5450,-24317,-73.4652568,154,177,"two-contract post-signal scalp: one contract exits at first target, one runner uses selected stop mode and runner target"
1,signal_scaled_scalp:strategy=vwap_extension_fade_1pt:direction=all:first_target_points=1:stop_points=1:runner_target_points=5:runner_stop_mode=initial,vwap_extension_fade_1pt,all,1,1,5,initial,331,331,331,200,131,54,77,0,0,54,0.16314199,-3800,-22667,-68.48036254,154,177,"two-contract post-signal scalp: one contract exits at first target, one runner uses selected stop mode and runner target"
1,signal_scaled_scalp:strategy=vwap_extension_fade_1pt:direction=all:first_target_points=1:stop_points=1.5:runner_target_points=1.5:runner_stop_mode=breakeven,vwap_extension_fade_1pt,all,1,1.5,1.5,breakeven,331,331,331,185,146,105,41,0,0,105,0.31722054,-12575,-31442,-94.99093656,154,177,"two-contract post-signal scalp: one contract exits at first target, one runner uses selected stop mode and runner target"
1,signal_scaled_scalp:strategy=vwap_extension_fade_1pt:direction=all:first_target_points=1:stop_points=1.5:runner_target_points=1.5:runner_stop_mode=initial,vwap_extension_fade_1pt,all,1,1.5,1.5,initial,331,331,331,185,146,128,18,0,0,128,0.38670695,-12200,-31067,-93.85800604,154,177,"two-contract post-signal scalp: one contract exits at first target, one runner uses selected stop mode and runner target"
1,signal_scaled_scalp:strategy=vwap_extension_fade_1pt:direction=all:first_target_points=1:stop_points=1.5:runner_target_points=2:runner_stop_mode=breakeven,vwap_extension_fade_1pt,all,1,1.5,2,breakeven,331,331,331,185,146,86,60,0,0,86,0.25981873,-11850,-30717,-92.80060423,154,177,"two-contract post-signal scalp: one contract exits at first target, one runner uses selected stop mode and runner target"
1,signal_scaled_scalp:strategy=vwap_extension_fade_1pt:direction=all:first_target_points=1:stop_points=1.5:runner_target_points=2:runner_stop_mode=initial,vwap_extension_fade_1pt,all,1,1.5,2,initial,331,331,331,185,146,115,31,0,0,115,0.34743202,-11275,-30142,-91.06344411,154,177,"two-contract post-signal scalp: one contract exits at first target, one runner uses selected stop mode and runner target"
1,signal_scaled_scalp:strategy=vwap_extension_fade_1pt:direction=all:first_target_points=1:stop_points=1.5:runner_target_points=3:runner_stop_mode=breakeven,vwap_extension_fade_1pt,all,1,1.5,3,breakeven,331,331,331,185,146,61,85,0,0,61,0.18429003,-11300,-30167,-91.13897281,154,177,"two-contract post-signal scalp: one contract exits at first target, one runner uses selected stop mode and runner target"
1,signal_scaled_scalp:strategy=vwap_extension_fade_1pt:direction=all:first_target_points=1:stop_points=1.5:runner_target_points=3:runner_stop_mode=initial,vwap_extension_fade_1pt,all,1,1.5,3,initial,331,331,331,185,146,96,50,0,0,96,0.29003021,-9800,-28667,-86.60725076,154,177,"two-contract post-signal scalp: one contract exits at first target, one runner uses selected stop mode and runner target"
1,signal_scaled_scalp:strategy=vwap_extension_fade_1pt:direction=all:first_target_points=1:stop_points=1.5:runner_target_points=5:runner_stop_mode=breakeven,vwap_extension_fade_1pt,all,1,1.5,5,breakeven,331,331,331,185,146,36,110,0,0,36,0.10876133,-11450,-30317,-91.59214502,154,177,"two-contract post-signal scalp: one contract exits at first target, one runner uses selected stop mode and runner target"
1,signal_scaled_scalp:strategy=vwap_extension_fade_1pt:direction=all:first_target_points=1:stop_points=1.5:runner_target_points=5:runner_stop_mode=initial,vwap_extension_fade_1pt,all,1,1.5,5,initial,331,331,331,185,146,70,76,0,0,70,0.21148036,-8650,-27517,-83.13293051,154,177,"two-contract post-signal scalp: one contract exits at first target, one runner uses selected stop mode and runner target"
1,signal_scaled_scalp:strategy=vwap_extension_fade_1pt:direction=all:first_target_points=1:stop_points=2:runner_target_points=1.5:runner_stop_mode=breakeven,vwap_extension_fade_1pt,all,1,2,1.5,breakeven,331,331,331,167,164,117,47,0,0,117,0.35347432,-16425,-35292,-106.6223565,154,177,"two-contract post-signal scalp: one contract exits at first target, one runner uses selected stop mode and runner target"
1,signal_scaled_scalp:strategy=vwap_extension_fade_1pt:direction=all:first_target_points=1:stop_points=2:runner_target_points=1.5:runner_stop_mode=initial,vwap_extension_fade_1pt,all,1,2,1.5,initial,331,331,331,167,164,147,17,0,0,147,0.44410876,-15875,-34742,-104.96072508,154,177,"two-contract post-signal scalp: one contract exits at first target, one runner uses selected stop mode and runner target"
1,signal_scaled_scalp:strategy=vwap_extension_fade_1pt:direction=all:first_target_points=1:stop_points=2:runner_target_points=2:runner_stop_mode=breakeven,vwap_extension_fade_1pt,all,1,2,2,breakeven,331,331,331,167,164,97,67,0,0,97,0.29305136,-15500,-34367,-103.82779456,154,177,"two-contract post-signal scalp: one contract exits at first target, one runner uses selected stop mode and runner target"
1,signal_scaled_scalp:strategy=vwap_extension_fade_1pt:direction=all:first_target_points=1:stop_points=2:runner_target_points=2:runner_stop_mode=initial,vwap_extension_fade_1pt,all,1,2,2,initial,331,331,331,167,164,136,28,0,0,136,0.41087613,-14400,-33267,-100.50453172,154,177,"two-contract post-signal scalp: one contract exits at first target, one runner uses selected stop mode and runner target"
1,signal_scaled_scalp:strategy=vwap_extension_fade_1pt:direction=all:first_target_points=1:stop_points=2:runner_target_points=3:runner_stop_mode=breakeven,vwap_extension_fade_1pt,all,1,2,3,breakeven,331,331,331,167,164,67,97,0,0,67,0.20241692,-15150,-34017,-102.77039275,154,177,"two-contract post-signal scalp: one contract exits at first target, one runner uses selected stop mode and runner target"
1,signal_scaled_scalp:strategy=vwap_extension_fade_1pt:direction=all:first_target_points=1:stop_points=2:runner_target_points=3:runner_stop_mode=initial,vwap_extension_fade_1pt,all,1,2,3,initial,331,331,331,167,164,116,48,0,0,116,0.35045317,-12600,-31467,-95.06646526,154,177,"two-contract post-signal scalp: one contract exits at first target, one runner uses selected stop mode and runner target"
1,signal_scaled_scalp:strategy=vwap_extension_fade_1pt:direction=all:first_target_points=1:stop_points=2:runner_target_points=5:runner_stop_mode=breakeven,vwap_extension_fade_1pt,all,1,2,5,breakeven,331,331,331,167,164,40,124,0,0,40,0.12084592,-15200,-34067,-102.92145015,154,177,"two-contract post-signal scalp: one contract exits at first target, one runner uses selected stop mode and runner target"
1,signal_scaled_scalp:strategy=vwap_extension_fade_1pt:direction=all:first_target_points=1:stop_points=2:runner_target_points=5:runner_stop_mode=initial,vwap_extension_fade_1pt,all,1,2,5,initial,331,331,331,167,164,88,76,0,0,88,0.26586103,-10800,-29667,-89.62839879,154,177,"two-contract post-signal scalp: one contract exits at first target, one runner uses selected stop mode and runner target"
1,signal_scaled_scalp:strategy=vwap_extension_fade_1pt:direction=all:first_target_points=1.5:stop_points=1:runner_target_points=2:runner_stop_mode=breakeven,vwap_extension_fade_1pt,all,1.5,1,2,breakeven,331,331,331,221,110,89,21,0,0,110,0.33232628,-4950,-23817,-71.95468278,154,177,"two-contract post-signal scalp: one contract exits at first target, one runner uses selected stop mode and runner target"
1,signal_scaled_scalp:strategy=vwap_extension_fade_1pt:direction=all:first_target_points=1.5:stop_points=1:runner_target_points=2:runner_stop_mode=initial,vwap_extension_fade_1pt,all,1.5,1,2,initial,331,331,331,221,110,97,13,0,0,97,0.29305136,-4800,-23667,-71.50151057,154,177,"two-contract post-signal scalp: one contract exits at first target, one runner uses selected stop mode and runner target"
1,signal_scaled_scalp:strategy=vwap_extension_fade_1pt:direction=all:first_target_points=1.5:stop_points=1:runner_target_points=3:runner_stop_mode=breakeven,vwap_extension_fade_1pt,all,1.5,1,3,breakeven,331,331,331,221,110,63,47,0,0,110,0.33232628,-4400,-23267,-70.29305136,154,177,"two-contract post-signal scalp: one contract exits at first target, one runner uses selected stop mode and runner target"
1,signal_scaled_scalp:strategy=vwap_extension_fade_1pt:direction=all:first_target_points=1.5:stop_points=1:runner_target_points=3:runner_stop_mode=initial,vwap_extension_fade_1pt,all,1.5,1,3,initial,331,331,331,221,110,78,32,0,0,78,0.23564955,-3750,-22617,-68.32930514,154,177,"two-contract post-signal scalp: one contract exits at first target, one runner uses selected stop mode and runner target"
1,signal_scaled_scalp:strategy=vwap_extension_fade_1pt:direction=all:first_target_points=1.5:stop_points=1:runner_target_points=5:runner_stop_mode=breakeven,vwap_extension_fade_1pt,all,1.5,1,5,breakeven,331,331,331,221,110,36,74,0,0,110,0.33232628,-4850,-23717,-71.65256798,154,177,"two-contract post-signal scalp: one contract exits at first target, one runner uses selected stop mode and runner target"
1,signal_scaled_scalp:strategy=vwap_extension_fade_1pt:direction=all:first_target_points=1.5:stop_points=1:runner_target_points=5:runner_stop_mode=initial,vwap_extension_fade_1pt,all,1.5,1,5,initial,331,331,331,221,110,54,56,0,0,54,0.16314199,-3150,-22017,-66.51661631,154,177,"two-contract post-signal scalp: one contract exits at first target, one runner uses selected stop mode and runner target"
1,signal_scaled_scalp:strategy=vwap_extension_fade_1pt:direction=all:first_target_points=1.5:stop_points=1.5:runner_target_points=2:runner_stop_mode=breakeven,vwap_extension_fade_1pt,all,1.5,1.5,2,breakeven,331,331,331,203,128,103,25,0,0,128,0.38670695,-10550,-29417,-88.87311178,154,177,"two-contract post-signal scalp: one contract exits at first target, one runner uses selected stop mode and runner target"
1,signal_scaled_scalp:strategy=vwap_extension_fade_1pt:direction=all:first_target_points=1.5:stop_points=1.5:runner_target_points=2:runner_stop_mode=initial,vwap_extension_fade_1pt,all,1.5,1.5,2,initial,331,331,331,203,128,115,13,0,0,115,0.34743202,-10325,-29192,-88.19335347,154,177,"two-contract post-signal scalp: one contract exits at first target, one runner uses selected stop mode and runner target"
1,signal_scaled_scalp:strategy=vwap_extension_fade_1pt:direction=all:first_target_points=1.5:stop_points=1.5:runner_target_points=3:runner_stop_mode=breakeven,vwap_extension_fade_1pt,all,1.5,1.5,3,breakeven,331,331,331,203,128,75,53,0,0,128,0.38670695,-9600,-28467,-86.00302115,154,177,"two-contract post-signal scalp: one contract exits at first target, one runner uses selected stop mode and runner target"
1,signal_scaled_scalp:strategy=vwap_extension_fade_1pt:direction=all:first_target_points=1.5:stop_points=1.5:runner_target_points=3:runner_stop_mode=initial,vwap_extension_fade_1pt,all,1.5,1.5,3,initial,331,331,331,203,128,96,32,0,0,96,0.29003021,-8850,-27717,-83.73716012,154,177,"two-contract post-signal scalp: one contract exits at first target, one runner uses selected stop mode and runner target"
1,signal_scaled_scalp:strategy=vwap_extension_fade_1pt:direction=all:first_target_points=1.5:stop_points=1.5:runner_target_points=5:runner_stop_mode=breakeven,vwap_extension_fade_1pt,all,1.5,1.5,5,breakeven,331,331,331,203,128,47,81,0,0,128,0.38670695,-9100,-27967,-84.49244713,154,177,"two-contract post-signal scalp: one contract exits at first target, one runner uses selected stop mode and runner target"
1,signal_scaled_scalp:strategy=vwap_extension_fade_1pt:direction=all:first_target_points=1.5:stop_points=1.5:runner_target_points=5:runner_stop_mode=initial,vwap_extension_fade_1pt,all,1.5,1.5,5,initial,331,331,331,203,128,70,58,0,0,70,0.21148036,-7700,-26567,-80.26283988,154,177,"two-contract post-signal scalp: one contract exits at first target, one runner uses selected stop mode and runner target"
1,signal_scaled_scalp:strategy=vwap_extension_fade_1pt:direction=all:first_target_points=1.5:stop_points=2:runner_target_points=2:runner_stop_mode=breakeven,vwap_extension_fade_1pt,all,1.5,2,2,breakeven,331,331,331,184,147,118,29,0,0,147,0.44410876,-13975,-32842,-99.22054381,154,177,"two-contract post-signal scalp: one contract exits at first target, one runner uses selected stop mode and runner target"
1,signal_scaled_scalp:strategy=vwap_extension_fade_1pt:direction=all:first_target_points=1.5:stop_points=2:runner_target_points=2:runner_stop_mode=initial,vwap_extension_fade_1pt,all,1.5,2,2,initial,331,331,331,184,147,136,11,0,0,136,0.41087613,-13275,-32142,-97.10574018,154,177,"two-contract post-signal scalp: one contract exits at first target, one runner uses selected stop mode and runner target"
1,signal_scaled_scalp:strategy=vwap_extension_fade_1pt:direction=all:first_target_points=1.5:stop_points=2:runner_target_points=3:runner_stop_mode=breakeven,vwap_extension_fade_1pt,all,1.5,2,3,breakeven,331,331,331,184,147,83,64,0,0,147,0.44410876,-13325,-32192,-97.25679758,154,177,"two-contract post-signal scalp: one contract exits at first target, one runner uses selected stop mode and runner target"
1,signal_scaled_scalp:strategy=vwap_extension_fade_1pt:direction=all:first_target_points=1.5:stop_points=2:runner_target_points=3:runner_stop_mode=initial,vwap_extension_fade_1pt,all,1.5,2,3,initial,331,331,331,184,147,116,31,0,0,116,0.35045317,-11475,-30342,-91.66767372,154,177,"two-contract post-signal scalp: one contract exits at first target, one runner uses selected stop mode and runner target"
1,signal_scaled_scalp:strategy=vwap_extension_fade_1pt:direction=all:first_target_points=1.5:stop_points=2:runner_target_points=5:runner_stop_mode=breakeven,vwap_extension_fade_1pt,all,1.5,2,5,breakeven,331,331,331,184,147,52,95,0,0,147,0.44410876,-12775,-31642,-95.59516616,154,177,"two-contract post-signal scalp: one contract exits at first target, one runner uses selected stop mode and runner target"
1,signal_scaled_scalp:strategy=vwap_extension_fade_1pt:direction=all:first_target_points=1.5:stop_points=2:runner_target_points=5:runner_stop_mode=initial,vwap_extension_fade_1pt,all,1.5,2,5,initial,331,331,331,184,147,88,59,0,0,88,0.26586103,-9675,-28542,-86.22960725,154,177,"two-contract post-signal scalp: one contract exits at first target, one runner uses selected stop mode and runner target"
1,signal_scaled_scalp:strategy=vwap_extension_fade_2pt:direction=all:first_target_points=0.5:stop_points=1:runner_target_points=1.5:runner_stop_mode=breakeven,vwap_extension_fade_2pt,all,0.5,1,1.5,breakeven,322,322,322,171,151,85,66,0,0,85,0.26397516,-6950,-25304,-78.58385093,152,170,"two-contract post-signal scalp: one contract exits at first target, one runner uses selected stop mode and runner target"
1,signal_scaled_scalp:strategy=vwap_extension_fade_2pt:direction=all:first_target_points=0.5:stop_points=1:runner_target_points=1.5:runner_stop_mode=initial,vwap_extension_fade_2pt,all,0.5,1,1.5,initial,322,322,322,171,151,107,44,0,0,107,0.33229814,-7500,-25854,-80.29192547,152,170,"two-contract post-signal scalp: one contract exits at first target, one runner uses selected stop mode and runner target"
1,signal_scaled_scalp:strategy=vwap_extension_fade_2pt:direction=all:first_target_points=0.5:stop_points=1:runner_target_points=2:runner_stop_mode=breakeven,vwap_extension_fade_2pt,all,0.5,1,2,breakeven,322,322,322,171,151,78,73,0,0,78,0.24223602,-5525,-23879,-74.15838509,152,170,"two-contract post-signal scalp: one contract exits at first target, one runner uses selected stop mode and runner target"
1,signal_scaled_scalp:strategy=vwap_extension_fade_2pt:direction=all:first_target_points=0.5:stop_points=1:runner_target_points=2:runner_stop_mode=initial,vwap_extension_fade_2pt,all,0.5,1,2,initial,322,322,322,171,151,100,51,0,0,100,0.31055901,-5875,-24229,-75.24534161,152,170,"two-contract post-signal scalp: one contract exits at first target, one runner uses selected stop mode and runner target"
1,signal_scaled_scalp:strategy=vwap_extension_fade_2pt:direction=all:first_target_points=0.5:stop_points=1:runner_target_points=3:runner_stop_mode=breakeven,vwap_extension_fade_2pt,all,0.5,1,3,breakeven,322,322,322,171,151,53,98,0,0,53,0.16459627,-5375,-23729,-73.69254658,152,170,"two-contract post-signal scalp: one contract exits at first target, one runner uses selected stop mode and runner target"
1,signal_scaled_scalp:strategy=vwap_extension_fade_2pt:direction=all:first_target_points=0.5:stop_points=1:runner_target_points=3:runner_stop_mode=initial,vwap_extension_fade_2pt,all,0.5,1,3,initial,322,322,322,171,151,76,75,0,0,76,0.23602484,-5675,-24029,-74.6242236,152,170,"two-contract post-signal scalp: one contract exits at first target, one runner uses selected stop mode and runner target"
1,signal_scaled_scalp:strategy=vwap_extension_fade_2pt:direction=all:first_target_points=0.5:stop_points=1:runner_target_points=5:runner_stop_mode=breakeven,vwap_extension_fade_2pt,all,0.5,1,5,breakeven,322,322,322,171,151,33,118,0,0,33,0.10248447,-5075,-23429,-72.76086957,152,170,"two-contract post-signal scalp: one contract exits at first target, one runner uses selected stop mode and runner target"
1,signal_scaled_scalp:strategy=vwap_extension_fade_2pt:direction=all:first_target_points=0.5:stop_points=1:runner_target_points=5:runner_stop_mode=initial,vwap_extension_fade_2pt,all,0.5,1,5,initial,322,322,322,171,151,56,95,0,0,56,0.17391304,-4075,-22429,-69.6552795,152,170,"two-contract post-signal scalp: one contract exits at first target, one runner uses selected stop mode and runner target"
1,signal_scaled_scalp:strategy=vwap_extension_fade_2pt:direction=all:first_target_points=0.5:stop_points=1.5:runner_target_points=1.5:runner_stop_mode=breakeven,vwap_extension_fade_2pt,all,0.5,1.5,1.5,breakeven,322,322,322,149,173,92,81,0,0,92,0.28571429,-11125,-29479,-91.54968944,152,170,"two-contract post-signal scalp: one contract exits at first target, one runner uses selected stop mode and runner target"
1,signal_scaled_scalp:strategy=vwap_extension_fade_2pt:direction=all:first_target_points=0.5:stop_points=1.5:runner_target_points=1.5:runner_stop_mode=initial,vwap_extension_fade_2pt,all,0.5,1.5,1.5,initial,322,322,322,149,173,128,45,0,0,128,0.39751553,-11800,-30154,-93.64596273,152,170,"two-contract post-signal scalp: one contract exits at first target, one runner uses selected stop mode and runner target"
1,signal_scaled_scalp:strategy=vwap_extension_fade_2pt:direction=all:first_target_points=0.5:stop_points=1.5:runner_target_points=2:runner_stop_mode=breakeven,vwap_extension_fade_2pt,all,0.5,1.5,2,breakeven,322,322,322,149,173,83,90,0,0,83,0.25776398,-9725,-28079,-87.20186335,152,170,"two-contract post-signal scalp: one contract exits at first target, one runner uses selected stop mode and runner target"
1,signal_scaled_scalp:strategy=vwap_extension_fade_2pt:direction=all:first_target_points=0.5:stop_points=1.5:runner_target_points=2:runner_stop_mode=initial,vwap_extension_fade_2pt,all,0.5,1.5,2,initial,322,322,322,149,173,119,54,0,0,119,0.36956522,-10175,-28529,-88.59937888,152,170,"two-contract post-signal scalp: one contract exits at first target, one runner uses selected stop mode and runner target"
1,signal_scaled_scalp:strategy=vwap_extension_fade_2pt:direction=all:first_target_points=0.5:stop_points=1.5:runner_target_points=3:runner_stop_mode=breakeven,vwap_extension_fade_2pt,all,0.5,1.5,3,breakeven,322,322,322,149,173,57,116,0,0,57,0.17701863,-9475,-27829,-86.42546584,152,170,"two-contract post-signal scalp: one contract exits at first target, one runner uses selected stop mode and runner target"
1,signal_scaled_scalp:strategy=vwap_extension_fade_2pt:direction=all:first_target_points=0.5:stop_points=1.5:runner_target_points=3:runner_stop_mode=initial,vwap_extension_fade_2pt,all,0.5,1.5,3,initial,322,322,322,149,173,96,77,0,0,96,0.29813665,-9400,-27754,-86.19254658,152,170,"two-contract post-signal scalp: one contract exits at first target, one runner uses selected stop mode and runner target"
1,signal_scaled_scalp:strategy=vwap_extension_fade_2pt:direction=all:first_target_points=0.5:stop_points=1.5:runner_target_points=5:runner_stop_mode=breakeven,vwap_extension_fade_2pt,all,0.5,1.5,5,breakeven,322,322,322,149,173,37,136,0,0,37,0.11490683,-8775,-27129,-84.2515528,152,170,"two-contract post-signal scalp: one contract exits at first target, one runner uses selected stop mode and runner target"
1,signal_scaled_scalp:strategy=vwap_extension_fade_2pt:direction=all:first_target_points=0.5:stop_points=1.5:runner_target_points=5:runner_stop_mode=initial,vwap_extension_fade_2pt,all,0.5,1.5,5,initial,322,322,322,149,173,71,102,0,0,71,0.22049689,-7925,-26279,-81.61180124,152,170,"two-contract post-signal scalp: one contract exits at first target, one runner uses selected stop mode and runner target"
1,signal_scaled_scalp:strategy=vwap_extension_fade_2pt:direction=all:first_target_points=0.5:stop_points=2:runner_target_points=1.5:runner_stop_mode=breakeven,vwap_extension_fade_2pt,all,0.5,2,1.5,breakeven,322,322,322,130,192,96,96,0,0,96,0.29813665,-14000,-32354,-100.47826087,152,170,"two-contract post-signal scalp: one contract exits at first target, one runner uses selected stop mode and runner target"
1,signal_scaled_scalp:strategy=vwap_extension_fade_2pt:direction=all:first_target_points=0.5:stop_points=2:runner_target_points=1.5:runner_stop_mode=initial,vwap_extension_fade_2pt,all,0.5,2,1.5,initial,322,322,322,130,192,149,43,0,0,149,0.46273292,-14325,-32679,-101.48757764,152,170,"two-contract post-signal scalp: one contract exits at first target, one runner uses selected stop mode and runner target"
1,signal_scaled_scalp:strategy=vwap_extension_fade_2pt:direction=all:first_target_points=0.5:stop_points=2:runner_target_points=2:runner_stop_mode=breakeven,vwap_extension_fade_2pt,all,0.5,2,2,breakeven,322,322,322,130,192,87,105,0,0,87,0.27018634,-12500,-30854,-95.81987578,152,170,"two-contract post-signal scalp: one contract exits at first target, one runner uses selected stop mode and runner target"
1,signal_scaled_scalp:strategy=vwap_extension_fade_2pt:direction=all:first_target_points=0.5:stop_points=2:runner_target_points=2:runner_stop_mode=initial,vwap_extension_fade_2pt,all,0.5,2,2,initial,322,322,322,130,192,142,50,0,0,142,0.44099379,-12000,-30354,-94.26708075,152,170,"two-contract post-signal scalp: one contract exits at first target, one runner uses selected stop mode and runner target"
1,signal_scaled_scalp:strategy=vwap_extension_fade_2pt:direction=all:first_target_points=0.5:stop_points=2:runner_target_points=3:runner_stop_mode=breakeven,vwap_extension_fade_2pt,all,0.5,2,3,breakeven,322,322,322,130,192,60,132,0,0,60,0.1863354,-12200,-30554,-94.88819876,152,170,"two-contract post-signal scalp: one contract exits at first target, one runner uses selected stop mode and runner target"
1,signal_scaled_scalp:strategy=vwap_extension_fade_2pt:direction=all:first_target_points=0.5:stop_points=2:runner_target_points=3:runner_stop_mode=initial,vwap_extension_fade_2pt,all,0.5,2,3,initial,322,322,322,130,192,114,78,0,0,114,0.35403727,-11900,-30254,-93.95652174,152,170,"two-contract post-signal scalp: one contract exits at first target, one runner uses selected stop mode and runner target"
1,signal_scaled_scalp:strategy=vwap_extension_fade_2pt:direction=all:first_target_points=0.5:stop_points=2:runner_target_points=5:runner_stop_mode=breakeven,vwap_extension_fade_2pt,all,0.5,2,5,breakeven,322,322,322,130,192,39,153,0,0,39,0.12111801,-11450,-29804,-92.55900621,152,170,"two-contract post-signal scalp: one contract exits at first target, one runner uses selected stop mode and runner target"
1,signal_scaled_scalp:strategy=vwap_extension_fade_2pt:direction=all:first_target_points=0.5:stop_points=2:runner_target_points=5:runner_stop_mode=initial,vwap_extension_fade_2pt,all,0.5,2,5,initial,322,322,322,130,192,89,103,0,0,89,0.27639752,-9250,-27604,-85.72670807,152,170,"two-contract post-signal scalp: one contract exits at first target, one runner uses selected stop mode and runner target"
1,signal_scaled_scalp:strategy=vwap_extension_fade_2pt:direction=all:first_target_points=1:stop_points=1:runner_target_points=1.5:runner_stop_mode=breakeven,vwap_extension_fade_2pt,all,1,1,1.5,breakeven,322,322,322,188,134,95,39,0,0,95,0.29503106,-4975,-23329,-72.45031056,152,170,"two-contract post-signal scalp: one contract exits at first target, one runner uses selected stop mode and runner target"
1,signal_scaled_scalp:strategy=vwap_extension_fade_2pt:direction=all:first_target_points=1:stop_points=1:runner_target_points=1.5:runner_stop_mode=initial,vwap_extension_fade_2pt,all,1,1,1.5,initial,322,322,322,188,134,107,27,0,0,107,0.33229814,-5425,-23779,-73.84782609,152,170,"two-contract post-signal scalp: one contract exits at first target, one runner uses selected stop mode and runner target"
1,signal_scaled_scalp:strategy=vwap_extension_fade_2pt:direction=all:first_target_points=1:stop_points=1:runner_target_points=2:runner_stop_mode=breakeven,vwap_extension_fade_2pt,all,1,1,2,breakeven,322,322,322,188,134,86,48,0,0,86,0.26708075,-3500,-21854,-67.86956522,152,170,"two-contract post-signal scalp: one contract exits at first target, one runner uses selected stop mode and runner target"
1,signal_scaled_scalp:strategy=vwap_extension_fade_2pt:direction=all:first_target_points=1:stop_points=1:runner_target_points=2:runner_stop_mode=initial,vwap_extension_fade_2pt,all,1,1,2,initial,322,322,322,188,134,100,34,0,0,100,0.31055901,-3800,-22154,-68.80124224,152,170,"two-contract post-signal scalp: one contract exits at first target, one runner uses selected stop mode and runner target"
1,signal_scaled_scalp:strategy=vwap_extension_fade_2pt:direction=all:first_target_points=1:stop_points=1:runner_target_points=3:runner_stop_mode=breakeven,vwap_extension_fade_2pt,all,1,1,3,breakeven,322,322,322,188,134,61,73,0,0,61,0.18944099,-2950,-21304,-66.16149068,152,170,"two-contract post-signal scalp: one contract exits at first target, one runner uses selected stop mode and runner target"
1,signal_scaled_scalp:strategy=vwap_extension_fade_2pt:direction=all:first_target_points=1:stop_points=1:runner_target_points=3:runner_stop_mode=initial,vwap_extension_fade_2pt,all,1,1,3,initial,322,322,322,188,134,76,58,0,0,76,0.23602484,-3600,-21954,-68.18012422,152,170,"two-contract post-signal scalp: one contract exits at first target, one runner uses selected stop mode and runner target"
1,signal_scaled_scalp:strategy=vwap_extension_fade_2pt:direction=all:first_target_points=1:stop_points=1:runner_target_points=5:runner_stop_mode=breakeven,vwap_extension_fade_2pt,all,1,1,5,breakeven,322,322,322,188,134,38,96,0,0,38,0.11801242,-2600,-20954,-65.07453416,152,170,"two-contract post-signal scalp: one contract exits at first target, one runner uses selected stop mode and runner target"
1,signal_scaled_scalp:strategy=vwap_extension_fade_2pt:direction=all:first_target_points=1:stop_points=1:runner_target_points=5:runner_stop_mode=initial,vwap_extension_fade_2pt,all,1,1,5,initial,322,322,322,188,134,56,78,0,0,56,0.17391304,-2000,-20354,-63.21118012,152,170,"two-contract post-signal scalp: one contract exits at first target, one runner uses selected stop mode and runner target"
1,signal_scaled_scalp:strategy=vwap_extension_fade_2pt:direction=all:first_target_points=1:stop_points=1.5:runner_target_points=1.5:runner_stop_mode=breakeven,vwap_extension_fade_2pt,all,1,1.5,1.5,breakeven,322,322,322,170,152,105,47,0,0,105,0.32608696,-10025,-28379,-88.13354037,152,170,"two-contract post-signal scalp: one contract exits at first target, one runner uses selected stop mode and runner target"
1,signal_scaled_scalp:strategy=vwap_extension_fade_2pt:direction=all:first_target_points=1:stop_points=1.5:runner_target_points=1.5:runner_stop_mode=initial,vwap_extension_fade_2pt,all,1,1.5,1.5,initial,322,322,322,170,152,128,24,0,0,128,0.39751553,-10100,-28454,-88.36645963,152,170,"two-contract post-signal scalp: one contract exits at first target, one runner uses selected stop mode and runner target"
1,signal_scaled_scalp:strategy=vwap_extension_fade_2pt:direction=all:first_target_points=1:stop_points=1.5:runner_target_points=2:runner_stop_mode=breakeven,vwap_extension_fade_2pt,all,1,1.5,2,breakeven,322,322,322,170,152,92,60,0,0,92,0.28571429,-8700,-27054,-84.01863354,152,170,"two-contract post-signal scalp: one contract exits at first target, one runner uses selected stop mode and runner target"
1,signal_scaled_scalp:strategy=vwap_extension_fade_2pt:direction=all:first_target_points=1:stop_points=1.5:runner_target_points=2:runner_stop_mode=initial,vwap_extension_fade_2pt,all,1,1.5,2,initial,322,322,322,170,152,119,33,0,0,119,0.36956522,-8475,-26829,-83.31987578,152,170,"two-contract post-signal scalp: one contract exits at first target, one runner uses selected stop mode and runner target"
1,signal_scaled_scalp:strategy=vwap_extension_fade_2pt:direction=all:first_target_points=1:stop_points=1.5:runner_target_points=3:runner_stop_mode=breakeven,vwap_extension_fade_2pt,all,1,1.5,3,breakeven,322,322,322,170,152,66,86,0,0,66,0.20496894,-8000,-26354,-81.8447205,152,170,"two-contract post-signal scalp: one contract exits at first target, one runner uses selected stop mode and runner target"
1,signal_scaled_scalp:strategy=vwap_extension_fade_2pt:direction=all:first_target_points=1:stop_points=1.5:runner_target_points=3:runner_stop_mode=initial,vwap_extension_fade_2pt,all,1,1.5,3,initial,322,322,322,170,152,96,56,0,0,96,0.29813665,-7700,-26054,-80.91304348,152,170,"two-contract post-signal scalp: one contract exits at first target, one runner uses selected stop mode and runner target"
1,signal_scaled_scalp:strategy=vwap_extension_fade_2pt:direction=all:first_target_points=1:stop_points=1.5:runner_target_points=5:runner_stop_mode=breakeven,vwap_extension_fade_2pt,all,1,1.5,5,breakeven,322,322,322,170,152,42,110,0,0,42,0.13043478,-7400,-25754,-79.98136646,152,170,"two-contract post-signal scalp: one contract exits at first target, one runner uses selected stop mode and runner target"
1,signal_scaled_scalp:strategy=vwap_extension_fade_2pt:direction=all:first_target_points=1:stop_points=1.5:runner_target_points=5:runner_stop_mode=initial,vwap_extension_fade_2pt,all,1,1.5,5,initial,322,322,322,170,152,71,81,0,0,71,0.22049689,-6225,-24579,-76.33229814,152,170,"two-contract post-signal scalp: one contract exits at first target, one runner uses selected stop mode and runner target"
1,signal_scaled_scalp:strategy=vwap_extension_fade_2pt:direction=all:first_target_points=1:stop_points=2:runner_target_points=1.5:runner_stop_mode=breakeven,vwap_extension_fade_2pt,all,1,2,1.5,breakeven,322,322,322,150,172,118,54,0,0,118,0.36645963,-12550,-30904,-95.97515528,152,170,"two-contract post-signal scalp: one contract exits at first target, one runner uses selected stop mode and runner target"
1,signal_scaled_scalp:strategy=vwap_extension_fade_2pt:direction=all:first_target_points=1:stop_points=2:runner_target_points=1.5:runner_stop_mode=initial,vwap_extension_fade_2pt,all,1,2,1.5,initial,322,322,322,150,172,149,23,0,0,149,0.46273292,-12525,-30879,-95.89751553,152,170,"two-contract post-signal scalp: one contract exits at first target, one runner uses selected stop mode and runner target"
1,signal_scaled_scalp:strategy=vwap_extension_fade_2pt:direction=all:first_target_points=1:stop_points=2:runner_target_points=2:runner_stop_mode=breakeven,vwap_extension_fade_2pt,all,1,2,2,breakeven,322,322,322,150,172,103,69,0,0,103,0.31987578,-11100,-29454,-91.47204969,152,170,"two-contract post-signal scalp: one contract exits at first target, one runner uses selected stop mode and runner target"
1,signal_scaled_scalp:strategy=vwap_extension_fade_2pt:direction=all:first_target_points=1:stop_points=2:runner_target_points=2:runner_stop_mode=initial,vwap_extension_fade_2pt,all,1,2,2,initial,322,322,322,150,172,142,30,0,0,142,0.44099379,-10200,-28554,-88.67701863,152,170,"two-contract post-signal scalp: one contract exits at first target, one runner uses selected stop mode and runner target"
1,signal_scaled_scalp:strategy=vwap_extension_fade_2pt:direction=all:first_target_points=1:stop_points=2:runner_target_points=3:runner_stop_mode=breakeven,vwap_extension_fade_2pt,all,1,2,3,breakeven,322,322,322,150,172,72,100,0,0,72,0.22360248,-10600,-28954,-89.91925466,152,170,"two-contract post-signal scalp: one contract exits at first target, one runner uses selected stop mode and runner target"
1,signal_scaled_scalp:strategy=vwap_extension_fade_2pt:direction=all:first_target_points=1:stop_points=2:runner_target_points=3:runner_stop_mode=initial,vwap_extension_fade_2pt,all,1,2,3,initial,322,322,322,150,172,114,58,0,0,114,0.35403727,-10100,-28454,-88.36645963,152,170,"two-contract post-signal scalp: one contract exits at first target, one runner uses selected stop mode and runner target"
1,signal_scaled_scalp:strategy=vwap_extension_fade_2pt:direction=all:first_target_points=1:stop_points=2:runner_target_points=5:runner_stop_mode=breakeven,vwap_extension_fade_2pt,all,1,2,5,breakeven,322,322,322,150,172,46,126,0,0,46,0.14285714,-9900,-28254,-87.74534161,152,170,"two-contract post-signal scalp: one contract exits at first target, one runner uses selected stop mode and runner target"
1,signal_scaled_scalp:strategy=vwap_extension_fade_2pt:direction=all:first_target_points=1:stop_points=2:runner_target_points=5:runner_stop_mode=initial,vwap_extension_fade_2pt,all,1,2,5,initial,322,322,322,150,172,89,83,0,0,89,0.27639752,-7450,-25804,-80.13664596,152,170,"two-contract post-signal scalp: one contract exits at first target, one runner uses selected stop mode and runner target"
1,signal_scaled_scalp:strategy=vwap_extension_fade_2pt:direction=all:first_target_points=1.5:stop_points=1:runner_target_points=2:runner_stop_mode=breakeven,vwap_extension_fade_2pt,all,1.5,1,2,breakeven,322,322,322,215,107,95,12,0,0,107,0.33229814,-3975,-22329,-69.3447205,152,170,"two-contract post-signal scalp: one contract exits at first target, one runner uses selected stop mode and runner target"
1,signal_scaled_scalp:strategy=vwap_extension_fade_2pt:direction=all:first_target_points=1.5:stop_points=1:runner_target_points=2:runner_stop_mode=initial,vwap_extension_fade_2pt,all,1.5,1,2,initial,322,322,322,215,107,100,7,0,0,100,0.31055901,-3825,-22179,-68.87888199,152,170,"two-contract post-signal scalp: one contract exits at first target, one runner uses selected stop mode and runner target"
1,signal_scaled_scalp:strategy=vwap_extension_fade_2pt:direction=all:first_target_points=1.5:stop_points=1:runner_target_points=3:runner_stop_mode=breakeven,vwap_extension_fade_2pt,all,1.5,1,3,breakeven,322,322,322,215,107,67,40,0,0,107,0.33229814,-3425,-21779,-67.63664596,152,170,"two-contract post-signal scalp: one contract exits at first target, one runner uses selected stop mode and runner target"
1,signal_scaled_scalp:strategy=vwap_extension_fade_2pt:direction=all:first_target_points=1.5:stop_points=1:runner_target_points=3:runner_stop_mode=initial,vwap_extension_fade_2pt,all,1.5,1,3,initial,322,322,322,215,107,76,31,0,0,76,0.23602484,-3625,-21979,-68.25776398,152,170,"two-contract post-signal scalp: one contract exits at first target, one runner uses selected stop mode and runner target"
1,signal_scaled_scalp:strategy=vwap_extension_fade_2pt:direction=all:first_target_points=1.5:stop_points=1:runner_target_points=5:runner_stop_mode=breakeven,vwap_extension_fade_2pt,all,1.5,1,5,breakeven,322,322,322,215,107,42,65,0,0,107,0.33229814,-2975,-21329,-66.23913043,152,170,"two-contract post-signal scalp: one contract exits at first target, one runner uses selected stop mode and runner target"
1,signal_scaled_scalp:strategy=vwap_extension_fade_2pt:direction=all:first_target_points=1.5:stop_points=1:runner_target_points=5:runner_stop_mode=initial,vwap_extension_fade_2pt,all,1.5,1,5,initial,322,322,322,215,107,56,51,0,0,56,0.17391304,-2025,-20379,-63.28881988,152,170,"two-contract post-signal scalp: one contract exits at first target, one runner uses selected stop mode and runner target"
1,signal_scaled_scalp:strategy=vwap_extension_fade_2pt:direction=all:first_target_points=1.5:stop_points=1.5:runner_target_points=2:runner_stop_mode=breakeven,vwap_extension_fade_2pt,all,1.5,1.5,2,breakeven,322,322,322,194,128,111,17,0,0,128,0.39751553,-8400,-26754,-83.08695652,152,170,"two-contract post-signal scalp: one contract exits at first target, one runner uses selected stop mode and runner target"
1,signal_scaled_scalp:strategy=vwap_extension_fade_2pt:direction=all:first_target_points=1.5:stop_points=1.5:runner_target_points=2:runner_stop_mode=initial,vwap_extension_fade_2pt,all,1.5,1.5,2,initial,322,322,322,194,128,119,9,0,0,119,0.36956522,-8275,-26629,-82.69875776,152,170,"two-contract post-signal scalp: one contract exits at first target, one runner uses selected stop mode and runner target"
1,signal_scaled_scalp:strategy=vwap_extension_fade_2pt:direction=all:first_target_points=1.5:stop_points=1.5:runner_target_points=3:runner_stop_mode=breakeven,vwap_extension_fade_2pt,all,1.5,1.5,3,breakeven,322,322,322,194,128,79,49,0,0,128,0.39751553,-7650,-26004,-80.75776398,152,170,"two-contract post-signal scalp: one contract exits at first target, one runner uses selected stop mode and runner target"
1,signal_scaled_scalp:strategy=vwap_extension_fade_2pt:direction=all:first_target_points=1.5:stop_points=1.5:runner_target_points=3:runner_stop_mode=initial,vwap_extension_fade_2pt,all,1.5,1.5,3,initial,322,322,322,194,128,96,32,0,0,96,0.29813665,-7500,-25854,-80.29192547,152,170,"two-contract post-signal scalp: one contract exits at first target, one runner uses selected stop mode and runner target"
1,signal_scaled_scalp:strategy=vwap_extension_fade_2pt:direction=all:first_target_points=1.5:stop_points=1.5:runner_target_points=5:runner_stop_mode=breakeven,vwap_extension_fade_2pt,all,1.5,1.5,5,breakeven,322,322,322,194,128,53,75,0,0,128,0.39751553,-6250,-24604,-76.40993789,152,170,"two-contract post-signal scalp: one contract exits at first target, one runner uses selected stop mode and runner target"
1,signal_scaled_scalp:strategy=vwap_extension_fade_2pt:direction=all:first_target_points=1.5:stop_points=1.5:runner_target_points=5:runner_stop_mode=initial,vwap_extension_fade_2pt,all,1.5,1.5,5,initial,322,322,322,194,128,71,57,0,0,71,0.22049689,-6025,-24379,-75.71118012,152,170,"two-contract post-signal scalp: one contract exits at first target, one runner uses selected stop mode and runner target"
1,signal_scaled_scalp:strategy=vwap_extension_fade_2pt:direction=all:first_target_points=1.5:stop_points=2:runner_target_points=2:runner_stop_mode=breakeven,vwap_extension_fade_2pt,all,1.5,2,2,breakeven,322,322,322,173,149,128,21,0,0,149,0.46273292,-10625,-28979,-89.99689441,152,170,"two-contract post-signal scalp: one contract exits at first target, one runner uses selected stop mode and runner target"
1,signal_scaled_scalp:strategy=vwap_extension_fade_2pt:direction=all:first_target_points=1.5:stop_points=2:runner_target_points=2:runner_stop_mode=initial,vwap_extension_fade_2pt,all,1.5,2,2,initial,322,322,322,173,149,142,7,0,0,142,0.44099379,-9925,-28279,-87.82298137,152,170,"two-contract post-signal scalp: one contract exits at first target, one runner uses selected stop mode and runner target"
1,signal_scaled_scalp:strategy=vwap_extension_fade_2pt:direction=all:first_target_points=1.5:stop_points=2:runner_target_points=3:runner_stop_mode=breakeven,vwap_extension_fade_2pt,all,1.5,2,3,breakeven,322,322,322,173,149,90,59,0,0,149,0.46273292,-9925,-28279,-87.82298137,152,170,"two-contract post-signal scalp: one contract exits at first target, one runner uses selected stop mode and runner target"
1,signal_scaled_scalp:strategy=vwap_extension_fade_2pt:direction=all:first_target_points=1.5:stop_points=2:runner_target_points=3:runner_stop_mode=initial,vwap_extension_fade_2pt,all,1.5,2,3,initial,322,322,322,173,149,114,35,0,0,114,0.35403727,-9825,-28179,-87.51242236,152,170,"two-contract post-signal scalp: one contract exits at first target, one runner uses selected stop mode and runner target"
1,signal_scaled_scalp:strategy=vwap_extension_fade_2pt:direction=all:first_target_points=1.5:stop_points=2:runner_target_points=5:runner_stop_mode=breakeven,vwap_extension_fade_2pt,all,1.5,2,5,breakeven,322,322,322,173,149,60,89,0,0,149,0.46273292,-8425,-26779,-83.16459627,152,170,"two-contract post-signal scalp: one contract exits at first target, one runner uses selected stop mode and runner target"
1,signal_scaled_scalp:strategy=vwap_extension_fade_2pt:direction=all:first_target_points=1.5:stop_points=2:runner_target_points=5:runner_stop_mode=initial,vwap_extension_fade_2pt,all,1.5,2,5,initial,322,322,322,173,149,89,60,0,0,89,0.27639752,-7175,-25529,-79.2826087,152,170,"two-contract post-signal scalp: one contract exits at first target, one runner uses selected stop mode and runner target"
1,signal_scaled_scalp:strategy=vwap_extension_fade_3pt:direction=all:first_target_points=0.5:stop_points=1:runner_target_points=1.5:runner_stop_mode=breakeven,vwap_extension_fade_3pt,all,0.5,1,1.5,breakeven,306,306,306,161,145,82,63,0,0,82,0.26797386,-6325,-23767,-77.66993464,146,160,"two-contract post-signal scalp: one contract exits at first target, one runner uses selected stop mode and runner target"
1,signal_scaled_scalp:strategy=vwap_extension_fade_3pt:direction=all:first_target_points=0.5:stop_points=1:runner_target_points=1.5:runner_stop_mode=initial,vwap_extension_fade_3pt,all,0.5,1,1.5,initial,306,306,306,161,145,106,39,0,0,106,0.34640523,-6475,-23917,-78.16013072,146,160,"two-contract post-signal scalp: one contract exits at first target, one runner uses selected stop mode and runner target"
1,signal_scaled_scalp:strategy=vwap_extension_fade_3pt:direction=all:first_target_points=0.5:stop_points=1:runner_target_points=2:runner_stop_mode=breakeven,vwap_extension_fade_3pt,all,0.5,1,2,breakeven,306,306,306,161,145,74,71,0,0,74,0.24183007,-5075,-22517,-73.58496732,146,160,"two-contract post-signal scalp: one contract exits at first target, one runner uses selected stop mode and runner target"
1,signal_scaled_scalp:strategy=vwap_extension_fade_3pt:direction=all:first_target_points=0.5:stop_points=1:runner_target_points=2:runner_stop_mode=initial,vwap_extension_fade_3pt,all,0.5,1,2,initial,306,306,306,161,145,97,48,0,0,97,0.31699346,-5175,-22617,-73.91176471,146,160,"two-contract post-signal scalp: one contract exits at first target, one runner uses selected stop mode and runner target"
1,signal_scaled_scalp:strategy=vwap_extension_fade_3pt:direction=all:first_target_points=0.5:stop_points=1:runner_target_points=3:runner_stop_mode=breakeven,vwap_extension_fade_3pt,all,0.5,1,3,breakeven,306,306,306,161,145,49,96,0,0,49,0.16013072,-5125,-22567,-73.74836601,146,160,"two-contract post-signal scalp: one contract exits at first target, one runner uses selected stop mode and runner target"
1,signal_scaled_scalp:strategy=vwap_extension_fade_3pt:direction=all:first_target_points=0.5:stop_points=1:runner_target_points=3:runner_stop_mode=initial,vwap_extension_fade_3pt,all,0.5,1,3,initial,306,306,306,161,145,72,73,0,0,72,0.23529412,-5325,-22767,-74.40196078,146,160,"two-contract post-signal scalp: one contract exits at first target, one runner uses selected stop mode and runner target"
1,signal_scaled_scalp:strategy=vwap_extension_fade_3pt:direction=all:first_target_points=0.5:stop_points=1:runner_target_points=5:runner_stop_mode=breakeven,vwap_extension_fade_3pt,all,0.5,1,5,breakeven,306,306,306,161,145,33,112,0,0,33,0.10784314,-4225,-21667,-70.80718954,146,160,"two-contract post-signal scalp: one contract exits at first target, one runner uses selected stop mode and runner target"
1,signal_scaled_scalp:strategy=vwap_extension_fade_3pt:direction=all:first_target_points=0.5:stop_points=1:runner_target_points=5:runner_stop_mode=initial,vwap_extension_fade_3pt,all,0.5,1,5,initial,306,306,306,161,145,51,94,0,0,51,0.16666667,-4425,-21867,-71.46078431,146,160,"two-contract post-signal scalp: one contract exits at first target, one runner uses selected stop mode and runner target"
1,signal_scaled_scalp:strategy=vwap_extension_fade_3pt:direction=all:first_target_points=0.5:stop_points=1.5:runner_target_points=1.5:runner_stop_mode=breakeven,vwap_extension_fade_3pt,all,0.5,1.5,1.5,breakeven,306,306,306,140,166,87,79,0,0,87,0.28431373,-10325,-27767,-90.74183007,146,160,"two-contract post-signal scalp: one contract exits at first target, one runner uses selected stop mode and runner target"
1,signal_scaled_scalp:strategy=vwap_extension_fade_3pt:direction=all:first_target_points=0.5:stop_points=1.5:runner_target_points=1.5:runner_stop_mode=initial,vwap_extension_fade_3pt,all,0.5,1.5,1.5,initial,306,306,306,140,166,124,42,0,0,124,0.40522876,-10700,-28142,-91.96732026,146,160,"two-contract post-signal scalp: one contract exits at first target, one runner uses selected stop mode and runner target"
1,signal_scaled_scalp:strategy=vwap_extension_fade_3pt:direction=all:first_target_points=0.5:stop_points=1.5:runner_target_points=2:runner_stop_mode=breakeven,vwap_extension_fade_3pt,all,0.5,1.5,2,breakeven,306,306,306,140,166,79,87,0,0,79,0.25816993,-8950,-26392,-86.24836601,146,160,"two-contract post-signal scalp: one contract exits at first target, one runner uses selected stop mode and runner target"
1,signal_scaled_scalp:strategy=vwap_extension_fade_3pt:direction=all:first_target_points=0.5:stop_points=1.5:runner_target_points=2:runner_stop_mode=initial,vwap_extension_fade_3pt,all,0.5,1.5,2,initial,306,306,306,140,166,117,49,0,0,117,0.38235294,-8825,-26267,-85.83986928,146,160,"two-contract post-signal scalp: one contract exits at first target, one runner uses selected stop mode and runner target"
1,signal_scaled_scalp:strategy=vwap_extension_fade_3pt:direction=all:first_target_points=0.5:stop_points=1.5:runner_target_points=3:runner_stop_mode=breakeven,vwap_extension_fade_3pt,all,0.5,1.5,3,breakeven,306,306,306,140,166,53,113,0,0,53,0.17320261,-8900,-26342,-86.08496732,146,160,"two-contract post-signal scalp: one contract exits at first target, one runner uses selected stop mode and runner target"
1,signal_scaled_scalp:strategy=vwap_extension_fade_3pt:direction=all:first_target_points=0.5:stop_points=1.5:runner_target_points=3:runner_stop_mode=initial,vwap_extension_fade_3pt,all,0.5,1.5,3,initial,306,306,306,140,166,92,74,0,0,92,0.30065359,-8600,-26042,-85.10457516,146,160,"two-contract post-signal scalp: one contract exits at first target, one runner uses selected stop mode and runner target"
1,signal_scaled_scalp:strategy=vwap_extension_fade_3pt:direction=all:first_target_points=0.5:stop_points=1.5:runner_target_points=5:runner_stop_mode=breakeven,vwap_extension_fade_3pt,all,0.5,1.5,5,breakeven,306,306,306,140,166,36,130,0,0,36,0.11764706,-7850,-25292,-82.65359477,146,160,"two-contract post-signal scalp: one contract exits at first target, one runner uses selected stop mode and runner target"
1,signal_scaled_scalp:strategy=vwap_extension_fade_3pt:direction=all:first_target_points=0.5:stop_points=1.5:runner_target_points=5:runner_stop_mode=initial,vwap_extension_fade_3pt,all,0.5,1.5,5,initial,306,306,306,140,166,64,102,0,0,64,0.20915033,-8500,-25942,-84.77777778,146,160,"two-contract post-signal scalp: one contract exits at first target, one runner uses selected stop mode and runner target"
1,signal_scaled_scalp:strategy=vwap_extension_fade_3pt:direction=all:first_target_points=0.5:stop_points=2:runner_target_points=1.5:runner_stop_mode=breakeven,vwap_extension_fade_3pt,all,0.5,2,1.5,breakeven,306,306,306,120,186,91,95,0,0,91,0.29738562,-12525,-29967,-97.93137255,146,160,"two-contract post-signal scalp: one contract exits at first target, one runner uses selected stop mode and runner target"
1,signal_scaled_scalp:strategy=vwap_extension_fade_3pt:direction=all:first_target_points=0.5:stop_points=2:runner_target_points=1.5:runner_stop_mode=initial,vwap_extension_fade_3pt,all,0.5,2,1.5,initial,306,306,306,120,186,148,38,0,0,148,0.48366013,-12050,-29492,-96.37908497,146,160,"two-contract post-signal scalp: one contract exits at first target, one runner uses selected stop mode and runner target"
1,signal_scaled_scalp:strategy=vwap_extension_fade_3pt:direction=all:first_target_points=0.5:stop_points=2:runner_target_points=2:runner_stop_mode=breakeven,vwap_extension_fade_3pt,all,0.5,2,2,breakeven,306,306,306,120,186,82,104,0,0,82,0.26797386,-11150,-28592,-93.4379085,146,160,"two-contract post-signal scalp: one contract exits at first target, one runner uses selected stop mode and runner target"
1,signal_scaled_scalp:strategy=vwap_extension_fade_3pt:direction=all:first_target_points=0.5:stop_points=2:runner_target_points=2:runner_stop_mode=initial,vwap_extension_fade_3pt,all,0.5,2,2,initial,306,306,306,120,186,141,45,0,0,141,0.46078431,-9750,-27192,-88.8627451,146,160,"two-contract post-signal scalp: one contract exits at first target, one runner uses selected stop mode and runner target"
1,signal_scaled_scalp:strategy=vwap_extension_fade_3pt:direction=all:first_target_points=0.5:stop_points=2:runner_target_points=3:runner_stop_mode=breakeven,vwap_extension_fade_3pt,all,0.5,2,3,breakeven,306,306,306,120,186,55,131,0,0,55,0.17973856,-11100,-28542,-93.2745098,146,160,"two-contract post-signal scalp: one contract exits at first target, one runner uses selected stop mode and runner target"
1,signal_scaled_scalp:strategy=vwap_extension_fade_3pt:direction=all:first_target_points=0.5:stop_points=2:runner_target_points=3:runner_stop_mode=initial,vwap_extension_fade_3pt,all,0.5,2,3,initial,306,306,306,120,186,115,71,0,0,115,0.37581699,-9200,-26642,-87.06535948,146,160,"two-contract post-signal scalp: one contract exits at first target, one runner uses selected stop mode and runner target"
1,signal_scaled_scalp:strategy=vwap_extension_fade_3pt:direction=all:first_target_points=0.5:stop_points=2:runner_target_points=5:runner_stop_mode=breakeven,vwap_extension_fade_3pt,all,0.5,2,5,breakeven,306,306,306,120,186,37,149,0,0,37,0.12091503,-10100,-27542,-90.00653595,146,160,"two-contract post-signal scalp: one contract exits at first target, one runner uses selected stop mode and runner target"
1,signal_scaled_scalp:strategy=vwap_extension_fade_3pt:direction=all:first_target_points=0.5:stop_points=2:runner_target_points=5:runner_stop_mode=initial,vwap_extension_fade_3pt,all,0.5,2,5,initial,306,306,306,120,186,86,100,0,0,86,0.28104575,-7850,-25292,-82.65359477,146,160,"two-contract post-signal scalp: one contract exits at first target, one runner uses selected stop mode and runner target"
1,signal_scaled_scalp:strategy=vwap_extension_fade_3pt:direction=all:first_target_points=1:stop_points=1:runner_target_points=1.5:runner_stop_mode=breakeven,vwap_extension_fade_3pt,all,1,1,1.5,breakeven,306,306,306,180,126,91,35,0,0,91,0.29738562,-4875,-22317,-72.93137255,146,160,"two-contract post-signal scalp: one contract exits at first target, one runner uses selected stop mode and runner target"
1,signal_scaled_scalp:strategy=vwap_extension_fade_3pt:direction=all:first_target_points=1:stop_points=1:runner_target_points=1.5:runner_stop_mode=initial,vwap_extension_fade_3pt,all,1,1,1.5,initial,306,306,306,180,126,106,20,0,0,106,0.34640523,-4750,-22192,-72.52287582,146,160,"two-contract post-signal scalp: one contract exits at first target, one runner uses selected stop mode and runner target"
1,signal_scaled_scalp:strategy=vwap_extension_fade_3pt:direction=all:first_target_points=1:stop_points=1:runner_target_points=2:runner_stop_mode=breakeven,vwap_extension_fade_3pt,all,1,1,2,breakeven,306,306,306,180,126,81,45,0,0,81,0.26470588,-3600,-21042,-68.76470588,146,160,"two-contract post-signal scalp: one contract exits at first target, one runner uses selected stop mode and runner target"
1,signal_scaled_scalp:strategy=vwap_extension_fade_3pt:direction=all:first_target_points=1:stop_points=1:runner_target_points=2:runner_stop_mode=initial,vwap_extension_fade_3pt,all,1,1,2,initial,306,306,306,180,126,97,29,0,0,97,0.31699346,-3450,-20892,-68.2745098,146,160,"two-contract post-signal scalp: one contract exits at first target, one runner uses selected stop mode and runner target"
1,signal_scaled_scalp:strategy=vwap_extension_fade_3pt:direction=all:first_target_points=1:stop_points=1:runner_target_points=3:runner_stop_mode=breakeven,vwap_extension_fade_3pt,all,1,1,3,breakeven,306,306,306,180,126,56,70,0,0,56,0.18300654,-3300,-20742,-67.78431373,146,160,"two-contract post-signal scalp: one contract exits at first target, one runner uses selected stop mode and runner target"
1,signal_scaled_scalp:strategy=vwap_extension_fade_3pt:direction=all:first_target_points=1:stop_points=1:runner_target_points=3:runner_stop_mode=initial,vwap_extension_fade_3pt,all,1,1,3,initial,306,306,306,180,126,72,54,0,0,72,0.23529412,-3600,-21042,-68.76470588,146,160,"two-contract post-signal scalp: one contract exits at first target, one runner uses selected stop mode and runner target"
1,signal_scaled_scalp:strategy=vwap_extension_fade_3pt:direction=all:first_target_points=1:stop_points=1:runner_target_points=5:runner_stop_mode=breakeven,vwap_extension_fade_3pt,all,1,1,5,breakeven,306,306,306,180,126,38,88,0,0,38,0.12418301,-2200,-19642,-64.18954248,146,160,"two-contract post-signal scalp: one contract exits at first target, one runner uses selected stop mode and runner target"
1,signal_scaled_scalp:strategy=vwap_extension_fade_3pt:direction=all:first_target_points=1:stop_points=1:runner_target_points=5:runner_stop_mode=initial,vwap_extension_fade_3pt,all,1,1,5,initial,306,306,306,180,126,51,75,0,0,51,0.16666667,-2700,-20142,-65.82352941,146,160,"two-contract post-signal scalp: one contract exits at first target, one runner uses selected stop mode and runner target"
1,signal_scaled_scalp:strategy=vwap_extension_fade_3pt:direction=all:first_target_points=1:stop_points=1.5:runner_target_points=1.5:runner_stop_mode=breakeven,vwap_extension_fade_3pt,all,1,1.5,1.5,breakeven,306,306,306,162,144,99,45,0,0,99,0.32352941,-9675,-27117,-88.61764706,146,160,"two-contract post-signal scalp: one contract exits at first target, one runner uses selected stop mode and runner target"
1,signal_scaled_scalp:strategy=vwap_extension_fade_3pt:direction=all:first_target_points=1:stop_points=1.5:runner_target_points=1.5:runner_stop_mode=initial,vwap_extension_fade_3pt,all,1,1.5,1.5,initial,306,306,306,162,144,124,20,0,0,124,0.40522876,-9300,-26742,-87.39215686,146,160,"two-contract post-signal scalp: one contract exits at first target, one runner uses selected stop mode and runner target"
1,signal_scaled_scalp:strategy=vwap_extension_fade_3pt:direction=all:first_target_points=1:stop_points=1.5:runner_target_points=2:runner_stop_mode=breakeven,vwap_extension_fade_3pt,all,1,1.5,2,breakeven,306,306,306,162,144,88,56,0,0,88,0.2875817,-8300,-25742,-84.12418301,146,160,"two-contract post-signal scalp: one contract exits at first target, one runner uses selected stop mode and runner target"
1,signal_scaled_scalp:strategy=vwap_extension_fade_3pt:direction=all:first_target_points=1:stop_points=1.5:runner_target_points=2:runner_stop_mode=initial,vwap_extension_fade_3pt,all,1,1.5,2,initial,306,306,306,162,144,117,27,0,0,117,0.38235294,-7425,-24867,-81.26470588,146,160,"two-contract post-signal scalp: one contract exits at first target, one runner uses selected stop mode and runner target"
1,signal_scaled_scalp:strategy=vwap_extension_fade_3pt:direction=all:first_target_points=1:stop_points=1.5:runner_target_points=3:runner_stop_mode=breakeven,vwap_extension_fade_3pt,all,1,1.5,3,breakeven,306,306,306,162,144,61,83,0,0,61,0.19934641,-7950,-25392,-82.98039216,146,160,"two-contract post-signal scalp: one contract exits at first target, one runner uses selected stop mode and runner target"
1,signal_scaled_scalp:strategy=vwap_extension_fade_3pt:direction=all:first_target_points=1:stop_points=1.5:runner_target_points=3:runner_stop_mode=initial,vwap_extension_fade_3pt,all,1,1.5,3,initial,306,306,306,162,144,92,52,0,0,92,0.30065359,-7200,-24642,-80.52941176,146,160,"two-contract post-signal scalp: one contract exits at first target, one runner uses selected stop mode and runner target"
1,signal_scaled_scalp:strategy=vwap_extension_fade_3pt:direction=all:first_target_points=1:stop_points=1.5:runner_target_points=5:runner_stop_mode=breakeven,vwap_extension_fade_3pt,all,1,1.5,5,breakeven,306,306,306,162,144,41,103,0,0,41,0.13398693,-6850,-24292,-79.38562092,146,160,"two-contract post-signal scalp: one contract exits at first target, one runner uses selected stop mode and runner target"
1,signal_scaled_scalp:strategy=vwap_extension_fade_3pt:direction=all:first_target_points=1:stop_points=1.5:runner_target_points=5:runner_stop_mode=initial,vwap_extension_fade_3pt,all,1,1.5,5,initial,306,306,306,162,144,64,80,0,0,64,0.20915033,-7100,-24542,-80.20261438,146,160,"two-contract post-signal scalp: one contract exits at first target, one runner uses selected stop mode and runner target"
1,signal_scaled_scalp:strategy=vwap_extension_fade_3pt:direction=all:first_target_points=1:stop_points=2:runner_target_points=1.5:runner_stop_mode=breakeven,vwap_extension_fade_3pt,all,1,2,1.5,breakeven,306,306,306,142,164,112,52,0,0,112,0.36601307,-11800,-29242,-95.5620915,146,160,"two-contract post-signal scalp: one contract exits at first target, one runner uses selected stop mode and runner target"
1,signal_scaled_scalp:strategy=vwap_extension_fade_3pt:direction=all:first_target_points=1:stop_points=2:runner_target_points=1.5:runner_stop_mode=initial,vwap_extension_fade_3pt,all,1,2,1.5,initial,306,306,306,142,164,148,16,0,0,148,0.48366013,-10700,-28142,-91.96732026,146,160,"two-contract post-signal scalp: one contract exits at first target, one runner uses selected stop mode and runner target"
1,signal_scaled_scalp:strategy=vwap_extension_fade_3pt:direction=all:first_target_points=1:stop_points=2:runner_target_points=2:runner_stop_mode=breakeven,vwap_extension_fade_3pt,all,1,2,2,breakeven,306,306,306,142,164,98,66,0,0,98,0.32026144,-10400,-27842,-90.9869281,146,160,"two-contract post-signal scalp: one contract exits at first target, one runner uses selected stop mode and runner target"
1,signal_scaled_scalp:strategy=vwap_extension_fade_3pt:direction=all:first_target_points=1:stop_points=2:runner_target_points=2:runner_stop_mode=initial,vwap_extension_fade_3pt,all,1,2,2,initial,306,306,306,142,164,141,23,0,0,141,0.46078431,-8400,-25842,-84.45098039,146,160,"two-contract post-signal scalp: one contract exits at first target, one runner uses selected stop mode and runner target"
1,signal_scaled_scalp:strategy=vwap_extension_fade_3pt:direction=all:first_target_points=1:stop_points=2:runner_target_points=3:runner_stop_mode=breakeven,vwap_extension_fade_3pt,all,1,2,3,breakeven,306,306,306,142,164,67,97,0,0,67,0.21895425,-10150,-27592,-90.16993464,146,160,"two-contract post-signal scalp: one contract exits at first target, one runner uses selected stop mode and runner target"
1,signal_scaled_scalp:strategy=vwap_extension_fade_3pt:direction=all:first_target_points=1:stop_points=2:runner_target_points=3:runner_stop_mode=initial,vwap_extension_fade_3pt,all,1,2,3,initial,306,306,306,142,164,115,49,0,0,115,0.37581699,-7850,-25292,-82.65359477,146,160,"two-contract post-signal scalp: one contract exits at first target, one runner uses selected stop mode and runner target"
1,signal_scaled_scalp:strategy=vwap_extension_fade_3pt:direction=all:first_target_points=1:stop_points=2:runner_target_points=5:runner_stop_mode=breakeven,vwap_extension_fade_3pt,all,1,2,5,breakeven,306,306,306,142,164,44,120,0,0,44,0.14379085,-9200,-26642,-87.06535948,146,160,"two-contract post-signal scalp: one contract exits at first target, one runner uses selected stop mode and runner target"
1,signal_scaled_scalp:strategy=vwap_extension_fade_3pt:direction=all:first_target_points=1:stop_points=2:runner_target_points=5:runner_stop_mode=initial,vwap_extension_fade_3pt,all,1,2,5,initial,306,306,306,142,164,86,78,0,0,86,0.28104575,-6500,-23942,-78.24183007,146,160,"two-contract post-signal scalp: one contract exits at first target, one runner uses selected stop mode and runner target"
1,signal_scaled_scalp:strategy=vwap_extension_fade_3pt:direction=all:first_target_points=1.5:stop_points=1:runner_target_points=2:runner_stop_mode=breakeven,vwap_extension_fade_3pt,all,1.5,1,2,breakeven,306,306,306,200,106,94,12,0,0,106,0.34640523,-2650,-20092,-65.66013072,146,160,"two-contract post-signal scalp: one contract exits at first target, one runner uses selected stop mode and runner target"
1,signal_scaled_scalp:strategy=vwap_extension_fade_3pt:direction=all:first_target_points=1.5:stop_points=1:runner_target_points=2:runner_stop_mode=initial,vwap_extension_fade_3pt,all,1.5,1,2,initial,306,306,306,200,106,97,9,0,0,97,0.31699346,-2800,-20242,-66.1503268,146,160,"two-contract post-signal scalp: one contract exits at first target, one runner uses selected stop mode and runner target"
1,signal_scaled_scalp:strategy=vwap_extension_fade_3pt:direction=all:first_target_points=1.5:stop_points=1:runner_target_points=3:runner_stop_mode=breakeven,vwap_extension_fade_3pt,all,1.5,1,3,breakeven,306,306,306,200,106,63,43,0,0,106,0.34640523,-2600,-20042,-65.49673203,146,160,"two-contract post-signal scalp: one contract exits at first target, one runner uses selected stop mode and runner target"
1,signal_scaled_scalp:strategy=vwap_extension_fade_3pt:direction=all:first_target_points=1.5:stop_points=1:runner_target_points=3:runner_stop_mode=initial,vwap_extension_fade_3pt,all,1.5,1,3,initial,306,306,306,200,106,72,34,0,0,72,0.23529412,-2950,-20392,-66.64052288,146,160,"two-contract post-signal scalp: one contract exits at first target, one runner uses selected stop mode and runner target"
1,signal_scaled_scalp:strategy=vwap_extension_fade_3pt:direction=all:first_target_points=1.5:stop_points=1:runner_target_points=5:runner_stop_mode=breakeven,vwap_extension_fade_3pt,all,1.5,1,5,breakeven,306,306,306,200,106,41,65,0,0,106,0.34640523,-1800,-19242,-62.88235294,146,160,"two-contract post-signal scalp: one contract exits at first target, one runner uses selected stop mode and runner target"
1,signal_scaled_scalp:strategy=vwap_extension_fade_3pt:direction=all:first_target_points=1.5:stop_points=1:runner_target_points=5:runner_stop_mode=initial,vwap_extension_fade_3pt,all,1.5,1,5,initial,306,306,306,200,106,51,55,0,0,51,0.16666667,-2050,-19492,-63.69934641,146,160,"two-contract post-signal scalp: one contract exits at first target, one runner uses selected stop mode and runner target"
1,signal_scaled_scalp:strategy=vwap_extension_fade_3pt:direction=all:first_target_points=1.5:stop_points=1.5:runner_target_points=2:runner_stop_mode=breakeven,vwap_extension_fade_3pt,all,1.5,1.5,2,breakeven,306,306,306,182,124,111,13,0,0,124,0.40522876,-6900,-24342,-79.54901961,146,160,"two-contract post-signal scalp: one contract exits at first target, one runner uses selected stop mode and runner target"
1,signal_scaled_scalp:strategy=vwap_extension_fade_3pt:direction=all:first_target_points=1.5:stop_points=1.5:runner_target_points=2:runner_stop_mode=initial,vwap_extension_fade_3pt,all,1.5,1.5,2,initial,306,306,306,182,124,117,7,0,0,117,0.38235294,-6825,-24267,-79.30392157,146,160,"two-contract post-signal scalp: one contract exits at first target, one runner uses selected stop mode and runner target"
1,signal_scaled_scalp:strategy=vwap_extension_fade_3pt:direction=all:first_target_points=1.5:stop_points=1.5:runner_target_points=3:runner_stop_mode=breakeven,vwap_extension_fade_3pt,all,1.5,1.5,3,breakeven,306,306,306,182,124,75,49,0,0,124,0.40522876,-6750,-24192,-79.05882353,146,160,"two-contract post-signal scalp: one contract exits at first target, one runner uses selected stop mode and runner target"
1,signal_scaled_scalp:strategy=vwap_extension_fade_3pt:direction=all:first_target_points=1.5:stop_points=1.5:runner_target_points=3:runner_stop_mode=initial,vwap_extension_fade_3pt,all,1.5,1.5,3,initial,306,306,306,182,124,92,32,0,0,92,0.30065359,-6600,-24042,-78.56862745,146,160,"two-contract post-signal scalp: one contract exits at first target, one runner uses selected stop mode and runner target"
1,signal_scaled_scalp:strategy=vwap_extension_fade_3pt:direction=all:first_target_points=1.5:stop_points=1.5:runner_target_points=5:runner_stop_mode=breakeven,vwap_extension_fade_3pt,all,1.5,1.5,5,breakeven,306,306,306,182,124,50,74,0,0,124,0.40522876,-5500,-22942,-74.97385621,146,160,"two-contract post-signal scalp: one contract exits at first target, one runner uses selected stop mode and runner target"
1,signal_scaled_scalp:strategy=vwap_extension_fade_3pt:direction=all:first_target_points=1.5:stop_points=1.5:runner_target_points=5:runner_stop_mode=initial,vwap_extension_fade_3pt,all,1.5,1.5,5,initial,306,306,306,182,124,64,60,0,0,64,0.20915033,-6500,-23942,-78.24183007,146,160,"two-contract post-signal scalp: one contract exits at first target, one runner uses selected stop mode and runner target"
1,signal_scaled_scalp:strategy=vwap_extension_fade_3pt:direction=all:first_target_points=1.5:stop_points=2:runner_target_points=2:runner_stop_mode=breakeven,vwap_extension_fade_3pt,all,1.5,2,2,breakeven,306,306,306,158,148,128,20,0,0,148,0.48366013,-7700,-25142,-82.16339869,146,160,"two-contract post-signal scalp: one contract exits at first target, one runner uses selected stop mode and runner target"
1,signal_scaled_scalp:strategy=vwap_extension_fade_3pt:direction=all:first_target_points=1.5:stop_points=2:runner_target_points=2:runner_stop_mode=initial,vwap_extension_fade_3pt,all,1.5,2,2,initial,306,306,306,158,148,141,7,0,0,141,0.46078431,-7100,-24542,-80.20261438,146,160,"two-contract post-signal scalp: one contract exits at first target, one runner uses selected stop mode and runner target"
1,signal_scaled_scalp:strategy=vwap_extension_fade_3pt:direction=all:first_target_points=1.5:stop_points=2:runner_target_points=3:runner_stop_mode=breakeven,vwap_extension_fade_3pt,all,1.5,2,3,breakeven,306,306,306,158,148,87,61,0,0,148,0.48366013,-7450,-24892,-81.34640523,146,160,"two-contract post-signal scalp: one contract exits at first target, one runner uses selected stop mode and runner target"
1,signal_scaled_scalp:strategy=vwap_extension_fade_3pt:direction=all:first_target_points=1.5:stop_points=2:runner_target_points=3:runner_stop_mode=initial,vwap_extension_fade_3pt,all,1.5,2,3,initial,306,306,306,158,148,115,33,0,0,115,0.37581699,-6550,-23992,-78.40522876,146,160,"two-contract post-signal scalp: one contract exits at first target, one runner uses selected stop mode and runner target"
1,signal_scaled_scalp:strategy=vwap_extension_fade_3pt:direction=all:first_target_points=1.5:stop_points=2:runner_target_points=5:runner_stop_mode=breakeven,vwap_extension_fade_3pt,all,1.5,2,5,breakeven,306,306,306,158,148,57,91,0,0,148,0.48366013,-6250,-23692,-77.4248366,146,160,"two-contract post-signal scalp: one contract exits at first target, one runner uses selected stop mode and runner target"
1,signal_scaled_scalp:strategy=vwap_extension_fade_3pt:direction=all:first_target_points=1.5:stop_points=2:runner_target_points=5:runner_stop_mode=initial,vwap_extension_fade_3pt,all,1.5,2,5,initial,306,306,306,158,148,86,62,0,0,86,0.28104575,-5200,-22642,-73.99346405,146,160,"two-contract post-signal scalp: one contract exits at first target, one runner uses selected stop mode and runner target"
1,signal_scaled_scalp:strategy=vwap_extension_fade_4pt:direction=all:first_target_points=0.5:stop_points=1:runner_target_points=1.5:runner_stop_mode=breakeven,vwap_extension_fade_4pt,all,0.5,1,1.5,breakeven,307,307,307,157,150,83,67,0,0,83,0.27035831,-5725,-23224,-75.64820847,149,158,"two-contract post-signal scalp: one contract exits at first target, one runner uses selected stop mode and runner target"
1,signal_scaled_scalp:strategy=vwap_extension_fade_4pt:direction=all:first_target_points=0.5:stop_points=1:runner_target_points=1.5:runner_stop_mode=initial,vwap_extension_fade_4pt,all,0.5,1,1.5,initial,307,307,307,157,150,105,45,0,0,105,0.34201954,-6325,-23824,-77.60260586,149,158,"two-contract post-signal scalp: one contract exits at first target, one runner uses selected stop mode and runner target"
1,signal_scaled_scalp:strategy=vwap_extension_fade_4pt:direction=all:first_target_points=0.5:stop_points=1:runner_target_points=2:runner_stop_mode=breakeven,vwap_extension_fade_4pt,all,0.5,1,2,breakeven,307,307,307,157,150,73,77,0,0,73,0.23778502,-4650,-22149,-72.1465798,149,158,"two-contract post-signal scalp: one contract exits at first target, one runner uses selected stop mode and runner target"
1,signal_scaled_scalp:strategy=vwap_extension_fade_4pt:direction=all:first_target_points=0.5:stop_points=1:runner_target_points=2:runner_stop_mode=initial,vwap_extension_fade_4pt,all,0.5,1,2,initial,307,307,307,157,150,94,56,0,0,94,0.30618893,-5350,-22849,-74.4267101,149,158,"two-contract post-signal scalp: one contract exits at first target, one runner uses selected stop mode and runner target"
1,signal_scaled_scalp:strategy=vwap_extension_fade_4pt:direction=all:first_target_points=0.5:stop_points=1:runner_target_points=3:runner_stop_mode=breakeven,vwap_extension_fade_4pt,all,0.5,1,3,breakeven,307,307,307,157,150,51,99,0,0,51,0.16612378,-4300,-21799,-71.00651466,149,158,"two-contract post-signal scalp: one contract exits at first target, one runner uses selected stop mode and runner target"
1,signal_scaled_scalp:strategy=vwap_extension_fade_4pt:direction=all:first_target_points=0.5:stop_points=1:runner_target_points=3:runner_stop_mode=initial,vwap_extension_fade_4pt,all,0.5,1,3,initial,307,307,307,157,150,73,77,0,0,73,0.23778502,-4850,-22349,-72.7980456,149,158,"two-contract post-signal scalp: one contract exits at first target, one runner uses selected stop mode and runner target"
1,signal_scaled_scalp:strategy=vwap_extension_fade_4pt:direction=all:first_target_points=0.5:stop_points=1:runner_target_points=5:runner_stop_mode=breakeven,vwap_extension_fade_4pt,all,0.5,1,5,breakeven,307,307,307,157,150,31,119,0,0,31,0.1009772,-4200,-21699,-70.68078176,149,158,"two-contract post-signal scalp: one contract exits at first target, one runner uses selected stop mode and runner target"
1,signal_scaled_scalp:strategy=vwap_extension_fade_4pt:direction=all:first_target_points=0.5:stop_points=1:runner_target_points=5:runner_stop_mode=initial,vwap_extension_fade_4pt,all,0.5,1,5,initial,307,307,307,157,150,51,99,0,0,51,0.16612378,-4150,-21649,-70.51791531,149,158,"two-contract post-signal scalp: one contract exits at first target, one runner uses selected stop mode and runner target"
1,signal_scaled_scalp:strategy=vwap_extension_fade_4pt:direction=all:first_target_points=0.5:stop_points=1.5:runner_target_points=1.5:runner_stop_mode=breakeven,vwap_extension_fade_4pt,all,0.5,1.5,1.5,breakeven,307,307,307,141,166,87,79,0,0,87,0.28338762,-10475,-27974,-91.12052117,149,158,"two-contract post-signal scalp: one contract exits at first target, one runner uses selected stop mode and runner target"
1,signal_scaled_scalp:strategy=vwap_extension_fade_4pt:direction=all:first_target_points=0.5:stop_points=1.5:runner_target_points=1.5:runner_stop_mode=initial,vwap_extension_fade_4pt,all,0.5,1.5,1.5,initial,307,307,307,141,166,120,46,0,0,120,0.39087948,-11450,-28949,-94.29641694,149,158,"two-contract post-signal scalp: one contract exits at first target, one runner uses selected stop mode and runner target"
1,signal_scaled_scalp:strategy=vwap_extension_fade_4pt:direction=all:first_target_points=0.5:stop_points=1.5:runner_target_points=2:runner_stop_mode=breakeven,vwap_extension_fade_4pt,all,0.5,1.5,2,breakeven,307,307,307,141,166,76,90,0,0,76,0.247557,-9400,-26899,-87.61889251,149,158,"two-contract post-signal scalp: one contract exits at first target, one runner uses selected stop mode and runner target"
1,signal_scaled_scalp:strategy=vwap_extension_fade_4pt:direction=all:first_target_points=0.5:stop_points=1.5:runner_target_points=2:runner_stop_mode=initial,vwap_extension_fade_4pt,all,0.5,1.5,2,initial,307,307,307,141,166,109,57,0,0,109,0.35504886,-10375,-27874,-90.79478827,149,158,"two-contract post-signal scalp: one contract exits at first target, one runner uses selected stop mode and runner target"
1,signal_scaled_scalp:strategy=vwap_extension_fade_4pt:direction=all:first_target_points=0.5:stop_points=1.5:runner_target_points=3:runner_stop_mode=breakeven,vwap_extension_fade_4pt,all,0.5,1.5,3,breakeven,307,307,307,141,166,53,113,0,0,53,0.17263844,-9050,-26549,-86.47882736,149,158,"two-contract post-signal scalp: one contract exits at first target, one runner uses selected stop mode and runner target"
1,signal_scaled_scalp:strategy=vwap_extension_fade_4pt:direction=all:first_target_points=0.5:stop_points=1.5:runner_target_points=3:runner_stop_mode=initial,vwap_extension_fade_4pt,all,0.5,1.5,3,initial,307,307,307,141,166,89,77,0,0,89,0.28990228,-9425,-26924,-87.70032573,149,158,"two-contract post-signal scalp: one contract exits at first target, one runner uses selected stop mode and runner target"
1,signal_scaled_scalp:strategy=vwap_extension_fade_4pt:direction=all:first_target_points=0.5:stop_points=1.5:runner_target_points=5:runner_stop_mode=breakeven,vwap_extension_fade_4pt,all,0.5,1.5,5,breakeven,307,307,307,141,166,32,134,0,0,32,0.10423453,-9000,-26499,-86.31596091,149,158,"two-contract post-signal scalp: one contract exits at first target, one runner uses selected stop mode and runner target"
1,signal_scaled_scalp:strategy=vwap_extension_fade_4pt:direction=all:first_target_points=0.5:stop_points=1.5:runner_target_points=5:runner_stop_mode=initial,vwap_extension_fade_4pt,all,0.5,1.5,5,initial,307,307,307,141,166,64,102,0,0,64,0.20846906,-8650,-26149,-85.17589577,149,158,"two-contract post-signal scalp: one contract exits at first target, one runner uses selected stop mode and runner target"
1,signal_scaled_scalp:strategy=vwap_extension_fade_4pt:direction=all:first_target_points=0.5:stop_points=2:runner_target_points=1.5:runner_stop_mode=breakeven,vwap_extension_fade_4pt,all,0.5,2,1.5,breakeven,307,307,307,122,185,93,92,0,0,93,0.3029316,-12800,-30299,-98.69381107,149,158,"two-contract post-signal scalp: one contract exits at first target, one runner uses selected stop mode and runner target"
1,signal_scaled_scalp:strategy=vwap_extension_fade_4pt:direction=all:first_target_points=0.5:stop_points=2:runner_target_points=1.5:runner_stop_mode=initial,vwap_extension_fade_4pt,all,0.5,2,1.5,initial,307,307,307,122,185,148,37,0,0,148,0.48208469,-12375,-29874,-97.30944625,149,158,"two-contract post-signal scalp: one contract exits at first target, one runner uses selected stop mode and runner target"
1,signal_scaled_scalp:strategy=vwap_extension_fade_4pt:direction=all:first_target_points=0.5:stop_points=2:runner_target_points=2:runner_stop_mode=breakeven,vwap_extension_fade_4pt,all,0.5,2,2,breakeven,307,307,307,122,185,82,103,0,0,82,0.26710098,-11575,-29074,-94.70358306,149,158,"two-contract post-signal scalp: one contract exits at first target, one runner uses selected stop mode and runner target"
1,signal_scaled_scalp:strategy=vwap_extension_fade_4pt:direction=all:first_target_points=0.5:stop_points=2:runner_target_points=2:runner_stop_mode=initial,vwap_extension_fade_4pt,all,0.5,2,2,initial,307,307,307,122,185,137,48,0,0,137,0.44625407,-10875,-28374,-92.42345277,149,158,"two-contract post-signal scalp: one contract exits at first target, one runner uses selected stop mode and runner target"
1,signal_scaled_scalp:strategy=vwap_extension_fade_4pt:direction=all:first_target_points=0.5:stop_points=2:runner_target_points=3:runner_stop_mode=breakeven,vwap_extension_fade_4pt,all,0.5,2,3,breakeven,307,307,307,122,185,58,127,0,0,58,0.18892508,-11075,-28574,-93.07491857,149,158,"two-contract post-signal scalp: one contract exits at first target, one runner uses selected stop mode and runner target"
1,signal_scaled_scalp:strategy=vwap_extension_fade_4pt:direction=all:first_target_points=0.5:stop_points=2:runner_target_points=3:runner_stop_mode=initial,vwap_extension_fade_4pt,all,0.5,2,3,initial,307,307,307,122,185,115,70,0,0,115,0.37459283,-9525,-27024,-88.02605863,149,158,"two-contract post-signal scalp: one contract exits at first target, one runner uses selected stop mode and runner target"
1,signal_scaled_scalp:strategy=vwap_extension_fade_4pt:direction=all:first_target_points=0.5:stop_points=2:runner_target_points=5:runner_stop_mode=breakeven,vwap_extension_fade_4pt,all,0.5,2,5,breakeven,307,307,307,122,185,35,150,0,0,35,0.11400651,-11025,-28524,-92.91205212,149,158,"two-contract post-signal scalp: one contract exits at first target, one runner uses selected stop mode and runner target"
1,signal_scaled_scalp:strategy=vwap_extension_fade_4pt:direction=all:first_target_points=0.5:stop_points=2:runner_target_points=5:runner_stop_mode=initial,vwap_extension_fade_4pt,all,0.5,2,5,initial,307,307,307,122,185,85,100,0,0,85,0.27687296,-8525,-26024,-84.76872964,149,158,"two-contract post-signal scalp: one contract exits at first target, one runner uses selected stop mode and runner target"
1,signal_scaled_scalp:strategy=vwap_extension_fade_4pt:direction=all:first_target_points=1:stop_points=1:runner_target_points=1.5:runner_stop_mode=breakeven,vwap_extension_fade_4pt,all,1,1,1.5,breakeven,307,307,307,177,130,91,39,0,0,91,0.29641694,-4375,-21874,-71.25081433,149,158,"two-contract post-signal scalp: one contract exits at first target, one runner uses selected stop mode and runner target"
1,signal_scaled_scalp:strategy=vwap_extension_fade_4pt:direction=all:first_target_points=1:stop_points=1:runner_target_points=1.5:runner_stop_mode=initial,vwap_extension_fade_4pt,all,1,1,1.5,initial,307,307,307,177,130,105,25,0,0,105,0.34201954,-4575,-22074,-71.90228013,149,158,"two-contract post-signal scalp: one contract exits at first target, one runner uses selected stop mode and runner target"
1,signal_scaled_scalp:strategy=vwap_extension_fade_4pt:direction=all:first_target_points=1:stop_points=1:runner_target_points=2:runner_stop_mode=breakeven,vwap_extension_fade_4pt,all,1,1,2,breakeven,307,307,307,177,130,79,51,0,0,79,0.25732899,-3300,-20799,-67.74918567,149,158,"two-contract post-signal scalp: one contract exits at first target, one runner uses selected stop mode and runner target"
1,signal_scaled_scalp:strategy=vwap_extension_fade_4pt:direction=all:first_target_points=1:stop_points=1:runner_target_points=2:runner_stop_mode=initial,vwap_extension_fade_4pt,all,1,1,2,initial,307,307,307,177,130,94,36,0,0,94,0.30618893,-3600,-21099,-68.72638436,149,158,"two-contract post-signal scalp: one contract exits at first target, one runner uses selected stop mode and runner target"
1,signal_scaled_scalp:strategy=vwap_extension_fade_4pt:direction=all:first_target_points=1:stop_points=1:runner_target_points=3:runner_stop_mode=breakeven,vwap_extension_fade_4pt,all,1,1,3,breakeven,307,307,307,177,130,56,74,0,0,56,0.18241042,-2800,-20299,-66.12052117,149,158,"two-contract post-signal scalp: one contract exits at first target, one runner uses selected stop mode and runner target"
1,signal_scaled_scalp:strategy=vwap_extension_fade_4pt:direction=all:first_target_points=1:stop_points=1:runner_target_points=3:runner_stop_mode=initial,vwap_extension_fade_4pt,all,1,1,3,initial,307,307,307,177,130,73,57,0,0,73,0.23778502,-3100,-20599,-67.09771987,149,158,"two-contract post-signal scalp: one contract exits at first target, one runner uses selected stop mode and runner target"
1,signal_scaled_scalp:strategy=vwap_extension_fade_4pt:direction=all:first_target_points=1:stop_points=1:runner_target_points=5:runner_stop_mode=breakeven,vwap_extension_fade_4pt,all,1,1,5,breakeven,307,307,307,177,130,34,96,0,0,34,0.11074919,-2700,-20199,-65.79478827,149,158,"two-contract post-signal scalp: one contract exits at first target, one runner uses selected stop mode and runner target"
1,signal_scaled_scalp:strategy=vwap_extension_fade_4pt:direction=all:first_target_points=1:stop_points=1:runner_target_points=5:runner_stop_mode=initial,vwap_extension_fade_4pt,all,1,1,5,initial,307,307,307,177,130,51,79,0,0,51,0.16612378,-2400,-19899,-64.81758958,149,158,"two-contract post-signal scalp: one contract exits at first target, one runner uses selected stop mode and runner target"
1,signal_scaled_scalp:strategy=vwap_extension_fade_4pt:direction=all:first_target_points=1:stop_points=1.5:runner_target_points=1.5:runner_stop_mode=breakeven,vwap_extension_fade_4pt,all,1,1.5,1.5,breakeven,307,307,307,164,143,98,45,0,0,98,0.31921824,-10100,-27599,-89.8990228,149,158,"two-contract post-signal scalp: one contract exits at first target, one runner uses selected stop mode and runner target"
1,signal_scaled_scalp:strategy=vwap_extension_fade_4pt:direction=all:first_target_points=1:stop_points=1.5:runner_target_points=1.5:runner_stop_mode=initial,vwap_extension_fade_4pt,all,1,1.5,1.5,initial,307,307,307,164,143,120,23,0,0,120,0.39087948,-10175,-27674,-90.14332248,149,158,"two-contract post-signal scalp: one contract exits at first target, one runner uses selected stop mode and runner target"
1,signal_scaled_scalp:strategy=vwap_extension_fade_4pt:direction=all:first_target_points=1:stop_points=1.5:runner_target_points=2:runner_stop_mode=breakeven,vwap_extension_fade_4pt,all,1,1.5,2,breakeven,307,307,307,164,143,84,59,0,0,84,0.27361564,-9050,-26549,-86.47882736,149,158,"two-contract post-signal scalp: one contract exits at first target, one runner uses selected stop mode and runner target"
1,signal_scaled_scalp:strategy=vwap_extension_fade_4pt:direction=all:first_target_points=1:stop_points=1.5:runner_target_points=2:runner_stop_mode=initial,vwap_extension_fade_4pt,all,1,1.5,2,initial,307,307,307,164,143,109,34,0,0,109,0.35504886,-9100,-26599,-86.64169381,149,158,"two-contract post-signal scalp: one contract exits at first target, one runner uses selected stop mode and runner target"
1,signal_scaled_scalp:strategy=vwap_extension_fade_4pt:direction=all:first_target_points=1:stop_points=1.5:runner_target_points=3:runner_stop_mode=breakeven,vwap_extension_fade_4pt,all,1,1.5,3,breakeven,307,307,307,164,143,60,83,0,0,60,0.19543974,-8450,-25949,-84.52442997,149,158,"two-contract post-signal scalp: one contract exits at first target, one runner uses selected stop mode and runner target"
1,signal_scaled_scalp:strategy=vwap_extension_fade_4pt:direction=all:first_target_points=1:stop_points=1.5:runner_target_points=3:runner_stop_mode=initial,vwap_extension_fade_4pt,all,1,1.5,3,initial,307,307,307,164,143,89,54,0,0,89,0.28990228,-8150,-25649,-83.54723127,149,158,"two-contract post-signal scalp: one contract exits at first target, one runner uses selected stop mode and runner target"
1,signal_scaled_scalp:strategy=vwap_extension_fade_4pt:direction=all:first_target_points=1:stop_points=1.5:runner_target_points=5:runner_stop_mode=breakeven,vwap_extension_fade_4pt,all,1,1.5,5,breakeven,307,307,307,164,143,36,107,0,0,36,0.11726384,-8450,-25949,-84.52442997,149,158,"two-contract post-signal scalp: one contract exits at first target, one runner uses selected stop mode and runner target"
1,signal_scaled_scalp:strategy=vwap_extension_fade_4pt:direction=all:first_target_points=1:stop_points=1.5:runner_target_points=5:runner_stop_mode=initial,vwap_extension_fade_4pt,all,1,1.5,5,initial,307,307,307,164,143,64,79,0,0,64,0.20846906,-7375,-24874,-81.0228013,149,158,"two-contract post-signal scalp: one contract exits at first target, one runner uses selected stop mode and runner target"
1,signal_scaled_scalp:strategy=vwap_extension_fade_4pt:direction=all:first_target_points=1:stop_points=2:runner_target_points=1.5:runner_stop_mode=breakeven,vwap_extension_fade_4pt,all,1,2,1.5,breakeven,307,307,307,140,167,116,51,0,0,116,0.37785016,-10950,-28449,-92.66775244,149,158,"two-contract post-signal scalp: one contract exits at first target, one runner uses selected stop mode and runner target"
1,signal_scaled_scalp:strategy=vwap_extension_fade_4pt:direction=all:first_target_points=1:stop_points=2:runner_target_points=1.5:runner_stop_mode=initial,vwap_extension_fade_4pt,all,1,2,1.5,initial,307,307,307,140,167,148,19,0,0,148,0.48208469,-10450,-27949,-91.03908795,149,158,"two-contract post-signal scalp: one contract exits at first target, one runner uses selected stop mode and runner target"
1,signal_scaled_scalp:strategy=vwap_extension_fade_4pt:direction=all:first_target_points=1:stop_points=2:runner_target_points=2:runner_stop_mode=breakeven,vwap_extension_fade_4pt,all,1,2,2,breakeven,307,307,307,140,167,99,68,0,0,99,0.32247557,-9750,-27249,-88.75895765,149,158,"two-contract post-signal scalp: one contract exits at first target, one runner uses selected stop mode and runner target"
1,signal_scaled_scalp:strategy=vwap_extension_fade_4pt:direction=all:first_target_points=1:stop_points=2:runner_target_points=2:runner_stop_mode=initial,vwap_extension_fade_4pt,all,1,2,2,initial,307,307,307,140,167,137,30,0,0,137,0.44625407,-8950,-26449,-86.15309446,149,158,"two-contract post-signal scalp: one contract exits at first target, one runner uses selected stop mode and runner target"
1,signal_scaled_scalp:strategy=vwap_extension_fade_4pt:direction=all:first_target_points=1:stop_points=2:runner_target_points=3:runner_stop_mode=breakeven,vwap_extension_fade_4pt,all,1,2,3,breakeven,307,307,307,140,167,71,96,0,0,71,0.23127036,-9000,-26499,-86.31596091,149,158,"two-contract post-signal scalp: one contract exits at first target, one runner uses selected stop mode and runner target"
1,signal_scaled_scalp:strategy=vwap_extension_fade_4pt:direction=all:first_target_points=1:stop_points=2:runner_target_points=3:runner_stop_mode=initial,vwap_extension_fade_4pt,all,1,2,3,initial,307,307,307,140,167,115,52,0,0,115,0.37459283,-7600,-25099,-81.75570033,149,158,"two-contract post-signal scalp: one contract exits at first target, one runner uses selected stop mode and runner target"
1,signal_scaled_scalp:strategy=vwap_extension_fade_4pt:direction=all:first_target_points=1:stop_points=2:runner_target_points=5:runner_stop_mode=breakeven,vwap_extension_fade_4pt,all,1,2,5,breakeven,307,307,307,140,167,43,124,0,0,43,0.14006515,-8900,-26399,-85.99022801,149,158,"two-contract post-signal scalp: one contract exits at first target, one runner uses selected stop mode and runner target"
1,signal_scaled_scalp:strategy=vwap_extension_fade_4pt:direction=all:first_target_points=1:stop_points=2:runner_target_points=5:runner_stop_mode=initial,vwap_extension_fade_4pt,all,1,2,5,initial,307,307,307,140,167,85,82,0,0,85,0.27687296,-6600,-24099,-78.49837134,149,158,"two-contract post-signal scalp: one contract exits at first target, one runner uses selected stop mode and runner target"
1,signal_scaled_scalp:strategy=vwap_extension_fade_4pt:direction=all:first_target_points=1.5:stop_points=1:runner_target_points=2:runner_stop_mode=breakeven,vwap_extension_fade_4pt,all,1.5,1,2,breakeven,307,307,307,202,105,91,14,0,0,105,0.34201954,-3225,-20724,-67.50488599,149,158,"two-contract post-signal scalp: one contract exits at first target, one runner uses selected stop mode and runner target"
1,signal_scaled_scalp:strategy=vwap_extension_fade_4pt:direction=all:first_target_points=1.5:stop_points=1:runner_target_points=2:runner_stop_mode=initial,vwap_extension_fade_4pt,all,1.5,1,2,initial,307,307,307,202,105,94,11,0,0,94,0.30618893,-3475,-20974,-68.31921824,149,158,"two-contract post-signal scalp: one contract exits at first target, one runner uses selected stop mode and runner target"
1,signal_scaled_scalp:strategy=vwap_extension_fade_4pt:direction=all:first_target_points=1.5:stop_points=1:runner_target_points=3:runner_stop_mode=breakeven,vwap_extension_fade_4pt,all,1.5,1,3,breakeven,307,307,307,202,105,62,43,0,0,105,0.34201954,-3025,-20524,-66.8534202,149,158,"two-contract post-signal scalp: one contract exits at first target, one runner uses selected stop mode and runner target"
1,signal_scaled_scalp:strategy=vwap_extension_fade_4pt:direction=all:first_target_points=1.5:stop_points=1:runner_target_points=3:runner_stop_mode=initial,vwap_extension_fade_4pt,all,1.5,1,3,initial,307,307,307,202,105,73,32,0,0,73,0.23778502,-2975,-20474,-66.69055375,149,158,"two-contract post-signal scalp: one contract exits at first target, one runner uses selected stop mode and runner target"
1,signal_scaled_scalp:strategy=vwap_extension_fade_4pt:direction=all:first_target_points=1.5:stop_points=1:runner_target_points=5:runner_stop_mode=breakeven,vwap_extension_fade_4pt,all,1.5,1,5,breakeven,307,307,307,202,105,37,68,0,0,105,0.34201954,-3075,-20574,-67.01628664,149,158,"two-contract post-signal scalp: one contract exits at first target, one runner uses selected stop mode and runner target"
1,signal_scaled_scalp:strategy=vwap_extension_fade_4pt:direction=all:first_target_points=1.5:stop_points=1:runner_target_points=5:runner_stop_mode=initial,vwap_extension_fade_4pt,all,1.5,1,5,initial,307,307,307,202,105,51,54,0,0,51,0.16612378,-2275,-19774,-64.41042345,149,158,"two-contract post-signal scalp: one contract exits at first target, one runner uses selected stop mode and runner target"
1,signal_scaled_scalp:strategy=vwap_extension_fade_4pt:direction=all:first_target_points=1.5:stop_points=1.5:runner_target_points=2:runner_stop_mode=breakeven,vwap_extension_fade_4pt,all,1.5,1.5,2,breakeven,307,307,307,187,120,104,16,0,0,120,0.39087948,-8650,-26149,-85.17589577,149,158,"two-contract post-signal scalp: one contract exits at first target, one runner uses selected stop mode and runner target"
1,signal_scaled_scalp:strategy=vwap_extension_fade_4pt:direction=all:first_target_points=1.5:stop_points=1.5:runner_target_points=2:runner_stop_mode=initial,vwap_extension_fade_4pt,all,1.5,1.5,2,initial,307,307,307,187,120,109,11,0,0,109,0.35504886,-8975,-26474,-86.23452769,149,158,"two-contract post-signal scalp: one contract exits at first target, one runner uses selected stop mode and runner target"
1,signal_scaled_scalp:strategy=vwap_extension_fade_4pt:direction=all:first_target_points=1.5:stop_points=1.5:runner_target_points=3:runner_stop_mode=breakeven,vwap_extension_fade_4pt,all,1.5,1.5,3,breakeven,307,307,307,187,120,70,50,0,0,120,0.39087948,-8550,-26049,-84.85016287,149,158,"two-contract post-signal scalp: one contract exits at first target, one runner uses selected stop mode and runner target"
1,signal_scaled_scalp:strategy=vwap_extension_fade_4pt:direction=all:first_target_points=1.5:stop_points=1.5:runner_target_points=3:runner_stop_mode=initial,vwap_extension_fade_4pt,all,1.5,1.5,3,initial,307,307,307,187,120,89,31,0,0,89,0.28990228,-8025,-25524,-83.14006515,149,158,"two-contract post-signal scalp: one contract exits at first target, one runner uses selected stop mode and runner target"
1,signal_scaled_scalp:strategy=vwap_extension_fade_4pt:direction=all:first_target_points=1.5:stop_points=1.5:runner_target_points=5:runner_stop_mode=breakeven,vwap_extension_fade_4pt,all,1.5,1.5,5,breakeven,307,307,307,187,120,41,79,0,0,120,0.39087948,-8800,-26299,-85.66449511,149,158,"two-contract post-signal scalp: one contract exits at first target, one runner uses selected stop mode and runner target"
1,signal_scaled_scalp:strategy=vwap_extension_fade_4pt:direction=all:first_target_points=1.5:stop_points=1.5:runner_target_points=5:runner_stop_mode=initial,vwap_extension_fade_4pt,all,1.5,1.5,5,initial,307,307,307,187,120,64,56,0,0,64,0.20846906,-7250,-24749,-80.61563518,149,158,"two-contract post-signal scalp: one contract exits at first target, one runner uses selected stop mode and runner target"
1,signal_scaled_scalp:strategy=vwap_extension_fade_4pt:direction=all:first_target_points=1.5:stop_points=2:runner_target_points=2:runner_stop_mode=breakeven,vwap_extension_fade_4pt,all,1.5,2,2,breakeven,307,307,307,159,148,125,23,0,0,148,0.48208469,-8200,-25699,-83.71009772,149,158,"two-contract post-signal scalp: one contract exits at first target, one runner uses selected stop mode and runner target"
1,signal_scaled_scalp:strategy=vwap_extension_fade_4pt:direction=all:first_target_points=1.5:stop_points=2:runner_target_points=2:runner_stop_mode=initial,vwap_extension_fade_4pt,all,1.5,2,2,initial,307,307,307,159,148,137,11,0,0,137,0.44625407,-8100,-25599,-83.38436482,149,158,"two-contract post-signal scalp: one contract exits at first target, one runner uses selected stop mode and runner target"
1,signal_scaled_scalp:strategy=vwap_extension_fade_4pt:direction=all:first_target_points=1.5:stop_points=2:runner_target_points=3:runner_stop_mode=breakeven,vwap_extension_fade_4pt,all,1.5,2,3,breakeven,307,307,307,159,148,84,64,0,0,148,0.48208469,-8100,-25599,-83.38436482,149,158,"two-contract post-signal scalp: one contract exits at first target, one runner uses selected stop mode and runner target"
1,signal_scaled_scalp:strategy=vwap_extension_fade_4pt:direction=all:first_target_points=1.5:stop_points=2:runner_target_points=3:runner_stop_mode=initial,vwap_extension_fade_4pt,all,1.5,2,3,initial,307,307,307,159,148,115,33,0,0,115,0.37459283,-6750,-24249,-78.98697068,149,158,"two-contract post-signal scalp: one contract exits at first target, one runner uses selected stop mode and runner target"
1,signal_scaled_scalp:strategy=vwap_extension_fade_4pt:direction=all:first_target_points=1.5:stop_points=2:runner_target_points=5:runner_stop_mode=breakeven,vwap_extension_fade_4pt,all,1.5,2,5,breakeven,307,307,307,159,148,51,97,0,0,148,0.48208469,-7950,-25449,-82.89576547,149,158,"two-contract post-signal scalp: one contract exits at first target, one runner uses selected stop mode and runner target"
1,signal_scaled_scalp:strategy=vwap_extension_fade_4pt:direction=all:first_target_points=1.5:stop_points=2:runner_target_points=5:runner_stop_mode=initial,vwap_extension_fade_4pt,all,1.5,2,5,initial,307,307,307,159,148,85,63,0,0,85,0.27687296,-5750,-23249,-75.72964169,149,158,"two-contract post-signal scalp: one contract exits at first target, one runner uses selected stop mode and runner target"
1,signal_scaled_scalp:strategy=impulse_fade_3bar_1.5pt:direction=all:first_target_points=0.5:stop_points=1:runner_target_points=1.5:runner_stop_mode=breakeven,impulse_fade_3bar_1.5pt,all,0.5,1,1.5,breakeven,330,330,330,197,133,78,55,0,0,78,0.23636364,-10525,-29335,-88.89393939,164,166,"two-contract post-signal scalp: one contract exits at first target, one runner uses selected stop mode and runner target"
1,signal_scaled_scalp:strategy=impulse_fade_3bar_1.5pt:direction=all:first_target_points=0.5:stop_points=1:runner_target_points=1.5:runner_stop_mode=initial,impulse_fade_3bar_1.5pt,all,0.5,1,1.5,initial,330,330,330,197,133,98,35,0,0,98,0.2969697,-10775,-29585,-89.65151515,164,166,"two-contract post-signal scalp: one contract exits at first target, one runner uses selected stop mode and runner target"
1,signal_scaled_scalp:strategy=impulse_fade_3bar_1.5pt:direction=all:first_target_points=0.5:stop_points=1:runner_target_points=2:runner_stop_mode=breakeven,impulse_fade_3bar_1.5pt,all,0.5,1,2,breakeven,330,330,330,197,133,63,70,0,0,63,0.19090909,-10075,-28885,-87.53030303,164,166,"two-contract post-signal scalp: one contract exits at first target, one runner uses selected stop mode and runner target"
1,signal_scaled_scalp:strategy=impulse_fade_3bar_1.5pt:direction=all:first_target_points=0.5:stop_points=1:runner_target_points=2:runner_stop_mode=initial,impulse_fade_3bar_1.5pt,all,0.5,1,2,initial,330,330,330,197,133,80,53,0,0,80,0.24242424,-11025,-29835,-90.40909091,164,166,"two-contract post-signal scalp: one contract exits at first target, one runner uses selected stop mode and runner target"
1,signal_scaled_scalp:strategy=impulse_fade_3bar_1.5pt:direction=all:first_target_points=0.5:stop_points=1:runner_target_points=3:runner_stop_mode=breakeven,impulse_fade_3bar_1.5pt,all,0.5,1,3,breakeven,330,330,330,197,133,46,87,0,0,46,0.13939394,-9475,-28285,-85.71212121,164,166,"two-contract post-signal scalp: one contract exits at first target, one runner uses selected stop mode and runner target"
1,signal_scaled_scalp:strategy=impulse_fade_3bar_1.5pt:direction=all:first_target_points=0.5:stop_points=1:runner_target_points=3:runner_stop_mode=initial,impulse_fade_3bar_1.5pt,all,0.5,1,3,initial,330,330,330,197,133,64,69,0,0,64,0.19393939,-10225,-29035,-87.98484848,164,166,"two-contract post-signal scalp: one contract exits at first target, one runner uses selected stop mode and runner target"
1,signal_scaled_scalp:strategy=impulse_fade_3bar_1.5pt:direction=all:first_target_points=0.5:stop_points=1:runner_target_points=5:runner_stop_mode=breakeven,impulse_fade_3bar_1.5pt,all,0.5,1,5,breakeven,330,330,330,197,133,39,94,0,0,39,0.11818182,-6625,-25435,-77.07575758,164,166,"two-contract post-signal scalp: one contract exits at first target, one runner uses selected stop mode and runner target"
1,signal_scaled_scalp:strategy=impulse_fade_3bar_1.5pt:direction=all:first_target_points=0.5:stop_points=1:runner_target_points=5:runner_stop_mode=initial,impulse_fade_3bar_1.5pt,all,0.5,1,5,initial,330,330,330,197,133,52,81,0,0,52,0.15757576,-7425,-26235,-79.5,164,166,"two-contract post-signal scalp: one contract exits at first target, one runner uses selected stop mode and runner target"
1,signal_scaled_scalp:strategy=impulse_fade_3bar_1.5pt:direction=all:first_target_points=0.5:stop_points=1.5:runner_target_points=1.5:runner_stop_mode=breakeven,impulse_fade_3bar_1.5pt,all,0.5,1.5,1.5,breakeven,330,330,330,179,151,81,70,0,0,81,0.24545455,-17000,-35810,-108.51515152,164,166,"two-contract post-signal scalp: one contract exits at first target, one runner uses selected stop mode and runner target"
1,signal_scaled_scalp:strategy=impulse_fade_3bar_1.5pt:direction=all:first_target_points=0.5:stop_points=1.5:runner_target_points=1.5:runner_stop_mode=initial,impulse_fade_3bar_1.5pt,all,0.5,1.5,1.5,initial,330,330,330,179,151,112,39,0,0,112,0.33939394,-17600,-36410,-110.33333333,164,166,"two-contract post-signal scalp: one contract exits at first target, one runner uses selected stop mode and runner target"
1,signal_scaled_scalp:strategy=impulse_fade_3bar_1.5pt:direction=all:first_target_points=0.5:stop_points=1.5:runner_target_points=2:runner_stop_mode=breakeven,impulse_fade_3bar_1.5pt,all,0.5,1.5,2,breakeven,330,330,330,179,151,64,87,0,0,64,0.19393939,-16675,-35485,-107.53030303,164,166,"two-contract post-signal scalp: one contract exits at first target, one runner uses selected stop mode and runner target"
1,signal_scaled_scalp:strategy=impulse_fade_3bar_1.5pt:direction=all:first_target_points=0.5:stop_points=1.5:runner_target_points=2:runner_stop_mode=initial,impulse_fade_3bar_1.5pt,all,0.5,1.5,2,initial,330,330,330,179,151,97,54,0,0,97,0.29393939,-17425,-36235,-109.8030303,164,166,"two-contract post-signal scalp: one contract exits at first target, one runner uses selected stop mode and runner target"
1,signal_scaled_scalp:strategy=impulse_fade_3bar_1.5pt:direction=all:first_target_points=0.5:stop_points=1.5:runner_target_points=3:runner_stop_mode=breakeven,impulse_fade_3bar_1.5pt,all,0.5,1.5,3,breakeven,330,330,330,179,151,47,104,0,0,47,0.14242424,-16025,-34835,-105.56060606,164,166,"two-contract post-signal scalp: one contract exits at first target, one runner uses selected stop mode and runner target"
1,signal_scaled_scalp:strategy=impulse_fade_3bar_1.5pt:direction=all:first_target_points=0.5:stop_points=1.5:runner_target_points=3:runner_stop_mode=initial,impulse_fade_3bar_1.5pt,all,0.5,1.5,3,initial,330,330,330,179,151,80,71,0,0,80,0.24242424,-16400,-35210,-106.6969697,164,166,"two-contract post-signal scalp: one contract exits at first target, one runner uses selected stop mode and runner target"
1,signal_scaled_scalp:strategy=impulse_fade_3bar_1.5pt:direction=all:first_target_points=0.5:stop_points=1.5:runner_target_points=5:runner_stop_mode=breakeven,impulse_fade_3bar_1.5pt,all,0.5,1.5,5,breakeven,330,330,330,179,151,39,112,0,0,39,0.11818182,-13325,-32135,-97.37878788,164,166,"two-contract post-signal scalp: one contract exits at first target, one runner uses selected stop mode and runner target"
1,signal_scaled_scalp:strategy=impulse_fade_3bar_1.5pt:direction=all:first_target_points=0.5:stop_points=1.5:runner_target_points=5:runner_stop_mode=initial,impulse_fade_3bar_1.5pt,all,0.5,1.5,5,initial,330,330,330,179,151,64,87,0,0,64,0.19393939,-13600,-32410,-98.21212121,164,166,"two-contract post-signal scalp: one contract exits at first target, one runner uses selected stop mode and runner target"
1,signal_scaled_scalp:strategy=impulse_fade_3bar_1.5pt:direction=all:first_target_points=0.5:stop_points=2:runner_target_points=1.5:runner_stop_mode=breakeven,impulse_fade_3bar_1.5pt,all,0.5,2,1.5,breakeven,330,330,330,162,168,86,82,0,0,86,0.26060606,-21750,-40560,-122.90909091,164,166,"two-contract post-signal scalp: one contract exits at first target, one runner uses selected stop mode and runner target"
1,signal_scaled_scalp:strategy=impulse_fade_3bar_1.5pt:direction=all:first_target_points=0.5:stop_points=2:runner_target_points=1.5:runner_stop_mode=initial,impulse_fade_3bar_1.5pt,all,0.5,2,1.5,initial,330,330,330,162,168,133,35,0,0,133,0.4030303,-21725,-40535,-122.83333333,164,166,"two-contract post-signal scalp: one contract exits at first target, one runner uses selected stop mode and runner target"
1,signal_scaled_scalp:strategy=impulse_fade_3bar_1.5pt:direction=all:first_target_points=0.5:stop_points=2:runner_target_points=2:runner_stop_mode=breakeven,impulse_fade_3bar_1.5pt,all,0.5,2,2,breakeven,330,330,330,162,168,69,99,0,0,69,0.20909091,-21300,-40110,-121.54545455,164,166,"two-contract post-signal scalp: one contract exits at first target, one runner uses selected stop mode and runner target"
1,signal_scaled_scalp:strategy=impulse_fade_3bar_1.5pt:direction=all:first_target_points=0.5:stop_points=2:runner_target_points=2:runner_stop_mode=initial,impulse_fade_3bar_1.5pt,all,0.5,2,2,initial,330,330,330,162,168,118,50,0,0,118,0.35757576,-21400,-40210,-121.84848485,164,166,"two-contract post-signal scalp: one contract exits at first target, one runner uses selected stop mode and runner target"
1,signal_scaled_scalp:strategy=impulse_fade_3bar_1.5pt:direction=all:first_target_points=0.5:stop_points=2:runner_target_points=3:runner_stop_mode=breakeven,impulse_fade_3bar_1.5pt,all,0.5,2,3,breakeven,330,330,330,162,168,50,118,0,0,50,0.15151515,-20700,-39510,-119.72727273,164,166,"two-contract post-signal scalp: one contract exits at first target, one runner uses selected stop mode and runner target"
1,signal_scaled_scalp:strategy=impulse_fade_3bar_1.5pt:direction=all:first_target_points=0.5:stop_points=2:runner_target_points=3:runner_stop_mode=initial,impulse_fade_3bar_1.5pt,all,0.5,2,3,initial,330,330,330,162,168,99,69,0,0,99,0.3,-20250,-39060,-118.36363636,164,166,"two-contract post-signal scalp: one contract exits at first target, one runner uses selected stop mode and runner target"
1,signal_scaled_scalp:strategy=impulse_fade_3bar_1.5pt:direction=all:first_target_points=0.5:stop_points=2:runner_target_points=5:runner_stop_mode=breakeven,impulse_fade_3bar_1.5pt,all,0.5,2,5,breakeven,330,330,330,162,168,41,127,0,0,41,0.12424242,-17950,-36760,-111.39393939,164,166,"two-contract post-signal scalp: one contract exits at first target, one runner uses selected stop mode and runner target"
1,signal_scaled_scalp:strategy=impulse_fade_3bar_1.5pt:direction=all:first_target_points=0.5:stop_points=2:runner_target_points=5:runner_stop_mode=initial,impulse_fade_3bar_1.5pt,all,0.5,2,5,initial,330,330,330,162,168,79,89,0,0,79,0.23939394,-17350,-36160,-109.57575758,164,166,"two-contract post-signal scalp: one contract exits at first target, one runner uses selected stop mode and runner target"
1,signal_scaled_scalp:strategy=impulse_fade_3bar_1.5pt:direction=all:first_target_points=1:stop_points=1:runner_target_points=1.5:runner_stop_mode=breakeven,impulse_fade_3bar_1.5pt,all,1,1,1.5,breakeven,330,330,330,215,115,83,32,0,0,83,0.25151515,-9525,-28335,-85.86363636,164,166,"two-contract post-signal scalp: one contract exits at first target, one runner uses selected stop mode and runner target"
1,signal_scaled_scalp:strategy=impulse_fade_3bar_1.5pt:direction=all:first_target_points=1:stop_points=1:runner_target_points=1.5:runner_stop_mode=initial,impulse_fade_3bar_1.5pt,all,1,1,1.5,initial,330,330,330,215,115,98,17,0,0,98,0.2969697,-9250,-28060,-85.03030303,164,166,"two-contract post-signal scalp: one contract exits at first target, one runner uses selected stop mode and runner target"
1,signal_scaled_scalp:strategy=impulse_fade_3bar_1.5pt:direction=all:first_target_points=1:stop_points=1:runner_target_points=2:runner_stop_mode=breakeven,impulse_fade_3bar_1.5pt,all,1,1,2,breakeven,330,330,330,215,115,67,48,0,0,67,0.2030303,-9050,-27860,-84.42424242,164,166,"two-contract post-signal scalp: one contract exits at first target, one runner uses selected stop mode and runner target"
1,signal_scaled_scalp:strategy=impulse_fade_3bar_1.5pt:direction=all:first_target_points=1:stop_points=1:runner_target_points=2:runner_stop_mode=initial,impulse_fade_3bar_1.5pt,all,1,1,2,initial,330,330,330,215,115,80,35,0,0,80,0.24242424,-9500,-28310,-85.78787879,164,166,"two-contract post-signal scalp: one contract exits at first target, one runner uses selected stop mode and runner target"
1,signal_scaled_scalp:strategy=impulse_fade_3bar_1.5pt:direction=all:first_target_points=1:stop_points=1:runner_target_points=3:runner_stop_mode=breakeven,impulse_fade_3bar_1.5pt,all,1,1,3,breakeven,330,330,330,215,115,49,66,0,0,49,0.14848485,-8400,-27210,-82.45454545,164,166,"two-contract post-signal scalp: one contract exits at first target, one runner uses selected stop mode and runner target"
1,signal_scaled_scalp:strategy=impulse_fade_3bar_1.5pt:direction=all:first_target_points=1:stop_points=1:runner_target_points=3:runner_stop_mode=initial,impulse_fade_3bar_1.5pt,all,1,1,3,initial,330,330,330,215,115,64,51,0,0,64,0.19393939,-8700,-27510,-83.36363636,164,166,"two-contract post-signal scalp: one contract exits at first target, one runner uses selected stop mode and runner target"
1,signal_scaled_scalp:strategy=impulse_fade_3bar_1.5pt:direction=all:first_target_points=1:stop_points=1:runner_target_points=5:runner_stop_mode=breakeven,impulse_fade_3bar_1.5pt,all,1,1,5,breakeven,330,330,330,215,115,40,75,0,0,40,0.12121212,-5750,-24560,-74.42424242,164,166,"two-contract post-signal scalp: one contract exits at first target, one runner uses selected stop mode and runner target"
1,signal_scaled_scalp:strategy=impulse_fade_3bar_1.5pt:direction=all:first_target_points=1:stop_points=1:runner_target_points=5:runner_stop_mode=initial,impulse_fade_3bar_1.5pt,all,1,1,5,initial,330,330,330,215,115,52,63,0,0,52,0.15757576,-5900,-24710,-74.87878788,164,166,"two-contract post-signal scalp: one contract exits at first target, one runner uses selected stop mode and runner target"
1,signal_scaled_scalp:strategy=impulse_fade_3bar_1.5pt:direction=all:first_target_points=1:stop_points=1.5:runner_target_points=1.5:runner_stop_mode=breakeven,impulse_fade_3bar_1.5pt,all,1,1.5,1.5,breakeven,330,330,330,203,127,89,38,0,0,89,0.26969697,-17425,-36235,-109.8030303,164,166,"two-contract post-signal scalp: one contract exits at first target, one runner uses selected stop mode and runner target"
1,signal_scaled_scalp:strategy=impulse_fade_3bar_1.5pt:direction=all:first_target_points=1:stop_points=1.5:runner_target_points=1.5:runner_stop_mode=initial,impulse_fade_3bar_1.5pt,all,1,1.5,1.5,initial,330,330,330,203,127,112,15,0,0,112,0.33939394,-16825,-35635,-107.98484848,164,166,"two-contract post-signal scalp: one contract exits at first target, one runner uses selected stop mode and runner target"
1,signal_scaled_scalp:strategy=impulse_fade_3bar_1.5pt:direction=all:first_target_points=1:stop_points=1.5:runner_target_points=2:runner_stop_mode=breakeven,impulse_fade_3bar_1.5pt,all,1,1.5,2,breakeven,330,330,330,203,127,70,57,0,0,70,0.21212121,-17100,-35910,-108.81818182,164,166,"two-contract post-signal scalp: one contract exits at first target, one runner uses selected stop mode and runner target"
1,signal_scaled_scalp:strategy=impulse_fade_3bar_1.5pt:direction=all:first_target_points=1:stop_points=1.5:runner_target_points=2:runner_stop_mode=initial,impulse_fade_3bar_1.5pt,all,1,1.5,2,initial,330,330,330,203,127,97,30,0,0,97,0.29393939,-16650,-35460,-107.45454545,164,166,"two-contract post-signal scalp: one contract exits at first target, one runner uses selected stop mode and runner target"
1,signal_scaled_scalp:strategy=impulse_fade_3bar_1.5pt:direction=all:first_target_points=1:stop_points=1.5:runner_target_points=3:runner_stop_mode=breakeven,impulse_fade_3bar_1.5pt,all,1,1.5,3,breakeven,330,330,330,203,127,52,75,0,0,52,0.15757576,-16300,-35110,-106.39393939,164,166,"two-contract post-signal scalp: one contract exits at first target, one runner uses selected stop mode and runner target"
1,signal_scaled_scalp:strategy=impulse_fade_3bar_1.5pt:direction=all:first_target_points=1:stop_points=1.5:runner_target_points=3:runner_stop_mode=initial,impulse_fade_3bar_1.5pt,all,1,1.5,3,initial,330,330,330,203,127,80,47,0,0,80,0.24242424,-15625,-34435,-104.34848485,164,166,"two-contract post-signal scalp: one contract exits at first target, one runner uses selected stop mode and runner target"
1,signal_scaled_scalp:strategy=impulse_fade_3bar_1.5pt:direction=all:first_target_points=1:stop_points=1.5:runner_target_points=5:runner_stop_mode=breakeven,impulse_fade_3bar_1.5pt,all,1,1.5,5,breakeven,330,330,330,203,127,42,85,0,0,42,0.12727273,-13600,-32410,-98.21212121,164,166,"two-contract post-signal scalp: one contract exits at first target, one runner uses selected stop mode and runner target"
1,signal_scaled_scalp:strategy=impulse_fade_3bar_1.5pt:direction=all:first_target_points=1:stop_points=1.5:runner_target_points=5:runner_stop_mode=initial,impulse_fade_3bar_1.5pt,all,1,1.5,5,initial,330,330,330,203,127,64,63,0,0,64,0.19393939,-12825,-31635,-95.86363636,164,166,"two-contract post-signal scalp: one contract exits at first target, one runner uses selected stop mode and runner target"
1,signal_scaled_scalp:strategy=impulse_fade_3bar_1.5pt:direction=all:first_target_points=1:stop_points=2:runner_target_points=1.5:runner_stop_mode=breakeven,impulse_fade_3bar_1.5pt,all,1,2,1.5,breakeven,330,330,330,182,148,106,42,0,0,106,0.32121212,-21050,-39860,-120.78787879,164,166,"two-contract post-signal scalp: one contract exits at first target, one runner uses selected stop mode and runner target"
1,signal_scaled_scalp:strategy=impulse_fade_3bar_1.5pt:direction=all:first_target_points=1:stop_points=2:runner_target_points=1.5:runner_stop_mode=initial,impulse_fade_3bar_1.5pt,all,1,2,1.5,initial,330,330,330,182,148,133,15,0,0,133,0.4030303,-20525,-39335,-119.1969697,164,166,"two-contract post-signal scalp: one contract exits at first target, one runner uses selected stop mode and runner target"
1,signal_scaled_scalp:strategy=impulse_fade_3bar_1.5pt:direction=all:first_target_points=1:stop_points=2:runner_target_points=2:runner_stop_mode=breakeven,impulse_fade_3bar_1.5pt,all,1,2,2,breakeven,330,330,330,182,148,84,64,0,0,84,0.25454545,-20600,-39410,-119.42424242,164,166,"two-contract post-signal scalp: one contract exits at first target, one runner uses selected stop mode and runner target"
1,signal_scaled_scalp:strategy=impulse_fade_3bar_1.5pt:direction=all:first_target_points=1:stop_points=2:runner_target_points=2:runner_stop_mode=initial,impulse_fade_3bar_1.5pt,all,1,2,2,initial,330,330,330,182,148,118,30,0,0,118,0.35757576,-20200,-39010,-118.21212121,164,166,"two-contract post-signal scalp: one contract exits at first target, one runner uses selected stop mode and runner target"
1,signal_scaled_scalp:strategy=impulse_fade_3bar_1.5pt:direction=all:first_target_points=1:stop_points=2:runner_target_points=3:runner_stop_mode=breakeven,impulse_fade_3bar_1.5pt,all,1,2,3,breakeven,330,330,330,182,148,61,87,0,0,61,0.18484848,-19850,-38660,-117.15151515,164,166,"two-contract post-signal scalp: one contract exits at first target, one runner uses selected stop mode and runner target"
1,signal_scaled_scalp:strategy=impulse_fade_3bar_1.5pt:direction=all:first_target_points=1:stop_points=2:runner_target_points=3:runner_stop_mode=initial,impulse_fade_3bar_1.5pt,all,1,2,3,initial,330,330,330,182,148,99,49,0,0,99,0.3,-19050,-37860,-114.72727273,164,166,"two-contract post-signal scalp: one contract exits at first target, one runner uses selected stop mode and runner target"
1,signal_scaled_scalp:strategy=impulse_fade_3bar_1.5pt:direction=all:first_target_points=1:stop_points=2:runner_target_points=5:runner_stop_mode=breakeven,impulse_fade_3bar_1.5pt,all,1,2,5,breakeven,330,330,330,182,148,48,100,0,0,48,0.14545455,-17000,-35810,-108.51515152,164,166,"two-contract post-signal scalp: one contract exits at first target, one runner uses selected stop mode and runner target"
1,signal_scaled_scalp:strategy=impulse_fade_3bar_1.5pt:direction=all:first_target_points=1:stop_points=2:runner_target_points=5:runner_stop_mode=initial,impulse_fade_3bar_1.5pt,all,1,2,5,initial,330,330,330,182,148,79,69,0,0,79,0.23939394,-16150,-34960,-105.93939394,164,166,"two-contract post-signal scalp: one contract exits at first target, one runner uses selected stop mode and runner target"
1,signal_scaled_scalp:strategy=impulse_fade_3bar_1.5pt:direction=all:first_target_points=1.5:stop_points=1:runner_target_points=2:runner_stop_mode=breakeven,impulse_fade_3bar_1.5pt,all,1.5,1,2,breakeven,330,330,330,232,98,77,21,0,0,98,0.2969697,-8150,-26960,-81.6969697,164,166,"two-contract post-signal scalp: one contract exits at first target, one runner uses selected stop mode and runner target"
1,signal_scaled_scalp:strategy=impulse_fade_3bar_1.5pt:direction=all:first_target_points=1.5:stop_points=1:runner_target_points=2:runner_stop_mode=initial,impulse_fade_3bar_1.5pt,all,1.5,1,2,initial,330,330,330,232,98,80,18,0,0,80,0.24242424,-8750,-27560,-83.51515152,164,166,"two-contract post-signal scalp: one contract exits at first target, one runner uses selected stop mode and runner target"
1,signal_scaled_scalp:strategy=impulse_fade_3bar_1.5pt:direction=all:first_target_points=1.5:stop_points=1:runner_target_points=3:runner_stop_mode=breakeven,impulse_fade_3bar_1.5pt,all,1.5,1,3,breakeven,330,330,330,232,98,55,43,0,0,98,0.2969697,-7600,-26410,-80.03030303,164,166,"two-contract post-signal scalp: one contract exits at first target, one runner uses selected stop mode and runner target"
1,signal_scaled_scalp:strategy=impulse_fade_3bar_1.5pt:direction=all:first_target_points=1.5:stop_points=1:runner_target_points=3:runner_stop_mode=initial,impulse_fade_3bar_1.5pt,all,1.5,1,3,initial,330,330,330,232,98,64,34,0,0,64,0.19393939,-7950,-26760,-81.09090909,164,166,"two-contract post-signal scalp: one contract exits at first target, one runner uses selected stop mode and runner target"
1,signal_scaled_scalp:strategy=impulse_fade_3bar_1.5pt:direction=all:first_target_points=1.5:stop_points=1:runner_target_points=5:runner_stop_mode=breakeven,impulse_fade_3bar_1.5pt,all,1.5,1,5,breakeven,330,330,330,232,98,45,53,0,0,98,0.2969697,-4600,-23410,-70.93939394,164,166,"two-contract post-signal scalp: one contract exits at first target, one runner uses selected stop mode and runner target"
1,signal_scaled_scalp:strategy=impulse_fade_3bar_1.5pt:direction=all:first_target_points=1.5:stop_points=1:runner_target_points=5:runner_stop_mode=initial,impulse_fade_3bar_1.5pt,all,1.5,1,5,initial,330,330,330,232,98,52,46,0,0,52,0.15757576,-5150,-23960,-72.60606061,164,166,"two-contract post-signal scalp: one contract exits at first target, one runner uses selected stop mode and runner target"
1,signal_scaled_scalp:strategy=impulse_fade_3bar_1.5pt:direction=all:first_target_points=1.5:stop_points=1.5:runner_target_points=2:runner_stop_mode=breakeven,impulse_fade_3bar_1.5pt,all,1.5,1.5,2,breakeven,330,330,330,218,112,88,24,0,0,112,0.33939394,-15500,-34310,-103.96969697,164,166,"two-contract post-signal scalp: one contract exits at first target, one runner uses selected stop mode and runner target"
1,signal_scaled_scalp:strategy=impulse_fade_3bar_1.5pt:direction=all:first_target_points=1.5:stop_points=1.5:runner_target_points=2:runner_stop_mode=initial,impulse_fade_3bar_1.5pt,all,1.5,1.5,2,initial,330,330,330,218,112,97,15,0,0,97,0.29393939,-15725,-34535,-104.65151515,164,166,"two-contract post-signal scalp: one contract exits at first target, one runner uses selected stop mode and runner target"
1,signal_scaled_scalp:strategy=impulse_fade_3bar_1.5pt:direction=all:first_target_points=1.5:stop_points=1.5:runner_target_points=3:runner_stop_mode=breakeven,impulse_fade_3bar_1.5pt,all,1.5,1.5,3,breakeven,330,330,330,218,112,64,48,0,0,112,0.33939394,-14700,-33510,-101.54545455,164,166,"two-contract post-signal scalp: one contract exits at first target, one runner uses selected stop mode and runner target"
1,signal_scaled_scalp:strategy=impulse_fade_3bar_1.5pt:direction=all:first_target_points=1.5:stop_points=1.5:runner_target_points=3:runner_stop_mode=initial,impulse_fade_3bar_1.5pt,all,1.5,1.5,3,initial,330,330,330,218,112,80,32,0,0,80,0.24242424,-14700,-33510,-101.54545455,164,166,"two-contract post-signal scalp: one contract exits at first target, one runner uses selected stop mode and runner target"
1,signal_scaled_scalp:strategy=impulse_fade_3bar_1.5pt:direction=all:first_target_points=1.5:stop_points=1.5:runner_target_points=5:runner_stop_mode=breakeven,impulse_fade_3bar_1.5pt,all,1.5,1.5,5,breakeven,330,330,330,218,112,52,60,0,0,112,0.33939394,-11300,-30110,-91.24242424,164,166,"two-contract post-signal scalp: one contract exits at first target, one runner uses selected stop mode and runner target"
1,signal_scaled_scalp:strategy=impulse_fade_3bar_1.5pt:direction=all:first_target_points=1.5:stop_points=1.5:runner_target_points=5:runner_stop_mode=initial,impulse_fade_3bar_1.5pt,all,1.5,1.5,5,initial,330,330,330,218,112,64,48,0,0,64,0.19393939,-11900,-30710,-93.06060606,164,166,"two-contract post-signal scalp: one contract exits at first target, one runner uses selected stop mode and runner target"
1,signal_scaled_scalp:strategy=impulse_fade_3bar_1.5pt:direction=all:first_target_points=1.5:stop_points=2:runner_target_points=2:runner_stop_mode=breakeven,impulse_fade_3bar_1.5pt,all,1.5,2,2,breakeven,330,330,330,197,133,105,28,0,0,133,0.4030303,-18925,-37735,-114.34848485,164,166,"two-contract post-signal scalp: one contract exits at first target, one runner uses selected stop mode and runner target"
1,signal_scaled_scalp:strategy=impulse_fade_3bar_1.5pt:direction=all:first_target_points=1.5:stop_points=2:runner_target_points=2:runner_stop_mode=initial,impulse_fade_3bar_1.5pt,all,1.5,2,2,initial,330,330,330,197,133,118,15,0,0,118,0.35757576,-19125,-37935,-114.95454545,164,166,"two-contract post-signal scalp: one contract exits at first target, one runner uses selected stop mode and runner target"
1,signal_scaled_scalp:strategy=impulse_fade_3bar_1.5pt:direction=all:first_target_points=1.5:stop_points=2:runner_target_points=3:runner_stop_mode=breakeven,impulse_fade_3bar_1.5pt,all,1.5,2,3,breakeven,330,330,330,197,133,75,58,0,0,133,0.4030303,-18175,-36985,-112.07575758,164,166,"two-contract post-signal scalp: one contract exits at first target, one runner uses selected stop mode and runner target"
1,signal_scaled_scalp:strategy=impulse_fade_3bar_1.5pt:direction=all:first_target_points=1.5:stop_points=2:runner_target_points=3:runner_stop_mode=initial,impulse_fade_3bar_1.5pt,all,1.5,2,3,initial,330,330,330,197,133,99,34,0,0,99,0.3,-17975,-36785,-111.46969697,164,166,"two-contract post-signal scalp: one contract exits at first target, one runner uses selected stop mode and runner target"
1,signal_scaled_scalp:strategy=impulse_fade_3bar_1.5pt:direction=all:first_target_points=1.5:stop_points=2:runner_target_points=5:runner_stop_mode=breakeven,impulse_fade_3bar_1.5pt,all,1.5,2,5,breakeven,330,330,330,197,133,60,73,0,0,133,0.4030303,-14425,-33235,-100.71212121,164,166,"two-contract post-signal scalp: one contract exits at first target, one runner uses selected stop mode and runner target"
1,signal_scaled_scalp:strategy=impulse_fade_3bar_1.5pt:direction=all:first_target_points=1.5:stop_points=2:runner_target_points=5:runner_stop_mode=initial,impulse_fade_3bar_1.5pt,all,1.5,2,5,initial,330,330,330,197,133,79,54,0,0,79,0.23939394,-15075,-33885,-102.68181818,164,166,"two-contract post-signal scalp: one contract exits at first target, one runner uses selected stop mode and runner target"
1,signal_scaled_scalp:strategy=impulse_continue_3bar_1.5pt:direction=all:first_target_points=0.5:stop_points=1:runner_target_points=1.5:runner_stop_mode=breakeven,impulse_continue_3bar_1.5pt,all,0.5,1,1.5,breakeven,323,323,323,170,153,93,60,0,0,93,0.2879257,-6200,-24611,-76.19504644,163,160,"two-contract post-signal scalp: one contract exits at first target, one runner uses selected stop mode and runner target"
1,signal_scaled_scalp:strategy=impulse_continue_3bar_1.5pt:direction=all:first_target_points=0.5:stop_points=1:runner_target_points=1.5:runner_stop_mode=initial,impulse_continue_3bar_1.5pt,all,0.5,1,1.5,initial,323,323,323,170,153,131,22,0,0,131,0.40557276,-4450,-22861,-70.77708978,163,160,"two-contract post-signal scalp: one contract exits at first target, one runner uses selected stop mode and runner target"
1,signal_scaled_scalp:strategy=impulse_continue_3bar_1.5pt:direction=all:first_target_points=0.5:stop_points=1:runner_target_points=2:runner_stop_mode=breakeven,impulse_continue_3bar_1.5pt,all,0.5,1,2,breakeven,323,323,323,170,153,73,80,0,0,73,0.22600619,-5875,-24286,-75.18885449,163,160,"two-contract post-signal scalp: one contract exits at first target, one runner uses selected stop mode and runner target"
1,signal_scaled_scalp:strategy=impulse_continue_3bar_1.5pt:direction=all:first_target_points=0.5:stop_points=1:runner_target_points=2:runner_stop_mode=initial,impulse_continue_3bar_1.5pt,all,0.5,1,2,initial,323,323,323,170,153,111,42,0,0,111,0.34365325,-4175,-22586,-69.92569659,163,160,"two-contract post-signal scalp: one contract exits at first target, one runner uses selected stop mode and runner target"
1,signal_scaled_scalp:strategy=impulse_continue_3bar_1.5pt:direction=all:first_target_points=0.5:stop_points=1:runner_target_points=3:runner_stop_mode=breakeven,impulse_continue_3bar_1.5pt,all,0.5,1,3,breakeven,323,323,323,170,153,57,96,0,0,57,0.17647059,-4625,-23036,-71.31888545,163,160,"two-contract post-signal scalp: one contract exits at first target, one runner uses selected stop mode and runner target"
1,signal_scaled_scalp:strategy=impulse_continue_3bar_1.5pt:direction=all:first_target_points=0.5:stop_points=1:runner_target_points=3:runner_stop_mode=initial,impulse_continue_3bar_1.5pt,all,0.5,1,3,initial,323,323,323,170,153,90,63,0,0,90,0.27863777,-2825,-21236,-65.74613003,163,160,"two-contract post-signal scalp: one contract exits at first target, one runner uses selected stop mode and runner target"
1,signal_scaled_scalp:strategy=impulse_continue_3bar_1.5pt:direction=all:first_target_points=0.5:stop_points=1:runner_target_points=5:runner_stop_mode=breakeven,impulse_continue_3bar_1.5pt,all,0.5,1,5,breakeven,323,323,323,170,153,39,114,0,0,39,0.12074303,-3425,-21836,-67.60371517,163,160,"two-contract post-signal scalp: one contract exits at first target, one runner uses selected stop mode and runner target"
1,signal_scaled_scalp:strategy=impulse_continue_3bar_1.5pt:direction=all:first_target_points=0.5:stop_points=1:runner_target_points=5:runner_stop_mode=initial,impulse_continue_3bar_1.5pt,all,0.5,1,5,initial,323,323,323,170,153,70,83,0,0,70,0.21671827,175,-18236,-56.45820433,163,160,"two-contract post-signal scalp: one contract exits at first target, one runner uses selected stop mode and runner target"
1,signal_scaled_scalp:strategy=impulse_continue_3bar_1.5pt:direction=all:first_target_points=0.5:stop_points=1.5:runner_target_points=1.5:runner_stop_mode=breakeven,impulse_continue_3bar_1.5pt,all,0.5,1.5,1.5,breakeven,323,323,323,148,175,98,77,0,0,98,0.30340557,-10475,-28886,-89.43034056,163,160,"two-contract post-signal scalp: one contract exits at first target, one runner uses selected stop mode and runner target"
1,signal_scaled_scalp:strategy=impulse_continue_3bar_1.5pt:direction=all:first_target_points=0.5:stop_points=1.5:runner_target_points=1.5:runner_stop_mode=initial,impulse_continue_3bar_1.5pt,all,0.5,1.5,1.5,initial,323,323,323,148,175,147,28,0,0,147,0.45510836,-8900,-27311,-84.55417957,163,160,"two-contract post-signal scalp: one contract exits at first target, one runner uses selected stop mode and runner target"
1,signal_scaled_scalp:strategy=impulse_continue_3bar_1.5pt:direction=all:first_target_points=0.5:stop_points=1.5:runner_target_points=2:runner_stop_mode=breakeven,impulse_continue_3bar_1.5pt,all,0.5,1.5,2,breakeven,323,323,323,148,175,77,98,0,0,77,0.23839009,-10125,-28536,-88.34674923,163,160,"two-contract post-signal scalp: one contract exits at first target, one runner uses selected stop mode and runner target"
1,signal_scaled_scalp:strategy=impulse_continue_3bar_1.5pt:direction=all:first_target_points=0.5:stop_points=1.5:runner_target_points=2:runner_stop_mode=initial,impulse_continue_3bar_1.5pt,all,0.5,1.5,2,initial,323,323,323,148,175,125,50,0,0,125,0.3869969,-9075,-27486,-85.09597523,163,160,"two-contract post-signal scalp: one contract exits at first target, one runner uses selected stop mode and runner target"
1,signal_scaled_scalp:strategy=impulse_continue_3bar_1.5pt:direction=all:first_target_points=0.5:stop_points=1.5:runner_target_points=3:runner_stop_mode=breakeven,impulse_continue_3bar_1.5pt,all,0.5,1.5,3,breakeven,323,323,323,148,175,60,115,0,0,60,0.18575851,-8825,-27236,-84.32198142,163,160,"two-contract post-signal scalp: one contract exits at first target, one runner uses selected stop mode and runner target"
1,signal_scaled_scalp:strategy=impulse_continue_3bar_1.5pt:direction=all:first_target_points=0.5:stop_points=1.5:runner_target_points=3:runner_stop_mode=initial,impulse_continue_3bar_1.5pt,all,0.5,1.5,3,initial,323,323,323,148,175,105,70,0,0,105,0.3250774,-7325,-25736,-79.67801858,163,160,"two-contract post-signal scalp: one contract exits at first target, one runner uses selected stop mode and runner target"
1,signal_scaled_scalp:strategy=impulse_continue_3bar_1.5pt:direction=all:first_target_points=0.5:stop_points=1.5:runner_target_points=5:runner_stop_mode=breakeven,impulse_continue_3bar_1.5pt,all,0.5,1.5,5,breakeven,323,323,323,148,175,41,134,0,0,41,0.12693498,-7575,-25986,-80.45201238,163,160,"two-contract post-signal scalp: one contract exits at first target, one runner uses selected stop mode and runner target"
1,signal_scaled_scalp:strategy=impulse_continue_3bar_1.5pt:direction=all:first_target_points=0.5:stop_points=1.5:runner_target_points=5:runner_stop_mode=initial,impulse_continue_3bar_1.5pt,all,0.5,1.5,5,initial,323,323,323,148,175,81,94,0,0,81,0.25077399,-4625,-23036,-71.31888545,163,160,"two-contract post-signal scalp: one contract exits at first target, one runner uses selected stop mode and runner target"
1,signal_scaled_scalp:strategy=impulse_continue_3bar_1.5pt:direction=all:first_target_points=0.5:stop_points=2:runner_target_points=1.5:runner_stop_mode=breakeven,impulse_continue_3bar_1.5pt,all,0.5,2,1.5,breakeven,323,323,323,129,194,101,93,0,0,101,0.3126935,-13375,-31786,-98.40866873,163,160,"two-contract post-signal scalp: one contract exits at first target, one runner uses selected stop mode and runner target"
1,signal_scaled_scalp:strategy=impulse_continue_3bar_1.5pt:direction=all:first_target_points=0.5:stop_points=2:runner_target_points=1.5:runner_stop_mode=initial,impulse_continue_3bar_1.5pt,all,0.5,2,1.5,initial,323,323,323,129,194,164,30,0,0,164,0.50773994,-11650,-30061,-93.06811146,163,160,"two-contract post-signal scalp: one contract exits at first target, one runner uses selected stop mode and runner target"
1,signal_scaled_scalp:strategy=impulse_continue_3bar_1.5pt:direction=all:first_target_points=0.5:stop_points=2:runner_target_points=2:runner_stop_mode=breakeven,impulse_continue_3bar_1.5pt,all,0.5,2,2,breakeven,323,323,323,129,194,79,115,0,0,79,0.24458204,-13050,-31461,-97.40247678,163,160,"two-contract post-signal scalp: one contract exits at first target, one runner uses selected stop mode and runner target"
1,signal_scaled_scalp:strategy=impulse_continue_3bar_1.5pt:direction=all:first_target_points=0.5:stop_points=2:runner_target_points=2:runner_stop_mode=initial,impulse_continue_3bar_1.5pt,all,0.5,2,2,initial,323,323,323,129,194,144,50,0,0,144,0.44582043,-11550,-29961,-92.75851393,163,160,"two-contract post-signal scalp: one contract exits at first target, one runner uses selected stop mode and runner target"
1,signal_scaled_scalp:strategy=impulse_continue_3bar_1.5pt:direction=all:first_target_points=0.5:stop_points=2:runner_target_points=3:runner_stop_mode=breakeven,impulse_continue_3bar_1.5pt,all,0.5,2,3,breakeven,323,323,323,129,194,61,133,0,0,61,0.18885449,-11800,-30211,-93.53250774,163,160,"two-contract post-signal scalp: one contract exits at first target, one runner uses selected stop mode and runner target"
1,signal_scaled_scalp:strategy=impulse_continue_3bar_1.5pt:direction=all:first_target_points=0.5:stop_points=2:runner_target_points=3:runner_stop_mode=initial,impulse_continue_3bar_1.5pt,all,0.5,2,3,initial,323,323,323,129,194,120,74,0,0,120,0.37151703,-10350,-28761,-89.04334365,163,160,"two-contract post-signal scalp: one contract exits at first target, one runner uses selected stop mode and runner target"
1,signal_scaled_scalp:strategy=impulse_continue_3bar_1.5pt:direction=all:first_target_points=0.5:stop_points=2:runner_target_points=5:runner_stop_mode=breakeven,impulse_continue_3bar_1.5pt,all,0.5,2,5,breakeven,323,323,323,129,194,41,153,0,0,41,0.12693498,-10700,-29111,-90.12693498,163,160,"two-contract post-signal scalp: one contract exits at first target, one runner uses selected stop mode and runner target"
1,signal_scaled_scalp:strategy=impulse_continue_3bar_1.5pt:direction=all:first_target_points=0.5:stop_points=2:runner_target_points=5:runner_stop_mode=initial,impulse_continue_3bar_1.5pt,all,0.5,2,5,initial,323,323,323,129,194,91,103,0,0,91,0.28173375,-8500,-26911,-83.31578947,163,160,"two-contract post-signal scalp: one contract exits at first target, one runner uses selected stop mode and runner target"
1,signal_scaled_scalp:strategy=impulse_continue_3bar_1.5pt:direction=all:first_target_points=1:stop_points=1:runner_target_points=1.5:runner_stop_mode=breakeven,impulse_continue_3bar_1.5pt,all,1,1,1.5,breakeven,323,323,323,177,146,107,39,0,0,107,0.33126935,-2375,-20786,-64.35294118,163,160,"two-contract post-signal scalp: one contract exits at first target, one runner uses selected stop mode and runner target"
1,signal_scaled_scalp:strategy=impulse_continue_3bar_1.5pt:direction=all:first_target_points=1:stop_points=1:runner_target_points=1.5:runner_stop_mode=initial,impulse_continue_3bar_1.5pt,all,1,1,1.5,initial,323,323,323,177,146,131,15,0,0,131,0.40557276,-1325,-19736,-61.10216718,163,160,"two-contract post-signal scalp: one contract exits at first target, one runner uses selected stop mode and runner target"
1,signal_scaled_scalp:strategy=impulse_continue_3bar_1.5pt:direction=all:first_target_points=1:stop_points=1:runner_target_points=2:runner_stop_mode=breakeven,impulse_continue_3bar_1.5pt,all,1,1,2,breakeven,323,323,323,177,146,85,61,0,0,85,0.26315789,-1900,-20311,-62.88235294,163,160,"two-contract post-signal scalp: one contract exits at first target, one runner uses selected stop mode and runner target"
1,signal_scaled_scalp:strategy=impulse_continue_3bar_1.5pt:direction=all:first_target_points=1:stop_points=1:runner_target_points=2:runner_stop_mode=initial,impulse_continue_3bar_1.5pt,all,1,1,2,initial,323,323,323,177,146,111,35,0,0,111,0.34365325,-1050,-19461,-60.25077399,163,160,"two-contract post-signal scalp: one contract exits at first target, one runner uses selected stop mode and runner target"
1,signal_scaled_scalp:strategy=impulse_continue_3bar_1.5pt:direction=all:first_target_points=1:stop_points=1:runner_target_points=3:runner_stop_mode=breakeven,impulse_continue_3bar_1.5pt,all,1,1,3,breakeven,323,323,323,177,146,65,81,0,0,65,0.20123839,-650,-19061,-59.0123839,163,160,"two-contract post-signal scalp: one contract exits at first target, one runner uses selected stop mode and runner target"
1,signal_scaled_scalp:strategy=impulse_continue_3bar_1.5pt:direction=all:first_target_points=1:stop_points=1:runner_target_points=3:runner_stop_mode=initial,impulse_continue_3bar_1.5pt,all,1,1,3,initial,323,323,323,177,146,90,56,0,0,90,0.27863777,300,-18111,-56.07120743,163,160,"two-contract post-signal scalp: one contract exits at first target, one runner uses selected stop mode and runner target"
1,signal_scaled_scalp:strategy=impulse_continue_3bar_1.5pt:direction=all:first_target_points=1:stop_points=1:runner_target_points=5:runner_stop_mode=breakeven,impulse_continue_3bar_1.5pt,all,1,1,5,breakeven,323,323,323,177,146,43,103,0,0,43,0.13312693,350,-18061,-55.91640867,163,160,"two-contract post-signal scalp: one contract exits at first target, one runner uses selected stop mode and runner target"
1,signal_scaled_scalp:strategy=impulse_continue_3bar_1.5pt:direction=all:first_target_points=1:stop_points=1:runner_target_points=5:runner_stop_mode=initial,impulse_continue_3bar_1.5pt,all,1,1,5,initial,323,323,323,177,146,70,76,0,0,70,0.21671827,3300,-15111,-46.78328173,163,160,"two-contract post-signal scalp: one contract exits at first target, one runner uses selected stop mode and runner target"
1,signal_scaled_scalp:strategy=impulse_continue_3bar_1.5pt:direction=all:first_target_points=1:stop_points=1.5:runner_target_points=1.5:runner_stop_mode=breakeven,impulse_continue_3bar_1.5pt,all,1,1.5,1.5,breakeven,323,323,323,159,164,115,49,0,0,115,0.35603715,-7025,-25436,-78.74922601,163,160,"two-contract post-signal scalp: one contract exits at first target, one runner uses selected stop mode and runner target"
1,signal_scaled_scalp:strategy=impulse_continue_3bar_1.5pt:direction=all:first_target_points=1:stop_points=1.5:runner_target_points=1.5:runner_stop_mode=initial,impulse_continue_3bar_1.5pt,all,1,1.5,1.5,initial,323,323,323,159,164,147,17,0,0,147,0.45510836,-5900,-24311,-75.26625387,163,160,"two-contract post-signal scalp: one contract exits at first target, one runner uses selected stop mode and runner target"
1,signal_scaled_scalp:strategy=impulse_continue_3bar_1.5pt:direction=all:first_target_points=1:stop_points=1.5:runner_target_points=2:runner_stop_mode=breakeven,impulse_continue_3bar_1.5pt,all,1,1.5,2,breakeven,323,323,323,159,164,90,74,0,0,90,0.27863777,-6650,-25061,-77.58823529,163,160,"two-contract post-signal scalp: one contract exits at first target, one runner uses selected stop mode and runner target"
1,signal_scaled_scalp:strategy=impulse_continue_3bar_1.5pt:direction=all:first_target_points=1:stop_points=1.5:runner_target_points=2:runner_stop_mode=initial,impulse_continue_3bar_1.5pt,all,1,1.5,2,initial,323,323,323,159,164,125,39,0,0,125,0.3869969,-6075,-24486,-75.80804954,163,160,"two-contract post-signal scalp: one contract exits at first target, one runner uses selected stop mode and runner target"
1,signal_scaled_scalp:strategy=impulse_continue_3bar_1.5pt:direction=all:first_target_points=1:stop_points=1.5:runner_target_points=3:runner_stop_mode=breakeven,impulse_continue_3bar_1.5pt,all,1,1.5,3,breakeven,323,323,323,159,164,69,95,0,0,69,0.21362229,-5300,-23711,-73.40866873,163,160,"two-contract post-signal scalp: one contract exits at first target, one runner uses selected stop mode and runner target"
1,signal_scaled_scalp:strategy=impulse_continue_3bar_1.5pt:direction=all:first_target_points=1:stop_points=1.5:runner_target_points=3:runner_stop_mode=initial,impulse_continue_3bar_1.5pt,all,1,1.5,3,initial,323,323,323,159,164,105,59,0,0,105,0.3250774,-4325,-22736,-70.39009288,163,160,"two-contract post-signal scalp: one contract exits at first target, one runner uses selected stop mode and runner target"
1,signal_scaled_scalp:strategy=impulse_continue_3bar_1.5pt:direction=all:first_target_points=1:stop_points=1.5:runner_target_points=5:runner_stop_mode=breakeven,impulse_continue_3bar_1.5pt,all,1,1.5,5,breakeven,323,323,323,159,164,45,119,0,0,45,0.13931889,-4400,-22811,-70.62229102,163,160,"two-contract post-signal scalp: one contract exits at first target, one runner uses selected stop mode and runner target"
1,signal_scaled_scalp:strategy=impulse_continue_3bar_1.5pt:direction=all:first_target_points=1:stop_points=1.5:runner_target_points=5:runner_stop_mode=initial,impulse_continue_3bar_1.5pt,all,1,1.5,5,initial,323,323,323,159,164,81,83,0,0,81,0.25077399,-1625,-20036,-62.03095975,163,160,"two-contract post-signal scalp: one contract exits at first target, one runner uses selected stop mode and runner target"
1,signal_scaled_scalp:strategy=impulse_continue_3bar_1.5pt:direction=all:first_target_points=1:stop_points=2:runner_target_points=1.5:runner_stop_mode=breakeven,impulse_continue_3bar_1.5pt,all,1,2,1.5,breakeven,323,323,323,140,183,123,60,0,0,123,0.38080495,-9625,-28036,-86.79876161,163,160,"two-contract post-signal scalp: one contract exits at first target, one runner uses selected stop mode and runner target"
1,signal_scaled_scalp:strategy=impulse_continue_3bar_1.5pt:direction=all:first_target_points=1:stop_points=2:runner_target_points=1.5:runner_stop_mode=initial,impulse_continue_3bar_1.5pt,all,1,2,1.5,initial,323,323,323,140,183,164,19,0,0,164,0.50773994,-8450,-26861,-83.16099071,163,160,"two-contract post-signal scalp: one contract exits at first target, one runner uses selected stop mode and runner target"
1,signal_scaled_scalp:strategy=impulse_continue_3bar_1.5pt:direction=all:first_target_points=1:stop_points=2:runner_target_points=2:runner_stop_mode=breakeven,impulse_continue_3bar_1.5pt,all,1,2,2,breakeven,323,323,323,140,183,95,88,0,0,95,0.29411765,-9350,-27761,-85.94736842,163,160,"two-contract post-signal scalp: one contract exits at first target, one runner uses selected stop mode and runner target"
1,signal_scaled_scalp:strategy=impulse_continue_3bar_1.5pt:direction=all:first_target_points=1:stop_points=2:runner_target_points=2:runner_stop_mode=initial,impulse_continue_3bar_1.5pt,all,1,2,2,initial,323,323,323,140,183,144,39,0,0,144,0.44582043,-8350,-26761,-82.85139319,163,160,"two-contract post-signal scalp: one contract exits at first target, one runner uses selected stop mode and runner target"
1,signal_scaled_scalp:strategy=impulse_continue_3bar_1.5pt:direction=all:first_target_points=1:stop_points=2:runner_target_points=3:runner_stop_mode=breakeven,impulse_continue_3bar_1.5pt,all,1,2,3,breakeven,323,323,323,140,183,73,110,0,0,73,0.22600619,-7900,-26311,-81.45820433,163,160,"two-contract post-signal scalp: one contract exits at first target, one runner uses selected stop mode and runner target"
1,signal_scaled_scalp:strategy=impulse_continue_3bar_1.5pt:direction=all:first_target_points=1:stop_points=2:runner_target_points=3:runner_stop_mode=initial,impulse_continue_3bar_1.5pt,all,1,2,3,initial,323,323,323,140,183,120,63,0,0,120,0.37151703,-7150,-25561,-79.13622291,163,160,"two-contract post-signal scalp: one contract exits at first target, one runner uses selected stop mode and runner target"
1,signal_scaled_scalp:strategy=impulse_continue_3bar_1.5pt:direction=all:first_target_points=1:stop_points=2:runner_target_points=5:runner_stop_mode=breakeven,impulse_continue_3bar_1.5pt,all,1,2,5,breakeven,323,323,323,140,183,46,137,0,0,46,0.14241486,-7350,-25761,-79.75541796,163,160,"two-contract post-signal scalp: one contract exits at first target, one runner uses selected stop mode and runner target"
1,signal_scaled_scalp:strategy=impulse_continue_3bar_1.5pt:direction=all:first_target_points=1:stop_points=2:runner_target_points=5:runner_stop_mode=initial,impulse_continue_3bar_1.5pt,all,1,2,5,initial,323,323,323,140,183,91,92,0,0,91,0.28173375,-5300,-23711,-73.40866873,163,160,"two-contract post-signal scalp: one contract exits at first target, one runner uses selected stop mode and runner target"
1,signal_scaled_scalp:strategy=impulse_continue_3bar_1.5pt:direction=all:first_target_points=1.5:stop_points=1:runner_target_points=2:runner_stop_mode=breakeven,impulse_continue_3bar_1.5pt,all,1.5,1,2,breakeven,323,323,323,192,131,103,28,0,0,131,0.40557276,925,-17486,-54.13622291,163,160,"two-contract post-signal scalp: one contract exits at first target, one runner uses selected stop mode and runner target"
1,signal_scaled_scalp:strategy=impulse_continue_3bar_1.5pt:direction=all:first_target_points=1.5:stop_points=1:runner_target_points=2:runner_stop_mode=initial,impulse_continue_3bar_1.5pt,all,1.5,1,2,initial,323,323,323,192,131,111,20,0,0,111,0.34365325,725,-17686,-54.75541796,163,160,"two-contract post-signal scalp: one contract exits at first target, one runner uses selected stop mode and runner target"
1,signal_scaled_scalp:strategy=impulse_continue_3bar_1.5pt:direction=all:first_target_points=1.5:stop_points=1:runner_target_points=3:runner_stop_mode=breakeven,impulse_continue_3bar_1.5pt,all,1.5,1,3,breakeven,323,323,323,192,131,78,53,0,0,131,0.40557276,2325,-16086,-49.80185759,163,160,"two-contract post-signal scalp: one contract exits at first target, one runner uses selected stop mode and runner target"
1,signal_scaled_scalp:strategy=impulse_continue_3bar_1.5pt:direction=all:first_target_points=1.5:stop_points=1:runner_target_points=3:runner_stop_mode=initial,impulse_continue_3bar_1.5pt,all,1.5,1,3,initial,323,323,323,192,131,90,41,0,0,90,0.27863777,2075,-16336,-50.57585139,163,160,"two-contract post-signal scalp: one contract exits at first target, one runner uses selected stop mode and runner target"
1,signal_scaled_scalp:strategy=impulse_continue_3bar_1.5pt:direction=all:first_target_points=1.5:stop_points=1:runner_target_points=5:runner_stop_mode=breakeven,impulse_continue_3bar_1.5pt,all,1.5,1,5,breakeven,323,323,323,192,131,51,80,0,0,131,0.40557276,3375,-15036,-46.55108359,163,160,"two-contract post-signal scalp: one contract exits at first target, one runner uses selected stop mode and runner target"
1,signal_scaled_scalp:strategy=impulse_continue_3bar_1.5pt:direction=all:first_target_points=1.5:stop_points=1:runner_target_points=5:runner_stop_mode=initial,impulse_continue_3bar_1.5pt,all,1.5,1,5,initial,323,323,323,192,131,70,61,0,0,70,0.21671827,5075,-13336,-41.2879257,163,160,"two-contract post-signal scalp: one contract exits at first target, one runner uses selected stop mode and runner target"
1,signal_scaled_scalp:strategy=impulse_continue_3bar_1.5pt:direction=all:first_target_points=1.5:stop_points=1.5:runner_target_points=2:runner_stop_mode=breakeven,impulse_continue_3bar_1.5pt,all,1.5,1.5,2,breakeven,323,323,323,176,147,114,33,0,0,147,0.45510836,-3975,-22386,-69.30650155,163,160,"two-contract post-signal scalp: one contract exits at first target, one runner uses selected stop mode and runner target"
1,signal_scaled_scalp:strategy=impulse_continue_3bar_1.5pt:direction=all:first_target_points=1.5:stop_points=1.5:runner_target_points=2:runner_stop_mode=initial,impulse_continue_3bar_1.5pt,all,1.5,1.5,2,initial,323,323,323,176,147,125,22,0,0,125,0.3869969,-4525,-22936,-71.00928793,163,160,"two-contract post-signal scalp: one contract exits at first target, one runner uses selected stop mode and runner target"
1,signal_scaled_scalp:strategy=impulse_continue_3bar_1.5pt:direction=all:first_target_points=1.5:stop_points=1.5:runner_target_points=3:runner_stop_mode=breakeven,impulse_continue_3bar_1.5pt,all,1.5,1.5,3,breakeven,323,323,323,176,147,85,62,0,0,147,0.45510836,-2625,-21036,-65.12693498,163,160,"two-contract post-signal scalp: one contract exits at first target, one runner uses selected stop mode and runner target"
1,signal_scaled_scalp:strategy=impulse_continue_3bar_1.5pt:direction=all:first_target_points=1.5:stop_points=1.5:runner_target_points=3:runner_stop_mode=initial,impulse_continue_3bar_1.5pt,all,1.5,1.5,3,initial,323,323,323,176,147,105,42,0,0,105,0.3250774,-2775,-21186,-65.59133127,163,160,"two-contract post-signal scalp: one contract exits at first target, one runner uses selected stop mode and runner target"
1,signal_scaled_scalp:strategy=impulse_continue_3bar_1.5pt:direction=all:first_target_points=1.5:stop_points=1.5:runner_target_points=5:runner_stop_mode=breakeven,impulse_continue_3bar_1.5pt,all,1.5,1.5,5,breakeven,323,323,323,176,147,55,92,0,0,147,0.45510836,-1625,-20036,-62.03095975,163,160,"two-contract post-signal scalp: one contract exits at first target, one runner uses selected stop mode and runner target"
1,signal_scaled_scalp:strategy=impulse_continue_3bar_1.5pt:direction=all:first_target_points=1.5:stop_points=1.5:runner_target_points=5:runner_stop_mode=initial,impulse_continue_3bar_1.5pt,all,1.5,1.5,5,initial,323,323,323,176,147,81,66,0,0,81,0.25077399,-75,-18486,-57.23219814,163,160,"two-contract post-signal scalp: one contract exits at first target, one runner uses selected stop mode and runner target"
1,signal_scaled_scalp:strategy=impulse_continue_3bar_1.5pt:direction=all:first_target_points=1.5:stop_points=2:runner_target_points=2:runner_stop_mode=breakeven,impulse_continue_3bar_1.5pt,all,1.5,2,2,breakeven,323,323,323,159,164,125,39,0,0,164,0.50773994,-7000,-25411,-78.67182663,163,160,"two-contract post-signal scalp: one contract exits at first target, one runner uses selected stop mode and runner target"
1,signal_scaled_scalp:strategy=impulse_continue_3bar_1.5pt:direction=all:first_target_points=1.5:stop_points=2:runner_target_points=2:runner_stop_mode=initial,impulse_continue_3bar_1.5pt,all,1.5,2,2,initial,323,323,323,159,164,144,20,0,0,144,0.44582043,-7100,-25511,-78.98142415,163,160,"two-contract post-signal scalp: one contract exits at first target, one runner uses selected stop mode and runner target"
1,signal_scaled_scalp:strategy=impulse_continue_3bar_1.5pt:direction=all:first_target_points=1.5:stop_points=2:runner_target_points=3:runner_stop_mode=breakeven,impulse_continue_3bar_1.5pt,all,1.5,2,3,breakeven,323,323,323,159,164,92,72,0,0,164,0.50773994,-5700,-24111,-74.64705882,163,160,"two-contract post-signal scalp: one contract exits at first target, one runner uses selected stop mode and runner target"
1,signal_scaled_scalp:strategy=impulse_continue_3bar_1.5pt:direction=all:first_target_points=1.5:stop_points=2:runner_target_points=3:runner_stop_mode=initial,impulse_continue_3bar_1.5pt,all,1.5,2,3,initial,323,323,323,159,164,120,44,0,0,120,0.37151703,-5900,-24311,-75.26625387,163,160,"two-contract post-signal scalp: one contract exits at first target, one runner uses selected stop mode and runner target"
1,signal_scaled_scalp:strategy=impulse_continue_3bar_1.5pt:direction=all:first_target_points=1.5:stop_points=2:runner_target_points=5:runner_stop_mode=breakeven,impulse_continue_3bar_1.5pt,all,1.5,2,5,breakeven,323,323,323,159,164,57,107,0,0,164,0.50773994,-5250,-23661,-73.25386997,163,160,"two-contract post-signal scalp: one contract exits at first target, one runner uses selected stop mode and runner target"
1,signal_scaled_scalp:strategy=impulse_continue_3bar_1.5pt:direction=all:first_target_points=1.5:stop_points=2:runner_target_points=5:runner_stop_mode=initial,impulse_continue_3bar_1.5pt,all,1.5,2,5,initial,323,323,323,159,164,91,73,0,0,91,0.28173375,-4050,-22461,-69.53869969,163,160,"two-contract post-signal scalp: one contract exits at first target, one runner uses selected stop mode and runner target"
1,signal_scaled_scalp:strategy=impulse_fade_5bar_2pt:direction=all:first_target_points=0.5:stop_points=1:runner_target_points=1.5:runner_stop_mode=breakeven,impulse_fade_5bar_2pt,all,0.5,1,1.5,breakeven,334,334,334,199,135,63,72,0,0,63,0.18862275,-11800,-30838,-92.32934132,154,180,"two-contract post-signal scalp: one contract exits at first target, one runner uses selected stop mode and runner target"
1,signal_scaled_scalp:strategy=impulse_fade_5bar_2pt:direction=all:first_target_points=0.5:stop_points=1:runner_target_points=1.5:runner_stop_mode=initial,impulse_fade_5bar_2pt,all,0.5,1,1.5,initial,334,334,334,199,135,88,47,0,0,88,0.26347305,-12275,-31313,-93.75149701,154,180,"two-contract post-signal scalp: one contract exits at first target, one runner uses selected stop mode and runner target"
1,signal_scaled_scalp:strategy=impulse_fade_5bar_2pt:direction=all:first_target_points=0.5:stop_points=1:runner_target_points=2:runner_stop_mode=breakeven,impulse_fade_5bar_2pt,all,0.5,1,2,breakeven,334,334,334,199,135,52,83,0,0,52,0.15568862,-11325,-30363,-90.90718563,154,180,"two-contract post-signal scalp: one contract exits at first target, one runner uses selected stop mode and runner target"
1,signal_scaled_scalp:strategy=impulse_fade_5bar_2pt:direction=all:first_target_points=0.5:stop_points=1:runner_target_points=2:runner_stop_mode=initial,impulse_fade_5bar_2pt,all,0.5,1,2,initial,334,334,334,199,135,80,55,0,0,80,0.23952096,-11275,-30313,-90.75748503,154,180,"two-contract post-signal scalp: one contract exits at first target, one runner uses selected stop mode and runner target"
1,signal_scaled_scalp:strategy=impulse_fade_5bar_2pt:direction=all:first_target_points=0.5:stop_points=1:runner_target_points=3:runner_stop_mode=breakeven,impulse_fade_5bar_2pt,all,0.5,1,3,breakeven,334,334,334,199,135,31,104,0,0,31,0.09281437,-11875,-30913,-92.55389222,154,180,"two-contract post-signal scalp: one contract exits at first target, one runner uses selected stop mode and runner target"
1,signal_scaled_scalp:strategy=impulse_fade_5bar_2pt:direction=all:first_target_points=0.5:stop_points=1:runner_target_points=3:runner_stop_mode=initial,impulse_fade_5bar_2pt,all,0.5,1,3,initial,334,334,334,199,135,57,78,0,0,57,0.17065868,-11875,-30913,-92.55389222,154,180,"two-contract post-signal scalp: one contract exits at first target, one runner uses selected stop mode and runner target"
1,signal_scaled_scalp:strategy=impulse_fade_5bar_2pt:direction=all:first_target_points=0.5:stop_points=1:runner_target_points=5:runner_stop_mode=breakeven,impulse_fade_5bar_2pt,all,0.5,1,5,breakeven,334,334,334,199,135,19,116,0,0,19,0.05688623,-11775,-30813,-92.25449102,154,180,"two-contract post-signal scalp: one contract exits at first target, one runner uses selected stop mode and runner target"
1,signal_scaled_scalp:strategy=impulse_fade_5bar_2pt:direction=all:first_target_points=0.5:stop_points=1:runner_target_points=5:runner_stop_mode=initial,impulse_fade_5bar_2pt,all,0.5,1,5,initial,334,334,334,199,135,37,98,0,0,37,0.11077844,-12175,-31213,-93.45209581,154,180,"two-contract post-signal scalp: one contract exits at first target, one runner uses selected stop mode and runner target"
1,signal_scaled_scalp:strategy=impulse_fade_5bar_2pt:direction=all:first_target_points=0.5:stop_points=1.5:runner_target_points=1.5:runner_stop_mode=breakeven,impulse_fade_5bar_2pt,all,0.5,1.5,1.5,breakeven,334,334,334,182,152,69,83,0,0,69,0.20658683,-18325,-37363,-111.86526946,154,180,"two-contract post-signal scalp: one contract exits at first target, one runner uses selected stop mode and runner target"
1,signal_scaled_scalp:strategy=impulse_fade_5bar_2pt:direction=all:first_target_points=0.5:stop_points=1.5:runner_target_points=1.5:runner_stop_mode=initial,impulse_fade_5bar_2pt,all,0.5,1.5,1.5,initial,334,334,334,182,152,112,40,0,0,112,0.33532934,-18100,-37138,-111.19161677,154,180,"two-contract post-signal scalp: one contract exits at first target, one runner uses selected stop mode and runner target"
1,signal_scaled_scalp:strategy=impulse_fade_5bar_2pt:direction=all:first_target_points=0.5:stop_points=1.5:runner_target_points=2:runner_stop_mode=breakeven,impulse_fade_5bar_2pt,all,0.5,1.5,2,breakeven,334,334,334,182,152,57,95,0,0,57,0.17065868,-17800,-36838,-110.29341317,154,180,"two-contract post-signal scalp: one contract exits at first target, one runner uses selected stop mode and runner target"
1,signal_scaled_scalp:strategy=impulse_fade_5bar_2pt:direction=all:first_target_points=0.5:stop_points=1.5:runner_target_points=2:runner_stop_mode=initial,impulse_fade_5bar_2pt,all,0.5,1.5,2,initial,334,334,334,182,152,104,48,0,0,104,0.31137725,-16700,-35738,-107,154,180,"two-contract post-signal scalp: one contract exits at first target, one runner uses selected stop mode and runner target"
1,signal_scaled_scalp:strategy=impulse_fade_5bar_2pt:direction=all:first_target_points=0.5:stop_points=1.5:runner_target_points=3:runner_stop_mode=breakeven,impulse_fade_5bar_2pt,all,0.5,1.5,3,breakeven,334,334,334,182,152,36,116,0,0,36,0.10778443,-18100,-37138,-111.19161677,154,180,"two-contract post-signal scalp: one contract exits at first target, one runner uses selected stop mode and runner target"
1,signal_scaled_scalp:strategy=impulse_fade_5bar_2pt:direction=all:first_target_points=0.5:stop_points=1.5:runner_target_points=3:runner_stop_mode=initial,impulse_fade_5bar_2pt,all,0.5,1.5,3,initial,334,334,334,182,152,80,72,0,0,80,0.23952096,-16900,-35938,-107.5988024,154,180,"two-contract post-signal scalp: one contract exits at first target, one runner uses selected stop mode and runner target"
1,signal_scaled_scalp:strategy=impulse_fade_5bar_2pt:direction=all:first_target_points=0.5:stop_points=1.5:runner_target_points=5:runner_stop_mode=breakeven,impulse_fade_5bar_2pt,all,0.5,1.5,5,breakeven,334,334,334,182,152,22,130,0,0,22,0.06586826,-18000,-37038,-110.89221557,154,180,"two-contract post-signal scalp: one contract exits at first target, one runner uses selected stop mode and runner target"
1,signal_scaled_scalp:strategy=impulse_fade_5bar_2pt:direction=all:first_target_points=0.5:stop_points=1.5:runner_target_points=5:runner_stop_mode=initial,impulse_fade_5bar_2pt,all,0.5,1.5,5,initial,334,334,334,182,152,56,96,0,0,56,0.16766467,-16700,-35738,-107,154,180,"two-contract post-signal scalp: one contract exits at first target, one runner uses selected stop mode and runner target"
1,signal_scaled_scalp:strategy=impulse_fade_5bar_2pt:direction=all:first_target_points=0.5:stop_points=2:runner_target_points=1.5:runner_stop_mode=breakeven,impulse_fade_5bar_2pt,all,0.5,2,1.5,breakeven,334,334,334,162,172,72,100,0,0,72,0.21556886,-22700,-41738,-124.96407186,154,180,"two-contract post-signal scalp: one contract exits at first target, one runner uses selected stop mode and runner target"
1,signal_scaled_scalp:strategy=impulse_fade_5bar_2pt:direction=all:first_target_points=0.5:stop_points=2:runner_target_points=1.5:runner_stop_mode=initial,impulse_fade_5bar_2pt,all,0.5,2,1.5,initial,334,334,334,162,172,130,42,0,0,130,0.38922156,-22550,-41588,-124.51497006,154,180,"two-contract post-signal scalp: one contract exits at first target, one runner uses selected stop mode and runner target"
1,signal_scaled_scalp:strategy=impulse_fade_5bar_2pt:direction=all:first_target_points=0.5:stop_points=2:runner_target_points=2:runner_stop_mode=breakeven,impulse_fade_5bar_2pt,all,0.5,2,2,breakeven,334,334,334,162,172,59,113,0,0,59,0.17664671,-22200,-41238,-123.46706587,154,180,"two-contract post-signal scalp: one contract exits at first target, one runner uses selected stop mode and runner target"
1,signal_scaled_scalp:strategy=impulse_fade_5bar_2pt:direction=all:first_target_points=0.5:stop_points=2:runner_target_points=2:runner_stop_mode=initial,impulse_fade_5bar_2pt,all,0.5,2,2,initial,334,334,334,162,172,120,52,0,0,120,0.35928144,-21300,-40338,-120.77245509,154,180,"two-contract post-signal scalp: one contract exits at first target, one runner uses selected stop mode and runner target"
1,signal_scaled_scalp:strategy=impulse_fade_5bar_2pt:direction=all:first_target_points=0.5:stop_points=2:runner_target_points=3:runner_stop_mode=breakeven,impulse_fade_5bar_2pt,all,0.5,2,3,breakeven,334,334,334,162,172,37,135,0,0,37,0.11077844,-22550,-41588,-124.51497006,154,180,"two-contract post-signal scalp: one contract exits at first target, one runner uses selected stop mode and runner target"
1,signal_scaled_scalp:strategy=impulse_fade_5bar_2pt:direction=all:first_target_points=0.5:stop_points=2:runner_target_points=3:runner_stop_mode=initial,impulse_fade_5bar_2pt,all,0.5,2,3,initial,334,334,334,162,172,89,82,1,0,89,0.26646707,-23037.5,-42075.5,-125.9745509,154,180,"two-contract post-signal scalp: one contract exits at first target, one runner uses selected stop mode and runner target"
1,signal_scaled_scalp:strategy=impulse_fade_5bar_2pt:direction=all:first_target_points=0.5:stop_points=2:runner_target_points=5:runner_stop_mode=breakeven,impulse_fade_5bar_2pt,all,0.5,2,5,breakeven,334,334,334,162,172,23,149,0,0,23,0.06886228,-22350,-41388,-123.91616766,154,180,"two-contract post-signal scalp: one contract exits at first target, one runner uses selected stop mode and runner target"
1,signal_scaled_scalp:strategy=impulse_fade_5bar_2pt:direction=all:first_target_points=0.5:stop_points=2:runner_target_points=5:runner_stop_mode=initial,impulse_fade_5bar_2pt,all,0.5,2,5,initial,334,334,334,162,172,63,108,1,0,63,0.18862275,-23237.5,-42275.5,-126.57335329,154,180,"two-contract post-signal scalp: one contract exits at first target, one runner uses selected stop mode and runner target"
1,signal_scaled_scalp:strategy=impulse_fade_5bar_2pt:direction=all:first_target_points=1:stop_points=1:runner_target_points=1.5:runner_stop_mode=breakeven,impulse_fade_5bar_2pt,all,1,1,1.5,breakeven,334,334,334,218,116,68,48,0,0,68,0.20359281,-10900,-29938,-89.63473054,154,180,"two-contract post-signal scalp: one contract exits at first target, one runner uses selected stop mode and runner target"
1,signal_scaled_scalp:strategy=impulse_fade_5bar_2pt:direction=all:first_target_points=1:stop_points=1:runner_target_points=1.5:runner_stop_mode=initial,impulse_fade_5bar_2pt,all,1,1,1.5,initial,334,334,334,218,116,88,28,0,0,88,0.26347305,-10800,-29838,-89.33532934,154,180,"two-contract post-signal scalp: one contract exits at first target, one runner uses selected stop mode and runner target"
1,signal_scaled_scalp:strategy=impulse_fade_5bar_2pt:direction=all:first_target_points=1:stop_points=1:runner_target_points=2:runner_stop_mode=breakeven,impulse_fade_5bar_2pt,all,1,1,2,breakeven,334,334,334,218,116,57,59,0,0,57,0.17065868,-10300,-29338,-87.83832335,154,180,"two-contract post-signal scalp: one contract exits at first target, one runner uses selected stop mode and runner target"
1,signal_scaled_scalp:strategy=impulse_fade_5bar_2pt:direction=all:first_target_points=1:stop_points=1:runner_target_points=2:runner_stop_mode=initial,impulse_fade_5bar_2pt,all,1,1,2,initial,334,334,334,218,116,80,36,0,0,80,0.23952096,-9800,-28838,-86.34131737,154,180,"two-contract post-signal scalp: one contract exits at first target, one runner uses selected stop mode and runner target"
1,signal_scaled_scalp:strategy=impulse_fade_5bar_2pt:direction=all:first_target_points=1:stop_points=1:runner_target_points=3:runner_stop_mode=breakeven,impulse_fade_5bar_2pt,all,1,1,3,breakeven,334,334,334,218,116,35,81,0,0,35,0.10479042,-10750,-29788,-89.18562874,154,180,"two-contract post-signal scalp: one contract exits at first target, one runner uses selected stop mode and runner target"
1,signal_scaled_scalp:strategy=impulse_fade_5bar_2pt:direction=all:first_target_points=1:stop_points=1:runner_target_points=3:runner_stop_mode=initial,impulse_fade_5bar_2pt,all,1,1,3,initial,334,334,334,218,116,57,59,0,0,57,0.17065868,-10400,-29438,-88.13772455,154,180,"two-contract post-signal scalp: one contract exits at first target, one runner uses selected stop mode and runner target"
1,signal_scaled_scalp:strategy=impulse_fade_5bar_2pt:direction=all:first_target_points=1:stop_points=1:runner_target_points=5:runner_stop_mode=breakeven,impulse_fade_5bar_2pt,all,1,1,5,breakeven,334,334,334,218,116,23,93,0,0,23,0.06886228,-10250,-29288,-87.68862275,154,180,"two-contract post-signal scalp: one contract exits at first target, one runner uses selected stop mode and runner target"
1,signal_scaled_scalp:strategy=impulse_fade_5bar_2pt:direction=all:first_target_points=1:stop_points=1:runner_target_points=5:runner_stop_mode=initial,impulse_fade_5bar_2pt,all,1,1,5,initial,334,334,334,218,116,37,79,0,0,37,0.11077844,-10700,-29738,-89.03592814,154,180,"two-contract post-signal scalp: one contract exits at first target, one runner uses selected stop mode and runner target"
1,signal_scaled_scalp:strategy=impulse_fade_5bar_2pt:direction=all:first_target_points=1:stop_points=1.5:runner_target_points=1.5:runner_stop_mode=breakeven,impulse_fade_5bar_2pt,all,1,1.5,1.5,breakeven,334,334,334,199,135,78,57,0,0,78,0.23353293,-17250,-36288,-108.64670659,154,180,"two-contract post-signal scalp: one contract exits at first target, one runner uses selected stop mode and runner target"
1,signal_scaled_scalp:strategy=impulse_fade_5bar_2pt:direction=all:first_target_points=1:stop_points=1.5:runner_target_points=1.5:runner_stop_mode=initial,impulse_fade_5bar_2pt,all,1,1.5,1.5,initial,334,334,334,199,135,112,23,0,0,112,0.33532934,-16425,-35463,-106.17664671,154,180,"two-contract post-signal scalp: one contract exits at first target, one runner uses selected stop mode and runner target"
1,signal_scaled_scalp:strategy=impulse_fade_5bar_2pt:direction=all:first_target_points=1:stop_points=1.5:runner_target_points=2:runner_stop_mode=breakeven,impulse_fade_5bar_2pt,all,1,1.5,2,breakeven,334,334,334,199,135,65,70,0,0,65,0.19461078,-16600,-35638,-106.7005988,154,180,"two-contract post-signal scalp: one contract exits at first target, one runner uses selected stop mode and runner target"
1,signal_scaled_scalp:strategy=impulse_fade_5bar_2pt:direction=all:first_target_points=1:stop_points=1.5:runner_target_points=2:runner_stop_mode=initial,impulse_fade_5bar_2pt,all,1,1.5,2,initial,334,334,334,199,135,104,31,0,0,104,0.31137725,-15025,-34063,-101.98502994,154,180,"two-contract post-signal scalp: one contract exits at first target, one runner uses selected stop mode and runner target"
1,signal_scaled_scalp:strategy=impulse_fade_5bar_2pt:direction=all:first_target_points=1:stop_points=1.5:runner_target_points=3:runner_stop_mode=breakeven,impulse_fade_5bar_2pt,all,1,1.5,3,breakeven,334,334,334,199,135,42,93,0,0,42,0.1257485,-16800,-35838,-107.2994012,154,180,"two-contract post-signal scalp: one contract exits at first target, one runner uses selected stop mode and runner target"
1,signal_scaled_scalp:strategy=impulse_fade_5bar_2pt:direction=all:first_target_points=1:stop_points=1.5:runner_target_points=3:runner_stop_mode=initial,impulse_fade_5bar_2pt,all,1,1.5,3,initial,334,334,334,199,135,80,55,0,0,80,0.23952096,-15225,-34263,-102.58383234,154,180,"two-contract post-signal scalp: one contract exits at first target, one runner uses selected stop mode and runner target"
1,signal_scaled_scalp:strategy=impulse_fade_5bar_2pt:direction=all:first_target_points=1:stop_points=1.5:runner_target_points=5:runner_stop_mode=breakeven,impulse_fade_5bar_2pt,all,1,1.5,5,breakeven,334,334,334,199,135,28,107,0,0,28,0.08383234,-16100,-35138,-105.20359281,154,180,"two-contract post-signal scalp: one contract exits at first target, one runner uses selected stop mode and runner target"
1,signal_scaled_scalp:strategy=impulse_fade_5bar_2pt:direction=all:first_target_points=1:stop_points=1.5:runner_target_points=5:runner_stop_mode=initial,impulse_fade_5bar_2pt,all,1,1.5,5,initial,334,334,334,199,135,56,79,0,0,56,0.16766467,-15025,-34063,-101.98502994,154,180,"two-contract post-signal scalp: one contract exits at first target, one runner uses selected stop mode and runner target"
1,signal_scaled_scalp:strategy=impulse_fade_5bar_2pt:direction=all:first_target_points=1:stop_points=2:runner_target_points=1.5:runner_stop_mode=breakeven,impulse_fade_5bar_2pt,all,1,2,1.5,breakeven,334,334,334,181,153,88,65,0,0,88,0.26347305,-21950,-40988,-122.71856287,154,180,"two-contract post-signal scalp: one contract exits at first target, one runner uses selected stop mode and runner target"
1,signal_scaled_scalp:strategy=impulse_fade_5bar_2pt:direction=all:first_target_points=1:stop_points=2:runner_target_points=1.5:runner_stop_mode=initial,impulse_fade_5bar_2pt,all,1,2,1.5,initial,334,334,334,181,153,130,23,0,0,130,0.38922156,-21100,-40138,-120.17365269,154,180,"two-contract post-signal scalp: one contract exits at first target, one runner uses selected stop mode and runner target"
1,signal_scaled_scalp:strategy=impulse_fade_5bar_2pt:direction=all:first_target_points=1:stop_points=2:runner_target_points=2:runner_stop_mode=breakeven,impulse_fade_5bar_2pt,all,1,2,2,breakeven,334,334,334,181,153,70,83,0,0,70,0.20958084,-21550,-40588,-121.52095808,154,180,"two-contract post-signal scalp: one contract exits at first target, one runner uses selected stop mode and runner target"
1,signal_scaled_scalp:strategy=impulse_fade_5bar_2pt:direction=all:first_target_points=1:stop_points=2:runner_target_points=2:runner_stop_mode=initial,impulse_fade_5bar_2pt,all,1,2,2,initial,334,334,334,181,153,120,33,0,0,120,0.35928144,-19850,-38888,-116.43113772,154,180,"two-contract post-signal scalp: one contract exits at first target, one runner uses selected stop mode and runner target"
1,signal_scaled_scalp:strategy=impulse_fade_5bar_2pt:direction=all:first_target_points=1:stop_points=2:runner_target_points=3:runner_stop_mode=breakeven,impulse_fade_5bar_2pt,all,1,2,3,breakeven,334,334,334,181,153,45,108,0,0,45,0.13473054,-21800,-40838,-122.26946108,154,180,"two-contract post-signal scalp: one contract exits at first target, one runner uses selected stop mode and runner target"
1,signal_scaled_scalp:strategy=impulse_fade_5bar_2pt:direction=all:first_target_points=1:stop_points=2:runner_target_points=3:runner_stop_mode=initial,impulse_fade_5bar_2pt,all,1,2,3,initial,334,334,334,181,153,89,63,1,0,89,0.26646707,-21587.5,-40625.5,-121.63323353,154,180,"two-contract post-signal scalp: one contract exits at first target, one runner uses selected stop mode and runner target"
1,signal_scaled_scalp:strategy=impulse_fade_5bar_2pt:direction=all:first_target_points=1:stop_points=2:runner_target_points=5:runner_stop_mode=breakeven,impulse_fade_5bar_2pt,all,1,2,5,breakeven,334,334,334,181,153,31,122,0,0,31,0.09281437,-20800,-39838,-119.2754491,154,180,"two-contract post-signal scalp: one contract exits at first target, one runner uses selected stop mode and runner target"
1,signal_scaled_scalp:strategy=impulse_fade_5bar_2pt:direction=all:first_target_points=1:stop_points=2:runner_target_points=5:runner_stop_mode=initial,impulse_fade_5bar_2pt,all,1,2,5,initial,334,334,334,181,153,63,89,1,0,63,0.18862275,-21787.5,-40825.5,-122.23203593,154,180,"two-contract post-signal scalp: one contract exits at first target, one runner uses selected stop mode and runner target"
1,signal_scaled_scalp:strategy=impulse_fade_5bar_2pt:direction=all:first_target_points=1.5:stop_points=1:runner_target_points=2:runner_stop_mode=breakeven,impulse_fade_5bar_2pt,all,1.5,1,2,breakeven,334,334,334,246,88,75,13,0,0,88,0.26347305,-10500,-29538,-88.43712575,154,180,"two-contract post-signal scalp: one contract exits at first target, one runner uses selected stop mode and runner target"
1,signal_scaled_scalp:strategy=impulse_fade_5bar_2pt:direction=all:first_target_points=1.5:stop_points=1:runner_target_points=2:runner_stop_mode=initial,impulse_fade_5bar_2pt,all,1.5,1,2,initial,334,334,334,246,88,80,8,0,0,80,0.23952096,-10400,-29438,-88.13772455,154,180,"two-contract post-signal scalp: one contract exits at first target, one runner uses selected stop mode and runner target"
1,signal_scaled_scalp:strategy=impulse_fade_5bar_2pt:direction=all:first_target_points=1.5:stop_points=1:runner_target_points=3:runner_stop_mode=breakeven,impulse_fade_5bar_2pt,all,1.5,1,3,breakeven,334,334,334,246,88,47,41,0,0,88,0.26347305,-10950,-29988,-89.78443114,154,180,"two-contract post-signal scalp: one contract exits at first target, one runner uses selected stop mode and runner target"
1,signal_scaled_scalp:strategy=impulse_fade_5bar_2pt:direction=all:first_target_points=1.5:stop_points=1:runner_target_points=3:runner_stop_mode=initial,impulse_fade_5bar_2pt,all,1.5,1,3,initial,334,334,334,246,88,57,31,0,0,57,0.17065868,-11000,-30038,-89.93413174,154,180,"two-contract post-signal scalp: one contract exits at first target, one runner uses selected stop mode and runner target"
1,signal_scaled_scalp:strategy=impulse_fade_5bar_2pt:direction=all:first_target_points=1.5:stop_points=1:runner_target_points=5:runner_stop_mode=breakeven,impulse_fade_5bar_2pt,all,1.5,1,5,breakeven,334,334,334,246,88,29,59,0,0,88,0.26347305,-10750,-29788,-89.18562874,154,180,"two-contract post-signal scalp: one contract exits at first target, one runner uses selected stop mode and runner target"
1,signal_scaled_scalp:strategy=impulse_fade_5bar_2pt:direction=all:first_target_points=1.5:stop_points=1:runner_target_points=5:runner_stop_mode=initial,impulse_fade_5bar_2pt,all,1.5,1,5,initial,334,334,334,246,88,37,51,0,0,37,0.11077844,-11300,-30338,-90.83233533,154,180,"two-contract post-signal scalp: one contract exits at first target, one runner uses selected stop mode and runner target"
1,signal_scaled_scalp:strategy=impulse_fade_5bar_2pt:direction=all:first_target_points=1.5:stop_points=1.5:runner_target_points=2:runner_stop_mode=breakeven,impulse_fade_5bar_2pt,all,1.5,1.5,2,breakeven,334,334,334,222,112,96,16,0,0,112,0.33532934,-15300,-34338,-102.80838323,154,180,"two-contract post-signal scalp: one contract exits at first target, one runner uses selected stop mode and runner target"
1,signal_scaled_scalp:strategy=impulse_fade_5bar_2pt:direction=all:first_target_points=1.5:stop_points=1.5:runner_target_points=2:runner_stop_mode=initial,impulse_fade_5bar_2pt,all,1.5,1.5,2,initial,334,334,334,222,112,104,8,0,0,104,0.31137725,-15100,-34138,-102.20958084,154,180,"two-contract post-signal scalp: one contract exits at first target, one runner uses selected stop mode and runner target"
1,signal_scaled_scalp:strategy=impulse_fade_5bar_2pt:direction=all:first_target_points=1.5:stop_points=1.5:runner_target_points=3:runner_stop_mode=breakeven,impulse_fade_5bar_2pt,all,1.5,1.5,3,breakeven,334,334,334,222,112,63,49,0,0,112,0.33532934,-15450,-34488,-103.25748503,154,180,"two-contract post-signal scalp: one contract exits at first target, one runner uses selected stop mode and runner target"
1,signal_scaled_scalp:strategy=impulse_fade_5bar_2pt:direction=all:first_target_points=1.5:stop_points=1.5:runner_target_points=3:runner_stop_mode=initial,impulse_fade_5bar_2pt,all,1.5,1.5,3,initial,334,334,334,222,112,80,32,0,0,80,0.23952096,-15300,-34338,-102.80838323,154,180,"two-contract post-signal scalp: one contract exits at first target, one runner uses selected stop mode and runner target"
1,signal_scaled_scalp:strategy=impulse_fade_5bar_2pt:direction=all:first_target_points=1.5:stop_points=1.5:runner_target_points=5:runner_stop_mode=breakeven,impulse_fade_5bar_2pt,all,1.5,1.5,5,breakeven,334,334,334,222,112,39,73,0,0,112,0.33532934,-15150,-34188,-102.35928144,154,180,"two-contract post-signal scalp: one contract exits at first target, one runner uses selected stop mode and runner target"
1,signal_scaled_scalp:strategy=impulse_fade_5bar_2pt:direction=all:first_target_points=1.5:stop_points=1.5:runner_target_points=5:runner_stop_mode=initial,impulse_fade_5bar_2pt,all,1.5,1.5,5,initial,334,334,334,222,112,56,56,0,0,56,0.16766467,-15100,-34138,-102.20958084,154,180,"two-contract post-signal scalp: one contract exits at first target, one runner uses selected stop mode and runner target"
1,signal_scaled_scalp:strategy=impulse_fade_5bar_2pt:direction=all:first_target_points=1.5:stop_points=2:runner_target_points=2:runner_stop_mode=breakeven,impulse_fade_5bar_2pt,all,1.5,2,2,breakeven,334,334,334,204,130,107,23,0,0,130,0.38922156,-20350,-39388,-117.92814371,154,180,"two-contract post-signal scalp: one contract exits at first target, one runner uses selected stop mode and runner target"
1,signal_scaled_scalp:strategy=impulse_fade_5bar_2pt:direction=all:first_target_points=1.5:stop_points=2:runner_target_points=2:runner_stop_mode=initial,impulse_fade_5bar_2pt,all,1.5,2,2,initial,334,334,334,204,130,120,10,0,0,120,0.35928144,-20050,-39088,-117.02994012,154,180,"two-contract post-signal scalp: one contract exits at first target, one runner uses selected stop mode and runner target"
1,signal_scaled_scalp:strategy=impulse_fade_5bar_2pt:direction=all:first_target_points=1.5:stop_points=2:runner_target_points=3:runner_stop_mode=breakeven,impulse_fade_5bar_2pt,all,1.5,2,3,breakeven,334,334,334,204,130,69,61,0,0,130,0.38922156,-20700,-39738,-118.9760479,154,180,"two-contract post-signal scalp: one contract exits at first target, one runner uses selected stop mode and runner target"
1,signal_scaled_scalp:strategy=impulse_fade_5bar_2pt:direction=all:first_target_points=1.5:stop_points=2:runner_target_points=3:runner_stop_mode=initial,impulse_fade_5bar_2pt,all,1.5,2,3,initial,334,334,334,204,130,89,40,1,0,89,0.26646707,-21787.5,-40825.5,-122.23203593,154,180,"two-contract post-signal scalp: one contract exits at first target, one runner uses selected stop mode and runner target"
1,signal_scaled_scalp:strategy=impulse_fade_5bar_2pt:direction=all:first_target_points=1.5:stop_points=2:runner_target_points=5:runner_stop_mode=breakeven,impulse_fade_5bar_2pt,all,1.5,2,5,breakeven,334,334,334,204,130,43,87,0,0,130,0.38922156,-20300,-39338,-117.77844311,154,180,"two-contract post-signal scalp: one contract exits at first target, one runner uses selected stop mode and runner target"
1,signal_scaled_scalp:strategy=impulse_fade_5bar_2pt:direction=all:first_target_points=1.5:stop_points=2:runner_target_points=5:runner_stop_mode=initial,impulse_fade_5bar_2pt,all,1.5,2,5,initial,334,334,334,204,130,63,66,1,0,63,0.18862275,-21987.5,-41025.5,-122.83083832,154,180,"two-contract post-signal scalp: one contract exits at first target, one runner uses selected stop mode and runner target"
1,signal_scaled_scalp:strategy=impulse_continue_5bar_2pt:direction=all:first_target_points=0.5:stop_points=1:runner_target_points=1.5:runner_stop_mode=breakeven,impulse_continue_5bar_2pt,all,0.5,1,1.5,breakeven,306,306,306,162,144,85,59,0,0,85,0.27777778,-6225,-23667,-77.34313725,160,146,"two-contract post-signal scalp: one contract exits at first target, one runner uses selected stop mode and runner target"
1,signal_scaled_scalp:strategy=impulse_continue_5bar_2pt:direction=all:first_target_points=0.5:stop_points=1:runner_target_points=1.5:runner_stop_mode=initial,impulse_continue_5bar_2pt,all,0.5,1,1.5,initial,306,306,306,162,144,110,34,0,0,110,0.35947712,-6050,-23492,-76.77124183,160,146,"two-contract post-signal scalp: one contract exits at first target, one runner uses selected stop mode and runner target"
1,signal_scaled_scalp:strategy=impulse_continue_5bar_2pt:direction=all:first_target_points=0.5:stop_points=1:runner_target_points=2:runner_stop_mode=breakeven,impulse_continue_5bar_2pt,all,0.5,1,2,breakeven,306,306,306,162,144,72,72,0,0,72,0.23529412,-5400,-22842,-74.64705882,160,146,"two-contract post-signal scalp: one contract exits at first target, one runner uses selected stop mode and runner target"
1,signal_scaled_scalp:strategy=impulse_continue_5bar_2pt:direction=all:first_target_points=0.5:stop_points=1:runner_target_points=2:runner_stop_mode=initial,impulse_continue_5bar_2pt,all,0.5,1,2,initial,306,306,306,162,144,96,48,0,0,96,0.31372549,-5400,-22842,-74.64705882,160,146,"two-contract post-signal scalp: one contract exits at first target, one runner uses selected stop mode and runner target"
1,signal_scaled_scalp:strategy=impulse_continue_5bar_2pt:direction=all:first_target_points=0.5:stop_points=1:runner_target_points=3:runner_stop_mode=breakeven,impulse_continue_5bar_2pt,all,0.5,1,3,breakeven,306,306,306,162,144,45,99,0,0,45,0.14705882,-5850,-23292,-76.11764706,160,146,"two-contract post-signal scalp: one contract exits at first target, one runner uses selected stop mode and runner target"
1,signal_scaled_scalp:strategy=impulse_continue_5bar_2pt:direction=all:first_target_points=0.5:stop_points=1:runner_target_points=3:runner_stop_mode=initial,impulse_continue_5bar_2pt,all,0.5,1,3,initial,306,306,306,162,144,72,72,0,0,72,0.23529412,-5400,-22842,-74.64705882,160,146,"two-contract post-signal scalp: one contract exits at first target, one runner uses selected stop mode and runner target"
1,signal_scaled_scalp:strategy=impulse_continue_5bar_2pt:direction=all:first_target_points=0.5:stop_points=1:runner_target_points=5:runner_stop_mode=breakeven,impulse_continue_5bar_2pt,all,0.5,1,5,breakeven,306,306,306,162,144,26,118,0,0,26,0.08496732,-6100,-23542,-76.93464052,160,146,"two-contract post-signal scalp: one contract exits at first target, one runner uses selected stop mode and runner target"
1,signal_scaled_scalp:strategy=impulse_continue_5bar_2pt:direction=all:first_target_points=0.5:stop_points=1:runner_target_points=5:runner_stop_mode=initial,impulse_continue_5bar_2pt,all,0.5,1,5,initial,306,306,306,162,144,45,99,0,0,45,0.14705882,-6300,-23742,-77.58823529,160,146,"two-contract post-signal scalp: one contract exits at first target, one runner uses selected stop mode and runner target"
1,signal_scaled_scalp:strategy=impulse_continue_5bar_2pt:direction=all:first_target_points=0.5:stop_points=1.5:runner_target_points=1.5:runner_stop_mode=breakeven,impulse_continue_5bar_2pt,all,0.5,1.5,1.5,breakeven,306,306,306,132,174,90,84,0,0,90,0.29411765,-8700,-26142,-85.43137255,160,146,"two-contract post-signal scalp: one contract exits at first target, one runner uses selected stop mode and runner target"
1,signal_scaled_scalp:strategy=impulse_continue_5bar_2pt:direction=all:first_target_points=0.5:stop_points=1.5:runner_target_points=1.5:runner_stop_mode=initial,impulse_continue_5bar_2pt,all,0.5,1.5,1.5,initial,306,306,306,132,174,134,40,0,0,134,0.4379085,-8400,-25842,-84.45098039,160,146,"two-contract post-signal scalp: one contract exits at first target, one runner uses selected stop mode and runner target"
1,signal_scaled_scalp:strategy=impulse_continue_5bar_2pt:direction=all:first_target_points=0.5:stop_points=1.5:runner_target_points=2:runner_stop_mode=breakeven,impulse_continue_5bar_2pt,all,0.5,1.5,2,breakeven,306,306,306,132,174,77,97,0,0,77,0.25163399,-7750,-25192,-82.32679739,160,146,"two-contract post-signal scalp: one contract exits at first target, one runner uses selected stop mode and runner target"
1,signal_scaled_scalp:strategy=impulse_continue_5bar_2pt:direction=all:first_target_points=0.5:stop_points=1.5:runner_target_points=2:runner_stop_mode=initial,impulse_continue_5bar_2pt,all,0.5,1.5,2,initial,306,306,306,132,174,119,55,0,0,119,0.38888889,-7675,-25117,-82.08169935,160,146,"two-contract post-signal scalp: one contract exits at first target, one runner uses selected stop mode and runner target"
1,signal_scaled_scalp:strategy=impulse_continue_5bar_2pt:direction=all:first_target_points=0.5:stop_points=1.5:runner_target_points=3:runner_stop_mode=breakeven,impulse_continue_5bar_2pt,all,0.5,1.5,3,breakeven,306,306,306,132,174,49,125,0,0,49,0.16013072,-8100,-25542,-83.47058824,160,146,"two-contract post-signal scalp: one contract exits at first target, one runner uses selected stop mode and runner target"
1,signal_scaled_scalp:strategy=impulse_continue_5bar_2pt:direction=all:first_target_points=0.5:stop_points=1.5:runner_target_points=3:runner_stop_mode=initial,impulse_continue_5bar_2pt,all,0.5,1.5,3,initial,306,306,306,132,174,97,77,0,0,97,0.31699346,-6675,-24117,-78.81372549,160,146,"two-contract post-signal scalp: one contract exits at first target, one runner uses selected stop mode and runner target"
1,signal_scaled_scalp:strategy=impulse_continue_5bar_2pt:direction=all:first_target_points=0.5:stop_points=1.5:runner_target_points=5:runner_stop_mode=breakeven,impulse_continue_5bar_2pt,all,0.5,1.5,5,breakeven,306,306,306,132,174,28,146,0,0,28,0.09150327,-8450,-25892,-84.61437908,160,146,"two-contract post-signal scalp: one contract exits at first target, one runner uses selected stop mode and runner target"
1,signal_scaled_scalp:strategy=impulse_continue_5bar_2pt:direction=all:first_target_points=0.5:stop_points=1.5:runner_target_points=5:runner_stop_mode=initial,impulse_continue_5bar_2pt,all,0.5,1.5,5,initial,306,306,306,132,174,65,109,0,0,65,0.2124183,-7375,-24817,-81.10130719,160,146,"two-contract post-signal scalp: one contract exits at first target, one runner uses selected stop mode and runner target"
1,signal_scaled_scalp:strategy=impulse_continue_5bar_2pt:direction=all:first_target_points=0.5:stop_points=2:runner_target_points=1.5:runner_stop_mode=breakeven,impulse_continue_5bar_2pt,all,0.5,2,1.5,breakeven,306,306,306,123,183,93,90,0,0,93,0.30392157,-13050,-30492,-99.64705882,160,146,"two-contract post-signal scalp: one contract exits at first target, one runner uses selected stop mode and runner target"
1,signal_scaled_scalp:strategy=impulse_continue_5bar_2pt:direction=all:first_target_points=0.5:stop_points=2:runner_target_points=1.5:runner_stop_mode=initial,impulse_continue_5bar_2pt,all,0.5,2,1.5,initial,306,306,306,123,183,143,40,0,0,143,0.46732026,-13300,-30742,-100.46405229,160,146,"two-contract post-signal scalp: one contract exits at first target, one runner uses selected stop mode and runner target"
1,signal_scaled_scalp:strategy=impulse_continue_5bar_2pt:direction=all:first_target_points=0.5:stop_points=2:runner_target_points=2:runner_stop_mode=breakeven,impulse_continue_5bar_2pt,all,0.5,2,2,breakeven,306,306,306,123,183,79,104,0,0,79,0.25816993,-12125,-29567,-96.62418301,160,146,"two-contract post-signal scalp: one contract exits at first target, one runner uses selected stop mode and runner target"
1,signal_scaled_scalp:strategy=impulse_continue_5bar_2pt:direction=all:first_target_points=0.5:stop_points=2:runner_target_points=2:runner_stop_mode=initial,impulse_continue_5bar_2pt,all,0.5,2,2,initial,306,306,306,123,183,129,54,0,0,129,0.42156863,-12525,-29967,-97.93137255,160,146,"two-contract post-signal scalp: one contract exits at first target, one runner uses selected stop mode and runner target"
1,signal_scaled_scalp:strategy=impulse_continue_5bar_2pt:direction=all:first_target_points=0.5:stop_points=2:runner_target_points=3:runner_stop_mode=breakeven,impulse_continue_5bar_2pt,all,0.5,2,3,breakeven,306,306,306,123,183,50,133,0,0,50,0.16339869,-12525,-29967,-97.93137255,160,146,"two-contract post-signal scalp: one contract exits at first target, one runner uses selected stop mode and runner target"
1,signal_scaled_scalp:strategy=impulse_continue_5bar_2pt:direction=all:first_target_points=0.5:stop_points=2:runner_target_points=3:runner_stop_mode=initial,impulse_continue_5bar_2pt,all,0.5,2,3,initial,306,306,306,123,183,106,77,0,0,106,0.34640523,-11825,-29267,-95.64379085,160,146,"two-contract post-signal scalp: one contract exits at first target, one runner uses selected stop mode and runner target"
1,signal_scaled_scalp:strategy=impulse_continue_5bar_2pt:direction=all:first_target_points=0.5:stop_points=2:runner_target_points=5:runner_stop_mode=breakeven,impulse_continue_5bar_2pt,all,0.5,2,5,breakeven,306,306,306,123,183,29,154,0,0,29,0.09477124,-12775,-30217,-98.74836601,160,146,"two-contract post-signal scalp: one contract exits at first target, one runner uses selected stop mode and runner target"
1,signal_scaled_scalp:strategy=impulse_continue_5bar_2pt:direction=all:first_target_points=0.5:stop_points=2:runner_target_points=5:runner_stop_mode=initial,impulse_continue_5bar_2pt,all,0.5,2,5,initial,306,306,306,123,183,75,108,0,0,75,0.24509804,-12075,-29517,-96.46078431,160,146,"two-contract post-signal scalp: one contract exits at first target, one runner uses selected stop mode and runner target"
1,signal_scaled_scalp:strategy=impulse_continue_5bar_2pt:direction=all:first_target_points=1:stop_points=1:runner_target_points=1.5:runner_stop_mode=breakeven,impulse_continue_5bar_2pt,all,1,1,1.5,breakeven,306,306,306,174,132,97,35,0,0,97,0.31699346,-3525,-20967,-68.51960784,160,146,"two-contract post-signal scalp: one contract exits at first target, one runner uses selected stop mode and runner target"
1,signal_scaled_scalp:strategy=impulse_continue_5bar_2pt:direction=all:first_target_points=1:stop_points=1:runner_target_points=1.5:runner_stop_mode=initial,impulse_continue_5bar_2pt,all,1,1,1.5,initial,306,306,306,174,132,110,22,0,0,110,0.35947712,-3650,-21092,-68.92810458,160,146,"two-contract post-signal scalp: one contract exits at first target, one runner uses selected stop mode and runner target"
1,signal_scaled_scalp:strategy=impulse_continue_5bar_2pt:direction=all:first_target_points=1:stop_points=1:runner_target_points=2:runner_stop_mode=breakeven,impulse_continue_5bar_2pt,all,1,1,2,breakeven,306,306,306,174,132,81,51,0,0,81,0.26470588,-2700,-20142,-65.82352941,160,146,"two-contract post-signal scalp: one contract exits at first target, one runner uses selected stop mode and runner target"
1,signal_scaled_scalp:strategy=impulse_continue_5bar_2pt:direction=all:first_target_points=1:stop_points=1:runner_target_points=2:runner_stop_mode=initial,impulse_continue_5bar_2pt,all,1,1,2,initial,306,306,306,174,132,96,36,0,0,96,0.31372549,-3000,-20442,-66.80392157,160,146,"two-contract post-signal scalp: one contract exits at first target, one runner uses selected stop mode and runner target"
1,signal_scaled_scalp:strategy=impulse_continue_5bar_2pt:direction=all:first_target_points=1:stop_points=1:runner_target_points=3:runner_stop_mode=breakeven,impulse_continue_5bar_2pt,all,1,1,3,breakeven,306,306,306,174,132,53,79,0,0,53,0.17320261,-2850,-20292,-66.31372549,160,146,"two-contract post-signal scalp: one contract exits at first target, one runner uses selected stop mode and runner target"
1,signal_scaled_scalp:strategy=impulse_continue_5bar_2pt:direction=all:first_target_points=1:stop_points=1:runner_target_points=3:runner_stop_mode=initial,impulse_continue_5bar_2pt,all,1,1,3,initial,306,306,306,174,132,72,60,0,0,72,0.23529412,-3000,-20442,-66.80392157,160,146,"two-contract post-signal scalp: one contract exits at first target, one runner uses selected stop mode and runner target"
1,signal_scaled_scalp:strategy=impulse_continue_5bar_2pt:direction=all:first_target_points=1:stop_points=1:runner_target_points=5:runner_stop_mode=breakeven,impulse_continue_5bar_2pt,all,1,1,5,breakeven,306,306,306,174,132,30,102,0,0,30,0.09803922,-3300,-20742,-67.78431373,160,146,"two-contract post-signal scalp: one contract exits at first target, one runner uses selected stop mode and runner target"
1,signal_scaled_scalp:strategy=impulse_continue_5bar_2pt:direction=all:first_target_points=1:stop_points=1:runner_target_points=5:runner_stop_mode=initial,impulse_continue_5bar_2pt,all,1,1,5,initial,306,306,306,174,132,45,87,0,0,45,0.14705882,-3900,-21342,-69.74509804,160,146,"two-contract post-signal scalp: one contract exits at first target, one runner uses selected stop mode and runner target"
1,signal_scaled_scalp:strategy=impulse_continue_5bar_2pt:direction=all:first_target_points=1:stop_points=1.5:runner_target_points=1.5:runner_stop_mode=breakeven,impulse_continue_5bar_2pt,all,1,1.5,1.5,breakeven,306,306,306,147,159,110,49,0,0,110,0.35947712,-5850,-23292,-76.11764706,160,146,"two-contract post-signal scalp: one contract exits at first target, one runner uses selected stop mode and runner target"
1,signal_scaled_scalp:strategy=impulse_continue_5bar_2pt:direction=all:first_target_points=1:stop_points=1.5:runner_target_points=1.5:runner_stop_mode=initial,impulse_continue_5bar_2pt,all,1,1.5,1.5,initial,306,306,306,147,159,134,25,0,0,134,0.4379085,-5925,-23367,-76.3627451,160,146,"two-contract post-signal scalp: one contract exits at first target, one runner uses selected stop mode and runner target"
1,signal_scaled_scalp:strategy=impulse_continue_5bar_2pt:direction=all:first_target_points=1:stop_points=1.5:runner_target_points=2:runner_stop_mode=breakeven,impulse_continue_5bar_2pt,all,1,1.5,2,breakeven,306,306,306,147,159,93,66,0,0,93,0.30392157,-4800,-22242,-72.68627451,160,146,"two-contract post-signal scalp: one contract exits at first target, one runner uses selected stop mode and runner target"
1,signal_scaled_scalp:strategy=impulse_continue_5bar_2pt:direction=all:first_target_points=1:stop_points=1.5:runner_target_points=2:runner_stop_mode=initial,impulse_continue_5bar_2pt,all,1,1.5,2,initial,306,306,306,147,159,119,40,0,0,119,0.38888889,-5200,-22642,-73.99346405,160,146,"two-contract post-signal scalp: one contract exits at first target, one runner uses selected stop mode and runner target"
1,signal_scaled_scalp:strategy=impulse_continue_5bar_2pt:direction=all:first_target_points=1:stop_points=1.5:runner_target_points=3:runner_stop_mode=breakeven,impulse_continue_5bar_2pt,all,1,1.5,3,breakeven,306,306,306,147,159,63,96,0,0,63,0.20588235,-4650,-22092,-72.19607843,160,146,"two-contract post-signal scalp: one contract exits at first target, one runner uses selected stop mode and runner target"
1,signal_scaled_scalp:strategy=impulse_continue_5bar_2pt:direction=all:first_target_points=1:stop_points=1.5:runner_target_points=3:runner_stop_mode=initial,impulse_continue_5bar_2pt,all,1,1.5,3,initial,306,306,306,147,159,97,62,0,0,97,0.31699346,-4200,-21642,-70.7254902,160,146,"two-contract post-signal scalp: one contract exits at first target, one runner uses selected stop mode and runner target"
1,signal_scaled_scalp:strategy=impulse_continue_5bar_2pt:direction=all:first_target_points=1:stop_points=1.5:runner_target_points=5:runner_stop_mode=breakeven,impulse_continue_5bar_2pt,all,1,1.5,5,breakeven,306,306,306,147,159,37,122,0,0,37,0.12091503,-4850,-22292,-72.8496732,160,146,"two-contract post-signal scalp: one contract exits at first target, one runner uses selected stop mode and runner target"
1,signal_scaled_scalp:strategy=impulse_continue_5bar_2pt:direction=all:first_target_points=1:stop_points=1.5:runner_target_points=5:runner_stop_mode=initial,impulse_continue_5bar_2pt,all,1,1.5,5,initial,306,306,306,147,159,65,94,0,0,65,0.2124183,-4900,-22342,-73.0130719,160,146,"two-contract post-signal scalp: one contract exits at first target, one runner uses selected stop mode and runner target"
1,signal_scaled_scalp:strategy=impulse_continue_5bar_2pt:direction=all:first_target_points=1:stop_points=2:runner_target_points=1.5:runner_stop_mode=breakeven,impulse_continue_5bar_2pt,all,1,2,1.5,breakeven,306,306,306,138,168,116,52,0,0,116,0.37908497,-10500,-27942,-91.31372549,160,146,"two-contract post-signal scalp: one contract exits at first target, one runner uses selected stop mode and runner target"
1,signal_scaled_scalp:strategy=impulse_continue_5bar_2pt:direction=all:first_target_points=1:stop_points=2:runner_target_points=1.5:runner_stop_mode=initial,impulse_continue_5bar_2pt,all,1,2,1.5,initial,306,306,306,138,168,143,25,0,0,143,0.46732026,-10975,-28417,-92.86601307,160,146,"two-contract post-signal scalp: one contract exits at first target, one runner uses selected stop mode and runner target"
1,signal_scaled_scalp:strategy=impulse_continue_5bar_2pt:direction=all:first_target_points=1:stop_points=2:runner_target_points=2:runner_stop_mode=breakeven,impulse_continue_5bar_2pt,all,1,2,2,breakeven,306,306,306,138,168,96,72,0,0,96,0.31372549,-9600,-27042,-88.37254902,160,146,"two-contract post-signal scalp: one contract exits at first target, one runner uses selected stop mode and runner target"
1,signal_scaled_scalp:strategy=impulse_continue_5bar_2pt:direction=all:first_target_points=1:stop_points=2:runner_target_points=2:runner_stop_mode=initial,impulse_continue_5bar_2pt,all,1,2,2,initial,306,306,306,138,168,129,39,0,0,129,0.42156863,-10200,-27642,-90.33333333,160,146,"two-contract post-signal scalp: one contract exits at first target, one runner uses selected stop mode and runner target"
1,signal_scaled_scalp:strategy=impulse_continue_5bar_2pt:direction=all:first_target_points=1:stop_points=2:runner_target_points=3:runner_stop_mode=breakeven,impulse_continue_5bar_2pt,all,1,2,3,breakeven,306,306,306,138,168,64,104,0,0,64,0.20915033,-9600,-27042,-88.37254902,160,146,"two-contract post-signal scalp: one contract exits at first target, one runner uses selected stop mode and runner target"
1,signal_scaled_scalp:strategy=impulse_continue_5bar_2pt:direction=all:first_target_points=1:stop_points=2:runner_target_points=3:runner_stop_mode=initial,impulse_continue_5bar_2pt,all,1,2,3,initial,306,306,306,138,168,106,62,0,0,106,0.34640523,-9500,-26942,-88.04575163,160,146,"two-contract post-signal scalp: one contract exits at first target, one runner uses selected stop mode and runner target"
1,signal_scaled_scalp:strategy=impulse_continue_5bar_2pt:direction=all:first_target_points=1:stop_points=2:runner_target_points=5:runner_stop_mode=breakeven,impulse_continue_5bar_2pt,all,1,2,5,breakeven,306,306,306,138,168,38,130,0,0,38,0.12418301,-9700,-27142,-88.69934641,160,146,"two-contract post-signal scalp: one contract exits at first target, one runner uses selected stop mode and runner target"
1,signal_scaled_scalp:strategy=impulse_continue_5bar_2pt:direction=all:first_target_points=1:stop_points=2:runner_target_points=5:runner_stop_mode=initial,impulse_continue_5bar_2pt,all,1,2,5,initial,306,306,306,138,168,75,93,0,0,75,0.24509804,-9750,-27192,-88.8627451,160,146,"two-contract post-signal scalp: one contract exits at first target, one runner uses selected stop mode and runner target"
1,signal_scaled_scalp:strategy=impulse_continue_5bar_2pt:direction=all:first_target_points=1.5:stop_points=1:runner_target_points=2:runner_stop_mode=breakeven,impulse_continue_5bar_2pt,all,1.5,1,2,breakeven,306,306,306,196,110,89,21,0,0,110,0.35947712,-2450,-19892,-65.00653595,160,146,"two-contract post-signal scalp: one contract exits at first target, one runner uses selected stop mode and runner target"
1,signal_scaled_scalp:strategy=impulse_continue_5bar_2pt:direction=all:first_target_points=1.5:stop_points=1:runner_target_points=2:runner_stop_mode=initial,impulse_continue_5bar_2pt,all,1.5,1,2,initial,306,306,306,196,110,96,14,0,0,96,0.31372549,-2450,-19892,-65.00653595,160,146,"two-contract post-signal scalp: one contract exits at first target, one runner uses selected stop mode and runner target"
1,signal_scaled_scalp:strategy=impulse_continue_5bar_2pt:direction=all:first_target_points=1.5:stop_points=1:runner_target_points=3:runner_stop_mode=breakeven,impulse_continue_5bar_2pt,all,1.5,1,3,breakeven,306,306,306,196,110,61,49,0,0,110,0.35947712,-2200,-19642,-64.18954248,160,146,"two-contract post-signal scalp: one contract exits at first target, one runner uses selected stop mode and runner target"
1,signal_scaled_scalp:strategy=impulse_continue_5bar_2pt:direction=all:first_target_points=1.5:stop_points=1:runner_target_points=3:runner_stop_mode=initial,impulse_continue_5bar_2pt,all,1.5,1,3,initial,306,306,306,196,110,72,38,0,0,72,0.23529412,-2450,-19892,-65.00653595,160,146,"two-contract post-signal scalp: one contract exits at first target, one runner uses selected stop mode and runner target"
1,signal_scaled_scalp:strategy=impulse_continue_5bar_2pt:direction=all:first_target_points=1.5:stop_points=1:runner_target_points=5:runner_stop_mode=breakeven,impulse_continue_5bar_2pt,all,1.5,1,5,breakeven,306,306,306,196,110,34,76,0,0,110,0.35947712,-2850,-20292,-66.31372549,160,146,"two-contract post-signal scalp: one contract exits at first target, one runner uses selected stop mode and runner target"
1,signal_scaled_scalp:strategy=impulse_continue_5bar_2pt:direction=all:first_target_points=1.5:stop_points=1:runner_target_points=5:runner_stop_mode=initial,impulse_continue_5bar_2pt,all,1.5,1,5,initial,306,306,306,196,110,45,65,0,0,45,0.14705882,-3350,-20792,-67.94771242,160,146,"two-contract post-signal scalp: one contract exits at first target, one runner uses selected stop mode and runner target"
1,signal_scaled_scalp:strategy=impulse_continue_5bar_2pt:direction=all:first_target_points=1.5:stop_points=1.5:runner_target_points=2:runner_stop_mode=breakeven,impulse_continue_5bar_2pt,all,1.5,1.5,2,breakeven,306,306,306,172,134,111,23,0,0,134,0.4379085,-4650,-22092,-72.19607843,160,146,"two-contract post-signal scalp: one contract exits at first target, one runner uses selected stop mode and runner target"
1,signal_scaled_scalp:strategy=impulse_continue_5bar_2pt:direction=all:first_target_points=1.5:stop_points=1.5:runner_target_points=2:runner_stop_mode=initial,impulse_continue_5bar_2pt,all,1.5,1.5,2,initial,306,306,306,172,134,119,15,0,0,119,0.38888889,-4975,-22417,-73.25816993,160,146,"two-contract post-signal scalp: one contract exits at first target, one runner uses selected stop mode and runner target"
1,signal_scaled_scalp:strategy=impulse_continue_5bar_2pt:direction=all:first_target_points=1.5:stop_points=1.5:runner_target_points=3:runner_stop_mode=breakeven,impulse_continue_5bar_2pt,all,1.5,1.5,3,breakeven,306,306,306,172,134,77,57,0,0,134,0.4379085,-4200,-21642,-70.7254902,160,146,"two-contract post-signal scalp: one contract exits at first target, one runner uses selected stop mode and runner target"
1,signal_scaled_scalp:strategy=impulse_continue_5bar_2pt:direction=all:first_target_points=1.5:stop_points=1.5:runner_target_points=3:runner_stop_mode=initial,impulse_continue_5bar_2pt,all,1.5,1.5,3,initial,306,306,306,172,134,97,37,0,0,97,0.31699346,-3975,-21417,-69.99019608,160,146,"two-contract post-signal scalp: one contract exits at first target, one runner uses selected stop mode and runner target"
1,signal_scaled_scalp:strategy=impulse_continue_5bar_2pt:direction=all:first_target_points=1.5:stop_points=1.5:runner_target_points=5:runner_stop_mode=breakeven,impulse_continue_5bar_2pt,all,1.5,1.5,5,breakeven,306,306,306,172,134,43,91,0,0,134,0.4379085,-5000,-22442,-73.33986928,160,146,"two-contract post-signal scalp: one contract exits at first target, one runner uses selected stop mode and runner target"
1,signal_scaled_scalp:strategy=impulse_continue_5bar_2pt:direction=all:first_target_points=1.5:stop_points=1.5:runner_target_points=5:runner_stop_mode=initial,impulse_continue_5bar_2pt,all,1.5,1.5,5,initial,306,306,306,172,134,65,69,0,0,65,0.2124183,-4675,-22117,-72.27777778,160,146,"two-contract post-signal scalp: one contract exits at first target, one runner uses selected stop mode and runner target"
1,signal_scaled_scalp:strategy=impulse_continue_5bar_2pt:direction=all:first_target_points=1.5:stop_points=2:runner_target_points=2:runner_stop_mode=breakeven,impulse_continue_5bar_2pt,all,1.5,2,2,breakeven,306,306,306,163,143,117,26,0,0,143,0.46732026,-10175,-27617,-90.25163399,160,146,"two-contract post-signal scalp: one contract exits at first target, one runner uses selected stop mode and runner target"
1,signal_scaled_scalp:strategy=impulse_continue_5bar_2pt:direction=all:first_target_points=1.5:stop_points=2:runner_target_points=2:runner_stop_mode=initial,impulse_continue_5bar_2pt,all,1.5,2,2,initial,306,306,306,163,143,129,14,0,0,129,0.42156863,-10375,-27817,-90.90522876,160,146,"two-contract post-signal scalp: one contract exits at first target, one runner uses selected stop mode and runner target"
1,signal_scaled_scalp:strategy=impulse_continue_5bar_2pt:direction=all:first_target_points=1.5:stop_points=2:runner_target_points=3:runner_stop_mode=breakeven,impulse_continue_5bar_2pt,all,1.5,2,3,breakeven,306,306,306,163,143,81,62,0,0,143,0.46732026,-9725,-27167,-88.78104575,160,146,"two-contract post-signal scalp: one contract exits at first target, one runner uses selected stop mode and runner target"
1,signal_scaled_scalp:strategy=impulse_continue_5bar_2pt:direction=all:first_target_points=1.5:stop_points=2:runner_target_points=3:runner_stop_mode=initial,impulse_continue_5bar_2pt,all,1.5,2,3,initial,306,306,306,163,143,106,37,0,0,106,0.34640523,-9675,-27117,-88.61764706,160,146,"two-contract post-signal scalp: one contract exits at first target, one runner uses selected stop mode and runner target"
1,signal_scaled_scalp:strategy=impulse_continue_5bar_2pt:direction=all:first_target_points=1.5:stop_points=2:runner_target_points=5:runner_stop_mode=breakeven,impulse_continue_5bar_2pt,all,1.5,2,5,breakeven,306,306,306,163,143,45,98,0,0,143,0.46732026,-10625,-28067,-91.72222222,160,146,"two-contract post-signal scalp: one contract exits at first target, one runner uses selected stop mode and runner target"
1,signal_scaled_scalp:strategy=impulse_continue_5bar_2pt:direction=all:first_target_points=1.5:stop_points=2:runner_target_points=5:runner_stop_mode=initial,impulse_continue_5bar_2pt,all,1.5,2,5,initial,306,306,306,163,143,75,68,0,0,75,0.24509804,-9925,-27367,-89.43464052,160,146,"two-contract post-signal scalp: one contract exits at first target, one runner uses selected stop mode and runner target"
1,signal_scaled_scalp:strategy=impulse_fade_10bar_3pt:direction=all:first_target_points=0.5:stop_points=1:runner_target_points=1.5:runner_stop_mode=breakeven,impulse_fade_10bar_3pt,all,0.5,1,1.5,breakeven,322,322,322,169,153,78,75,0,0,78,0.24223602,-7225,-25579,-79.4378882,164,158,"two-contract post-signal scalp: one contract exits at first target, one runner uses selected stop mode and runner target"
1,signal_scaled_scalp:strategy=impulse_fade_10bar_3pt:direction=all:first_target_points=0.5:stop_points=1:runner_target_points=1.5:runner_stop_mode=initial,impulse_fade_10bar_3pt,all,0.5,1,1.5,initial,322,322,322,169,153,110,43,0,0,110,0.34161491,-6975,-25329,-78.66149068,164,158,"two-contract post-signal scalp: one contract exits at first target, one runner uses selected stop mode and runner target"
1,signal_scaled_scalp:strategy=impulse_fade_10bar_3pt:direction=all:first_target_points=0.5:stop_points=1:runner_target_points=2:runner_stop_mode=breakeven,impulse_fade_10bar_3pt,all,0.5,1,2,breakeven,322,322,322,169,153,67,86,0,0,67,0.20807453,-6375,-24729,-76.79813665,164,158,"two-contract post-signal scalp: one contract exits at first target, one runner uses selected stop mode and runner target"
1,signal_scaled_scalp:strategy=impulse_fade_10bar_3pt:direction=all:first_target_points=0.5:stop_points=1:runner_target_points=2:runner_stop_mode=initial,impulse_fade_10bar_3pt,all,0.5,1,2,initial,322,322,322,169,153,94,59,0,0,94,0.29192547,-6625,-24979,-77.57453416,164,158,"two-contract post-signal scalp: one contract exits at first target, one runner uses selected stop mode and runner target"
1,signal_scaled_scalp:strategy=impulse_fade_10bar_3pt:direction=all:first_target_points=0.5:stop_points=1:runner_target_points=3:runner_stop_mode=breakeven,impulse_fade_10bar_3pt,all,0.5,1,3,breakeven,322,322,322,169,153,43,110,0,0,43,0.13354037,-6625,-24979,-77.57453416,164,158,"two-contract post-signal scalp: one contract exits at first target, one runner uses selected stop mode and runner target"
1,signal_scaled_scalp:strategy=impulse_fade_10bar_3pt:direction=all:first_target_points=0.5:stop_points=1:runner_target_points=3:runner_stop_mode=initial,impulse_fade_10bar_3pt,all,0.5,1,3,initial,322,322,322,169,153,68,85,0,0,68,0.21118012,-7125,-25479,-79.12732919,164,158,"two-contract post-signal scalp: one contract exits at first target, one runner uses selected stop mode and runner target"
1,signal_scaled_scalp:strategy=impulse_fade_10bar_3pt:direction=all:first_target_points=0.5:stop_points=1:runner_target_points=5:runner_stop_mode=breakeven,impulse_fade_10bar_3pt,all,0.5,1,5,breakeven,322,322,322,169,153,24,129,0,0,24,0.07453416,-7075,-25429,-78.97204969,164,158,"two-contract post-signal scalp: one contract exits at first target, one runner uses selected stop mode and runner target"
1,signal_scaled_scalp:strategy=impulse_fade_10bar_3pt:direction=all:first_target_points=0.5:stop_points=1:runner_target_points=5:runner_stop_mode=initial,impulse_fade_10bar_3pt,all,0.5,1,5,initial,322,322,322,169,153,43,110,0,0,43,0.13354037,-7825,-26179,-81.30124224,164,158,"two-contract post-signal scalp: one contract exits at first target, one runner uses selected stop mode and runner target"
1,signal_scaled_scalp:strategy=impulse_fade_10bar_3pt:direction=all:first_target_points=0.5:stop_points=1.5:runner_target_points=1.5:runner_stop_mode=breakeven,impulse_fade_10bar_3pt,all,0.5,1.5,1.5,breakeven,322,322,322,143,179,87,92,0,0,87,0.27018634,-10450,-28804,-89.45341615,164,158,"two-contract post-signal scalp: one contract exits at first target, one runner uses selected stop mode and runner target"
1,signal_scaled_scalp:strategy=impulse_fade_10bar_3pt:direction=all:first_target_points=0.5:stop_points=1.5:runner_target_points=1.5:runner_stop_mode=initial,impulse_fade_10bar_3pt,all,0.5,1.5,1.5,initial,322,322,322,143,179,137,42,0,0,137,0.42546584,-9850,-28204,-87.59006211,164,158,"two-contract post-signal scalp: one contract exits at first target, one runner uses selected stop mode and runner target"
1,signal_scaled_scalp:strategy=impulse_fade_10bar_3pt:direction=all:first_target_points=0.5:stop_points=1.5:runner_target_points=2:runner_stop_mode=breakeven,impulse_fade_10bar_3pt,all,0.5,1.5,2,breakeven,322,322,322,143,179,72,107,0,0,72,0.22360248,-9775,-28129,-87.35714286,164,158,"two-contract post-signal scalp: one contract exits at first target, one runner uses selected stop mode and runner target"
1,signal_scaled_scalp:strategy=impulse_fade_10bar_3pt:direction=all:first_target_points=0.5:stop_points=1.5:runner_target_points=2:runner_stop_mode=initial,impulse_fade_10bar_3pt,all,0.5,1.5,2,initial,322,322,322,143,179,118,61,0,0,118,0.36645963,-9750,-28104,-87.27950311,164,158,"two-contract post-signal scalp: one contract exits at first target, one runner uses selected stop mode and runner target"
1,signal_scaled_scalp:strategy=impulse_fade_10bar_3pt:direction=all:first_target_points=0.5:stop_points=1.5:runner_target_points=3:runner_stop_mode=breakeven,impulse_fade_10bar_3pt,all,0.5,1.5,3,breakeven,322,322,322,143,179,47,132,0,0,47,0.14596273,-9925,-28279,-87.82298137,164,158,"two-contract post-signal scalp: one contract exits at first target, one runner uses selected stop mode and runner target"
1,signal_scaled_scalp:strategy=impulse_fade_10bar_3pt:direction=all:first_target_points=0.5:stop_points=1.5:runner_target_points=3:runner_stop_mode=initial,impulse_fade_10bar_3pt,all,0.5,1.5,3,initial,322,322,322,143,179,89,90,0,0,89,0.27639752,-10375,-28729,-89.22049689,164,158,"two-contract post-signal scalp: one contract exits at first target, one runner uses selected stop mode and runner target"
1,signal_scaled_scalp:strategy=impulse_fade_10bar_3pt:direction=all:first_target_points=0.5:stop_points=1.5:runner_target_points=5:runner_stop_mode=breakeven,impulse_fade_10bar_3pt,all,0.5,1.5,5,breakeven,322,322,322,143,179,27,152,0,0,27,0.08385093,-10225,-28579,-88.75465839,164,158,"two-contract post-signal scalp: one contract exits at first target, one runner uses selected stop mode and runner target"
1,signal_scaled_scalp:strategy=impulse_fade_10bar_3pt:direction=all:first_target_points=0.5:stop_points=1.5:runner_target_points=5:runner_stop_mode=initial,impulse_fade_10bar_3pt,all,0.5,1.5,5,initial,322,322,322,143,179,61,118,0,0,61,0.18944099,-10575,-28929,-89.84161491,164,158,"two-contract post-signal scalp: one contract exits at first target, one runner uses selected stop mode and runner target"
1,signal_scaled_scalp:strategy=impulse_fade_10bar_3pt:direction=all:first_target_points=0.5:stop_points=2:runner_target_points=1.5:runner_stop_mode=breakeven,impulse_fade_10bar_3pt,all,0.5,2,1.5,breakeven,322,322,322,131,191,90,101,0,0,90,0.27950311,-14675,-33029,-102.57453416,164,158,"two-contract post-signal scalp: one contract exits at first target, one runner uses selected stop mode and runner target"
1,signal_scaled_scalp:strategy=impulse_fade_10bar_3pt:direction=all:first_target_points=0.5:stop_points=2:runner_target_points=1.5:runner_stop_mode=initial,impulse_fade_10bar_3pt,all,0.5,2,1.5,initial,322,322,322,131,191,157,34,0,0,157,0.48757764,-13050,-31404,-97.52795031,164,158,"two-contract post-signal scalp: one contract exits at first target, one runner uses selected stop mode and runner target"
1,signal_scaled_scalp:strategy=impulse_fade_10bar_3pt:direction=all:first_target_points=0.5:stop_points=2:runner_target_points=2:runner_stop_mode=breakeven,impulse_fade_10bar_3pt,all,0.5,2,2,breakeven,322,322,322,131,191,75,116,0,0,75,0.23291925,-13925,-32279,-100.24534161,164,158,"two-contract post-signal scalp: one contract exits at first target, one runner uses selected stop mode and runner target"
1,signal_scaled_scalp:strategy=impulse_fade_10bar_3pt:direction=all:first_target_points=0.5:stop_points=2:runner_target_points=2:runner_stop_mode=initial,impulse_fade_10bar_3pt,all,0.5,2,2,initial,322,322,322,131,191,135,56,0,0,135,0.41925466,-13525,-31879,-99.00310559,164,158,"two-contract post-signal scalp: one contract exits at first target, one runner uses selected stop mode and runner target"
1,signal_scaled_scalp:strategy=impulse_fade_10bar_3pt:direction=all:first_target_points=0.5:stop_points=2:runner_target_points=3:runner_stop_mode=breakeven,impulse_fade_10bar_3pt,all,0.5,2,3,breakeven,322,322,322,131,191,49,142,0,0,49,0.15217391,-14075,-32429,-100.71118012,164,158,"two-contract post-signal scalp: one contract exits at first target, one runner uses selected stop mode and runner target"
1,signal_scaled_scalp:strategy=impulse_fade_10bar_3pt:direction=all:first_target_points=0.5:stop_points=2:runner_target_points=3:runner_stop_mode=initial,impulse_fade_10bar_3pt,all,0.5,2,3,initial,322,322,322,131,191,106,84,1,0,106,0.32919255,-13900,-32254,-100.16770186,164,158,"two-contract post-signal scalp: one contract exits at first target, one runner uses selected stop mode and runner target"
1,signal_scaled_scalp:strategy=impulse_fade_10bar_3pt:direction=all:first_target_points=0.5:stop_points=2:runner_target_points=5:runner_stop_mode=breakeven,impulse_fade_10bar_3pt,all,0.5,2,5,breakeven,322,322,322,131,191,28,163,0,0,28,0.08695652,-14425,-32779,-101.79813665,164,158,"two-contract post-signal scalp: one contract exits at first target, one runner uses selected stop mode and runner target"
1,signal_scaled_scalp:strategy=impulse_fade_10bar_3pt:direction=all:first_target_points=0.5:stop_points=2:runner_target_points=5:runner_stop_mode=initial,impulse_fade_10bar_3pt,all,0.5,2,5,initial,322,322,322,131,191,74,116,1,0,74,0.22981366,-14500,-32854,-102.0310559,164,158,"two-contract post-signal scalp: one contract exits at first target, one runner uses selected stop mode and runner target"
1,signal_scaled_scalp:strategy=impulse_fade_10bar_3pt:direction=all:first_target_points=1:stop_points=1:runner_target_points=1.5:runner_stop_mode=breakeven,impulse_fade_10bar_3pt,all,1,1,1.5,breakeven,322,322,322,186,136,87,49,0,0,87,0.27018634,-5275,-23629,-73.38198758,164,158,"two-contract post-signal scalp: one contract exits at first target, one runner uses selected stop mode and runner target"
1,signal_scaled_scalp:strategy=impulse_fade_10bar_3pt:direction=all:first_target_points=1:stop_points=1:runner_target_points=1.5:runner_stop_mode=initial,impulse_fade_10bar_3pt,all,1,1,1.5,initial,322,322,322,186,136,110,26,0,0,110,0.34161491,-4850,-23204,-72.0621118,164,158,"two-contract post-signal scalp: one contract exits at first target, one runner uses selected stop mode and runner target"
1,signal_scaled_scalp:strategy=impulse_fade_10bar_3pt:direction=all:first_target_points=1:stop_points=1:runner_target_points=2:runner_stop_mode=breakeven,impulse_fade_10bar_3pt,all,1,1,2,breakeven,322,322,322,186,136,71,65,0,0,71,0.22049689,-4700,-23054,-71.59627329,164,158,"two-contract post-signal scalp: one contract exits at first target, one runner uses selected stop mode and runner target"
1,signal_scaled_scalp:strategy=impulse_fade_10bar_3pt:direction=all:first_target_points=1:stop_points=1:runner_target_points=2:runner_stop_mode=initial,impulse_fade_10bar_3pt,all,1,1,2,initial,322,322,322,186,136,94,42,0,0,94,0.29192547,-4500,-22854,-70.97515528,164,158,"two-contract post-signal scalp: one contract exits at first target, one runner uses selected stop mode and runner target"
1,signal_scaled_scalp:strategy=impulse_fade_10bar_3pt:direction=all:first_target_points=1:stop_points=1:runner_target_points=3:runner_stop_mode=breakeven,impulse_fade_10bar_3pt,all,1,1,3,breakeven,322,322,322,186,136,45,91,0,0,45,0.13975155,-5050,-23404,-72.68322981,164,158,"two-contract post-signal scalp: one contract exits at first target, one runner uses selected stop mode and runner target"
1,signal_scaled_scalp:strategy=impulse_fade_10bar_3pt:direction=all:first_target_points=1:stop_points=1:runner_target_points=3:runner_stop_mode=initial,impulse_fade_10bar_3pt,all,1,1,3,initial,322,322,322,186,136,68,68,0,0,68,0.21118012,-5000,-23354,-72.52795031,164,158,"two-contract post-signal scalp: one contract exits at first target, one runner uses selected stop mode and runner target"
1,signal_scaled_scalp:strategy=impulse_fade_10bar_3pt:direction=all:first_target_points=1:stop_points=1:runner_target_points=5:runner_stop_mode=breakeven,impulse_fade_10bar_3pt,all,1,1,5,breakeven,322,322,322,186,136,25,111,0,0,25,0.07763975,-5550,-23904,-74.23602484,164,158,"two-contract post-signal scalp: one contract exits at first target, one runner uses selected stop mode and runner target"
1,signal_scaled_scalp:strategy=impulse_fade_10bar_3pt:direction=all:first_target_points=1:stop_points=1:runner_target_points=5:runner_stop_mode=initial,impulse_fade_10bar_3pt,all,1,1,5,initial,322,322,322,186,136,43,93,0,0,43,0.13354037,-5700,-24054,-74.70186335,164,158,"two-contract post-signal scalp: one contract exits at first target, one runner uses selected stop mode and runner target"
1,signal_scaled_scalp:strategy=impulse_fade_10bar_3pt:direction=all:first_target_points=1:stop_points=1.5:runner_target_points=1.5:runner_stop_mode=breakeven,impulse_fade_10bar_3pt,all,1,1.5,1.5,breakeven,322,322,322,160,162,101,61,0,0,101,0.3136646,-8325,-26679,-82.85403727,164,158,"two-contract post-signal scalp: one contract exits at first target, one runner uses selected stop mode and runner target"
1,signal_scaled_scalp:strategy=impulse_fade_10bar_3pt:direction=all:first_target_points=1:stop_points=1.5:runner_target_points=1.5:runner_stop_mode=initial,impulse_fade_10bar_3pt,all,1,1.5,1.5,initial,322,322,322,160,162,137,25,0,0,137,0.42546584,-7500,-25854,-80.29192547,164,158,"two-contract post-signal scalp: one contract exits at first target, one runner uses selected stop mode and runner target"
1,signal_scaled_scalp:strategy=impulse_fade_10bar_3pt:direction=all:first_target_points=1:stop_points=1.5:runner_target_points=2:runner_stop_mode=breakeven,impulse_fade_10bar_3pt,all,1,1.5,2,breakeven,322,322,322,160,162,80,82,0,0,80,0.2484472,-7900,-26254,-81.53416149,164,158,"two-contract post-signal scalp: one contract exits at first target, one runner uses selected stop mode and runner target"
1,signal_scaled_scalp:strategy=impulse_fade_10bar_3pt:direction=all:first_target_points=1:stop_points=1.5:runner_target_points=2:runner_stop_mode=initial,impulse_fade_10bar_3pt,all,1,1.5,2,initial,322,322,322,160,162,118,44,0,0,118,0.36645963,-7400,-25754,-79.98136646,164,158,"two-contract post-signal scalp: one contract exits at first target, one runner uses selected stop mode and runner target"
1,signal_scaled_scalp:strategy=impulse_fade_10bar_3pt:direction=all:first_target_points=1:stop_points=1.5:runner_target_points=3:runner_stop_mode=breakeven,impulse_fade_10bar_3pt,all,1,1.5,3,breakeven,322,322,322,160,162,51,111,0,0,51,0.15838509,-8250,-26604,-82.62111801,164,158,"two-contract post-signal scalp: one contract exits at first target, one runner uses selected stop mode and runner target"
1,signal_scaled_scalp:strategy=impulse_fade_10bar_3pt:direction=all:first_target_points=1:stop_points=1.5:runner_target_points=3:runner_stop_mode=initial,impulse_fade_10bar_3pt,all,1,1.5,3,initial,322,322,322,160,162,89,73,0,0,89,0.27639752,-8025,-26379,-81.92236025,164,158,"two-contract post-signal scalp: one contract exits at first target, one runner uses selected stop mode and runner target"
1,signal_scaled_scalp:strategy=impulse_fade_10bar_3pt:direction=all:first_target_points=1:stop_points=1.5:runner_target_points=5:runner_stop_mode=breakeven,impulse_fade_10bar_3pt,all,1,1.5,5,breakeven,322,322,322,160,162,29,133,0,0,29,0.09006211,-8650,-27004,-83.86335404,164,158,"two-contract post-signal scalp: one contract exits at first target, one runner uses selected stop mode and runner target"
1,signal_scaled_scalp:strategy=impulse_fade_10bar_3pt:direction=all:first_target_points=1:stop_points=1.5:runner_target_points=5:runner_stop_mode=initial,impulse_fade_10bar_3pt,all,1,1.5,5,initial,322,322,322,160,162,61,101,0,0,61,0.18944099,-8225,-26579,-82.54347826,164,158,"two-contract post-signal scalp: one contract exits at first target, one runner uses selected stop mode and runner target"
1,signal_scaled_scalp:strategy=impulse_fade_10bar_3pt:direction=all:first_target_points=1:stop_points=2:runner_target_points=1.5:runner_stop_mode=breakeven,impulse_fade_10bar_3pt,all,1,2,1.5,breakeven,322,322,322,143,179,115,64,0,0,115,0.35714286,-11025,-29379,-91.23913043,164,158,"two-contract post-signal scalp: one contract exits at first target, one runner uses selected stop mode and runner target"
1,signal_scaled_scalp:strategy=impulse_fade_10bar_3pt:direction=all:first_target_points=1:stop_points=2:runner_target_points=1.5:runner_stop_mode=initial,impulse_fade_10bar_3pt,all,1,2,1.5,initial,322,322,322,143,179,157,22,0,0,157,0.48757764,-10075,-28429,-88.28881988,164,158,"two-contract post-signal scalp: one contract exits at first target, one runner uses selected stop mode and runner target"
1,signal_scaled_scalp:strategy=impulse_fade_10bar_3pt:direction=all:first_target_points=1:stop_points=2:runner_target_points=2:runner_stop_mode=breakeven,impulse_fade_10bar_3pt,all,1,2,2,breakeven,322,322,322,143,179,90,89,0,0,90,0.27950311,-10650,-29004,-90.07453416,164,158,"two-contract post-signal scalp: one contract exits at first target, one runner uses selected stop mode and runner target"
1,signal_scaled_scalp:strategy=impulse_fade_10bar_3pt:direction=all:first_target_points=1:stop_points=2:runner_target_points=2:runner_stop_mode=initial,impulse_fade_10bar_3pt,all,1,2,2,initial,322,322,322,143,179,135,44,0,0,135,0.41925466,-10550,-28904,-89.76397516,164,158,"two-contract post-signal scalp: one contract exits at first target, one runner uses selected stop mode and runner target"
1,signal_scaled_scalp:strategy=impulse_fade_10bar_3pt:direction=all:first_target_points=1:stop_points=2:runner_target_points=3:runner_stop_mode=breakeven,impulse_fade_10bar_3pt,all,1,2,3,breakeven,322,322,322,143,179,58,121,0,0,58,0.18012422,-10950,-29304,-91.00621118,164,158,"two-contract post-signal scalp: one contract exits at first target, one runner uses selected stop mode and runner target"
1,signal_scaled_scalp:strategy=impulse_fade_10bar_3pt:direction=all:first_target_points=1:stop_points=2:runner_target_points=3:runner_stop_mode=initial,impulse_fade_10bar_3pt,all,1,2,3,initial,322,322,322,143,179,106,72,1,0,107,0.33229814,-10925,-29279,-90.92857143,164,158,"two-contract post-signal scalp: one contract exits at first target, one runner uses selected stop mode and runner target"
1,signal_scaled_scalp:strategy=impulse_fade_10bar_3pt:direction=all:first_target_points=1:stop_points=2:runner_target_points=5:runner_stop_mode=breakeven,impulse_fade_10bar_3pt,all,1,2,5,breakeven,322,322,322,143,179,33,146,0,0,33,0.10248447,-11400,-29754,-92.40372671,164,158,"two-contract post-signal scalp: one contract exits at first target, one runner uses selected stop mode and runner target"
1,signal_scaled_scalp:strategy=impulse_fade_10bar_3pt:direction=all:first_target_points=1:stop_points=2:runner_target_points=5:runner_stop_mode=initial,impulse_fade_10bar_3pt,all,1,2,5,initial,322,322,322,143,179,74,104,1,0,75,0.23291925,-11525,-29879,-92.79192547,164,158,"two-contract post-signal scalp: one contract exits at first target, one runner uses selected stop mode and runner target"
1,signal_scaled_scalp:strategy=impulse_fade_10bar_3pt:direction=all:first_target_points=1.5:stop_points=1:runner_target_points=2:runner_stop_mode=breakeven,impulse_fade_10bar_3pt,all,1.5,1,2,breakeven,322,322,322,212,110,87,23,0,0,110,0.34161491,-4250,-22604,-70.19875776,164,158,"two-contract post-signal scalp: one contract exits at first target, one runner uses selected stop mode and runner target"
1,signal_scaled_scalp:strategy=impulse_fade_10bar_3pt:direction=all:first_target_points=1.5:stop_points=1:runner_target_points=2:runner_stop_mode=initial,impulse_fade_10bar_3pt,all,1.5,1,2,initial,322,322,322,212,110,94,16,0,0,94,0.29192547,-4350,-22704,-70.50931677,164,158,"two-contract post-signal scalp: one contract exits at first target, one runner uses selected stop mode and runner target"
1,signal_scaled_scalp:strategy=impulse_fade_10bar_3pt:direction=all:first_target_points=1.5:stop_points=1:runner_target_points=3:runner_stop_mode=breakeven,impulse_fade_10bar_3pt,all,1.5,1,3,breakeven,322,322,322,212,110,55,55,0,0,110,0.34161491,-4700,-23054,-71.59627329,164,158,"two-contract post-signal scalp: one contract exits at first target, one runner uses selected stop mode and runner target"
1,signal_scaled_scalp:strategy=impulse_fade_10bar_3pt:direction=all:first_target_points=1.5:stop_points=1:runner_target_points=3:runner_stop_mode=initial,impulse_fade_10bar_3pt,all,1.5,1,3,initial,322,322,322,212,110,68,42,0,0,68,0.21118012,-4850,-23204,-72.0621118,164,158,"two-contract post-signal scalp: one contract exits at first target, one runner uses selected stop mode and runner target"
1,signal_scaled_scalp:strategy=impulse_fade_10bar_3pt:direction=all:first_target_points=1.5:stop_points=1:runner_target_points=5:runner_stop_mode=breakeven,impulse_fade_10bar_3pt,all,1.5,1,5,breakeven,322,322,322,212,110,31,79,0,0,110,0.34161491,-5200,-23554,-73.14906832,164,158,"two-contract post-signal scalp: one contract exits at first target, one runner uses selected stop mode and runner target"
1,signal_scaled_scalp:strategy=impulse_fade_10bar_3pt:direction=all:first_target_points=1.5:stop_points=1:runner_target_points=5:runner_stop_mode=initial,impulse_fade_10bar_3pt,all,1.5,1,5,initial,322,322,322,212,110,43,67,0,0,43,0.13354037,-5550,-23904,-74.23602484,164,158,"two-contract post-signal scalp: one contract exits at first target, one runner uses selected stop mode and runner target"
1,signal_scaled_scalp:strategy=impulse_fade_10bar_3pt:direction=all:first_target_points=1.5:stop_points=1.5:runner_target_points=2:runner_stop_mode=breakeven,impulse_fade_10bar_3pt,all,1.5,1.5,2,breakeven,322,322,322,185,137,106,31,0,0,137,0.42546584,-6875,-25229,-78.35093168,164,158,"two-contract post-signal scalp: one contract exits at first target, one runner uses selected stop mode and runner target"
1,signal_scaled_scalp:strategy=impulse_fade_10bar_3pt:direction=all:first_target_points=1.5:stop_points=1.5:runner_target_points=2:runner_stop_mode=initial,impulse_fade_10bar_3pt,all,1.5,1.5,2,initial,322,322,322,185,137,118,19,0,0,118,0.36645963,-7100,-25454,-79.04968944,164,158,"two-contract post-signal scalp: one contract exits at first target, one runner uses selected stop mode and runner target"
1,signal_scaled_scalp:strategy=impulse_fade_10bar_3pt:direction=all:first_target_points=1.5:stop_points=1.5:runner_target_points=3:runner_stop_mode=breakeven,impulse_fade_10bar_3pt,all,1.5,1.5,3,breakeven,322,322,322,185,137,68,69,0,0,137,0.42546584,-7275,-25629,-79.5931677,164,158,"two-contract post-signal scalp: one contract exits at first target, one runner uses selected stop mode and runner target"
1,signal_scaled_scalp:strategy=impulse_fade_10bar_3pt:direction=all:first_target_points=1.5:stop_points=1.5:runner_target_points=3:runner_stop_mode=initial,impulse_fade_10bar_3pt,all,1.5,1.5,3,initial,322,322,322,185,137,89,48,0,0,89,0.27639752,-7725,-26079,-80.99068323,164,158,"two-contract post-signal scalp: one contract exits at first target, one runner uses selected stop mode and runner target"
1,signal_scaled_scalp:strategy=impulse_fade_10bar_3pt:direction=all:first_target_points=1.5:stop_points=1.5:runner_target_points=5:runner_stop_mode=breakeven,impulse_fade_10bar_3pt,all,1.5,1.5,5,breakeven,322,322,322,185,137,39,98,0,0,137,0.42546584,-7725,-26079,-80.99068323,164,158,"two-contract post-signal scalp: one contract exits at first target, one runner uses selected stop mode and runner target"
1,signal_scaled_scalp:strategy=impulse_fade_10bar_3pt:direction=all:first_target_points=1.5:stop_points=1.5:runner_target_points=5:runner_stop_mode=initial,impulse_fade_10bar_3pt,all,1.5,1.5,5,initial,322,322,322,185,137,61,76,0,0,61,0.18944099,-7925,-26279,-81.61180124,164,158,"two-contract post-signal scalp: one contract exits at first target, one runner uses selected stop mode and runner target"
1,signal_scaled_scalp:strategy=impulse_fade_10bar_3pt:direction=all:first_target_points=1.5:stop_points=2:runner_target_points=2:runner_stop_mode=breakeven,impulse_fade_10bar_3pt,all,1.5,2,2,breakeven,322,322,322,165,157,122,35,0,0,157,0.48757764,-9025,-27379,-85.02795031,164,158,"two-contract post-signal scalp: one contract exits at first target, one runner uses selected stop mode and runner target"
1,signal_scaled_scalp:strategy=impulse_fade_10bar_3pt:direction=all:first_target_points=1.5:stop_points=2:runner_target_points=2:runner_stop_mode=initial,impulse_fade_10bar_3pt,all,1.5,2,2,initial,322,322,322,165,157,135,22,0,0,135,0.41925466,-9925,-28279,-87.82298137,164,158,"two-contract post-signal scalp: one contract exits at first target, one runner uses selected stop mode and runner target"
1,signal_scaled_scalp:strategy=impulse_fade_10bar_3pt:direction=all:first_target_points=1.5:stop_points=2:runner_target_points=3:runner_stop_mode=breakeven,impulse_fade_10bar_3pt,all,1.5,2,3,breakeven,322,322,322,165,157,81,76,0,0,157,0.48757764,-9075,-27429,-85.18322981,164,158,"two-contract post-signal scalp: one contract exits at first target, one runner uses selected stop mode and runner target"
1,signal_scaled_scalp:strategy=impulse_fade_10bar_3pt:direction=all:first_target_points=1.5:stop_points=2:runner_target_points=3:runner_stop_mode=initial,impulse_fade_10bar_3pt,all,1.5,2,3,initial,322,322,322,165,157,106,50,1,0,107,0.33229814,-10300,-28654,-88.98757764,164,158,"two-contract post-signal scalp: one contract exits at first target, one runner uses selected stop mode and runner target"
1,signal_scaled_scalp:strategy=impulse_fade_10bar_3pt:direction=all:first_target_points=1.5:stop_points=2:runner_target_points=5:runner_stop_mode=breakeven,impulse_fade_10bar_3pt,all,1.5,2,5,breakeven,322,322,322,165,157,45,112,0,0,157,0.48757764,-9975,-28329,-87.97826087,164,158,"two-contract post-signal scalp: one contract exits at first target, one runner uses selected stop mode and runner target"
1,signal_scaled_scalp:strategy=impulse_fade_10bar_3pt:direction=all:first_target_points=1.5:stop_points=2:runner_target_points=5:runner_stop_mode=initial,impulse_fade_10bar_3pt,all,1.5,2,5,initial,322,322,322,165,157,74,82,1,0,75,0.23291925,-10900,-29254,-90.85093168,164,158,"two-contract post-signal scalp: one contract exits at first target, one runner uses selected stop mode and runner target"
1,signal_scaled_scalp:strategy=impulse_continue_10bar_3pt:direction=all:first_target_points=0.5:stop_points=1:runner_target_points=1.5:runner_stop_mode=breakeven,impulse_continue_10bar_3pt,all,0.5,1,1.5,breakeven,309,309,309,184,125,68,57,0,0,68,0.22006472,-10175,-27788,-89.92880259,150,159,"two-contract post-signal scalp: one contract exits at first target, one runner uses selected stop mode and runner target"
1,signal_scaled_scalp:strategy=impulse_continue_10bar_3pt:direction=all:first_target_points=0.5:stop_points=1:runner_target_points=1.5:runner_stop_mode=initial,impulse_continue_10bar_3pt,all,0.5,1,1.5,initial,309,309,309,184,125,91,34,0,0,91,0.29449838,-10150,-27763,-89.84789644,150,159,"two-contract post-signal scalp: one contract exits at first target, one runner uses selected stop mode and runner target"
1,signal_scaled_scalp:strategy=impulse_continue_10bar_3pt:direction=all:first_target_points=0.5:stop_points=1:runner_target_points=2:runner_stop_mode=breakeven,impulse_continue_10bar_3pt,all,0.5,1,2,breakeven,309,309,309,184,125,55,70,0,0,55,0.17799353,-9775,-27388,-88.63430421,150,159,"two-contract post-signal scalp: one contract exits at first target, one runner uses selected stop mode and runner target"
1,signal_scaled_scalp:strategy=impulse_continue_10bar_3pt:direction=all:first_target_points=0.5:stop_points=1:runner_target_points=2:runner_stop_mode=initial,impulse_continue_10bar_3pt,all,0.5,1,2,initial,309,309,309,184,125,78,47,0,0,78,0.25242718,-9825,-27438,-88.7961165,150,159,"two-contract post-signal scalp: one contract exits at first target, one runner uses selected stop mode and runner target"
1,signal_scaled_scalp:strategy=impulse_continue_10bar_3pt:direction=all:first_target_points=0.5:stop_points=1:runner_target_points=3:runner_stop_mode=breakeven,impulse_continue_10bar_3pt,all,0.5,1,3,breakeven,309,309,309,184,125,37,88,0,0,37,0.1197411,-9725,-27338,-88.47249191,150,159,"two-contract post-signal scalp: one contract exits at first target, one runner uses selected stop mode and runner target"
1,signal_scaled_scalp:strategy=impulse_continue_10bar_3pt:direction=all:first_target_points=0.5:stop_points=1:runner_target_points=3:runner_stop_mode=initial,impulse_continue_10bar_3pt,all,0.5,1,3,initial,309,309,309,184,125,58,67,0,0,58,0.18770227,-9925,-27538,-89.1197411,150,159,"two-contract post-signal scalp: one contract exits at first target, one runner uses selected stop mode and runner target"
1,signal_scaled_scalp:strategy=impulse_continue_10bar_3pt:direction=all:first_target_points=0.5:stop_points=1:runner_target_points=5:runner_stop_mode=breakeven,impulse_continue_10bar_3pt,all,0.5,1,5,breakeven,309,309,309,184,125,25,100,0,0,25,0.08090615,-9025,-26638,-86.20711974,150,159,"two-contract post-signal scalp: one contract exits at first target, one runner uses selected stop mode and runner target"
1,signal_scaled_scalp:strategy=impulse_continue_10bar_3pt:direction=all:first_target_points=0.5:stop_points=1:runner_target_points=5:runner_stop_mode=initial,impulse_continue_10bar_3pt,all,0.5,1,5,initial,309,309,309,184,125,38,87,0,0,38,0.12297735,-10125,-27738,-89.76699029,150,159,"two-contract post-signal scalp: one contract exits at first target, one runner uses selected stop mode and runner target"
1,signal_scaled_scalp:strategy=impulse_continue_10bar_3pt:direction=all:first_target_points=0.5:stop_points=1.5:runner_target_points=1.5:runner_stop_mode=breakeven,impulse_continue_10bar_3pt,all,0.5,1.5,1.5,breakeven,309,309,309,157,152,76,76,0,0,76,0.24595469,-14050,-31663,-102.46925566,150,159,"two-contract post-signal scalp: one contract exits at first target, one runner uses selected stop mode and runner target"
1,signal_scaled_scalp:strategy=impulse_continue_10bar_3pt:direction=all:first_target_points=0.5:stop_points=1.5:runner_target_points=1.5:runner_stop_mode=initial,impulse_continue_10bar_3pt,all,0.5,1.5,1.5,initial,309,309,309,157,152,112,40,0,0,112,0.36245955,-14350,-31963,-103.44012945,150,159,"two-contract post-signal scalp: one contract exits at first target, one runner uses selected stop mode and runner target"
1,signal_scaled_scalp:strategy=impulse_continue_10bar_3pt:direction=all:first_target_points=0.5:stop_points=1.5:runner_target_points=2:runner_stop_mode=breakeven,impulse_continue_10bar_3pt,all,0.5,1.5,2,breakeven,309,309,309,157,152,60,92,0,0,60,0.19417476,-13750,-31363,-101.49838188,150,159,"two-contract post-signal scalp: one contract exits at first target, one runner uses selected stop mode and runner target"
1,signal_scaled_scalp:strategy=impulse_continue_10bar_3pt:direction=all:first_target_points=0.5:stop_points=1.5:runner_target_points=2:runner_stop_mode=initial,impulse_continue_10bar_3pt,all,0.5,1.5,2,initial,309,309,309,157,152,94,58,0,0,94,0.30420712,-14700,-32313,-104.57281553,150,159,"two-contract post-signal scalp: one contract exits at first target, one runner uses selected stop mode and runner target"
1,signal_scaled_scalp:strategy=impulse_continue_10bar_3pt:direction=all:first_target_points=0.5:stop_points=1.5:runner_target_points=3:runner_stop_mode=breakeven,impulse_continue_10bar_3pt,all,0.5,1.5,3,breakeven,309,309,309,157,152,41,111,0,0,41,0.13268608,-13600,-31213,-101.01294498,150,159,"two-contract post-signal scalp: one contract exits at first target, one runner uses selected stop mode and runner target"
1,signal_scaled_scalp:strategy=impulse_continue_10bar_3pt:direction=all:first_target_points=0.5:stop_points=1.5:runner_target_points=3:runner_stop_mode=initial,impulse_continue_10bar_3pt,all,0.5,1.5,3,initial,309,309,309,157,152,76,76,0,0,76,0.24595469,-14050,-31663,-102.46925566,150,159,"two-contract post-signal scalp: one contract exits at first target, one runner uses selected stop mode and runner target"
1,signal_scaled_scalp:strategy=impulse_continue_10bar_3pt:direction=all:first_target_points=0.5:stop_points=1.5:runner_target_points=5:runner_stop_mode=breakeven,impulse_continue_10bar_3pt,all,0.5,1.5,5,breakeven,309,309,309,157,152,28,124,0,0,28,0.09061489,-12750,-30363,-98.26213592,150,159,"two-contract post-signal scalp: one contract exits at first target, one runner uses selected stop mode and runner target"
1,signal_scaled_scalp:strategy=impulse_continue_10bar_3pt:direction=all:first_target_points=0.5:stop_points=1.5:runner_target_points=5:runner_stop_mode=initial,impulse_continue_10bar_3pt,all,0.5,1.5,5,initial,309,309,309,157,152,51,101,0,0,51,0.16504854,-14575,-32188,-104.16828479,150,159,"two-contract post-signal scalp: one contract exits at first target, one runner uses selected stop mode and runner target"
1,signal_scaled_scalp:strategy=impulse_continue_10bar_3pt:direction=all:first_target_points=0.5:stop_points=2:runner_target_points=1.5:runner_stop_mode=breakeven,impulse_continue_10bar_3pt,all,0.5,2,1.5,breakeven,309,309,309,140,169,79,90,0,0,79,0.25566343,-17850,-35463,-114.76699029,150,159,"two-contract post-signal scalp: one contract exits at first target, one runner uses selected stop mode and runner target"
1,signal_scaled_scalp:strategy=impulse_continue_10bar_3pt:direction=all:first_target_points=0.5:stop_points=2:runner_target_points=1.5:runner_stop_mode=initial,impulse_continue_10bar_3pt,all,0.5,2,1.5,initial,309,309,309,140,169,129,40,0,0,129,0.41747573,-18100,-35713,-115.57605178,150,159,"two-contract post-signal scalp: one contract exits at first target, one runner uses selected stop mode and runner target"
1,signal_scaled_scalp:strategy=impulse_continue_10bar_3pt:direction=all:first_target_points=0.5:stop_points=2:runner_target_points=2:runner_stop_mode=breakeven,impulse_continue_10bar_3pt,all,0.5,2,2,breakeven,309,309,309,140,169,63,106,0,0,63,0.2038835,-17475,-35088,-113.55339806,150,159,"two-contract post-signal scalp: one contract exits at first target, one runner uses selected stop mode and runner target"
1,signal_scaled_scalp:strategy=impulse_continue_10bar_3pt:direction=all:first_target_points=0.5:stop_points=2:runner_target_points=2:runner_stop_mode=initial,impulse_continue_10bar_3pt,all,0.5,2,2,initial,309,309,309,140,169,114,55,0,0,114,0.36893204,-17875,-35488,-114.84789644,150,159,"two-contract post-signal scalp: one contract exits at first target, one runner uses selected stop mode and runner target"
1,signal_scaled_scalp:strategy=impulse_continue_10bar_3pt:direction=all:first_target_points=0.5:stop_points=2:runner_target_points=3:runner_stop_mode=breakeven,impulse_continue_10bar_3pt,all,0.5,2,3,breakeven,309,309,309,140,169,44,125,0,0,44,0.14239482,-17175,-34788,-112.58252427,150,159,"two-contract post-signal scalp: one contract exits at first target, one runner uses selected stop mode and runner target"
1,signal_scaled_scalp:strategy=impulse_continue_10bar_3pt:direction=all:first_target_points=0.5:stop_points=2:runner_target_points=3:runner_stop_mode=initial,impulse_continue_10bar_3pt,all,0.5,2,3,initial,309,309,309,140,169,94,75,0,0,94,0.30420712,-17175,-34788,-112.58252427,150,159,"two-contract post-signal scalp: one contract exits at first target, one runner uses selected stop mode and runner target"
1,signal_scaled_scalp:strategy=impulse_continue_10bar_3pt:direction=all:first_target_points=0.5:stop_points=2:runner_target_points=5:runner_stop_mode=breakeven,impulse_continue_10bar_3pt,all,0.5,2,5,breakeven,309,309,309,140,169,29,140,0,0,29,0.09385113,-16525,-34138,-110.4789644,150,159,"two-contract post-signal scalp: one contract exits at first target, one runner uses selected stop mode and runner target"
1,signal_scaled_scalp:strategy=impulse_continue_10bar_3pt:direction=all:first_target_points=0.5:stop_points=2:runner_target_points=5:runner_stop_mode=initial,impulse_continue_10bar_3pt,all,0.5,2,5,initial,309,309,309,140,169,68,101,0,0,68,0.22006472,-16875,-34488,-111.61165049,150,159,"two-contract post-signal scalp: one contract exits at first target, one runner uses selected stop mode and runner target"
1,signal_scaled_scalp:strategy=impulse_continue_10bar_3pt:direction=all:first_target_points=1:stop_points=1:runner_target_points=1.5:runner_stop_mode=breakeven,impulse_continue_10bar_3pt,all,1,1,1.5,breakeven,309,309,309,197,112,74,38,0,0,74,0.2394822,-8550,-26163,-84.66990291,150,159,"two-contract post-signal scalp: one contract exits at first target, one runner uses selected stop mode and runner target"
1,signal_scaled_scalp:strategy=impulse_continue_10bar_3pt:direction=all:first_target_points=1:stop_points=1:runner_target_points=1.5:runner_stop_mode=initial,impulse_continue_10bar_3pt,all,1,1,1.5,initial,309,309,309,197,112,91,21,0,0,91,0.29449838,-8325,-25938,-83.94174757,150,159,"two-contract post-signal scalp: one contract exits at first target, one runner uses selected stop mode and runner target"
1,signal_scaled_scalp:strategy=impulse_continue_10bar_3pt:direction=all:first_target_points=1:stop_points=1:runner_target_points=2:runner_stop_mode=breakeven,impulse_continue_10bar_3pt,all,1,1,2,breakeven,309,309,309,197,112,59,53,0,0,59,0.19093851,-8200,-25813,-83.53721683,150,159,"two-contract post-signal scalp: one contract exits at first target, one runner uses selected stop mode and runner target"
1,signal_scaled_scalp:strategy=impulse_continue_10bar_3pt:direction=all:first_target_points=1:stop_points=1:runner_target_points=2:runner_stop_mode=initial,impulse_continue_10bar_3pt,all,1,1,2,initial,309,309,309,197,112,78,34,0,0,78,0.25242718,-8000,-25613,-82.88996764,150,159,"two-contract post-signal scalp: one contract exits at first target, one runner uses selected stop mode and runner target"
1,signal_scaled_scalp:strategy=impulse_continue_10bar_3pt:direction=all:first_target_points=1:stop_points=1:runner_target_points=3:runner_stop_mode=breakeven,impulse_continue_10bar_3pt,all,1,1,3,breakeven,309,309,309,197,112,39,73,0,0,39,0.12621359,-8250,-25863,-83.69902913,150,159,"two-contract post-signal scalp: one contract exits at first target, one runner uses selected stop mode and runner target"
1,signal_scaled_scalp:strategy=impulse_continue_10bar_3pt:direction=all:first_target_points=1:stop_points=1:runner_target_points=3:runner_stop_mode=initial,impulse_continue_10bar_3pt,all,1,1,3,initial,309,309,309,197,112,58,54,0,0,58,0.18770227,-8100,-25713,-83.21359223,150,159,"two-contract post-signal scalp: one contract exits at first target, one runner uses selected stop mode and runner target"
1,signal_scaled_scalp:strategy=impulse_continue_10bar_3pt:direction=all:first_target_points=1:stop_points=1:runner_target_points=5:runner_stop_mode=breakeven,impulse_continue_10bar_3pt,all,1,1,5,breakeven,309,309,309,197,112,26,86,0,0,26,0.08414239,-7600,-25213,-81.59546926,150,159,"two-contract post-signal scalp: one contract exits at first target, one runner uses selected stop mode and runner target"
1,signal_scaled_scalp:strategy=impulse_continue_10bar_3pt:direction=all:first_target_points=1:stop_points=1:runner_target_points=5:runner_stop_mode=initial,impulse_continue_10bar_3pt,all,1,1,5,initial,309,309,309,197,112,38,74,0,0,38,0.12297735,-8300,-25913,-83.86084142,150,159,"two-contract post-signal scalp: one contract exits at first target, one runner uses selected stop mode and runner target"
1,signal_scaled_scalp:strategy=impulse_continue_10bar_3pt:direction=all:first_target_points=1:stop_points=1.5:runner_target_points=1.5:runner_stop_mode=breakeven,impulse_continue_10bar_3pt,all,1,1.5,1.5,breakeven,309,309,309,176,133,87,46,0,0,87,0.2815534,-13225,-30838,-99.79935275,150,159,"two-contract post-signal scalp: one contract exits at first target, one runner uses selected stop mode and runner target"
1,signal_scaled_scalp:strategy=impulse_continue_10bar_3pt:direction=all:first_target_points=1:stop_points=1.5:runner_target_points=1.5:runner_stop_mode=initial,impulse_continue_10bar_3pt,all,1,1.5,1.5,initial,309,309,309,176,133,112,21,0,0,112,0.36245955,-12925,-30538,-98.82847896,150,159,"two-contract post-signal scalp: one contract exits at first target, one runner uses selected stop mode and runner target"
1,signal_scaled_scalp:strategy=impulse_continue_10bar_3pt:direction=all:first_target_points=1:stop_points=1.5:runner_target_points=2:runner_stop_mode=breakeven,impulse_continue_10bar_3pt,all,1,1.5,2,breakeven,309,309,309,176,133,67,66,0,0,67,0.21682848,-13050,-30663,-99.23300971,150,159,"two-contract post-signal scalp: one contract exits at first target, one runner uses selected stop mode and runner target"
1,signal_scaled_scalp:strategy=impulse_continue_10bar_3pt:direction=all:first_target_points=1:stop_points=1.5:runner_target_points=2:runner_stop_mode=initial,impulse_continue_10bar_3pt,all,1,1.5,2,initial,309,309,309,176,133,94,39,0,0,94,0.30420712,-13275,-30888,-99.96116505,150,159,"two-contract post-signal scalp: one contract exits at first target, one runner uses selected stop mode and runner target"
1,signal_scaled_scalp:strategy=impulse_continue_10bar_3pt:direction=all:first_target_points=1:stop_points=1.5:runner_target_points=3:runner_stop_mode=breakeven,impulse_continue_10bar_3pt,all,1,1.5,3,breakeven,309,309,309,176,133,46,87,0,0,46,0.14886731,-12850,-30463,-98.58576052,150,159,"two-contract post-signal scalp: one contract exits at first target, one runner uses selected stop mode and runner target"
1,signal_scaled_scalp:strategy=impulse_continue_10bar_3pt:direction=all:first_target_points=1:stop_points=1.5:runner_target_points=3:runner_stop_mode=initial,impulse_continue_10bar_3pt,all,1,1.5,3,initial,309,309,309,176,133,76,57,0,0,76,0.24595469,-12625,-30238,-97.85760518,150,159,"two-contract post-signal scalp: one contract exits at first target, one runner uses selected stop mode and runner target"
1,signal_scaled_scalp:strategy=impulse_continue_10bar_3pt:direction=all:first_target_points=1:stop_points=1.5:runner_target_points=5:runner_stop_mode=breakeven,impulse_continue_10bar_3pt,all,1,1.5,5,breakeven,309,309,309,176,133,31,102,0,0,31,0.10032362,-12000,-29613,-95.83495146,150,159,"two-contract post-signal scalp: one contract exits at first target, one runner uses selected stop mode and runner target"
1,signal_scaled_scalp:strategy=impulse_continue_10bar_3pt:direction=all:first_target_points=1:stop_points=1.5:runner_target_points=5:runner_stop_mode=initial,impulse_continue_10bar_3pt,all,1,1.5,5,initial,309,309,309,176,133,51,82,0,0,51,0.16504854,-13150,-30763,-99.5566343,150,159,"two-contract post-signal scalp: one contract exits at first target, one runner uses selected stop mode and runner target"
1,signal_scaled_scalp:strategy=impulse_continue_10bar_3pt:direction=all:first_target_points=1:stop_points=2:runner_target_points=1.5:runner_stop_mode=breakeven,impulse_continue_10bar_3pt,all,1,2,1.5,breakeven,309,309,309,159,150,96,54,0,0,96,0.31067961,-17100,-34713,-112.33980583,150,159,"two-contract post-signal scalp: one contract exits at first target, one runner uses selected stop mode and runner target"
1,signal_scaled_scalp:strategy=impulse_continue_10bar_3pt:direction=all:first_target_points=1:stop_points=2:runner_target_points=1.5:runner_stop_mode=initial,impulse_continue_10bar_3pt,all,1,2,1.5,initial,309,309,309,159,150,129,21,0,0,129,0.41747573,-16725,-34338,-111.12621359,150,159,"two-contract post-signal scalp: one contract exits at first target, one runner uses selected stop mode and runner target"
1,signal_scaled_scalp:strategy=impulse_continue_10bar_3pt:direction=all:first_target_points=1:stop_points=2:runner_target_points=2:runner_stop_mode=breakeven,impulse_continue_10bar_3pt,all,1,2,2,breakeven,309,309,309,159,150,76,74,0,0,76,0.24595469,-16700,-34313,-111.04530744,150,159,"two-contract post-signal scalp: one contract exits at first target, one runner uses selected stop mode and runner target"
1,signal_scaled_scalp:strategy=impulse_continue_10bar_3pt:direction=all:first_target_points=1:stop_points=2:runner_target_points=2:runner_stop_mode=initial,impulse_continue_10bar_3pt,all,1,2,2,initial,309,309,309,159,150,114,36,0,0,114,0.36893204,-16500,-34113,-110.39805825,150,159,"two-contract post-signal scalp: one contract exits at first target, one runner uses selected stop mode and runner target"
1,signal_scaled_scalp:strategy=impulse_continue_10bar_3pt:direction=all:first_target_points=1:stop_points=2:runner_target_points=3:runner_stop_mode=breakeven,impulse_continue_10bar_3pt,all,1,2,3,breakeven,309,309,309,159,150,53,97,0,0,53,0.17152104,-16350,-33963,-109.91262136,150,159,"two-contract post-signal scalp: one contract exits at first target, one runner uses selected stop mode and runner target"
1,signal_scaled_scalp:strategy=impulse_continue_10bar_3pt:direction=all:first_target_points=1:stop_points=2:runner_target_points=3:runner_stop_mode=initial,impulse_continue_10bar_3pt,all,1,2,3,initial,309,309,309,159,150,94,56,0,0,94,0.30420712,-15800,-33413,-108.13268608,150,159,"two-contract post-signal scalp: one contract exits at first target, one runner uses selected stop mode and runner target"
1,signal_scaled_scalp:strategy=impulse_continue_10bar_3pt:direction=all:first_target_points=1:stop_points=2:runner_target_points=5:runner_stop_mode=breakeven,impulse_continue_10bar_3pt,all,1,2,5,breakeven,309,309,309,159,150,35,115,0,0,35,0.11326861,-15550,-33163,-107.3236246,150,159,"two-contract post-signal scalp: one contract exits at first target, one runner uses selected stop mode and runner target"
1,signal_scaled_scalp:strategy=impulse_continue_10bar_3pt:direction=all:first_target_points=1:stop_points=2:runner_target_points=5:runner_stop_mode=initial,impulse_continue_10bar_3pt,all,1,2,5,initial,309,309,309,159,150,68,82,0,0,68,0.22006472,-15500,-33113,-107.1618123,150,159,"two-contract post-signal scalp: one contract exits at first target, one runner uses selected stop mode and runner target"
1,signal_scaled_scalp:strategy=impulse_continue_10bar_3pt:direction=all:first_target_points=1.5:stop_points=1:runner_target_points=2:runner_stop_mode=breakeven,impulse_continue_10bar_3pt,all,1.5,1,2,breakeven,309,309,309,218,91,72,19,0,0,91,0.29449838,-7775,-25388,-82.1618123,150,159,"two-contract post-signal scalp: one contract exits at first target, one runner uses selected stop mode and runner target"
1,signal_scaled_scalp:strategy=impulse_continue_10bar_3pt:direction=all:first_target_points=1.5:stop_points=1:runner_target_points=2:runner_stop_mode=initial,impulse_continue_10bar_3pt,all,1.5,1,2,initial,309,309,309,218,91,78,13,0,0,78,0.25242718,-7825,-25438,-82.3236246,150,159,"two-contract post-signal scalp: one contract exits at first target, one runner uses selected stop mode and runner target"
1,signal_scaled_scalp:strategy=impulse_continue_10bar_3pt:direction=all:first_target_points=1.5:stop_points=1:runner_target_points=3:runner_stop_mode=breakeven,impulse_continue_10bar_3pt,all,1.5,1,3,breakeven,309,309,309,218,91,50,41,0,0,91,0.29449838,-7475,-25088,-81.19093851,150,159,"two-contract post-signal scalp: one contract exits at first target, one runner uses selected stop mode and runner target"
1,signal_scaled_scalp:strategy=impulse_continue_10bar_3pt:direction=all:first_target_points=1.5:stop_points=1:runner_target_points=3:runner_stop_mode=initial,impulse_continue_10bar_3pt,all,1.5,1,3,initial,309,309,309,218,91,58,33,0,0,58,0.18770227,-7925,-25538,-82.64724919,150,159,"two-contract post-signal scalp: one contract exits at first target, one runner uses selected stop mode and runner target"
1,signal_scaled_scalp:strategy=impulse_continue_10bar_3pt:direction=all:first_target_points=1.5:stop_points=1:runner_target_points=5:runner_stop_mode=breakeven,impulse_continue_10bar_3pt,all,1.5,1,5,breakeven,309,309,309,218,91,33,58,0,0,91,0.29449838,-6725,-24338,-78.76375405,150,159,"two-contract post-signal scalp: one contract exits at first target, one runner uses selected stop mode and runner target"
1,signal_scaled_scalp:strategy=impulse_continue_10bar_3pt:direction=all:first_target_points=1.5:stop_points=1:runner_target_points=5:runner_stop_mode=initial,impulse_continue_10bar_3pt,all,1.5,1,5,initial,309,309,309,218,91,38,53,0,0,38,0.12297735,-8125,-25738,-83.29449838,150,159,"two-contract post-signal scalp: one contract exits at first target, one runner uses selected stop mode and runner target"
1,signal_scaled_scalp:strategy=impulse_continue_10bar_3pt:direction=all:first_target_points=1.5:stop_points=1.5:runner_target_points=2:runner_stop_mode=breakeven,impulse_continue_10bar_3pt,all,1.5,1.5,2,breakeven,309,309,309,197,112,85,27,0,0,112,0.36245955,-12650,-30263,-97.93851133,150,159,"two-contract post-signal scalp: one contract exits at first target, one runner uses selected stop mode and runner target"
1,signal_scaled_scalp:strategy=impulse_continue_10bar_3pt:direction=all:first_target_points=1.5:stop_points=1.5:runner_target_points=2:runner_stop_mode=initial,impulse_continue_10bar_3pt,all,1.5,1.5,2,initial,309,309,309,197,112,94,18,0,0,94,0.30420712,-13100,-30713,-99.39482201,150,159,"two-contract post-signal scalp: one contract exits at first target, one runner uses selected stop mode and runner target"
1,signal_scaled_scalp:strategy=impulse_continue_10bar_3pt:direction=all:first_target_points=1.5:stop_points=1.5:runner_target_points=3:runner_stop_mode=breakeven,impulse_continue_10bar_3pt,all,1.5,1.5,3,breakeven,309,309,309,197,112,62,50,0,0,112,0.36245955,-11850,-29463,-95.34951456,150,159,"two-contract post-signal scalp: one contract exits at first target, one runner uses selected stop mode and runner target"
1,signal_scaled_scalp:strategy=impulse_continue_10bar_3pt:direction=all:first_target_points=1.5:stop_points=1.5:runner_target_points=3:runner_stop_mode=initial,impulse_continue_10bar_3pt,all,1.5,1.5,3,initial,309,309,309,197,112,76,36,0,0,76,0.24595469,-12450,-30063,-97.29126214,150,159,"two-contract post-signal scalp: one contract exits at first target, one runner uses selected stop mode and runner target"
1,signal_scaled_scalp:strategy=impulse_continue_10bar_3pt:direction=all:first_target_points=1.5:stop_points=1.5:runner_target_points=5:runner_stop_mode=breakeven,impulse_continue_10bar_3pt,all,1.5,1.5,5,breakeven,309,309,309,197,112,40,72,0,0,112,0.36245955,-11150,-28763,-93.08414239,150,159,"two-contract post-signal scalp: one contract exits at first target, one runner uses selected stop mode and runner target"
1,signal_scaled_scalp:strategy=impulse_continue_10bar_3pt:direction=all:first_target_points=1.5:stop_points=1.5:runner_target_points=5:runner_stop_mode=initial,impulse_continue_10bar_3pt,all,1.5,1.5,5,initial,309,309,309,197,112,51,61,0,0,51,0.16504854,-12975,-30588,-98.99029126,150,159,"two-contract post-signal scalp: one contract exits at first target, one runner uses selected stop mode and runner target"
1,signal_scaled_scalp:strategy=impulse_continue_10bar_3pt:direction=all:first_target_points=1.5:stop_points=2:runner_target_points=2:runner_stop_mode=breakeven,impulse_continue_10bar_3pt,all,1.5,2,2,breakeven,309,309,309,180,129,102,27,0,0,129,0.41747573,-16125,-33738,-109.18446602,150,159,"two-contract post-signal scalp: one contract exits at first target, one runner uses selected stop mode and runner target"
1,signal_scaled_scalp:strategy=impulse_continue_10bar_3pt:direction=all:first_target_points=1.5:stop_points=2:runner_target_points=2:runner_stop_mode=initial,impulse_continue_10bar_3pt,all,1.5,2,2,initial,309,309,309,180,129,114,15,0,0,114,0.36893204,-16425,-34038,-110.15533981,150,159,"two-contract post-signal scalp: one contract exits at first target, one runner uses selected stop mode and runner target"
1,signal_scaled_scalp:strategy=impulse_continue_10bar_3pt:direction=all:first_target_points=1.5:stop_points=2:runner_target_points=3:runner_stop_mode=breakeven,impulse_continue_10bar_3pt,all,1.5,2,3,breakeven,309,309,309,180,129,75,54,0,0,129,0.41747573,-15075,-32688,-105.78640777,150,159,"two-contract post-signal scalp: one contract exits at first target, one runner uses selected stop mode and runner target"
1,signal_scaled_scalp:strategy=impulse_continue_10bar_3pt:direction=all:first_target_points=1.5:stop_points=2:runner_target_points=3:runner_stop_mode=initial,impulse_continue_10bar_3pt,all,1.5,2,3,initial,309,309,309,180,129,94,35,0,0,94,0.30420712,-15725,-33338,-107.88996764,150,159,"two-contract post-signal scalp: one contract exits at first target, one runner uses selected stop mode and runner target"
1,signal_scaled_scalp:strategy=impulse_continue_10bar_3pt:direction=all:first_target_points=1.5:stop_points=2:runner_target_points=5:runner_stop_mode=breakeven,impulse_continue_10bar_3pt,all,1.5,2,5,breakeven,309,309,309,180,129,48,81,0,0,129,0.41747573,-14325,-31938,-103.3592233,150,159,"two-contract post-signal scalp: one contract exits at first target, one runner uses selected stop mode and runner target"
1,signal_scaled_scalp:strategy=impulse_continue_10bar_3pt:direction=all:first_target_points=1.5:stop_points=2:runner_target_points=5:runner_stop_mode=initial,impulse_continue_10bar_3pt,all,1.5,2,5,initial,309,309,309,180,129,68,61,0,0,68,0.22006472,-15425,-33038,-106.91909385,150,159,"two-contract post-signal scalp: one contract exits at first target, one runner uses selected stop mode and runner target"
1,signal_scaled_scalp:strategy=delta_impulse_continue_3bar_1pt_20d:direction=all:first_target_points=0.5:stop_points=1:runner_target_points=1.5:runner_stop_mode=breakeven,delta_impulse_continue_3bar_1pt_20d,all,0.5,1,1.5,breakeven,225,225,225,123,102,49,53,0,0,49,0.21777778,-6075,-18900,-84,111,114,"two-contract post-signal scalp: one contract exits at first target, one runner uses selected stop mode and runner target"
1,signal_scaled_scalp:strategy=delta_impulse_continue_3bar_1pt_20d:direction=all:first_target_points=0.5:stop_points=1:runner_target_points=1.5:runner_stop_mode=initial,delta_impulse_continue_3bar_1pt_20d,all,0.5,1,1.5,initial,225,225,225,123,102,71,31,0,0,71,0.31555556,-5975,-18800,-83.55555556,111,114,"two-contract post-signal scalp: one contract exits at first target, one runner uses selected stop mode and runner target"
1,signal_scaled_scalp:strategy=delta_impulse_continue_3bar_1pt_20d:direction=all:first_target_points=0.5:stop_points=1:runner_target_points=2:runner_stop_mode=breakeven,delta_impulse_continue_3bar_1pt_20d,all,0.5,1,2,breakeven,225,225,225,123,102,41,61,0,0,41,0.18222222,-5650,-18475,-82.11111111,111,114,"two-contract post-signal scalp: one contract exits at first target, one runner uses selected stop mode and runner target"
1,signal_scaled_scalp:strategy=delta_impulse_continue_3bar_1pt_20d:direction=all:first_target_points=0.5:stop_points=1:runner_target_points=2:runner_stop_mode=initial,delta_impulse_continue_3bar_1pt_20d,all,0.5,1,2,initial,225,225,225,123,102,65,37,0,0,65,0.28888889,-5100,-17925,-79.66666667,111,114,"two-contract post-signal scalp: one contract exits at first target, one runner uses selected stop mode and runner target"
1,signal_scaled_scalp:strategy=delta_impulse_continue_3bar_1pt_20d:direction=all:first_target_points=0.5:stop_points=1:runner_target_points=3:runner_stop_mode=breakeven,delta_impulse_continue_3bar_1pt_20d,all,0.5,1,3,breakeven,225,225,225,123,102,26,76,0,0,26,0.11555556,-5850,-18675,-83,111,114,"two-contract post-signal scalp: one contract exits at first target, one runner uses selected stop mode and runner target"
1,signal_scaled_scalp:strategy=delta_impulse_continue_3bar_1pt_20d:direction=all:first_target_points=0.5:stop_points=1:runner_target_points=3:runner_stop_mode=initial,delta_impulse_continue_3bar_1pt_20d,all,0.5,1,3,initial,225,225,225,123,102,51,51,0,0,51,0.22666667,-4650,-17475,-77.66666667,111,114,"two-contract post-signal scalp: one contract exits at first target, one runner uses selected stop mode and runner target"
1,signal_scaled_scalp:strategy=delta_impulse_continue_3bar_1pt_20d:direction=all:first_target_points=0.5:stop_points=1:runner_target_points=5:runner_stop_mode=breakeven,delta_impulse_continue_3bar_1pt_20d,all,0.5,1,5,breakeven,225,225,225,123,102,13,89,0,0,13,0.05777778,-6500,-19325,-85.88888889,111,114,"two-contract post-signal scalp: one contract exits at first target, one runner uses selected stop mode and runner target"
1,signal_scaled_scalp:strategy=delta_impulse_continue_3bar_1pt_20d:direction=all:first_target_points=0.5:stop_points=1:runner_target_points=5:runner_stop_mode=initial,delta_impulse_continue_3bar_1pt_20d,all,0.5,1,5,initial,225,225,225,123,102,31,71,0,0,31,0.13777778,-5550,-18375,-81.66666667,111,114,"two-contract post-signal scalp: one contract exits at first target, one runner uses selected stop mode and runner target"
1,signal_scaled_scalp:strategy=delta_impulse_continue_3bar_1pt_20d:direction=all:first_target_points=0.5:stop_points=1.5:runner_target_points=1.5:runner_stop_mode=breakeven,delta_impulse_continue_3bar_1pt_20d,all,0.5,1.5,1.5,breakeven,225,225,225,100,125,55,70,0,0,55,0.24444444,-7750,-20575,-91.44444444,111,114,"two-contract post-signal scalp: one contract exits at first target, one runner uses selected stop mode and runner target"
1,signal_scaled_scalp:strategy=delta_impulse_continue_3bar_1pt_20d:direction=all:first_target_points=0.5:stop_points=1.5:runner_target_points=1.5:runner_stop_mode=initial,delta_impulse_continue_3bar_1pt_20d,all,0.5,1.5,1.5,initial,225,225,225,100,125,92,33,0,0,92,0.40888889,-7450,-20275,-90.11111111,111,114,"two-contract post-signal scalp: one contract exits at first target, one runner uses selected stop mode and runner target"
1,signal_scaled_scalp:strategy=delta_impulse_continue_3bar_1pt_20d:direction=all:first_target_points=0.5:stop_points=1.5:runner_target_points=2:runner_stop_mode=breakeven,delta_impulse_continue_3bar_1pt_20d,all,0.5,1.5,2,breakeven,225,225,225,100,125,46,79,0,0,46,0.20444444,-7275,-20100,-89.33333333,111,114,"two-contract post-signal scalp: one contract exits at first target, one runner uses selected stop mode and runner target"
1,signal_scaled_scalp:strategy=delta_impulse_continue_3bar_1pt_20d:direction=all:first_target_points=0.5:stop_points=1.5:runner_target_points=2:runner_stop_mode=initial,delta_impulse_continue_3bar_1pt_20d,all,0.5,1.5,2,initial,225,225,225,100,125,85,40,0,0,85,0.37777778,-6375,-19200,-85.33333333,111,114,"two-contract post-signal scalp: one contract exits at first target, one runner uses selected stop mode and runner target"
1,signal_scaled_scalp:strategy=delta_impulse_continue_3bar_1pt_20d:direction=all:first_target_points=0.5:stop_points=1.5:runner_target_points=3:runner_stop_mode=breakeven,delta_impulse_continue_3bar_1pt_20d,all,0.5,1.5,3,breakeven,225,225,225,100,125,29,96,0,0,29,0.12888889,-7525,-20350,-90.44444444,111,114,"two-contract post-signal scalp: one contract exits at first target, one runner uses selected stop mode and runner target"
1,signal_scaled_scalp:strategy=delta_impulse_continue_3bar_1pt_20d:direction=all:first_target_points=0.5:stop_points=1.5:runner_target_points=3:runner_stop_mode=initial,delta_impulse_continue_3bar_1pt_20d,all,0.5,1.5,3,initial,225,225,225,100,125,69,56,0,0,69,0.30666667,-5725,-18550,-82.44444444,111,114,"two-contract post-signal scalp: one contract exits at first target, one runner uses selected stop mode and runner target"
1,signal_scaled_scalp:strategy=delta_impulse_continue_3bar_1pt_20d:direction=all:first_target_points=0.5:stop_points=1.5:runner_target_points=5:runner_stop_mode=breakeven,delta_impulse_continue_3bar_1pt_20d,all,0.5,1.5,5,breakeven,225,225,225,100,125,16,109,0,0,16,0.07111111,-7875,-20700,-92,111,114,"two-contract post-signal scalp: one contract exits at first target, one runner uses selected stop mode and runner target"
1,signal_scaled_scalp:strategy=delta_impulse_continue_3bar_1pt_20d:direction=all:first_target_points=0.5:stop_points=1.5:runner_target_points=5:runner_stop_mode=initial,delta_impulse_continue_3bar_1pt_20d,all,0.5,1.5,5,initial,225,225,225,100,125,47,78,0,0,47,0.20888889,-5975,-18800,-83.55555556,111,114,"two-contract post-signal scalp: one contract exits at first target, one runner uses selected stop mode and runner target"
1,signal_scaled_scalp:strategy=delta_impulse_continue_3bar_1pt_20d:direction=all:first_target_points=0.5:stop_points=2:runner_target_points=1.5:runner_stop_mode=breakeven,delta_impulse_continue_3bar_1pt_20d,all,0.5,2,1.5,breakeven,225,225,225,88,137,57,80,0,0,57,0.25333333,-9900,-22725,-101,111,114,"two-contract post-signal scalp: one contract exits at first target, one runner uses selected stop mode and runner target"
1,signal_scaled_scalp:strategy=delta_impulse_continue_3bar_1pt_20d:direction=all:first_target_points=0.5:stop_points=2:runner_target_points=1.5:runner_stop_mode=initial,delta_impulse_continue_3bar_1pt_20d,all,0.5,2,1.5,initial,225,225,225,88,137,107,30,0,0,107,0.47555556,-9150,-21975,-97.66666667,111,114,"two-contract post-signal scalp: one contract exits at first target, one runner uses selected stop mode and runner target"
1,signal_scaled_scalp:strategy=delta_impulse_continue_3bar_1pt_20d:direction=all:first_target_points=0.5:stop_points=2:runner_target_points=2:runner_stop_mode=breakeven,delta_impulse_continue_3bar_1pt_20d,all,0.5,2,2,breakeven,225,225,225,88,137,48,89,0,0,48,0.21333333,-9375,-22200,-98.66666667,111,114,"two-contract post-signal scalp: one contract exits at first target, one runner uses selected stop mode and runner target"
1,signal_scaled_scalp:strategy=delta_impulse_continue_3bar_1pt_20d:direction=all:first_target_points=0.5:stop_points=2:runner_target_points=2:runner_stop_mode=initial,delta_impulse_continue_3bar_1pt_20d,all,0.5,2,2,initial,225,225,225,88,137,99,38,0,0,99,0.44,-8075,-20900,-92.88888889,111,114,"two-contract post-signal scalp: one contract exits at first target, one runner uses selected stop mode and runner target"
1,signal_scaled_scalp:strategy=delta_impulse_continue_3bar_1pt_20d:direction=all:first_target_points=0.5:stop_points=2:runner_target_points=3:runner_stop_mode=breakeven,delta_impulse_continue_3bar_1pt_20d,all,0.5,2,3,breakeven,225,225,225,88,137,31,106,0,0,31,0.13777778,-9525,-22350,-99.33333333,111,114,"two-contract post-signal scalp: one contract exits at first target, one runner uses selected stop mode and runner target"
1,signal_scaled_scalp:strategy=delta_impulse_continue_3bar_1pt_20d:direction=all:first_target_points=0.5:stop_points=2:runner_target_points=3:runner_stop_mode=initial,delta_impulse_continue_3bar_1pt_20d,all,0.5,2,3,initial,225,225,225,88,137,83,54,0,0,83,0.36888889,-7125,-19950,-88.66666667,111,114,"two-contract post-signal scalp: one contract exits at first target, one runner uses selected stop mode and runner target"
1,signal_scaled_scalp:strategy=delta_impulse_continue_3bar_1pt_20d:direction=all:first_target_points=0.5:stop_points=2:runner_target_points=5:runner_stop_mode=breakeven,delta_impulse_continue_3bar_1pt_20d,all,0.5,2,5,breakeven,225,225,225,88,137,18,119,0,0,18,0.08,-9675,-22500,-100,111,114,"two-contract post-signal scalp: one contract exits at first target, one runner uses selected stop mode and runner target"
1,signal_scaled_scalp:strategy=delta_impulse_continue_3bar_1pt_20d:direction=all:first_target_points=0.5:stop_points=2:runner_target_points=5:runner_stop_mode=initial,delta_impulse_continue_3bar_1pt_20d,all,0.5,2,5,initial,225,225,225,88,137,56,81,0,0,56,0.24888889,-8275,-21100,-93.77777778,111,114,"two-contract post-signal scalp: one contract exits at first target, one runner uses selected stop mode and runner target"
1,signal_scaled_scalp:strategy=delta_impulse_continue_3bar_1pt_20d:direction=all:first_target_points=1:stop_points=1:runner_target_points=1.5:runner_stop_mode=breakeven,delta_impulse_continue_3bar_1pt_20d,all,1,1,1.5,breakeven,225,225,225,136,89,57,32,0,0,57,0.25333333,-4875,-17700,-78.66666667,111,114,"two-contract post-signal scalp: one contract exits at first target, one runner uses selected stop mode and runner target"
1,signal_scaled_scalp:strategy=delta_impulse_continue_3bar_1pt_20d:direction=all:first_target_points=1:stop_points=1:runner_target_points=1.5:runner_stop_mode=initial,delta_impulse_continue_3bar_1pt_20d,all,1,1,1.5,initial,225,225,225,136,89,71,18,0,0,71,0.31555556,-4725,-17550,-78,111,114,"two-contract post-signal scalp: one contract exits at first target, one runner uses selected stop mode and runner target"
1,signal_scaled_scalp:strategy=delta_impulse_continue_3bar_1pt_20d:direction=all:first_target_points=1:stop_points=1:runner_target_points=2:runner_stop_mode=breakeven,delta_impulse_continue_3bar_1pt_20d,all,1,1,2,breakeven,225,225,225,136,89,49,40,0,0,49,0.21777778,-4250,-17075,-75.88888889,111,114,"two-contract post-signal scalp: one contract exits at first target, one runner uses selected stop mode and runner target"
1,signal_scaled_scalp:strategy=delta_impulse_continue_3bar_1pt_20d:direction=all:first_target_points=1:stop_points=1:runner_target_points=2:runner_stop_mode=initial,delta_impulse_continue_3bar_1pt_20d,all,1,1,2,initial,225,225,225,136,89,65,24,0,0,65,0.28888889,-3850,-16675,-74.11111111,111,114,"two-contract post-signal scalp: one contract exits at first target, one runner uses selected stop mode and runner target"
1,signal_scaled_scalp:strategy=delta_impulse_continue_3bar_1pt_20d:direction=all:first_target_points=1:stop_points=1:runner_target_points=3:runner_stop_mode=breakeven,delta_impulse_continue_3bar_1pt_20d,all,1,1,3,breakeven,225,225,225,136,89,30,59,0,0,30,0.13333333,-4650,-17475,-77.66666667,111,114,"two-contract post-signal scalp: one contract exits at first target, one runner uses selected stop mode and runner target"
1,signal_scaled_scalp:strategy=delta_impulse_continue_3bar_1pt_20d:direction=all:first_target_points=1:stop_points=1:runner_target_points=3:runner_stop_mode=initial,delta_impulse_continue_3bar_1pt_20d,all,1,1,3,initial,225,225,225,136,89,51,38,0,0,51,0.22666667,-3400,-16225,-72.11111111,111,114,"two-contract post-signal scalp: one contract exits at first target, one runner uses selected stop mode and runner target"
1,signal_scaled_scalp:strategy=delta_impulse_continue_3bar_1pt_20d:direction=all:first_target_points=1:stop_points=1:runner_target_points=5:runner_stop_mode=breakeven,delta_impulse_continue_3bar_1pt_20d,all,1,1,5,breakeven,225,225,225,136,89,15,74,0,0,15,0.06666667,-5400,-18225,-81,111,114,"two-contract post-signal scalp: one contract exits at first target, one runner uses selected stop mode and runner target"
1,signal_scaled_scalp:strategy=delta_impulse_continue_3bar_1pt_20d:direction=all:first_target_points=1:stop_points=1:runner_target_points=5:runner_stop_mode=initial,delta_impulse_continue_3bar_1pt_20d,all,1,1,5,initial,225,225,225,136,89,31,58,0,0,31,0.13777778,-4300,-17125,-76.11111111,111,114,"two-contract post-signal scalp: one contract exits at first target, one runner uses selected stop mode and runner target"
1,signal_scaled_scalp:strategy=delta_impulse_continue_3bar_1pt_20d:direction=all:first_target_points=1:stop_points=1.5:runner_target_points=1.5:runner_stop_mode=breakeven,delta_impulse_continue_3bar_1pt_20d,all,1,1.5,1.5,breakeven,225,225,225,113,112,71,41,0,0,71,0.31555556,-6025,-18850,-83.77777778,111,114,"two-contract post-signal scalp: one contract exits at first target, one runner uses selected stop mode and runner target"
1,signal_scaled_scalp:strategy=delta_impulse_continue_3bar_1pt_20d:direction=all:first_target_points=1:stop_points=1.5:runner_target_points=1.5:runner_stop_mode=initial,delta_impulse_continue_3bar_1pt_20d,all,1,1.5,1.5,initial,225,225,225,113,112,92,20,0,0,92,0.40888889,-5950,-18775,-83.44444444,111,114,"two-contract post-signal scalp: one contract exits at first target, one runner uses selected stop mode and runner target"
1,signal_scaled_scalp:strategy=delta_impulse_continue_3bar_1pt_20d:direction=all:first_target_points=1:stop_points=1.5:runner_target_points=2:runner_stop_mode=breakeven,delta_impulse_continue_3bar_1pt_20d,all,1,1.5,2,breakeven,225,225,225,113,112,60,52,0,0,60,0.26666667,-5350,-18175,-80.77777778,111,114,"two-contract post-signal scalp: one contract exits at first target, one runner uses selected stop mode and runner target"
1,signal_scaled_scalp:strategy=delta_impulse_continue_3bar_1pt_20d:direction=all:first_target_points=1:stop_points=1.5:runner_target_points=2:runner_stop_mode=initial,delta_impulse_continue_3bar_1pt_20d,all,1,1.5,2,initial,225,225,225,113,112,85,27,0,0,85,0.37777778,-4875,-17700,-78.66666667,111,114,"two-contract post-signal scalp: one contract exits at first target, one runner uses selected stop mode and runner target"
1,signal_scaled_scalp:strategy=delta_impulse_continue_3bar_1pt_20d:direction=all:first_target_points=1:stop_points=1.5:runner_target_points=3:runner_stop_mode=breakeven,delta_impulse_continue_3bar_1pt_20d,all,1,1.5,3,breakeven,225,225,225,113,112,37,75,0,0,37,0.16444444,-5800,-18625,-82.77777778,111,114,"two-contract post-signal scalp: one contract exits at first target, one runner uses selected stop mode and runner target"
1,signal_scaled_scalp:strategy=delta_impulse_continue_3bar_1pt_20d:direction=all:first_target_points=1:stop_points=1.5:runner_target_points=3:runner_stop_mode=initial,delta_impulse_continue_3bar_1pt_20d,all,1,1.5,3,initial,225,225,225,113,112,69,43,0,0,69,0.30666667,-4225,-17050,-75.77777778,111,114,"two-contract post-signal scalp: one contract exits at first target, one runner uses selected stop mode and runner target"
1,signal_scaled_scalp:strategy=delta_impulse_continue_3bar_1pt_20d:direction=all:first_target_points=1:stop_points=1.5:runner_target_points=5:runner_stop_mode=breakeven,delta_impulse_continue_3bar_1pt_20d,all,1,1.5,5,breakeven,225,225,225,113,112,20,92,0,0,20,0.08888889,-6350,-19175,-85.22222222,111,114,"two-contract post-signal scalp: one contract exits at first target, one runner uses selected stop mode and runner target"
1,signal_scaled_scalp:strategy=delta_impulse_continue_3bar_1pt_20d:direction=all:first_target_points=1:stop_points=1.5:runner_target_points=5:runner_stop_mode=initial,delta_impulse_continue_3bar_1pt_20d,all,1,1.5,5,initial,225,225,225,113,112,47,65,0,0,47,0.20888889,-4475,-17300,-76.88888889,111,114,"two-contract post-signal scalp: one contract exits at first target, one runner uses selected stop mode and runner target"
1,signal_scaled_scalp:strategy=delta_impulse_continue_3bar_1pt_20d:direction=all:first_target_points=1:stop_points=2:runner_target_points=1.5:runner_stop_mode=breakeven,delta_impulse_continue_3bar_1pt_20d,all,1,2,1.5,breakeven,225,225,225,101,124,78,46,0,0,78,0.34666667,-8150,-20975,-93.22222222,111,114,"two-contract post-signal scalp: one contract exits at first target, one runner uses selected stop mode and runner target"
1,signal_scaled_scalp:strategy=delta_impulse_continue_3bar_1pt_20d:direction=all:first_target_points=1:stop_points=2:runner_target_points=1.5:runner_stop_mode=initial,delta_impulse_continue_3bar_1pt_20d,all,1,2,1.5,initial,225,225,225,101,124,107,17,0,0,107,0.47555556,-7675,-20500,-91.11111111,111,114,"two-contract post-signal scalp: one contract exits at first target, one runner uses selected stop mode and runner target"
1,signal_scaled_scalp:strategy=delta_impulse_continue_3bar_1pt_20d:direction=all:first_target_points=1:stop_points=2:runner_target_points=2:runner_stop_mode=breakeven,delta_impulse_continue_3bar_1pt_20d,all,1,2,2,breakeven,225,225,225,101,124,65,59,0,0,65,0.28888889,-7500,-20325,-90.33333333,111,114,"two-contract post-signal scalp: one contract exits at first target, one runner uses selected stop mode and runner target"
1,signal_scaled_scalp:strategy=delta_impulse_continue_3bar_1pt_20d:direction=all:first_target_points=1:stop_points=2:runner_target_points=2:runner_stop_mode=initial,delta_impulse_continue_3bar_1pt_20d,all,1,2,2,initial,225,225,225,101,124,99,25,0,0,99,0.44,-6600,-19425,-86.33333333,111,114,"two-contract post-signal scalp: one contract exits at first target, one runner uses selected stop mode and runner target"
1,signal_scaled_scalp:strategy=delta_impulse_continue_3bar_1pt_20d:direction=all:first_target_points=1:stop_points=2:runner_target_points=3:runner_stop_mode=breakeven,delta_impulse_continue_3bar_1pt_20d,all,1,2,3,breakeven,225,225,225,101,124,41,83,0,0,41,0.18222222,-7850,-20675,-91.88888889,111,114,"two-contract post-signal scalp: one contract exits at first target, one runner uses selected stop mode and runner target"
1,signal_scaled_scalp:strategy=delta_impulse_continue_3bar_1pt_20d:direction=all:first_target_points=1:stop_points=2:runner_target_points=3:runner_stop_mode=initial,delta_impulse_continue_3bar_1pt_20d,all,1,2,3,initial,225,225,225,101,124,83,41,0,0,83,0.36888889,-5650,-18475,-82.11111111,111,114,"two-contract post-signal scalp: one contract exits at first target, one runner uses selected stop mode and runner target"
1,signal_scaled_scalp:strategy=delta_impulse_continue_3bar_1pt_20d:direction=all:first_target_points=1:stop_points=2:runner_target_points=5:runner_stop_mode=breakeven,delta_impulse_continue_3bar_1pt_20d,all,1,2,5,breakeven,225,225,225,101,124,23,101,0,0,23,0.10222222,-8250,-21075,-93.66666667,111,114,"two-contract post-signal scalp: one contract exits at first target, one runner uses selected stop mode and runner target"
1,signal_scaled_scalp:strategy=delta_impulse_continue_3bar_1pt_20d:direction=all:first_target_points=1:stop_points=2:runner_target_points=5:runner_stop_mode=initial,delta_impulse_continue_3bar_1pt_20d,all,1,2,5,initial,225,225,225,101,124,56,68,0,0,56,0.24888889,-6800,-19625,-87.22222222,111,114,"two-contract post-signal scalp: one contract exits at first target, one runner uses selected stop mode and runner target"
1,signal_scaled_scalp:strategy=delta_impulse_continue_3bar_1pt_20d:direction=all:first_target_points=1.5:stop_points=1:runner_target_points=2:runner_stop_mode=breakeven,delta_impulse_continue_3bar_1pt_20d,all,1.5,1,2,breakeven,225,225,225,154,71,61,10,0,0,71,0.31555556,-3975,-16800,-74.66666667,111,114,"two-contract post-signal scalp: one contract exits at first target, one runner uses selected stop mode and runner target"
1,signal_scaled_scalp:strategy=delta_impulse_continue_3bar_1pt_20d:direction=all:first_target_points=1.5:stop_points=1:runner_target_points=2:runner_stop_mode=initial,delta_impulse_continue_3bar_1pt_20d,all,1.5,1,2,initial,225,225,225,154,71,65,6,0,0,65,0.28888889,-3875,-16700,-74.22222222,111,114,"two-contract post-signal scalp: one contract exits at first target, one runner uses selected stop mode and runner target"
1,signal_scaled_scalp:strategy=delta_impulse_continue_3bar_1pt_20d:direction=all:first_target_points=1.5:stop_points=1:runner_target_points=3:runner_stop_mode=breakeven,delta_impulse_continue_3bar_1pt_20d,all,1.5,1,3,breakeven,225,225,225,154,71,38,33,0,0,71,0.31555556,-4375,-17200,-76.44444444,111,114,"two-contract post-signal scalp: one contract exits at first target, one runner uses selected stop mode and runner target"
1,signal_scaled_scalp:strategy=delta_impulse_continue_3bar_1pt_20d:direction=all:first_target_points=1.5:stop_points=1:runner_target_points=3:runner_stop_mode=initial,delta_impulse_continue_3bar_1pt_20d,all,1.5,1,3,initial,225,225,225,154,71,51,20,0,0,51,0.22666667,-3425,-16250,-72.22222222,111,114,"two-contract post-signal scalp: one contract exits at first target, one runner uses selected stop mode and runner target"
1,signal_scaled_scalp:strategy=delta_impulse_continue_3bar_1pt_20d:direction=all:first_target_points=1.5:stop_points=1:runner_target_points=5:runner_stop_mode=breakeven,delta_impulse_continue_3bar_1pt_20d,all,1.5,1,5,breakeven,225,225,225,154,71,21,50,0,0,71,0.31555556,-4825,-17650,-78.44444444,111,114,"two-contract post-signal scalp: one contract exits at first target, one runner uses selected stop mode and runner target"
1,signal_scaled_scalp:strategy=delta_impulse_continue_3bar_1pt_20d:direction=all:first_target_points=1.5:stop_points=1:runner_target_points=5:runner_stop_mode=initial,delta_impulse_continue_3bar_1pt_20d,all,1.5,1,5,initial,225,225,225,154,71,31,40,0,0,31,0.13777778,-4325,-17150,-76.22222222,111,114,"two-contract post-signal scalp: one contract exits at first target, one runner uses selected stop mode and runner target"
1,signal_scaled_scalp:strategy=delta_impulse_continue_3bar_1pt_20d:direction=all:first_target_points=1.5:stop_points=1.5:runner_target_points=2:runner_stop_mode=breakeven,delta_impulse_continue_3bar_1pt_20d,all,1.5,1.5,2,breakeven,225,225,225,133,92,77,15,0,0,92,0.40888889,-5350,-18175,-80.77777778,111,114,"two-contract post-signal scalp: one contract exits at first target, one runner uses selected stop mode and runner target"
1,signal_scaled_scalp:strategy=delta_impulse_continue_3bar_1pt_20d:direction=all:first_target_points=1.5:stop_points=1.5:runner_target_points=2:runner_stop_mode=initial,delta_impulse_continue_3bar_1pt_20d,all,1.5,1.5,2,initial,225,225,225,133,92,85,7,0,0,85,0.37777778,-5075,-17900,-79.55555556,111,114,"two-contract post-signal scalp: one contract exits at first target, one runner uses selected stop mode and runner target"
1,signal_scaled_scalp:strategy=delta_impulse_continue_3bar_1pt_20d:direction=all:first_target_points=1.5:stop_points=1.5:runner_target_points=3:runner_stop_mode=breakeven,delta_impulse_continue_3bar_1pt_20d,all,1.5,1.5,3,breakeven,225,225,225,133,92,48,44,0,0,92,0.40888889,-5850,-18675,-83,111,114,"two-contract post-signal scalp: one contract exits at first target, one runner uses selected stop mode and runner target"
1,signal_scaled_scalp:strategy=delta_impulse_continue_3bar_1pt_20d:direction=all:first_target_points=1.5:stop_points=1.5:runner_target_points=3:runner_stop_mode=initial,delta_impulse_continue_3bar_1pt_20d,all,1.5,1.5,3,initial,225,225,225,133,92,69,23,0,0,69,0.30666667,-4425,-17250,-76.66666667,111,114,"two-contract post-signal scalp: one contract exits at first target, one runner uses selected stop mode and runner target"
1,signal_scaled_scalp:strategy=delta_impulse_continue_3bar_1pt_20d:direction=all:first_target_points=1.5:stop_points=1.5:runner_target_points=5:runner_stop_mode=breakeven,delta_impulse_continue_3bar_1pt_20d,all,1.5,1.5,5,breakeven,225,225,225,133,92,28,64,0,0,92,0.40888889,-6050,-18875,-83.88888889,111,114,"two-contract post-signal scalp: one contract exits at first target, one runner uses selected stop mode and runner target"
1,signal_scaled_scalp:strategy=delta_impulse_continue_3bar_1pt_20d:direction=all:first_target_points=1.5:stop_points=1.5:runner_target_points=5:runner_stop_mode=initial,delta_impulse_continue_3bar_1pt_20d,all,1.5,1.5,5,initial,225,225,225,133,92,47,45,0,0,47,0.20888889,-4675,-17500,-77.77777778,111,114,"two-contract post-signal scalp: one contract exits at first target, one runner uses selected stop mode and runner target"
1,signal_scaled_scalp:strategy=delta_impulse_continue_3bar_1pt_20d:direction=all:first_target_points=1.5:stop_points=2:runner_target_points=2:runner_stop_mode=breakeven,delta_impulse_continue_3bar_1pt_20d,all,1.5,2,2,breakeven,225,225,225,118,107,90,17,0,0,107,0.47555556,-6575,-19400,-86.22222222,111,114,"two-contract post-signal scalp: one contract exits at first target, one runner uses selected stop mode and runner target"
1,signal_scaled_scalp:strategy=delta_impulse_continue_3bar_1pt_20d:direction=all:first_target_points=1.5:stop_points=2:runner_target_points=2:runner_stop_mode=initial,delta_impulse_continue_3bar_1pt_20d,all,1.5,2,2,initial,225,225,225,118,107,99,8,0,0,99,0.44,-6475,-19300,-85.77777778,111,114,"two-contract post-signal scalp: one contract exits at first target, one runner uses selected stop mode and runner target"
1,signal_scaled_scalp:strategy=delta_impulse_continue_3bar_1pt_20d:direction=all:first_target_points=1.5:stop_points=2:runner_target_points=3:runner_stop_mode=breakeven,delta_impulse_continue_3bar_1pt_20d,all,1.5,2,3,breakeven,225,225,225,118,107,58,49,0,0,107,0.47555556,-6875,-19700,-87.55555556,111,114,"two-contract post-signal scalp: one contract exits at first target, one runner uses selected stop mode and runner target"
1,signal_scaled_scalp:strategy=delta_impulse_continue_3bar_1pt_20d:direction=all:first_target_points=1.5:stop_points=2:runner_target_points=3:runner_stop_mode=initial,delta_impulse_continue_3bar_1pt_20d,all,1.5,2,3,initial,225,225,225,118,107,83,24,0,0,83,0.36888889,-5525,-18350,-81.55555556,111,114,"two-contract post-signal scalp: one contract exits at first target, one runner uses selected stop mode and runner target"
1,signal_scaled_scalp:strategy=delta_impulse_continue_3bar_1pt_20d:direction=all:first_target_points=1.5:stop_points=2:runner_target_points=5:runner_stop_mode=breakeven,delta_impulse_continue_3bar_1pt_20d,all,1.5,2,5,breakeven,225,225,225,118,107,33,74,0,0,107,0.47555556,-7325,-20150,-89.55555556,111,114,"two-contract post-signal scalp: one contract exits at first target, one runner uses selected stop mode and runner target"
1,signal_scaled_scalp:strategy=delta_impulse_continue_3bar_1pt_20d:direction=all:first_target_points=1.5:stop_points=2:runner_target_points=5:runner_stop_mode=initial,delta_impulse_continue_3bar_1pt_20d,all,1.5,2,5,initial,225,225,225,118,107,56,51,0,0,56,0.24888889,-6675,-19500,-86.66666667,111,114,"two-contract post-signal scalp: one contract exits at first target, one runner uses selected stop mode and runner target"
1,signal_scaled_scalp:strategy=delta_impulse_continue_5bar_1.5pt_30d:direction=all:first_target_points=0.5:stop_points=1:runner_target_points=1.5:runner_stop_mode=breakeven,delta_impulse_continue_5bar_1.5pt_30d,all,0.5,1,1.5,breakeven,197,197,197,100,97,52,45,0,0,52,0.26395939,-3675,-14904,-75.65482234,89,108,"two-contract post-signal scalp: one contract exits at first target, one runner uses selected stop mode and runner target"
1,signal_scaled_scalp:strategy=delta_impulse_continue_5bar_1.5pt_30d:direction=all:first_target_points=0.5:stop_points=1:runner_target_points=1.5:runner_stop_mode=initial,delta_impulse_continue_5bar_1.5pt_30d,all,0.5,1,1.5,initial,197,197,197,100,97,71,26,0,0,71,0.36040609,-3550,-14779,-75.02030457,89,108,"two-contract post-signal scalp: one contract exits at first target, one runner uses selected stop mode and runner target"
1,signal_scaled_scalp:strategy=delta_impulse_continue_5bar_1.5pt_30d:direction=all:first_target_points=0.5:stop_points=1:runner_target_points=2:runner_stop_mode=breakeven,delta_impulse_continue_5bar_1.5pt_30d,all,0.5,1,2,breakeven,197,197,197,100,97,39,58,0,0,39,0.19796954,-3675,-14904,-75.65482234,89,108,"two-contract post-signal scalp: one contract exits at first target, one runner uses selected stop mode and runner target"
1,signal_scaled_scalp:strategy=delta_impulse_continue_5bar_1.5pt_30d:direction=all:first_target_points=0.5:stop_points=1:runner_target_points=2:runner_stop_mode=initial,delta_impulse_continue_5bar_1.5pt_30d,all,0.5,1,2,initial,197,197,197,100,97,54,43,0,0,54,0.27411168,-4325,-15554,-78.95431472,89,108,"two-contract post-signal scalp: one contract exits at first target, one runner uses selected stop mode and runner target"
1,signal_scaled_scalp:strategy=delta_impulse_continue_5bar_1.5pt_30d:direction=all:first_target_points=0.5:stop_points=1:runner_target_points=3:runner_stop_mode=breakeven,delta_impulse_continue_5bar_1.5pt_30d,all,0.5,1,3,breakeven,197,197,197,100,97,25,72,0,0,25,0.12690355,-3825,-15054,-76.41624365,89,108,"two-contract post-signal scalp: one contract exits at first target, one runner uses selected stop mode and runner target"
1,signal_scaled_scalp:strategy=delta_impulse_continue_5bar_1.5pt_30d:direction=all:first_target_points=0.5:stop_points=1:runner_target_points=3:runner_stop_mode=initial,delta_impulse_continue_5bar_1.5pt_30d,all,0.5,1,3,initial,197,197,197,100,97,44,53,0,0,44,0.22335025,-3625,-14854,-75.40101523,89,108,"two-contract post-signal scalp: one contract exits at first target, one runner uses selected stop mode and runner target"
1,signal_scaled_scalp:strategy=delta_impulse_continue_5bar_1.5pt_30d:direction=all:first_target_points=0.5:stop_points=1:runner_target_points=5:runner_stop_mode=breakeven,delta_impulse_continue_5bar_1.5pt_30d,all,0.5,1,5,breakeven,197,197,197,100,97,12,85,0,0,12,0.06091371,-4575,-15804,-80.22335025,89,108,"two-contract post-signal scalp: one contract exits at first target, one runner uses selected stop mode and runner target"
1,signal_scaled_scalp:strategy=delta_impulse_continue_5bar_1.5pt_30d:direction=all:first_target_points=0.5:stop_points=1:runner_target_points=5:runner_stop_mode=initial,delta_impulse_continue_5bar_1.5pt_30d,all,0.5,1,5,initial,197,197,197,100,97,21,76,0,0,21,0.10659898,-6125,-17354,-88.09137056,89,108,"two-contract post-signal scalp: one contract exits at first target, one runner uses selected stop mode and runner target"
1,signal_scaled_scalp:strategy=delta_impulse_continue_5bar_1.5pt_30d:direction=all:first_target_points=0.5:stop_points=1.5:runner_target_points=1.5:runner_stop_mode=breakeven,delta_impulse_continue_5bar_1.5pt_30d,all,0.5,1.5,1.5,breakeven,197,197,197,80,117,53,64,0,0,53,0.26903553,-5100,-16329,-82.88832487,89,108,"two-contract post-signal scalp: one contract exits at first target, one runner uses selected stop mode and runner target"
1,signal_scaled_scalp:strategy=delta_impulse_continue_5bar_1.5pt_30d:direction=all:first_target_points=0.5:stop_points=1.5:runner_target_points=1.5:runner_stop_mode=initial,delta_impulse_continue_5bar_1.5pt_30d,all,0.5,1.5,1.5,initial,197,197,197,80,117,89,28,0,0,89,0.45177665,-4500,-15729,-79.84263959,89,108,"two-contract post-signal scalp: one contract exits at first target, one runner uses selected stop mode and runner target"
1,signal_scaled_scalp:strategy=delta_impulse_continue_5bar_1.5pt_30d:direction=all:first_target_points=0.5:stop_points=1.5:runner_target_points=2:runner_stop_mode=breakeven,delta_impulse_continue_5bar_1.5pt_30d,all,0.5,1.5,2,breakeven,197,197,197,80,117,39,78,0,0,39,0.19796954,-5175,-16404,-83.26903553,89,108,"two-contract post-signal scalp: one contract exits at first target, one runner uses selected stop mode and runner target"
1,signal_scaled_scalp:strategy=delta_impulse_continue_5bar_1.5pt_30d:direction=all:first_target_points=0.5:stop_points=1.5:runner_target_points=2:runner_stop_mode=initial,delta_impulse_continue_5bar_1.5pt_30d,all,0.5,1.5,2,initial,197,197,197,80,117,73,44,0,0,73,0.37055838,-5075,-16304,-82.76142132,89,108,"two-contract post-signal scalp: one contract exits at first target, one runner uses selected stop mode and runner target"
1,signal_scaled_scalp:strategy=delta_impulse_continue_5bar_1.5pt_30d:direction=all:first_target_points=0.5:stop_points=1.5:runner_target_points=3:runner_stop_mode=breakeven,delta_impulse_continue_5bar_1.5pt_30d,all,0.5,1.5,3,breakeven,197,197,197,80,117,25,92,0,0,25,0.12690355,-5325,-16554,-84.03045685,89,108,"two-contract post-signal scalp: one contract exits at first target, one runner uses selected stop mode and runner target"
1,signal_scaled_scalp:strategy=delta_impulse_continue_5bar_1.5pt_30d:direction=all:first_target_points=0.5:stop_points=1.5:runner_target_points=3:runner_stop_mode=initial,delta_impulse_continue_5bar_1.5pt_30d,all,0.5,1.5,3,initial,197,197,197,80,117,62,55,0,0,62,0.31472081,-3900,-15129,-76.79695431,89,108,"two-contract post-signal scalp: one contract exits at first target, one runner uses selected stop mode and runner target"
1,signal_scaled_scalp:strategy=delta_impulse_continue_5bar_1.5pt_30d:direction=all:first_target_points=0.5:stop_points=1.5:runner_target_points=5:runner_stop_mode=breakeven,delta_impulse_continue_5bar_1.5pt_30d,all,0.5,1.5,5,breakeven,197,197,197,80,117,12,105,0,0,12,0.06091371,-6075,-17304,-87.83756345,89,108,"two-contract post-signal scalp: one contract exits at first target, one runner uses selected stop mode and runner target"
1,signal_scaled_scalp:strategy=delta_impulse_continue_5bar_1.5pt_30d:direction=all:first_target_points=0.5:stop_points=1.5:runner_target_points=5:runner_stop_mode=initial,delta_impulse_continue_5bar_1.5pt_30d,all,0.5,1.5,5,initial,197,197,197,80,117,36,81,0,0,36,0.18274112,-6150,-17379,-88.21827411,89,108,"two-contract post-signal scalp: one contract exits at first target, one runner uses selected stop mode and runner target"
1,signal_scaled_scalp:strategy=delta_impulse_continue_5bar_1.5pt_30d:direction=all:first_target_points=0.5:stop_points=2:runner_target_points=1.5:runner_stop_mode=breakeven,delta_impulse_continue_5bar_1.5pt_30d,all,0.5,2,1.5,breakeven,197,197,197,72,125,55,70,0,0,55,0.27918782,-7150,-18379,-93.29441624,89,108,"two-contract post-signal scalp: one contract exits at first target, one runner uses selected stop mode and runner target"
1,signal_scaled_scalp:strategy=delta_impulse_continue_5bar_1.5pt_30d:direction=all:first_target_points=0.5:stop_points=2:runner_target_points=1.5:runner_stop_mode=initial,delta_impulse_continue_5bar_1.5pt_30d,all,0.5,2,1.5,initial,197,197,197,72,125,98,27,0,0,98,0.49746193,-6625,-17854,-90.62944162,89,108,"two-contract post-signal scalp: one contract exits at first target, one runner uses selected stop mode and runner target"
1,signal_scaled_scalp:strategy=delta_impulse_continue_5bar_1.5pt_30d:direction=all:first_target_points=0.5:stop_points=2:runner_target_points=2:runner_stop_mode=breakeven,delta_impulse_continue_5bar_1.5pt_30d,all,0.5,2,2,breakeven,197,197,197,72,125,40,85,0,0,40,0.20304569,-7275,-18504,-93.92893401,89,108,"two-contract post-signal scalp: one contract exits at first target, one runner uses selected stop mode and runner target"
1,signal_scaled_scalp:strategy=delta_impulse_continue_5bar_1.5pt_30d:direction=all:first_target_points=0.5:stop_points=2:runner_target_points=2:runner_stop_mode=initial,delta_impulse_continue_5bar_1.5pt_30d,all,0.5,2,2,initial,197,197,197,72,125,81,44,0,0,81,0.41116751,-7575,-18804,-95.45177665,89,108,"two-contract post-signal scalp: one contract exits at first target, one runner uses selected stop mode and runner target"
1,signal_scaled_scalp:strategy=delta_impulse_continue_5bar_1.5pt_30d:direction=all:first_target_points=0.5:stop_points=2:runner_target_points=3:runner_stop_mode=breakeven,delta_impulse_continue_5bar_1.5pt_30d,all,0.5,2,3,breakeven,197,197,197,72,125,26,99,0,0,26,0.1319797,-7375,-18604,-94.43654822,89,108,"two-contract post-signal scalp: one contract exits at first target, one runner uses selected stop mode and runner target"
1,signal_scaled_scalp:strategy=delta_impulse_continue_5bar_1.5pt_30d:direction=all:first_target_points=0.5:stop_points=2:runner_target_points=3:runner_stop_mode=initial,delta_impulse_continue_5bar_1.5pt_30d,all,0.5,2,3,initial,197,197,197,72,125,71,54,0,0,71,0.36040609,-6025,-17254,-87.58375635,89,108,"two-contract post-signal scalp: one contract exits at first target, one runner uses selected stop mode and runner target"
1,signal_scaled_scalp:strategy=delta_impulse_continue_5bar_1.5pt_30d:direction=all:first_target_points=0.5:stop_points=2:runner_target_points=5:runner_stop_mode=breakeven,delta_impulse_continue_5bar_1.5pt_30d,all,0.5,2,5,breakeven,197,197,197,72,125,13,112,0,0,13,0.06598985,-8025,-19254,-97.73604061,89,108,"two-contract post-signal scalp: one contract exits at first target, one runner uses selected stop mode and runner target"
1,signal_scaled_scalp:strategy=delta_impulse_continue_5bar_1.5pt_30d:direction=all:first_target_points=0.5:stop_points=2:runner_target_points=5:runner_stop_mode=initial,delta_impulse_continue_5bar_1.5pt_30d,all,0.5,2,5,initial,197,197,197,72,125,45,80,0,0,45,0.2284264,-8025,-19254,-97.73604061,89,108,"two-contract post-signal scalp: one contract exits at first target, one runner uses selected stop mode and runner target"
1,signal_scaled_scalp:strategy=delta_impulse_continue_5bar_1.5pt_30d:direction=all:first_target_points=1:stop_points=1:runner_target_points=1.5:runner_stop_mode=breakeven,delta_impulse_continue_5bar_1.5pt_30d,all,1,1,1.5,breakeven,197,197,197,115,82,64,18,0,0,64,0.3248731,-2600,-13829,-70.19796954,89,108,"two-contract post-signal scalp: one contract exits at first target, one runner uses selected stop mode and runner target"
1,signal_scaled_scalp:strategy=delta_impulse_continue_5bar_1.5pt_30d:direction=all:first_target_points=1:stop_points=1:runner_target_points=1.5:runner_stop_mode=initial,delta_impulse_continue_5bar_1.5pt_30d,all,1,1,1.5,initial,197,197,197,115,82,71,11,0,0,71,0.36040609,-2625,-13854,-70.3248731,89,108,"two-contract post-signal scalp: one contract exits at first target, one runner uses selected stop mode and runner target"
1,signal_scaled_scalp:strategy=delta_impulse_continue_5bar_1.5pt_30d:direction=all:first_target_points=1:stop_points=1:runner_target_points=2:runner_stop_mode=breakeven,delta_impulse_continue_5bar_1.5pt_30d,all,1,1,2,breakeven,197,197,197,115,82,44,38,0,0,44,0.22335025,-3000,-14229,-72.2284264,89,108,"two-contract post-signal scalp: one contract exits at first target, one runner uses selected stop mode and runner target"
1,signal_scaled_scalp:strategy=delta_impulse_continue_5bar_1.5pt_30d:direction=all:first_target_points=1:stop_points=1:runner_target_points=2:runner_stop_mode=initial,delta_impulse_continue_5bar_1.5pt_30d,all,1,1,2,initial,197,197,197,115,82,54,28,0,0,54,0.27411168,-3400,-14629,-74.25888325,89,108,"two-contract post-signal scalp: one contract exits at first target, one runner uses selected stop mode and runner target"
1,signal_scaled_scalp:strategy=delta_impulse_continue_5bar_1.5pt_30d:direction=all:first_target_points=1:stop_points=1:runner_target_points=3:runner_stop_mode=breakeven,delta_impulse_continue_5bar_1.5pt_30d,all,1,1,3,breakeven,197,197,197,115,82,29,53,0,0,29,0.14720812,-3050,-14279,-72.4822335,89,108,"two-contract post-signal scalp: one contract exits at first target, one runner uses selected stop mode and runner target"
1,signal_scaled_scalp:strategy=delta_impulse_continue_5bar_1.5pt_30d:direction=all:first_target_points=1:stop_points=1:runner_target_points=3:runner_stop_mode=initial,delta_impulse_continue_5bar_1.5pt_30d,all,1,1,3,initial,197,197,197,115,82,44,38,0,0,44,0.22335025,-2700,-13929,-70.70558376,89,108,"two-contract post-signal scalp: one contract exits at first target, one runner uses selected stop mode and runner target"
1,signal_scaled_scalp:strategy=delta_impulse_continue_5bar_1.5pt_30d:direction=all:first_target_points=1:stop_points=1:runner_target_points=5:runner_stop_mode=breakeven,delta_impulse_continue_5bar_1.5pt_30d,all,1,1,5,breakeven,197,197,197,115,82,13,69,0,0,13,0.06598985,-4150,-15379,-78.06598985,89,108,"two-contract post-signal scalp: one contract exits at first target, one runner uses selected stop mode and runner target"
1,signal_scaled_scalp:strategy=delta_impulse_continue_5bar_1.5pt_30d:direction=all:first_target_points=1:stop_points=1:runner_target_points=5:runner_stop_mode=initial,delta_impulse_continue_5bar_1.5pt_30d,all,1,1,5,initial,197,197,197,115,82,21,61,0,0,21,0.10659898,-5200,-16429,-83.39593909,89,108,"two-contract post-signal scalp: one contract exits at first target, one runner uses selected stop mode and runner target"
1,signal_scaled_scalp:strategy=delta_impulse_continue_5bar_1.5pt_30d:direction=all:first_target_points=1:stop_points=1.5:runner_target_points=1.5:runner_stop_mode=breakeven,delta_impulse_continue_5bar_1.5pt_30d,all,1,1.5,1.5,breakeven,197,197,197,93,104,73,31,0,0,73,0.37055838,-3275,-14504,-73.62436548,89,108,"two-contract post-signal scalp: one contract exits at first target, one runner uses selected stop mode and runner target"
1,signal_scaled_scalp:strategy=delta_impulse_continue_5bar_1.5pt_30d:direction=all:first_target_points=1:stop_points=1.5:runner_target_points=1.5:runner_stop_mode=initial,delta_impulse_continue_5bar_1.5pt_30d,all,1,1.5,1.5,initial,197,197,197,93,104,89,15,0,0,89,0.45177665,-3200,-14429,-73.24365482,89,108,"two-contract post-signal scalp: one contract exits at first target, one runner uses selected stop mode and runner target"
1,signal_scaled_scalp:strategy=delta_impulse_continue_5bar_1.5pt_30d:direction=all:first_target_points=1:stop_points=1.5:runner_target_points=2:runner_stop_mode=breakeven,delta_impulse_continue_5bar_1.5pt_30d,all,1,1.5,2,breakeven,197,197,197,93,104,51,53,0,0,51,0.25888325,-3650,-14879,-75.52791878,89,108,"two-contract post-signal scalp: one contract exits at first target, one runner uses selected stop mode and runner target"
1,signal_scaled_scalp:strategy=delta_impulse_continue_5bar_1.5pt_30d:direction=all:first_target_points=1:stop_points=1.5:runner_target_points=2:runner_stop_mode=initial,delta_impulse_continue_5bar_1.5pt_30d,all,1,1.5,2,initial,197,197,197,93,104,73,31,0,0,73,0.37055838,-3775,-15004,-76.16243655,89,108,"two-contract post-signal scalp: one contract exits at first target, one runner uses selected stop mode and runner target"
1,signal_scaled_scalp:strategy=delta_impulse_continue_5bar_1.5pt_30d:direction=all:first_target_points=1:stop_points=1.5:runner_target_points=3:runner_stop_mode=breakeven,delta_impulse_continue_5bar_1.5pt_30d,all,1,1.5,3,breakeven,197,197,197,93,104,33,71,0,0,33,0.16751269,-3800,-15029,-76.2893401,89,108,"two-contract post-signal scalp: one contract exits at first target, one runner uses selected stop mode and runner target"
1,signal_scaled_scalp:strategy=delta_impulse_continue_5bar_1.5pt_30d:direction=all:first_target_points=1:stop_points=1.5:runner_target_points=3:runner_stop_mode=initial,delta_impulse_continue_5bar_1.5pt_30d,all,1,1.5,3,initial,197,197,197,93,104,62,42,0,0,62,0.31472081,-2600,-13829,-70.19796954,89,108,"two-contract post-signal scalp: one contract exits at first target, one runner uses selected stop mode and runner target"
1,signal_scaled_scalp:strategy=delta_impulse_continue_5bar_1.5pt_30d:direction=all:first_target_points=1:stop_points=1.5:runner_target_points=5:runner_stop_mode=breakeven,delta_impulse_continue_5bar_1.5pt_30d,all,1,1.5,5,breakeven,197,197,197,93,104,17,87,0,0,17,0.08629442,-4500,-15729,-79.84263959,89,108,"two-contract post-signal scalp: one contract exits at first target, one runner uses selected stop mode and runner target"
1,signal_scaled_scalp:strategy=delta_impulse_continue_5bar_1.5pt_30d:direction=all:first_target_points=1:stop_points=1.5:runner_target_points=5:runner_stop_mode=initial,delta_impulse_continue_5bar_1.5pt_30d,all,1,1.5,5,initial,197,197,197,93,104,36,68,0,0,36,0.18274112,-4850,-16079,-81.61928934,89,108,"two-contract post-signal scalp: one contract exits at first target, one runner uses selected stop mode and runner target"
1,signal_scaled_scalp:strategy=delta_impulse_continue_5bar_1.5pt_30d:direction=all:first_target_points=1:stop_points=2:runner_target_points=1.5:runner_stop_mode=breakeven,delta_impulse_continue_5bar_1.5pt_30d,all,1,2,1.5,breakeven,197,197,197,85,112,79,33,0,0,79,0.40101523,-5475,-16704,-84.79187817,89,108,"two-contract post-signal scalp: one contract exits at first target, one runner uses selected stop mode and runner target"
1,signal_scaled_scalp:strategy=delta_impulse_continue_5bar_1.5pt_30d:direction=all:first_target_points=1:stop_points=2:runner_target_points=1.5:runner_stop_mode=initial,delta_impulse_continue_5bar_1.5pt_30d,all,1,2,1.5,initial,197,197,197,85,112,98,14,0,0,98,0.49746193,-5450,-16679,-84.66497462,89,108,"two-contract post-signal scalp: one contract exits at first target, one runner uses selected stop mode and runner target"
1,signal_scaled_scalp:strategy=delta_impulse_continue_5bar_1.5pt_30d:direction=all:first_target_points=1:stop_points=2:runner_target_points=2:runner_stop_mode=breakeven,delta_impulse_continue_5bar_1.5pt_30d,all,1,2,2,breakeven,197,197,197,85,112,54,58,0,0,54,0.27411168,-6000,-17229,-87.45685279,89,108,"two-contract post-signal scalp: one contract exits at first target, one runner uses selected stop mode and runner target"
1,signal_scaled_scalp:strategy=delta_impulse_continue_5bar_1.5pt_30d:direction=all:first_target_points=1:stop_points=2:runner_target_points=2:runner_stop_mode=initial,delta_impulse_continue_5bar_1.5pt_30d,all,1,2,2,initial,197,197,197,85,112,81,31,0,0,81,0.41116751,-6400,-17629,-89.48730964,89,108,"two-contract post-signal scalp: one contract exits at first target, one runner uses selected stop mode and runner target"
1,signal_scaled_scalp:strategy=delta_impulse_continue_5bar_1.5pt_30d:direction=all:first_target_points=1:stop_points=2:runner_target_points=3:runner_stop_mode=breakeven,delta_impulse_continue_5bar_1.5pt_30d,all,1,2,3,breakeven,197,197,197,85,112,36,76,0,0,36,0.18274112,-6000,-17229,-87.45685279,89,108,"two-contract post-signal scalp: one contract exits at first target, one runner uses selected stop mode and runner target"
1,signal_scaled_scalp:strategy=delta_impulse_continue_5bar_1.5pt_30d:direction=all:first_target_points=1:stop_points=2:runner_target_points=3:runner_stop_mode=initial,delta_impulse_continue_5bar_1.5pt_30d,all,1,2,3,initial,197,197,197,85,112,71,41,0,0,71,0.36040609,-4850,-16079,-81.61928934,89,108,"two-contract post-signal scalp: one contract exits at first target, one runner uses selected stop mode and runner target"
1,signal_scaled_scalp:strategy=delta_impulse_continue_5bar_1.5pt_30d:direction=all:first_target_points=1:stop_points=2:runner_target_points=5:runner_stop_mode=breakeven,delta_impulse_continue_5bar_1.5pt_30d,all,1,2,5,breakeven,197,197,197,85,112,19,93,0,0,19,0.0964467,-6650,-17879,-90.75634518,89,108,"two-contract post-signal scalp: one contract exits at first target, one runner uses selected stop mode and runner target"
1,signal_scaled_scalp:strategy=delta_impulse_continue_5bar_1.5pt_30d:direction=all:first_target_points=1:stop_points=2:runner_target_points=5:runner_stop_mode=initial,delta_impulse_continue_5bar_1.5pt_30d,all,1,2,5,initial,197,197,197,85,112,45,67,0,0,45,0.2284264,-6850,-18079,-91.7715736,89,108,"two-contract post-signal scalp: one contract exits at first target, one runner uses selected stop mode and runner target"
1,signal_scaled_scalp:strategy=delta_impulse_continue_5bar_1.5pt_30d:direction=all:first_target_points=1.5:stop_points=1:runner_target_points=2:runner_stop_mode=breakeven,delta_impulse_continue_5bar_1.5pt_30d,all,1.5,1,2,breakeven,197,197,197,126,71,51,20,0,0,71,0.36040609,-2175,-13404,-68.04060914,89,108,"two-contract post-signal scalp: one contract exits at first target, one runner uses selected stop mode and runner target"
1,signal_scaled_scalp:strategy=delta_impulse_continue_5bar_1.5pt_30d:direction=all:first_target_points=1.5:stop_points=1:runner_target_points=2:runner_stop_mode=initial,delta_impulse_continue_5bar_1.5pt_30d,all,1.5,1,2,initial,197,197,197,126,71,54,17,0,0,54,0.27411168,-2725,-13954,-70.83248731,89,108,"two-contract post-signal scalp: one contract exits at first target, one runner uses selected stop mode and runner target"
1,signal_scaled_scalp:strategy=delta_impulse_continue_5bar_1.5pt_30d:direction=all:first_target_points=1.5:stop_points=1:runner_target_points=3:runner_stop_mode=breakeven,delta_impulse_continue_5bar_1.5pt_30d,all,1.5,1,3,breakeven,197,197,197,126,71,35,36,0,0,71,0.36040609,-2025,-13254,-67.27918782,89,108,"two-contract post-signal scalp: one contract exits at first target, one runner uses selected stop mode and runner target"
1,signal_scaled_scalp:strategy=delta_impulse_continue_5bar_1.5pt_30d:direction=all:first_target_points=1.5:stop_points=1:runner_target_points=3:runner_stop_mode=initial,delta_impulse_continue_5bar_1.5pt_30d,all,1.5,1,3,initial,197,197,197,126,71,44,27,0,0,44,0.22335025,-2025,-13254,-67.27918782,89,108,"two-contract post-signal scalp: one contract exits at first target, one runner uses selected stop mode and runner target"
1,signal_scaled_scalp:strategy=delta_impulse_continue_5bar_1.5pt_30d:direction=all:first_target_points=1.5:stop_points=1:runner_target_points=5:runner_stop_mode=breakeven,delta_impulse_continue_5bar_1.5pt_30d,all,1.5,1,5,breakeven,197,197,197,126,71,18,53,0,0,71,0.36040609,-2775,-14004,-71.08629442,89,108,"two-contract post-signal scalp: one contract exits at first target, one runner uses selected stop mode and runner target"
1,signal_scaled_scalp:strategy=delta_impulse_continue_5bar_1.5pt_30d:direction=all:first_target_points=1.5:stop_points=1:runner_target_points=5:runner_stop_mode=initial,delta_impulse_continue_5bar_1.5pt_30d,all,1.5,1,5,initial,197,197,197,126,71,21,50,0,0,21,0.10659898,-4525,-15754,-79.96954315,89,108,"two-contract post-signal scalp: one contract exits at first target, one runner uses selected stop mode and runner target"
1,signal_scaled_scalp:strategy=delta_impulse_continue_5bar_1.5pt_30d:direction=all:first_target_points=1.5:stop_points=1.5:runner_target_points=2:runner_stop_mode=breakeven,delta_impulse_continue_5bar_1.5pt_30d,all,1.5,1.5,2,breakeven,197,197,197,108,89,66,23,0,0,89,0.45177665,-2925,-14154,-71.84771574,89,108,"two-contract post-signal scalp: one contract exits at first target, one runner uses selected stop mode and runner target"
1,signal_scaled_scalp:strategy=delta_impulse_continue_5bar_1.5pt_30d:direction=all:first_target_points=1.5:stop_points=1.5:runner_target_points=2:runner_stop_mode=initial,delta_impulse_continue_5bar_1.5pt_30d,all,1.5,1.5,2,initial,197,197,197,108,89,73,16,0,0,73,0.37055838,-3425,-14654,-74.3857868,89,108,"two-contract post-signal scalp: one contract exits at first target, one runner uses selected stop mode and runner target"
1,signal_scaled_scalp:strategy=delta_impulse_continue_5bar_1.5pt_30d:direction=all:first_target_points=1.5:stop_points=1.5:runner_target_points=3:runner_stop_mode=breakeven,delta_impulse_continue_5bar_1.5pt_30d,all,1.5,1.5,3,breakeven,197,197,197,108,89,46,43,0,0,89,0.45177665,-2625,-13854,-70.3248731,89,108,"two-contract post-signal scalp: one contract exits at first target, one runner uses selected stop mode and runner target"
1,signal_scaled_scalp:strategy=delta_impulse_continue_5bar_1.5pt_30d:direction=all:first_target_points=1.5:stop_points=1.5:runner_target_points=3:runner_stop_mode=initial,delta_impulse_continue_5bar_1.5pt_30d,all,1.5,1.5,3,initial,197,197,197,108,89,62,27,0,0,62,0.31472081,-2250,-13479,-68.4213198,89,108,"two-contract post-signal scalp: one contract exits at first target, one runner uses selected stop mode and runner target"
1,signal_scaled_scalp:strategy=delta_impulse_continue_5bar_1.5pt_30d:direction=all:first_target_points=1.5:stop_points=1.5:runner_target_points=5:runner_stop_mode=breakeven,delta_impulse_continue_5bar_1.5pt_30d,all,1.5,1.5,5,breakeven,197,197,197,108,89,27,62,0,0,89,0.45177665,-2775,-14004,-71.08629442,89,108,"two-contract post-signal scalp: one contract exits at first target, one runner uses selected stop mode and runner target"
1,signal_scaled_scalp:strategy=delta_impulse_continue_5bar_1.5pt_30d:direction=all:first_target_points=1.5:stop_points=1.5:runner_target_points=5:runner_stop_mode=initial,delta_impulse_continue_5bar_1.5pt_30d,all,1.5,1.5,5,initial,197,197,197,108,89,36,53,0,0,36,0.18274112,-4500,-15729,-79.84263959,89,108,"two-contract post-signal scalp: one contract exits at first target, one runner uses selected stop mode and runner target"
1,signal_scaled_scalp:strategy=delta_impulse_continue_5bar_1.5pt_30d:direction=all:first_target_points=1.5:stop_points=2:runner_target_points=2:runner_stop_mode=breakeven,delta_impulse_continue_5bar_1.5pt_30d,all,1.5,2,2,breakeven,197,197,197,99,98,72,26,0,0,98,0.49746193,-5250,-16479,-83.64974619,89,108,"two-contract post-signal scalp: one contract exits at first target, one runner uses selected stop mode and runner target"
1,signal_scaled_scalp:strategy=delta_impulse_continue_5bar_1.5pt_30d:direction=all:first_target_points=1.5:stop_points=2:runner_target_points=2:runner_stop_mode=initial,delta_impulse_continue_5bar_1.5pt_30d,all,1.5,2,2,initial,197,197,197,99,98,81,17,0,0,81,0.41116751,-6050,-17279,-87.7106599,89,108,"two-contract post-signal scalp: one contract exits at first target, one runner uses selected stop mode and runner target"
1,signal_scaled_scalp:strategy=delta_impulse_continue_5bar_1.5pt_30d:direction=all:first_target_points=1.5:stop_points=2:runner_target_points=3:runner_stop_mode=breakeven,delta_impulse_continue_5bar_1.5pt_30d,all,1.5,2,3,breakeven,197,197,197,99,98,51,47,0,0,98,0.49746193,-4800,-16029,-81.36548223,89,108,"two-contract post-signal scalp: one contract exits at first target, one runner uses selected stop mode and runner target"
1,signal_scaled_scalp:strategy=delta_impulse_continue_5bar_1.5pt_30d:direction=all:first_target_points=1.5:stop_points=2:runner_target_points=3:runner_stop_mode=initial,delta_impulse_continue_5bar_1.5pt_30d,all,1.5,2,3,initial,197,197,197,99,98,71,27,0,0,71,0.36040609,-4500,-15729,-79.84263959,89,108,"two-contract post-signal scalp: one contract exits at first target, one runner uses selected stop mode and runner target"
1,signal_scaled_scalp:strategy=delta_impulse_continue_5bar_1.5pt_30d:direction=all:first_target_points=1.5:stop_points=2:runner_target_points=5:runner_stop_mode=breakeven,delta_impulse_continue_5bar_1.5pt_30d,all,1.5,2,5,breakeven,197,197,197,99,98,30,68,0,0,98,0.49746193,-4950,-16179,-82.12690355,89,108,"two-contract post-signal scalp: one contract exits at first target, one runner uses selected stop mode and runner target"
1,signal_scaled_scalp:strategy=delta_impulse_continue_5bar_1.5pt_30d:direction=all:first_target_points=1.5:stop_points=2:runner_target_points=5:runner_stop_mode=initial,delta_impulse_continue_5bar_1.5pt_30d,all,1.5,2,5,initial,197,197,197,99,98,45,53,0,0,45,0.2284264,-6500,-17729,-89.99492386,89,108,"two-contract post-signal scalp: one contract exits at first target, one runner uses selected stop mode and runner target"
1,signal_scaled_scalp:strategy=delta_impulse_continue_10bar_2.5pt_50d:direction=all:first_target_points=0.5:stop_points=1:runner_target_points=1.5:runner_stop_mode=breakeven,delta_impulse_continue_10bar_2.5pt_50d,all,0.5,1,1.5,breakeven,188,188,188,84,104,53,51,0,0,53,0.28191489,-1825,-12541,-66.70744681,93,95,"two-contract post-signal scalp: one contract exits at first target, one runner uses selected stop mode and runner target"
1,signal_scaled_scalp:strategy=delta_impulse_continue_10bar_2.5pt_50d:direction=all:first_target_points=0.5:stop_points=1:runner_target_points=1.5:runner_stop_mode=initial,delta_impulse_continue_10bar_2.5pt_50d,all,0.5,1,1.5,initial,188,188,188,84,104,77,27,0,0,77,0.40957447,-1375,-12091,-64.31382979,93,95,"two-contract post-signal scalp: one contract exits at first target, one runner uses selected stop mode and runner target"
1,signal_scaled_scalp:strategy=delta_impulse_continue_10bar_2.5pt_50d:direction=all:first_target_points=0.5:stop_points=1:runner_target_points=2:runner_stop_mode=breakeven,delta_impulse_continue_10bar_2.5pt_50d,all,0.5,1,2,breakeven,188,188,188,84,104,43,61,0,0,43,0.2287234,-1500,-12216,-64.9787234,93,95,"two-contract post-signal scalp: one contract exits at first target, one runner uses selected stop mode and runner target"
1,signal_scaled_scalp:strategy=delta_impulse_continue_10bar_2.5pt_50d:direction=all:first_target_points=0.5:stop_points=1:runner_target_points=2:runner_stop_mode=initial,delta_impulse_continue_10bar_2.5pt_50d,all,0.5,1,2,initial,188,188,188,84,104,61,43,0,0,61,0.32446809,-1850,-12566,-66.84042553,93,95,"two-contract post-signal scalp: one contract exits at first target, one runner uses selected stop mode and runner target"
1,signal_scaled_scalp:strategy=delta_impulse_continue_10bar_2.5pt_50d:direction=all:first_target_points=0.5:stop_points=1:runner_target_points=3:runner_stop_mode=breakeven,delta_impulse_continue_10bar_2.5pt_50d,all,0.5,1,3,breakeven,188,188,188,84,104,33,71,0,0,33,0.17553191,-850,-11566,-61.5212766,93,95,"two-contract post-signal scalp: one contract exits at first target, one runner uses selected stop mode and runner target"
1,signal_scaled_scalp:strategy=delta_impulse_continue_10bar_2.5pt_50d:direction=all:first_target_points=0.5:stop_points=1:runner_target_points=3:runner_stop_mode=initial,delta_impulse_continue_10bar_2.5pt_50d,all,0.5,1,3,initial,188,188,188,84,104,50,54,0,0,50,0.26595745,-1000,-11716,-62.31914894,93,95,"two-contract post-signal scalp: one contract exits at first target, one runner uses selected stop mode and runner target"
1,signal_scaled_scalp:strategy=delta_impulse_continue_10bar_2.5pt_50d:direction=all:first_target_points=0.5:stop_points=1:runner_target_points=5:runner_stop_mode=breakeven,delta_impulse_continue_10bar_2.5pt_50d,all,0.5,1,5,breakeven,188,188,188,84,104,20,84,0,0,20,0.10638298,-800,-11516,-61.25531915,93,95,"two-contract post-signal scalp: one contract exits at first target, one runner uses selected stop mode and runner target"
1,signal_scaled_scalp:strategy=delta_impulse_continue_10bar_2.5pt_50d:direction=all:first_target_points=0.5:stop_points=1:runner_target_points=5:runner_stop_mode=initial,delta_impulse_continue_10bar_2.5pt_50d,all,0.5,1,5,initial,188,188,188,84,104,34,70,0,0,34,0.18085106,-800,-11516,-61.25531915,93,95,"two-contract post-signal scalp: one contract exits at first target, one runner uses selected stop mode and runner target"
1,signal_scaled_scalp:strategy=delta_impulse_continue_10bar_2.5pt_50d:direction=all:first_target_points=0.5:stop_points=1.5:runner_target_points=1.5:runner_stop_mode=breakeven,delta_impulse_continue_10bar_2.5pt_50d,all,0.5,1.5,1.5,breakeven,188,188,188,73,115,57,58,0,0,57,0.30319149,-3800,-14516,-77.21276596,93,95,"two-contract post-signal scalp: one contract exits at first target, one runner uses selected stop mode and runner target"
1,signal_scaled_scalp:strategy=delta_impulse_continue_10bar_2.5pt_50d:direction=all:first_target_points=0.5:stop_points=1.5:runner_target_points=1.5:runner_stop_mode=initial,delta_impulse_continue_10bar_2.5pt_50d,all,0.5,1.5,1.5,initial,188,188,188,73,115,86,29,0,0,86,0.45744681,-3800,-14516,-77.21276596,93,95,"two-contract post-signal scalp: one contract exits at first target, one runner uses selected stop mode and runner target"
1,signal_scaled_scalp:strategy=delta_impulse_continue_10bar_2.5pt_50d:direction=all:first_target_points=0.5:stop_points=1.5:runner_target_points=2:runner_stop_mode=breakeven,delta_impulse_continue_10bar_2.5pt_50d,all,0.5,1.5,2,breakeven,188,188,188,73,115,47,68,0,0,47,0.25,-3375,-14091,-74.95212766,93,95,"two-contract post-signal scalp: one contract exits at first target, one runner uses selected stop mode and runner target"
1,signal_scaled_scalp:strategy=delta_impulse_continue_10bar_2.5pt_50d:direction=all:first_target_points=0.5:stop_points=1.5:runner_target_points=2:runner_stop_mode=initial,delta_impulse_continue_10bar_2.5pt_50d,all,0.5,1.5,2,initial,188,188,188,73,115,73,42,0,0,73,0.38829787,-3925,-14641,-77.87765957,93,95,"two-contract post-signal scalp: one contract exits at first target, one runner uses selected stop mode and runner target"
1,signal_scaled_scalp:strategy=delta_impulse_continue_10bar_2.5pt_50d:direction=all:first_target_points=0.5:stop_points=1.5:runner_target_points=3:runner_stop_mode=breakeven,delta_impulse_continue_10bar_2.5pt_50d,all,0.5,1.5,3,breakeven,188,188,188,73,115,35,80,0,0,35,0.18617021,-2825,-13541,-72.02659574,93,95,"two-contract post-signal scalp: one contract exits at first target, one runner uses selected stop mode and runner target"
1,signal_scaled_scalp:strategy=delta_impulse_continue_10bar_2.5pt_50d:direction=all:first_target_points=0.5:stop_points=1.5:runner_target_points=3:runner_stop_mode=initial,delta_impulse_continue_10bar_2.5pt_50d,all,0.5,1.5,3,initial,188,188,188,73,115,61,54,0,0,61,0.32446809,-2975,-13691,-72.82446809,93,95,"two-contract post-signal scalp: one contract exits at first target, one runner uses selected stop mode and runner target"
1,signal_scaled_scalp:strategy=delta_impulse_continue_10bar_2.5pt_50d:direction=all:first_target_points=0.5:stop_points=1.5:runner_target_points=5:runner_stop_mode=breakeven,delta_impulse_continue_10bar_2.5pt_50d,all,0.5,1.5,5,breakeven,188,188,188,73,115,21,94,0,0,21,0.11170213,-2825,-13541,-72.02659574,93,95,"two-contract post-signal scalp: one contract exits at first target, one runner uses selected stop mode and runner target"
1,signal_scaled_scalp:strategy=delta_impulse_continue_10bar_2.5pt_50d:direction=all:first_target_points=0.5:stop_points=1.5:runner_target_points=5:runner_stop_mode=initial,delta_impulse_continue_10bar_2.5pt_50d,all,0.5,1.5,5,initial,188,188,188,73,115,45,70,0,0,45,0.2393617,-2075,-12791,-68.03723404,93,95,"two-contract post-signal scalp: one contract exits at first target, one runner uses selected stop mode and runner target"
1,signal_scaled_scalp:strategy=delta_impulse_continue_10bar_2.5pt_50d:direction=all:first_target_points=0.5:stop_points=2:runner_target_points=1.5:runner_stop_mode=breakeven,delta_impulse_continue_10bar_2.5pt_50d,all,0.5,2,1.5,breakeven,188,188,188,57,131,59,72,0,0,59,0.31382979,-3700,-14416,-76.68085106,93,95,"two-contract post-signal scalp: one contract exits at first target, one runner uses selected stop mode and runner target"
1,signal_scaled_scalp:strategy=delta_impulse_continue_10bar_2.5pt_50d:direction=all:first_target_points=0.5:stop_points=2:runner_target_points=1.5:runner_stop_mode=initial,delta_impulse_continue_10bar_2.5pt_50d,all,0.5,2,1.5,initial,188,188,188,57,131,96,35,0,0,96,0.5106383,-4425,-15141,-80.53723404,93,95,"two-contract post-signal scalp: one contract exits at first target, one runner uses selected stop mode and runner target"
1,signal_scaled_scalp:strategy=delta_impulse_continue_10bar_2.5pt_50d:direction=all:first_target_points=0.5:stop_points=2:runner_target_points=2:runner_stop_mode=breakeven,delta_impulse_continue_10bar_2.5pt_50d,all,0.5,2,2,breakeven,188,188,188,57,131,49,82,0,0,49,0.2606383,-3225,-13941,-74.15425532,93,95,"two-contract post-signal scalp: one contract exits at first target, one runner uses selected stop mode and runner target"
1,signal_scaled_scalp:strategy=delta_impulse_continue_10bar_2.5pt_50d:direction=all:first_target_points=0.5:stop_points=2:runner_target_points=2:runner_stop_mode=initial,delta_impulse_continue_10bar_2.5pt_50d,all,0.5,2,2,initial,188,188,188,57,131,86,45,0,0,86,0.45744681,-4025,-14741,-78.40957447,93,95,"two-contract post-signal scalp: one contract exits at first target, one runner uses selected stop mode and runner target"
1,signal_scaled_scalp:strategy=delta_impulse_continue_10bar_2.5pt_50d:direction=all:first_target_points=0.5:stop_points=2:runner_target_points=3:runner_stop_mode=breakeven,delta_impulse_continue_10bar_2.5pt_50d,all,0.5,2,3,breakeven,188,188,188,57,131,37,94,0,0,37,0.19680851,-2575,-13291,-70.69680851,93,95,"two-contract post-signal scalp: one contract exits at first target, one runner uses selected stop mode and runner target"
1,signal_scaled_scalp:strategy=delta_impulse_continue_10bar_2.5pt_50d:direction=all:first_target_points=0.5:stop_points=2:runner_target_points=3:runner_stop_mode=initial,delta_impulse_continue_10bar_2.5pt_50d,all,0.5,2,3,initial,188,188,188,57,131,73,58,0,0,73,0.38829787,-2975,-13691,-72.82446809,93,95,"two-contract post-signal scalp: one contract exits at first target, one runner uses selected stop mode and runner target"
1,signal_scaled_scalp:strategy=delta_impulse_continue_10bar_2.5pt_50d:direction=all:first_target_points=0.5:stop_points=2:runner_target_points=5:runner_stop_mode=breakeven,delta_impulse_continue_10bar_2.5pt_50d,all,0.5,2,5,breakeven,188,188,188,57,131,22,109,0,0,22,0.11702128,-2625,-13341,-70.96276596,93,95,"two-contract post-signal scalp: one contract exits at first target, one runner uses selected stop mode and runner target"
1,signal_scaled_scalp:strategy=delta_impulse_continue_10bar_2.5pt_50d:direction=all:first_target_points=0.5:stop_points=2:runner_target_points=5:runner_stop_mode=initial,delta_impulse_continue_10bar_2.5pt_50d,all,0.5,2,5,initial,188,188,188,57,131,54,77,0,0,54,0.28723404,-2325,-13041,-69.36702128,93,95,"two-contract post-signal scalp: one contract exits at first target, one runner uses selected stop mode and runner target"
1,signal_scaled_scalp:strategy=delta_impulse_continue_10bar_2.5pt_50d:direction=all:first_target_points=1:stop_points=1:runner_target_points=1.5:runner_stop_mode=breakeven,delta_impulse_continue_10bar_2.5pt_50d,all,1,1,1.5,breakeven,188,188,188,94,94,61,33,0,0,61,0.32446809,-125,-10841,-57.66489362,93,95,"two-contract post-signal scalp: one contract exits at first target, one runner uses selected stop mode and runner target"
1,signal_scaled_scalp:strategy=delta_impulse_continue_10bar_2.5pt_50d:direction=all:first_target_points=1:stop_points=1:runner_target_points=1.5:runner_stop_mode=initial,delta_impulse_continue_10bar_2.5pt_50d,all,1,1,1.5,initial,188,188,188,94,94,77,17,0,0,77,0.40957447,225,-10491,-55.80319149,93,95,"two-contract post-signal scalp: one contract exits at first target, one runner uses selected stop mode and runner target"
1,signal_scaled_scalp:strategy=delta_impulse_continue_10bar_2.5pt_50d:direction=all:first_target_points=1:stop_points=1:runner_target_points=2:runner_stop_mode=breakeven,delta_impulse_continue_10bar_2.5pt_50d,all,1,1,2,breakeven,188,188,188,94,94,46,48,0,0,46,0.24468085,-100,-10816,-57.53191489,93,95,"two-contract post-signal scalp: one contract exits at first target, one runner uses selected stop mode and runner target"
1,signal_scaled_scalp:strategy=delta_impulse_continue_10bar_2.5pt_50d:direction=all:first_target_points=1:stop_points=1:runner_target_points=2:runner_stop_mode=initial,delta_impulse_continue_10bar_2.5pt_50d,all,1,1,2,initial,188,188,188,94,94,61,33,0,0,61,0.32446809,-250,-10966,-58.32978723,93,95,"two-contract post-signal scalp: one contract exits at first target, one runner uses selected stop mode and runner target"
1,signal_scaled_scalp:strategy=delta_impulse_continue_10bar_2.5pt_50d:direction=all:first_target_points=1:stop_points=1:runner_target_points=3:runner_stop_mode=breakeven,delta_impulse_continue_10bar_2.5pt_50d,all,1,1,3,breakeven,188,188,188,94,94,33,61,0,0,33,0.17553191,250,-10466,-55.67021277,93,95,"two-contract post-signal scalp: one contract exits at first target, one runner uses selected stop mode and runner target"
1,signal_scaled_scalp:strategy=delta_impulse_continue_10bar_2.5pt_50d:direction=all:first_target_points=1:stop_points=1:runner_target_points=3:runner_stop_mode=initial,delta_impulse_continue_10bar_2.5pt_50d,all,1,1,3,initial,188,188,188,94,94,50,44,0,0,50,0.26595745,600,-10116,-53.80851064,93,95,"two-contract post-signal scalp: one contract exits at first target, one runner uses selected stop mode and runner target"
1,signal_scaled_scalp:strategy=delta_impulse_continue_10bar_2.5pt_50d:direction=all:first_target_points=1:stop_points=1:runner_target_points=5:runner_stop_mode=breakeven,delta_impulse_continue_10bar_2.5pt_50d,all,1,1,5,breakeven,188,188,188,94,94,20,74,0,0,20,0.10638298,300,-10416,-55.40425532,93,95,"two-contract post-signal scalp: one contract exits at first target, one runner uses selected stop mode and runner target"
1,signal_scaled_scalp:strategy=delta_impulse_continue_10bar_2.5pt_50d:direction=all:first_target_points=1:stop_points=1:runner_target_points=5:runner_stop_mode=initial,delta_impulse_continue_10bar_2.5pt_50d,all,1,1,5,initial,188,188,188,94,94,34,60,0,0,34,0.18085106,800,-9916,-52.74468085,93,95,"two-contract post-signal scalp: one contract exits at first target, one runner uses selected stop mode and runner target"
1,signal_scaled_scalp:strategy=delta_impulse_continue_10bar_2.5pt_50d:direction=all:first_target_points=1:stop_points=1.5:runner_target_points=1.5:runner_stop_mode=breakeven,delta_impulse_continue_10bar_2.5pt_50d,all,1,1.5,1.5,breakeven,188,188,188,84,104,66,38,0,0,66,0.35106383,-2450,-13166,-70.03191489,93,95,"two-contract post-signal scalp: one contract exits at first target, one runner uses selected stop mode and runner target"
1,signal_scaled_scalp:strategy=delta_impulse_continue_10bar_2.5pt_50d:direction=all:first_target_points=1:stop_points=1.5:runner_target_points=1.5:runner_stop_mode=initial,delta_impulse_continue_10bar_2.5pt_50d,all,1,1.5,1.5,initial,188,188,188,84,104,86,18,0,0,86,0.45744681,-2300,-13016,-69.23404255,93,95,"two-contract post-signal scalp: one contract exits at first target, one runner uses selected stop mode and runner target"
1,signal_scaled_scalp:strategy=delta_impulse_continue_10bar_2.5pt_50d:direction=all:first_target_points=1:stop_points=1.5:runner_target_points=2:runner_stop_mode=breakeven,delta_impulse_continue_10bar_2.5pt_50d,all,1,1.5,2,breakeven,188,188,188,84,104,51,53,0,0,51,0.2712766,-2300,-13016,-69.23404255,93,95,"two-contract post-signal scalp: one contract exits at first target, one runner uses selected stop mode and runner target"
1,signal_scaled_scalp:strategy=delta_impulse_continue_10bar_2.5pt_50d:direction=all:first_target_points=1:stop_points=1.5:runner_target_points=2:runner_stop_mode=initial,delta_impulse_continue_10bar_2.5pt_50d,all,1,1.5,2,initial,188,188,188,84,104,73,31,0,0,73,0.38829787,-2425,-13141,-69.89893617,93,95,"two-contract post-signal scalp: one contract exits at first target, one runner uses selected stop mode and runner target"
1,signal_scaled_scalp:strategy=delta_impulse_continue_10bar_2.5pt_50d:direction=all:first_target_points=1:stop_points=1.5:runner_target_points=3:runner_stop_mode=breakeven,delta_impulse_continue_10bar_2.5pt_50d,all,1,1.5,3,breakeven,188,188,188,84,104,35,69,0,0,35,0.18617021,-2150,-12866,-68.43617021,93,95,"two-contract post-signal scalp: one contract exits at first target, one runner uses selected stop mode and runner target"
1,signal_scaled_scalp:strategy=delta_impulse_continue_10bar_2.5pt_50d:direction=all:first_target_points=1:stop_points=1.5:runner_target_points=3:runner_stop_mode=initial,delta_impulse_continue_10bar_2.5pt_50d,all,1,1.5,3,initial,188,188,188,84,104,61,43,0,0,61,0.32446809,-1475,-12191,-64.84574468,93,95,"two-contract post-signal scalp: one contract exits at first target, one runner uses selected stop mode and runner target"
1,signal_scaled_scalp:strategy=delta_impulse_continue_10bar_2.5pt_50d:direction=all:first_target_points=1:stop_points=1.5:runner_target_points=5:runner_stop_mode=breakeven,delta_impulse_continue_10bar_2.5pt_50d,all,1,1.5,5,breakeven,188,188,188,84,104,21,83,0,0,21,0.11170213,-2150,-12866,-68.43617021,93,95,"two-contract post-signal scalp: one contract exits at first target, one runner uses selected stop mode and runner target"
1,signal_scaled_scalp:strategy=delta_impulse_continue_10bar_2.5pt_50d:direction=all:first_target_points=1:stop_points=1.5:runner_target_points=5:runner_stop_mode=initial,delta_impulse_continue_10bar_2.5pt_50d,all,1,1.5,5,initial,188,188,188,84,104,45,59,0,0,45,0.2393617,-575,-11291,-60.05851064,93,95,"two-contract post-signal scalp: one contract exits at first target, one runner uses selected stop mode and runner target"
1,signal_scaled_scalp:strategy=delta_impulse_continue_10bar_2.5pt_50d:direction=all:first_target_points=1:stop_points=2:runner_target_points=1.5:runner_stop_mode=breakeven,delta_impulse_continue_10bar_2.5pt_50d,all,1,2,1.5,breakeven,188,188,188,71,117,73,44,0,0,73,0.38829787,-2875,-13591,-72.29255319,93,95,"two-contract post-signal scalp: one contract exits at first target, one runner uses selected stop mode and runner target"
1,signal_scaled_scalp:strategy=delta_impulse_continue_10bar_2.5pt_50d:direction=all:first_target_points=1:stop_points=2:runner_target_points=1.5:runner_stop_mode=initial,delta_impulse_continue_10bar_2.5pt_50d,all,1,2,1.5,initial,188,188,188,71,117,96,21,0,0,96,0.5106383,-3250,-13966,-74.28723404,93,95,"two-contract post-signal scalp: one contract exits at first target, one runner uses selected stop mode and runner target"
1,signal_scaled_scalp:strategy=delta_impulse_continue_10bar_2.5pt_50d:direction=all:first_target_points=1:stop_points=2:runner_target_points=2:runner_stop_mode=breakeven,delta_impulse_continue_10bar_2.5pt_50d,all,1,2,2,breakeven,188,188,188,71,117,58,59,0,0,58,0.30851064,-2550,-13266,-70.56382979,93,95,"two-contract post-signal scalp: one contract exits at first target, one runner uses selected stop mode and runner target"
1,signal_scaled_scalp:strategy=delta_impulse_continue_10bar_2.5pt_50d:direction=all:first_target_points=1:stop_points=2:runner_target_points=2:runner_stop_mode=initial,delta_impulse_continue_10bar_2.5pt_50d,all,1,2,2,initial,188,188,188,71,117,86,31,0,0,86,0.45744681,-2850,-13566,-72.15957447,93,95,"two-contract post-signal scalp: one contract exits at first target, one runner uses selected stop mode and runner target"
1,signal_scaled_scalp:strategy=delta_impulse_continue_10bar_2.5pt_50d:direction=all:first_target_points=1:stop_points=2:runner_target_points=3:runner_stop_mode=breakeven,delta_impulse_continue_10bar_2.5pt_50d,all,1,2,3,breakeven,188,188,188,71,117,41,76,0,0,41,0.21808511,-2200,-12916,-68.70212766,93,95,"two-contract post-signal scalp: one contract exits at first target, one runner uses selected stop mode and runner target"
1,signal_scaled_scalp:strategy=delta_impulse_continue_10bar_2.5pt_50d:direction=all:first_target_points=1:stop_points=2:runner_target_points=3:runner_stop_mode=initial,delta_impulse_continue_10bar_2.5pt_50d,all,1,2,3,initial,188,188,188,71,117,73,44,0,0,73,0.38829787,-1800,-12516,-66.57446809,93,95,"two-contract post-signal scalp: one contract exits at first target, one runner uses selected stop mode and runner target"
1,signal_scaled_scalp:strategy=delta_impulse_continue_10bar_2.5pt_50d:direction=all:first_target_points=1:stop_points=2:runner_target_points=5:runner_stop_mode=breakeven,delta_impulse_continue_10bar_2.5pt_50d,all,1,2,5,breakeven,188,188,188,71,117,23,94,0,0,23,0.12234043,-2600,-13316,-70.82978723,93,95,"two-contract post-signal scalp: one contract exits at first target, one runner uses selected stop mode and runner target"
1,signal_scaled_scalp:strategy=delta_impulse_continue_10bar_2.5pt_50d:direction=all:first_target_points=1:stop_points=2:runner_target_points=5:runner_stop_mode=initial,delta_impulse_continue_10bar_2.5pt_50d,all,1,2,5,initial,188,188,188,71,117,54,63,0,0,54,0.28723404,-1150,-11866,-63.11702128,93,95,"two-contract post-signal scalp: one contract exits at first target, one runner uses selected stop mode and runner target"
1,signal_scaled_scalp:strategy=delta_impulse_continue_10bar_2.5pt_50d:direction=all:first_target_points=1.5:stop_points=1:runner_target_points=2:runner_stop_mode=breakeven,delta_impulse_continue_10bar_2.5pt_50d,all,1.5,1,2,breakeven,188,188,188,111,77,57,20,0,0,77,0.40957447,375,-10341,-55.00531915,93,95,"two-contract post-signal scalp: one contract exits at first target, one runner uses selected stop mode and runner target"
1,signal_scaled_scalp:strategy=delta_impulse_continue_10bar_2.5pt_50d:direction=all:first_target_points=1.5:stop_points=1:runner_target_points=2:runner_stop_mode=initial,delta_impulse_continue_10bar_2.5pt_50d,all,1.5,1,2,initial,188,188,188,111,77,61,16,0,0,61,0.32446809,-25,-10741,-57.13297872,93,95,"two-contract post-signal scalp: one contract exits at first target, one runner uses selected stop mode and runner target"
1,signal_scaled_scalp:strategy=delta_impulse_continue_10bar_2.5pt_50d:direction=all:first_target_points=1.5:stop_points=1:runner_target_points=3:runner_stop_mode=breakeven,delta_impulse_continue_10bar_2.5pt_50d,all,1.5,1,3,breakeven,188,188,188,111,77,42,35,0,0,77,0.40957447,975,-9741,-51.81382979,93,95,"two-contract post-signal scalp: one contract exits at first target, one runner uses selected stop mode and runner target"
1,signal_scaled_scalp:strategy=delta_impulse_continue_10bar_2.5pt_50d:direction=all:first_target_points=1.5:stop_points=1:runner_target_points=3:runner_stop_mode=initial,delta_impulse_continue_10bar_2.5pt_50d,all,1.5,1,3,initial,188,188,188,111,77,50,27,0,0,50,0.26595745,825,-9891,-52.61170213,93,95,"two-contract post-signal scalp: one contract exits at first target, one runner uses selected stop mode and runner target"
1,signal_scaled_scalp:strategy=delta_impulse_continue_10bar_2.5pt_50d:direction=all:first_target_points=1.5:stop_points=1:runner_target_points=5:runner_stop_mode=breakeven,delta_impulse_continue_10bar_2.5pt_50d,all,1.5,1,5,breakeven,188,188,188,111,77,26,51,0,0,77,0.40957447,1175,-9541,-50.75,93,95,"two-contract post-signal scalp: one contract exits at first target, one runner uses selected stop mode and runner target"
1,signal_scaled_scalp:strategy=delta_impulse_continue_10bar_2.5pt_50d:direction=all:first_target_points=1.5:stop_points=1:runner_target_points=5:runner_stop_mode=initial,delta_impulse_continue_10bar_2.5pt_50d,all,1.5,1,5,initial,188,188,188,111,77,34,43,0,0,34,0.18085106,1025,-9691,-51.54787234,93,95,"two-contract post-signal scalp: one contract exits at first target, one runner uses selected stop mode and runner target"
1,signal_scaled_scalp:strategy=delta_impulse_continue_10bar_2.5pt_50d:direction=all:first_target_points=1.5:stop_points=1.5:runner_target_points=2:runner_stop_mode=breakeven,delta_impulse_continue_10bar_2.5pt_50d,all,1.5,1.5,2,breakeven,188,188,188,102,86,65,21,0,0,86,0.45744681,-2350,-13066,-69.5,93,95,"two-contract post-signal scalp: one contract exits at first target, one runner uses selected stop mode and runner target"
1,signal_scaled_scalp:strategy=delta_impulse_continue_10bar_2.5pt_50d:direction=all:first_target_points=1.5:stop_points=1.5:runner_target_points=2:runner_stop_mode=initial,delta_impulse_continue_10bar_2.5pt_50d,all,1.5,1.5,2,initial,188,188,188,102,86,73,13,0,0,73,0.38829787,-2525,-13241,-70.43085106,93,95,"two-contract post-signal scalp: one contract exits at first target, one runner uses selected stop mode and runner target"
1,signal_scaled_scalp:strategy=delta_impulse_continue_10bar_2.5pt_50d:direction=all:first_target_points=1.5:stop_points=1.5:runner_target_points=3:runner_stop_mode=breakeven,delta_impulse_continue_10bar_2.5pt_50d,all,1.5,1.5,3,breakeven,188,188,188,102,86,46,40,0,0,86,0.45744681,-1950,-12666,-67.37234043,93,95,"two-contract post-signal scalp: one contract exits at first target, one runner uses selected stop mode and runner target"
1,signal_scaled_scalp:strategy=delta_impulse_continue_10bar_2.5pt_50d:direction=all:first_target_points=1.5:stop_points=1.5:runner_target_points=3:runner_stop_mode=initial,delta_impulse_continue_10bar_2.5pt_50d,all,1.5,1.5,3,initial,188,188,188,102,86,61,25,0,0,61,0.32446809,-1575,-12291,-65.37765957,93,95,"two-contract post-signal scalp: one contract exits at first target, one runner uses selected stop mode and runner target"
1,signal_scaled_scalp:strategy=delta_impulse_continue_10bar_2.5pt_50d:direction=all:first_target_points=1.5:stop_points=1.5:runner_target_points=5:runner_stop_mode=breakeven,delta_impulse_continue_10bar_2.5pt_50d,all,1.5,1.5,5,breakeven,188,188,188,102,86,28,58,0,0,86,0.45744681,-1850,-12566,-66.84042553,93,95,"two-contract post-signal scalp: one contract exits at first target, one runner uses selected stop mode and runner target"
1,signal_scaled_scalp:strategy=delta_impulse_continue_10bar_2.5pt_50d:direction=all:first_target_points=1.5:stop_points=1.5:runner_target_points=5:runner_stop_mode=initial,delta_impulse_continue_10bar_2.5pt_50d,all,1.5,1.5,5,initial,188,188,188,102,86,45,41,0,0,45,0.2393617,-675,-11391,-60.59042553,93,95,"two-contract post-signal scalp: one contract exits at first target, one runner uses selected stop mode and runner target"
1,signal_scaled_scalp:strategy=delta_impulse_continue_10bar_2.5pt_50d:direction=all:first_target_points=1.5:stop_points=2:runner_target_points=2:runner_stop_mode=breakeven,delta_impulse_continue_10bar_2.5pt_50d,all,1.5,2,2,breakeven,188,188,188,92,96,75,21,0,0,96,0.5106383,-3700,-14416,-76.68085106,93,95,"two-contract post-signal scalp: one contract exits at first target, one runner uses selected stop mode and runner target"
1,signal_scaled_scalp:strategy=delta_impulse_continue_10bar_2.5pt_50d:direction=all:first_target_points=1.5:stop_points=2:runner_target_points=2:runner_stop_mode=initial,delta_impulse_continue_10bar_2.5pt_50d,all,1.5,2,2,initial,188,188,188,92,96,86,10,0,0,86,0.45744681,-3600,-14316,-76.14893617,93,95,"two-contract post-signal scalp: one contract exits at first target, one runner uses selected stop mode and runner target"
1,signal_scaled_scalp:strategy=delta_impulse_continue_10bar_2.5pt_50d:direction=all:first_target_points=1.5:stop_points=2:runner_target_points=3:runner_stop_mode=breakeven,delta_impulse_continue_10bar_2.5pt_50d,all,1.5,2,3,breakeven,188,188,188,92,96,52,44,0,0,96,0.5106383,-3400,-14116,-75.08510638,93,95,"two-contract post-signal scalp: one contract exits at first target, one runner uses selected stop mode and runner target"
1,signal_scaled_scalp:strategy=delta_impulse_continue_10bar_2.5pt_50d:direction=all:first_target_points=1.5:stop_points=2:runner_target_points=3:runner_stop_mode=initial,delta_impulse_continue_10bar_2.5pt_50d,all,1.5,2,3,initial,188,188,188,92,96,73,23,0,0,73,0.38829787,-2550,-13266,-70.56382979,93,95,"two-contract post-signal scalp: one contract exits at first target, one runner uses selected stop mode and runner target"
1,signal_scaled_scalp:strategy=delta_impulse_continue_10bar_2.5pt_50d:direction=all:first_target_points=1.5:stop_points=2:runner_target_points=5:runner_stop_mode=breakeven,delta_impulse_continue_10bar_2.5pt_50d,all,1.5,2,5,breakeven,188,188,188,92,96,30,66,0,0,96,0.5106383,-3700,-14416,-76.68085106,93,95,"two-contract post-signal scalp: one contract exits at first target, one runner uses selected stop mode and runner target"
1,signal_scaled_scalp:strategy=delta_impulse_continue_10bar_2.5pt_50d:direction=all:first_target_points=1.5:stop_points=2:runner_target_points=5:runner_stop_mode=initial,delta_impulse_continue_10bar_2.5pt_50d,all,1.5,2,5,initial,188,188,188,92,96,54,42,0,0,54,0.28723404,-1900,-12616,-67.10638298,93,95,"two-contract post-signal scalp: one contract exits at first target, one runner uses selected stop mode and runner target"
1,signal_scaled_scalp:strategy=delta_absorption_fade_10d_cl0.35:direction=all:first_target_points=0.5:stop_points=1:runner_target_points=1.5:runner_stop_mode=breakeven,delta_absorption_fade_10d_cl0.35,all,0.5,1,1.5,breakeven,189,189,189,89,100,54,46,0,0,54,0.28571429,-2350,-13123,-69.43386243,86,103,"two-contract post-signal scalp: one contract exits at first target, one runner uses selected stop mode and runner target"
1,signal_scaled_scalp:strategy=delta_absorption_fade_10d_cl0.35:direction=all:first_target_points=0.5:stop_points=1:runner_target_points=1.5:runner_stop_mode=initial,delta_absorption_fade_10d_cl0.35,all,0.5,1,1.5,initial,189,189,189,89,100,71,29,0,0,71,0.37566138,-2525,-13298,-70.35978836,86,103,"two-contract post-signal scalp: one contract exits at first target, one runner uses selected stop mode and runner target"
1,signal_scaled_scalp:strategy=delta_absorption_fade_10d_cl0.35:direction=all:first_target_points=0.5:stop_points=1:runner_target_points=2:runner_stop_mode=breakeven,delta_absorption_fade_10d_cl0.35,all,0.5,1,2,breakeven,189,189,189,89,100,42,58,0,0,42,0.22222222,-2200,-12973,-68.64021164,86,103,"two-contract post-signal scalp: one contract exits at first target, one runner uses selected stop mode and runner target"
1,signal_scaled_scalp:strategy=delta_absorption_fade_10d_cl0.35:direction=all:first_target_points=0.5:stop_points=1:runner_target_points=2:runner_stop_mode=initial,delta_absorption_fade_10d_cl0.35,all,0.5,1,2,initial,189,189,189,89,100,59,41,0,0,59,0.31216931,-2550,-13323,-70.49206349,86,103,"two-contract post-signal scalp: one contract exits at first target, one runner uses selected stop mode and runner target"
1,signal_scaled_scalp:strategy=delta_absorption_fade_10d_cl0.35:direction=all:first_target_points=0.5:stop_points=1:runner_target_points=3:runner_stop_mode=breakeven,delta_absorption_fade_10d_cl0.35,all,0.5,1,3,breakeven,189,189,189,89,100,26,74,0,0,26,0.13756614,-2500,-13273,-70.22751323,86,103,"two-contract post-signal scalp: one contract exits at first target, one runner uses selected stop mode and runner target"
1,signal_scaled_scalp:strategy=delta_absorption_fade_10d_cl0.35:direction=all:first_target_points=0.5:stop_points=1:runner_target_points=3:runner_stop_mode=initial,delta_absorption_fade_10d_cl0.35,all,0.5,1,3,initial,189,189,189,89,100,43,57,0,0,43,0.22751323,-2800,-13573,-71.81481481,86,103,"two-contract post-signal scalp: one contract exits at first target, one runner uses selected stop mode and runner target"
1,signal_scaled_scalp:strategy=delta_absorption_fade_10d_cl0.35:direction=all:first_target_points=0.5:stop_points=1:runner_target_points=5:runner_stop_mode=breakeven,delta_absorption_fade_10d_cl0.35,all,0.5,1,5,breakeven,189,189,189,89,100,18,82,0,0,18,0.0952381,-1900,-12673,-67.05291005,86,103,"two-contract post-signal scalp: one contract exits at first target, one runner uses selected stop mode and runner target"
1,signal_scaled_scalp:strategy=delta_absorption_fade_10d_cl0.35:direction=all:first_target_points=0.5:stop_points=1:runner_target_points=5:runner_stop_mode=initial,delta_absorption_fade_10d_cl0.35,all,0.5,1,5,initial,189,189,189,89,100,34,66,0,0,34,0.17989418,-1200,-11973,-63.34920635,86,103,"two-contract post-signal scalp: one contract exits at first target, one runner uses selected stop mode and runner target"
1,signal_scaled_scalp:strategy=delta_absorption_fade_10d_cl0.35:direction=all:first_target_points=0.5:stop_points=1.5:runner_target_points=1.5:runner_stop_mode=breakeven,delta_absorption_fade_10d_cl0.35,all,0.5,1.5,1.5,breakeven,189,189,189,75,114,60,54,0,0,60,0.31746032,-3900,-14673,-77.63492063,86,103,"two-contract post-signal scalp: one contract exits at first target, one runner uses selected stop mode and runner target"
1,signal_scaled_scalp:strategy=delta_absorption_fade_10d_cl0.35:direction=all:first_target_points=0.5:stop_points=1.5:runner_target_points=1.5:runner_stop_mode=initial,delta_absorption_fade_10d_cl0.35,all,0.5,1.5,1.5,initial,189,189,189,75,114,89,25,0,0,89,0.47089947,-3600,-14373,-76.04761905,86,103,"two-contract post-signal scalp: one contract exits at first target, one runner uses selected stop mode and runner target"
1,signal_scaled_scalp:strategy=delta_absorption_fade_10d_cl0.35:direction=all:first_target_points=0.5:stop_points=1.5:runner_target_points=2:runner_stop_mode=breakeven,delta_absorption_fade_10d_cl0.35,all,0.5,1.5,2,breakeven,189,189,189,75,114,48,66,0,0,48,0.25396825,-3600,-14373,-76.04761905,86,103,"two-contract post-signal scalp: one contract exits at first target, one runner uses selected stop mode and runner target"
1,signal_scaled_scalp:strategy=delta_absorption_fade_10d_cl0.35:direction=all:first_target_points=0.5:stop_points=1.5:runner_target_points=2:runner_stop_mode=initial,delta_absorption_fade_10d_cl0.35,all,0.5,1.5,2,initial,189,189,189,75,114,77,37,0,0,77,0.40740741,-3475,-14248,-75.38624339,86,103,"two-contract post-signal scalp: one contract exits at first target, one runner uses selected stop mode and runner target"
1,signal_scaled_scalp:strategy=delta_absorption_fade_10d_cl0.35:direction=all:first_target_points=0.5:stop_points=1.5:runner_target_points=3:runner_stop_mode=breakeven,delta_absorption_fade_10d_cl0.35,all,0.5,1.5,3,breakeven,189,189,189,75,114,31,83,0,0,31,0.16402116,-3750,-14523,-76.84126984,86,103,"two-contract post-signal scalp: one contract exits at first target, one runner uses selected stop mode and runner target"
1,signal_scaled_scalp:strategy=delta_absorption_fade_10d_cl0.35:direction=all:first_target_points=0.5:stop_points=1.5:runner_target_points=3:runner_stop_mode=initial,delta_absorption_fade_10d_cl0.35,all,0.5,1.5,3,initial,189,189,189,75,114,58,56,0,0,58,0.30687831,-3900,-14673,-77.63492063,86,103,"two-contract post-signal scalp: one contract exits at first target, one runner uses selected stop mode and runner target"
1,signal_scaled_scalp:strategy=delta_absorption_fade_10d_cl0.35:direction=all:first_target_points=0.5:stop_points=1.5:runner_target_points=5:runner_stop_mode=breakeven,delta_absorption_fade_10d_cl0.35,all,0.5,1.5,5,breakeven,189,189,189,75,114,20,94,0,0,20,0.10582011,-3400,-14173,-74.98941799,86,103,"two-contract post-signal scalp: one contract exits at first target, one runner uses selected stop mode and runner target"
1,signal_scaled_scalp:strategy=delta_absorption_fade_10d_cl0.35:direction=all:first_target_points=0.5:stop_points=1.5:runner_target_points=5:runner_stop_mode=initial,delta_absorption_fade_10d_cl0.35,all,0.5,1.5,5,initial,189,189,189,75,114,43,71,0,0,43,0.22751323,-2975,-13748,-72.74074074,86,103,"two-contract post-signal scalp: one contract exits at first target, one runner uses selected stop mode and runner target"
1,signal_scaled_scalp:strategy=delta_absorption_fade_10d_cl0.35:direction=all:first_target_points=0.5:stop_points=2:runner_target_points=1.5:runner_stop_mode=breakeven,delta_absorption_fade_10d_cl0.35,all,0.5,2,1.5,breakeven,189,189,189,57,132,62,70,0,0,62,0.32804233,-3450,-14223,-75.25396825,86,103,"two-contract post-signal scalp: one contract exits at first target, one runner uses selected stop mode and runner target"
1,signal_scaled_scalp:strategy=delta_absorption_fade_10d_cl0.35:direction=all:first_target_points=0.5:stop_points=2:runner_target_points=1.5:runner_stop_mode=initial,delta_absorption_fade_10d_cl0.35,all,0.5,2,1.5,initial,189,189,189,57,132,105,27,0,0,105,0.55555556,-2925,-13698,-72.47619048,86,103,"two-contract post-signal scalp: one contract exits at first target, one runner uses selected stop mode and runner target"
1,signal_scaled_scalp:strategy=delta_absorption_fade_10d_cl0.35:direction=all:first_target_points=0.5:stop_points=2:runner_target_points=2:runner_stop_mode=breakeven,delta_absorption_fade_10d_cl0.35,all,0.5,2,2,breakeven,189,189,189,57,132,50,82,0,0,50,0.26455026,-3100,-13873,-73.4021164,86,103,"two-contract post-signal scalp: one contract exits at first target, one runner uses selected stop mode and runner target"
1,signal_scaled_scalp:strategy=delta_absorption_fade_10d_cl0.35:direction=all:first_target_points=0.5:stop_points=2:runner_target_points=2:runner_stop_mode=initial,delta_absorption_fade_10d_cl0.35,all,0.5,2,2,initial,189,189,189,57,132,94,38,0,0,94,0.4973545,-2500,-13273,-70.22751323,86,103,"two-contract post-signal scalp: one contract exits at first target, one runner uses selected stop mode and runner target"
1,signal_scaled_scalp:strategy=delta_absorption_fade_10d_cl0.35:direction=all:first_target_points=0.5:stop_points=2:runner_target_points=3:runner_stop_mode=breakeven,delta_absorption_fade_10d_cl0.35,all,0.5,2,3,breakeven,189,189,189,57,132,33,99,0,0,33,0.17460317,-3150,-13923,-73.66666667,86,103,"two-contract post-signal scalp: one contract exits at first target, one runner uses selected stop mode and runner target"
1,signal_scaled_scalp:strategy=delta_absorption_fade_10d_cl0.35:direction=all:first_target_points=0.5:stop_points=2:runner_target_points=3:runner_stop_mode=initial,delta_absorption_fade_10d_cl0.35,all,0.5,2,3,initial,189,189,189,57,132,74,58,0,0,74,0.39153439,-2800,-13573,-71.81481481,86,103,"two-contract post-signal scalp: one contract exits at first target, one runner uses selected stop mode and runner target"
1,signal_scaled_scalp:strategy=delta_absorption_fade_10d_cl0.35:direction=all:first_target_points=0.5:stop_points=2:runner_target_points=5:runner_stop_mode=breakeven,delta_absorption_fade_10d_cl0.35,all,0.5,2,5,breakeven,189,189,189,57,132,22,110,0,0,22,0.11640212,-2600,-13373,-70.75661376,86,103,"two-contract post-signal scalp: one contract exits at first target, one runner uses selected stop mode and runner target"
1,signal_scaled_scalp:strategy=delta_absorption_fade_10d_cl0.35:direction=all:first_target_points=0.5:stop_points=2:runner_target_points=5:runner_stop_mode=initial,delta_absorption_fade_10d_cl0.35,all,0.5,2,5,initial,189,189,189,57,132,56,76,0,0,56,0.2962963,-1700,-12473,-65.99470899,86,103,"two-contract post-signal scalp: one contract exits at first target, one runner uses selected stop mode and runner target"
1,signal_scaled_scalp:strategy=delta_absorption_fade_10d_cl0.35:direction=all:first_target_points=1:stop_points=1:runner_target_points=1.5:runner_stop_mode=breakeven,delta_absorption_fade_10d_cl0.35,all,1,1,1.5,breakeven,189,189,189,102,87,65,22,0,0,65,0.34391534,-975,-11748,-62.15873016,86,103,"two-contract post-signal scalp: one contract exits at first target, one runner uses selected stop mode and runner target"
1,signal_scaled_scalp:strategy=delta_absorption_fade_10d_cl0.35:direction=all:first_target_points=1:stop_points=1:runner_target_points=1.5:runner_stop_mode=initial,delta_absorption_fade_10d_cl0.35,all,1,1,1.5,initial,189,189,189,102,87,71,16,0,0,71,0.37566138,-1325,-12098,-64.01058201,86,103,"two-contract post-signal scalp: one contract exits at first target, one runner uses selected stop mode and runner target"
1,signal_scaled_scalp:strategy=delta_absorption_fade_10d_cl0.35:direction=all:first_target_points=1:stop_points=1:runner_target_points=2:runner_stop_mode=breakeven,delta_absorption_fade_10d_cl0.35,all,1,1,2,breakeven,189,189,189,102,87,48,39,0,0,48,0.25396825,-1050,-11823,-62.55555556,86,103,"two-contract post-signal scalp: one contract exits at first target, one runner uses selected stop mode and runner target"
1,signal_scaled_scalp:strategy=delta_absorption_fade_10d_cl0.35:direction=all:first_target_points=1:stop_points=1:runner_target_points=2:runner_stop_mode=initial,delta_absorption_fade_10d_cl0.35,all,1,1,2,initial,189,189,189,102,87,59,28,0,0,59,0.31216931,-1350,-12123,-64.14285714,86,103,"two-contract post-signal scalp: one contract exits at first target, one runner uses selected stop mode and runner target"
1,signal_scaled_scalp:strategy=delta_absorption_fade_10d_cl0.35:direction=all:first_target_points=1:stop_points=1:runner_target_points=3:runner_stop_mode=breakeven,delta_absorption_fade_10d_cl0.35,all,1,1,3,breakeven,189,189,189,102,87,31,56,0,0,31,0.16402116,-1200,-11973,-63.34920635,86,103,"two-contract post-signal scalp: one contract exits at first target, one runner uses selected stop mode and runner target"
1,signal_scaled_scalp:strategy=delta_absorption_fade_10d_cl0.35:direction=all:first_target_points=1:stop_points=1:runner_target_points=3:runner_stop_mode=initial,delta_absorption_fade_10d_cl0.35,all,1,1,3,initial,189,189,189,102,87,43,44,0,0,43,0.22751323,-1600,-12373,-65.46560847,86,103,"two-contract post-signal scalp: one contract exits at first target, one runner uses selected stop mode and runner target"
1,signal_scaled_scalp:strategy=delta_absorption_fade_10d_cl0.35:direction=all:first_target_points=1:stop_points=1:runner_target_points=5:runner_stop_mode=breakeven,delta_absorption_fade_10d_cl0.35,all,1,1,5,breakeven,189,189,189,102,87,22,65,0,0,22,0.11640212,-350,-11123,-58.85185185,86,103,"two-contract post-signal scalp: one contract exits at first target, one runner uses selected stop mode and runner target"
1,signal_scaled_scalp:strategy=delta_absorption_fade_10d_cl0.35:direction=all:first_target_points=1:stop_points=1:runner_target_points=5:runner_stop_mode=initial,delta_absorption_fade_10d_cl0.35,all,1,1,5,initial,189,189,189,102,87,34,53,0,0,34,0.17989418,0,-10773,-57,86,103,"two-contract post-signal scalp: one contract exits at first target, one runner uses selected stop mode and runner target"
1,signal_scaled_scalp:strategy=delta_absorption_fade_10d_cl0.35:direction=all:first_target_points=1:stop_points=1.5:runner_target_points=1.5:runner_stop_mode=breakeven,delta_absorption_fade_10d_cl0.35,all,1,1.5,1.5,breakeven,189,189,189,85,104,76,28,0,0,76,0.4021164,-1850,-12623,-66.78835979,86,103,"two-contract post-signal scalp: one contract exits at first target, one runner uses selected stop mode and runner target"
1,signal_scaled_scalp:strategy=delta_absorption_fade_10d_cl0.35:direction=all:first_target_points=1:stop_points=1.5:runner_target_points=1.5:runner_stop_mode=initial,delta_absorption_fade_10d_cl0.35,all,1,1.5,1.5,initial,189,189,189,85,104,89,15,0,0,89,0.47089947,-2000,-12773,-67.58201058,86,103,"two-contract post-signal scalp: one contract exits at first target, one runner uses selected stop mode and runner target"
1,signal_scaled_scalp:strategy=delta_absorption_fade_10d_cl0.35:direction=all:first_target_points=1:stop_points=1.5:runner_target_points=2:runner_stop_mode=breakeven,delta_absorption_fade_10d_cl0.35,all,1,1.5,2,breakeven,189,189,189,85,104,57,47,0,0,57,0.3015873,-1850,-12623,-66.78835979,86,103,"two-contract post-signal scalp: one contract exits at first target, one runner uses selected stop mode and runner target"
1,signal_scaled_scalp:strategy=delta_absorption_fade_10d_cl0.35:direction=all:first_target_points=1:stop_points=1.5:runner_target_points=2:runner_stop_mode=initial,delta_absorption_fade_10d_cl0.35,all,1,1.5,2,initial,189,189,189,85,104,77,27,0,0,77,0.40740741,-1875,-12648,-66.92063492,86,103,"two-contract post-signal scalp: one contract exits at first target, one runner uses selected stop mode and runner target"
1,signal_scaled_scalp:strategy=delta_absorption_fade_10d_cl0.35:direction=all:first_target_points=1:stop_points=1.5:runner_target_points=3:runner_stop_mode=breakeven,delta_absorption_fade_10d_cl0.35,all,1,1.5,3,breakeven,189,189,189,85,104,39,65,0,0,39,0.20634921,-1700,-12473,-65.99470899,86,103,"two-contract post-signal scalp: one contract exits at first target, one runner uses selected stop mode and runner target"
1,signal_scaled_scalp:strategy=delta_absorption_fade_10d_cl0.35:direction=all:first_target_points=1:stop_points=1.5:runner_target_points=3:runner_stop_mode=initial,delta_absorption_fade_10d_cl0.35,all,1,1.5,3,initial,189,189,189,85,104,58,46,0,0,58,0.30687831,-2300,-13073,-69.16931217,86,103,"two-contract post-signal scalp: one contract exits at first target, one runner uses selected stop mode and runner target"
1,signal_scaled_scalp:strategy=delta_absorption_fade_10d_cl0.35:direction=all:first_target_points=1:stop_points=1.5:runner_target_points=5:runner_stop_mode=breakeven,delta_absorption_fade_10d_cl0.35,all,1,1.5,5,breakeven,189,189,189,85,104,25,79,0,0,25,0.13227513,-1300,-12073,-63.87830688,86,103,"two-contract post-signal scalp: one contract exits at first target, one runner uses selected stop mode and runner target"
1,signal_scaled_scalp:strategy=delta_absorption_fade_10d_cl0.35:direction=all:first_target_points=1:stop_points=1.5:runner_target_points=5:runner_stop_mode=initial,delta_absorption_fade_10d_cl0.35,all,1,1.5,5,initial,189,189,189,85,104,43,61,0,0,43,0.22751323,-1375,-12148,-64.27513228,86,103,"two-contract post-signal scalp: one contract exits at first target, one runner uses selected stop mode and runner target"
1,signal_scaled_scalp:strategy=delta_absorption_fade_10d_cl0.35:direction=all:first_target_points=1:stop_points=2:runner_target_points=1.5:runner_stop_mode=breakeven,delta_absorption_fade_10d_cl0.35,all,1,2,1.5,breakeven,189,189,189,69,120,83,37,0,0,83,0.43915344,-1575,-12348,-65.33333333,86,103,"two-contract post-signal scalp: one contract exits at first target, one runner uses selected stop mode and runner target"
1,signal_scaled_scalp:strategy=delta_absorption_fade_10d_cl0.35:direction=all:first_target_points=1:stop_points=2:runner_target_points=1.5:runner_stop_mode=initial,delta_absorption_fade_10d_cl0.35,all,1,2,1.5,initial,189,189,189,69,120,105,15,0,0,105,0.55555556,-1425,-12198,-64.53968254,86,103,"two-contract post-signal scalp: one contract exits at first target, one runner uses selected stop mode and runner target"
1,signal_scaled_scalp:strategy=delta_absorption_fade_10d_cl0.35:direction=all:first_target_points=1:stop_points=2:runner_target_points=2:runner_stop_mode=breakeven,delta_absorption_fade_10d_cl0.35,all,1,2,2,breakeven,189,189,189,69,120,62,58,0,0,62,0.32804233,-1600,-12373,-65.46560847,86,103,"two-contract post-signal scalp: one contract exits at first target, one runner uses selected stop mode and runner target"
1,signal_scaled_scalp:strategy=delta_absorption_fade_10d_cl0.35:direction=all:first_target_points=1:stop_points=2:runner_target_points=2:runner_stop_mode=initial,delta_absorption_fade_10d_cl0.35,all,1,2,2,initial,189,189,189,69,120,94,26,0,0,94,0.4973545,-1000,-11773,-62.29100529,86,103,"two-contract post-signal scalp: one contract exits at first target, one runner uses selected stop mode and runner target"
1,signal_scaled_scalp:strategy=delta_absorption_fade_10d_cl0.35:direction=all:first_target_points=1:stop_points=2:runner_target_points=3:runner_stop_mode=breakeven,delta_absorption_fade_10d_cl0.35,all,1,2,3,breakeven,189,189,189,69,120,44,76,0,0,44,0.23280423,-1200,-11973,-63.34920635,86,103,"two-contract post-signal scalp: one contract exits at first target, one runner uses selected stop mode and runner target"
1,signal_scaled_scalp:strategy=delta_absorption_fade_10d_cl0.35:direction=all:first_target_points=1:stop_points=2:runner_target_points=3:runner_stop_mode=initial,delta_absorption_fade_10d_cl0.35,all,1,2,3,initial,189,189,189,69,120,74,46,0,0,74,0.39153439,-1300,-12073,-63.87830688,86,103,"two-contract post-signal scalp: one contract exits at first target, one runner uses selected stop mode and runner target"
1,signal_scaled_scalp:strategy=delta_absorption_fade_10d_cl0.35:direction=all:first_target_points=1:stop_points=2:runner_target_points=5:runner_stop_mode=breakeven,delta_absorption_fade_10d_cl0.35,all,1,2,5,breakeven,189,189,189,69,120,28,92,0,0,28,0.14814815,-800,-11573,-61.23280423,86,103,"two-contract post-signal scalp: one contract exits at first target, one runner uses selected stop mode and runner target"
1,signal_scaled_scalp:strategy=delta_absorption_fade_10d_cl0.35:direction=all:first_target_points=1:stop_points=2:runner_target_points=5:runner_stop_mode=initial,delta_absorption_fade_10d_cl0.35,all,1,2,5,initial,189,189,189,69,120,56,64,0,0,56,0.2962963,-200,-10973,-58.05820106,86,103,"two-contract post-signal scalp: one contract exits at first target, one runner uses selected stop mode and runner target"
1,signal_scaled_scalp:strategy=delta_absorption_fade_10d_cl0.35:direction=all:first_target_points=1.5:stop_points=1:runner_target_points=2:runner_stop_mode=breakeven,delta_absorption_fade_10d_cl0.35,all,1.5,1,2,breakeven,189,189,189,118,71,51,20,0,0,71,0.37566138,-1375,-12148,-64.27513228,86,103,"two-contract post-signal scalp: one contract exits at first target, one runner uses selected stop mode and runner target"
1,signal_scaled_scalp:strategy=delta_absorption_fade_10d_cl0.35:direction=all:first_target_points=1.5:stop_points=1:runner_target_points=2:runner_stop_mode=initial,delta_absorption_fade_10d_cl0.35,all,1.5,1,2,initial,189,189,189,118,71,59,12,0,0,59,0.31216931,-1175,-11948,-63.21693122,86,103,"two-contract post-signal scalp: one contract exits at first target, one runner uses selected stop mode and runner target"
1,signal_scaled_scalp:strategy=delta_absorption_fade_10d_cl0.35:direction=all:first_target_points=1.5:stop_points=1:runner_target_points=3:runner_stop_mode=breakeven,delta_absorption_fade_10d_cl0.35,all,1.5,1,3,breakeven,189,189,189,118,71,34,37,0,0,71,0.37566138,-1375,-12148,-64.27513228,86,103,"two-contract post-signal scalp: one contract exits at first target, one runner uses selected stop mode and runner target"
1,signal_scaled_scalp:strategy=delta_absorption_fade_10d_cl0.35:direction=all:first_target_points=1.5:stop_points=1:runner_target_points=3:runner_stop_mode=initial,delta_absorption_fade_10d_cl0.35,all,1.5,1,3,initial,189,189,189,118,71,43,28,0,0,43,0.22751323,-1425,-12198,-64.53968254,86,103,"two-contract post-signal scalp: one contract exits at first target, one runner uses selected stop mode and runner target"
1,signal_scaled_scalp:strategy=delta_absorption_fade_10d_cl0.35:direction=all:first_target_points=1.5:stop_points=1:runner_target_points=5:runner_stop_mode=breakeven,delta_absorption_fade_10d_cl0.35,all,1.5,1,5,breakeven,189,189,189,118,71,24,47,0,0,71,0.37566138,-475,-11248,-59.51322751,86,103,"two-contract post-signal scalp: one contract exits at first target, one runner uses selected stop mode and runner target"
1,signal_scaled_scalp:strategy=delta_absorption_fade_10d_cl0.35:direction=all:first_target_points=1.5:stop_points=1:runner_target_points=5:runner_stop_mode=initial,delta_absorption_fade_10d_cl0.35,all,1.5,1,5,initial,189,189,189,118,71,34,37,0,0,34,0.17989418,175,-10598,-56.07407407,86,103,"two-contract post-signal scalp: one contract exits at first target, one runner uses selected stop mode and runner target"
1,signal_scaled_scalp:strategy=delta_absorption_fade_10d_cl0.35:direction=all:first_target_points=1.5:stop_points=1.5:runner_target_points=2:runner_stop_mode=breakeven,delta_absorption_fade_10d_cl0.35,all,1.5,1.5,2,breakeven,189,189,189,100,89,66,23,0,0,89,0.47089947,-1725,-12498,-66.12698413,86,103,"two-contract post-signal scalp: one contract exits at first target, one runner uses selected stop mode and runner target"
1,signal_scaled_scalp:strategy=delta_absorption_fade_10d_cl0.35:direction=all:first_target_points=1.5:stop_points=1.5:runner_target_points=2:runner_stop_mode=initial,delta_absorption_fade_10d_cl0.35,all,1.5,1.5,2,initial,189,189,189,100,89,77,12,0,0,77,0.40740741,-1525,-12298,-65.06878307,86,103,"two-contract post-signal scalp: one contract exits at first target, one runner uses selected stop mode and runner target"
1,signal_scaled_scalp:strategy=delta_absorption_fade_10d_cl0.35:direction=all:first_target_points=1.5:stop_points=1.5:runner_target_points=3:runner_stop_mode=breakeven,delta_absorption_fade_10d_cl0.35,all,1.5,1.5,3,breakeven,189,189,189,100,89,44,45,0,0,89,0.47089947,-1725,-12498,-66.12698413,86,103,"two-contract post-signal scalp: one contract exits at first target, one runner uses selected stop mode and runner target"
1,signal_scaled_scalp:strategy=delta_absorption_fade_10d_cl0.35:direction=all:first_target_points=1.5:stop_points=1.5:runner_target_points=3:runner_stop_mode=initial,delta_absorption_fade_10d_cl0.35,all,1.5,1.5,3,initial,189,189,189,100,89,58,31,0,0,58,0.30687831,-1950,-12723,-67.31746032,86,103,"two-contract post-signal scalp: one contract exits at first target, one runner uses selected stop mode and runner target"
1,signal_scaled_scalp:strategy=delta_absorption_fade_10d_cl0.35:direction=all:first_target_points=1.5:stop_points=1.5:runner_target_points=5:runner_stop_mode=breakeven,delta_absorption_fade_10d_cl0.35,all,1.5,1.5,5,breakeven,189,189,189,100,89,27,62,0,0,89,0.47089947,-1575,-12348,-65.33333333,86,103,"two-contract post-signal scalp: one contract exits at first target, one runner uses selected stop mode and runner target"
1,signal_scaled_scalp:strategy=delta_absorption_fade_10d_cl0.35:direction=all:first_target_points=1.5:stop_points=1.5:runner_target_points=5:runner_stop_mode=initial,delta_absorption_fade_10d_cl0.35,all,1.5,1.5,5,initial,189,189,189,100,89,43,46,0,0,43,0.22751323,-1025,-11798,-62.42328042,86,103,"two-contract post-signal scalp: one contract exits at first target, one runner uses selected stop mode and runner target"
1,signal_scaled_scalp:strategy=delta_absorption_fade_10d_cl0.35:direction=all:first_target_points=1.5:stop_points=2:runner_target_points=2:runner_stop_mode=breakeven,delta_absorption_fade_10d_cl0.35,all,1.5,2,2,breakeven,189,189,189,84,105,79,26,0,0,105,0.55555556,-1025,-11798,-62.42328042,86,103,"two-contract post-signal scalp: one contract exits at first target, one runner uses selected stop mode and runner target"
1,signal_scaled_scalp:strategy=delta_absorption_fade_10d_cl0.35:direction=all:first_target_points=1.5:stop_points=2:runner_target_points=2:runner_stop_mode=initial,delta_absorption_fade_10d_cl0.35,all,1.5,2,2,initial,189,189,189,84,105,94,11,0,0,94,0.4973545,-625,-11398,-60.30687831,86,103,"two-contract post-signal scalp: one contract exits at first target, one runner uses selected stop mode and runner target"
1,signal_scaled_scalp:strategy=delta_absorption_fade_10d_cl0.35:direction=all:first_target_points=1.5:stop_points=2:runner_target_points=3:runner_stop_mode=breakeven,delta_absorption_fade_10d_cl0.35,all,1.5,2,3,breakeven,189,189,189,84,105,55,50,0,0,105,0.55555556,-675,-11448,-60.57142857,86,103,"two-contract post-signal scalp: one contract exits at first target, one runner uses selected stop mode and runner target"
1,signal_scaled_scalp:strategy=delta_absorption_fade_10d_cl0.35:direction=all:first_target_points=1.5:stop_points=2:runner_target_points=3:runner_stop_mode=initial,delta_absorption_fade_10d_cl0.35,all,1.5,2,3,initial,189,189,189,84,105,74,31,0,0,74,0.39153439,-925,-11698,-61.89417989,86,103,"two-contract post-signal scalp: one contract exits at first target, one runner uses selected stop mode and runner target"
1,signal_scaled_scalp:strategy=delta_absorption_fade_10d_cl0.35:direction=all:first_target_points=1.5:stop_points=2:runner_target_points=5:runner_stop_mode=breakeven,delta_absorption_fade_10d_cl0.35,all,1.5,2,5,breakeven,189,189,189,84,105,34,71,0,0,105,0.55555556,-425,-11198,-59.24867725,86,103,"two-contract post-signal scalp: one contract exits at first target, one runner uses selected stop mode and runner target"
1,signal_scaled_scalp:strategy=delta_absorption_fade_10d_cl0.35:direction=all:first_target_points=1.5:stop_points=2:runner_target_points=5:runner_stop_mode=initial,delta_absorption_fade_10d_cl0.35,all,1.5,2,5,initial,189,189,189,84,105,56,49,0,0,56,0.2962963,175,-10598,-56.07407407,86,103,"two-contract post-signal scalp: one contract exits at first target, one runner uses selected stop mode and runner target"
1,signal_scaled_scalp:strategy=delta_absorption_fade_20d_cl0.35:direction=all:first_target_points=0.5:stop_points=1:runner_target_points=1.5:runner_stop_mode=breakeven,delta_absorption_fade_20d_cl0.35,all,0.5,1,1.5,breakeven,158,158,158,78,80,44,36,0,0,44,0.27848101,-2500,-11506,-72.82278481,74,84,"two-contract post-signal scalp: one contract exits at first target, one runner uses selected stop mode and runner target"
1,signal_scaled_scalp:strategy=delta_absorption_fade_20d_cl0.35:direction=all:first_target_points=0.5:stop_points=1:runner_target_points=1.5:runner_stop_mode=initial,delta_absorption_fade_20d_cl0.35,all,0.5,1,1.5,initial,158,158,158,78,80,54,26,0,0,54,0.34177215,-3050,-12056,-76.30379747,74,84,"two-contract post-signal scalp: one contract exits at first target, one runner uses selected stop mode and runner target"
1,signal_scaled_scalp:strategy=delta_absorption_fade_20d_cl0.35:direction=all:first_target_points=0.5:stop_points=1:runner_target_points=2:runner_stop_mode=breakeven,delta_absorption_fade_20d_cl0.35,all,0.5,1,2,breakeven,158,158,158,78,80,31,49,0,0,31,0.19620253,-2700,-11706,-74.08860759,74,84,"two-contract post-signal scalp: one contract exits at first target, one runner uses selected stop mode and runner target"
1,signal_scaled_scalp:strategy=delta_absorption_fade_20d_cl0.35:direction=all:first_target_points=0.5:stop_points=1:runner_target_points=2:runner_stop_mode=initial,delta_absorption_fade_20d_cl0.35,all,0.5,1,2,initial,158,158,158,78,80,39,41,0,0,39,0.24683544,-3950,-12956,-82,74,84,"two-contract post-signal scalp: one contract exits at first target, one runner uses selected stop mode and runner target"
1,signal_scaled_scalp:strategy=delta_absorption_fade_20d_cl0.35:direction=all:first_target_points=0.5:stop_points=1:runner_target_points=3:runner_stop_mode=breakeven,delta_absorption_fade_20d_cl0.35,all,0.5,1,3,breakeven,158,158,158,78,80,20,60,0,0,20,0.12658228,-2800,-11806,-74.72151899,74,84,"two-contract post-signal scalp: one contract exits at first target, one runner uses selected stop mode and runner target"
1,signal_scaled_scalp:strategy=delta_absorption_fade_20d_cl0.35:direction=all:first_target_points=0.5:stop_points=1:runner_target_points=3:runner_stop_mode=initial,delta_absorption_fade_20d_cl0.35,all,0.5,1,3,initial,158,158,158,78,80,24,56,0,0,24,0.15189873,-5000,-14006,-88.64556962,74,84,"two-contract post-signal scalp: one contract exits at first target, one runner uses selected stop mode and runner target"
1,signal_scaled_scalp:strategy=delta_absorption_fade_20d_cl0.35:direction=all:first_target_points=0.5:stop_points=1:runner_target_points=5:runner_stop_mode=breakeven,delta_absorption_fade_20d_cl0.35,all,0.5,1,5,breakeven,158,158,158,78,80,13,67,0,0,13,0.08227848,-2550,-11556,-73.13924051,74,84,"two-contract post-signal scalp: one contract exits at first target, one runner uses selected stop mode and runner target"
1,signal_scaled_scalp:strategy=delta_absorption_fade_20d_cl0.35:direction=all:first_target_points=0.5:stop_points=1:runner_target_points=5:runner_stop_mode=initial,delta_absorption_fade_20d_cl0.35,all,0.5,1,5,initial,158,158,158,78,80,17,63,0,0,17,0.10759494,-4700,-13706,-86.74683544,74,84,"two-contract post-signal scalp: one contract exits at first target, one runner uses selected stop mode and runner target"
1,signal_scaled_scalp:strategy=delta_absorption_fade_20d_cl0.35:direction=all:first_target_points=0.5:stop_points=1.5:runner_target_points=1.5:runner_stop_mode=breakeven,delta_absorption_fade_20d_cl0.35,all,0.5,1.5,1.5,breakeven,158,158,158,61,97,49,48,0,0,49,0.31012658,-3050,-12056,-76.30379747,74,84,"two-contract post-signal scalp: one contract exits at first target, one runner uses selected stop mode and runner target"
1,signal_scaled_scalp:strategy=delta_absorption_fade_20d_cl0.35:direction=all:first_target_points=0.5:stop_points=1.5:runner_target_points=1.5:runner_stop_mode=initial,delta_absorption_fade_20d_cl0.35,all,0.5,1.5,1.5,initial,158,158,158,61,97,67,30,0,0,67,0.42405063,-3950,-12956,-82,74,84,"two-contract post-signal scalp: one contract exits at first target, one runner uses selected stop mode and runner target"
1,signal_scaled_scalp:strategy=delta_absorption_fade_20d_cl0.35:direction=all:first_target_points=0.5:stop_points=1.5:runner_target_points=2:runner_stop_mode=breakeven,delta_absorption_fade_20d_cl0.35,all,0.5,1.5,2,breakeven,158,158,158,61,97,33,64,0,0,33,0.20886076,-3425,-12431,-78.67721519,74,84,"two-contract post-signal scalp: one contract exits at first target, one runner uses selected stop mode and runner target"
1,signal_scaled_scalp:strategy=delta_absorption_fade_20d_cl0.35:direction=all:first_target_points=0.5:stop_points=1.5:runner_target_points=2:runner_stop_mode=initial,delta_absorption_fade_20d_cl0.35,all,0.5,1.5,2,initial,158,158,158,61,97,52,45,0,0,52,0.32911392,-4900,-13906,-88.01265823,74,84,"two-contract post-signal scalp: one contract exits at first target, one runner uses selected stop mode and runner target"
1,signal_scaled_scalp:strategy=delta_absorption_fade_20d_cl0.35:direction=all:first_target_points=0.5:stop_points=1.5:runner_target_points=3:runner_stop_mode=breakeven,delta_absorption_fade_20d_cl0.35,all,0.5,1.5,3,breakeven,158,158,158,61,97,21,76,0,0,21,0.13291139,-3575,-12581,-79.62658228,74,84,"two-contract post-signal scalp: one contract exits at first target, one runner uses selected stop mode and runner target"
1,signal_scaled_scalp:strategy=delta_absorption_fade_20d_cl0.35:direction=all:first_target_points=0.5:stop_points=1.5:runner_target_points=3:runner_stop_mode=initial,delta_absorption_fade_20d_cl0.35,all,0.5,1.5,3,initial,158,158,158,61,97,33,64,0,0,33,0.20886076,-6575,-15581,-98.61392405,74,84,"two-contract post-signal scalp: one contract exits at first target, one runner uses selected stop mode and runner target"
1,signal_scaled_scalp:strategy=delta_absorption_fade_20d_cl0.35:direction=all:first_target_points=0.5:stop_points=1.5:runner_target_points=5:runner_stop_mode=breakeven,delta_absorption_fade_20d_cl0.35,all,0.5,1.5,5,breakeven,158,158,158,61,97,14,83,0,0,14,0.08860759,-3225,-12231,-77.41139241,74,84,"two-contract post-signal scalp: one contract exits at first target, one runner uses selected stop mode and runner target"
1,signal_scaled_scalp:strategy=delta_absorption_fade_20d_cl0.35:direction=all:first_target_points=0.5:stop_points=1.5:runner_target_points=5:runner_stop_mode=initial,delta_absorption_fade_20d_cl0.35,all,0.5,1.5,5,initial,158,158,158,61,97,23,74,0,0,23,0.14556962,-6525,-15531,-98.29746835,74,84,"two-contract post-signal scalp: one contract exits at first target, one runner uses selected stop mode and runner target"
1,signal_scaled_scalp:strategy=delta_absorption_fade_20d_cl0.35:direction=all:first_target_points=0.5:stop_points=2:runner_target_points=1.5:runner_stop_mode=breakeven,delta_absorption_fade_20d_cl0.35,all,0.5,2,1.5,breakeven,158,158,158,51,107,52,55,0,0,52,0.32911392,-3625,-12631,-79.94303797,74,84,"two-contract post-signal scalp: one contract exits at first target, one runner uses selected stop mode and runner target"
1,signal_scaled_scalp:strategy=delta_absorption_fade_20d_cl0.35:direction=all:first_target_points=0.5:stop_points=2:runner_target_points=1.5:runner_stop_mode=initial,delta_absorption_fade_20d_cl0.35,all,0.5,2,1.5,initial,158,158,158,51,107,79,28,0,0,79,0.5,-4400,-13406,-84.84810127,74,84,"two-contract post-signal scalp: one contract exits at first target, one runner uses selected stop mode and runner target"
1,signal_scaled_scalp:strategy=delta_absorption_fade_20d_cl0.35:direction=all:first_target_points=0.5:stop_points=2:runner_target_points=2:runner_stop_mode=breakeven,delta_absorption_fade_20d_cl0.35,all,0.5,2,2,breakeven,158,158,158,51,107,36,71,0,0,36,0.2278481,-3925,-12931,-81.84177215,74,84,"two-contract post-signal scalp: one contract exits at first target, one runner uses selected stop mode and runner target"
1,signal_scaled_scalp:strategy=delta_absorption_fade_20d_cl0.35:direction=all:first_target_points=0.5:stop_points=2:runner_target_points=2:runner_stop_mode=initial,delta_absorption_fade_20d_cl0.35,all,0.5,2,2,initial,158,158,158,51,107,67,40,0,0,67,0.42405063,-4825,-13831,-87.53797468,74,84,"two-contract post-signal scalp: one contract exits at first target, one runner uses selected stop mode and runner target"
1,signal_scaled_scalp:strategy=delta_absorption_fade_20d_cl0.35:direction=all:first_target_points=0.5:stop_points=2:runner_target_points=3:runner_stop_mode=breakeven,delta_absorption_fade_20d_cl0.35,all,0.5,2,3,breakeven,158,158,158,51,107,24,83,0,0,24,0.15189873,-3925,-12931,-81.84177215,74,84,"two-contract post-signal scalp: one contract exits at first target, one runner uses selected stop mode and runner target"
1,signal_scaled_scalp:strategy=delta_absorption_fade_20d_cl0.35:direction=all:first_target_points=0.5:stop_points=2:runner_target_points=3:runner_stop_mode=initial,delta_absorption_fade_20d_cl0.35,all,0.5,2,3,initial,158,158,158,51,107,46,61,0,0,46,0.29113924,-6725,-15731,-99.56329114,74,84,"two-contract post-signal scalp: one contract exits at first target, one runner uses selected stop mode and runner target"
1,signal_scaled_scalp:strategy=delta_absorption_fade_20d_cl0.35:direction=all:first_target_points=0.5:stop_points=2:runner_target_points=5:runner_stop_mode=breakeven,delta_absorption_fade_20d_cl0.35,all,0.5,2,5,breakeven,158,158,158,51,107,15,92,0,0,15,0.09493671,-3775,-12781,-80.89240506,74,84,"two-contract post-signal scalp: one contract exits at first target, one runner uses selected stop mode and runner target"
1,signal_scaled_scalp:strategy=delta_absorption_fade_20d_cl0.35:direction=all:first_target_points=0.5:stop_points=2:runner_target_points=5:runner_stop_mode=initial,delta_absorption_fade_20d_cl0.35,all,0.5,2,5,initial,158,158,158,51,107,34,73,0,0,34,0.21518987,-6325,-15331,-97.03164557,74,84,"two-contract post-signal scalp: one contract exits at first target, one runner uses selected stop mode and runner target"
1,signal_scaled_scalp:strategy=delta_absorption_fade_20d_cl0.35:direction=all:first_target_points=1:stop_points=1:runner_target_points=1.5:runner_stop_mode=breakeven,delta_absorption_fade_20d_cl0.35,all,1,1,1.5,breakeven,158,158,158,88,70,48,22,0,0,48,0.30379747,-1700,-10706,-67.75949367,74,84,"two-contract post-signal scalp: one contract exits at first target, one runner uses selected stop mode and runner target"
1,signal_scaled_scalp:strategy=delta_absorption_fade_20d_cl0.35:direction=all:first_target_points=1:stop_points=1:runner_target_points=1.5:runner_stop_mode=initial,delta_absorption_fade_20d_cl0.35,all,1,1,1.5,initial,158,158,158,88,70,54,16,0,0,54,0.34177215,-2050,-11056,-69.97468354,74,84,"two-contract post-signal scalp: one contract exits at first target, one runner uses selected stop mode and runner target"
1,signal_scaled_scalp:strategy=delta_absorption_fade_20d_cl0.35:direction=all:first_target_points=1:stop_points=1:runner_target_points=2:runner_stop_mode=breakeven,delta_absorption_fade_20d_cl0.35,all,1,1,2,breakeven,158,158,158,88,70,33,37,0,0,33,0.20886076,-2000,-11006,-69.65822785,74,84,"two-contract post-signal scalp: one contract exits at first target, one runner uses selected stop mode and runner target"
1,signal_scaled_scalp:strategy=delta_absorption_fade_20d_cl0.35:direction=all:first_target_points=1:stop_points=1:runner_target_points=2:runner_stop_mode=initial,delta_absorption_fade_20d_cl0.35,all,1,1,2,initial,158,158,158,88,70,39,31,0,0,39,0.24683544,-2950,-11956,-75.67088608,74,84,"two-contract post-signal scalp: one contract exits at first target, one runner uses selected stop mode and runner target"
1,signal_scaled_scalp:strategy=delta_absorption_fade_20d_cl0.35:direction=all:first_target_points=1:stop_points=1:runner_target_points=3:runner_stop_mode=breakeven,delta_absorption_fade_20d_cl0.35,all,1,1,3,breakeven,158,158,158,88,70,20,50,0,0,20,0.12658228,-2300,-11306,-71.55696203,74,84,"two-contract post-signal scalp: one contract exits at first target, one runner uses selected stop mode and runner target"
1,signal_scaled_scalp:strategy=delta_absorption_fade_20d_cl0.35:direction=all:first_target_points=1:stop_points=1:runner_target_points=3:runner_stop_mode=initial,delta_absorption_fade_20d_cl0.35,all,1,1,3,initial,158,158,158,88,70,24,46,0,0,24,0.15189873,-4000,-13006,-82.3164557,74,84,"two-contract post-signal scalp: one contract exits at first target, one runner uses selected stop mode and runner target"
1,signal_scaled_scalp:strategy=delta_absorption_fade_20d_cl0.35:direction=all:first_target_points=1:stop_points=1:runner_target_points=5:runner_stop_mode=breakeven,delta_absorption_fade_20d_cl0.35,all,1,1,5,breakeven,158,158,158,88,70,13,57,0,0,13,0.08227848,-2050,-11056,-69.97468354,74,84,"two-contract post-signal scalp: one contract exits at first target, one runner uses selected stop mode and runner target"
1,signal_scaled_scalp:strategy=delta_absorption_fade_20d_cl0.35:direction=all:first_target_points=1:stop_points=1:runner_target_points=5:runner_stop_mode=initial,delta_absorption_fade_20d_cl0.35,all,1,1,5,initial,158,158,158,88,70,17,53,0,0,17,0.10759494,-3700,-12706,-80.41772152,74,84,"two-contract post-signal scalp: one contract exits at first target, one runner uses selected stop mode and runner target"
1,signal_scaled_scalp:strategy=delta_absorption_fade_20d_cl0.35:direction=all:first_target_points=1:stop_points=1.5:runner_target_points=1.5:runner_stop_mode=breakeven,delta_absorption_fade_20d_cl0.35,all,1,1.5,1.5,breakeven,158,158,158,74,84,55,29,0,0,55,0.34810127,-2775,-11781,-74.56329114,74,84,"two-contract post-signal scalp: one contract exits at first target, one runner uses selected stop mode and runner target"
1,signal_scaled_scalp:strategy=delta_absorption_fade_20d_cl0.35:direction=all:first_target_points=1:stop_points=1.5:runner_target_points=1.5:runner_stop_mode=initial,delta_absorption_fade_20d_cl0.35,all,1,1.5,1.5,initial,158,158,158,74,84,67,17,0,0,67,0.42405063,-3150,-12156,-76.93670886,74,84,"two-contract post-signal scalp: one contract exits at first target, one runner uses selected stop mode and runner target"
1,signal_scaled_scalp:strategy=delta_absorption_fade_20d_cl0.35:direction=all:first_target_points=1:stop_points=1.5:runner_target_points=2:runner_stop_mode=breakeven,delta_absorption_fade_20d_cl0.35,all,1,1.5,2,breakeven,158,158,158,74,84,37,47,0,0,37,0.23417722,-3200,-12206,-77.25316456,74,84,"two-contract post-signal scalp: one contract exits at first target, one runner uses selected stop mode and runner target"
1,signal_scaled_scalp:strategy=delta_absorption_fade_20d_cl0.35:direction=all:first_target_points=1:stop_points=1.5:runner_target_points=2:runner_stop_mode=initial,delta_absorption_fade_20d_cl0.35,all,1,1.5,2,initial,158,158,158,74,84,52,32,0,0,52,0.32911392,-4100,-13106,-82.94936709,74,84,"two-contract post-signal scalp: one contract exits at first target, one runner uses selected stop mode and runner target"
1,signal_scaled_scalp:strategy=delta_absorption_fade_20d_cl0.35:direction=all:first_target_points=1:stop_points=1.5:runner_target_points=3:runner_stop_mode=breakeven,delta_absorption_fade_20d_cl0.35,all,1,1.5,3,breakeven,158,158,158,74,84,22,62,0,0,22,0.13924051,-3600,-12606,-79.78481013,74,84,"two-contract post-signal scalp: one contract exits at first target, one runner uses selected stop mode and runner target"
1,signal_scaled_scalp:strategy=delta_absorption_fade_20d_cl0.35:direction=all:first_target_points=1:stop_points=1.5:runner_target_points=3:runner_stop_mode=initial,delta_absorption_fade_20d_cl0.35,all,1,1.5,3,initial,158,158,158,74,84,33,51,0,0,33,0.20886076,-5775,-14781,-93.55063291,74,84,"two-contract post-signal scalp: one contract exits at first target, one runner uses selected stop mode and runner target"
1,signal_scaled_scalp:strategy=delta_absorption_fade_20d_cl0.35:direction=all:first_target_points=1:stop_points=1.5:runner_target_points=5:runner_stop_mode=breakeven,delta_absorption_fade_20d_cl0.35,all,1,1.5,5,breakeven,158,158,158,74,84,14,70,0,0,14,0.08860759,-3400,-12406,-78.51898734,74,84,"two-contract post-signal scalp: one contract exits at first target, one runner uses selected stop mode and runner target"
1,signal_scaled_scalp:strategy=delta_absorption_fade_20d_cl0.35:direction=all:first_target_points=1:stop_points=1.5:runner_target_points=5:runner_stop_mode=initial,delta_absorption_fade_20d_cl0.35,all,1,1.5,5,initial,158,158,158,74,84,23,61,0,0,23,0.14556962,-5725,-14731,-93.23417722,74,84,"two-contract post-signal scalp: one contract exits at first target, one runner uses selected stop mode and runner target"
1,signal_scaled_scalp:strategy=delta_absorption_fade_20d_cl0.35:direction=all:first_target_points=1:stop_points=2:runner_target_points=1.5:runner_stop_mode=breakeven,delta_absorption_fade_20d_cl0.35,all,1,2,1.5,breakeven,158,158,158,64,94,62,32,0,0,62,0.39240506,-3450,-12456,-78.83544304,74,84,"two-contract post-signal scalp: one contract exits at first target, one runner uses selected stop mode and runner target"
1,signal_scaled_scalp:strategy=delta_absorption_fade_20d_cl0.35:direction=all:first_target_points=1:stop_points=2:runner_target_points=1.5:runner_stop_mode=initial,delta_absorption_fade_20d_cl0.35,all,1,2,1.5,initial,158,158,158,64,94,79,15,0,0,79,0.5,-3675,-12681,-80.25949367,74,84,"two-contract post-signal scalp: one contract exits at first target, one runner uses selected stop mode and runner target"
1,signal_scaled_scalp:strategy=delta_absorption_fade_20d_cl0.35:direction=all:first_target_points=1:stop_points=2:runner_target_points=2:runner_stop_mode=breakeven,delta_absorption_fade_20d_cl0.35,all,1,2,2,breakeven,158,158,158,64,94,42,52,0,0,42,0.26582278,-3900,-12906,-81.6835443,74,84,"two-contract post-signal scalp: one contract exits at first target, one runner uses selected stop mode and runner target"
1,signal_scaled_scalp:strategy=delta_absorption_fade_20d_cl0.35:direction=all:first_target_points=1:stop_points=2:runner_target_points=2:runner_stop_mode=initial,delta_absorption_fade_20d_cl0.35,all,1,2,2,initial,158,158,158,64,94,67,27,0,0,67,0.42405063,-4100,-13106,-82.94936709,74,84,"two-contract post-signal scalp: one contract exits at first target, one runner uses selected stop mode and runner target"
1,signal_scaled_scalp:strategy=delta_absorption_fade_20d_cl0.35:direction=all:first_target_points=1:stop_points=2:runner_target_points=3:runner_stop_mode=breakeven,delta_absorption_fade_20d_cl0.35,all,1,2,3,breakeven,158,158,158,64,94,26,68,0,0,26,0.16455696,-4200,-13206,-83.58227848,74,84,"two-contract post-signal scalp: one contract exits at first target, one runner uses selected stop mode and runner target"
1,signal_scaled_scalp:strategy=delta_absorption_fade_20d_cl0.35:direction=all:first_target_points=1:stop_points=2:runner_target_points=3:runner_stop_mode=initial,delta_absorption_fade_20d_cl0.35,all,1,2,3,initial,158,158,158,64,94,46,48,0,0,46,0.29113924,-6000,-15006,-94.97468354,74,84,"two-contract post-signal scalp: one contract exits at first target, one runner uses selected stop mode and runner target"
1,signal_scaled_scalp:strategy=delta_absorption_fade_20d_cl0.35:direction=all:first_target_points=1:stop_points=2:runner_target_points=5:runner_stop_mode=breakeven,delta_absorption_fade_20d_cl0.35,all,1,2,5,breakeven,158,158,158,64,94,16,78,0,0,16,0.10126582,-4100,-13106,-82.94936709,74,84,"two-contract post-signal scalp: one contract exits at first target, one runner uses selected stop mode and runner target"
1,signal_scaled_scalp:strategy=delta_absorption_fade_20d_cl0.35:direction=all:first_target_points=1:stop_points=2:runner_target_points=5:runner_stop_mode=initial,delta_absorption_fade_20d_cl0.35,all,1,2,5,initial,158,158,158,64,94,34,60,0,0,34,0.21518987,-5600,-14606,-92.44303797,74,84,"two-contract post-signal scalp: one contract exits at first target, one runner uses selected stop mode and runner target"
1,signal_scaled_scalp:strategy=delta_absorption_fade_20d_cl0.35:direction=all:first_target_points=1.5:stop_points=1:runner_target_points=2:runner_stop_mode=breakeven,delta_absorption_fade_20d_cl0.35,all,1.5,1,2,breakeven,158,158,158,104,54,37,17,0,0,54,0.34177215,-2650,-11656,-73.7721519,74,84,"two-contract post-signal scalp: one contract exits at first target, one runner uses selected stop mode and runner target"
1,signal_scaled_scalp:strategy=delta_absorption_fade_20d_cl0.35:direction=all:first_target_points=1.5:stop_points=1:runner_target_points=2:runner_stop_mode=initial,delta_absorption_fade_20d_cl0.35,all,1.5,1,2,initial,158,158,158,104,54,39,15,0,0,39,0.24683544,-3200,-12206,-77.25316456,74,84,"two-contract post-signal scalp: one contract exits at first target, one runner uses selected stop mode and runner target"
1,signal_scaled_scalp:strategy=delta_absorption_fade_20d_cl0.35:direction=all:first_target_points=1.5:stop_points=1:runner_target_points=3:runner_stop_mode=breakeven,delta_absorption_fade_20d_cl0.35,all,1.5,1,3,breakeven,158,158,158,104,54,22,32,0,0,54,0.34177215,-3050,-12056,-76.30379747,74,84,"two-contract post-signal scalp: one contract exits at first target, one runner uses selected stop mode and runner target"
1,signal_scaled_scalp:strategy=delta_absorption_fade_20d_cl0.35:direction=all:first_target_points=1.5:stop_points=1:runner_target_points=3:runner_stop_mode=initial,delta_absorption_fade_20d_cl0.35,all,1.5,1,3,initial,158,158,158,104,54,24,30,0,0,24,0.15189873,-4250,-13256,-83.89873418,74,84,"two-contract post-signal scalp: one contract exits at first target, one runner uses selected stop mode and runner target"
1,signal_scaled_scalp:strategy=delta_absorption_fade_20d_cl0.35:direction=all:first_target_points=1.5:stop_points=1:runner_target_points=5:runner_stop_mode=breakeven,delta_absorption_fade_20d_cl0.35,all,1.5,1,5,breakeven,158,158,158,104,54,14,40,0,0,54,0.34177215,-2850,-11856,-75.03797468,74,84,"two-contract post-signal scalp: one contract exits at first target, one runner uses selected stop mode and runner target"
1,signal_scaled_scalp:strategy=delta_absorption_fade_20d_cl0.35:direction=all:first_target_points=1.5:stop_points=1:runner_target_points=5:runner_stop_mode=initial,delta_absorption_fade_20d_cl0.35,all,1.5,1,5,initial,158,158,158,104,54,17,37,0,0,17,0.10759494,-3950,-12956,-82,74,84,"two-contract post-signal scalp: one contract exits at first target, one runner uses selected stop mode and runner target"
1,signal_scaled_scalp:strategy=delta_absorption_fade_20d_cl0.35:direction=all:first_target_points=1.5:stop_points=1.5:runner_target_points=2:runner_stop_mode=breakeven,delta_absorption_fade_20d_cl0.35,all,1.5,1.5,2,breakeven,158,158,158,91,67,46,21,0,0,67,0.42405063,-4025,-13031,-82.47468354,74,84,"two-contract post-signal scalp: one contract exits at first target, one runner uses selected stop mode and runner target"
1,signal_scaled_scalp:strategy=delta_absorption_fade_20d_cl0.35:direction=all:first_target_points=1.5:stop_points=1.5:runner_target_points=2:runner_stop_mode=initial,delta_absorption_fade_20d_cl0.35,all,1.5,1.5,2,initial,158,158,158,91,67,52,15,0,0,52,0.32911392,-4550,-13556,-85.79746835,74,84,"two-contract post-signal scalp: one contract exits at first target, one runner uses selected stop mode and runner target"
1,signal_scaled_scalp:strategy=delta_absorption_fade_20d_cl0.35:direction=all:first_target_points=1.5:stop_points=1.5:runner_target_points=3:runner_stop_mode=breakeven,delta_absorption_fade_20d_cl0.35,all,1.5,1.5,3,breakeven,158,158,158,91,67,26,41,0,0,67,0.42405063,-4725,-13731,-86.90506329,74,84,"two-contract post-signal scalp: one contract exits at first target, one runner uses selected stop mode and runner target"
1,signal_scaled_scalp:strategy=delta_absorption_fade_20d_cl0.35:direction=all:first_target_points=1.5:stop_points=1.5:runner_target_points=3:runner_stop_mode=initial,delta_absorption_fade_20d_cl0.35,all,1.5,1.5,3,initial,158,158,158,91,67,33,34,0,0,33,0.20886076,-6225,-15231,-96.39873418,74,84,"two-contract post-signal scalp: one contract exits at first target, one runner uses selected stop mode and runner target"
1,signal_scaled_scalp:strategy=delta_absorption_fade_20d_cl0.35:direction=all:first_target_points=1.5:stop_points=1.5:runner_target_points=5:runner_stop_mode=breakeven,delta_absorption_fade_20d_cl0.35,all,1.5,1.5,5,breakeven,158,158,158,91,67,16,51,0,0,67,0.42405063,-4625,-13631,-86.2721519,74,84,"two-contract post-signal scalp: one contract exits at first target, one runner uses selected stop mode and runner target"
1,signal_scaled_scalp:strategy=delta_absorption_fade_20d_cl0.35:direction=all:first_target_points=1.5:stop_points=1.5:runner_target_points=5:runner_stop_mode=initial,delta_absorption_fade_20d_cl0.35,all,1.5,1.5,5,initial,158,158,158,91,67,23,44,0,0,23,0.14556962,-6175,-15181,-96.08227848,74,84,"two-contract post-signal scalp: one contract exits at first target, one runner uses selected stop mode and runner target"
1,signal_scaled_scalp:strategy=delta_absorption_fade_20d_cl0.35:direction=all:first_target_points=1.5:stop_points=2:runner_target_points=2:runner_stop_mode=breakeven,delta_absorption_fade_20d_cl0.35,all,1.5,2,2,breakeven,158,158,158,79,79,55,24,0,0,79,0.5,-4375,-13381,-84.68987342,74,84,"two-contract post-signal scalp: one contract exits at first target, one runner uses selected stop mode and runner target"
1,signal_scaled_scalp:strategy=delta_absorption_fade_20d_cl0.35:direction=all:first_target_points=1.5:stop_points=2:runner_target_points=2:runner_stop_mode=initial,delta_absorption_fade_20d_cl0.35,all,1.5,2,2,initial,158,158,158,79,79,67,12,0,0,67,0.42405063,-4375,-13381,-84.68987342,74,84,"two-contract post-signal scalp: one contract exits at first target, one runner uses selected stop mode and runner target"
1,signal_scaled_scalp:strategy=delta_absorption_fade_20d_cl0.35:direction=all:first_target_points=1.5:stop_points=2:runner_target_points=3:runner_stop_mode=breakeven,delta_absorption_fade_20d_cl0.35,all,1.5,2,3,breakeven,158,158,158,79,79,33,46,0,0,79,0.5,-4925,-13931,-88.17088608,74,84,"two-contract post-signal scalp: one contract exits at first target, one runner uses selected stop mode and runner target"
1,signal_scaled_scalp:strategy=delta_absorption_fade_20d_cl0.35:direction=all:first_target_points=1.5:stop_points=2:runner_target_points=3:runner_stop_mode=initial,delta_absorption_fade_20d_cl0.35,all,1.5,2,3,initial,158,158,158,79,79,46,33,0,0,46,0.29113924,-6275,-15281,-96.71518987,74,84,"two-contract post-signal scalp: one contract exits at first target, one runner uses selected stop mode and runner target"
1,signal_scaled_scalp:strategy=delta_absorption_fade_20d_cl0.35:direction=all:first_target_points=1.5:stop_points=2:runner_target_points=5:runner_stop_mode=breakeven,delta_absorption_fade_20d_cl0.35,all,1.5,2,5,breakeven,158,158,158,79,79,19,60,0,0,79,0.5,-5125,-14131,-89.43670886,74,84,"two-contract post-signal scalp: one contract exits at first target, one runner uses selected stop mode and runner target"
1,signal_scaled_scalp:strategy=delta_absorption_fade_20d_cl0.35:direction=all:first_target_points=1.5:stop_points=2:runner_target_points=5:runner_stop_mode=initial,delta_absorption_fade_20d_cl0.35,all,1.5,2,5,initial,158,158,158,79,79,34,45,0,0,34,0.21518987,-5875,-14881,-94.1835443,74,84,"two-contract post-signal scalp: one contract exits at first target, one runner uses selected stop mode and runner target"
1,signal_scaled_scalp:strategy=delta_absorption_fade_30d_cl0.4:direction=all:first_target_points=0.5:stop_points=1:runner_target_points=1.5:runner_stop_mode=breakeven,delta_absorption_fade_30d_cl0.4,all,0.5,1,1.5,breakeven,137,137,137,68,69,39,30,0,0,39,0.28467153,-2150,-9959,-72.69343066,68,69,"two-contract post-signal scalp: one contract exits at first target, one runner uses selected stop mode and runner target"
1,signal_scaled_scalp:strategy=delta_absorption_fade_30d_cl0.4:direction=all:first_target_points=0.5:stop_points=1:runner_target_points=1.5:runner_stop_mode=initial,delta_absorption_fade_30d_cl0.4,all,0.5,1,1.5,initial,137,137,137,68,69,48,21,0,0,48,0.35036496,-2525,-10334,-75.43065693,68,69,"two-contract post-signal scalp: one contract exits at first target, one runner uses selected stop mode and runner target"
1,signal_scaled_scalp:strategy=delta_absorption_fade_30d_cl0.4:direction=all:first_target_points=0.5:stop_points=1:runner_target_points=2:runner_stop_mode=breakeven,delta_absorption_fade_30d_cl0.4,all,0.5,1,2,breakeven,137,137,137,68,69,22,47,0,0,22,0.16058394,-2875,-10684,-77.98540146,68,69,"two-contract post-signal scalp: one contract exits at first target, one runner uses selected stop mode and runner target"
1,signal_scaled_scalp:strategy=delta_absorption_fade_30d_cl0.4:direction=all:first_target_points=0.5:stop_points=1:runner_target_points=2:runner_stop_mode=initial,delta_absorption_fade_30d_cl0.4,all,0.5,1,2,initial,137,137,137,68,69,33,36,0,0,33,0.24087591,-3575,-11384,-83.09489051,68,69,"two-contract post-signal scalp: one contract exits at first target, one runner uses selected stop mode and runner target"
1,signal_scaled_scalp:strategy=delta_absorption_fade_30d_cl0.4:direction=all:first_target_points=0.5:stop_points=1:runner_target_points=3:runner_stop_mode=breakeven,delta_absorption_fade_30d_cl0.4,all,0.5,1,3,breakeven,137,137,137,68,69,16,53,0,0,16,0.11678832,-2675,-10484,-76.52554745,68,69,"two-contract post-signal scalp: one contract exits at first target, one runner uses selected stop mode and runner target"
1,signal_scaled_scalp:strategy=delta_absorption_fade_30d_cl0.4:direction=all:first_target_points=0.5:stop_points=1:runner_target_points=3:runner_stop_mode=initial,delta_absorption_fade_30d_cl0.4,all,0.5,1,3,initial,137,137,137,68,69,22,47,0,0,22,0.16058394,-4125,-11934,-87.10948905,68,69,"two-contract post-signal scalp: one contract exits at first target, one runner uses selected stop mode and runner target"
1,signal_scaled_scalp:strategy=delta_absorption_fade_30d_cl0.4:direction=all:first_target_points=0.5:stop_points=1:runner_target_points=5:runner_stop_mode=breakeven,delta_absorption_fade_30d_cl0.4,all,0.5,1,5,breakeven,137,137,137,68,69,9,60,0,0,9,0.06569343,-2825,-10634,-77.62043796,68,69,"two-contract post-signal scalp: one contract exits at first target, one runner uses selected stop mode and runner target"
1,signal_scaled_scalp:strategy=delta_absorption_fade_30d_cl0.4:direction=all:first_target_points=0.5:stop_points=1:runner_target_points=5:runner_stop_mode=initial,delta_absorption_fade_30d_cl0.4,all,0.5,1,5,initial,137,137,137,68,69,14,55,0,0,14,0.10218978,-4325,-12134,-88.56934307,68,69,"two-contract post-signal scalp: one contract exits at first target, one runner uses selected stop mode and runner target"
1,signal_scaled_scalp:strategy=delta_absorption_fade_30d_cl0.4:direction=all:first_target_points=0.5:stop_points=1.5:runner_target_points=1.5:runner_stop_mode=breakeven,delta_absorption_fade_30d_cl0.4,all,0.5,1.5,1.5,breakeven,137,137,137,52,85,43,42,0,0,43,0.31386861,-2450,-10259,-74.88321168,68,69,"two-contract post-signal scalp: one contract exits at first target, one runner uses selected stop mode and runner target"
1,signal_scaled_scalp:strategy=delta_absorption_fade_30d_cl0.4:direction=all:first_target_points=0.5:stop_points=1.5:runner_target_points=1.5:runner_stop_mode=initial,delta_absorption_fade_30d_cl0.4,all,0.5,1.5,1.5,initial,137,137,137,52,85,62,23,0,0,62,0.45255474,-2750,-10559,-77.0729927,68,69,"two-contract post-signal scalp: one contract exits at first target, one runner uses selected stop mode and runner target"
1,signal_scaled_scalp:strategy=delta_absorption_fade_30d_cl0.4:direction=all:first_target_points=0.5:stop_points=1.5:runner_target_points=2:runner_stop_mode=breakeven,delta_absorption_fade_30d_cl0.4,all,0.5,1.5,2,breakeven,137,137,137,52,85,24,61,0,0,24,0.17518248,-3275,-11084,-80.90510949,68,69,"two-contract post-signal scalp: one contract exits at first target, one runner uses selected stop mode and runner target"
1,signal_scaled_scalp:strategy=delta_absorption_fade_30d_cl0.4:direction=all:first_target_points=0.5:stop_points=1.5:runner_target_points=2:runner_stop_mode=initial,delta_absorption_fade_30d_cl0.4,all,0.5,1.5,2,initial,137,137,137,52,85,47,38,0,0,47,0.34306569,-3825,-11634,-84.91970803,68,69,"two-contract post-signal scalp: one contract exits at first target, one runner uses selected stop mode and runner target"
1,signal_scaled_scalp:strategy=delta_absorption_fade_30d_cl0.4:direction=all:first_target_points=0.5:stop_points=1.5:runner_target_points=3:runner_stop_mode=breakeven,delta_absorption_fade_30d_cl0.4,all,0.5,1.5,3,breakeven,137,137,137,52,85,18,67,0,0,18,0.13138686,-2975,-10784,-78.71532847,68,69,"two-contract post-signal scalp: one contract exits at first target, one runner uses selected stop mode and runner target"
1,signal_scaled_scalp:strategy=delta_absorption_fade_30d_cl0.4:direction=all:first_target_points=0.5:stop_points=1.5:runner_target_points=3:runner_stop_mode=initial,delta_absorption_fade_30d_cl0.4,all,0.5,1.5,3,initial,137,137,137,52,85,30,55,0,0,30,0.2189781,-5300,-13109,-95.68613139,68,69,"two-contract post-signal scalp: one contract exits at first target, one runner uses selected stop mode and runner target"
1,signal_scaled_scalp:strategy=delta_absorption_fade_30d_cl0.4:direction=all:first_target_points=0.5:stop_points=1.5:runner_target_points=5:runner_stop_mode=breakeven,delta_absorption_fade_30d_cl0.4,all,0.5,1.5,5,breakeven,137,137,137,52,85,11,74,0,0,11,0.08029197,-2925,-10734,-78.35036496,68,69,"two-contract post-signal scalp: one contract exits at first target, one runner uses selected stop mode and runner target"
1,signal_scaled_scalp:strategy=delta_absorption_fade_30d_cl0.4:direction=all:first_target_points=0.5:stop_points=1.5:runner_target_points=5:runner_stop_mode=initial,delta_absorption_fade_30d_cl0.4,all,0.5,1.5,5,initial,137,137,137,52,85,20,65,0,0,20,0.1459854,-5550,-13359,-97.51094891,68,69,"two-contract post-signal scalp: one contract exits at first target, one runner uses selected stop mode and runner target"
1,signal_scaled_scalp:strategy=delta_absorption_fade_30d_cl0.4:direction=all:first_target_points=0.5:stop_points=2:runner_target_points=1.5:runner_stop_mode=breakeven,delta_absorption_fade_30d_cl0.4,all,0.5,2,1.5,breakeven,137,137,137,41,96,44,52,0,0,44,0.32116788,-2500,-10309,-75.24817518,68,69,"two-contract post-signal scalp: one contract exits at first target, one runner uses selected stop mode and runner target"
1,signal_scaled_scalp:strategy=delta_absorption_fade_30d_cl0.4:direction=all:first_target_points=0.5:stop_points=2:runner_target_points=1.5:runner_stop_mode=initial,delta_absorption_fade_30d_cl0.4,all,0.5,2,1.5,initial,137,137,137,41,96,73,23,0,0,73,0.53284672,-2625,-10434,-76.16058394,68,69,"two-contract post-signal scalp: one contract exits at first target, one runner uses selected stop mode and runner target"
1,signal_scaled_scalp:strategy=delta_absorption_fade_30d_cl0.4:direction=all:first_target_points=0.5:stop_points=2:runner_target_points=2:runner_stop_mode=breakeven,delta_absorption_fade_30d_cl0.4,all,0.5,2,2,breakeven,137,137,137,41,96,25,71,0,0,25,0.18248175,-3300,-11109,-81.08759124,68,69,"two-contract post-signal scalp: one contract exits at first target, one runner uses selected stop mode and runner target"
1,signal_scaled_scalp:strategy=delta_absorption_fade_30d_cl0.4:direction=all:first_target_points=0.5:stop_points=2:runner_target_points=2:runner_stop_mode=initial,delta_absorption_fade_30d_cl0.4,all,0.5,2,2,initial,137,137,137,41,96,57,39,0,0,57,0.41605839,-4000,-11809,-86.19708029,68,69,"two-contract post-signal scalp: one contract exits at first target, one runner uses selected stop mode and runner target"
1,signal_scaled_scalp:strategy=delta_absorption_fade_30d_cl0.4:direction=all:first_target_points=0.5:stop_points=2:runner_target_points=3:runner_stop_mode=breakeven,delta_absorption_fade_30d_cl0.4,all,0.5,2,3,breakeven,137,137,137,41,96,19,77,0,0,19,0.13868613,-2950,-10759,-78.53284672,68,69,"two-contract post-signal scalp: one contract exits at first target, one runner uses selected stop mode and runner target"
1,signal_scaled_scalp:strategy=delta_absorption_fade_30d_cl0.4:direction=all:first_target_points=0.5:stop_points=2:runner_target_points=3:runner_stop_mode=initial,delta_absorption_fade_30d_cl0.4,all,0.5,2,3,initial,137,137,137,41,96,39,57,0,0,39,0.28467153,-5650,-13459,-98.24087591,68,69,"two-contract post-signal scalp: one contract exits at first target, one runner uses selected stop mode and runner target"
1,signal_scaled_scalp:strategy=delta_absorption_fade_30d_cl0.4:direction=all:first_target_points=0.5:stop_points=2:runner_target_points=5:runner_stop_mode=breakeven,delta_absorption_fade_30d_cl0.4,all,0.5,2,5,breakeven,137,137,137,41,96,12,84,0,0,12,0.08759124,-2800,-10609,-77.4379562,68,69,"two-contract post-signal scalp: one contract exits at first target, one runner uses selected stop mode and runner target"
1,signal_scaled_scalp:strategy=delta_absorption_fade_30d_cl0.4:direction=all:first_target_points=0.5:stop_points=2:runner_target_points=5:runner_stop_mode=initial,delta_absorption_fade_30d_cl0.4,all,0.5,2,5,initial,137,137,137,41,96,28,68,0,0,28,0.20437956,-5600,-13409,-97.87591241,68,69,"two-contract post-signal scalp: one contract exits at first target, one runner uses selected stop mode and runner target"
1,signal_scaled_scalp:strategy=delta_absorption_fade_30d_cl0.4:direction=all:first_target_points=1:stop_points=1:runner_target_points=1.5:runner_stop_mode=breakeven,delta_absorption_fade_30d_cl0.4,all,1,1,1.5,breakeven,137,137,137,77,60,42,18,0,0,42,0.30656934,-1550,-9359,-68.31386861,68,69,"two-contract post-signal scalp: one contract exits at first target, one runner uses selected stop mode and runner target"
1,signal_scaled_scalp:strategy=delta_absorption_fade_30d_cl0.4:direction=all:first_target_points=1:stop_points=1:runner_target_points=1.5:runner_stop_mode=initial,delta_absorption_fade_30d_cl0.4,all,1,1,1.5,initial,137,137,137,77,60,48,12,0,0,48,0.35036496,-1700,-9509,-69.40875912,68,69,"two-contract post-signal scalp: one contract exits at first target, one runner uses selected stop mode and runner target"
1,signal_scaled_scalp:strategy=delta_absorption_fade_30d_cl0.4:direction=all:first_target_points=1:stop_points=1:runner_target_points=2:runner_stop_mode=breakeven,delta_absorption_fade_30d_cl0.4,all,1,1,2,breakeven,137,137,137,77,60,25,35,0,0,25,0.18248175,-2200,-10009,-73.05839416,68,69,"two-contract post-signal scalp: one contract exits at first target, one runner uses selected stop mode and runner target"
1,signal_scaled_scalp:strategy=delta_absorption_fade_30d_cl0.4:direction=all:first_target_points=1:stop_points=1:runner_target_points=2:runner_stop_mode=initial,delta_absorption_fade_30d_cl0.4,all,1,1,2,initial,137,137,137,77,60,33,27,0,0,33,0.24087591,-2750,-10559,-77.0729927,68,69,"two-contract post-signal scalp: one contract exits at first target, one runner uses selected stop mode and runner target"
1,signal_scaled_scalp:strategy=delta_absorption_fade_30d_cl0.4:direction=all:first_target_points=1:stop_points=1:runner_target_points=3:runner_stop_mode=breakeven,delta_absorption_fade_30d_cl0.4,all,1,1,3,breakeven,137,137,137,77,60,18,42,0,0,18,0.13138686,-2000,-9809,-71.59854015,68,69,"two-contract post-signal scalp: one contract exits at first target, one runner uses selected stop mode and runner target"
1,signal_scaled_scalp:strategy=delta_absorption_fade_30d_cl0.4:direction=all:first_target_points=1:stop_points=1:runner_target_points=3:runner_stop_mode=initial,delta_absorption_fade_30d_cl0.4,all,1,1,3,initial,137,137,137,77,60,22,38,0,0,22,0.16058394,-3300,-11109,-81.08759124,68,69,"two-contract post-signal scalp: one contract exits at first target, one runner uses selected stop mode and runner target"
1,signal_scaled_scalp:strategy=delta_absorption_fade_30d_cl0.4:direction=all:first_target_points=1:stop_points=1:runner_target_points=5:runner_stop_mode=breakeven,delta_absorption_fade_30d_cl0.4,all,1,1,5,breakeven,137,137,137,77,60,10,50,0,0,10,0.0729927,-2200,-10009,-73.05839416,68,69,"two-contract post-signal scalp: one contract exits at first target, one runner uses selected stop mode and runner target"
1,signal_scaled_scalp:strategy=delta_absorption_fade_30d_cl0.4:direction=all:first_target_points=1:stop_points=1:runner_target_points=5:runner_stop_mode=initial,delta_absorption_fade_30d_cl0.4,all,1,1,5,initial,137,137,137,77,60,14,46,0,0,14,0.10218978,-3500,-11309,-82.54744526,68,69,"two-contract post-signal scalp: one contract exits at first target, one runner uses selected stop mode and runner target"
1,signal_scaled_scalp:strategy=delta_absorption_fade_30d_cl0.4:direction=all:first_target_points=1:stop_points=1.5:runner_target_points=1.5:runner_stop_mode=breakeven,delta_absorption_fade_30d_cl0.4,all,1,1.5,1.5,breakeven,137,137,137,63,74,49,25,0,0,49,0.35766423,-2075,-9884,-72.1459854,68,69,"two-contract post-signal scalp: one contract exits at first target, one runner uses selected stop mode and runner target"
1,signal_scaled_scalp:strategy=delta_absorption_fade_30d_cl0.4:direction=all:first_target_points=1:stop_points=1.5:runner_target_points=1.5:runner_stop_mode=initial,delta_absorption_fade_30d_cl0.4,all,1,1.5,1.5,initial,137,137,137,63,74,62,12,0,0,62,0.45255474,-2000,-9809,-71.59854015,68,69,"two-contract post-signal scalp: one contract exits at first target, one runner uses selected stop mode and runner target"
1,signal_scaled_scalp:strategy=delta_absorption_fade_30d_cl0.4:direction=all:first_target_points=1:stop_points=1.5:runner_target_points=2:runner_stop_mode=breakeven,delta_absorption_fade_30d_cl0.4,all,1,1.5,2,breakeven,137,137,137,63,74,30,44,0,0,30,0.2189781,-2750,-10559,-77.0729927,68,69,"two-contract post-signal scalp: one contract exits at first target, one runner uses selected stop mode and runner target"
1,signal_scaled_scalp:strategy=delta_absorption_fade_30d_cl0.4:direction=all:first_target_points=1:stop_points=1.5:runner_target_points=2:runner_stop_mode=initial,delta_absorption_fade_30d_cl0.4,all,1,1.5,2,initial,137,137,137,63,74,47,27,0,0,47,0.34306569,-3075,-10884,-79.44525547,68,69,"two-contract post-signal scalp: one contract exits at first target, one runner uses selected stop mode and runner target"
1,signal_scaled_scalp:strategy=delta_absorption_fade_30d_cl0.4:direction=all:first_target_points=1:stop_points=1.5:runner_target_points=3:runner_stop_mode=breakeven,delta_absorption_fade_30d_cl0.4,all,1,1.5,3,breakeven,137,137,137,63,74,22,52,0,0,22,0.16058394,-2450,-10259,-74.88321168,68,69,"two-contract post-signal scalp: one contract exits at first target, one runner uses selected stop mode and runner target"
1,signal_scaled_scalp:strategy=delta_absorption_fade_30d_cl0.4:direction=all:first_target_points=1:stop_points=1.5:runner_target_points=3:runner_stop_mode=initial,delta_absorption_fade_30d_cl0.4,all,1,1.5,3,initial,137,137,137,63,74,30,44,0,0,30,0.2189781,-4550,-12359,-90.21167883,68,69,"two-contract post-signal scalp: one contract exits at first target, one runner uses selected stop mode and runner target"
1,signal_scaled_scalp:strategy=delta_absorption_fade_30d_cl0.4:direction=all:first_target_points=1:stop_points=1.5:runner_target_points=5:runner_stop_mode=breakeven,delta_absorption_fade_30d_cl0.4,all,1,1.5,5,breakeven,137,137,137,63,74,13,61,0,0,13,0.09489051,-2500,-10309,-75.24817518,68,69,"two-contract post-signal scalp: one contract exits at first target, one runner uses selected stop mode and runner target"
1,signal_scaled_scalp:strategy=delta_absorption_fade_30d_cl0.4:direction=all:first_target_points=1:stop_points=1.5:runner_target_points=5:runner_stop_mode=initial,delta_absorption_fade_30d_cl0.4,all,1,1.5,5,initial,137,137,137,63,74,20,54,0,0,20,0.1459854,-4800,-12609,-92.03649635,68,69,"two-contract post-signal scalp: one contract exits at first target, one runner uses selected stop mode and runner target"
1,signal_scaled_scalp:strategy=delta_absorption_fade_30d_cl0.4:direction=all:first_target_points=1:stop_points=2:runner_target_points=1.5:runner_stop_mode=breakeven,delta_absorption_fade_30d_cl0.4,all,1,2,1.5,breakeven,137,137,137,52,85,56,29,0,0,56,0.40875912,-1950,-9759,-71.23357664,68,69,"two-contract post-signal scalp: one contract exits at first target, one runner uses selected stop mode and runner target"
1,signal_scaled_scalp:strategy=delta_absorption_fade_30d_cl0.4:direction=all:first_target_points=1:stop_points=2:runner_target_points=1.5:runner_stop_mode=initial,delta_absorption_fade_30d_cl0.4,all,1,2,1.5,initial,137,137,137,52,85,73,12,0,0,73,0.53284672,-1875,-9684,-70.68613139,68,69,"two-contract post-signal scalp: one contract exits at first target, one runner uses selected stop mode and runner target"
1,signal_scaled_scalp:strategy=delta_absorption_fade_30d_cl0.4:direction=all:first_target_points=1:stop_points=2:runner_target_points=2:runner_stop_mode=breakeven,delta_absorption_fade_30d_cl0.4,all,1,2,2,breakeven,137,137,137,52,85,33,52,0,0,33,0.24087591,-2850,-10659,-77.80291971,68,69,"two-contract post-signal scalp: one contract exits at first target, one runner uses selected stop mode and runner target"
1,signal_scaled_scalp:strategy=delta_absorption_fade_30d_cl0.4:direction=all:first_target_points=1:stop_points=2:runner_target_points=2:runner_stop_mode=initial,delta_absorption_fade_30d_cl0.4,all,1,2,2,initial,137,137,137,52,85,57,28,0,0,57,0.41605839,-3250,-11059,-80.72262774,68,69,"two-contract post-signal scalp: one contract exits at first target, one runner uses selected stop mode and runner target"
1,signal_scaled_scalp:strategy=delta_absorption_fade_30d_cl0.4:direction=all:first_target_points=1:stop_points=2:runner_target_points=3:runner_stop_mode=breakeven,delta_absorption_fade_30d_cl0.4,all,1,2,3,breakeven,137,137,137,52,85,24,61,0,0,24,0.17518248,-2550,-10359,-75.61313869,68,69,"two-contract post-signal scalp: one contract exits at first target, one runner uses selected stop mode and runner target"
1,signal_scaled_scalp:strategy=delta_absorption_fade_30d_cl0.4:direction=all:first_target_points=1:stop_points=2:runner_target_points=3:runner_stop_mode=initial,delta_absorption_fade_30d_cl0.4,all,1,2,3,initial,137,137,137,52,85,39,46,0,0,39,0.28467153,-4900,-12709,-92.76642336,68,69,"two-contract post-signal scalp: one contract exits at first target, one runner uses selected stop mode and runner target"
1,signal_scaled_scalp:strategy=delta_absorption_fade_30d_cl0.4:direction=all:first_target_points=1:stop_points=2:runner_target_points=5:runner_stop_mode=breakeven,delta_absorption_fade_30d_cl0.4,all,1,2,5,breakeven,137,137,137,52,85,14,71,0,0,14,0.10218978,-2650,-10459,-76.34306569,68,69,"two-contract post-signal scalp: one contract exits at first target, one runner uses selected stop mode and runner target"
1,signal_scaled_scalp:strategy=delta_absorption_fade_30d_cl0.4:direction=all:first_target_points=1:stop_points=2:runner_target_points=5:runner_stop_mode=initial,delta_absorption_fade_30d_cl0.4,all,1,2,5,initial,137,137,137,52,85,28,57,0,0,28,0.20437956,-4850,-12659,-92.40145985,68,69,"two-contract post-signal scalp: one contract exits at first target, one runner uses selected stop mode and runner target"
1,signal_scaled_scalp:strategy=delta_absorption_fade_30d_cl0.4:direction=all:first_target_points=1.5:stop_points=1:runner_target_points=2:runner_stop_mode=breakeven,delta_absorption_fade_30d_cl0.4,all,1.5,1,2,breakeven,137,137,137,89,48,28,20,0,0,48,0.35036496,-2500,-10309,-75.24817518,68,69,"two-contract post-signal scalp: one contract exits at first target, one runner uses selected stop mode and runner target"
1,signal_scaled_scalp:strategy=delta_absorption_fade_30d_cl0.4:direction=all:first_target_points=1.5:stop_points=1:runner_target_points=2:runner_stop_mode=initial,delta_absorption_fade_30d_cl0.4,all,1.5,1,2,initial,137,137,137,89,48,33,15,0,0,33,0.24087591,-2750,-10559,-77.0729927,68,69,"two-contract post-signal scalp: one contract exits at first target, one runner uses selected stop mode and runner target"
1,signal_scaled_scalp:strategy=delta_absorption_fade_30d_cl0.4:direction=all:first_target_points=1.5:stop_points=1:runner_target_points=3:runner_stop_mode=breakeven,delta_absorption_fade_30d_cl0.4,all,1.5,1,3,breakeven,137,137,137,89,48,20,28,0,0,48,0.35036496,-2300,-10109,-73.78832117,68,69,"two-contract post-signal scalp: one contract exits at first target, one runner uses selected stop mode and runner target"
1,signal_scaled_scalp:strategy=delta_absorption_fade_30d_cl0.4:direction=all:first_target_points=1.5:stop_points=1:runner_target_points=3:runner_stop_mode=initial,delta_absorption_fade_30d_cl0.4,all,1.5,1,3,initial,137,137,137,89,48,22,26,0,0,22,0.16058394,-3300,-11109,-81.08759124,68,69,"two-contract post-signal scalp: one contract exits at first target, one runner uses selected stop mode and runner target"
1,signal_scaled_scalp:strategy=delta_absorption_fade_30d_cl0.4:direction=all:first_target_points=1.5:stop_points=1:runner_target_points=5:runner_stop_mode=breakeven,delta_absorption_fade_30d_cl0.4,all,1.5,1,5,breakeven,137,137,137,89,48,11,37,0,0,48,0.35036496,-2550,-10359,-75.61313869,68,69,"two-contract post-signal scalp: one contract exits at first target, one runner uses selected stop mode and runner target"
1,signal_scaled_scalp:strategy=delta_absorption_fade_30d_cl0.4:direction=all:first_target_points=1.5:stop_points=1:runner_target_points=5:runner_stop_mode=initial,delta_absorption_fade_30d_cl0.4,all,1.5,1,5,initial,137,137,137,89,48,14,34,0,0,14,0.10218978,-3500,-11309,-82.54744526,68,69,"two-contract post-signal scalp: one contract exits at first target, one runner uses selected stop mode and runner target"
1,signal_scaled_scalp:strategy=delta_absorption_fade_30d_cl0.4:direction=all:first_target_points=1.5:stop_points=1.5:runner_target_points=2:runner_stop_mode=breakeven,delta_absorption_fade_30d_cl0.4,all,1.5,1.5,2,breakeven,137,137,137,75,62,40,22,0,0,62,0.45255474,-2600,-10409,-75.97810219,68,69,"two-contract post-signal scalp: one contract exits at first target, one runner uses selected stop mode and runner target"
1,signal_scaled_scalp:strategy=delta_absorption_fade_30d_cl0.4:direction=all:first_target_points=1.5:stop_points=1.5:runner_target_points=2:runner_stop_mode=initial,delta_absorption_fade_30d_cl0.4,all,1.5,1.5,2,initial,137,137,137,75,62,47,15,0,0,47,0.34306569,-3025,-10834,-79.08029197,68,69,"two-contract post-signal scalp: one contract exits at first target, one runner uses selected stop mode and runner target"
1,signal_scaled_scalp:strategy=delta_absorption_fade_30d_cl0.4:direction=all:first_target_points=1.5:stop_points=1.5:runner_target_points=3:runner_stop_mode=breakeven,delta_absorption_fade_30d_cl0.4,all,1.5,1.5,3,breakeven,137,137,137,75,62,28,34,0,0,62,0.45255474,-2400,-10209,-74.51824818,68,69,"two-contract post-signal scalp: one contract exits at first target, one runner uses selected stop mode and runner target"
1,signal_scaled_scalp:strategy=delta_absorption_fade_30d_cl0.4:direction=all:first_target_points=1.5:stop_points=1.5:runner_target_points=3:runner_stop_mode=initial,delta_absorption_fade_30d_cl0.4,all,1.5,1.5,3,initial,137,137,137,75,62,30,32,0,0,30,0.2189781,-4500,-12309,-89.84671533,68,69,"two-contract post-signal scalp: one contract exits at first target, one runner uses selected stop mode and runner target"
1,signal_scaled_scalp:strategy=delta_absorption_fade_30d_cl0.4:direction=all:first_target_points=1.5:stop_points=1.5:runner_target_points=5:runner_stop_mode=breakeven,delta_absorption_fade_30d_cl0.4,all,1.5,1.5,5,breakeven,137,137,137,75,62,17,45,0,0,62,0.45255474,-2350,-10159,-74.15328467,68,69,"two-contract post-signal scalp: one contract exits at first target, one runner uses selected stop mode and runner target"
1,signal_scaled_scalp:strategy=delta_absorption_fade_30d_cl0.4:direction=all:first_target_points=1.5:stop_points=1.5:runner_target_points=5:runner_stop_mode=initial,delta_absorption_fade_30d_cl0.4,all,1.5,1.5,5,initial,137,137,137,75,62,20,42,0,0,20,0.1459854,-4750,-12559,-91.67153285,68,69,"two-contract post-signal scalp: one contract exits at first target, one runner uses selected stop mode and runner target"
1,signal_scaled_scalp:strategy=delta_absorption_fade_30d_cl0.4:direction=all:first_target_points=1.5:stop_points=2:runner_target_points=2:runner_stop_mode=breakeven,delta_absorption_fade_30d_cl0.4,all,1.5,2,2,breakeven,137,137,137,64,73,45,28,0,0,73,0.53284672,-2825,-10634,-77.62043796,68,69,"two-contract post-signal scalp: one contract exits at first target, one runner uses selected stop mode and runner target"
1,signal_scaled_scalp:strategy=delta_absorption_fade_30d_cl0.4:direction=all:first_target_points=1.5:stop_points=2:runner_target_points=2:runner_stop_mode=initial,delta_absorption_fade_30d_cl0.4,all,1.5,2,2,initial,137,137,137,64,73,57,16,0,0,57,0.41605839,-3225,-11034,-80.54014599,68,69,"two-contract post-signal scalp: one contract exits at first target, one runner uses selected stop mode and runner target"
1,signal_scaled_scalp:strategy=delta_absorption_fade_30d_cl0.4:direction=all:first_target_points=1.5:stop_points=2:runner_target_points=3:runner_stop_mode=breakeven,delta_absorption_fade_30d_cl0.4,all,1.5,2,3,breakeven,137,137,137,64,73,31,42,0,0,73,0.53284672,-2675,-10484,-76.52554745,68,69,"two-contract post-signal scalp: one contract exits at first target, one runner uses selected stop mode and runner target"
1,signal_scaled_scalp:strategy=delta_absorption_fade_30d_cl0.4:direction=all:first_target_points=1.5:stop_points=2:runner_target_points=3:runner_stop_mode=initial,delta_absorption_fade_30d_cl0.4,all,1.5,2,3,initial,137,137,137,64,73,39,34,0,0,39,0.28467153,-4875,-12684,-92.58394161,68,69,"two-contract post-signal scalp: one contract exits at first target, one runner uses selected stop mode and runner target"
1,signal_scaled_scalp:strategy=delta_absorption_fade_30d_cl0.4:direction=all:first_target_points=1.5:stop_points=2:runner_target_points=5:runner_stop_mode=breakeven,delta_absorption_fade_30d_cl0.4,all,1.5,2,5,breakeven,137,137,137,64,73,18,55,0,0,73,0.53284672,-2825,-10634,-77.62043796,68,69,"two-contract post-signal scalp: one contract exits at first target, one runner uses selected stop mode and runner target"
1,signal_scaled_scalp:strategy=delta_absorption_fade_30d_cl0.4:direction=all:first_target_points=1.5:stop_points=2:runner_target_points=5:runner_stop_mode=initial,delta_absorption_fade_30d_cl0.4,all,1.5,2,5,initial,137,137,137,64,73,28,45,0,0,28,0.20437956,-4825,-12634,-92.2189781,68,69,"two-contract post-signal scalp: one contract exits at first target, one runner uses selected stop mode and runner target"
1,signal_scaled_scalp:strategy=vwap_delta_exhaustion_fade_2pt_10d_cl0.5:direction=all:first_target_points=0.5:stop_points=1:runner_target_points=1.5:runner_stop_mode=breakeven,vwap_delta_exhaustion_fade_2pt_10d_cl0.5,all,0.5,1,1.5,breakeven,177,177,177,86,91,56,35,0,0,56,0.31638418,-2125,-12214,-69.00564972,106,71,"two-contract post-signal scalp: one contract exits at first target, one runner uses selected stop mode and runner target"
1,signal_scaled_scalp:strategy=vwap_delta_exhaustion_fade_2pt_10d_cl0.5:direction=all:first_target_points=0.5:stop_points=1:runner_target_points=1.5:runner_stop_mode=initial,vwap_delta_exhaustion_fade_2pt_10d_cl0.5,all,0.5,1,1.5,initial,177,177,177,86,91,70,21,0,0,70,0.39548023,-2125,-12214,-69.00564972,106,71,"two-contract post-signal scalp: one contract exits at first target, one runner uses selected stop mode and runner target"
1,signal_scaled_scalp:strategy=vwap_delta_exhaustion_fade_2pt_10d_cl0.5:direction=all:first_target_points=0.5:stop_points=1:runner_target_points=2:runner_stop_mode=breakeven,vwap_delta_exhaustion_fade_2pt_10d_cl0.5,all,0.5,1,2,breakeven,177,177,177,86,91,48,43,0,0,48,0.27118644,-1525,-11614,-65.61581921,106,71,"two-contract post-signal scalp: one contract exits at first target, one runner uses selected stop mode and runner target"
1,signal_scaled_scalp:strategy=vwap_delta_exhaustion_fade_2pt_10d_cl0.5:direction=all:first_target_points=0.5:stop_points=1:runner_target_points=2:runner_stop_mode=initial,vwap_delta_exhaustion_fade_2pt_10d_cl0.5,all,0.5,1,2,initial,177,177,177,86,91,64,27,0,0,64,0.36158192,-1275,-11364,-64.20338983,106,71,"two-contract post-signal scalp: one contract exits at first target, one runner uses selected stop mode and runner target"
1,signal_scaled_scalp:strategy=vwap_delta_exhaustion_fade_2pt_10d_cl0.5:direction=all:first_target_points=0.5:stop_points=1:runner_target_points=3:runner_stop_mode=breakeven,vwap_delta_exhaustion_fade_2pt_10d_cl0.5,all,0.5,1,3,breakeven,177,177,177,86,91,31,60,0,0,31,0.17514124,-1675,-11764,-66.46327684,106,71,"two-contract post-signal scalp: one contract exits at first target, one runner uses selected stop mode and runner target"
1,signal_scaled_scalp:strategy=vwap_delta_exhaustion_fade_2pt_10d_cl0.5:direction=all:first_target_points=0.5:stop_points=1:runner_target_points=3:runner_stop_mode=initial,vwap_delta_exhaustion_fade_2pt_10d_cl0.5,all,0.5,1,3,initial,177,177,177,86,91,44,47,0,0,44,0.24858757,-2075,-12164,-68.72316384,106,71,"two-contract post-signal scalp: one contract exits at first target, one runner uses selected stop mode and runner target"
1,signal_scaled_scalp:strategy=vwap_delta_exhaustion_fade_2pt_10d_cl0.5:direction=all:first_target_points=0.5:stop_points=1:runner_target_points=5:runner_stop_mode=breakeven,vwap_delta_exhaustion_fade_2pt_10d_cl0.5,all,0.5,1,5,breakeven,177,177,177,86,91,23,68,0,0,23,0.1299435,-575,-10664,-60.24858757,106,71,"two-contract post-signal scalp: one contract exits at first target, one runner uses selected stop mode and runner target"
1,signal_scaled_scalp:strategy=vwap_delta_exhaustion_fade_2pt_10d_cl0.5:direction=all:first_target_points=0.5:stop_points=1:runner_target_points=5:runner_stop_mode=initial,vwap_delta_exhaustion_fade_2pt_10d_cl0.5,all,0.5,1,5,initial,177,177,177,86,91,33,58,0,0,33,0.18644068,-975,-11064,-62.50847458,106,71,"two-contract post-signal scalp: one contract exits at first target, one runner uses selected stop mode and runner target"
1,signal_scaled_scalp:strategy=vwap_delta_exhaustion_fade_2pt_10d_cl0.5:direction=all:first_target_points=0.5:stop_points=1.5:runner_target_points=1.5:runner_stop_mode=breakeven,vwap_delta_exhaustion_fade_2pt_10d_cl0.5,all,0.5,1.5,1.5,breakeven,177,177,177,69,108,59,49,0,0,59,0.33333333,-3225,-13314,-75.22033898,106,71,"two-contract post-signal scalp: one contract exits at first target, one runner uses selected stop mode and runner target"
1,signal_scaled_scalp:strategy=vwap_delta_exhaustion_fade_2pt_10d_cl0.5:direction=all:first_target_points=0.5:stop_points=1.5:runner_target_points=1.5:runner_stop_mode=initial,vwap_delta_exhaustion_fade_2pt_10d_cl0.5,all,0.5,1.5,1.5,initial,177,177,177,69,108,80,28,0,0,80,0.4519774,-3750,-13839,-78.18644068,106,71,"two-contract post-signal scalp: one contract exits at first target, one runner uses selected stop mode and runner target"
1,signal_scaled_scalp:strategy=vwap_delta_exhaustion_fade_2pt_10d_cl0.5:direction=all:first_target_points=0.5:stop_points=1.5:runner_target_points=2:runner_stop_mode=breakeven,vwap_delta_exhaustion_fade_2pt_10d_cl0.5,all,0.5,1.5,2,breakeven,177,177,177,69,108,51,57,0,0,51,0.28813559,-2550,-12639,-71.40677966,106,71,"two-contract post-signal scalp: one contract exits at first target, one runner uses selected stop mode and runner target"
1,signal_scaled_scalp:strategy=vwap_delta_exhaustion_fade_2pt_10d_cl0.5:direction=all:first_target_points=0.5:stop_points=1.5:runner_target_points=2:runner_stop_mode=initial,vwap_delta_exhaustion_fade_2pt_10d_cl0.5,all,0.5,1.5,2,initial,177,177,177,69,108,74,34,0,0,74,0.4180791,-2800,-12889,-72.81920904,106,71,"two-contract post-signal scalp: one contract exits at first target, one runner uses selected stop mode and runner target"
1,signal_scaled_scalp:strategy=vwap_delta_exhaustion_fade_2pt_10d_cl0.5:direction=all:first_target_points=0.5:stop_points=1.5:runner_target_points=3:runner_stop_mode=breakeven,vwap_delta_exhaustion_fade_2pt_10d_cl0.5,all,0.5,1.5,3,breakeven,177,177,177,69,108,33,75,0,0,33,0.18644068,-2700,-12789,-72.25423729,106,71,"two-contract post-signal scalp: one contract exits at first target, one runner uses selected stop mode and runner target"
1,signal_scaled_scalp:strategy=vwap_delta_exhaustion_fade_2pt_10d_cl0.5:direction=all:first_target_points=0.5:stop_points=1.5:runner_target_points=3:runner_stop_mode=initial,vwap_delta_exhaustion_fade_2pt_10d_cl0.5,all,0.5,1.5,3,initial,177,177,177,69,108,54,54,0,0,54,0.30508475,-3600,-13689,-77.33898305,106,71,"two-contract post-signal scalp: one contract exits at first target, one runner uses selected stop mode and runner target"
1,signal_scaled_scalp:strategy=vwap_delta_exhaustion_fade_2pt_10d_cl0.5:direction=all:first_target_points=0.5:stop_points=1.5:runner_target_points=5:runner_stop_mode=breakeven,vwap_delta_exhaustion_fade_2pt_10d_cl0.5,all,0.5,1.5,5,breakeven,177,177,177,69,108,23,85,0,0,23,0.1299435,-1900,-11989,-67.73446328,106,71,"two-contract post-signal scalp: one contract exits at first target, one runner uses selected stop mode and runner target"
1,signal_scaled_scalp:strategy=vwap_delta_exhaustion_fade_2pt_10d_cl0.5:direction=all:first_target_points=0.5:stop_points=1.5:runner_target_points=5:runner_stop_mode=initial,vwap_delta_exhaustion_fade_2pt_10d_cl0.5,all,0.5,1.5,5,initial,177,177,177,69,108,42,66,0,0,42,0.23728814,-2100,-12189,-68.86440678,106,71,"two-contract post-signal scalp: one contract exits at first target, one runner uses selected stop mode and runner target"
1,signal_scaled_scalp:strategy=vwap_delta_exhaustion_fade_2pt_10d_cl0.5:direction=all:first_target_points=0.5:stop_points=2:runner_target_points=1.5:runner_stop_mode=breakeven,vwap_delta_exhaustion_fade_2pt_10d_cl0.5,all,0.5,2,1.5,breakeven,177,177,177,62,115,61,54,0,0,61,0.34463277,-4950,-15039,-84.96610169,106,71,"two-contract post-signal scalp: one contract exits at first target, one runner uses selected stop mode and runner target"
1,signal_scaled_scalp:strategy=vwap_delta_exhaustion_fade_2pt_10d_cl0.5:direction=all:first_target_points=0.5:stop_points=2:runner_target_points=1.5:runner_stop_mode=initial,vwap_delta_exhaustion_fade_2pt_10d_cl0.5,all,0.5,2,1.5,initial,177,177,177,62,115,91,24,0,0,91,0.51412429,-5100,-15189,-85.81355932,106,71,"two-contract post-signal scalp: one contract exits at first target, one runner uses selected stop mode and runner target"
1,signal_scaled_scalp:strategy=vwap_delta_exhaustion_fade_2pt_10d_cl0.5:direction=all:first_target_points=0.5:stop_points=2:runner_target_points=2:runner_stop_mode=breakeven,vwap_delta_exhaustion_fade_2pt_10d_cl0.5,all,0.5,2,2,breakeven,177,177,177,62,115,53,62,0,0,53,0.29943503,-4225,-14314,-80.8700565,106,71,"two-contract post-signal scalp: one contract exits at first target, one runner uses selected stop mode and runner target"
1,signal_scaled_scalp:strategy=vwap_delta_exhaustion_fade_2pt_10d_cl0.5:direction=all:first_target_points=0.5:stop_points=2:runner_target_points=2:runner_stop_mode=initial,vwap_delta_exhaustion_fade_2pt_10d_cl0.5,all,0.5,2,2,initial,177,177,177,62,115,84,31,0,0,84,0.47457627,-4225,-14314,-80.8700565,106,71,"two-contract post-signal scalp: one contract exits at first target, one runner uses selected stop mode and runner target"
1,signal_scaled_scalp:strategy=vwap_delta_exhaustion_fade_2pt_10d_cl0.5:direction=all:first_target_points=0.5:stop_points=2:runner_target_points=3:runner_stop_mode=breakeven,vwap_delta_exhaustion_fade_2pt_10d_cl0.5,all,0.5,2,3,breakeven,177,177,177,62,115,35,80,0,0,35,0.19774011,-4275,-14364,-81.15254237,106,71,"two-contract post-signal scalp: one contract exits at first target, one runner uses selected stop mode and runner target"
1,signal_scaled_scalp:strategy=vwap_delta_exhaustion_fade_2pt_10d_cl0.5:direction=all:first_target_points=0.5:stop_points=2:runner_target_points=3:runner_stop_mode=initial,vwap_delta_exhaustion_fade_2pt_10d_cl0.5,all,0.5,2,3,initial,177,177,177,62,115,63,52,0,0,63,0.3559322,-5275,-15364,-86.80225989,106,71,"two-contract post-signal scalp: one contract exits at first target, one runner uses selected stop mode and runner target"
1,signal_scaled_scalp:strategy=vwap_delta_exhaustion_fade_2pt_10d_cl0.5:direction=all:first_target_points=0.5:stop_points=2:runner_target_points=5:runner_stop_mode=breakeven,vwap_delta_exhaustion_fade_2pt_10d_cl0.5,all,0.5,2,5,breakeven,177,177,177,62,115,24,91,0,0,24,0.13559322,-3525,-13614,-76.91525424,106,71,"two-contract post-signal scalp: one contract exits at first target, one runner uses selected stop mode and runner target"
1,signal_scaled_scalp:strategy=vwap_delta_exhaustion_fade_2pt_10d_cl0.5:direction=all:first_target_points=0.5:stop_points=2:runner_target_points=5:runner_stop_mode=initial,vwap_delta_exhaustion_fade_2pt_10d_cl0.5,all,0.5,2,5,initial,177,177,177,62,115,49,66,0,0,49,0.27683616,-3875,-13964,-78.89265537,106,71,"two-contract post-signal scalp: one contract exits at first target, one runner uses selected stop mode and runner target"
1,signal_scaled_scalp:strategy=vwap_delta_exhaustion_fade_2pt_10d_cl0.5:direction=all:first_target_points=1:stop_points=1:runner_target_points=1.5:runner_stop_mode=breakeven,vwap_delta_exhaustion_fade_2pt_10d_cl0.5,all,1,1,1.5,breakeven,177,177,177,96,81,60,21,0,0,60,0.33898305,-1050,-11139,-62.93220339,106,71,"two-contract post-signal scalp: one contract exits at first target, one runner uses selected stop mode and runner target"
1,signal_scaled_scalp:strategy=vwap_delta_exhaustion_fade_2pt_10d_cl0.5:direction=all:first_target_points=1:stop_points=1:runner_target_points=1.5:runner_stop_mode=initial,vwap_delta_exhaustion_fade_2pt_10d_cl0.5,all,1,1,1.5,initial,177,177,177,96,81,70,11,0,0,70,0.39548023,-850,-10939,-61.80225989,106,71,"two-contract post-signal scalp: one contract exits at first target, one runner uses selected stop mode and runner target"
1,signal_scaled_scalp:strategy=vwap_delta_exhaustion_fade_2pt_10d_cl0.5:direction=all:first_target_points=1:stop_points=1:runner_target_points=2:runner_stop_mode=breakeven,vwap_delta_exhaustion_fade_2pt_10d_cl0.5,all,1,1,2,breakeven,177,177,177,96,81,51,30,0,0,51,0.28813559,-450,-10539,-59.54237288,106,71,"two-contract post-signal scalp: one contract exits at first target, one runner uses selected stop mode and runner target"
1,signal_scaled_scalp:strategy=vwap_delta_exhaustion_fade_2pt_10d_cl0.5:direction=all:first_target_points=1:stop_points=1:runner_target_points=2:runner_stop_mode=initial,vwap_delta_exhaustion_fade_2pt_10d_cl0.5,all,1,1,2,initial,177,177,177,96,81,64,17,0,0,64,0.36158192,0,-10089,-57,106,71,"two-contract post-signal scalp: one contract exits at first target, one runner uses selected stop mode and runner target"
1,signal_scaled_scalp:strategy=vwap_delta_exhaustion_fade_2pt_10d_cl0.5:direction=all:first_target_points=1:stop_points=1:runner_target_points=3:runner_stop_mode=breakeven,vwap_delta_exhaustion_fade_2pt_10d_cl0.5,all,1,1,3,breakeven,177,177,177,96,81,34,47,0,0,34,0.1920904,-450,-10539,-59.54237288,106,71,"two-contract post-signal scalp: one contract exits at first target, one runner uses selected stop mode and runner target"
1,signal_scaled_scalp:strategy=vwap_delta_exhaustion_fade_2pt_10d_cl0.5:direction=all:first_target_points=1:stop_points=1:runner_target_points=3:runner_stop_mode=initial,vwap_delta_exhaustion_fade_2pt_10d_cl0.5,all,1,1,3,initial,177,177,177,96,81,44,37,0,0,44,0.24858757,-800,-10889,-61.51977401,106,71,"two-contract post-signal scalp: one contract exits at first target, one runner uses selected stop mode and runner target"
1,signal_scaled_scalp:strategy=vwap_delta_exhaustion_fade_2pt_10d_cl0.5:direction=all:first_target_points=1:stop_points=1:runner_target_points=5:runner_stop_mode=breakeven,vwap_delta_exhaustion_fade_2pt_10d_cl0.5,all,1,1,5,breakeven,177,177,177,96,81,25,56,0,0,25,0.14124294,700,-9389,-53.04519774,106,71,"two-contract post-signal scalp: one contract exits at first target, one runner uses selected stop mode and runner target"
1,signal_scaled_scalp:strategy=vwap_delta_exhaustion_fade_2pt_10d_cl0.5:direction=all:first_target_points=1:stop_points=1:runner_target_points=5:runner_stop_mode=initial,vwap_delta_exhaustion_fade_2pt_10d_cl0.5,all,1,1,5,initial,177,177,177,96,81,33,48,0,0,33,0.18644068,300,-9789,-55.30508475,106,71,"two-contract post-signal scalp: one contract exits at first target, one runner uses selected stop mode and runner target"
1,signal_scaled_scalp:strategy=vwap_delta_exhaustion_fade_2pt_10d_cl0.5:direction=all:first_target_points=1:stop_points=1.5:runner_target_points=1.5:runner_stop_mode=breakeven,vwap_delta_exhaustion_fade_2pt_10d_cl0.5,all,1,1.5,1.5,breakeven,177,177,177,84,93,67,26,0,0,67,0.37853107,-2925,-13014,-73.52542373,106,71,"two-contract post-signal scalp: one contract exits at first target, one runner uses selected stop mode and runner target"
1,signal_scaled_scalp:strategy=vwap_delta_exhaustion_fade_2pt_10d_cl0.5:direction=all:first_target_points=1:stop_points=1.5:runner_target_points=1.5:runner_stop_mode=initial,vwap_delta_exhaustion_fade_2pt_10d_cl0.5,all,1,1.5,1.5,initial,177,177,177,84,93,80,13,0,0,80,0.4519774,-2925,-13014,-73.52542373,106,71,"two-contract post-signal scalp: one contract exits at first target, one runner uses selected stop mode and runner target"
1,signal_scaled_scalp:strategy=vwap_delta_exhaustion_fade_2pt_10d_cl0.5:direction=all:first_target_points=1:stop_points=1.5:runner_target_points=2:runner_stop_mode=breakeven,vwap_delta_exhaustion_fade_2pt_10d_cl0.5,all,1,1.5,2,breakeven,177,177,177,84,93,57,36,0,0,57,0.3220339,-2250,-12339,-69.71186441,106,71,"two-contract post-signal scalp: one contract exits at first target, one runner uses selected stop mode and runner target"
1,signal_scaled_scalp:strategy=vwap_delta_exhaustion_fade_2pt_10d_cl0.5:direction=all:first_target_points=1:stop_points=1.5:runner_target_points=2:runner_stop_mode=initial,vwap_delta_exhaustion_fade_2pt_10d_cl0.5,all,1,1.5,2,initial,177,177,177,84,93,74,19,0,0,74,0.4180791,-1975,-12064,-68.15819209,106,71,"two-contract post-signal scalp: one contract exits at first target, one runner uses selected stop mode and runner target"
1,signal_scaled_scalp:strategy=vwap_delta_exhaustion_fade_2pt_10d_cl0.5:direction=all:first_target_points=1:stop_points=1.5:runner_target_points=3:runner_stop_mode=breakeven,vwap_delta_exhaustion_fade_2pt_10d_cl0.5,all,1,1.5,3,breakeven,177,177,177,84,93,38,55,0,0,38,0.21468927,-2250,-12339,-69.71186441,106,71,"two-contract post-signal scalp: one contract exits at first target, one runner uses selected stop mode and runner target"
1,signal_scaled_scalp:strategy=vwap_delta_exhaustion_fade_2pt_10d_cl0.5:direction=all:first_target_points=1:stop_points=1.5:runner_target_points=3:runner_stop_mode=initial,vwap_delta_exhaustion_fade_2pt_10d_cl0.5,all,1,1.5,3,initial,177,177,177,84,93,54,39,0,0,54,0.30508475,-2775,-12864,-72.6779661,106,71,"two-contract post-signal scalp: one contract exits at first target, one runner uses selected stop mode and runner target"
1,signal_scaled_scalp:strategy=vwap_delta_exhaustion_fade_2pt_10d_cl0.5:direction=all:first_target_points=1:stop_points=1.5:runner_target_points=5:runner_stop_mode=breakeven,vwap_delta_exhaustion_fade_2pt_10d_cl0.5,all,1,1.5,5,breakeven,177,177,177,84,93,26,67,0,0,26,0.14689266,-1450,-11539,-65.1920904,106,71,"two-contract post-signal scalp: one contract exits at first target, one runner uses selected stop mode and runner target"
1,signal_scaled_scalp:strategy=vwap_delta_exhaustion_fade_2pt_10d_cl0.5:direction=all:first_target_points=1:stop_points=1.5:runner_target_points=5:runner_stop_mode=initial,vwap_delta_exhaustion_fade_2pt_10d_cl0.5,all,1,1.5,5,initial,177,177,177,84,93,42,51,0,0,42,0.23728814,-1275,-11364,-64.20338983,106,71,"two-contract post-signal scalp: one contract exits at first target, one runner uses selected stop mode and runner target"
1,signal_scaled_scalp:strategy=vwap_delta_exhaustion_fade_2pt_10d_cl0.5:direction=all:first_target_points=1:stop_points=2:runner_target_points=1.5:runner_stop_mode=breakeven,vwap_delta_exhaustion_fade_2pt_10d_cl0.5,all,1,2,1.5,breakeven,177,177,177,77,100,72,28,0,0,72,0.40677966,-5000,-15089,-85.24858757,106,71,"two-contract post-signal scalp: one contract exits at first target, one runner uses selected stop mode and runner target"
1,signal_scaled_scalp:strategy=vwap_delta_exhaustion_fade_2pt_10d_cl0.5:direction=all:first_target_points=1:stop_points=2:runner_target_points=1.5:runner_stop_mode=initial,vwap_delta_exhaustion_fade_2pt_10d_cl0.5,all,1,2,1.5,initial,177,177,177,77,100,91,9,0,0,91,0.51412429,-4475,-14564,-82.28248588,106,71,"two-contract post-signal scalp: one contract exits at first target, one runner uses selected stop mode and runner target"
1,signal_scaled_scalp:strategy=vwap_delta_exhaustion_fade_2pt_10d_cl0.5:direction=all:first_target_points=1:stop_points=2:runner_target_points=2:runner_stop_mode=breakeven,vwap_delta_exhaustion_fade_2pt_10d_cl0.5,all,1,2,2,breakeven,177,177,177,77,100,60,40,0,0,60,0.33898305,-4400,-14489,-81.85875706,106,71,"two-contract post-signal scalp: one contract exits at first target, one runner uses selected stop mode and runner target"
1,signal_scaled_scalp:strategy=vwap_delta_exhaustion_fade_2pt_10d_cl0.5:direction=all:first_target_points=1:stop_points=2:runner_target_points=2:runner_stop_mode=initial,vwap_delta_exhaustion_fade_2pt_10d_cl0.5,all,1,2,2,initial,177,177,177,77,100,84,16,0,0,84,0.47457627,-3600,-13689,-77.33898305,106,71,"two-contract post-signal scalp: one contract exits at first target, one runner uses selected stop mode and runner target"
1,signal_scaled_scalp:strategy=vwap_delta_exhaustion_fade_2pt_10d_cl0.5:direction=all:first_target_points=1:stop_points=2:runner_target_points=3:runner_stop_mode=breakeven,vwap_delta_exhaustion_fade_2pt_10d_cl0.5,all,1,2,3,breakeven,177,177,177,77,100,41,59,0,0,41,0.23163842,-4250,-14339,-81.01129944,106,71,"two-contract post-signal scalp: one contract exits at first target, one runner uses selected stop mode and runner target"
1,signal_scaled_scalp:strategy=vwap_delta_exhaustion_fade_2pt_10d_cl0.5:direction=all:first_target_points=1:stop_points=2:runner_target_points=3:runner_stop_mode=initial,vwap_delta_exhaustion_fade_2pt_10d_cl0.5,all,1,2,3,initial,177,177,177,77,100,63,37,0,0,63,0.3559322,-4650,-14739,-83.27118644,106,71,"two-contract post-signal scalp: one contract exits at first target, one runner uses selected stop mode and runner target"
1,signal_scaled_scalp:strategy=vwap_delta_exhaustion_fade_2pt_10d_cl0.5:direction=all:first_target_points=1:stop_points=2:runner_target_points=5:runner_stop_mode=breakeven,vwap_delta_exhaustion_fade_2pt_10d_cl0.5,all,1,2,5,breakeven,177,177,177,77,100,28,72,0,0,28,0.15819209,-3400,-13489,-76.20903955,106,71,"two-contract post-signal scalp: one contract exits at first target, one runner uses selected stop mode and runner target"
1,signal_scaled_scalp:strategy=vwap_delta_exhaustion_fade_2pt_10d_cl0.5:direction=all:first_target_points=1:stop_points=2:runner_target_points=5:runner_stop_mode=initial,vwap_delta_exhaustion_fade_2pt_10d_cl0.5,all,1,2,5,initial,177,177,177,77,100,49,51,0,0,49,0.27683616,-3250,-13339,-75.36158192,106,71,"two-contract post-signal scalp: one contract exits at first target, one runner uses selected stop mode and runner target"
1,signal_scaled_scalp:strategy=vwap_delta_exhaustion_fade_2pt_10d_cl0.5:direction=all:first_target_points=1.5:stop_points=1:runner_target_points=2:runner_stop_mode=breakeven,vwap_delta_exhaustion_fade_2pt_10d_cl0.5,all,1.5,1,2,breakeven,177,177,177,107,70,60,10,0,0,70,0.39548023,550,-9539,-53.89265537,106,71,"two-contract post-signal scalp: one contract exits at first target, one runner uses selected stop mode and runner target"
1,signal_scaled_scalp:strategy=vwap_delta_exhaustion_fade_2pt_10d_cl0.5:direction=all:first_target_points=1.5:stop_points=1:runner_target_points=2:runner_stop_mode=initial,vwap_delta_exhaustion_fade_2pt_10d_cl0.5,all,1.5,1,2,initial,177,177,177,107,70,64,6,0,0,64,0.36158192,650,-9439,-53.32768362,106,71,"two-contract post-signal scalp: one contract exits at first target, one runner uses selected stop mode and runner target"
1,signal_scaled_scalp:strategy=vwap_delta_exhaustion_fade_2pt_10d_cl0.5:direction=all:first_target_points=1.5:stop_points=1:runner_target_points=3:runner_stop_mode=breakeven,vwap_delta_exhaustion_fade_2pt_10d_cl0.5,all,1.5,1,3,breakeven,177,177,177,107,70,38,32,0,0,70,0.39548023,250,-9839,-55.58757062,106,71,"two-contract post-signal scalp: one contract exits at first target, one runner uses selected stop mode and runner target"
1,signal_scaled_scalp:strategy=vwap_delta_exhaustion_fade_2pt_10d_cl0.5:direction=all:first_target_points=1.5:stop_points=1:runner_target_points=3:runner_stop_mode=initial,vwap_delta_exhaustion_fade_2pt_10d_cl0.5,all,1.5,1,3,initial,177,177,177,107,70,44,26,0,0,44,0.24858757,-150,-10239,-57.84745763,106,71,"two-contract post-signal scalp: one contract exits at first target, one runner uses selected stop mode and runner target"
1,signal_scaled_scalp:strategy=vwap_delta_exhaustion_fade_2pt_10d_cl0.5:direction=all:first_target_points=1.5:stop_points=1:runner_target_points=5:runner_stop_mode=breakeven,vwap_delta_exhaustion_fade_2pt_10d_cl0.5,all,1.5,1,5,breakeven,177,177,177,107,70,27,43,0,0,70,0.39548023,1300,-8789,-49.65536723,106,71,"two-contract post-signal scalp: one contract exits at first target, one runner uses selected stop mode and runner target"
1,signal_scaled_scalp:strategy=vwap_delta_exhaustion_fade_2pt_10d_cl0.5:direction=all:first_target_points=1.5:stop_points=1:runner_target_points=5:runner_stop_mode=initial,vwap_delta_exhaustion_fade_2pt_10d_cl0.5,all,1.5,1,5,initial,177,177,177,107,70,33,37,0,0,33,0.18644068,950,-9139,-51.63276836,106,71,"two-contract post-signal scalp: one contract exits at first target, one runner uses selected stop mode and runner target"
1,signal_scaled_scalp:strategy=vwap_delta_exhaustion_fade_2pt_10d_cl0.5:direction=all:first_target_points=1.5:stop_points=1.5:runner_target_points=2:runner_stop_mode=breakeven,vwap_delta_exhaustion_fade_2pt_10d_cl0.5,all,1.5,1.5,2,breakeven,177,177,177,97,80,69,11,0,0,80,0.4519774,-1650,-11739,-66.3220339,106,71,"two-contract post-signal scalp: one contract exits at first target, one runner uses selected stop mode and runner target"
1,signal_scaled_scalp:strategy=vwap_delta_exhaustion_fade_2pt_10d_cl0.5:direction=all:first_target_points=1.5:stop_points=1.5:runner_target_points=2:runner_stop_mode=initial,vwap_delta_exhaustion_fade_2pt_10d_cl0.5,all,1.5,1.5,2,initial,177,177,177,97,80,74,6,0,0,74,0.4180791,-1600,-11689,-66.03954802,106,71,"two-contract post-signal scalp: one contract exits at first target, one runner uses selected stop mode and runner target"
1,signal_scaled_scalp:strategy=vwap_delta_exhaustion_fade_2pt_10d_cl0.5:direction=all:first_target_points=1.5:stop_points=1.5:runner_target_points=3:runner_stop_mode=breakeven,vwap_delta_exhaustion_fade_2pt_10d_cl0.5,all,1.5,1.5,3,breakeven,177,177,177,97,80,45,35,0,0,80,0.4519774,-1800,-11889,-67.16949153,106,71,"two-contract post-signal scalp: one contract exits at first target, one runner uses selected stop mode and runner target"
1,signal_scaled_scalp:strategy=vwap_delta_exhaustion_fade_2pt_10d_cl0.5:direction=all:first_target_points=1.5:stop_points=1.5:runner_target_points=3:runner_stop_mode=initial,vwap_delta_exhaustion_fade_2pt_10d_cl0.5,all,1.5,1.5,3,initial,177,177,177,97,80,54,26,0,0,54,0.30508475,-2400,-12489,-70.55932203,106,71,"two-contract post-signal scalp: one contract exits at first target, one runner uses selected stop mode and runner target"
1,signal_scaled_scalp:strategy=vwap_delta_exhaustion_fade_2pt_10d_cl0.5:direction=all:first_target_points=1.5:stop_points=1.5:runner_target_points=5:runner_stop_mode=breakeven,vwap_delta_exhaustion_fade_2pt_10d_cl0.5,all,1.5,1.5,5,breakeven,177,177,177,97,80,30,50,0,0,80,0.4519774,-1050,-11139,-62.93220339,106,71,"two-contract post-signal scalp: one contract exits at first target, one runner uses selected stop mode and runner target"
1,signal_scaled_scalp:strategy=vwap_delta_exhaustion_fade_2pt_10d_cl0.5:direction=all:first_target_points=1.5:stop_points=1.5:runner_target_points=5:runner_stop_mode=initial,vwap_delta_exhaustion_fade_2pt_10d_cl0.5,all,1.5,1.5,5,initial,177,177,177,97,80,42,38,0,0,42,0.23728814,-900,-10989,-62.08474576,106,71,"two-contract post-signal scalp: one contract exits at first target, one runner uses selected stop mode and runner target"
1,signal_scaled_scalp:strategy=vwap_delta_exhaustion_fade_2pt_10d_cl0.5:direction=all:first_target_points=1.5:stop_points=2:runner_target_points=2:runner_stop_mode=breakeven,vwap_delta_exhaustion_fade_2pt_10d_cl0.5,all,1.5,2,2,breakeven,177,177,177,86,91,76,15,0,0,91,0.51412429,-2775,-12864,-72.6779661,106,71,"two-contract post-signal scalp: one contract exits at first target, one runner uses selected stop mode and runner target"
1,signal_scaled_scalp:strategy=vwap_delta_exhaustion_fade_2pt_10d_cl0.5:direction=all:first_target_points=1.5:stop_points=2:runner_target_points=2:runner_stop_mode=initial,vwap_delta_exhaustion_fade_2pt_10d_cl0.5,all,1.5,2,2,initial,177,177,177,86,91,84,7,0,0,84,0.47457627,-2675,-12764,-72.11299435,106,71,"two-contract post-signal scalp: one contract exits at first target, one runner uses selected stop mode and runner target"
1,signal_scaled_scalp:strategy=vwap_delta_exhaustion_fade_2pt_10d_cl0.5:direction=all:first_target_points=1.5:stop_points=2:runner_target_points=3:runner_stop_mode=breakeven,vwap_delta_exhaustion_fade_2pt_10d_cl0.5,all,1.5,2,3,breakeven,177,177,177,86,91,51,40,0,0,91,0.51412429,-2725,-12814,-72.39548023,106,71,"two-contract post-signal scalp: one contract exits at first target, one runner uses selected stop mode and runner target"
1,signal_scaled_scalp:strategy=vwap_delta_exhaustion_fade_2pt_10d_cl0.5:direction=all:first_target_points=1.5:stop_points=2:runner_target_points=3:runner_stop_mode=initial,vwap_delta_exhaustion_fade_2pt_10d_cl0.5,all,1.5,2,3,initial,177,177,177,86,91,63,28,0,0,63,0.3559322,-3725,-13814,-78.04519774,106,71,"two-contract post-signal scalp: one contract exits at first target, one runner uses selected stop mode and runner target"
1,signal_scaled_scalp:strategy=vwap_delta_exhaustion_fade_2pt_10d_cl0.5:direction=all:first_target_points=1.5:stop_points=2:runner_target_points=5:runner_stop_mode=breakeven,vwap_delta_exhaustion_fade_2pt_10d_cl0.5,all,1.5,2,5,breakeven,177,177,177,86,91,34,57,0,0,91,0.51412429,-1875,-11964,-67.59322034,106,71,"two-contract post-signal scalp: one contract exits at first target, one runner uses selected stop mode and runner target"
1,signal_scaled_scalp:strategy=vwap_delta_exhaustion_fade_2pt_10d_cl0.5:direction=all:first_target_points=1.5:stop_points=2:runner_target_points=5:runner_stop_mode=initial,vwap_delta_exhaustion_fade_2pt_10d_cl0.5,all,1.5,2,5,initial,177,177,177,86,91,49,42,0,0,49,0.27683616,-2325,-12414,-70.13559322,106,71,"two-contract post-signal scalp: one contract exits at first target, one runner uses selected stop mode and runner target"
1,signal_scaled_scalp:strategy=vwap_delta_exhaustion_fade_3pt_20d_cl0.5:direction=all:first_target_points=0.5:stop_points=1:runner_target_points=1.5:runner_stop_mode=breakeven,vwap_delta_exhaustion_fade_3pt_20d_cl0.5,all,0.5,1,1.5,breakeven,148,148,148,69,79,41,38,0,0,41,0.27702703,-1850,-10286,-69.5,80,68,"two-contract post-signal scalp: one contract exits at first target, one runner uses selected stop mode and runner target"
1,signal_scaled_scalp:strategy=vwap_delta_exhaustion_fade_3pt_20d_cl0.5:direction=all:first_target_points=0.5:stop_points=1:runner_target_points=1.5:runner_stop_mode=initial,vwap_delta_exhaustion_fade_3pt_20d_cl0.5,all,0.5,1,1.5,initial,148,148,148,69,79,61,18,0,0,61,0.41216216,-1250,-9686,-65.44594595,80,68,"two-contract post-signal scalp: one contract exits at first target, one runner uses selected stop mode and runner target"
1,signal_scaled_scalp:strategy=vwap_delta_exhaustion_fade_3pt_20d_cl0.5:direction=all:first_target_points=0.5:stop_points=1:runner_target_points=2:runner_stop_mode=breakeven,vwap_delta_exhaustion_fade_3pt_20d_cl0.5,all,0.5,1,2,breakeven,148,148,148,69,79,31,48,0,0,31,0.20945946,-1825,-10261,-69.33108108,80,68,"two-contract post-signal scalp: one contract exits at first target, one runner uses selected stop mode and runner target"
1,signal_scaled_scalp:strategy=vwap_delta_exhaustion_fade_3pt_20d_cl0.5:direction=all:first_target_points=0.5:stop_points=1:runner_target_points=2:runner_stop_mode=initial,vwap_delta_exhaustion_fade_3pt_20d_cl0.5,all,0.5,1,2,initial,148,148,148,69,79,52,27,0,0,52,0.35135135,-1075,-9511,-64.26351351,80,68,"two-contract post-signal scalp: one contract exits at first target, one runner uses selected stop mode and runner target"
1,signal_scaled_scalp:strategy=vwap_delta_exhaustion_fade_3pt_20d_cl0.5:direction=all:first_target_points=0.5:stop_points=1:runner_target_points=3:runner_stop_mode=breakeven,vwap_delta_exhaustion_fade_3pt_20d_cl0.5,all,0.5,1,3,breakeven,148,148,148,69,79,20,59,0,0,20,0.13513514,-1925,-10361,-70.00675676,80,68,"two-contract post-signal scalp: one contract exits at first target, one runner uses selected stop mode and runner target"
1,signal_scaled_scalp:strategy=vwap_delta_exhaustion_fade_3pt_20d_cl0.5:direction=all:first_target_points=0.5:stop_points=1:runner_target_points=3:runner_stop_mode=initial,vwap_delta_exhaustion_fade_3pt_20d_cl0.5,all,0.5,1,3,initial,148,148,148,69,79,36,43,0,0,36,0.24324324,-1675,-10111,-68.31756757,80,68,"two-contract post-signal scalp: one contract exits at first target, one runner uses selected stop mode and runner target"
1,signal_scaled_scalp:strategy=vwap_delta_exhaustion_fade_3pt_20d_cl0.5:direction=all:first_target_points=0.5:stop_points=1:runner_target_points=5:runner_stop_mode=breakeven,vwap_delta_exhaustion_fade_3pt_20d_cl0.5,all,0.5,1,5,breakeven,148,148,148,69,79,15,64,0,0,15,0.10135135,-1175,-9611,-64.93918919,80,68,"two-contract post-signal scalp: one contract exits at first target, one runner uses selected stop mode and runner target"
1,signal_scaled_scalp:strategy=vwap_delta_exhaustion_fade_3pt_20d_cl0.5:direction=all:first_target_points=0.5:stop_points=1:runner_target_points=5:runner_stop_mode=initial,vwap_delta_exhaustion_fade_3pt_20d_cl0.5,all,0.5,1,5,initial,148,148,148,69,79,25,54,0,0,25,0.16891892,-1375,-9811,-66.29054054,80,68,"two-contract post-signal scalp: one contract exits at first target, one runner uses selected stop mode and runner target"
1,signal_scaled_scalp:strategy=vwap_delta_exhaustion_fade_3pt_20d_cl0.5:direction=all:first_target_points=0.5:stop_points=1.5:runner_target_points=1.5:runner_stop_mode=breakeven,vwap_delta_exhaustion_fade_3pt_20d_cl0.5,all,0.5,1.5,1.5,breakeven,148,148,148,57,91,44,47,0,0,44,0.2972973,-2975,-11411,-77.10135135,80,68,"two-contract post-signal scalp: one contract exits at first target, one runner uses selected stop mode and runner target"
1,signal_scaled_scalp:strategy=vwap_delta_exhaustion_fade_3pt_20d_cl0.5:direction=all:first_target_points=0.5:stop_points=1.5:runner_target_points=1.5:runner_stop_mode=initial,vwap_delta_exhaustion_fade_3pt_20d_cl0.5,all,0.5,1.5,1.5,initial,148,148,148,57,91,72,19,0,0,72,0.48648649,-2300,-10736,-72.54054054,80,68,"two-contract post-signal scalp: one contract exits at first target, one runner uses selected stop mode and runner target"
1,signal_scaled_scalp:strategy=vwap_delta_exhaustion_fade_3pt_20d_cl0.5:direction=all:first_target_points=0.5:stop_points=1.5:runner_target_points=2:runner_stop_mode=breakeven,vwap_delta_exhaustion_fade_3pt_20d_cl0.5,all,0.5,1.5,2,breakeven,148,148,148,57,91,33,58,0,0,33,0.22297297,-2975,-11411,-77.10135135,80,68,"two-contract post-signal scalp: one contract exits at first target, one runner uses selected stop mode and runner target"
1,signal_scaled_scalp:strategy=vwap_delta_exhaustion_fade_3pt_20d_cl0.5:direction=all:first_target_points=0.5:stop_points=1.5:runner_target_points=2:runner_stop_mode=initial,vwap_delta_exhaustion_fade_3pt_20d_cl0.5,all,0.5,1.5,2,initial,148,148,148,57,91,63,28,0,0,63,0.42567568,-2075,-10511,-71.02027027,80,68,"two-contract post-signal scalp: one contract exits at first target, one runner uses selected stop mode and runner target"
1,signal_scaled_scalp:strategy=vwap_delta_exhaustion_fade_3pt_20d_cl0.5:direction=all:first_target_points=0.5:stop_points=1.5:runner_target_points=3:runner_stop_mode=breakeven,vwap_delta_exhaustion_fade_3pt_20d_cl0.5,all,0.5,1.5,3,breakeven,148,148,148,57,91,21,70,0,0,21,0.14189189,-3125,-11561,-78.11486486,80,68,"two-contract post-signal scalp: one contract exits at first target, one runner uses selected stop mode and runner target"
1,signal_scaled_scalp:strategy=vwap_delta_exhaustion_fade_3pt_20d_cl0.5:direction=all:first_target_points=0.5:stop_points=1.5:runner_target_points=3:runner_stop_mode=initial,vwap_delta_exhaustion_fade_3pt_20d_cl0.5,all,0.5,1.5,3,initial,148,148,148,57,91,46,45,0,0,46,0.31081081,-2750,-11186,-75.58108108,80,68,"two-contract post-signal scalp: one contract exits at first target, one runner uses selected stop mode and runner target"
1,signal_scaled_scalp:strategy=vwap_delta_exhaustion_fade_3pt_20d_cl0.5:direction=all:first_target_points=0.5:stop_points=1.5:runner_target_points=5:runner_stop_mode=breakeven,vwap_delta_exhaustion_fade_3pt_20d_cl0.5,all,0.5,1.5,5,breakeven,148,148,148,57,91,16,75,0,0,16,0.10810811,-2275,-10711,-72.37162162,80,68,"two-contract post-signal scalp: one contract exits at first target, one runner uses selected stop mode and runner target"
1,signal_scaled_scalp:strategy=vwap_delta_exhaustion_fade_3pt_20d_cl0.5:direction=all:first_target_points=0.5:stop_points=1.5:runner_target_points=5:runner_stop_mode=initial,vwap_delta_exhaustion_fade_3pt_20d_cl0.5,all,0.5,1.5,5,initial,148,148,148,57,91,36,55,0,0,36,0.24324324,-1400,-9836,-66.45945946,80,68,"two-contract post-signal scalp: one contract exits at first target, one runner uses selected stop mode and runner target"
1,signal_scaled_scalp:strategy=vwap_delta_exhaustion_fade_3pt_20d_cl0.5:direction=all:first_target_points=0.5:stop_points=2:runner_target_points=1.5:runner_stop_mode=breakeven,vwap_delta_exhaustion_fade_3pt_20d_cl0.5,all,0.5,2,1.5,breakeven,148,148,148,44,104,47,57,0,0,47,0.31756757,-2675,-11111,-75.07432432,80,68,"two-contract post-signal scalp: one contract exits at first target, one runner uses selected stop mode and runner target"
1,signal_scaled_scalp:strategy=vwap_delta_exhaustion_fade_3pt_20d_cl0.5:direction=all:first_target_points=0.5:stop_points=2:runner_target_points=1.5:runner_stop_mode=initial,vwap_delta_exhaustion_fade_3pt_20d_cl0.5,all,0.5,2,1.5,initial,148,148,148,44,104,86,18,0,0,86,0.58108108,-1550,-9986,-67.47297297,80,68,"two-contract post-signal scalp: one contract exits at first target, one runner uses selected stop mode and runner target"
1,signal_scaled_scalp:strategy=vwap_delta_exhaustion_fade_3pt_20d_cl0.5:direction=all:first_target_points=0.5:stop_points=2:runner_target_points=2:runner_stop_mode=breakeven,vwap_delta_exhaustion_fade_3pt_20d_cl0.5,all,0.5,2,2,breakeven,148,148,148,44,104,36,68,0,0,36,0.24324324,-2600,-11036,-74.56756757,80,68,"two-contract post-signal scalp: one contract exits at first target, one runner uses selected stop mode and runner target"
1,signal_scaled_scalp:strategy=vwap_delta_exhaustion_fade_3pt_20d_cl0.5:direction=all:first_target_points=0.5:stop_points=2:runner_target_points=2:runner_stop_mode=initial,vwap_delta_exhaustion_fade_3pt_20d_cl0.5,all,0.5,2,2,initial,148,148,148,44,104,77,27,0,0,77,0.52027027,-1200,-9636,-65.10810811,80,68,"two-contract post-signal scalp: one contract exits at first target, one runner uses selected stop mode and runner target"
1,signal_scaled_scalp:strategy=vwap_delta_exhaustion_fade_3pt_20d_cl0.5:direction=all:first_target_points=0.5:stop_points=2:runner_target_points=3:runner_stop_mode=breakeven,vwap_delta_exhaustion_fade_3pt_20d_cl0.5,all,0.5,2,3,breakeven,148,148,148,44,104,24,80,0,0,24,0.16216216,-2600,-11036,-74.56756757,80,68,"two-contract post-signal scalp: one contract exits at first target, one runner uses selected stop mode and runner target"
1,signal_scaled_scalp:strategy=vwap_delta_exhaustion_fade_3pt_20d_cl0.5:direction=all:first_target_points=0.5:stop_points=2:runner_target_points=3:runner_stop_mode=initial,vwap_delta_exhaustion_fade_3pt_20d_cl0.5,all,0.5,2,3,initial,148,148,148,44,104,59,45,0,0,59,0.39864865,-1850,-10286,-69.5,80,68,"two-contract post-signal scalp: one contract exits at first target, one runner uses selected stop mode and runner target"
1,signal_scaled_scalp:strategy=vwap_delta_exhaustion_fade_3pt_20d_cl0.5:direction=all:first_target_points=0.5:stop_points=2:runner_target_points=5:runner_stop_mode=breakeven,vwap_delta_exhaustion_fade_3pt_20d_cl0.5,all,0.5,2,5,breakeven,148,148,148,44,104,17,87,0,0,17,0.11486486,-1950,-10386,-70.17567568,80,68,"two-contract post-signal scalp: one contract exits at first target, one runner uses selected stop mode and runner target"
1,signal_scaled_scalp:strategy=vwap_delta_exhaustion_fade_3pt_20d_cl0.5:direction=all:first_target_points=0.5:stop_points=2:runner_target_points=5:runner_stop_mode=initial,vwap_delta_exhaustion_fade_3pt_20d_cl0.5,all,0.5,2,5,initial,148,148,148,44,104,47,57,0,0,47,0.31756757,-150,-8586,-58.01351351,80,68,"two-contract post-signal scalp: one contract exits at first target, one runner uses selected stop mode and runner target"
1,signal_scaled_scalp:strategy=vwap_delta_exhaustion_fade_3pt_20d_cl0.5:direction=all:first_target_points=1:stop_points=1:runner_target_points=1.5:runner_stop_mode=breakeven,vwap_delta_exhaustion_fade_3pt_20d_cl0.5,all,1,1,1.5,breakeven,148,148,148,79,69,49,20,0,0,49,0.33108108,-775,-9211,-62.23648649,80,68,"two-contract post-signal scalp: one contract exits at first target, one runner uses selected stop mode and runner target"
1,signal_scaled_scalp:strategy=vwap_delta_exhaustion_fade_3pt_20d_cl0.5:direction=all:first_target_points=1:stop_points=1:runner_target_points=1.5:runner_stop_mode=initial,vwap_delta_exhaustion_fade_3pt_20d_cl0.5,all,1,1,1.5,initial,148,148,148,79,69,61,8,0,0,61,0.41216216,-275,-8711,-58.85810811,80,68,"two-contract post-signal scalp: one contract exits at first target, one runner uses selected stop mode and runner target"
1,signal_scaled_scalp:strategy=vwap_delta_exhaustion_fade_3pt_20d_cl0.5:direction=all:first_target_points=1:stop_points=1:runner_target_points=2:runner_stop_mode=breakeven,vwap_delta_exhaustion_fade_3pt_20d_cl0.5,all,1,1,2,breakeven,148,148,148,79,69,36,33,0,0,36,0.24324324,-850,-9286,-62.74324324,80,68,"two-contract post-signal scalp: one contract exits at first target, one runner uses selected stop mode and runner target"
1,signal_scaled_scalp:strategy=vwap_delta_exhaustion_fade_3pt_20d_cl0.5:direction=all:first_target_points=1:stop_points=1:runner_target_points=2:runner_stop_mode=initial,vwap_delta_exhaustion_fade_3pt_20d_cl0.5,all,1,1,2,initial,148,148,148,79,69,52,17,0,0,52,0.35135135,-100,-8536,-57.67567568,80,68,"two-contract post-signal scalp: one contract exits at first target, one runner uses selected stop mode and runner target"
1,signal_scaled_scalp:strategy=vwap_delta_exhaustion_fade_3pt_20d_cl0.5:direction=all:first_target_points=1:stop_points=1:runner_target_points=3:runner_stop_mode=breakeven,vwap_delta_exhaustion_fade_3pt_20d_cl0.5,all,1,1,3,breakeven,148,148,148,79,69,24,45,0,0,24,0.16216216,-850,-9286,-62.74324324,80,68,"two-contract post-signal scalp: one contract exits at first target, one runner uses selected stop mode and runner target"
1,signal_scaled_scalp:strategy=vwap_delta_exhaustion_fade_3pt_20d_cl0.5:direction=all:first_target_points=1:stop_points=1:runner_target_points=3:runner_stop_mode=initial,vwap_delta_exhaustion_fade_3pt_20d_cl0.5,all,1,1,3,initial,148,148,148,79,69,36,33,0,0,36,0.24324324,-700,-9136,-61.72972973,80,68,"two-contract post-signal scalp: one contract exits at first target, one runner uses selected stop mode and runner target"
1,signal_scaled_scalp:strategy=vwap_delta_exhaustion_fade_3pt_20d_cl0.5:direction=all:first_target_points=1:stop_points=1:runner_target_points=5:runner_stop_mode=breakeven,vwap_delta_exhaustion_fade_3pt_20d_cl0.5,all,1,1,5,breakeven,148,148,148,79,69,19,50,0,0,19,0.12837838,300,-8136,-54.97297297,80,68,"two-contract post-signal scalp: one contract exits at first target, one runner uses selected stop mode and runner target"
1,signal_scaled_scalp:strategy=vwap_delta_exhaustion_fade_3pt_20d_cl0.5:direction=all:first_target_points=1:stop_points=1:runner_target_points=5:runner_stop_mode=initial,vwap_delta_exhaustion_fade_3pt_20d_cl0.5,all,1,1,5,initial,148,148,148,79,69,25,44,0,0,25,0.16891892,-400,-8836,-59.7027027,80,68,"two-contract post-signal scalp: one contract exits at first target, one runner uses selected stop mode and runner target"
1,signal_scaled_scalp:strategy=vwap_delta_exhaustion_fade_3pt_20d_cl0.5:direction=all:first_target_points=1:stop_points=1.5:runner_target_points=1.5:runner_stop_mode=breakeven,vwap_delta_exhaustion_fade_3pt_20d_cl0.5,all,1,1.5,1.5,breakeven,148,148,148,68,80,54,26,0,0,54,0.36486486,-2150,-10586,-71.52702703,80,68,"two-contract post-signal scalp: one contract exits at first target, one runner uses selected stop mode and runner target"
1,signal_scaled_scalp:strategy=vwap_delta_exhaustion_fade_3pt_20d_cl0.5:direction=all:first_target_points=1:stop_points=1.5:runner_target_points=1.5:runner_stop_mode=initial,vwap_delta_exhaustion_fade_3pt_20d_cl0.5,all,1,1.5,1.5,initial,148,148,148,68,80,72,8,0,0,72,0.48648649,-1400,-9836,-66.45945946,80,68,"two-contract post-signal scalp: one contract exits at first target, one runner uses selected stop mode and runner target"
1,signal_scaled_scalp:strategy=vwap_delta_exhaustion_fade_3pt_20d_cl0.5:direction=all:first_target_points=1:stop_points=1.5:runner_target_points=2:runner_stop_mode=breakeven,vwap_delta_exhaustion_fade_3pt_20d_cl0.5,all,1,1.5,2,breakeven,148,148,148,68,80,39,41,0,0,39,0.26351351,-2300,-10736,-72.54054054,80,68,"two-contract post-signal scalp: one contract exits at first target, one runner uses selected stop mode and runner target"
1,signal_scaled_scalp:strategy=vwap_delta_exhaustion_fade_3pt_20d_cl0.5:direction=all:first_target_points=1:stop_points=1.5:runner_target_points=2:runner_stop_mode=initial,vwap_delta_exhaustion_fade_3pt_20d_cl0.5,all,1,1.5,2,initial,148,148,148,68,80,63,17,0,0,63,0.42567568,-1175,-9611,-64.93918919,80,68,"two-contract post-signal scalp: one contract exits at first target, one runner uses selected stop mode and runner target"
1,signal_scaled_scalp:strategy=vwap_delta_exhaustion_fade_3pt_20d_cl0.5:direction=all:first_target_points=1:stop_points=1.5:runner_target_points=3:runner_stop_mode=breakeven,vwap_delta_exhaustion_fade_3pt_20d_cl0.5,all,1,1.5,3,breakeven,148,148,148,68,80,26,54,0,0,26,0.17567568,-2300,-10736,-72.54054054,80,68,"two-contract post-signal scalp: one contract exits at first target, one runner uses selected stop mode and runner target"
1,signal_scaled_scalp:strategy=vwap_delta_exhaustion_fade_3pt_20d_cl0.5:direction=all:first_target_points=1:stop_points=1.5:runner_target_points=3:runner_stop_mode=initial,vwap_delta_exhaustion_fade_3pt_20d_cl0.5,all,1,1.5,3,initial,148,148,148,68,80,46,34,0,0,46,0.31081081,-1850,-10286,-69.5,80,68,"two-contract post-signal scalp: one contract exits at first target, one runner uses selected stop mode and runner target"
1,signal_scaled_scalp:strategy=vwap_delta_exhaustion_fade_3pt_20d_cl0.5:direction=all:first_target_points=1:stop_points=1.5:runner_target_points=5:runner_stop_mode=breakeven,vwap_delta_exhaustion_fade_3pt_20d_cl0.5,all,1,1.5,5,breakeven,148,148,148,68,80,21,59,0,0,21,0.14189189,-950,-9386,-63.41891892,80,68,"two-contract post-signal scalp: one contract exits at first target, one runner uses selected stop mode and runner target"
1,signal_scaled_scalp:strategy=vwap_delta_exhaustion_fade_3pt_20d_cl0.5:direction=all:first_target_points=1:stop_points=1.5:runner_target_points=5:runner_stop_mode=initial,vwap_delta_exhaustion_fade_3pt_20d_cl0.5,all,1,1.5,5,initial,148,148,148,68,80,36,44,0,0,36,0.24324324,-500,-8936,-60.37837838,80,68,"two-contract post-signal scalp: one contract exits at first target, one runner uses selected stop mode and runner target"
1,signal_scaled_scalp:strategy=vwap_delta_exhaustion_fade_3pt_20d_cl0.5:direction=all:first_target_points=1:stop_points=2:runner_target_points=1.5:runner_stop_mode=breakeven,vwap_delta_exhaustion_fade_3pt_20d_cl0.5,all,1,2,1.5,breakeven,148,148,148,56,92,62,30,0,0,62,0.41891892,-1950,-10386,-70.17567568,80,68,"two-contract post-signal scalp: one contract exits at first target, one runner uses selected stop mode and runner target"
1,signal_scaled_scalp:strategy=vwap_delta_exhaustion_fade_3pt_20d_cl0.5:direction=all:first_target_points=1:stop_points=2:runner_target_points=1.5:runner_stop_mode=initial,vwap_delta_exhaustion_fade_3pt_20d_cl0.5,all,1,2,1.5,initial,148,148,148,56,92,86,6,0,0,86,0.58108108,-750,-9186,-62.06756757,80,68,"two-contract post-signal scalp: one contract exits at first target, one runner uses selected stop mode and runner target"
1,signal_scaled_scalp:strategy=vwap_delta_exhaustion_fade_3pt_20d_cl0.5:direction=all:first_target_points=1:stop_points=2:runner_target_points=2:runner_stop_mode=breakeven,vwap_delta_exhaustion_fade_3pt_20d_cl0.5,all,1,2,2,breakeven,148,148,148,56,92,45,47,0,0,45,0.30405405,-2100,-10536,-71.18918919,80,68,"two-contract post-signal scalp: one contract exits at first target, one runner uses selected stop mode and runner target"
1,signal_scaled_scalp:strategy=vwap_delta_exhaustion_fade_3pt_20d_cl0.5:direction=all:first_target_points=1:stop_points=2:runner_target_points=2:runner_stop_mode=initial,vwap_delta_exhaustion_fade_3pt_20d_cl0.5,all,1,2,2,initial,148,148,148,56,92,77,15,0,0,77,0.52027027,-400,-8836,-59.7027027,80,68,"two-contract post-signal scalp: one contract exits at first target, one runner uses selected stop mode and runner target"
1,signal_scaled_scalp:strategy=vwap_delta_exhaustion_fade_3pt_20d_cl0.5:direction=all:first_target_points=1:stop_points=2:runner_target_points=3:runner_stop_mode=breakeven,vwap_delta_exhaustion_fade_3pt_20d_cl0.5,all,1,2,3,breakeven,148,148,148,56,92,32,60,0,0,32,0.21621622,-1800,-10236,-69.16216216,80,68,"two-contract post-signal scalp: one contract exits at first target, one runner uses selected stop mode and runner target"
1,signal_scaled_scalp:strategy=vwap_delta_exhaustion_fade_3pt_20d_cl0.5:direction=all:first_target_points=1:stop_points=2:runner_target_points=3:runner_stop_mode=initial,vwap_delta_exhaustion_fade_3pt_20d_cl0.5,all,1,2,3,initial,148,148,148,56,92,59,33,0,0,59,0.39864865,-1050,-9486,-64.09459459,80,68,"two-contract post-signal scalp: one contract exits at first target, one runner uses selected stop mode and runner target"
1,signal_scaled_scalp:strategy=vwap_delta_exhaustion_fade_3pt_20d_cl0.5:direction=all:first_target_points=1:stop_points=2:runner_target_points=5:runner_stop_mode=breakeven,vwap_delta_exhaustion_fade_3pt_20d_cl0.5,all,1,2,5,breakeven,148,148,148,56,92,24,68,0,0,24,0.16216216,-600,-9036,-61.05405405,80,68,"two-contract post-signal scalp: one contract exits at first target, one runner uses selected stop mode and runner target"
1,signal_scaled_scalp:strategy=vwap_delta_exhaustion_fade_3pt_20d_cl0.5:direction=all:first_target_points=1:stop_points=2:runner_target_points=5:runner_stop_mode=initial,vwap_delta_exhaustion_fade_3pt_20d_cl0.5,all,1,2,5,initial,148,148,148,56,92,47,45,0,0,47,0.31756757,650,-7786,-52.60810811,80,68,"two-contract post-signal scalp: one contract exits at first target, one runner uses selected stop mode and runner target"
1,signal_scaled_scalp:strategy=vwap_delta_exhaustion_fade_3pt_20d_cl0.5:direction=all:first_target_points=1.5:stop_points=1:runner_target_points=2:runner_stop_mode=breakeven,vwap_delta_exhaustion_fade_3pt_20d_cl0.5,all,1.5,1,2,breakeven,148,148,148,87,61,46,15,0,0,61,0.41216216,475,-7961,-53.79054054,80,68,"two-contract post-signal scalp: one contract exits at first target, one runner uses selected stop mode and runner target"
1,signal_scaled_scalp:strategy=vwap_delta_exhaustion_fade_3pt_20d_cl0.5:direction=all:first_target_points=1.5:stop_points=1:runner_target_points=2:runner_stop_mode=initial,vwap_delta_exhaustion_fade_3pt_20d_cl0.5,all,1.5,1,2,initial,148,148,148,87,61,52,9,0,0,52,0.35135135,625,-7811,-52.77702703,80,68,"two-contract post-signal scalp: one contract exits at first target, one runner uses selected stop mode and runner target"
1,signal_scaled_scalp:strategy=vwap_delta_exhaustion_fade_3pt_20d_cl0.5:direction=all:first_target_points=1.5:stop_points=1:runner_target_points=3:runner_stop_mode=breakeven,vwap_delta_exhaustion_fade_3pt_20d_cl0.5,all,1.5,1,3,breakeven,148,148,148,87,61,29,32,0,0,61,0.41216216,225,-8211,-55.47972973,80,68,"two-contract post-signal scalp: one contract exits at first target, one runner uses selected stop mode and runner target"
1,signal_scaled_scalp:strategy=vwap_delta_exhaustion_fade_3pt_20d_cl0.5:direction=all:first_target_points=1.5:stop_points=1:runner_target_points=3:runner_stop_mode=initial,vwap_delta_exhaustion_fade_3pt_20d_cl0.5,all,1.5,1,3,initial,148,148,148,87,61,36,25,0,0,36,0.24324324,25,-8411,-56.83108108,80,68,"two-contract post-signal scalp: one contract exits at first target, one runner uses selected stop mode and runner target"
1,signal_scaled_scalp:strategy=vwap_delta_exhaustion_fade_3pt_20d_cl0.5:direction=all:first_target_points=1.5:stop_points=1:runner_target_points=5:runner_stop_mode=breakeven,vwap_delta_exhaustion_fade_3pt_20d_cl0.5,all,1.5,1,5,breakeven,148,148,148,87,61,21,40,0,0,61,0.41216216,1125,-7311,-49.39864865,80,68,"two-contract post-signal scalp: one contract exits at first target, one runner uses selected stop mode and runner target"
1,signal_scaled_scalp:strategy=vwap_delta_exhaustion_fade_3pt_20d_cl0.5:direction=all:first_target_points=1.5:stop_points=1:runner_target_points=5:runner_stop_mode=initial,vwap_delta_exhaustion_fade_3pt_20d_cl0.5,all,1.5,1,5,initial,148,148,148,87,61,25,36,0,0,25,0.16891892,325,-8111,-54.80405405,80,68,"two-contract post-signal scalp: one contract exits at first target, one runner uses selected stop mode and runner target"
1,signal_scaled_scalp:strategy=vwap_delta_exhaustion_fade_3pt_20d_cl0.5:direction=all:first_target_points=1.5:stop_points=1.5:runner_target_points=2:runner_stop_mode=breakeven,vwap_delta_exhaustion_fade_3pt_20d_cl0.5,all,1.5,1.5,2,breakeven,148,148,148,76,72,55,17,0,0,72,0.48648649,-500,-8936,-60.37837838,80,68,"two-contract post-signal scalp: one contract exits at first target, one runner uses selected stop mode and runner target"
1,signal_scaled_scalp:strategy=vwap_delta_exhaustion_fade_3pt_20d_cl0.5:direction=all:first_target_points=1.5:stop_points=1.5:runner_target_points=2:runner_stop_mode=initial,vwap_delta_exhaustion_fade_3pt_20d_cl0.5,all,1.5,1.5,2,initial,148,148,148,76,72,63,9,0,0,63,0.42567568,-375,-8811,-59.53378378,80,68,"two-contract post-signal scalp: one contract exits at first target, one runner uses selected stop mode and runner target"
1,signal_scaled_scalp:strategy=vwap_delta_exhaustion_fade_3pt_20d_cl0.5:direction=all:first_target_points=1.5:stop_points=1.5:runner_target_points=3:runner_stop_mode=breakeven,vwap_delta_exhaustion_fade_3pt_20d_cl0.5,all,1.5,1.5,3,breakeven,148,148,148,76,72,34,38,0,0,72,0.48648649,-900,-9336,-63.08108108,80,68,"two-contract post-signal scalp: one contract exits at first target, one runner uses selected stop mode and runner target"
1,signal_scaled_scalp:strategy=vwap_delta_exhaustion_fade_3pt_20d_cl0.5:direction=all:first_target_points=1.5:stop_points=1.5:runner_target_points=3:runner_stop_mode=initial,vwap_delta_exhaustion_fade_3pt_20d_cl0.5,all,1.5,1.5,3,initial,148,148,148,76,72,46,26,0,0,46,0.31081081,-1050,-9486,-64.09459459,80,68,"two-contract post-signal scalp: one contract exits at first target, one runner uses selected stop mode and runner target"
1,signal_scaled_scalp:strategy=vwap_delta_exhaustion_fade_3pt_20d_cl0.5:direction=all:first_target_points=1.5:stop_points=1.5:runner_target_points=5:runner_stop_mode=breakeven,vwap_delta_exhaustion_fade_3pt_20d_cl0.5,all,1.5,1.5,5,breakeven,148,148,148,76,72,25,47,0,0,72,0.48648649,250,-8186,-55.31081081,80,68,"two-contract post-signal scalp: one contract exits at first target, one runner uses selected stop mode and runner target"
1,signal_scaled_scalp:strategy=vwap_delta_exhaustion_fade_3pt_20d_cl0.5:direction=all:first_target_points=1.5:stop_points=1.5:runner_target_points=5:runner_stop_mode=initial,vwap_delta_exhaustion_fade_3pt_20d_cl0.5,all,1.5,1.5,5,initial,148,148,148,76,72,36,36,0,0,36,0.24324324,300,-8136,-54.97297297,80,68,"two-contract post-signal scalp: one contract exits at first target, one runner uses selected stop mode and runner target"
1,signal_scaled_scalp:strategy=vwap_delta_exhaustion_fade_3pt_20d_cl0.5:direction=all:first_target_points=1.5:stop_points=2:runner_target_points=2:runner_stop_mode=breakeven,vwap_delta_exhaustion_fade_3pt_20d_cl0.5,all,1.5,2,2,breakeven,148,148,148,62,86,66,20,0,0,86,0.58108108,650,-7786,-52.60810811,80,68,"two-contract post-signal scalp: one contract exits at first target, one runner uses selected stop mode and runner target"
1,signal_scaled_scalp:strategy=vwap_delta_exhaustion_fade_3pt_20d_cl0.5:direction=all:first_target_points=1.5:stop_points=2:runner_target_points=2:runner_stop_mode=initial,vwap_delta_exhaustion_fade_3pt_20d_cl0.5,all,1.5,2,2,initial,148,148,148,62,86,77,9,0,0,77,0.52027027,850,-7586,-51.25675676,80,68,"two-contract post-signal scalp: one contract exits at first target, one runner uses selected stop mode and runner target"
1,signal_scaled_scalp:strategy=vwap_delta_exhaustion_fade_3pt_20d_cl0.5:direction=all:first_target_points=1.5:stop_points=2:runner_target_points=3:runner_stop_mode=breakeven,vwap_delta_exhaustion_fade_3pt_20d_cl0.5,all,1.5,2,3,breakeven,148,148,148,62,86,44,42,0,0,86,0.58108108,650,-7786,-52.60810811,80,68,"two-contract post-signal scalp: one contract exits at first target, one runner uses selected stop mode and runner target"
1,signal_scaled_scalp:strategy=vwap_delta_exhaustion_fade_3pt_20d_cl0.5:direction=all:first_target_points=1.5:stop_points=2:runner_target_points=3:runner_stop_mode=initial,vwap_delta_exhaustion_fade_3pt_20d_cl0.5,all,1.5,2,3,initial,148,148,148,62,86,59,27,0,0,59,0.39864865,200,-8236,-55.64864865,80,68,"two-contract post-signal scalp: one contract exits at first target, one runner uses selected stop mode and runner target"
1,signal_scaled_scalp:strategy=vwap_delta_exhaustion_fade_3pt_20d_cl0.5:direction=all:first_target_points=1.5:stop_points=2:runner_target_points=5:runner_stop_mode=breakeven,vwap_delta_exhaustion_fade_3pt_20d_cl0.5,all,1.5,2,5,breakeven,148,148,148,62,86,30,56,0,0,86,0.58108108,1550,-6886,-46.52702703,80,68,"two-contract post-signal scalp: one contract exits at first target, one runner uses selected stop mode and runner target"
1,signal_scaled_scalp:strategy=vwap_delta_exhaustion_fade_3pt_20d_cl0.5:direction=all:first_target_points=1.5:stop_points=2:runner_target_points=5:runner_stop_mode=initial,vwap_delta_exhaustion_fade_3pt_20d_cl0.5,all,1.5,2,5,initial,148,148,148,62,86,47,39,0,0,47,0.31756757,1900,-6536,-44.16216216,80,68,"two-contract post-signal scalp: one contract exits at first target, one runner uses selected stop mode and runner target"
1,signal_scaled_scalp:strategy=vwap_delta_exhaustion_fade_4pt_30d_cl0.55:direction=all:first_target_points=0.5:stop_points=1:runner_target_points=1.5:runner_stop_mode=breakeven,vwap_delta_exhaustion_fade_4pt_30d_cl0.55,all,0.5,1,1.5,breakeven,132,132,132,63,69,37,32,0,0,37,0.28030303,-1800,-9324,-70.63636364,71,61,"two-contract post-signal scalp: one contract exits at first target, one runner uses selected stop mode and runner target"
1,signal_scaled_scalp:strategy=vwap_delta_exhaustion_fade_4pt_30d_cl0.55:direction=all:first_target_points=0.5:stop_points=1:runner_target_points=1.5:runner_stop_mode=initial,vwap_delta_exhaustion_fade_4pt_30d_cl0.55,all,0.5,1,1.5,initial,132,132,132,63,69,56,13,0,0,56,0.42424242,-1025,-8549,-64.76515152,71,61,"two-contract post-signal scalp: one contract exits at first target, one runner uses selected stop mode and runner target"
1,signal_scaled_scalp:strategy=vwap_delta_exhaustion_fade_4pt_30d_cl0.55:direction=all:first_target_points=0.5:stop_points=1:runner_target_points=2:runner_stop_mode=breakeven,vwap_delta_exhaustion_fade_4pt_30d_cl0.55,all,0.5,1,2,breakeven,132,132,132,63,69,26,43,0,0,26,0.1969697,-1975,-9499,-71.96212121,71,61,"two-contract post-signal scalp: one contract exits at first target, one runner uses selected stop mode and runner target"
1,signal_scaled_scalp:strategy=vwap_delta_exhaustion_fade_4pt_30d_cl0.55:direction=all:first_target_points=0.5:stop_points=1:runner_target_points=2:runner_stop_mode=initial,vwap_delta_exhaustion_fade_4pt_30d_cl0.55,all,0.5,1,2,initial,132,132,132,63,69,45,24,0,0,45,0.34090909,-1275,-8799,-66.65909091,71,61,"two-contract post-signal scalp: one contract exits at first target, one runner uses selected stop mode and runner target"
1,signal_scaled_scalp:strategy=vwap_delta_exhaustion_fade_4pt_30d_cl0.55:direction=all:first_target_points=0.5:stop_points=1:runner_target_points=3:runner_stop_mode=breakeven,vwap_delta_exhaustion_fade_4pt_30d_cl0.55,all,0.5,1,3,breakeven,132,132,132,63,69,14,55,0,0,14,0.10606061,-2475,-9999,-75.75,71,61,"two-contract post-signal scalp: one contract exits at first target, one runner uses selected stop mode and runner target"
1,signal_scaled_scalp:strategy=vwap_delta_exhaustion_fade_4pt_30d_cl0.55:direction=all:first_target_points=0.5:stop_points=1:runner_target_points=3:runner_stop_mode=initial,vwap_delta_exhaustion_fade_4pt_30d_cl0.55,all,0.5,1,3,initial,132,132,132,63,69,33,36,0,0,33,0.25,-1425,-8949,-67.79545455,71,61,"two-contract post-signal scalp: one contract exits at first target, one runner uses selected stop mode and runner target"
1,signal_scaled_scalp:strategy=vwap_delta_exhaustion_fade_4pt_30d_cl0.55:direction=all:first_target_points=0.5:stop_points=1:runner_target_points=5:runner_stop_mode=breakeven,vwap_delta_exhaustion_fade_4pt_30d_cl0.55,all,0.5,1,5,breakeven,132,132,132,63,69,10,59,0,0,10,0.07575758,-2075,-9599,-72.71969697,71,61,"two-contract post-signal scalp: one contract exits at first target, one runner uses selected stop mode and runner target"
1,signal_scaled_scalp:strategy=vwap_delta_exhaustion_fade_4pt_30d_cl0.55:direction=all:first_target_points=0.5:stop_points=1:runner_target_points=5:runner_stop_mode=initial,vwap_delta_exhaustion_fade_4pt_30d_cl0.55,all,0.5,1,5,initial,132,132,132,63,69,22,47,0,0,22,0.16666667,-1425,-8949,-67.79545455,71,61,"two-contract post-signal scalp: one contract exits at first target, one runner uses selected stop mode and runner target"
1,signal_scaled_scalp:strategy=vwap_delta_exhaustion_fade_4pt_30d_cl0.55:direction=all:first_target_points=0.5:stop_points=1.5:runner_target_points=1.5:runner_stop_mode=breakeven,vwap_delta_exhaustion_fade_4pt_30d_cl0.55,all,0.5,1.5,1.5,breakeven,132,132,132,48,84,41,43,0,0,41,0.31060606,-2025,-9549,-72.34090909,71,61,"two-contract post-signal scalp: one contract exits at first target, one runner uses selected stop mode and runner target"
1,signal_scaled_scalp:strategy=vwap_delta_exhaustion_fade_4pt_30d_cl0.55:direction=all:first_target_points=0.5:stop_points=1.5:runner_target_points=1.5:runner_stop_mode=initial,vwap_delta_exhaustion_fade_4pt_30d_cl0.55,all,0.5,1.5,1.5,initial,132,132,132,48,84,72,12,0,0,72,0.54545455,-600,-8124,-61.54545455,71,61,"two-contract post-signal scalp: one contract exits at first target, one runner uses selected stop mode and runner target"
1,signal_scaled_scalp:strategy=vwap_delta_exhaustion_fade_4pt_30d_cl0.55:direction=all:first_target_points=0.5:stop_points=1.5:runner_target_points=2:runner_stop_mode=breakeven,vwap_delta_exhaustion_fade_4pt_30d_cl0.55,all,0.5,1.5,2,breakeven,132,132,132,48,84,29,55,0,0,29,0.21969697,-2200,-9724,-73.66666667,71,61,"two-contract post-signal scalp: one contract exits at first target, one runner uses selected stop mode and runner target"
1,signal_scaled_scalp:strategy=vwap_delta_exhaustion_fade_4pt_30d_cl0.55:direction=all:first_target_points=0.5:stop_points=1.5:runner_target_points=2:runner_stop_mode=initial,vwap_delta_exhaustion_fade_4pt_30d_cl0.55,all,0.5,1.5,2,initial,132,132,132,48,84,57,27,0,0,57,0.43181818,-1425,-8949,-67.79545455,71,61,"two-contract post-signal scalp: one contract exits at first target, one runner uses selected stop mode and runner target"
1,signal_scaled_scalp:strategy=vwap_delta_exhaustion_fade_4pt_30d_cl0.55:direction=all:first_target_points=0.5:stop_points=1.5:runner_target_points=3:runner_stop_mode=breakeven,vwap_delta_exhaustion_fade_4pt_30d_cl0.55,all,0.5,1.5,3,breakeven,132,132,132,48,84,17,67,0,0,17,0.12878788,-2550,-10074,-76.31818182,71,61,"two-contract post-signal scalp: one contract exits at first target, one runner uses selected stop mode and runner target"
1,signal_scaled_scalp:strategy=vwap_delta_exhaustion_fade_4pt_30d_cl0.55:direction=all:first_target_points=0.5:stop_points=1.5:runner_target_points=3:runner_stop_mode=initial,vwap_delta_exhaustion_fade_4pt_30d_cl0.55,all,0.5,1.5,3,initial,132,132,132,48,84,46,38,0,0,46,0.34848485,-1050,-8574,-64.95454545,71,61,"two-contract post-signal scalp: one contract exits at first target, one runner uses selected stop mode and runner target"
1,signal_scaled_scalp:strategy=vwap_delta_exhaustion_fade_4pt_30d_cl0.55:direction=all:first_target_points=0.5:stop_points=1.5:runner_target_points=5:runner_stop_mode=breakeven,vwap_delta_exhaustion_fade_4pt_30d_cl0.55,all,0.5,1.5,5,breakeven,132,132,132,48,84,12,72,0,0,12,0.09090909,-2100,-9624,-72.90909091,71,61,"two-contract post-signal scalp: one contract exits at first target, one runner uses selected stop mode and runner target"
1,signal_scaled_scalp:strategy=vwap_delta_exhaustion_fade_4pt_30d_cl0.55:direction=all:first_target_points=0.5:stop_points=1.5:runner_target_points=5:runner_stop_mode=initial,vwap_delta_exhaustion_fade_4pt_30d_cl0.55,all,0.5,1.5,5,initial,132,132,132,48,84,33,51,0,0,33,0.25,-675,-8199,-62.11363636,71,61,"two-contract post-signal scalp: one contract exits at first target, one runner uses selected stop mode and runner target"
1,signal_scaled_scalp:strategy=vwap_delta_exhaustion_fade_4pt_30d_cl0.55:direction=all:first_target_points=0.5:stop_points=2:runner_target_points=1.5:runner_stop_mode=breakeven,vwap_delta_exhaustion_fade_4pt_30d_cl0.55,all,0.5,2,1.5,breakeven,132,132,132,35,97,43,54,0,0,43,0.32575758,-1350,-8874,-67.22727273,71,61,"two-contract post-signal scalp: one contract exits at first target, one runner uses selected stop mode and runner target"
1,signal_scaled_scalp:strategy=vwap_delta_exhaustion_fade_4pt_30d_cl0.55:direction=all:first_target_points=0.5:stop_points=2:runner_target_points=1.5:runner_stop_mode=initial,vwap_delta_exhaustion_fade_4pt_30d_cl0.55,all,0.5,2,1.5,initial,132,132,132,35,97,81,16,0,0,81,0.61363636,-100,-7624,-57.75757576,71,61,"two-contract post-signal scalp: one contract exits at first target, one runner uses selected stop mode and runner target"
1,signal_scaled_scalp:strategy=vwap_delta_exhaustion_fade_4pt_30d_cl0.55:direction=all:first_target_points=0.5:stop_points=2:runner_target_points=2:runner_stop_mode=breakeven,vwap_delta_exhaustion_fade_4pt_30d_cl0.55,all,0.5,2,2,breakeven,132,132,132,35,97,31,66,0,0,31,0.23484848,-1475,-8999,-68.17424242,71,61,"two-contract post-signal scalp: one contract exits at first target, one runner uses selected stop mode and runner target"
1,signal_scaled_scalp:strategy=vwap_delta_exhaustion_fade_4pt_30d_cl0.55:direction=all:first_target_points=0.5:stop_points=2:runner_target_points=2:runner_stop_mode=initial,vwap_delta_exhaustion_fade_4pt_30d_cl0.55,all,0.5,2,2,initial,132,132,132,35,97,65,32,0,0,65,0.49242424,-1275,-8799,-66.65909091,71,61,"two-contract post-signal scalp: one contract exits at first target, one runner uses selected stop mode and runner target"
1,signal_scaled_scalp:strategy=vwap_delta_exhaustion_fade_4pt_30d_cl0.55:direction=all:first_target_points=0.5:stop_points=2:runner_target_points=3:runner_stop_mode=breakeven,vwap_delta_exhaustion_fade_4pt_30d_cl0.55,all,0.5,2,3,breakeven,132,132,132,35,97,19,78,0,0,19,0.14393939,-1725,-9249,-70.06818182,71,61,"two-contract post-signal scalp: one contract exits at first target, one runner uses selected stop mode and runner target"
1,signal_scaled_scalp:strategy=vwap_delta_exhaustion_fade_4pt_30d_cl0.55:direction=all:first_target_points=0.5:stop_points=2:runner_target_points=3:runner_stop_mode=initial,vwap_delta_exhaustion_fade_4pt_30d_cl0.55,all,0.5,2,3,initial,132,132,132,35,97,53,44,0,0,53,0.40151515,-1025,-8549,-64.76515152,71,61,"two-contract post-signal scalp: one contract exits at first target, one runner uses selected stop mode and runner target"
1,signal_scaled_scalp:strategy=vwap_delta_exhaustion_fade_4pt_30d_cl0.55:direction=all:first_target_points=0.5:stop_points=2:runner_target_points=5:runner_stop_mode=breakeven,vwap_delta_exhaustion_fade_4pt_30d_cl0.55,all,0.5,2,5,breakeven,132,132,132,35,97,13,84,0,0,13,0.09848485,-1325,-8849,-67.03787879,71,61,"two-contract post-signal scalp: one contract exits at first target, one runner uses selected stop mode and runner target"
1,signal_scaled_scalp:strategy=vwap_delta_exhaustion_fade_4pt_30d_cl0.55:direction=all:first_target_points=0.5:stop_points=2:runner_target_points=5:runner_stop_mode=initial,vwap_delta_exhaustion_fade_4pt_30d_cl0.55,all,0.5,2,5,initial,132,132,132,35,97,39,58,0,0,39,0.29545455,-625,-8149,-61.73484848,71,61,"two-contract post-signal scalp: one contract exits at first target, one runner uses selected stop mode and runner target"
1,signal_scaled_scalp:strategy=vwap_delta_exhaustion_fade_4pt_30d_cl0.55:direction=all:first_target_points=1:stop_points=1:runner_target_points=1.5:runner_stop_mode=breakeven,vwap_delta_exhaustion_fade_4pt_30d_cl0.55,all,1,1,1.5,breakeven,132,132,132,68,64,48,16,0,0,48,0.36363636,0,-7524,-57,71,61,"two-contract post-signal scalp: one contract exits at first target, one runner uses selected stop mode and runner target"
1,signal_scaled_scalp:strategy=vwap_delta_exhaustion_fade_4pt_30d_cl0.55:direction=all:first_target_points=1:stop_points=1:runner_target_points=1.5:runner_stop_mode=initial,vwap_delta_exhaustion_fade_4pt_30d_cl0.55,all,1,1,1.5,initial,132,132,132,68,64,56,8,0,0,56,0.42424242,200,-7324,-55.48484848,71,61,"two-contract post-signal scalp: one contract exits at first target, one runner uses selected stop mode and runner target"
1,signal_scaled_scalp:strategy=vwap_delta_exhaustion_fade_4pt_30d_cl0.55:direction=all:first_target_points=1:stop_points=1:runner_target_points=2:runner_stop_mode=breakeven,vwap_delta_exhaustion_fade_4pt_30d_cl0.55,all,1,1,2,breakeven,132,132,132,68,64,33,31,0,0,33,0.25,-300,-7824,-59.27272727,71,61,"two-contract post-signal scalp: one contract exits at first target, one runner uses selected stop mode and runner target"
1,signal_scaled_scalp:strategy=vwap_delta_exhaustion_fade_4pt_30d_cl0.55:direction=all:first_target_points=1:stop_points=1:runner_target_points=2:runner_stop_mode=initial,vwap_delta_exhaustion_fade_4pt_30d_cl0.55,all,1,1,2,initial,132,132,132,68,64,45,19,0,0,45,0.34090909,-50,-7574,-57.37878788,71,61,"two-contract post-signal scalp: one contract exits at first target, one runner uses selected stop mode and runner target"
1,signal_scaled_scalp:strategy=vwap_delta_exhaustion_fade_4pt_30d_cl0.55:direction=all:first_target_points=1:stop_points=1:runner_target_points=3:runner_stop_mode=breakeven,vwap_delta_exhaustion_fade_4pt_30d_cl0.55,all,1,1,3,breakeven,132,132,132,68,64,20,44,0,0,20,0.15151515,-600,-8124,-61.54545455,71,61,"two-contract post-signal scalp: one contract exits at first target, one runner uses selected stop mode and runner target"
1,signal_scaled_scalp:strategy=vwap_delta_exhaustion_fade_4pt_30d_cl0.55:direction=all:first_target_points=1:stop_points=1:runner_target_points=3:runner_stop_mode=initial,vwap_delta_exhaustion_fade_4pt_30d_cl0.55,all,1,1,3,initial,132,132,132,68,64,33,31,0,0,33,0.25,-200,-7724,-58.51515152,71,61,"two-contract post-signal scalp: one contract exits at first target, one runner uses selected stop mode and runner target"
1,signal_scaled_scalp:strategy=vwap_delta_exhaustion_fade_4pt_30d_cl0.55:direction=all:first_target_points=1:stop_points=1:runner_target_points=5:runner_stop_mode=breakeven,vwap_delta_exhaustion_fade_4pt_30d_cl0.55,all,1,1,5,breakeven,132,132,132,68,64,15,49,0,0,15,0.11363636,150,-7374,-55.86363636,71,61,"two-contract post-signal scalp: one contract exits at first target, one runner uses selected stop mode and runner target"
1,signal_scaled_scalp:strategy=vwap_delta_exhaustion_fade_4pt_30d_cl0.55:direction=all:first_target_points=1:stop_points=1:runner_target_points=5:runner_stop_mode=initial,vwap_delta_exhaustion_fade_4pt_30d_cl0.55,all,1,1,5,initial,132,132,132,68,64,22,42,0,0,22,0.16666667,-200,-7724,-58.51515152,71,61,"two-contract post-signal scalp: one contract exits at first target, one runner uses selected stop mode and runner target"
1,signal_scaled_scalp:strategy=vwap_delta_exhaustion_fade_4pt_30d_cl0.55:direction=all:first_target_points=1:stop_points=1.5:runner_target_points=1.5:runner_stop_mode=breakeven,vwap_delta_exhaustion_fade_4pt_30d_cl0.55,all,1,1.5,1.5,breakeven,132,132,132,55,77,58,19,0,0,58,0.43939394,-50,-7574,-57.37878788,71,61,"two-contract post-signal scalp: one contract exits at first target, one runner uses selected stop mode and runner target"
1,signal_scaled_scalp:strategy=vwap_delta_exhaustion_fade_4pt_30d_cl0.55:direction=all:first_target_points=1:stop_points=1.5:runner_target_points=1.5:runner_stop_mode=initial,vwap_delta_exhaustion_fade_4pt_30d_cl0.55,all,1,1.5,1.5,initial,132,132,132,55,77,72,5,0,0,72,0.54545455,625,-6899,-52.26515152,71,61,"two-contract post-signal scalp: one contract exits at first target, one runner uses selected stop mode and runner target"
1,signal_scaled_scalp:strategy=vwap_delta_exhaustion_fade_4pt_30d_cl0.55:direction=all:first_target_points=1:stop_points=1.5:runner_target_points=2:runner_stop_mode=breakeven,vwap_delta_exhaustion_fade_4pt_30d_cl0.55,all,1,1.5,2,breakeven,132,132,132,55,77,40,37,0,0,40,0.3030303,-400,-7924,-60.03030303,71,61,"two-contract post-signal scalp: one contract exits at first target, one runner uses selected stop mode and runner target"
1,signal_scaled_scalp:strategy=vwap_delta_exhaustion_fade_4pt_30d_cl0.55:direction=all:first_target_points=1:stop_points=1.5:runner_target_points=2:runner_stop_mode=initial,vwap_delta_exhaustion_fade_4pt_30d_cl0.55,all,1,1.5,2,initial,132,132,132,55,77,57,20,0,0,57,0.43181818,-200,-7724,-58.51515152,71,61,"two-contract post-signal scalp: one contract exits at first target, one runner uses selected stop mode and runner target"
1,signal_scaled_scalp:strategy=vwap_delta_exhaustion_fade_4pt_30d_cl0.55:direction=all:first_target_points=1:stop_points=1.5:runner_target_points=3:runner_stop_mode=breakeven,vwap_delta_exhaustion_fade_4pt_30d_cl0.55,all,1,1.5,3,breakeven,132,132,132,55,77,25,52,0,0,25,0.18939394,-650,-8174,-61.92424242,71,61,"two-contract post-signal scalp: one contract exits at first target, one runner uses selected stop mode and runner target"
1,signal_scaled_scalp:strategy=vwap_delta_exhaustion_fade_4pt_30d_cl0.55:direction=all:first_target_points=1:stop_points=1.5:runner_target_points=3:runner_stop_mode=initial,vwap_delta_exhaustion_fade_4pt_30d_cl0.55,all,1,1.5,3,initial,132,132,132,55,77,46,31,0,0,46,0.34848485,175,-7349,-55.67424242,71,61,"two-contract post-signal scalp: one contract exits at first target, one runner uses selected stop mode and runner target"
1,signal_scaled_scalp:strategy=vwap_delta_exhaustion_fade_4pt_30d_cl0.55:direction=all:first_target_points=1:stop_points=1.5:runner_target_points=5:runner_stop_mode=breakeven,vwap_delta_exhaustion_fade_4pt_30d_cl0.55,all,1,1.5,5,breakeven,132,132,132,55,77,18,59,0,0,18,0.13636364,100,-7424,-56.24242424,71,61,"two-contract post-signal scalp: one contract exits at first target, one runner uses selected stop mode and runner target"
1,signal_scaled_scalp:strategy=vwap_delta_exhaustion_fade_4pt_30d_cl0.55:direction=all:first_target_points=1:stop_points=1.5:runner_target_points=5:runner_stop_mode=initial,vwap_delta_exhaustion_fade_4pt_30d_cl0.55,all,1,1.5,5,initial,132,132,132,55,77,33,44,0,0,33,0.25,550,-6974,-52.83333333,71,61,"two-contract post-signal scalp: one contract exits at first target, one runner uses selected stop mode and runner target"
1,signal_scaled_scalp:strategy=vwap_delta_exhaustion_fade_4pt_30d_cl0.55:direction=all:first_target_points=1:stop_points=2:runner_target_points=1.5:runner_stop_mode=breakeven,vwap_delta_exhaustion_fade_4pt_30d_cl0.55,all,1,2,1.5,breakeven,132,132,132,43,89,63,26,0,0,63,0.47727273,575,-6949,-52.64393939,71,61,"two-contract post-signal scalp: one contract exits at first target, one runner uses selected stop mode and runner target"
1,signal_scaled_scalp:strategy=vwap_delta_exhaustion_fade_4pt_30d_cl0.55:direction=all:first_target_points=1:stop_points=2:runner_target_points=1.5:runner_stop_mode=initial,vwap_delta_exhaustion_fade_4pt_30d_cl0.55,all,1,2,1.5,initial,132,132,132,43,89,81,8,0,0,81,0.61363636,1125,-6399,-48.47727273,71,61,"two-contract post-signal scalp: one contract exits at first target, one runner uses selected stop mode and runner target"
1,signal_scaled_scalp:strategy=vwap_delta_exhaustion_fade_4pt_30d_cl0.55:direction=all:first_target_points=1:stop_points=2:runner_target_points=2:runner_stop_mode=breakeven,vwap_delta_exhaustion_fade_4pt_30d_cl0.55,all,1,2,2,breakeven,132,132,132,43,89,43,46,0,0,43,0.32575758,150,-7374,-55.86363636,71,61,"two-contract post-signal scalp: one contract exits at first target, one runner uses selected stop mode and runner target"
1,signal_scaled_scalp:strategy=vwap_delta_exhaustion_fade_4pt_30d_cl0.55:direction=all:first_target_points=1:stop_points=2:runner_target_points=2:runner_stop_mode=initial,vwap_delta_exhaustion_fade_4pt_30d_cl0.55,all,1,2,2,initial,132,132,132,43,89,65,24,0,0,65,0.49242424,-50,-7574,-57.37878788,71,61,"two-contract post-signal scalp: one contract exits at first target, one runner uses selected stop mode and runner target"
1,signal_scaled_scalp:strategy=vwap_delta_exhaustion_fade_4pt_30d_cl0.55:direction=all:first_target_points=1:stop_points=2:runner_target_points=3:runner_stop_mode=breakeven,vwap_delta_exhaustion_fade_4pt_30d_cl0.55,all,1,2,3,breakeven,132,132,132,43,89,28,61,0,0,28,0.21212121,50,-7474,-56.62121212,71,61,"two-contract post-signal scalp: one contract exits at first target, one runner uses selected stop mode and runner target"
1,signal_scaled_scalp:strategy=vwap_delta_exhaustion_fade_4pt_30d_cl0.55:direction=all:first_target_points=1:stop_points=2:runner_target_points=3:runner_stop_mode=initial,vwap_delta_exhaustion_fade_4pt_30d_cl0.55,all,1,2,3,initial,132,132,132,43,89,53,36,0,0,53,0.40151515,200,-7324,-55.48484848,71,61,"two-contract post-signal scalp: one contract exits at first target, one runner uses selected stop mode and runner target"
1,signal_scaled_scalp:strategy=vwap_delta_exhaustion_fade_4pt_30d_cl0.55:direction=all:first_target_points=1:stop_points=2:runner_target_points=5:runner_stop_mode=breakeven,vwap_delta_exhaustion_fade_4pt_30d_cl0.55,all,1,2,5,breakeven,132,132,132,43,89,19,70,0,0,19,0.14393939,600,-6924,-52.45454545,71,61,"two-contract post-signal scalp: one contract exits at first target, one runner uses selected stop mode and runner target"
1,signal_scaled_scalp:strategy=vwap_delta_exhaustion_fade_4pt_30d_cl0.55:direction=all:first_target_points=1:stop_points=2:runner_target_points=5:runner_stop_mode=initial,vwap_delta_exhaustion_fade_4pt_30d_cl0.55,all,1,2,5,initial,132,132,132,43,89,39,50,0,0,39,0.29545455,600,-6924,-52.45454545,71,61,"two-contract post-signal scalp: one contract exits at first target, one runner uses selected stop mode and runner target"
1,signal_scaled_scalp:strategy=vwap_delta_exhaustion_fade_4pt_30d_cl0.55:direction=all:first_target_points=1.5:stop_points=1:runner_target_points=2:runner_stop_mode=breakeven,vwap_delta_exhaustion_fade_4pt_30d_cl0.55,all,1.5,1,2,breakeven,132,132,132,76,56,39,17,0,0,56,0.42424242,500,-7024,-53.21212121,71,61,"two-contract post-signal scalp: one contract exits at first target, one runner uses selected stop mode and runner target"
1,signal_scaled_scalp:strategy=vwap_delta_exhaustion_fade_4pt_30d_cl0.55:direction=all:first_target_points=1.5:stop_points=1:runner_target_points=2:runner_stop_mode=initial,vwap_delta_exhaustion_fade_4pt_30d_cl0.55,all,1.5,1,2,initial,132,132,132,76,56,45,11,0,0,45,0.34090909,550,-6974,-52.83333333,71,61,"two-contract post-signal scalp: one contract exits at first target, one runner uses selected stop mode and runner target"
1,signal_scaled_scalp:strategy=vwap_delta_exhaustion_fade_4pt_30d_cl0.55:direction=all:first_target_points=1.5:stop_points=1:runner_target_points=3:runner_stop_mode=breakeven,vwap_delta_exhaustion_fade_4pt_30d_cl0.55,all,1.5,1,3,breakeven,132,132,132,76,56,23,33,0,0,56,0.42424242,50,-7474,-56.62121212,71,61,"two-contract post-signal scalp: one contract exits at first target, one runner uses selected stop mode and runner target"
1,signal_scaled_scalp:strategy=vwap_delta_exhaustion_fade_4pt_30d_cl0.55:direction=all:first_target_points=1.5:stop_points=1:runner_target_points=3:runner_stop_mode=initial,vwap_delta_exhaustion_fade_4pt_30d_cl0.55,all,1.5,1,3,initial,132,132,132,76,56,33,23,0,0,33,0.25,400,-7124,-53.96969697,71,61,"two-contract post-signal scalp: one contract exits at first target, one runner uses selected stop mode and runner target"
1,signal_scaled_scalp:strategy=vwap_delta_exhaustion_fade_4pt_30d_cl0.55:direction=all:first_target_points=1.5:stop_points=1:runner_target_points=5:runner_stop_mode=breakeven,vwap_delta_exhaustion_fade_4pt_30d_cl0.55,all,1.5,1,5,breakeven,132,132,132,76,56,16,40,0,0,56,0.42424242,600,-6924,-52.45454545,71,61,"two-contract post-signal scalp: one contract exits at first target, one runner uses selected stop mode and runner target"
1,signal_scaled_scalp:strategy=vwap_delta_exhaustion_fade_4pt_30d_cl0.55:direction=all:first_target_points=1.5:stop_points=1:runner_target_points=5:runner_stop_mode=initial,vwap_delta_exhaustion_fade_4pt_30d_cl0.55,all,1.5,1,5,initial,132,132,132,76,56,22,34,0,0,22,0.16666667,400,-7124,-53.96969697,71,61,"two-contract post-signal scalp: one contract exits at first target, one runner uses selected stop mode and runner target"
1,signal_scaled_scalp:strategy=vwap_delta_exhaustion_fade_4pt_30d_cl0.55:direction=all:first_target_points=1.5:stop_points=1.5:runner_target_points=2:runner_stop_mode=breakeven,vwap_delta_exhaustion_fade_4pt_30d_cl0.55,all,1.5,1.5,2,breakeven,132,132,132,60,72,51,21,0,0,72,0.54545455,1500,-6024,-45.63636364,71,61,"two-contract post-signal scalp: one contract exits at first target, one runner uses selected stop mode and runner target"
1,signal_scaled_scalp:strategy=vwap_delta_exhaustion_fade_4pt_30d_cl0.55:direction=all:first_target_points=1.5:stop_points=1.5:runner_target_points=2:runner_stop_mode=initial,vwap_delta_exhaustion_fade_4pt_30d_cl0.55,all,1.5,1.5,2,initial,132,132,132,60,72,57,15,0,0,57,0.43181818,975,-6549,-49.61363636,71,61,"two-contract post-signal scalp: one contract exits at first target, one runner uses selected stop mode and runner target"
1,signal_scaled_scalp:strategy=vwap_delta_exhaustion_fade_4pt_30d_cl0.55:direction=all:first_target_points=1.5:stop_points=1.5:runner_target_points=3:runner_stop_mode=breakeven,vwap_delta_exhaustion_fade_4pt_30d_cl0.55,all,1.5,1.5,3,breakeven,132,132,132,60,72,31,41,0,0,72,0.54545455,1050,-6474,-49.04545455,71,61,"two-contract post-signal scalp: one contract exits at first target, one runner uses selected stop mode and runner target"
1,signal_scaled_scalp:strategy=vwap_delta_exhaustion_fade_4pt_30d_cl0.55:direction=all:first_target_points=1.5:stop_points=1.5:runner_target_points=3:runner_stop_mode=initial,vwap_delta_exhaustion_fade_4pt_30d_cl0.55,all,1.5,1.5,3,initial,132,132,132,60,72,46,26,0,0,46,0.34848485,1350,-6174,-46.77272727,71,61,"two-contract post-signal scalp: one contract exits at first target, one runner uses selected stop mode and runner target"
1,signal_scaled_scalp:strategy=vwap_delta_exhaustion_fade_4pt_30d_cl0.55:direction=all:first_target_points=1.5:stop_points=1.5:runner_target_points=5:runner_stop_mode=breakeven,vwap_delta_exhaustion_fade_4pt_30d_cl0.55,all,1.5,1.5,5,breakeven,132,132,132,60,72,20,52,0,0,72,0.54545455,1400,-6124,-46.39393939,71,61,"two-contract post-signal scalp: one contract exits at first target, one runner uses selected stop mode and runner target"
1,signal_scaled_scalp:strategy=vwap_delta_exhaustion_fade_4pt_30d_cl0.55:direction=all:first_target_points=1.5:stop_points=1.5:runner_target_points=5:runner_stop_mode=initial,vwap_delta_exhaustion_fade_4pt_30d_cl0.55,all,1.5,1.5,5,initial,132,132,132,60,72,33,39,0,0,33,0.25,1725,-5799,-43.93181818,71,61,"two-contract post-signal scalp: one contract exits at first target, one runner uses selected stop mode and runner target"
1,signal_scaled_scalp:strategy=vwap_delta_exhaustion_fade_4pt_30d_cl0.55:direction=all:first_target_points=1.5:stop_points=2:runner_target_points=2:runner_stop_mode=breakeven,vwap_delta_exhaustion_fade_4pt_30d_cl0.55,all,1.5,2,2,breakeven,132,132,132,51,81,56,25,0,0,81,0.61363636,1475,-6049,-45.82575758,71,61,"two-contract post-signal scalp: one contract exits at first target, one runner uses selected stop mode and runner target"
1,signal_scaled_scalp:strategy=vwap_delta_exhaustion_fade_4pt_30d_cl0.55:direction=all:first_target_points=1.5:stop_points=2:runner_target_points=2:runner_stop_mode=initial,vwap_delta_exhaustion_fade_4pt_30d_cl0.55,all,1.5,2,2,initial,132,132,132,51,81,65,16,0,0,65,0.49242424,775,-6749,-51.12878788,71,61,"two-contract post-signal scalp: one contract exits at first target, one runner uses selected stop mode and runner target"
1,signal_scaled_scalp:strategy=vwap_delta_exhaustion_fade_4pt_30d_cl0.55:direction=all:first_target_points=1.5:stop_points=2:runner_target_points=3:runner_stop_mode=breakeven,vwap_delta_exhaustion_fade_4pt_30d_cl0.55,all,1.5,2,3,breakeven,132,132,132,51,81,35,46,0,0,81,0.61363636,1125,-6399,-48.47727273,71,61,"two-contract post-signal scalp: one contract exits at first target, one runner uses selected stop mode and runner target"
1,signal_scaled_scalp:strategy=vwap_delta_exhaustion_fade_4pt_30d_cl0.55:direction=all:first_target_points=1.5:stop_points=2:runner_target_points=3:runner_stop_mode=initial,vwap_delta_exhaustion_fade_4pt_30d_cl0.55,all,1.5,2,3,initial,132,132,132,51,81,53,28,0,0,53,0.40151515,1025,-6499,-49.23484848,71,61,"two-contract post-signal scalp: one contract exits at first target, one runner uses selected stop mode and runner target"
1,signal_scaled_scalp:strategy=vwap_delta_exhaustion_fade_4pt_30d_cl0.55:direction=all:first_target_points=1.5:stop_points=2:runner_target_points=5:runner_stop_mode=breakeven,vwap_delta_exhaustion_fade_4pt_30d_cl0.55,all,1.5,2,5,breakeven,132,132,132,51,81,21,60,0,0,81,0.61363636,1125,-6399,-48.47727273,71,61,"two-contract post-signal scalp: one contract exits at first target, one runner uses selected stop mode and runner target"
1,signal_scaled_scalp:strategy=vwap_delta_exhaustion_fade_4pt_30d_cl0.55:direction=all:first_target_points=1.5:stop_points=2:runner_target_points=5:runner_stop_mode=initial,vwap_delta_exhaustion_fade_4pt_30d_cl0.55,all,1.5,2,5,initial,132,132,132,51,81,39,42,0,0,39,0.29545455,1425,-6099,-46.20454545,71,61,"two-contract post-signal scalp: one contract exits at first target, one runner uses selected stop mode and runner target"
