schema_version,split_id,sample,selected_on_train,trade_dates,experiment_id,strategy_id,direction_filter,first_target_points,stop_points,runner_target_points,runner_stop_mode,input_signal_rows,input_candidates,evaluated_trades,full_stops,first_target_hits,runner_target_hits,runner_stop_exits,end_of_session_exits,other_exits,positive_net_trades,positive_net_rate,gross_usd,net_usd,average_net_usd,long_trades,short_trades,notes
1,scaled_scalp_walk_forward_window=1:train_dates=20:holdout_dates=5,train,true,2025-11-03;2025-11-04;2025-11-05;2025-11-06;2025-11-07;2025-11-10;2025-11-11;2025-11-12;2025-11-13;2025-11-14;2025-11-17;2025-11-18;2025-11-19;2025-11-20;2025-11-21;2025-11-24;2025-11-25;2025-11-26;2025-11-28;2025-12-01,signal_scaled_scalp:strategy=vwap_extension_fade_4pt:direction=all:first_target_points=5:stop_points=10:runner_target_points=6:runner_stop_mode=initial,vwap_extension_fade_4pt,all,5,10,6,initial,391,391,391,124,266,255,11,1,0,255,0.65217391,13350,838,2.14322251,155,236,"two-contract post-signal scalp: one contract exits at first target, one runner uses selected stop mode and runner target"
1,scaled_scalp_walk_forward_window=1:train_dates=20:holdout_dates=5,holdout,true,2025-12-02;2025-12-03;2025-12-04;2025-12-05;2025-12-08,signal_scaled_scalp:strategy=vwap_extension_fade_4pt:direction=all:first_target_points=5:stop_points=10:runner_target_points=6:runner_stop_mode=initial,vwap_extension_fade_4pt,all,5,10,6,initial,100,100,100,31,69,65,3,1,0,66,0.66,4287.5,1087.5,10.875,60,40,"two-contract post-signal scalp: one contract exits at first target, one runner uses selected stop mode and runner target"
1,scaled_scalp_walk_forward_window=6:train_dates=20:holdout_dates=5,train,true,2025-11-10;2025-11-11;2025-11-12;2025-11-13;2025-11-14;2025-11-17;2025-11-18;2025-11-19;2025-11-20;2025-11-21;2025-11-24;2025-11-25;2025-11-26;2025-11-28;2025-12-01;2025-12-02;2025-12-03;2025-12-04;2025-12-05;2025-12-08,signal_scaled_scalp:strategy=vwap_extension_fade_4pt:direction=all:first_target_points=5:stop_points=10:runner_target_points=15:runner_stop_mode=initial,vwap_extension_fade_4pt,all,5,10,15,initial,391,391,391,122,268,152,82,35,0,183,0.46803069,20937.5,8425.5,21.54859335,169,222,"two-contract post-signal scalp: one contract exits at first target, one runner uses selected stop mode and runner target"
1,scaled_scalp_walk_forward_window=6:train_dates=20:holdout_dates=5,holdout,true,2025-12-09;2025-12-10;2025-12-11;2025-12-12;2025-12-15,signal_scaled_scalp:strategy=vwap_extension_fade_4pt:direction=all:first_target_points=5:stop_points=10:runner_target_points=15:runner_stop_mode=initial,vwap_extension_fade_4pt,all,5,10,15,initial,98,98,98,34,62,26,31,7,0,30,0.30612245,-15762.5,-18898.5,-192.84183673,51,47,"two-contract post-signal scalp: one contract exits at first target, one runner uses selected stop mode and runner target"
1,scaled_scalp_walk_forward_window=11:train_dates=20:holdout_dates=5,train,true,2025-11-17;2025-11-18;2025-11-19;2025-11-20;2025-11-21;2025-11-24;2025-11-25;2025-11-26;2025-11-28;2025-12-01;2025-12-02;2025-12-03;2025-12-04;2025-12-05;2025-12-08;2025-12-09;2025-12-10;2025-12-11;2025-12-12;2025-12-15,signal_scaled_scalp:strategy=vwap_extension_fade_4pt:direction=all:first_target_points=3:stop_points=10:runner_target_points=10:runner_stop_mode=initial,vwap_extension_fade_4pt,all,3,10,10,initial,389,389,389,75,312,196,103,15,0,205,0.52699229,17462.5,5014.5,12.8907455,177,212,"two-contract post-signal scalp: one contract exits at first target, one runner uses selected stop mode and runner target"
1,scaled_scalp_walk_forward_window=11:train_dates=20:holdout_dates=5,holdout,true,2025-12-16;2025-12-17;2025-12-18;2025-12-19;2025-12-22,signal_scaled_scalp:strategy=vwap_extension_fade_4pt:direction=all:first_target_points=3:stop_points=10:runner_target_points=10:runner_stop_mode=initial,vwap_extension_fade_4pt,all,3,10,10,initial,100,100,100,13,84,45,22,20,0,57,0.57,9325,6125,61.25,46,54,"two-contract post-signal scalp: one contract exits at first target, one runner uses selected stop mode and runner target"
1,scaled_scalp_walk_forward_window=16:train_dates=20:holdout_dates=5,train,true,2025-11-24;2025-11-25;2025-11-26;2025-11-28;2025-12-01;2025-12-02;2025-12-03;2025-12-04;2025-12-05;2025-12-08;2025-12-09;2025-12-10;2025-12-11;2025-12-12;2025-12-15;2025-12-16;2025-12-17;2025-12-18;2025-12-19;2025-12-22,signal_scaled_scalp:strategy=vwap_extension_fade_4pt:direction=all:first_target_points=3:stop_points=10:runner_target_points=8:runner_stop_mode=initial,vwap_extension_fade_4pt,all,3,10,8,initial,389,389,389,67,317,217,82,23,0,229,0.58868895,23850,11402,29.31105398,165,224,"two-contract post-signal scalp: one contract exits at first target, one runner uses selected stop mode and runner target"
1,scaled_scalp_walk_forward_window=16:train_dates=20:holdout_dates=5,holdout,true,2025-12-23;2025-12-24;2025-12-26;2025-12-29;2025-12-30,signal_scaled_scalp:strategy=vwap_extension_fade_4pt:direction=all:first_target_points=3:stop_points=10:runner_target_points=8:runner_stop_mode=initial,vwap_extension_fade_4pt,all,3,10,8,initial,76,76,76,17,53,31,4,24,0,52,0.68421053,3362.5,930.5,12.24342105,33,43,"two-contract post-signal scalp: one contract exits at first target, one runner uses selected stop mode and runner target"
1,scaled_scalp_walk_forward_window=21:train_dates=20:holdout_dates=5,train,true,2025-12-02;2025-12-03;2025-12-04;2025-12-05;2025-12-08;2025-12-09;2025-12-10;2025-12-11;2025-12-12;2025-12-15;2025-12-16;2025-12-17;2025-12-18;2025-12-19;2025-12-22;2025-12-23;2025-12-24;2025-12-26;2025-12-29;2025-12-30,signal_scaled_scalp:strategy=vwap_extension_fade_4pt:direction=all:first_target_points=3:stop_points=8:runner_target_points=6:runner_stop_mode=initial,vwap_extension_fade_4pt,all,3,8,6,initial,374,374,374,85,281,214,48,27,0,232,0.62032086,18962.5,6994.5,18.70187166,190,184,"two-contract post-signal scalp: one contract exits at first target, one runner uses selected stop mode and runner target"
1,scaled_scalp_walk_forward_window=21:train_dates=20:holdout_dates=5,holdout,true,2025-12-31;2026-01-02;2026-01-05;2026-01-06;2026-01-07,signal_scaled_scalp:strategy=vwap_extension_fade_4pt:direction=all:first_target_points=3:stop_points=8:runner_target_points=6:runner_stop_mode=initial,vwap_extension_fade_4pt,all,3,8,6,initial,99,99,99,27,69,58,9,5,0,61,0.61616162,2787.5,-380.5,-3.84343434,51,48,"two-contract post-signal scalp: one contract exits at first target, one runner uses selected stop mode and runner target"
1,scaled_scalp_walk_forward_window=26:train_dates=20:holdout_dates=5,train,true,2025-12-09;2025-12-10;2025-12-11;2025-12-12;2025-12-15;2025-12-16;2025-12-17;2025-12-18;2025-12-19;2025-12-22;2025-12-23;2025-12-24;2025-12-26;2025-12-29;2025-12-30;2025-12-31;2026-01-02;2026-01-05;2026-01-06;2026-01-07,signal_scaled_scalp:strategy=vwap_extension_fade_4pt:direction=all:first_target_points=5:stop_points=8:runner_target_points=6:runner_stop_mode=initial,vwap_extension_fade_4pt,all,5,8,6,initial,373,373,373,125,226,210,6,32,0,230,0.61662198,16812.5,4876.5,13.07372654,181,192,"two-contract post-signal scalp: one contract exits at first target, one runner uses selected stop mode and runner target"
1,scaled_scalp_walk_forward_window=26:train_dates=20:holdout_dates=5,holdout,true,2026-01-08;2026-01-09;2026-01-12;2026-01-13;2026-01-14,signal_scaled_scalp:strategy=vwap_extension_fade_4pt:direction=all:first_target_points=5:stop_points=8:runner_target_points=6:runner_stop_mode=initial,vwap_extension_fade_4pt,all,5,8,6,initial,97,97,97,39,55,49,5,4,0,51,0.5257732,-4762.5,-7866.5,-81.09793814,37,60,"two-contract post-signal scalp: one contract exits at first target, one runner uses selected stop mode and runner target"
1,scaled_scalp_walk_forward_window=31:train_dates=20:holdout_dates=5,train,true,2025-12-16;2025-12-17;2025-12-18;2025-12-19;2025-12-22;2025-12-23;2025-12-24;2025-12-26;2025-12-29;2025-12-30;2025-12-31;2026-01-02;2026-01-05;2026-01-06;2026-01-07;2026-01-08;2026-01-09;2026-01-12;2026-01-13;2026-01-14,signal_scaled_scalp:strategy=vwap_extension_fade_4pt:direction=all:first_target_points=3:stop_points=10:runner_target_points=15:runner_stop_mode=initial,vwap_extension_fade_4pt,all,3,10,15,initial,372,372,372,71,288,109,94,98,0,193,0.5188172,17812.5,5908.5,15.88306452,167,205,"two-contract post-signal scalp: one contract exits at first target, one runner uses selected stop mode and runner target"
1,scaled_scalp_walk_forward_window=31:train_dates=20:holdout_dates=5,holdout,true,2026-01-15;2026-01-16;2026-01-19;2026-01-20;2026-01-21,signal_scaled_scalp:strategy=vwap_extension_fade_4pt:direction=all:first_target_points=3:stop_points=10:runner_target_points=15:runner_stop_mode=initial,vwap_extension_fade_4pt,all,3,10,15,initial,91,91,91,19,67,44,19,9,0,48,0.52747253,14525,11613,127.61538462,38,53,"two-contract post-signal scalp: one contract exits at first target, one runner uses selected stop mode and runner target"
1,scaled_scalp_walk_forward_window=36:train_dates=20:holdout_dates=5,train,true,2025-12-23;2025-12-24;2025-12-26;2025-12-29;2025-12-30;2025-12-31;2026-01-02;2026-01-05;2026-01-06;2026-01-07;2026-01-08;2026-01-09;2026-01-12;2026-01-13;2026-01-14;2026-01-15;2026-01-16;2026-01-19;2026-01-20;2026-01-21,signal_scaled_scalp:strategy=vwap_extension_fade_4pt:direction=all:first_target_points=4:stop_points=10:runner_target_points=15:runner_stop_mode=initial,vwap_extension_fade_4pt,all,4,10,15,initial,363,363,363,94,246,125,65,79,0,190,0.52341598,28637.5,17021.5,46.89118457,159,204,"two-contract post-signal scalp: one contract exits at first target, one runner uses selected stop mode and runner target"
1,scaled_scalp_walk_forward_window=36:train_dates=20:holdout_dates=5,holdout,true,2026-01-22;2026-01-23;2026-01-26;2026-01-27;2026-01-28,signal_scaled_scalp:strategy=vwap_extension_fade_4pt:direction=all:first_target_points=4:stop_points=10:runner_target_points=15:runner_stop_mode=initial,vwap_extension_fade_4pt,all,4,10,15,initial,100,100,100,23,77,33,17,27,0,60,0.6,17962.5,14762.5,147.625,30,70,"two-contract post-signal scalp: one contract exits at first target, one runner uses selected stop mode and runner target"
1,scaled_scalp_walk_forward_window=41:train_dates=20:holdout_dates=5,train,true,2025-12-31;2026-01-02;2026-01-05;2026-01-06;2026-01-07;2026-01-08;2026-01-09;2026-01-12;2026-01-13;2026-01-14;2026-01-15;2026-01-16;2026-01-19;2026-01-20;2026-01-21;2026-01-22;2026-01-23;2026-01-26;2026-01-27;2026-01-28,signal_scaled_scalp:strategy=vwap_extension_fade_4pt:direction=all:first_target_points=4:stop_points=10:runner_target_points=15:runner_stop_mode=initial,vwap_extension_fade_4pt,all,4,10,15,initial,387,387,387,98,275,142,78,69,0,202,0.52196382,40900,28516,73.68475452,156,231,"two-contract post-signal scalp: one contract exits at first target, one runner uses selected stop mode and runner target"
1,scaled_scalp_walk_forward_window=41:train_dates=20:holdout_dates=5,holdout,true,2026-01-29;2026-01-30;2026-02-02;2026-02-03;2026-02-04,signal_scaled_scalp:strategy=vwap_extension_fade_4pt:direction=all:first_target_points=4:stop_points=10:runner_target_points=15:runner_stop_mode=initial,vwap_extension_fade_4pt,all,4,10,15,initial,100,100,100,25,75,34,35,6,0,40,0.4,-325,-3525,-35.25,63,37,"two-contract post-signal scalp: one contract exits at first target, one runner uses selected stop mode and runner target"
1,scaled_scalp_walk_forward_window=46:train_dates=20:holdout_dates=5,train,true,2026-01-08;2026-01-09;2026-01-12;2026-01-13;2026-01-14;2026-01-15;2026-01-16;2026-01-19;2026-01-20;2026-01-21;2026-01-22;2026-01-23;2026-01-26;2026-01-27;2026-01-28;2026-01-29;2026-01-30;2026-02-02;2026-02-03;2026-02-04,signal_scaled_scalp:strategy=vwap_extension_fade_4pt:direction=all:first_target_points=4:stop_points=10:runner_target_points=20:runner_stop_mode=initial,vwap_extension_fade_4pt,all,4,10,20,initial,388,388,388,97,282,99,105,87,0,180,0.46391753,32975,20559,52.9871134,168,220,"two-contract post-signal scalp: one contract exits at first target, one runner uses selected stop mode and runner target"
1,scaled_scalp_walk_forward_window=46:train_dates=20:holdout_dates=5,holdout,true,2026-02-05;2026-02-06;2026-02-09;2026-02-10;2026-02-11,signal_scaled_scalp:strategy=vwap_extension_fade_4pt:direction=all:first_target_points=4:stop_points=10:runner_target_points=20:runner_stop_mode=initial,vwap_extension_fade_4pt,all,4,10,20,initial,97,97,97,26,71,26,31,14,0,40,0.41237113,2987.5,-116.5,-1.20103093,37,60,"two-contract post-signal scalp: one contract exits at first target, one runner uses selected stop mode and runner target"
1,scaled_scalp_walk_forward_window=51:train_dates=20:holdout_dates=5,train,true,2026-01-15;2026-01-16;2026-01-19;2026-01-20;2026-01-21;2026-01-22;2026-01-23;2026-01-26;2026-01-27;2026-01-28;2026-01-29;2026-01-30;2026-02-02;2026-02-03;2026-02-04;2026-02-05;2026-02-06;2026-02-09;2026-02-10;2026-02-11,signal_scaled_scalp:strategy=vwap_extension_fade_4pt:direction=all:first_target_points=4:stop_points=10:runner_target_points=20:runner_stop_mode=initial,vwap_extension_fade_4pt,all,4,10,20,initial,388,388,388,95,288,106,109,78,0,180,0.46391753,40662.5,28246.5,72.80025773,168,220,"two-contract post-signal scalp: one contract exits at first target, one runner uses selected stop mode and runner target"
1,scaled_scalp_walk_forward_window=51:train_dates=20:holdout_dates=5,holdout,true,2026-02-12;2026-02-13;2026-02-16;2026-02-17;2026-02-18,signal_scaled_scalp:strategy=vwap_extension_fade_4pt:direction=all:first_target_points=4:stop_points=10:runner_target_points=20:runner_stop_mode=initial,vwap_extension_fade_4pt,all,4,10,20,initial,89,89,89,23,66,38,21,7,0,45,0.50561798,19762.5,16914.5,190.0505618,34,55,"two-contract post-signal scalp: one contract exits at first target, one runner uses selected stop mode and runner target"
1,scaled_scalp_walk_forward_window=56:train_dates=20:holdout_dates=5,train,true,2026-01-22;2026-01-23;2026-01-26;2026-01-27;2026-01-28;2026-01-29;2026-01-30;2026-02-02;2026-02-03;2026-02-04;2026-02-05;2026-02-06;2026-02-09;2026-02-10;2026-02-11;2026-02-12;2026-02-13;2026-02-16;2026-02-17;2026-02-18,signal_scaled_scalp:strategy=vwap_extension_fade_4pt:direction=all:first_target_points=5:stop_points=10:runner_target_points=20:runner_stop_mode=initial,vwap_extension_fade_4pt,all,5,10,20,initial,386,386,386,115,271,113,92,66,0,179,0.46373057,41487.5,29135.5,75.48056995,164,222,"two-contract post-signal scalp: one contract exits at first target, one runner uses selected stop mode and runner target"
1,scaled_scalp_walk_forward_window=56:train_dates=20:holdout_dates=5,holdout,true,2026-02-19;2026-02-20;2026-02-23;2026-02-24;2026-02-25,signal_scaled_scalp:strategy=vwap_extension_fade_4pt:direction=all:first_target_points=5:stop_points=10:runner_target_points=20:runner_stop_mode=initial,vwap_extension_fade_4pt,all,5,10,20,initial,100,100,100,38,58,25,23,14,0,34,0.34,-9950,-13150,-131.5,39,61,"two-contract post-signal scalp: one contract exits at first target, one runner uses selected stop mode and runner target"
1,scaled_scalp_walk_forward_window=61:train_dates=20:holdout_dates=5,train,true,2026-01-29;2026-01-30;2026-02-02;2026-02-03;2026-02-04;2026-02-05;2026-02-06;2026-02-09;2026-02-10;2026-02-11;2026-02-12;2026-02-13;2026-02-16;2026-02-17;2026-02-18;2026-02-19;2026-02-20;2026-02-23;2026-02-24;2026-02-25,signal_scaled_scalp:strategy=vwap_extension_fade_4pt:direction=all:first_target_points=3:stop_points=10:runner_target_points=20:runner_stop_mode=initial,vwap_extension_fade_4pt,all,3,10,20,initial,386,386,386,82,302,116,142,46,0,159,0.4119171,18887.5,6535.5,16.93134715,173,213,"two-contract post-signal scalp: one contract exits at first target, one runner uses selected stop mode and runner target"
1,scaled_scalp_walk_forward_window=61:train_dates=20:holdout_dates=5,holdout,true,2026-02-26;2026-02-27;2026-03-02;2026-03-03;2026-03-04,signal_scaled_scalp:strategy=vwap_extension_fade_4pt:direction=all:first_target_points=3:stop_points=10:runner_target_points=20:runner_stop_mode=initial,vwap_extension_fade_4pt,all,3,10,20,initial,100,100,100,21,79,32,43,4,0,36,0.36,2037.5,-1162.5,-11.625,33,67,"two-contract post-signal scalp: one contract exits at first target, one runner uses selected stop mode and runner target"
1,scaled_scalp_walk_forward_window=66:train_dates=20:holdout_dates=5,train,true,2026-02-05;2026-02-06;2026-02-09;2026-02-10;2026-02-11;2026-02-12;2026-02-13;2026-02-16;2026-02-17;2026-02-18;2026-02-19;2026-02-20;2026-02-23;2026-02-24;2026-02-25;2026-02-26;2026-02-27;2026-03-02;2026-03-03;2026-03-04,signal_scaled_scalp:strategy=vwap_extension_fade_4pt:direction=all:first_target_points=3:stop_points=10:runner_target_points=15:runner_stop_mode=initial,vwap_extension_fade_4pt,all,3,10,15,initial,386,386,386,82,302,156,125,23,0,176,0.45595855,19750,7398,19.16580311,143,243,"two-contract post-signal scalp: one contract exits at first target, one runner uses selected stop mode and runner target"
1,scaled_scalp_walk_forward_window=66:train_dates=20:holdout_dates=5,holdout,true,2026-03-05;2026-03-06;2026-03-09;2026-03-10;2026-03-11,signal_scaled_scalp:strategy=vwap_extension_fade_4pt:direction=all:first_target_points=3:stop_points=10:runner_target_points=15:runner_stop_mode=initial,vwap_extension_fade_4pt,all,3,10,15,initial,100,100,100,16,84,38,46,0,0,38,0.38,2100,-1100,-11,46,54,"two-contract post-signal scalp: one contract exits at first target, one runner uses selected stop mode and runner target"
1,scaled_scalp_walk_forward_window=71:train_dates=20:holdout_dates=5,train,true,2026-02-12;2026-02-13;2026-02-16;2026-02-17;2026-02-18;2026-02-19;2026-02-20;2026-02-23;2026-02-24;2026-02-25;2026-02-26;2026-02-27;2026-03-02;2026-03-03;2026-03-04;2026-03-05;2026-03-06;2026-03-09;2026-03-10;2026-03-11,signal_scaled_scalp:strategy=vwap_extension_fade_4pt:direction=all:first_target_points=4:stop_points=10:runner_target_points=10:runner_stop_mode=initial,vwap_extension_fade_4pt,all,4,10,10,initial,389,389,389,100,286,201,77,11,0,209,0.53727506,18887.5,6439.5,16.55398458,152,237,"two-contract post-signal scalp: one contract exits at first target, one runner uses selected stop mode and runner target"
1,scaled_scalp_walk_forward_window=71:train_dates=20:holdout_dates=5,holdout,true,2026-03-12;2026-03-13;2026-03-16;2026-03-17;2026-03-18,signal_scaled_scalp:strategy=vwap_extension_fade_4pt:direction=all:first_target_points=4:stop_points=10:runner_target_points=10:runner_stop_mode=initial,vwap_extension_fade_4pt,all,4,10,10,initial,100,100,100,23,77,53,21,3,0,55,0.55,8162.5,4962.5,49.625,82,18,"two-contract post-signal scalp: one contract exits at first target, one runner uses selected stop mode and runner target"
1,scaled_scalp_walk_forward_window=76:train_dates=20:holdout_dates=5,train,true,2026-02-19;2026-02-20;2026-02-23;2026-02-24;2026-02-25;2026-02-26;2026-02-27;2026-03-02;2026-03-03;2026-03-04;2026-03-05;2026-03-06;2026-03-09;2026-03-10;2026-03-11;2026-03-12;2026-03-13;2026-03-16;2026-03-17;2026-03-18,signal_scaled_scalp:strategy=vwap_extension_fade_4pt:direction=all:first_target_points=4:stop_points=8:runner_target_points=10:runner_stop_mode=initial,vwap_extension_fade_4pt,all,4,8,10,initial,400,400,400,117,282,185,90,8,0,192,0.48,19262.5,6462.5,16.15625,200,200,"two-contract post-signal scalp: one contract exits at first target, one runner uses selected stop mode and runner target"
1,scaled_scalp_walk_forward_window=76:train_dates=20:holdout_dates=5,holdout,true,2026-03-19;2026-03-20;2026-03-23;2026-03-24;2026-03-25,signal_scaled_scalp:strategy=vwap_extension_fade_4pt:direction=all:first_target_points=4:stop_points=8:runner_target_points=10:runner_stop_mode=initial,vwap_extension_fade_4pt,all,4,8,10,initial,100,100,100,28,72,57,15,0,0,57,0.57,14500,11300,113,57,43,"two-contract post-signal scalp: one contract exits at first target, one runner uses selected stop mode and runner target"
1,scaled_scalp_walk_forward_window=81:train_dates=20:holdout_dates=5,train,true,2026-02-26;2026-02-27;2026-03-02;2026-03-03;2026-03-04;2026-03-05;2026-03-06;2026-03-09;2026-03-10;2026-03-11;2026-03-12;2026-03-13;2026-03-16;2026-03-17;2026-03-18;2026-03-19;2026-03-20;2026-03-23;2026-03-24;2026-03-25,signal_scaled_scalp:strategy=vwap_extension_fade_4pt:direction=all:first_target_points=5:stop_points=8:runner_target_points=10:runner_stop_mode=initial,vwap_extension_fade_4pt,all,5,8,10,initial,400,400,400,125,274,205,65,5,0,210,0.525,45312.5,32512.5,81.28125,218,182,"two-contract post-signal scalp: one contract exits at first target, one runner uses selected stop mode and runner target"
1,scaled_scalp_walk_forward_window=81:train_dates=20:holdout_dates=5,holdout,true,2026-03-26;2026-03-27;2026-03-30;2026-03-31;2026-04-01,signal_scaled_scalp:strategy=vwap_extension_fade_4pt:direction=all:first_target_points=5:stop_points=8:runner_target_points=10:runner_stop_mode=initial,vwap_extension_fade_4pt,all,5,8,10,initial,100,100,100,36,64,43,21,0,0,43,0.43,300,-2900,-29,55,45,"two-contract post-signal scalp: one contract exits at first target, one runner uses selected stop mode and runner target"
1,scaled_scalp_walk_forward_window=86:train_dates=20:holdout_dates=5,train,true,2026-03-05;2026-03-06;2026-03-09;2026-03-10;2026-03-11;2026-03-12;2026-03-13;2026-03-16;2026-03-17;2026-03-18;2026-03-19;2026-03-20;2026-03-23;2026-03-24;2026-03-25;2026-03-26;2026-03-27;2026-03-30;2026-03-31;2026-04-01,signal_scaled_scalp:strategy=vwap_extension_fade_4pt:direction=all:first_target_points=5:stop_points=8:runner_target_points=10:runner_stop_mode=initial,vwap_extension_fade_4pt,all,5,8,10,initial,400,400,400,131,269,200,67,2,0,202,0.505,35587.5,22787.5,56.96875,240,160,"two-contract post-signal scalp: one contract exits at first target, one runner uses selected stop mode and runner target"
1,scaled_scalp_walk_forward_window=86:train_dates=20:holdout_dates=5,holdout,true,2026-04-02;2026-04-06;2026-04-07;2026-04-08;2026-04-09,signal_scaled_scalp:strategy=vwap_extension_fade_4pt:direction=all:first_target_points=5:stop_points=8:runner_target_points=10:runner_stop_mode=initial,vwap_extension_fade_4pt,all,5,8,10,initial,100,100,100,39,61,48,12,1,0,49,0.49,3187.5,-12.5,-0.125,26,74,"two-contract post-signal scalp: one contract exits at first target, one runner uses selected stop mode and runner target"
1,scaled_scalp_walk_forward_window=91:train_dates=20:holdout_dates=5,train,true,2026-03-12;2026-03-13;2026-03-16;2026-03-17;2026-03-18;2026-03-19;2026-03-20;2026-03-23;2026-03-24;2026-03-25;2026-03-26;2026-03-27;2026-03-30;2026-03-31;2026-04-01;2026-04-02;2026-04-06;2026-04-07;2026-04-08;2026-04-09,signal_scaled_scalp:strategy=vwap_extension_fade_4pt:direction=all:first_target_points=5:stop_points=8:runner_target_points=15:runner_stop_mode=initial,vwap_extension_fade_4pt,all,5,8,15,initial,400,400,400,133,267,154,106,7,0,161,0.4025,33750,20950,52.375,220,180,"two-contract post-signal scalp: one contract exits at first target, one runner uses selected stop mode and runner target"
1,scaled_scalp_walk_forward_window=91:train_dates=20:holdout_dates=5,holdout,true,2026-04-10;2026-04-13;2026-04-14;2026-04-15;2026-04-16,signal_scaled_scalp:strategy=vwap_extension_fade_4pt:direction=all:first_target_points=5:stop_points=8:runner_target_points=15:runner_stop_mode=initial,vwap_extension_fade_4pt,all,5,8,15,initial,97,97,97,40,55,24,22,11,0,34,0.35051546,-7025,-10129,-104.42268041,21,76,"two-contract post-signal scalp: one contract exits at first target, one runner uses selected stop mode and runner target"
1,scaled_scalp_walk_forward_window=96:train_dates=20:holdout_dates=5,train,true,2026-03-19;2026-03-20;2026-03-23;2026-03-24;2026-03-25;2026-03-26;2026-03-27;2026-03-30;2026-03-31;2026-04-01;2026-04-02;2026-04-06;2026-04-07;2026-04-08;2026-04-09;2026-04-10;2026-04-13;2026-04-14;2026-04-15;2026-04-16,signal_scaled_scalp:strategy=vwap_extension_fade_4pt:direction=all:first_target_points=5:stop_points=6:runner_target_points=10:runner_stop_mode=initial,vwap_extension_fade_4pt,all,5,6,10,initial,397,397,397,167,229,161,65,4,0,164,0.41309824,18462.5,5758.5,14.50503778,159,238,"two-contract post-signal scalp: one contract exits at first target, one runner uses selected stop mode and runner target"
1,scaled_scalp_walk_forward_window=96:train_dates=20:holdout_dates=5,holdout,true,2026-04-17;2026-04-20;2026-04-21;2026-04-22;2026-04-23,signal_scaled_scalp:strategy=vwap_extension_fade_4pt:direction=all:first_target_points=5:stop_points=6:runner_target_points=10:runner_stop_mode=initial,vwap_extension_fade_4pt,all,5,6,10,initial,88,88,88,36,52,42,8,2,0,44,0.5,9912.5,7096.5,80.64204545,43,45,"two-contract post-signal scalp: one contract exits at first target, one runner uses selected stop mode and runner target"
1,scaled_scalp_walk_forward_window=101:train_dates=20:holdout_dates=5,train,true,2026-03-26;2026-03-27;2026-03-30;2026-03-31;2026-04-01;2026-04-02;2026-04-06;2026-04-07;2026-04-08;2026-04-09;2026-04-10;2026-04-13;2026-04-14;2026-04-15;2026-04-16;2026-04-17;2026-04-20;2026-04-21;2026-04-22;2026-04-23,signal_scaled_scalp:strategy=vwap_extension_fade_4pt:direction=all:first_target_points=3:stop_points=8:runner_target_points=10:runner_stop_mode=initial,vwap_extension_fade_4pt,all,3,8,10,initial,385,385,385,96,288,181,99,9,0,189,0.49090909,17675,5355,13.90909091,145,240,"two-contract post-signal scalp: one contract exits at first target, one runner uses selected stop mode and runner target"
1,scaled_scalp_walk_forward_window=101:train_dates=20:holdout_dates=5,holdout,true,2026-04-24;2026-04-27;2026-04-28;2026-04-29;2026-04-30,signal_scaled_scalp:strategy=vwap_extension_fade_4pt:direction=all:first_target_points=3:stop_points=8:runner_target_points=10:runner_stop_mode=initial,vwap_extension_fade_4pt,all,3,8,10,initial,100,100,100,33,63,33,25,9,0,39,0.39,-10312.5,-13512.5,-135.125,37,63,"two-contract post-signal scalp: one contract exits at first target, one runner uses selected stop mode and runner target"
1,scaled_scalp_walk_forward_window=106:train_dates=20:holdout_dates=5,train,true,2026-04-02;2026-04-06;2026-04-07;2026-04-08;2026-04-09;2026-04-10;2026-04-13;2026-04-14;2026-04-15;2026-04-16;2026-04-17;2026-04-20;2026-04-21;2026-04-22;2026-04-23;2026-04-24;2026-04-27;2026-04-28;2026-04-29;2026-04-30,signal_scaled_scalp:strategy=vwap_extension_fade_4pt:direction=all:first_target_points=3:stop_points=8:runner_target_points=10:runner_stop_mode=initial,vwap_extension_fade_4pt,all,3,8,10,initial,385,385,385,101,279,171,95,18,0,185,0.48051948,9062.5,-3257.5,-8.46103896,127,258,"two-contract post-signal scalp: one contract exits at first target, one runner uses selected stop mode and runner target"
1,scaled_scalp_walk_forward_window=106:train_dates=20:holdout_dates=5,holdout,true,2026-05-01;2026-05-04;2026-05-05;2026-05-06;2026-05-07,signal_scaled_scalp:strategy=vwap_extension_fade_4pt:direction=all:first_target_points=3:stop_points=8:runner_target_points=10:runner_stop_mode=initial,vwap_extension_fade_4pt,all,3,8,10,initial,100,100,100,29,71,39,30,2,0,41,0.41,-4887.5,-8087.5,-80.875,44,56,"two-contract post-signal scalp: one contract exits at first target, one runner uses selected stop mode and runner target"
1,scaled_scalp_walk_forward_window=111:train_dates=20:holdout_dates=5,train,true,2026-04-10;2026-04-13;2026-04-14;2026-04-15;2026-04-16;2026-04-17;2026-04-20;2026-04-21;2026-04-22;2026-04-23;2026-04-24;2026-04-27;2026-04-28;2026-04-29;2026-04-30;2026-05-01;2026-05-04;2026-05-05;2026-05-06;2026-05-07,signal_scaled_scalp:strategy=vwap_extension_fade_4pt:direction=all:first_target_points=3:stop_points=8:runner_target_points=10:runner_stop_mode=initial,vwap_extension_fade_4pt,all,3,8,10,initial,385,385,385,107,273,162,97,19,0,177,0.45974026,-1712.5,-14032.5,-36.44805195,145,240,"two-contract post-signal scalp: one contract exits at first target, one runner uses selected stop mode and runner target"
1,scaled_scalp_walk_forward_window=111:train_dates=20:holdout_dates=5,holdout,true,2026-05-08;2026-05-11;2026-05-12;2026-05-13;2026-05-14,signal_scaled_scalp:strategy=vwap_extension_fade_4pt:direction=all:first_target_points=3:stop_points=8:runner_target_points=10:runner_stop_mode=initial,vwap_extension_fade_4pt,all,3,8,10,initial,100,100,100,29,71,40,29,2,0,42,0.42,-3987.5,-7187.5,-71.875,18,82,"two-contract post-signal scalp: one contract exits at first target, one runner uses selected stop mode and runner target"
1,scaled_scalp_walk_forward_window=116:train_dates=20:holdout_dates=5,train,true,2026-04-17;2026-04-20;2026-04-21;2026-04-22;2026-04-23;2026-04-24;2026-04-27;2026-04-28;2026-04-29;2026-04-30;2026-05-01;2026-05-04;2026-05-05;2026-05-06;2026-05-07;2026-05-08;2026-05-11;2026-05-12;2026-05-13;2026-05-14,signal_scaled_scalp:strategy=vwap_extension_fade_4pt:direction=all:first_target_points=3:stop_points=4:runner_target_points=6:runner_stop_mode=initial,vwap_extension_fade_4pt,all,3,4,6,initial,388,388,388,169,219,154,65,0,0,154,0.39690722,-1550,-13966,-35.99484536,142,246,"two-contract post-signal scalp: one contract exits at first target, one runner uses selected stop mode and runner target"
1,scaled_scalp_walk_forward_window=116:train_dates=20:holdout_dates=5,holdout,true,2026-05-15;2026-05-18;2026-05-19;2026-05-20;2026-05-21,signal_scaled_scalp:strategy=vwap_extension_fade_4pt:direction=all:first_target_points=3:stop_points=4:runner_target_points=6:runner_stop_mode=initial,vwap_extension_fade_4pt,all,3,4,6,initial,100,100,100,51,49,38,11,0,0,38,0.38,-3850,-7050,-70.5,35,65,"two-contract post-signal scalp: one contract exits at first target, one runner uses selected stop mode and runner target"
1,scaled_scalp_walk_forward_window=121:train_dates=20:holdout_dates=5,train,true,2026-04-24;2026-04-27;2026-04-28;2026-04-29;2026-04-30;2026-05-01;2026-05-04;2026-05-05;2026-05-06;2026-05-07;2026-05-08;2026-05-11;2026-05-12;2026-05-13;2026-05-14;2026-05-15;2026-05-18;2026-05-19;2026-05-20;2026-05-21,signal_scaled_scalp:strategy=vwap_extension_fade_4pt:direction=all:first_target_points=3:stop_points=8:runner_target_points=6:runner_stop_mode=initial,vwap_extension_fade_4pt,all,3,8,6,initial,400,400,400,114,282,215,63,8,0,220,0.55,-9587.5,-22387.5,-55.96875,134,266,"two-contract post-signal scalp: one contract exits at first target, one runner uses selected stop mode and runner target"
1,scaled_scalp_walk_forward_window=121:train_dates=20:holdout_dates=5,holdout,true,2026-05-22;2026-05-25;2026-05-26;2026-05-27;2026-05-28,signal_scaled_scalp:strategy=vwap_extension_fade_4pt:direction=all:first_target_points=3:stop_points=8:runner_target_points=6:runner_stop_mode=initial,vwap_extension_fade_4pt,all,3,8,6,initial,84,84,84,20,64,51,12,1,0,52,0.61904762,3987.5,1299.5,15.4702381,37,47,"two-contract post-signal scalp: one contract exits at first target, one runner uses selected stop mode and runner target"
1,scaled_scalp_walk_forward_window=126:train_dates=20:holdout_dates=5,train,true,2026-05-01;2026-05-04;2026-05-05;2026-05-06;2026-05-07;2026-05-08;2026-05-11;2026-05-12;2026-05-13;2026-05-14;2026-05-15;2026-05-18;2026-05-19;2026-05-20;2026-05-21;2026-05-22;2026-05-25;2026-05-26;2026-05-27;2026-05-28,signal_scaled_scalp:strategy=vwap_extension_fade_4pt:direction=all:first_target_points=3:stop_points=8:runner_target_points=6:runner_stop_mode=initial,vwap_extension_fade_4pt,all,3,8,6,initial,384,384,384,101,283,219,62,2,0,221,0.57552083,2437.5,-9850.5,-25.65234375,134,250,"two-contract post-signal scalp: one contract exits at first target, one runner uses selected stop mode and runner target"
1,scaled_scalp_walk_forward_window=126:train_dates=20:holdout_dates=5,holdout,true,2026-05-29;2026-06-01;2026-06-02;2026-06-03;2026-06-04,signal_scaled_scalp:strategy=vwap_extension_fade_4pt:direction=all:first_target_points=3:stop_points=8:runner_target_points=6:runner_stop_mode=initial,vwap_extension_fade_4pt,all,3,8,6,initial,95,95,95,25,70,63,7,0,0,63,0.66315789,6600,3560,37.47368421,31,64,"two-contract post-signal scalp: one contract exits at first target, one runner uses selected stop mode and runner target"
1,scaled_scalp_walk_forward_window=131:train_dates=20:holdout_dates=5,train,true,2026-05-08;2026-05-11;2026-05-12;2026-05-13;2026-05-14;2026-05-15;2026-05-18;2026-05-19;2026-05-20;2026-05-21;2026-05-22;2026-05-25;2026-05-26;2026-05-27;2026-05-28;2026-05-29;2026-06-01;2026-06-02;2026-06-03;2026-06-04,signal_scaled_scalp:strategy=vwap_extension_fade_4pt:direction=all:first_target_points=2:stop_points=10:runner_target_points=6:runner_stop_mode=initial,vwap_extension_fade_4pt,all,2,10,6,initial,379,379,379,50,325,245,74,10,0,247,0.65171504,15812.5,3684.5,9.72163588,121,258,"two-contract post-signal scalp: one contract exits at first target, one runner uses selected stop mode and runner target"
1,scaled_scalp_walk_forward_window=131:train_dates=20:holdout_dates=5,holdout,true,2026-06-05;2026-06-08;2026-06-09;2026-06-10;2026-06-11,signal_scaled_scalp:strategy=vwap_extension_fade_4pt:direction=all:first_target_points=2:stop_points=10:runner_target_points=6:runner_stop_mode=initial,vwap_extension_fade_4pt,all,2,10,6,initial,100,100,100,17,83,61,22,0,0,61,0.61,-1400,-4600,-46,75,25,"two-contract post-signal scalp: one contract exits at first target, one runner uses selected stop mode and runner target"
1,scaled_scalp_walk_forward_window=136:train_dates=20:holdout_dates=5,train,true,2026-05-15;2026-05-18;2026-05-19;2026-05-20;2026-05-21;2026-05-22;2026-05-25;2026-05-26;2026-05-27;2026-05-28;2026-05-29;2026-06-01;2026-06-02;2026-06-03;2026-06-04;2026-06-05;2026-06-08;2026-06-09;2026-06-10;2026-06-11,signal_scaled_scalp:strategy=vwap_extension_fade_4pt:direction=all:first_target_points=5:stop_points=6:runner_target_points=20:runner_stop_mode=initial,vwap_extension_fade_4pt,all,5,6,20,initial,379,379,379,160,219,77,103,39,0,116,0.3060686,18750,6622,17.47229551,178,201,"two-contract post-signal scalp: one contract exits at first target, one runner uses selected stop mode and runner target"
1,scaled_scalp_walk_forward_window=136:train_dates=20:holdout_dates=5,holdout,true,2026-06-12;2026-06-15;2026-06-16;2026-06-17;2026-06-18,signal_scaled_scalp:strategy=vwap_extension_fade_4pt:direction=all:first_target_points=5:stop_points=6:runner_target_points=20:runner_stop_mode=initial,vwap_extension_fade_4pt,all,5,6,20,initial,100,100,100,39,61,22,33,6,0,27,0.27,4900,1700,17,41,59,"two-contract post-signal scalp: one contract exits at first target, one runner uses selected stop mode and runner target"
1,scaled_scalp_walk_forward_window=141:train_dates=20:holdout_dates=5,train,true,2026-05-22;2026-05-25;2026-05-26;2026-05-27;2026-05-28;2026-05-29;2026-06-01;2026-06-02;2026-06-03;2026-06-04;2026-06-05;2026-06-08;2026-06-09;2026-06-10;2026-06-11;2026-06-12;2026-06-15;2026-06-16;2026-06-17;2026-06-18,signal_scaled_scalp:strategy=vwap_extension_fade_4pt:direction=all:first_target_points=5:stop_points=6:runner_target_points=15:runner_stop_mode=initial,vwap_extension_fade_4pt,all,5,6,15,initial,379,379,379,154,225,110,92,23,0,133,0.35092348,24275,12147,32.05013193,184,195,"two-contract post-signal scalp: one contract exits at first target, one runner uses selected stop mode and runner target"
1,scaled_scalp_walk_forward_window=141:train_dates=20:holdout_dates=5,holdout,true,2026-06-19;2026-06-22;2026-06-23;2026-06-24;2026-06-25,signal_scaled_scalp:strategy=vwap_extension_fade_4pt:direction=all:first_target_points=5:stop_points=6:runner_target_points=15:runner_stop_mode=initial,vwap_extension_fade_4pt,all,5,6,15,initial,87,87,87,38,48,24,18,7,0,30,0.34482759,4137.5,1353.5,15.55747126,52,35,"two-contract post-signal scalp: one contract exits at first target, one runner uses selected stop mode and runner target"
1,scaled_scalp_walk_forward_window=1:train_dates=20:holdout_dates=5,train,true,2025-11-03;2025-11-04;2025-11-05;2025-11-06;2025-11-07;2025-11-10;2025-11-11;2025-11-12;2025-11-13;2025-11-14;2025-11-17;2025-11-18;2025-11-19;2025-11-20;2025-11-21;2025-11-24;2025-11-25;2025-11-26;2025-11-27;2025-11-28,signal_scaled_scalp:strategy=impulse_fade_5bar_2pt:direction=all:first_target_points=5:stop_points=8:runner_target_points=6:runner_stop_mode=initial,impulse_fade_5bar_2pt,all,5,8,6,initial,375,375,375,138,232,222,9,6,0,225,0.6,10837.5,-1162.5,-3.1,173,202,"two-contract post-signal scalp: one contract exits at first target, one runner uses selected stop mode and runner target"
1,scaled_scalp_walk_forward_window=1:train_dates=20:holdout_dates=5,holdout,true,2025-12-01;2025-12-02;2025-12-03;2025-12-04;2025-12-05,signal_scaled_scalp:strategy=impulse_fade_5bar_2pt:direction=all:first_target_points=5:stop_points=8:runner_target_points=6:runner_stop_mode=initial,impulse_fade_5bar_2pt,all,5,8,6,initial,99,99,99,31,68,64,4,0,0,64,0.64646465,9800,6632,66.98989899,47,52,"two-contract post-signal scalp: one contract exits at first target, one runner uses selected stop mode and runner target"
1,scaled_scalp_walk_forward_window=6:train_dates=20:holdout_dates=5,train,true,2025-11-10;2025-11-11;2025-11-12;2025-11-13;2025-11-14;2025-11-17;2025-11-18;2025-11-19;2025-11-20;2025-11-21;2025-11-24;2025-11-25;2025-11-26;2025-11-27;2025-11-28;2025-12-01;2025-12-02;2025-12-03;2025-12-04;2025-12-05,signal_scaled_scalp:strategy=impulse_fade_5bar_2pt:direction=all:first_target_points=5:stop_points=10:runner_target_points=8:runner_stop_mode=initial,impulse_fade_5bar_2pt,all,5,10,8,initial,374,374,374,113,255,217,31,13,0,225,0.60160428,22212.5,10244.5,27.39171123,170,204,"two-contract post-signal scalp: one contract exits at first target, one runner uses selected stop mode and runner target"
1,scaled_scalp_walk_forward_window=6:train_dates=20:holdout_dates=5,holdout,true,2025-12-08;2025-12-09;2025-12-10;2025-12-11;2025-12-12,signal_scaled_scalp:strategy=impulse_fade_5bar_2pt:direction=all:first_target_points=5:stop_points=10:runner_target_points=8:runner_stop_mode=initial,impulse_fade_5bar_2pt,all,5,10,8,initial,100,100,100,30,68,56,12,2,0,56,0.56,2000,-1200,-12,53,47,"two-contract post-signal scalp: one contract exits at first target, one runner uses selected stop mode and runner target"
1,scaled_scalp_walk_forward_window=11:train_dates=20:holdout_dates=5,train,true,2025-11-17;2025-11-18;2025-11-19;2025-11-20;2025-11-21;2025-11-24;2025-11-25;2025-11-26;2025-11-27;2025-11-28;2025-12-01;2025-12-02;2025-12-03;2025-12-04;2025-12-05;2025-12-08;2025-12-09;2025-12-10;2025-12-11;2025-12-12,signal_scaled_scalp:strategy=impulse_fade_5bar_2pt:direction=all:first_target_points=5:stop_points=10:runner_target_points=8:runner_stop_mode=initial,impulse_fade_5bar_2pt,all,5,10,8,initial,374,374,374,102,264,224,37,11,0,229,0.61229947,33712.5,21744.5,58.14037433,182,192,"two-contract post-signal scalp: one contract exits at first target, one runner uses selected stop mode and runner target"
1,scaled_scalp_walk_forward_window=11:train_dates=20:holdout_dates=5,holdout,true,2025-12-15;2025-12-16;2025-12-17;2025-12-18;2025-12-19,signal_scaled_scalp:strategy=impulse_fade_5bar_2pt:direction=all:first_target_points=5:stop_points=10:runner_target_points=8:runner_stop_mode=initial,impulse_fade_5bar_2pt,all,5,10,8,initial,98,98,98,29,67,55,10,4,0,58,0.59183673,5175,2039,20.80612245,51,47,"two-contract post-signal scalp: one contract exits at first target, one runner uses selected stop mode and runner target"
1,scaled_scalp_walk_forward_window=16:train_dates=20:holdout_dates=5,train,true,2025-11-24;2025-11-25;2025-11-26;2025-11-27;2025-11-28;2025-12-01;2025-12-02;2025-12-03;2025-12-04;2025-12-05;2025-12-08;2025-12-09;2025-12-10;2025-12-11;2025-12-12;2025-12-15;2025-12-16;2025-12-17;2025-12-18;2025-12-19,signal_scaled_scalp:strategy=impulse_fade_5bar_2pt:direction=all:first_target_points=5:stop_points=10:runner_target_points=8:runner_stop_mode=initial,impulse_fade_5bar_2pt,all,5,10,8,initial,372,372,372,99,263,221,37,15,0,229,0.6155914,35687.5,23783.5,63.93413978,175,197,"two-contract post-signal scalp: one contract exits at first target, one runner uses selected stop mode and runner target"
1,scaled_scalp_walk_forward_window=16:train_dates=20:holdout_dates=5,holdout,true,2025-12-22;2025-12-23;2025-12-24;2025-12-26;2025-12-29,signal_scaled_scalp:strategy=impulse_fade_5bar_2pt:direction=all:first_target_points=5:stop_points=10:runner_target_points=8:runner_stop_mode=initial,impulse_fade_5bar_2pt,all,5,10,8,initial,79,79,79,23,39,28,1,27,0,46,0.58227848,-1750,-4278,-54.15189873,30,49,"two-contract post-signal scalp: one contract exits at first target, one runner uses selected stop mode and runner target"
1,scaled_scalp_walk_forward_window=21:train_dates=20:holdout_dates=5,train,true,2025-12-01;2025-12-02;2025-12-03;2025-12-04;2025-12-05;2025-12-08;2025-12-09;2025-12-10;2025-12-11;2025-12-12;2025-12-15;2025-12-16;2025-12-17;2025-12-18;2025-12-19;2025-12-22;2025-12-23;2025-12-24;2025-12-26;2025-12-29,signal_scaled_scalp:strategy=impulse_fade_5bar_2pt:direction=all:first_target_points=5:stop_points=10:runner_target_points=10:runner_stop_mode=initial,impulse_fade_5bar_2pt,all,5,10,10,initial,376,376,376,105,249,177,42,52,0,216,0.57446809,26562.5,14530.5,38.64494681,181,195,"two-contract post-signal scalp: one contract exits at first target, one runner uses selected stop mode and runner target"
1,scaled_scalp_walk_forward_window=21:train_dates=20:holdout_dates=5,holdout,true,2025-12-30;2025-12-31;2026-01-02;2026-01-05;2026-01-06,signal_scaled_scalp:strategy=impulse_fade_5bar_2pt:direction=all:first_target_points=5:stop_points=10:runner_target_points=10:runner_stop_mode=initial,impulse_fade_5bar_2pt,all,5,10,10,initial,94,94,94,30,56,38,9,17,0,48,0.5106383,-2362.5,-5370.5,-57.13297872,41,53,"two-contract post-signal scalp: one contract exits at first target, one runner uses selected stop mode and runner target"
1,scaled_scalp_walk_forward_window=26:train_dates=20:holdout_dates=5,train,true,2025-12-08;2025-12-09;2025-12-10;2025-12-11;2025-12-12;2025-12-15;2025-12-16;2025-12-17;2025-12-18;2025-12-19;2025-12-22;2025-12-23;2025-12-24;2025-12-26;2025-12-29;2025-12-30;2025-12-31;2026-01-02;2026-01-05;2026-01-06,signal_scaled_scalp:strategy=impulse_fade_5bar_2pt:direction=all:first_target_points=3:stop_points=8:runner_target_points=10:runner_stop_mode=initial,impulse_fade_5bar_2pt,all,3,8,10,initial,371,371,371,90,271,148,80,53,0,191,0.5148248,13612.5,1740.5,4.69137466,175,196,"two-contract post-signal scalp: one contract exits at first target, one runner uses selected stop mode and runner target"
1,scaled_scalp_walk_forward_window=26:train_dates=20:holdout_dates=5,holdout,true,2026-01-07;2026-01-08;2026-01-09;2026-01-12;2026-01-13,signal_scaled_scalp:strategy=impulse_fade_5bar_2pt:direction=all:first_target_points=3:stop_points=8:runner_target_points=10:runner_stop_mode=initial,impulse_fade_5bar_2pt,all,3,8,10,initial,100,100,100,26,72,40,26,8,0,46,0.46,-162.5,-3362.5,-33.625,51,49,"two-contract post-signal scalp: one contract exits at first target, one runner uses selected stop mode and runner target"
1,scaled_scalp_walk_forward_window=31:train_dates=20:holdout_dates=5,train,true,2025-12-15;2025-12-16;2025-12-17;2025-12-18;2025-12-19;2025-12-22;2025-12-23;2025-12-24;2025-12-26;2025-12-29;2025-12-30;2025-12-31;2026-01-02;2026-01-05;2026-01-06;2026-01-07;2026-01-08;2026-01-09;2026-01-12;2026-01-13,signal_scaled_scalp:strategy=impulse_fade_5bar_2pt:direction=all:first_target_points=4:stop_points=8:runner_target_points=6:runner_stop_mode=initial,impulse_fade_5bar_2pt,all,4,8,6,initial,371,371,371,107,246,199,32,33,0,221,0.59568733,9950,-1922,-5.18059299,173,198,"two-contract post-signal scalp: one contract exits at first target, one runner uses selected stop mode and runner target"
1,scaled_scalp_walk_forward_window=31:train_dates=20:holdout_dates=5,holdout,true,2026-01-14;2026-01-15;2026-01-16;2026-01-19;2026-01-20,signal_scaled_scalp:strategy=impulse_fade_5bar_2pt:direction=all:first_target_points=4:stop_points=8:runner_target_points=6:runner_stop_mode=initial,impulse_fade_5bar_2pt,all,4,8,6,initial,91,91,91,17,69,62,7,5,0,63,0.69230769,15725,12813,140.8021978,47,44,"two-contract post-signal scalp: one contract exits at first target, one runner uses selected stop mode and runner target"
1,scaled_scalp_walk_forward_window=36:train_dates=20:holdout_dates=5,train,true,2025-12-22;2025-12-23;2025-12-24;2025-12-26;2025-12-29;2025-12-30;2025-12-31;2026-01-02;2026-01-05;2026-01-06;2026-01-07;2026-01-08;2026-01-09;2026-01-12;2026-01-13;2026-01-14;2026-01-15;2026-01-16;2026-01-19;2026-01-20,signal_scaled_scalp:strategy=impulse_fade_5bar_2pt:direction=all:first_target_points=4:stop_points=8:runner_target_points=6:runner_stop_mode=initial,impulse_fade_5bar_2pt,all,4,8,6,initial,364,364,364,96,245,199,32,37,0,221,0.60714286,18100,6452,17.72527473,169,195,"two-contract post-signal scalp: one contract exits at first target, one runner uses selected stop mode and runner target"
1,scaled_scalp_walk_forward_window=36:train_dates=20:holdout_dates=5,holdout,true,2026-01-21;2026-01-22;2026-01-23;2026-01-26;2026-01-27,signal_scaled_scalp:strategy=impulse_fade_5bar_2pt:direction=all:first_target_points=4:stop_points=8:runner_target_points=6:runner_stop_mode=initial,impulse_fade_5bar_2pt,all,4,8,6,initial,95,95,95,28,66,55,10,2,0,55,0.57894737,2412.5,-627.5,-6.60526316,44,51,"two-contract post-signal scalp: one contract exits at first target, one runner uses selected stop mode and runner target"
1,scaled_scalp_walk_forward_window=41:train_dates=20:holdout_dates=5,train,true,2025-12-30;2025-12-31;2026-01-02;2026-01-05;2026-01-06;2026-01-07;2026-01-08;2026-01-09;2026-01-12;2026-01-13;2026-01-14;2026-01-15;2026-01-16;2026-01-19;2026-01-20;2026-01-21;2026-01-22;2026-01-23;2026-01-26;2026-01-27,signal_scaled_scalp:strategy=impulse_fade_5bar_2pt:direction=all:first_target_points=4:stop_points=8:runner_target_points=6:runner_stop_mode=initial,impulse_fade_5bar_2pt,all,4,8,6,initial,380,380,380,99,269,223,38,20,0,232,0.61052632,24550,12390,32.60526316,183,197,"two-contract post-signal scalp: one contract exits at first target, one runner uses selected stop mode and runner target"
1,scaled_scalp_walk_forward_window=41:train_dates=20:holdout_dates=5,holdout,true,2026-01-28;2026-01-29;2026-01-30;2026-02-02;2026-02-03,signal_scaled_scalp:strategy=impulse_fade_5bar_2pt:direction=all:first_target_points=4:stop_points=8:runner_target_points=6:runner_stop_mode=initial,impulse_fade_5bar_2pt,all,4,8,6,initial,100,100,100,29,70,57,13,1,0,58,0.58,2800,-400,-4,62,38,"two-contract post-signal scalp: one contract exits at first target, one runner uses selected stop mode and runner target"
1,scaled_scalp_walk_forward_window=46:train_dates=20:holdout_dates=5,train,true,2026-01-07;2026-01-08;2026-01-09;2026-01-12;2026-01-13;2026-01-14;2026-01-15;2026-01-16;2026-01-19;2026-01-20;2026-01-21;2026-01-22;2026-01-23;2026-01-26;2026-01-27;2026-01-28;2026-01-29;2026-01-30;2026-02-02;2026-02-03,signal_scaled_scalp:strategy=impulse_fade_5bar_2pt:direction=all:first_target_points=4:stop_points=8:runner_target_points=5:runner_stop_mode=initial,impulse_fade_5bar_2pt,all,4,8,5,initial,386,386,386,102,275,251,23,10,0,255,0.66062176,25775,13423,34.7746114,204,182,"two-contract post-signal scalp: one contract exits at first target, one runner uses selected stop mode and runner target"
1,scaled_scalp_walk_forward_window=46:train_dates=20:holdout_dates=5,holdout,true,2026-02-04;2026-02-05;2026-02-06;2026-02-09;2026-02-10,signal_scaled_scalp:strategy=impulse_fade_5bar_2pt:direction=all:first_target_points=4:stop_points=8:runner_target_points=5:runner_stop_mode=initial,impulse_fade_5bar_2pt,all,4,8,5,initial,100,100,100,33,67,61,6,0,0,61,0.61,-150,-3350,-33.5,49,51,"two-contract post-signal scalp: one contract exits at first target, one runner uses selected stop mode and runner target"
1,scaled_scalp_walk_forward_window=51:train_dates=20:holdout_dates=5,train,true,2026-01-14;2026-01-15;2026-01-16;2026-01-19;2026-01-20;2026-01-21;2026-01-22;2026-01-23;2026-01-26;2026-01-27;2026-01-28;2026-01-29;2026-01-30;2026-02-02;2026-02-03;2026-02-04;2026-02-05;2026-02-06;2026-02-09;2026-02-10,signal_scaled_scalp:strategy=impulse_fade_5bar_2pt:direction=all:first_target_points=4:stop_points=8:runner_target_points=5:runner_stop_mode=initial,impulse_fade_5bar_2pt,all,4,8,5,initial,386,386,386,107,272,249,23,7,0,251,0.65025907,21025,8673,22.46891192,202,184,"two-contract post-signal scalp: one contract exits at first target, one runner uses selected stop mode and runner target"
1,scaled_scalp_walk_forward_window=51:train_dates=20:holdout_dates=5,holdout,true,2026-02-11;2026-02-12;2026-02-13;2026-02-16;2026-02-17,signal_scaled_scalp:strategy=impulse_fade_5bar_2pt:direction=all:first_target_points=4:stop_points=8:runner_target_points=5:runner_stop_mode=initial,impulse_fade_5bar_2pt,all,4,8,5,initial,92,92,92,23,67,60,6,3,0,61,0.66304348,7400,4456,48.43478261,42,50,"two-contract post-signal scalp: one contract exits at first target, one runner uses selected stop mode and runner target"
1,scaled_scalp_walk_forward_window=56:train_dates=20:holdout_dates=5,train,true,2026-01-21;2026-01-22;2026-01-23;2026-01-26;2026-01-27;2026-01-28;2026-01-29;2026-01-30;2026-02-02;2026-02-03;2026-02-04;2026-02-05;2026-02-06;2026-02-09;2026-02-10;2026-02-11;2026-02-12;2026-02-13;2026-02-16;2026-02-17,signal_scaled_scalp:strategy=impulse_fade_5bar_2pt:direction=all:first_target_points=3:stop_points=8:runner_target_points=5:runner_stop_mode=initial,impulse_fade_5bar_2pt,all,3,8,5,initial,387,387,387,88,297,245,49,5,0,248,0.64082687,15087.5,2703.5,6.98578811,197,190,"two-contract post-signal scalp: one contract exits at first target, one runner uses selected stop mode and runner target"
1,scaled_scalp_walk_forward_window=56:train_dates=20:holdout_dates=5,holdout,true,2026-02-18;2026-02-19;2026-02-20;2026-02-23;2026-02-24,signal_scaled_scalp:strategy=impulse_fade_5bar_2pt:direction=all:first_target_points=3:stop_points=8:runner_target_points=5:runner_stop_mode=initial,impulse_fade_5bar_2pt,all,3,8,5,initial,100,100,100,36,64,57,7,0,0,57,0.57,-7750,-10950,-109.5,56,44,"two-contract post-signal scalp: one contract exits at first target, one runner uses selected stop mode and runner target"
1,scaled_scalp_walk_forward_window=61:train_dates=20:holdout_dates=5,train,true,2026-01-28;2026-01-29;2026-01-30;2026-02-02;2026-02-03;2026-02-04;2026-02-05;2026-02-06;2026-02-09;2026-02-10;2026-02-11;2026-02-12;2026-02-13;2026-02-16;2026-02-17;2026-02-18;2026-02-19;2026-02-20;2026-02-23;2026-02-24,signal_scaled_scalp:strategy=impulse_fade_5bar_2pt:direction=all:first_target_points=4:stop_points=8:runner_target_points=20:runner_stop_mode=initial,impulse_fade_5bar_2pt,all,4,8,20,initial,392,392,392,122,267,103,136,31,0,131,0.33418367,12862.5,318.5,0.8125,209,183,"two-contract post-signal scalp: one contract exits at first target, one runner uses selected stop mode and runner target"
1,scaled_scalp_walk_forward_window=61:train_dates=20:holdout_dates=5,holdout,true,2026-02-25;2026-02-26;2026-02-27;2026-03-02;2026-03-03,signal_scaled_scalp:strategy=impulse_fade_5bar_2pt:direction=all:first_target_points=4:stop_points=8:runner_target_points=20:runner_stop_mode=initial,impulse_fade_5bar_2pt,all,4,8,20,initial,98,98,98,30,67,20,39,9,0,28,0.28571429,-5000,-8136,-83.02040816,44,54,"two-contract post-signal scalp: one contract exits at first target, one runner uses selected stop mode and runner target"
1,scaled_scalp_walk_forward_window=66:train_dates=20:holdout_dates=5,train,true,2026-02-04;2026-02-05;2026-02-06;2026-02-09;2026-02-10;2026-02-11;2026-02-12;2026-02-13;2026-02-16;2026-02-17;2026-02-18;2026-02-19;2026-02-20;2026-02-23;2026-02-24;2026-02-25;2026-02-26;2026-02-27;2026-03-02;2026-03-03,signal_scaled_scalp:strategy=impulse_fade_5bar_2pt:direction=all:first_target_points=4:stop_points=10:runner_target_points=10:runner_stop_mode=initial,impulse_fade_5bar_2pt,all,4,10,10,initial,390,390,390,107,279,204,61,18,0,218,0.55897436,19950,7470,19.15384615,191,199,"two-contract post-signal scalp: one contract exits at first target, one runner uses selected stop mode and runner target"
1,scaled_scalp_walk_forward_window=66:train_dates=20:holdout_dates=5,holdout,true,2026-03-04;2026-03-05;2026-03-06;2026-03-09;2026-03-10,signal_scaled_scalp:strategy=impulse_fade_5bar_2pt:direction=all:first_target_points=4:stop_points=10:runner_target_points=10:runner_stop_mode=initial,impulse_fade_5bar_2pt,all,4,10,10,initial,100,100,100,20,80,58,22,0,0,58,0.58,14000,10800,108,43,57,"two-contract post-signal scalp: one contract exits at first target, one runner uses selected stop mode and runner target"
1,scaled_scalp_walk_forward_window=71:train_dates=20:holdout_dates=5,train,true,2026-02-11;2026-02-12;2026-02-13;2026-02-16;2026-02-17;2026-02-18;2026-02-19;2026-02-20;2026-02-23;2026-02-24;2026-02-25;2026-02-26;2026-02-27;2026-03-02;2026-03-03;2026-03-04;2026-03-05;2026-03-06;2026-03-09;2026-03-10,signal_scaled_scalp:strategy=impulse_fade_5bar_2pt:direction=all:first_target_points=5:stop_points=10:runner_target_points=15:runner_stop_mode=initial,impulse_fade_5bar_2pt,all,5,10,15,initial,390,390,390,111,274,164,87,28,0,186,0.47692308,38925,26445,67.80769231,185,205,"two-contract post-signal scalp: one contract exits at first target, one runner uses selected stop mode and runner target"
1,scaled_scalp_walk_forward_window=71:train_dates=20:holdout_dates=5,holdout,true,2026-03-11;2026-03-12;2026-03-13;2026-03-16;2026-03-17,signal_scaled_scalp:strategy=impulse_fade_5bar_2pt:direction=all:first_target_points=5:stop_points=10:runner_target_points=15:runner_stop_mode=initial,impulse_fade_5bar_2pt,all,5,10,15,initial,100,100,100,19,81,46,27,8,0,54,0.54,24175,20975,209.75,53,47,"two-contract post-signal scalp: one contract exits at first target, one runner uses selected stop mode and runner target"
1,scaled_scalp_walk_forward_window=76:train_dates=20:holdout_dates=5,train,true,2026-02-18;2026-02-19;2026-02-20;2026-02-23;2026-02-24;2026-02-25;2026-02-26;2026-02-27;2026-03-02;2026-03-03;2026-03-04;2026-03-05;2026-03-06;2026-03-09;2026-03-10;2026-03-11;2026-03-12;2026-03-13;2026-03-16;2026-03-17,signal_scaled_scalp:strategy=impulse_fade_5bar_2pt:direction=all:first_target_points=5:stop_points=10:runner_target_points=15:runner_stop_mode=initial,impulse_fade_5bar_2pt,all,5,10,15,initial,398,398,398,104,292,172,95,27,0,196,0.49246231,53225,40489,101.73115578,196,202,"two-contract post-signal scalp: one contract exits at first target, one runner uses selected stop mode and runner target"
1,scaled_scalp_walk_forward_window=76:train_dates=20:holdout_dates=5,holdout,true,2026-03-18;2026-03-19;2026-03-20;2026-03-23;2026-03-24,signal_scaled_scalp:strategy=impulse_fade_5bar_2pt:direction=all:first_target_points=5:stop_points=10:runner_target_points=15:runner_stop_mode=initial,impulse_fade_5bar_2pt,all,5,10,15,initial,100,100,100,31,69,38,31,0,0,38,0.38,-750,-3950,-39.5,54,46,"two-contract post-signal scalp: one contract exits at first target, one runner uses selected stop mode and runner target"
1,scaled_scalp_walk_forward_window=81:train_dates=20:holdout_dates=5,train,true,2026-02-25;2026-02-26;2026-02-27;2026-03-02;2026-03-03;2026-03-04;2026-03-05;2026-03-06;2026-03-09;2026-03-10;2026-03-11;2026-03-12;2026-03-13;2026-03-16;2026-03-17;2026-03-18;2026-03-19;2026-03-20;2026-03-23;2026-03-24,signal_scaled_scalp:strategy=impulse_fade_5bar_2pt:direction=all:first_target_points=5:stop_points=10:runner_target_points=10:runner_stop_mode=initial,impulse_fade_5bar_2pt,all,5,10,10,initial,398,398,398,99,297,221,67,11,0,230,0.57788945,52112.5,39376.5,98.93592965,194,204,"two-contract post-signal scalp: one contract exits at first target, one runner uses selected stop mode and runner target"
1,scaled_scalp_walk_forward_window=81:train_dates=20:holdout_dates=5,holdout,true,2026-03-25;2026-03-26;2026-03-27;2026-03-30;2026-03-31,signal_scaled_scalp:strategy=impulse_fade_5bar_2pt:direction=all:first_target_points=5:stop_points=10:runner_target_points=10:runner_stop_mode=initial,impulse_fade_5bar_2pt,all,5,10,10,initial,100,100,100,31,69,52,17,0,0,52,0.52,3750,550,5.5,57,43,"two-contract post-signal scalp: one contract exits at first target, one runner uses selected stop mode and runner target"
1,scaled_scalp_walk_forward_window=86:train_dates=20:holdout_dates=5,train,true,2026-03-04;2026-03-05;2026-03-06;2026-03-09;2026-03-10;2026-03-11;2026-03-12;2026-03-13;2026-03-16;2026-03-17;2026-03-18;2026-03-19;2026-03-20;2026-03-23;2026-03-24;2026-03-25;2026-03-26;2026-03-27;2026-03-30;2026-03-31,signal_scaled_scalp:strategy=impulse_fade_5bar_2pt:direction=all:first_target_points=5:stop_points=10:runner_target_points=6:runner_stop_mode=initial,impulse_fade_5bar_2pt,all,5,10,6,initial,400,400,400,102,298,283,15,0,0,283,0.7075,49900,37100,92.75,207,193,"two-contract post-signal scalp: one contract exits at first target, one runner uses selected stop mode and runner target"
1,scaled_scalp_walk_forward_window=86:train_dates=20:holdout_dates=5,holdout,true,2026-04-01;2026-04-02;2026-04-06;2026-04-07;2026-04-08,signal_scaled_scalp:strategy=impulse_fade_5bar_2pt:direction=all:first_target_points=5:stop_points=10:runner_target_points=6:runner_stop_mode=initial,impulse_fade_5bar_2pt,all,5,10,6,initial,100,100,100,30,70,64,4,2,0,66,0.66,4537.5,1337.5,13.375,49,51,"two-contract post-signal scalp: one contract exits at first target, one runner uses selected stop mode and runner target"
1,scaled_scalp_walk_forward_window=91:train_dates=20:holdout_dates=5,train,true,2026-03-11;2026-03-12;2026-03-13;2026-03-16;2026-03-17;2026-03-18;2026-03-19;2026-03-20;2026-03-23;2026-03-24;2026-03-25;2026-03-26;2026-03-27;2026-03-30;2026-03-31;2026-04-01;2026-04-02;2026-04-06;2026-04-07;2026-04-08,signal_scaled_scalp:strategy=impulse_fade_5bar_2pt:direction=all:first_target_points=5:stop_points=10:runner_target_points=8:runner_stop_mode=initial,impulse_fade_5bar_2pt,all,5,10,8,initial,400,400,400,111,289,241,44,4,0,245,0.6125,35575,22775,56.9375,213,187,"two-contract post-signal scalp: one contract exits at first target, one runner uses selected stop mode and runner target"
1,scaled_scalp_walk_forward_window=91:train_dates=20:holdout_dates=5,holdout,true,2026-04-09;2026-04-10;2026-04-13;2026-04-14;2026-04-15,signal_scaled_scalp:strategy=impulse_fade_5bar_2pt:direction=all:first_target_points=5:stop_points=10:runner_target_points=8:runner_stop_mode=initial,impulse_fade_5bar_2pt,all,5,10,8,initial,100,100,100,36,63,50,9,5,0,55,0.55,-4737.5,-7937.5,-79.375,37,63,"two-contract post-signal scalp: one contract exits at first target, one runner uses selected stop mode and runner target"
1,scaled_scalp_walk_forward_window=96:train_dates=20:holdout_dates=5,train,true,2026-03-18;2026-03-19;2026-03-20;2026-03-23;2026-03-24;2026-03-25;2026-03-26;2026-03-27;2026-03-30;2026-03-31;2026-04-01;2026-04-02;2026-04-06;2026-04-07;2026-04-08;2026-04-09;2026-04-10;2026-04-13;2026-04-14;2026-04-15,signal_scaled_scalp:strategy=impulse_fade_5bar_2pt:direction=all:first_target_points=5:stop_points=8:runner_target_points=8:runner_stop_mode=initial,impulse_fade_5bar_2pt,all,5,8,8,initial,400,400,400,147,252,205,43,5,0,210,0.525,10275,-2525,-6.3125,197,203,"two-contract post-signal scalp: one contract exits at first target, one runner uses selected stop mode and runner target"
1,scaled_scalp_walk_forward_window=96:train_dates=20:holdout_dates=5,holdout,true,2026-04-16;2026-04-17;2026-04-20;2026-04-21;2026-04-22,signal_scaled_scalp:strategy=impulse_fade_5bar_2pt:direction=all:first_target_points=5:stop_points=8:runner_target_points=8:runner_stop_mode=initial,impulse_fade_5bar_2pt,all,5,8,8,initial,100,100,100,36,64,51,10,3,0,54,0.54,3362.5,162.5,1.625,44,56,"two-contract post-signal scalp: one contract exits at first target, one runner uses selected stop mode and runner target"
1,scaled_scalp_walk_forward_window=101:train_dates=20:holdout_dates=5,train,true,2026-03-25;2026-03-26;2026-03-27;2026-03-30;2026-03-31;2026-04-01;2026-04-02;2026-04-06;2026-04-07;2026-04-08;2026-04-09;2026-04-10;2026-04-13;2026-04-14;2026-04-15;2026-04-16;2026-04-17;2026-04-20;2026-04-21;2026-04-22,signal_scaled_scalp:strategy=impulse_fade_5bar_2pt:direction=all:first_target_points=5:stop_points=6:runner_target_points=8:runner_stop_mode=initial,impulse_fade_5bar_2pt,all,5,6,8,initial,400,400,400,169,230,176,52,3,0,179,0.4475,11075,-1725,-4.3125,187,213,"two-contract post-signal scalp: one contract exits at first target, one runner uses selected stop mode and runner target"
1,scaled_scalp_walk_forward_window=101:train_dates=20:holdout_dates=5,holdout,true,2026-04-23;2026-04-24;2026-04-27;2026-04-28;2026-04-29,signal_scaled_scalp:strategy=impulse_fade_5bar_2pt:direction=all:first_target_points=5:stop_points=6:runner_target_points=8:runner_stop_mode=initial,impulse_fade_5bar_2pt,all,5,6,8,initial,99,99,99,47,51,40,6,6,0,46,0.46464646,-600,-3768,-38.06060606,43,56,"two-contract post-signal scalp: one contract exits at first target, one runner uses selected stop mode and runner target"
1,scaled_scalp_walk_forward_window=106:train_dates=20:holdout_dates=5,train,true,2026-04-01;2026-04-02;2026-04-06;2026-04-07;2026-04-08;2026-04-09;2026-04-10;2026-04-13;2026-04-14;2026-04-15;2026-04-16;2026-04-17;2026-04-20;2026-04-21;2026-04-22;2026-04-23;2026-04-24;2026-04-27;2026-04-28;2026-04-29,signal_scaled_scalp:strategy=impulse_fade_5bar_2pt:direction=all:first_target_points=5:stop_points=8:runner_target_points=8:runner_stop_mode=initial,impulse_fade_5bar_2pt,all,5,8,8,initial,399,399,399,149,247,201,33,16,0,215,0.53884712,9950,-2818,-7.06265664,173,226,"two-contract post-signal scalp: one contract exits at first target, one runner uses selected stop mode and runner target"
1,scaled_scalp_walk_forward_window=106:train_dates=20:holdout_dates=5,holdout,true,2026-04-30;2026-05-01;2026-05-04;2026-05-05;2026-05-06,signal_scaled_scalp:strategy=impulse_fade_5bar_2pt:direction=all:first_target_points=5:stop_points=8:runner_target_points=8:runner_stop_mode=initial,impulse_fade_5bar_2pt,all,5,8,8,initial,98,98,98,44,53,44,8,2,0,45,0.45918367,-7962.5,-11098.5,-113.25,38,60,"two-contract post-signal scalp: one contract exits at first target, one runner uses selected stop mode and runner target"
1,scaled_scalp_walk_forward_window=111:train_dates=20:holdout_dates=5,train,true,2026-04-09;2026-04-10;2026-04-13;2026-04-14;2026-04-15;2026-04-16;2026-04-17;2026-04-20;2026-04-21;2026-04-22;2026-04-23;2026-04-24;2026-04-27;2026-04-28;2026-04-29;2026-04-30;2026-05-01;2026-05-04;2026-05-05;2026-05-06,signal_scaled_scalp:strategy=impulse_fade_5bar_2pt:direction=all:first_target_points=2:stop_points=6:runner_target_points=8:runner_stop_mode=initial,impulse_fade_5bar_2pt,all,2,6,8,initial,397,397,397,105,292,164,118,10,0,172,0.43324937,-2787.5,-15491.5,-39.02141058,162,235,"two-contract post-signal scalp: one contract exits at first target, one runner uses selected stop mode and runner target"
1,scaled_scalp_walk_forward_window=111:train_dates=20:holdout_dates=5,holdout,true,2026-05-07;2026-05-08;2026-05-11;2026-05-12;2026-05-13,signal_scaled_scalp:strategy=impulse_fade_5bar_2pt:direction=all:first_target_points=2:stop_points=6:runner_target_points=8:runner_stop_mode=initial,impulse_fade_5bar_2pt,all,2,6,8,initial,100,100,100,24,76,40,36,0,0,40,0.4,-1600,-4800,-48,44,56,"two-contract post-signal scalp: one contract exits at first target, one runner uses selected stop mode and runner target"
1,scaled_scalp_walk_forward_window=116:train_dates=20:holdout_dates=5,train,true,2026-04-16;2026-04-17;2026-04-20;2026-04-21;2026-04-22;2026-04-23;2026-04-24;2026-04-27;2026-04-28;2026-04-29;2026-04-30;2026-05-01;2026-05-04;2026-05-05;2026-05-06;2026-05-07;2026-05-08;2026-05-11;2026-05-12;2026-05-13,signal_scaled_scalp:strategy=impulse_fade_5bar_2pt:direction=all:first_target_points=5:stop_points=5:runner_target_points=10:runner_stop_mode=initial,impulse_fade_5bar_2pt,all,5,5,10,initial,397,397,397,199,198,131,57,10,0,141,0.35516373,2112.5,-10591.5,-26.67884131,169,228,"two-contract post-signal scalp: one contract exits at first target, one runner uses selected stop mode and runner target"
1,scaled_scalp_walk_forward_window=116:train_dates=20:holdout_dates=5,holdout,true,2026-05-14;2026-05-15;2026-05-18;2026-05-19;2026-05-20,signal_scaled_scalp:strategy=impulse_fade_5bar_2pt:direction=all:first_target_points=5:stop_points=5:runner_target_points=10:runner_stop_mode=initial,impulse_fade_5bar_2pt,all,5,5,10,initial,100,100,100,45,54,39,14,2,0,40,0.4,7175,3975,39.75,48,52,"two-contract post-signal scalp: one contract exits at first target, one runner uses selected stop mode and runner target"
1,scaled_scalp_walk_forward_window=121:train_dates=20:holdout_dates=5,train,true,2026-04-23;2026-04-24;2026-04-27;2026-04-28;2026-04-29;2026-04-30;2026-05-01;2026-05-04;2026-05-05;2026-05-06;2026-05-07;2026-05-08;2026-05-11;2026-05-12;2026-05-13;2026-05-14;2026-05-15;2026-05-18;2026-05-19;2026-05-20,signal_scaled_scalp:strategy=impulse_fade_5bar_2pt:direction=all:first_target_points=5:stop_points=5:runner_target_points=10:runner_stop_mode=initial,impulse_fade_5bar_2pt,all,5,5,10,initial,397,397,397,197,199,136,54,10,0,145,0.36523929,6900,-5804,-14.61964736,173,224,"two-contract post-signal scalp: one contract exits at first target, one runner uses selected stop mode and runner target"
1,scaled_scalp_walk_forward_window=121:train_dates=20:holdout_dates=5,holdout,true,2026-05-21;2026-05-22;2026-05-25;2026-05-26;2026-05-27,signal_scaled_scalp:strategy=impulse_fade_5bar_2pt:direction=all:first_target_points=5:stop_points=5:runner_target_points=10:runner_stop_mode=initial,impulse_fade_5bar_2pt,all,5,5,10,initial,90,90,90,44,44,27,10,9,0,35,0.38888889,1250,-1630,-18.11111111,45,45,"two-contract post-signal scalp: one contract exits at first target, one runner uses selected stop mode and runner target"
1,scaled_scalp_walk_forward_window=126:train_dates=20:holdout_dates=5,train,true,2026-04-30;2026-05-01;2026-05-04;2026-05-05;2026-05-06;2026-05-07;2026-05-08;2026-05-11;2026-05-12;2026-05-13;2026-05-14;2026-05-15;2026-05-18;2026-05-19;2026-05-20;2026-05-21;2026-05-22;2026-05-25;2026-05-26;2026-05-27,signal_scaled_scalp:strategy=impulse_fade_5bar_2pt:direction=all:first_target_points=5:stop_points=5:runner_target_points=10:runner_stop_mode=initial,impulse_fade_5bar_2pt,all,5,5,10,initial,388,388,388,192,193,133,50,13,0,144,0.37113402,8050,-4366,-11.25257732,175,213,"two-contract post-signal scalp: one contract exits at first target, one runner uses selected stop mode and runner target"
1,scaled_scalp_walk_forward_window=126:train_dates=20:holdout_dates=5,holdout,true,2026-05-28;2026-05-29;2026-06-01;2026-06-02;2026-06-03,signal_scaled_scalp:strategy=impulse_fade_5bar_2pt:direction=all:first_target_points=5:stop_points=5:runner_target_points=10:runner_stop_mode=initial,impulse_fade_5bar_2pt,all,5,5,10,initial,96,96,96,49,47,29,18,0,0,29,0.30208333,-2750,-5822,-60.64583333,42,54,"two-contract post-signal scalp: one contract exits at first target, one runner uses selected stop mode and runner target"
1,scaled_scalp_walk_forward_window=131:train_dates=20:holdout_dates=5,train,true,2026-05-07;2026-05-08;2026-05-11;2026-05-12;2026-05-13;2026-05-14;2026-05-15;2026-05-18;2026-05-19;2026-05-20;2026-05-21;2026-05-22;2026-05-25;2026-05-26;2026-05-27;2026-05-28;2026-05-29;2026-06-01;2026-06-02;2026-06-03,signal_scaled_scalp:strategy=impulse_fade_5bar_2pt:direction=all:first_target_points=5:stop_points=5:runner_target_points=10:runner_stop_mode=initial,impulse_fade_5bar_2pt,all,5,5,10,initial,386,386,386,184,199,131,59,12,0,141,0.36528497,10112.5,-2239.5,-5.80181347,179,207,"two-contract post-signal scalp: one contract exits at first target, one runner uses selected stop mode and runner target"
1,scaled_scalp_walk_forward_window=131:train_dates=20:holdout_dates=5,holdout,true,2026-06-04;2026-06-05;2026-06-08;2026-06-09;2026-06-10,signal_scaled_scalp:strategy=impulse_fade_5bar_2pt:direction=all:first_target_points=5:stop_points=5:runner_target_points=10:runner_stop_mode=initial,impulse_fade_5bar_2pt,all,5,5,10,initial,99,99,99,54,45,31,14,0,0,31,0.31313131,-3750,-6918,-69.87878788,50,49,"two-contract post-signal scalp: one contract exits at first target, one runner uses selected stop mode and runner target"
1,scaled_scalp_walk_forward_window=136:train_dates=20:holdout_dates=5,train,true,2026-05-14;2026-05-15;2026-05-18;2026-05-19;2026-05-20;2026-05-21;2026-05-22;2026-05-25;2026-05-26;2026-05-27;2026-05-28;2026-05-29;2026-06-01;2026-06-02;2026-06-03;2026-06-04;2026-06-05;2026-06-08;2026-06-09;2026-06-10,signal_scaled_scalp:strategy=impulse_fade_5bar_2pt:direction=all:first_target_points=5:stop_points=6:runner_target_points=6:runner_stop_mode=initial,impulse_fade_5bar_2pt,all,5,6,6,initial,385,385,385,171,211,197,12,5,0,200,0.51948052,6212.5,-6107.5,-15.86363636,185,200,"two-contract post-signal scalp: one contract exits at first target, one runner uses selected stop mode and runner target"
1,scaled_scalp_walk_forward_window=136:train_dates=20:holdout_dates=5,holdout,true,2026-06-11;2026-06-12;2026-06-15;2026-06-16;2026-06-17,signal_scaled_scalp:strategy=impulse_fade_5bar_2pt:direction=all:first_target_points=5:stop_points=6:runner_target_points=6:runner_stop_mode=initial,impulse_fade_5bar_2pt,all,5,6,6,initial,100,100,100,43,57,53,4,0,0,53,0.53,3150,-50,-0.5,51,49,"two-contract post-signal scalp: one contract exits at first target, one runner uses selected stop mode and runner target"
1,scaled_scalp_walk_forward_window=141:train_dates=20:holdout_dates=5,train,true,2026-05-21;2026-05-22;2026-05-25;2026-05-26;2026-05-27;2026-05-28;2026-05-29;2026-06-01;2026-06-02;2026-06-03;2026-06-04;2026-06-05;2026-06-08;2026-06-09;2026-06-10;2026-06-11;2026-06-12;2026-06-15;2026-06-16;2026-06-17,signal_scaled_scalp:strategy=impulse_fade_5bar_2pt:direction=all:first_target_points=5:stop_points=6:runner_target_points=15:runner_stop_mode=initial,impulse_fade_5bar_2pt,all,5,6,15,initial,385,385,385,174,209,101,87,23,0,123,0.31948052,4712.5,-7607.5,-19.75974026,188,197,"two-contract post-signal scalp: one contract exits at first target, one runner uses selected stop mode and runner target"
1,scaled_scalp_walk_forward_window=141:train_dates=20:holdout_dates=5,holdout,true,2026-06-18;2026-06-19;2026-06-22;2026-06-23;2026-06-24,signal_scaled_scalp:strategy=impulse_fade_5bar_2pt:direction=all:first_target_points=5:stop_points=6:runner_target_points=15:runner_stop_mode=initial,impulse_fade_5bar_2pt,all,5,6,15,initial,91,91,91,45,46,18,22,6,0,24,0.26373626,-6837.5,-9749.5,-107.13736264,49,42,"two-contract post-signal scalp: one contract exits at first target, one runner uses selected stop mode and runner target"
1,scaled_scalp_walk_forward_window=1:train_dates=20:holdout_dates=5,train,true,2025-11-03;2025-11-04;2025-11-05;2025-11-06;2025-11-07;2025-11-10;2025-11-11;2025-11-12;2025-11-13;2025-11-14;2025-11-17;2025-11-18;2025-11-19;2025-11-20;2025-11-21;2025-11-24;2025-11-25;2025-11-26;2025-11-28;2025-12-01,signal_scaled_scalp:strategy=vwap_delta_exhaustion_fade_2pt_10d_cl0.5:direction=all:first_target_points=5:stop_points=8:runner_target_points=20:runner_stop_mode=initial,vwap_delta_exhaustion_fade_2pt_10d_cl0.5,all,5,8,20,initial,195,195,195,73,120,51,46,25,0,72,0.36923077,6850,610,3.12820513,80,115,"two-contract post-signal scalp: one contract exits at first target, one runner uses selected stop mode and runner target"
1,scaled_scalp_walk_forward_window=1:train_dates=20:holdout_dates=5,holdout,true,2025-12-02;2025-12-03;2025-12-04;2025-12-05;2025-12-08,signal_scaled_scalp:strategy=vwap_delta_exhaustion_fade_2pt_10d_cl0.5:direction=all:first_target_points=5:stop_points=8:runner_target_points=20:runner_stop_mode=initial,vwap_delta_exhaustion_fade_2pt_10d_cl0.5,all,5,8,20,initial,42,42,42,15,27,9,7,11,0,20,0.47619048,5762.5,4418.5,105.20238095,23,19,"two-contract post-signal scalp: one contract exits at first target, one runner uses selected stop mode and runner target"
1,scaled_scalp_walk_forward_window=6:train_dates=20:holdout_dates=5,train,true,2025-11-10;2025-11-11;2025-11-12;2025-11-13;2025-11-14;2025-11-17;2025-11-18;2025-11-19;2025-11-20;2025-11-21;2025-11-24;2025-11-25;2025-11-26;2025-11-28;2025-12-01;2025-12-02;2025-12-03;2025-12-04;2025-12-05;2025-12-08,signal_scaled_scalp:strategy=vwap_delta_exhaustion_fade_2pt_10d_cl0.5:direction=all:first_target_points=4:stop_points=8:runner_target_points=10:runner_stop_mode=initial,vwap_delta_exhaustion_fade_2pt_10d_cl0.5,all,4,8,10,initial,195,195,195,62,132,91,33,9,0,94,0.48205128,7712.5,1472.5,7.55128205,85,110,"two-contract post-signal scalp: one contract exits at first target, one runner uses selected stop mode and runner target"
1,scaled_scalp_walk_forward_window=6:train_dates=20:holdout_dates=5,holdout,true,2025-12-09;2025-12-10;2025-12-11;2025-12-12;2025-12-15,signal_scaled_scalp:strategy=vwap_delta_exhaustion_fade_2pt_10d_cl0.5:direction=all:first_target_points=4:stop_points=8:runner_target_points=10:runner_stop_mode=initial,vwap_delta_exhaustion_fade_2pt_10d_cl0.5,all,4,8,10,initial,47,47,47,14,33,17,16,0,0,17,0.36170213,-2500,-4004,-85.19148936,22,25,"two-contract post-signal scalp: one contract exits at first target, one runner uses selected stop mode and runner target"
1,scaled_scalp_walk_forward_window=11:train_dates=20:holdout_dates=5,train,true,2025-11-17;2025-11-18;2025-11-19;2025-11-20;2025-11-21;2025-11-24;2025-11-25;2025-11-26;2025-11-28;2025-12-01;2025-12-02;2025-12-03;2025-12-04;2025-12-05;2025-12-08;2025-12-09;2025-12-10;2025-12-11;2025-12-12;2025-12-15,signal_scaled_scalp:strategy=vwap_delta_exhaustion_fade_2pt_10d_cl0.5:direction=all:first_target_points=4:stop_points=8:runner_target_points=6:runner_stop_mode=initial,vwap_delta_exhaustion_fade_2pt_10d_cl0.5,all,4,8,6,initial,189,189,189,55,133,115,18,1,0,115,0.60846561,9775,3727,19.71957672,83,106,"two-contract post-signal scalp: one contract exits at first target, one runner uses selected stop mode and runner target"
1,scaled_scalp_walk_forward_window=11:train_dates=20:holdout_dates=5,holdout,true,2025-12-16;2025-12-17;2025-12-18;2025-12-19;2025-12-22,signal_scaled_scalp:strategy=vwap_delta_exhaustion_fade_2pt_10d_cl0.5:direction=all:first_target_points=4:stop_points=8:runner_target_points=6:runner_stop_mode=initial,vwap_delta_exhaustion_fade_2pt_10d_cl0.5,all,4,8,6,initial,52,52,52,11,37,30,4,7,0,33,0.63461538,5137.5,3473.5,66.79807692,23,29,"two-contract post-signal scalp: one contract exits at first target, one runner uses selected stop mode and runner target"
1,scaled_scalp_walk_forward_window=16:train_dates=20:holdout_dates=5,train,true,2025-11-24;2025-11-25;2025-11-26;2025-11-28;2025-12-01;2025-12-02;2025-12-03;2025-12-04;2025-12-05;2025-12-08;2025-12-09;2025-12-10;2025-12-11;2025-12-12;2025-12-15;2025-12-16;2025-12-17;2025-12-18;2025-12-19;2025-12-22,signal_scaled_scalp:strategy=vwap_delta_exhaustion_fade_2pt_10d_cl0.5:direction=all:first_target_points=4:stop_points=8:runner_target_points=6:runner_stop_mode=initial,vwap_delta_exhaustion_fade_2pt_10d_cl0.5,all,4,8,6,initial,183,183,183,48,130,110,17,8,0,113,0.61748634,12812.5,6956.5,38.0136612,72,111,"two-contract post-signal scalp: one contract exits at first target, one runner uses selected stop mode and runner target"
1,scaled_scalp_walk_forward_window=16:train_dates=20:holdout_dates=5,holdout,true,2025-12-23;2025-12-24;2025-12-26;2025-12-29;2025-12-30,signal_scaled_scalp:strategy=vwap_delta_exhaustion_fade_2pt_10d_cl0.5:direction=all:first_target_points=4:stop_points=8:runner_target_points=6:runner_stop_mode=initial,vwap_delta_exhaustion_fade_2pt_10d_cl0.5,all,4,8,6,initial,46,46,46,16,24,20,1,9,0,28,0.60869565,-1200,-2672,-58.08695652,18,28,"two-contract post-signal scalp: one contract exits at first target, one runner uses selected stop mode and runner target"
1,scaled_scalp_walk_forward_window=21:train_dates=20:holdout_dates=5,train,true,2025-12-02;2025-12-03;2025-12-04;2025-12-05;2025-12-08;2025-12-09;2025-12-10;2025-12-11;2025-12-12;2025-12-15;2025-12-16;2025-12-17;2025-12-18;2025-12-19;2025-12-22;2025-12-23;2025-12-24;2025-12-26;2025-12-29;2025-12-30,signal_scaled_scalp:strategy=vwap_delta_exhaustion_fade_2pt_10d_cl0.5:direction=all:first_target_points=4:stop_points=8:runner_target_points=6:runner_stop_mode=initial,vwap_delta_exhaustion_fade_2pt_10d_cl0.5,all,4,8,6,initial,187,187,187,51,126,108,12,16,0,119,0.63636364,12337.5,6353.5,33.97593583,86,101,"two-contract post-signal scalp: one contract exits at first target, one runner uses selected stop mode and runner target"
1,scaled_scalp_walk_forward_window=21:train_dates=20:holdout_dates=5,holdout,true,2025-12-31;2026-01-02;2026-01-05;2026-01-06;2026-01-07,signal_scaled_scalp:strategy=vwap_delta_exhaustion_fade_2pt_10d_cl0.5:direction=all:first_target_points=4:stop_points=8:runner_target_points=6:runner_stop_mode=initial,vwap_delta_exhaustion_fade_2pt_10d_cl0.5,all,4,8,6,initial,42,42,42,13,26,21,4,4,0,24,0.57142857,-150,-1494,-35.57142857,18,24,"two-contract post-signal scalp: one contract exits at first target, one runner uses selected stop mode and runner target"
1,scaled_scalp_walk_forward_window=26:train_dates=20:holdout_dates=5,train,true,2025-12-09;2025-12-10;2025-12-11;2025-12-12;2025-12-15;2025-12-16;2025-12-17;2025-12-18;2025-12-19;2025-12-22;2025-12-23;2025-12-24;2025-12-26;2025-12-29;2025-12-30;2025-12-31;2026-01-02;2026-01-05;2026-01-06;2026-01-07,signal_scaled_scalp:strategy=vwap_delta_exhaustion_fade_2pt_10d_cl0.5:direction=all:first_target_points=5:stop_points=8:runner_target_points=6:runner_stop_mode=initial,vwap_delta_exhaustion_fade_2pt_10d_cl0.5,all,5,8,6,initial,187,187,187,61,108,102,4,20,0,115,0.61497326,7975,1991,10.64705882,81,106,"two-contract post-signal scalp: one contract exits at first target, one runner uses selected stop mode and runner target"
1,scaled_scalp_walk_forward_window=26:train_dates=20:holdout_dates=5,holdout,true,2026-01-08;2026-01-09;2026-01-12;2026-01-13;2026-01-14,signal_scaled_scalp:strategy=vwap_delta_exhaustion_fade_2pt_10d_cl0.5:direction=all:first_target_points=5:stop_points=8:runner_target_points=6:runner_stop_mode=initial,vwap_delta_exhaustion_fade_2pt_10d_cl0.5,all,5,8,6,initial,39,39,39,16,22,22,0,1,0,23,0.58974359,-625,-1873,-48.02564103,13,26,"two-contract post-signal scalp: one contract exits at first target, one runner uses selected stop mode and runner target"
1,scaled_scalp_walk_forward_window=31:train_dates=20:holdout_dates=5,train,true,2025-12-16;2025-12-17;2025-12-18;2025-12-19;2025-12-22;2025-12-23;2025-12-24;2025-12-26;2025-12-29;2025-12-30;2025-12-31;2026-01-02;2026-01-05;2026-01-06;2026-01-07;2026-01-08;2026-01-09;2026-01-12;2026-01-13;2026-01-14,signal_scaled_scalp:strategy=vwap_delta_exhaustion_fade_2pt_10d_cl0.5:direction=all:first_target_points=5:stop_points=5:runner_target_points=10:runner_stop_mode=initial,vwap_delta_exhaustion_fade_2pt_10d_cl0.5,all,5,5,10,initial,179,179,179,82,83,58,20,19,0,74,0.41340782,6087.5,359.5,2.00837989,72,107,"two-contract post-signal scalp: one contract exits at first target, one runner uses selected stop mode and runner target"
1,scaled_scalp_walk_forward_window=31:train_dates=20:holdout_dates=5,holdout,true,2026-01-15;2026-01-16;2026-01-19;2026-01-20;2026-01-21,signal_scaled_scalp:strategy=vwap_delta_exhaustion_fade_2pt_10d_cl0.5:direction=all:first_target_points=5:stop_points=5:runner_target_points=10:runner_stop_mode=initial,vwap_delta_exhaustion_fade_2pt_10d_cl0.5,all,5,5,10,initial,33,33,33,16,16,6,9,2,0,7,0.21212121,-3187.5,-4243.5,-128.59090909,9,24,"two-contract post-signal scalp: one contract exits at first target, one runner uses selected stop mode and runner target"
1,scaled_scalp_walk_forward_window=36:train_dates=20:holdout_dates=5,train,true,2025-12-23;2025-12-24;2025-12-26;2025-12-29;2025-12-30;2025-12-31;2026-01-02;2026-01-05;2026-01-06;2026-01-07;2026-01-08;2026-01-09;2026-01-12;2026-01-13;2026-01-14;2026-01-15;2026-01-16;2026-01-19;2026-01-20;2026-01-21,signal_scaled_scalp:strategy=vwap_delta_exhaustion_fade_2pt_10d_cl0.5:direction=all:first_target_points=3:stop_points=8:runner_target_points=10:runner_stop_mode=initial,vwap_delta_exhaustion_fade_2pt_10d_cl0.5,all,3,8,10,initial,160,160,160,41,109,61,33,25,0,81,0.50625,2887.5,-2232.5,-13.953125,58,102,"two-contract post-signal scalp: one contract exits at first target, one runner uses selected stop mode and runner target"
1,scaled_scalp_walk_forward_window=36:train_dates=20:holdout_dates=5,holdout,true,2026-01-22;2026-01-23;2026-01-26;2026-01-27;2026-01-28,signal_scaled_scalp:strategy=vwap_delta_exhaustion_fade_2pt_10d_cl0.5:direction=all:first_target_points=3:stop_points=8:runner_target_points=10:runner_stop_mode=initial,vwap_delta_exhaustion_fade_2pt_10d_cl0.5,all,3,8,10,initial,53,53,53,9,44,27,12,5,0,31,0.58490566,9087.5,7391.5,139.46226415,13,40,"two-contract post-signal scalp: one contract exits at first target, one runner uses selected stop mode and runner target"
1,scaled_scalp_walk_forward_window=41:train_dates=20:holdout_dates=5,train,true,2025-12-31;2026-01-02;2026-01-05;2026-01-06;2026-01-07;2026-01-08;2026-01-09;2026-01-12;2026-01-13;2026-01-14;2026-01-15;2026-01-16;2026-01-19;2026-01-20;2026-01-21;2026-01-22;2026-01-23;2026-01-26;2026-01-27;2026-01-28,signal_scaled_scalp:strategy=vwap_delta_exhaustion_fade_2pt_10d_cl0.5:direction=all:first_target_points=3:stop_points=10:runner_target_points=10:runner_stop_mode=initial,vwap_delta_exhaustion_fade_2pt_10d_cl0.5,all,3,10,10,initial,167,167,167,30,131,79,38,20,0,95,0.56886228,12500,7156,42.8502994,53,114,"two-contract post-signal scalp: one contract exits at first target, one runner uses selected stop mode and runner target"
1,scaled_scalp_walk_forward_window=41:train_dates=20:holdout_dates=5,holdout,true,2026-01-29;2026-01-30;2026-02-02;2026-02-03;2026-02-04,signal_scaled_scalp:strategy=vwap_delta_exhaustion_fade_2pt_10d_cl0.5:direction=all:first_target_points=3:stop_points=10:runner_target_points=10:runner_stop_mode=initial,vwap_delta_exhaustion_fade_2pt_10d_cl0.5,all,3,10,10,initial,41,41,41,11,30,19,10,1,0,19,0.46341463,-2187.5,-3499.5,-85.35365854,18,23,"two-contract post-signal scalp: one contract exits at first target, one runner uses selected stop mode and runner target"
1,scaled_scalp_walk_forward_window=46:train_dates=20:holdout_dates=5,train,true,2026-01-08;2026-01-09;2026-01-12;2026-01-13;2026-01-14;2026-01-15;2026-01-16;2026-01-19;2026-01-20;2026-01-21;2026-01-22;2026-01-23;2026-01-26;2026-01-27;2026-01-28;2026-01-29;2026-01-30;2026-02-02;2026-02-03;2026-02-04,signal_scaled_scalp:strategy=vwap_delta_exhaustion_fade_2pt_10d_cl0.5:direction=all:first_target_points=5:stop_points=8:runner_target_points=6:runner_stop_mode=initial,vwap_delta_exhaustion_fade_2pt_10d_cl0.5,all,5,8,6,initial,166,166,166,57,105,100,4,5,0,102,0.61445783,8575,3263,19.65662651,53,113,"two-contract post-signal scalp: one contract exits at first target, one runner uses selected stop mode and runner target"
1,scaled_scalp_walk_forward_window=46:train_dates=20:holdout_dates=5,holdout,true,2026-02-05;2026-02-06;2026-02-09;2026-02-10;2026-02-11,signal_scaled_scalp:strategy=vwap_delta_exhaustion_fade_2pt_10d_cl0.5:direction=all:first_target_points=5:stop_points=8:runner_target_points=6:runner_stop_mode=initial,vwap_delta_exhaustion_fade_2pt_10d_cl0.5,all,5,8,6,initial,38,38,38,10,27,25,2,1,0,25,0.65789474,5275,4059,106.81578947,13,25,"two-contract post-signal scalp: one contract exits at first target, one runner uses selected stop mode and runner target"
1,scaled_scalp_walk_forward_window=51:train_dates=20:holdout_dates=5,train,true,2026-01-15;2026-01-16;2026-01-19;2026-01-20;2026-01-21;2026-01-22;2026-01-23;2026-01-26;2026-01-27;2026-01-28;2026-01-29;2026-01-30;2026-02-02;2026-02-03;2026-02-04;2026-02-05;2026-02-06;2026-02-09;2026-02-10;2026-02-11,signal_scaled_scalp:strategy=vwap_delta_exhaustion_fade_2pt_10d_cl0.5:direction=all:first_target_points=4:stop_points=8:runner_target_points=10:runner_stop_mode=initial,vwap_delta_exhaustion_fade_2pt_10d_cl0.5,all,4,8,10,initial,165,165,165,42,120,79,34,10,0,85,0.51515152,16562.5,11282.5,68.37878788,53,112,"two-contract post-signal scalp: one contract exits at first target, one runner uses selected stop mode and runner target"
1,scaled_scalp_walk_forward_window=51:train_dates=20:holdout_dates=5,holdout,true,2026-02-12;2026-02-13;2026-02-16;2026-02-17;2026-02-18,signal_scaled_scalp:strategy=vwap_delta_exhaustion_fade_2pt_10d_cl0.5:direction=all:first_target_points=4:stop_points=8:runner_target_points=10:runner_stop_mode=initial,vwap_delta_exhaustion_fade_2pt_10d_cl0.5,all,4,8,10,initial,35,35,35,8,27,20,6,1,0,21,0.6,6712.5,5592.5,159.78571429,10,25,"two-contract post-signal scalp: one contract exits at first target, one runner uses selected stop mode and runner target"
1,scaled_scalp_walk_forward_window=56:train_dates=20:holdout_dates=5,train,true,2026-01-22;2026-01-23;2026-01-26;2026-01-27;2026-01-28;2026-01-29;2026-01-30;2026-02-02;2026-02-03;2026-02-04;2026-02-05;2026-02-06;2026-02-09;2026-02-10;2026-02-11;2026-02-12;2026-02-13;2026-02-16;2026-02-17;2026-02-18,signal_scaled_scalp:strategy=vwap_delta_exhaustion_fade_2pt_10d_cl0.5:direction=all:first_target_points=5:stop_points=10:runner_target_points=20:runner_stop_mode=initial,vwap_delta_exhaustion_fade_2pt_10d_cl0.5,all,5,10,20,initial,167,167,167,43,122,47,36,41,0,86,0.51497006,29075,23731,142.10179641,54,113,"two-contract post-signal scalp: one contract exits at first target, one runner uses selected stop mode and runner target"
1,scaled_scalp_walk_forward_window=56:train_dates=20:holdout_dates=5,holdout,true,2026-02-19;2026-02-20;2026-02-23;2026-02-24;2026-02-25,signal_scaled_scalp:strategy=vwap_delta_exhaustion_fade_2pt_10d_cl0.5:direction=all:first_target_points=5:stop_points=10:runner_target_points=20:runner_stop_mode=initial,vwap_delta_exhaustion_fade_2pt_10d_cl0.5,all,5,10,20,initial,48,48,48,16,28,9,11,12,0,16,0.33333333,-4637.5,-6173.5,-128.61458333,19,29,"two-contract post-signal scalp: one contract exits at first target, one runner uses selected stop mode and runner target"
1,scaled_scalp_walk_forward_window=61:train_dates=20:holdout_dates=5,train,true,2026-01-29;2026-01-30;2026-02-02;2026-02-03;2026-02-04;2026-02-05;2026-02-06;2026-02-09;2026-02-10;2026-02-11;2026-02-12;2026-02-13;2026-02-16;2026-02-17;2026-02-18;2026-02-19;2026-02-20;2026-02-23;2026-02-24;2026-02-25,signal_scaled_scalp:strategy=vwap_delta_exhaustion_fade_2pt_10d_cl0.5:direction=all:first_target_points=4:stop_points=10:runner_target_points=20:runner_stop_mode=initial,vwap_delta_exhaustion_fade_2pt_10d_cl0.5,all,4,10,20,initial,162,162,162,38,120,47,47,30,0,71,0.4382716,15687.5,10503.5,64.83641975,60,102,"two-contract post-signal scalp: one contract exits at first target, one runner uses selected stop mode and runner target"
1,scaled_scalp_walk_forward_window=61:train_dates=20:holdout_dates=5,holdout,true,2026-02-26;2026-02-27;2026-03-02;2026-03-03;2026-03-04,signal_scaled_scalp:strategy=vwap_delta_exhaustion_fade_2pt_10d_cl0.5:direction=all:first_target_points=4:stop_points=10:runner_target_points=20:runner_stop_mode=initial,vwap_delta_exhaustion_fade_2pt_10d_cl0.5,all,4,10,20,initial,50,50,50,9,41,20,18,3,0,23,0.46,10737.5,9137.5,182.75,15,35,"two-contract post-signal scalp: one contract exits at first target, one runner uses selected stop mode and runner target"
1,scaled_scalp_walk_forward_window=66:train_dates=20:holdout_dates=5,train,true,2026-02-05;2026-02-06;2026-02-09;2026-02-10;2026-02-11;2026-02-12;2026-02-13;2026-02-16;2026-02-17;2026-02-18;2026-02-19;2026-02-20;2026-02-23;2026-02-24;2026-02-25;2026-02-26;2026-02-27;2026-03-02;2026-03-03;2026-03-04,signal_scaled_scalp:strategy=vwap_delta_exhaustion_fade_2pt_10d_cl0.5:direction=all:first_target_points=5:stop_points=10:runner_target_points=20:runner_stop_mode=initial,vwap_delta_exhaustion_fade_2pt_10d_cl0.5,all,5,10,20,initial,171,171,171,40,125,58,46,27,0,78,0.45614035,31237.5,25765.5,150.6754386,57,114,"two-contract post-signal scalp: one contract exits at first target, one runner uses selected stop mode and runner target"
1,scaled_scalp_walk_forward_window=66:train_dates=20:holdout_dates=5,holdout,true,2026-03-05;2026-03-06;2026-03-09;2026-03-10;2026-03-11,signal_scaled_scalp:strategy=vwap_delta_exhaustion_fade_2pt_10d_cl0.5:direction=all:first_target_points=5:stop_points=10:runner_target_points=20:runner_stop_mode=initial,vwap_delta_exhaustion_fade_2pt_10d_cl0.5,all,5,10,20,initial,42,42,42,13,29,12,15,2,0,14,0.33333333,-637.5,-1981.5,-47.17857143,19,23,"two-contract post-signal scalp: one contract exits at first target, one runner uses selected stop mode and runner target"
1,scaled_scalp_walk_forward_window=71:train_dates=20:holdout_dates=5,train,true,2026-02-12;2026-02-13;2026-02-16;2026-02-17;2026-02-18;2026-02-19;2026-02-20;2026-02-23;2026-02-24;2026-02-25;2026-02-26;2026-02-27;2026-03-02;2026-03-03;2026-03-04;2026-03-05;2026-03-06;2026-03-09;2026-03-10;2026-03-11,signal_scaled_scalp:strategy=vwap_delta_exhaustion_fade_2pt_10d_cl0.5:direction=all:first_target_points=5:stop_points=10:runner_target_points=20:runner_stop_mode=initial,vwap_delta_exhaustion_fade_2pt_10d_cl0.5,all,5,10,20,initial,175,175,175,44,126,59,48,24,0,77,0.44,26537.5,20937.5,119.64285714,63,112,"two-contract post-signal scalp: one contract exits at first target, one runner uses selected stop mode and runner target"
1,scaled_scalp_walk_forward_window=71:train_dates=20:holdout_dates=5,holdout,true,2026-03-12;2026-03-13;2026-03-16;2026-03-17;2026-03-18,signal_scaled_scalp:strategy=vwap_delta_exhaustion_fade_2pt_10d_cl0.5:direction=all:first_target_points=5:stop_points=10:runner_target_points=20:runner_stop_mode=initial,vwap_delta_exhaustion_fade_2pt_10d_cl0.5,all,5,10,20,initial,42,42,42,12,29,7,18,5,0,11,0.26190476,-6700,-8044,-191.52380952,36,6,"two-contract post-signal scalp: one contract exits at first target, one runner uses selected stop mode and runner target"
1,scaled_scalp_walk_forward_window=76:train_dates=20:holdout_dates=5,train,true,2026-02-19;2026-02-20;2026-02-23;2026-02-24;2026-02-25;2026-02-26;2026-02-27;2026-03-02;2026-03-03;2026-03-04;2026-03-05;2026-03-06;2026-03-09;2026-03-10;2026-03-11;2026-03-12;2026-03-13;2026-03-16;2026-03-17;2026-03-18,signal_scaled_scalp:strategy=vwap_delta_exhaustion_fade_2pt_10d_cl0.5:direction=all:first_target_points=5:stop_points=6:runner_target_points=10:runner_stop_mode=initial,vwap_delta_exhaustion_fade_2pt_10d_cl0.5,all,5,6,10,initial,182,182,182,69,110,80,28,5,0,82,0.45054945,17787.5,11963.5,65.73351648,89,93,"two-contract post-signal scalp: one contract exits at first target, one runner uses selected stop mode and runner target"
1,scaled_scalp_walk_forward_window=76:train_dates=20:holdout_dates=5,holdout,true,2026-03-19;2026-03-20;2026-03-23;2026-03-24;2026-03-25,signal_scaled_scalp:strategy=vwap_delta_exhaustion_fade_2pt_10d_cl0.5:direction=all:first_target_points=5:stop_points=6:runner_target_points=10:runner_stop_mode=initial,vwap_delta_exhaustion_fade_2pt_10d_cl0.5,all,5,6,10,initial,49,49,49,17,32,22,10,0,0,22,0.44897959,5800,4232,86.36734694,22,27,"two-contract post-signal scalp: one contract exits at first target, one runner uses selected stop mode and runner target"
1,scaled_scalp_walk_forward_window=81:train_dates=20:holdout_dates=5,train,true,2026-02-26;2026-02-27;2026-03-02;2026-03-03;2026-03-04;2026-03-05;2026-03-06;2026-03-09;2026-03-10;2026-03-11;2026-03-12;2026-03-13;2026-03-16;2026-03-17;2026-03-18;2026-03-19;2026-03-20;2026-03-23;2026-03-24;2026-03-25,signal_scaled_scalp:strategy=vwap_delta_exhaustion_fade_2pt_10d_cl0.5:direction=all:first_target_points=5:stop_points=10:runner_target_points=10:runner_stop_mode=initial,vwap_delta_exhaustion_fade_2pt_10d_cl0.5,all,5,10,10,initial,183,183,183,46,135,103,28,6,0,106,0.57923497,25112.5,19256.5,105.22677596,92,91,"two-contract post-signal scalp: one contract exits at first target, one runner uses selected stop mode and runner target"
1,scaled_scalp_walk_forward_window=81:train_dates=20:holdout_dates=5,holdout,true,2026-03-26;2026-03-27;2026-03-30;2026-03-31;2026-04-01,signal_scaled_scalp:strategy=vwap_delta_exhaustion_fade_2pt_10d_cl0.5:direction=all:first_target_points=5:stop_points=10:runner_target_points=10:runner_stop_mode=initial,vwap_delta_exhaustion_fade_2pt_10d_cl0.5,all,5,10,10,initial,40,40,40,16,24,17,7,0,0,17,0.425,-5000,-6280,-157,22,18,"two-contract post-signal scalp: one contract exits at first target, one runner uses selected stop mode and runner target"
1,scaled_scalp_walk_forward_window=86:train_dates=20:holdout_dates=5,train,true,2026-03-05;2026-03-06;2026-03-09;2026-03-10;2026-03-11;2026-03-12;2026-03-13;2026-03-16;2026-03-17;2026-03-18;2026-03-19;2026-03-20;2026-03-23;2026-03-24;2026-03-25;2026-03-26;2026-03-27;2026-03-30;2026-03-31;2026-04-01,signal_scaled_scalp:strategy=vwap_delta_exhaustion_fade_2pt_10d_cl0.5:direction=all:first_target_points=4:stop_points=10:runner_target_points=6:runner_stop_mode=initial,vwap_delta_exhaustion_fade_2pt_10d_cl0.5,all,4,10,6,initial,173,173,173,42,130,114,15,2,0,115,0.66473988,10637.5,5101.5,29.48843931,99,74,"two-contract post-signal scalp: one contract exits at first target, one runner uses selected stop mode and runner target"
1,scaled_scalp_walk_forward_window=86:train_dates=20:holdout_dates=5,holdout,true,2026-04-02;2026-04-06;2026-04-07;2026-04-08;2026-04-09,signal_scaled_scalp:strategy=vwap_delta_exhaustion_fade_2pt_10d_cl0.5:direction=all:first_target_points=4:stop_points=10:runner_target_points=6:runner_stop_mode=initial,vwap_delta_exhaustion_fade_2pt_10d_cl0.5,all,4,10,6,initial,41,41,41,14,27,23,3,1,0,24,0.58536585,-3300,-4612,-112.48780488,12,29,"two-contract post-signal scalp: one contract exits at first target, one runner uses selected stop mode and runner target"
1,scaled_scalp_walk_forward_window=91:train_dates=20:holdout_dates=5,train,true,2026-03-12;2026-03-13;2026-03-16;2026-03-17;2026-03-18;2026-03-19;2026-03-20;2026-03-23;2026-03-24;2026-03-25;2026-03-26;2026-03-27;2026-03-30;2026-03-31;2026-04-01;2026-04-02;2026-04-06;2026-04-07;2026-04-08;2026-04-09,signal_scaled_scalp:strategy=vwap_delta_exhaustion_fade_2pt_10d_cl0.5:direction=all:first_target_points=3:stop_points=10:runner_target_points=20:runner_stop_mode=initial,vwap_delta_exhaustion_fade_2pt_10d_cl0.5,all,3,10,20,initial,172,172,172,35,136,57,67,13,0,67,0.38953488,9825,4321,25.12209302,92,80,"two-contract post-signal scalp: one contract exits at first target, one runner uses selected stop mode and runner target"
1,scaled_scalp_walk_forward_window=91:train_dates=20:holdout_dates=5,holdout,true,2026-04-10;2026-04-13;2026-04-14;2026-04-15;2026-04-16,signal_scaled_scalp:strategy=vwap_delta_exhaustion_fade_2pt_10d_cl0.5:direction=all:first_target_points=3:stop_points=10:runner_target_points=20:runner_stop_mode=initial,vwap_delta_exhaustion_fade_2pt_10d_cl0.5,all,3,10,20,initial,48,48,48,13,34,5,19,11,0,15,0.3125,-10950,-12486,-260.125,13,35,"two-contract post-signal scalp: one contract exits at first target, one runner uses selected stop mode and runner target"
1,scaled_scalp_walk_forward_window=96:train_dates=20:holdout_dates=5,train,true,2026-03-19;2026-03-20;2026-03-23;2026-03-24;2026-03-25;2026-03-26;2026-03-27;2026-03-30;2026-03-31;2026-04-01;2026-04-02;2026-04-06;2026-04-07;2026-04-08;2026-04-09;2026-04-10;2026-04-13;2026-04-14;2026-04-15;2026-04-16,signal_scaled_scalp:strategy=vwap_delta_exhaustion_fade_2pt_10d_cl0.5:direction=all:first_target_points=3:stop_points=10:runner_target_points=20:runner_stop_mode=initial,vwap_delta_exhaustion_fade_2pt_10d_cl0.5,all,3,10,20,initial,178,178,178,40,137,55,64,19,0,71,0.3988764,5875,179,1.00561798,69,109,"two-contract post-signal scalp: one contract exits at first target, one runner uses selected stop mode and runner target"
1,scaled_scalp_walk_forward_window=96:train_dates=20:holdout_dates=5,holdout,true,2026-04-17;2026-04-20;2026-04-21;2026-04-22;2026-04-23,signal_scaled_scalp:strategy=vwap_delta_exhaustion_fade_2pt_10d_cl0.5:direction=all:first_target_points=3:stop_points=10:runner_target_points=20:runner_stop_mode=initial,vwap_delta_exhaustion_fade_2pt_10d_cl0.5,all,3,10,20,initial,44,44,44,5,39,13,17,9,0,20,0.45454545,7950,6542,148.68181818,24,20,"two-contract post-signal scalp: one contract exits at first target, one runner uses selected stop mode and runner target"
1,scaled_scalp_walk_forward_window=101:train_dates=20:holdout_dates=5,train,true,2026-03-26;2026-03-27;2026-03-30;2026-03-31;2026-04-01;2026-04-02;2026-04-06;2026-04-07;2026-04-08;2026-04-09;2026-04-10;2026-04-13;2026-04-14;2026-04-15;2026-04-16;2026-04-17;2026-04-20;2026-04-21;2026-04-22;2026-04-23,signal_scaled_scalp:strategy=vwap_delta_exhaustion_fade_2pt_10d_cl0.5:direction=all:first_target_points=3:stop_points=5:runner_target_points=20:runner_stop_mode=initial,vwap_delta_exhaustion_fade_2pt_10d_cl0.5,all,3,5,20,initial,173,173,173,65,108,32,69,7,0,39,0.22543353,1000,-4536,-26.21965318,71,102,"two-contract post-signal scalp: one contract exits at first target, one runner uses selected stop mode and runner target"
1,scaled_scalp_walk_forward_window=101:train_dates=20:holdout_dates=5,holdout,true,2026-04-24;2026-04-27;2026-04-28;2026-04-29;2026-04-30,signal_scaled_scalp:strategy=vwap_delta_exhaustion_fade_2pt_10d_cl0.5:direction=all:first_target_points=3:stop_points=5:runner_target_points=20:runner_stop_mode=initial,vwap_delta_exhaustion_fade_2pt_10d_cl0.5,all,3,5,20,initial,59,59,59,21,38,8,28,2,0,10,0.16949153,-3550,-5438,-92.16949153,23,36,"two-contract post-signal scalp: one contract exits at first target, one runner uses selected stop mode and runner target"
1,scaled_scalp_walk_forward_window=106:train_dates=20:holdout_dates=5,train,true,2026-04-02;2026-04-06;2026-04-07;2026-04-08;2026-04-09;2026-04-10;2026-04-13;2026-04-14;2026-04-15;2026-04-16;2026-04-17;2026-04-20;2026-04-21;2026-04-22;2026-04-23;2026-04-24;2026-04-27;2026-04-28;2026-04-29;2026-04-30,signal_scaled_scalp:strategy=vwap_delta_exhaustion_fade_2pt_10d_cl0.5:direction=all:first_target_points=3:stop_points=10:runner_target_points=6:runner_stop_mode=initial,vwap_delta_exhaustion_fade_2pt_10d_cl0.5,all,3,10,6,initial,192,192,192,38,149,116,23,15,0,127,0.66145833,6912.5,768.5,4.00260417,72,120,"two-contract post-signal scalp: one contract exits at first target, one runner uses selected stop mode and runner target"
1,scaled_scalp_walk_forward_window=106:train_dates=20:holdout_dates=5,holdout,true,2026-05-01;2026-05-04;2026-05-05;2026-05-06;2026-05-07,signal_scaled_scalp:strategy=vwap_delta_exhaustion_fade_2pt_10d_cl0.5:direction=all:first_target_points=3:stop_points=10:runner_target_points=6:runner_stop_mode=initial,vwap_delta_exhaustion_fade_2pt_10d_cl0.5,all,3,10,6,initial,52,52,52,13,39,31,6,2,0,31,0.59615385,-1262.5,-2926.5,-56.27884615,26,26,"two-contract post-signal scalp: one contract exits at first target, one runner uses selected stop mode and runner target"
1,scaled_scalp_walk_forward_window=111:train_dates=20:holdout_dates=5,train,true,2026-04-10;2026-04-13;2026-04-14;2026-04-15;2026-04-16;2026-04-17;2026-04-20;2026-04-21;2026-04-22;2026-04-23;2026-04-24;2026-04-27;2026-04-28;2026-04-29;2026-04-30;2026-05-01;2026-05-04;2026-05-05;2026-05-06;2026-05-07,signal_scaled_scalp:strategy=vwap_delta_exhaustion_fade_2pt_10d_cl0.5:direction=all:first_target_points=5:stop_points=10:runner_target_points=8:runner_stop_mode=initial,vwap_delta_exhaustion_fade_2pt_10d_cl0.5,all,5,10,8,initial,203,203,203,58,132,109,18,18,0,119,0.5862069,8175,1679,8.27093596,86,117,"two-contract post-signal scalp: one contract exits at first target, one runner uses selected stop mode and runner target"
1,scaled_scalp_walk_forward_window=111:train_dates=20:holdout_dates=5,holdout,true,2026-05-08;2026-05-11;2026-05-12;2026-05-13;2026-05-14,signal_scaled_scalp:strategy=vwap_delta_exhaustion_fade_2pt_10d_cl0.5:direction=all:first_target_points=5:stop_points=10:runner_target_points=8:runner_stop_mode=initial,vwap_delta_exhaustion_fade_2pt_10d_cl0.5,all,5,10,8,initial,54,54,54,18,36,24,5,7,0,31,0.57407407,-2125,-3853,-71.35185185,11,43,"two-contract post-signal scalp: one contract exits at first target, one runner uses selected stop mode and runner target"
1,scaled_scalp_walk_forward_window=116:train_dates=20:holdout_dates=5,train,true,2026-04-17;2026-04-20;2026-04-21;2026-04-22;2026-04-23;2026-04-24;2026-04-27;2026-04-28;2026-04-29;2026-04-30;2026-05-01;2026-05-04;2026-05-05;2026-05-06;2026-05-07;2026-05-08;2026-05-11;2026-05-12;2026-05-13;2026-05-14,signal_scaled_scalp:strategy=vwap_delta_exhaustion_fade_2pt_10d_cl0.5:direction=all:first_target_points=5:stop_points=10:runner_target_points=10:runner_stop_mode=initial,vwap_delta_exhaustion_fade_2pt_10d_cl0.5,all,5,10,10,initial,209,209,209,57,141,100,24,28,0,121,0.57894737,14987.5,8299.5,39.71052632,84,125,"two-contract post-signal scalp: one contract exits at first target, one runner uses selected stop mode and runner target"
1,scaled_scalp_walk_forward_window=116:train_dates=20:holdout_dates=5,holdout,true,2026-05-15;2026-05-18;2026-05-19;2026-05-20;2026-05-21,signal_scaled_scalp:strategy=vwap_delta_exhaustion_fade_2pt_10d_cl0.5:direction=all:first_target_points=5:stop_points=10:runner_target_points=10:runner_stop_mode=initial,vwap_delta_exhaustion_fade_2pt_10d_cl0.5,all,5,10,10,initial,47,47,47,17,29,21,7,2,0,22,0.46808511,-2812.5,-4316.5,-91.84042553,18,29,"two-contract post-signal scalp: one contract exits at first target, one runner uses selected stop mode and runner target"
1,scaled_scalp_walk_forward_window=121:train_dates=20:holdout_dates=5,train,true,2026-04-24;2026-04-27;2026-04-28;2026-04-29;2026-04-30;2026-05-01;2026-05-04;2026-05-05;2026-05-06;2026-05-07;2026-05-08;2026-05-11;2026-05-12;2026-05-13;2026-05-14;2026-05-15;2026-05-18;2026-05-19;2026-05-20;2026-05-21,signal_scaled_scalp:strategy=vwap_delta_exhaustion_fade_2pt_10d_cl0.5:direction=all:first_target_points=2:stop_points=10:runner_target_points=6:runner_stop_mode=initial,vwap_delta_exhaustion_fade_2pt_10d_cl0.5,all,2,10,6,initial,212,212,212,34,176,126,35,17,0,132,0.62264151,2062.5,-4721.5,-22.27122642,78,134,"two-contract post-signal scalp: one contract exits at first target, one runner uses selected stop mode and runner target"
1,scaled_scalp_walk_forward_window=121:train_dates=20:holdout_dates=5,holdout,true,2026-05-22;2026-05-25;2026-05-26;2026-05-27;2026-05-28,signal_scaled_scalp:strategy=vwap_delta_exhaustion_fade_2pt_10d_cl0.5:direction=all:first_target_points=2:stop_points=10:runner_target_points=6:runner_stop_mode=initial,vwap_delta_exhaustion_fade_2pt_10d_cl0.5,all,2,10,6,initial,38,38,38,2,36,27,7,2,0,28,0.73684211,6325,5109,134.44736842,19,19,"two-contract post-signal scalp: one contract exits at first target, one runner uses selected stop mode and runner target"
1,scaled_scalp_walk_forward_window=126:train_dates=20:holdout_dates=5,train,true,2026-05-01;2026-05-04;2026-05-05;2026-05-06;2026-05-07;2026-05-08;2026-05-11;2026-05-12;2026-05-13;2026-05-14;2026-05-15;2026-05-18;2026-05-19;2026-05-20;2026-05-21;2026-05-22;2026-05-25;2026-05-26;2026-05-27;2026-05-28,signal_scaled_scalp:strategy=vwap_delta_exhaustion_fade_2pt_10d_cl0.5:direction=all:first_target_points=2:stop_points=10:runner_target_points=6:runner_stop_mode=initial,vwap_delta_exhaustion_fade_2pt_10d_cl0.5,all,2,10,6,initial,191,191,191,30,160,120,33,8,0,121,0.63350785,4412.5,-1699.5,-8.89790576,74,117,"two-contract post-signal scalp: one contract exits at first target, one runner uses selected stop mode and runner target"
1,scaled_scalp_walk_forward_window=126:train_dates=20:holdout_dates=5,holdout,true,2026-05-29;2026-06-01;2026-06-02;2026-06-03;2026-06-04,signal_scaled_scalp:strategy=vwap_delta_exhaustion_fade_2pt_10d_cl0.5:direction=all:first_target_points=2:stop_points=10:runner_target_points=6:runner_stop_mode=initial,vwap_delta_exhaustion_fade_2pt_10d_cl0.5,all,2,10,6,initial,40,40,40,2,36,28,8,2,0,28,0.7,4875,3595,89.875,14,26,"two-contract post-signal scalp: one contract exits at first target, one runner uses selected stop mode and runner target"
1,scaled_scalp_walk_forward_window=131:train_dates=20:holdout_dates=5,train,true,2026-05-08;2026-05-11;2026-05-12;2026-05-13;2026-05-14;2026-05-15;2026-05-18;2026-05-19;2026-05-20;2026-05-21;2026-05-22;2026-05-25;2026-05-26;2026-05-27;2026-05-28;2026-05-29;2026-06-01;2026-06-02;2026-06-03;2026-06-04,signal_scaled_scalp:strategy=vwap_delta_exhaustion_fade_2pt_10d_cl0.5:direction=all:first_target_points=5:stop_points=10:runner_target_points=6:runner_stop_mode=initial,vwap_delta_exhaustion_fade_2pt_10d_cl0.5,all,5,10,6,initial,179,179,179,51,124,117,3,8,0,121,0.67597765,11650,5922,33.08379888,62,117,"two-contract post-signal scalp: one contract exits at first target, one runner uses selected stop mode and runner target"
1,scaled_scalp_walk_forward_window=131:train_dates=20:holdout_dates=5,holdout,true,2026-06-05;2026-06-08;2026-06-09;2026-06-10;2026-06-11,signal_scaled_scalp:strategy=vwap_delta_exhaustion_fade_2pt_10d_cl0.5:direction=all:first_target_points=5:stop_points=10:runner_target_points=6:runner_stop_mode=initial,vwap_delta_exhaustion_fade_2pt_10d_cl0.5,all,5,10,6,initial,50,50,50,16,34,33,1,0,0,33,0.66,1900,300,6,36,14,"two-contract post-signal scalp: one contract exits at first target, one runner uses selected stop mode and runner target"
1,scaled_scalp_walk_forward_window=136:train_dates=20:holdout_dates=5,train,true,2026-05-15;2026-05-18;2026-05-19;2026-05-20;2026-05-21;2026-05-22;2026-05-25;2026-05-26;2026-05-27;2026-05-28;2026-05-29;2026-06-01;2026-06-02;2026-06-03;2026-06-04;2026-06-05;2026-06-08;2026-06-09;2026-06-10;2026-06-11,signal_scaled_scalp:strategy=vwap_delta_exhaustion_fade_2pt_10d_cl0.5:direction=all:first_target_points=5:stop_points=10:runner_target_points=6:runner_stop_mode=initial,vwap_delta_exhaustion_fade_2pt_10d_cl0.5,all,5,10,6,initial,175,175,175,49,122,117,4,5,0,118,0.67428571,13200,7600,43.42857143,87,88,"two-contract post-signal scalp: one contract exits at first target, one runner uses selected stop mode and runner target"
1,scaled_scalp_walk_forward_window=136:train_dates=20:holdout_dates=5,holdout,true,2026-06-12;2026-06-15;2026-06-16;2026-06-17;2026-06-18,signal_scaled_scalp:strategy=vwap_delta_exhaustion_fade_2pt_10d_cl0.5:direction=all:first_target_points=5:stop_points=10:runner_target_points=6:runner_stop_mode=initial,vwap_delta_exhaustion_fade_2pt_10d_cl0.5,all,5,10,6,initial,48,48,48,18,30,29,1,0,0,29,0.60416667,-2300,-3836,-79.91666667,19,29,"two-contract post-signal scalp: one contract exits at first target, one runner uses selected stop mode and runner target"
1,scaled_scalp_walk_forward_window=141:train_dates=20:holdout_dates=5,train,true,2026-05-22;2026-05-25;2026-05-26;2026-05-27;2026-05-28;2026-05-29;2026-06-01;2026-06-02;2026-06-03;2026-06-04;2026-06-05;2026-06-08;2026-06-09;2026-06-10;2026-06-11;2026-06-12;2026-06-15;2026-06-16;2026-06-17;2026-06-18,signal_scaled_scalp:strategy=vwap_delta_exhaustion_fade_2pt_10d_cl0.5:direction=all:first_target_points=5:stop_points=6:runner_target_points=10:runner_stop_mode=initial,vwap_delta_exhaustion_fade_2pt_10d_cl0.5,all,5,6,10,initial,176,176,176,69,106,76,24,7,0,82,0.46590909,16612.5,10980.5,62.38920455,88,88,"two-contract post-signal scalp: one contract exits at first target, one runner uses selected stop mode and runner target"
1,scaled_scalp_walk_forward_window=141:train_dates=20:holdout_dates=5,holdout,true,2026-06-19;2026-06-22;2026-06-23;2026-06-24;2026-06-25,signal_scaled_scalp:strategy=vwap_delta_exhaustion_fade_2pt_10d_cl0.5:direction=all:first_target_points=5:stop_points=6:runner_target_points=10:runner_stop_mode=initial,vwap_delta_exhaustion_fade_2pt_10d_cl0.5,all,5,6,10,initial,38,38,38,16,22,14,6,2,0,16,0.42105263,1850,634,16.68421053,24,14,"two-contract post-signal scalp: one contract exits at first target, one runner uses selected stop mode and runner target"
1,scaled_scalp_walk_forward_window=1:train_dates=20:holdout_dates=5,train,true,2025-11-03;2025-11-04;2025-11-05;2025-11-06;2025-11-07;2025-11-10;2025-11-11;2025-11-12;2025-11-13;2025-11-14;2025-11-17;2025-11-18;2025-11-19;2025-11-20;2025-11-21;2025-11-24;2025-11-25;2025-11-26;2025-11-27;2025-11-28,signal_scaled_scalp:strategy=opening_range_sweep_fade_30m_0.5pt:direction=all:first_target_points=5:stop_points=10:runner_target_points=20:runner_stop_mode=initial,opening_range_sweep_fade_30m_0.5pt,all,5,10,20,initial,57,57,57,15,39,21,15,6,0,27,0.47368421,10000,8176,143.43859649,37,20,"two-contract post-signal scalp: one contract exits at first target, one runner uses selected stop mode and runner target"
1,scaled_scalp_walk_forward_window=1:train_dates=20:holdout_dates=5,holdout,true,2025-12-01;2025-12-02;2025-12-03;2025-12-04;2025-12-05,signal_scaled_scalp:strategy=opening_range_sweep_fade_30m_0.5pt:direction=all:first_target_points=5:stop_points=10:runner_target_points=20:runner_stop_mode=initial,opening_range_sweep_fade_30m_0.5pt,all,5,10,20,initial,20,20,20,1,19,3,8,8,0,11,0.55,4887.5,4247.5,212.375,13,7,"two-contract post-signal scalp: one contract exits at first target, one runner uses selected stop mode and runner target"
1,scaled_scalp_walk_forward_window=6:train_dates=20:holdout_dates=5,train,true,2025-11-10;2025-11-11;2025-11-12;2025-11-13;2025-11-14;2025-11-17;2025-11-18;2025-11-19;2025-11-20;2025-11-21;2025-11-24;2025-11-25;2025-11-26;2025-11-27;2025-11-28;2025-12-01;2025-12-02;2025-12-03;2025-12-04;2025-12-05,signal_scaled_scalp:strategy=opening_range_sweep_fade_30m_0.5pt:direction=all:first_target_points=5:stop_points=10:runner_target_points=6:runner_stop_mode=initial,opening_range_sweep_fade_30m_0.5pt,all,5,10,6,initial,61,61,61,13,45,44,1,3,0,47,0.7704918,11525,9573,156.93442623,40,21,"two-contract post-signal scalp: one contract exits at first target, one runner uses selected stop mode and runner target"
1,scaled_scalp_walk_forward_window=6:train_dates=20:holdout_dates=5,holdout,true,2025-12-08;2025-12-09;2025-12-10;2025-12-11;2025-12-15,signal_scaled_scalp:strategy=opening_range_sweep_fade_30m_0.5pt:direction=all:first_target_points=5:stop_points=10:runner_target_points=6:runner_stop_mode=initial,opening_range_sweep_fade_30m_0.5pt,all,5,10,6,initial,14,14,14,4,10,10,0,0,0,10,0.71428571,1500,1052,75.14285714,4,10,"two-contract post-signal scalp: one contract exits at first target, one runner uses selected stop mode and runner target"
1,scaled_scalp_walk_forward_window=11:train_dates=20:holdout_dates=5,train,true,2025-11-17;2025-11-18;2025-11-19;2025-11-20;2025-11-21;2025-11-24;2025-11-25;2025-11-26;2025-11-27;2025-11-28;2025-12-01;2025-12-02;2025-12-03;2025-12-04;2025-12-05;2025-12-08;2025-12-09;2025-12-10;2025-12-11;2025-12-15,signal_scaled_scalp:strategy=opening_range_sweep_fade_30m_0.5pt:direction=all:first_target_points=5:stop_points=10:runner_target_points=6:runner_stop_mode=initial,opening_range_sweep_fade_30m_0.5pt,all,5,10,6,initial,62,62,62,12,47,46,1,3,0,49,0.79032258,13625,11641,187.75806452,33,29,"two-contract post-signal scalp: one contract exits at first target, one runner uses selected stop mode and runner target"
1,scaled_scalp_walk_forward_window=11:train_dates=20:holdout_dates=5,holdout,true,2025-12-16;2025-12-18;2025-12-19;2025-12-22;2025-12-26,signal_scaled_scalp:strategy=opening_range_sweep_fade_30m_0.5pt:direction=all:first_target_points=5:stop_points=10:runner_target_points=6:runner_stop_mode=initial,opening_range_sweep_fade_30m_0.5pt,all,5,10,6,initial,31,31,31,10,14,13,1,7,0,13,0.41935484,-4925,-5917,-190.87096774,21,10,"two-contract post-signal scalp: one contract exits at first target, one runner uses selected stop mode and runner target"
1,scaled_scalp_walk_forward_window=16:train_dates=20:holdout_dates=5,train,true,2025-11-24;2025-11-25;2025-11-26;2025-11-27;2025-11-28;2025-12-01;2025-12-02;2025-12-03;2025-12-04;2025-12-05;2025-12-08;2025-12-09;2025-12-10;2025-12-11;2025-12-15;2025-12-16;2025-12-18;2025-12-19;2025-12-22;2025-12-26,signal_scaled_scalp:strategy=opening_range_sweep_fade_30m_0.5pt:direction=all:first_target_points=5:stop_points=10:runner_target_points=6:runner_stop_mode=initial,opening_range_sweep_fade_30m_0.5pt,all,5,10,6,initial,72,72,72,16,46,44,2,10,0,47,0.65277778,6450,4146,57.58333333,42,30,"two-contract post-signal scalp: one contract exits at first target, one runner uses selected stop mode and runner target"
1,scaled_scalp_walk_forward_window=16:train_dates=20:holdout_dates=5,holdout,true,2025-12-29;2025-12-30;2025-12-31;2026-01-02;2026-01-05,signal_scaled_scalp:strategy=opening_range_sweep_fade_30m_0.5pt:direction=all:first_target_points=5:stop_points=10:runner_target_points=6:runner_stop_mode=initial,opening_range_sweep_fade_30m_0.5pt,all,5,10,6,initial,18,18,18,8,9,9,0,1,0,9,0.5,-3100,-3676,-204.22222222,14,4,"two-contract post-signal scalp: one contract exits at first target, one runner uses selected stop mode and runner target"
1,scaled_scalp_walk_forward_window=21:train_dates=20:holdout_dates=5,train,true,2025-12-01;2025-12-02;2025-12-03;2025-12-04;2025-12-05;2025-12-08;2025-12-09;2025-12-10;2025-12-11;2025-12-15;2025-12-16;2025-12-18;2025-12-19;2025-12-22;2025-12-26;2025-12-29;2025-12-30;2025-12-31;2026-01-02;2026-01-05,signal_scaled_scalp:strategy=opening_range_sweep_fade_30m_0.5pt:direction=all:first_target_points=5:stop_points=4:runner_target_points=6:runner_stop_mode=initial,opening_range_sweep_fade_30m_0.5pt,all,5,4,6,initial,83,83,83,40,39,37,2,4,0,39,0.46987952,3850,1194,14.38554217,52,31,"two-contract post-signal scalp: one contract exits at first target, one runner uses selected stop mode and runner target"
1,scaled_scalp_walk_forward_window=21:train_dates=20:holdout_dates=5,holdout,true,2026-01-06;2026-01-07;2026-01-08;2026-01-09;2026-01-12,signal_scaled_scalp:strategy=opening_range_sweep_fade_30m_0.5pt:direction=all:first_target_points=5:stop_points=4:runner_target_points=6:runner_stop_mode=initial,opening_range_sweep_fade_30m_0.5pt,all,5,4,6,initial,20,20,20,12,8,7,1,0,0,8,0.4,-900,-1540,-77,5,15,"two-contract post-signal scalp: one contract exits at first target, one runner uses selected stop mode and runner target"
1,scaled_scalp_walk_forward_window=26:train_dates=20:holdout_dates=5,train,true,2025-12-08;2025-12-09;2025-12-10;2025-12-11;2025-12-15;2025-12-16;2025-12-18;2025-12-19;2025-12-22;2025-12-26;2025-12-29;2025-12-30;2025-12-31;2026-01-02;2026-01-05;2026-01-06;2026-01-07;2026-01-08;2026-01-09;2026-01-12,signal_scaled_scalp:strategy=opening_range_sweep_fade_30m_0.5pt:direction=all:first_target_points=3:stop_points=4:runner_target_points=15:runner_stop_mode=initial,opening_range_sweep_fade_30m_0.5pt,all,3,4,15,initial,83,83,83,36,43,16,25,6,0,18,0.21686747,-1125,-3781,-45.55421687,44,39,"two-contract post-signal scalp: one contract exits at first target, one runner uses selected stop mode and runner target"
1,scaled_scalp_walk_forward_window=26:train_dates=20:holdout_dates=5,holdout,true,2026-01-13;2026-01-14;2026-01-15;2026-01-16;2026-01-19,signal_scaled_scalp:strategy=opening_range_sweep_fade_30m_0.5pt:direction=all:first_target_points=3:stop_points=4:runner_target_points=15:runner_stop_mode=initial,opening_range_sweep_fade_30m_0.5pt,all,3,4,15,initial,20,20,20,5,15,6,9,0,0,6,0.3,2950,2310,115.5,11,9,"two-contract post-signal scalp: one contract exits at first target, one runner uses selected stop mode and runner target"
1,scaled_scalp_walk_forward_window=31:train_dates=20:holdout_dates=5,train,true,2025-12-16;2025-12-18;2025-12-19;2025-12-22;2025-12-26;2025-12-29;2025-12-30;2025-12-31;2026-01-02;2026-01-05;2026-01-06;2026-01-07;2026-01-08;2026-01-09;2026-01-12;2026-01-13;2026-01-14;2026-01-15;2026-01-16;2026-01-19,signal_scaled_scalp:strategy=opening_range_sweep_fade_30m_0.5pt:direction=all:first_target_points=3:stop_points=4:runner_target_points=15:runner_stop_mode=initial,opening_range_sweep_fade_30m_0.5pt,all,3,4,15,initial,89,89,89,35,50,18,30,6,0,20,0.2247191,825,-2023,-22.73033708,51,38,"two-contract post-signal scalp: one contract exits at first target, one runner uses selected stop mode and runner target"
1,scaled_scalp_walk_forward_window=31:train_dates=20:holdout_dates=5,holdout,true,2026-01-20;2026-01-21;2026-01-22;2026-01-23;2026-01-26,signal_scaled_scalp:strategy=opening_range_sweep_fade_30m_0.5pt:direction=all:first_target_points=3:stop_points=4:runner_target_points=15:runner_stop_mode=initial,opening_range_sweep_fade_30m_0.5pt,all,3,4,15,initial,24,24,24,11,13,7,6,0,0,7,0.29166667,1600,832,34.66666667,7,17,"two-contract post-signal scalp: one contract exits at first target, one runner uses selected stop mode and runner target"
1,scaled_scalp_walk_forward_window=36:train_dates=20:holdout_dates=5,train,true,2025-12-29;2025-12-30;2025-12-31;2026-01-02;2026-01-05;2026-01-06;2026-01-07;2026-01-08;2026-01-09;2026-01-12;2026-01-13;2026-01-14;2026-01-15;2026-01-16;2026-01-19;2026-01-20;2026-01-21;2026-01-22;2026-01-23;2026-01-26,signal_scaled_scalp:strategy=opening_range_sweep_fade_30m_0.5pt:direction=all:first_target_points=3:stop_points=5:runner_target_points=15:runner_stop_mode=initial,opening_range_sweep_fade_30m_0.5pt,all,3,5,15,initial,82,82,82,27,55,24,28,3,0,27,0.32926829,6137.5,3513.5,42.84756098,37,45,"two-contract post-signal scalp: one contract exits at first target, one runner uses selected stop mode and runner target"
1,scaled_scalp_walk_forward_window=36:train_dates=20:holdout_dates=5,holdout,true,2026-01-27;2026-01-28;2026-01-29;2026-01-30;2026-02-04,signal_scaled_scalp:strategy=opening_range_sweep_fade_30m_0.5pt:direction=all:first_target_points=3:stop_points=5:runner_target_points=15:runner_stop_mode=initial,opening_range_sweep_fade_30m_0.5pt,all,3,5,15,initial,19,19,19,9,10,7,3,0,0,7,0.36842105,1500,892,46.94736842,14,5,"two-contract post-signal scalp: one contract exits at first target, one runner uses selected stop mode and runner target"
1,scaled_scalp_walk_forward_window=41:train_dates=20:holdout_dates=5,train,true,2026-01-06;2026-01-07;2026-01-08;2026-01-09;2026-01-12;2026-01-13;2026-01-14;2026-01-15;2026-01-16;2026-01-19;2026-01-20;2026-01-21;2026-01-22;2026-01-23;2026-01-26;2026-01-27;2026-01-28;2026-01-29;2026-01-30;2026-02-04,signal_scaled_scalp:strategy=opening_range_sweep_fade_30m_0.5pt:direction=all:first_target_points=3:stop_points=10:runner_target_points=15:runner_stop_mode=initial,opening_range_sweep_fade_30m_0.5pt,all,3,10,15,initial,83,83,83,13,68,37,28,5,0,39,0.46987952,9800,7144,86.07228916,37,46,"two-contract post-signal scalp: one contract exits at first target, one runner uses selected stop mode and runner target"
1,scaled_scalp_walk_forward_window=41:train_dates=20:holdout_dates=5,holdout,true,2026-02-05;2026-02-06;2026-02-09;2026-02-10;2026-02-11,signal_scaled_scalp:strategy=opening_range_sweep_fade_30m_0.5pt:direction=all:first_target_points=3:stop_points=10:runner_target_points=15:runner_stop_mode=initial,opening_range_sweep_fade_30m_0.5pt,all,3,10,15,initial,17,17,17,4,13,7,6,0,0,7,0.41176471,200,-344,-20.23529412,13,4,"two-contract post-signal scalp: one contract exits at first target, one runner uses selected stop mode and runner target"
1,scaled_scalp_walk_forward_window=46:train_dates=20:holdout_dates=5,train,true,2026-01-13;2026-01-14;2026-01-15;2026-01-16;2026-01-19;2026-01-20;2026-01-21;2026-01-22;2026-01-23;2026-01-26;2026-01-27;2026-01-28;2026-01-29;2026-01-30;2026-02-04;2026-02-05;2026-02-06;2026-02-09;2026-02-10;2026-02-11,signal_scaled_scalp:strategy=opening_range_sweep_fade_30m_0.5pt:direction=all:first_target_points=3:stop_points=10:runner_target_points=20:runner_stop_mode=initial,opening_range_sweep_fade_30m_0.5pt,all,3,10,20,initial,80,80,80,13,66,32,30,5,0,35,0.4375,14187.5,11627.5,145.34375,45,35,"two-contract post-signal scalp: one contract exits at first target, one runner uses selected stop mode and runner target"
1,scaled_scalp_walk_forward_window=46:train_dates=20:holdout_dates=5,holdout,true,2026-02-12;2026-02-13;2026-02-16;2026-02-17;2026-02-18,signal_scaled_scalp:strategy=opening_range_sweep_fade_30m_0.5pt:direction=all:first_target_points=3:stop_points=10:runner_target_points=20:runner_stop_mode=initial,opening_range_sweep_fade_30m_0.5pt,all,3,10,20,initial,18,18,18,3,15,7,3,5,0,12,0.66666667,6375,5799,322.16666667,7,11,"two-contract post-signal scalp: one contract exits at first target, one runner uses selected stop mode and runner target"
1,scaled_scalp_walk_forward_window=51:train_dates=20:holdout_dates=5,train,true,2026-01-20;2026-01-21;2026-01-22;2026-01-23;2026-01-26;2026-01-27;2026-01-28;2026-01-29;2026-01-30;2026-02-04;2026-02-05;2026-02-06;2026-02-09;2026-02-10;2026-02-11;2026-02-12;2026-02-13;2026-02-16;2026-02-17;2026-02-18,signal_scaled_scalp:strategy=opening_range_sweep_fade_30m_0.5pt:direction=all:first_target_points=3:stop_points=10:runner_target_points=20:runner_stop_mode=initial,opening_range_sweep_fade_30m_0.5pt,all,3,10,20,initial,78,78,78,15,62,31,25,7,0,38,0.48717949,14575,12079,154.85897436,41,37,"two-contract post-signal scalp: one contract exits at first target, one runner uses selected stop mode and runner target"
1,scaled_scalp_walk_forward_window=51:train_dates=20:holdout_dates=5,holdout,true,2026-02-19;2026-02-20;2026-02-24;2026-02-25;2026-02-27,signal_scaled_scalp:strategy=opening_range_sweep_fade_30m_0.5pt:direction=all:first_target_points=3:stop_points=10:runner_target_points=20:runner_stop_mode=initial,opening_range_sweep_fade_30m_0.5pt,all,3,10,20,initial,17,17,17,5,12,5,7,0,0,5,0.29411765,-1700,-2244,-132,4,13,"two-contract post-signal scalp: one contract exits at first target, one runner uses selected stop mode and runner target"
1,scaled_scalp_walk_forward_window=56:train_dates=20:holdout_dates=5,train,true,2026-01-27;2026-01-28;2026-01-29;2026-01-30;2026-02-04;2026-02-05;2026-02-06;2026-02-09;2026-02-10;2026-02-11;2026-02-12;2026-02-13;2026-02-16;2026-02-17;2026-02-18;2026-02-19;2026-02-20;2026-02-24;2026-02-25;2026-02-27,signal_scaled_scalp:strategy=opening_range_sweep_fade_30m_0.5pt:direction=all:first_target_points=5:stop_points=10:runner_target_points=20:runner_stop_mode=initial,opening_range_sweep_fade_30m_0.5pt,all,5,10,20,initial,71,71,71,20,50,25,19,7,0,32,0.45070423,9775,7503,105.67605634,38,33,"two-contract post-signal scalp: one contract exits at first target, one runner uses selected stop mode and runner target"
1,scaled_scalp_walk_forward_window=56:train_dates=20:holdout_dates=5,holdout,true,2026-03-02;2026-03-03;2026-03-04;2026-03-05;2026-03-06,signal_scaled_scalp:strategy=opening_range_sweep_fade_30m_0.5pt:direction=all:first_target_points=5:stop_points=10:runner_target_points=20:runner_stop_mode=initial,opening_range_sweep_fade_30m_0.5pt,all,5,10,20,initial,18,18,18,11,7,3,4,0,0,3,0.16666667,-8250,-8826,-490.33333333,5,13,"two-contract post-signal scalp: one contract exits at first target, one runner uses selected stop mode and runner target"
1,scaled_scalp_walk_forward_window=61:train_dates=20:holdout_dates=5,train,true,2026-02-05;2026-02-06;2026-02-09;2026-02-10;2026-02-11;2026-02-12;2026-02-13;2026-02-16;2026-02-17;2026-02-18;2026-02-19;2026-02-20;2026-02-24;2026-02-25;2026-02-27;2026-03-02;2026-03-03;2026-03-04;2026-03-05;2026-03-06,signal_scaled_scalp:strategy=opening_range_sweep_fade_30m_0.5pt:direction=all:first_target_points=3:stop_points=10:runner_target_points=20:runner_stop_mode=initial,opening_range_sweep_fade_30m_0.5pt,all,3,10,20,initial,70,70,70,17,53,20,28,5,0,25,0.35714286,-1425,-3665,-52.35714286,29,41,"two-contract post-signal scalp: one contract exits at first target, one runner uses selected stop mode and runner target"
1,scaled_scalp_walk_forward_window=61:train_dates=20:holdout_dates=5,holdout,true,2026-03-09;2026-03-10;2026-03-11;2026-03-12;2026-03-13,signal_scaled_scalp:strategy=opening_range_sweep_fade_30m_0.5pt:direction=all:first_target_points=3:stop_points=10:runner_target_points=20:runner_stop_mode=initial,opening_range_sweep_fade_30m_0.5pt,all,3,10,20,initial,22,22,22,7,15,8,7,0,0,8,0.36363636,-250,-954,-43.36363636,15,7,"two-contract post-signal scalp: one contract exits at first target, one runner uses selected stop mode and runner target"
1,scaled_scalp_walk_forward_window=66:train_dates=20:holdout_dates=5,train,true,2026-02-12;2026-02-13;2026-02-16;2026-02-17;2026-02-18;2026-02-19;2026-02-20;2026-02-24;2026-02-25;2026-02-27;2026-03-02;2026-03-03;2026-03-04;2026-03-05;2026-03-06;2026-03-09;2026-03-10;2026-03-11;2026-03-12;2026-03-13,signal_scaled_scalp:strategy=opening_range_sweep_fade_30m_0.5pt:direction=all:first_target_points=3:stop_points=10:runner_target_points=20:runner_stop_mode=initial,opening_range_sweep_fade_30m_0.5pt,all,3,10,20,initial,75,75,75,20,55,23,27,5,0,28,0.37333333,-625,-3025,-40.33333333,31,44,"two-contract post-signal scalp: one contract exits at first target, one runner uses selected stop mode and runner target"
1,scaled_scalp_walk_forward_window=66:train_dates=20:holdout_dates=5,holdout,true,2026-03-16;2026-03-17;2026-03-19;2026-03-20;2026-03-23,signal_scaled_scalp:strategy=opening_range_sweep_fade_30m_0.5pt:direction=all:first_target_points=3:stop_points=10:runner_target_points=20:runner_stop_mode=initial,opening_range_sweep_fade_30m_0.5pt,all,3,10,20,initial,23,23,23,5,18,7,11,0,0,7,0.30434783,-800,-1536,-66.7826087,14,9,"two-contract post-signal scalp: one contract exits at first target, one runner uses selected stop mode and runner target"
1,scaled_scalp_walk_forward_window=71:train_dates=20:holdout_dates=5,train,true,2026-02-19;2026-02-20;2026-02-24;2026-02-25;2026-02-27;2026-03-02;2026-03-03;2026-03-04;2026-03-05;2026-03-06;2026-03-09;2026-03-10;2026-03-11;2026-03-12;2026-03-13;2026-03-16;2026-03-17;2026-03-19;2026-03-20;2026-03-23,signal_scaled_scalp:strategy=opening_range_sweep_fade_30m_0.5pt:direction=all:first_target_points=4:stop_points=4:runner_target_points=20:runner_stop_mode=initial,opening_range_sweep_fade_30m_0.5pt,all,4,4,20,initial,80,80,80,50,30,12,18,0,0,12,0.15,-5600,-8160,-102,38,42,"two-contract post-signal scalp: one contract exits at first target, one runner uses selected stop mode and runner target"
1,scaled_scalp_walk_forward_window=71:train_dates=20:holdout_dates=5,holdout,true,2026-03-24;2026-03-25;2026-03-26;2026-03-27;2026-03-31,signal_scaled_scalp:strategy=opening_range_sweep_fade_30m_0.5pt:direction=all:first_target_points=4:stop_points=4:runner_target_points=20:runner_stop_mode=initial,opening_range_sweep_fade_30m_0.5pt,all,4,4,20,initial,19,19,19,8,11,3,8,0,0,3,0.15789474,400,-208,-10.94736842,10,9,"two-contract post-signal scalp: one contract exits at first target, one runner uses selected stop mode and runner target"
1,scaled_scalp_walk_forward_window=76:train_dates=20:holdout_dates=5,train,true,2026-03-02;2026-03-03;2026-03-04;2026-03-05;2026-03-06;2026-03-09;2026-03-10;2026-03-11;2026-03-12;2026-03-13;2026-03-16;2026-03-17;2026-03-19;2026-03-20;2026-03-23;2026-03-24;2026-03-25;2026-03-26;2026-03-27;2026-03-31,signal_scaled_scalp:strategy=opening_range_sweep_fade_30m_0.5pt:direction=all:first_target_points=3:stop_points=10:runner_target_points=20:runner_stop_mode=initial,opening_range_sweep_fade_30m_0.5pt,all,3,10,20,initial,82,82,82,21,61,28,31,2,0,30,0.36585366,812.5,-1811.5,-22.09146341,44,38,"two-contract post-signal scalp: one contract exits at first target, one runner uses selected stop mode and runner target"
1,scaled_scalp_walk_forward_window=76:train_dates=20:holdout_dates=5,holdout,true,2026-04-01;2026-04-02;2026-04-06;2026-04-07;2026-04-08,signal_scaled_scalp:strategy=opening_range_sweep_fade_30m_0.5pt:direction=all:first_target_points=3:stop_points=10:runner_target_points=20:runner_stop_mode=initial,opening_range_sweep_fade_30m_0.5pt,all,3,10,20,initial,13,13,13,4,9,5,4,0,0,5,0.38461538,350,-66,-5.07692308,6,7,"two-contract post-signal scalp: one contract exits at first target, one runner uses selected stop mode and runner target"
1,scaled_scalp_walk_forward_window=81:train_dates=20:holdout_dates=5,train,true,2026-03-09;2026-03-10;2026-03-11;2026-03-12;2026-03-13;2026-03-16;2026-03-17;2026-03-19;2026-03-20;2026-03-23;2026-03-24;2026-03-25;2026-03-26;2026-03-27;2026-03-31;2026-04-01;2026-04-02;2026-04-06;2026-04-07;2026-04-08,signal_scaled_scalp:strategy=opening_range_sweep_fade_30m_0.5pt:direction=all:first_target_points=2:stop_points=10:runner_target_points=20:runner_stop_mode=initial,opening_range_sweep_fade_30m_0.5pt,all,2,10,20,initial,77,77,77,15,62,30,30,2,0,32,0.41558442,6362.5,3898.5,50.62987013,45,32,"two-contract post-signal scalp: one contract exits at first target, one runner uses selected stop mode and runner target"
1,scaled_scalp_walk_forward_window=81:train_dates=20:holdout_dates=5,holdout,true,2026-04-09;2026-04-10;2026-04-13;2026-04-15;2026-04-16,signal_scaled_scalp:strategy=opening_range_sweep_fade_30m_0.5pt:direction=all:first_target_points=2:stop_points=10:runner_target_points=20:runner_stop_mode=initial,opening_range_sweep_fade_30m_0.5pt,all,2,10,20,initial,16,16,16,3,13,4,8,1,0,4,0.25,-1887.5,-2399.5,-149.96875,4,12,"two-contract post-signal scalp: one contract exits at first target, one runner uses selected stop mode and runner target"
1,scaled_scalp_walk_forward_window=86:train_dates=20:holdout_dates=5,train,true,2026-03-16;2026-03-17;2026-03-19;2026-03-20;2026-03-23;2026-03-24;2026-03-25;2026-03-26;2026-03-27;2026-03-31;2026-04-01;2026-04-02;2026-04-06;2026-04-07;2026-04-08;2026-04-09;2026-04-10;2026-04-13;2026-04-15;2026-04-16,signal_scaled_scalp:strategy=opening_range_sweep_fade_30m_0.5pt:direction=all:first_target_points=4:stop_points=10:runner_target_points=20:runner_stop_mode=initial,opening_range_sweep_fade_30m_0.5pt,all,4,10,20,initial,71,71,71,20,51,26,22,3,0,28,0.3943662,5175,2903,40.88732394,34,37,"two-contract post-signal scalp: one contract exits at first target, one runner uses selected stop mode and runner target"
1,scaled_scalp_walk_forward_window=86:train_dates=20:holdout_dates=5,holdout,true,2026-04-20;2026-04-21;2026-04-22;2026-04-23;2026-04-24,signal_scaled_scalp:strategy=opening_range_sweep_fade_30m_0.5pt:direction=all:first_target_points=4:stop_points=10:runner_target_points=20:runner_stop_mode=initial,opening_range_sweep_fade_30m_0.5pt,all,4,10,20,initial,17,17,17,8,9,3,3,3,0,6,0.35294118,-4112.5,-4656.5,-273.91176471,8,9,"two-contract post-signal scalp: one contract exits at first target, one runner uses selected stop mode and runner target"
1,scaled_scalp_walk_forward_window=91:train_dates=20:holdout_dates=5,train,true,2026-03-24;2026-03-25;2026-03-26;2026-03-27;2026-03-31;2026-04-01;2026-04-02;2026-04-06;2026-04-07;2026-04-08;2026-04-09;2026-04-10;2026-04-13;2026-04-15;2026-04-16;2026-04-20;2026-04-21;2026-04-22;2026-04-23;2026-04-24,signal_scaled_scalp:strategy=opening_range_sweep_fade_30m_0.5pt:direction=all:first_target_points=5:stop_points=10:runner_target_points=20:runner_stop_mode=initial,opening_range_sweep_fade_30m_0.5pt,all,5,10,20,initial,65,65,65,23,42,22,14,6,0,28,0.43076923,3062.5,982.5,15.11538462,28,37,"two-contract post-signal scalp: one contract exits at first target, one runner uses selected stop mode and runner target"
1,scaled_scalp_walk_forward_window=91:train_dates=20:holdout_dates=5,holdout,true,2026-04-27;2026-04-28;2026-04-29;2026-04-30;2026-05-01,signal_scaled_scalp:strategy=opening_range_sweep_fade_30m_0.5pt:direction=all:first_target_points=5:stop_points=10:runner_target_points=20:runner_stop_mode=initial,opening_range_sweep_fade_30m_0.5pt,all,5,10,20,initial,19,19,19,1,18,7,10,1,0,8,0.42105263,6037.5,5429.5,285.76315789,10,9,"two-contract post-signal scalp: one contract exits at first target, one runner uses selected stop mode and runner target"
1,scaled_scalp_walk_forward_window=96:train_dates=20:holdout_dates=5,train,true,2026-04-01;2026-04-02;2026-04-06;2026-04-07;2026-04-08;2026-04-09;2026-04-10;2026-04-13;2026-04-15;2026-04-16;2026-04-20;2026-04-21;2026-04-22;2026-04-23;2026-04-24;2026-04-27;2026-04-28;2026-04-29;2026-04-30;2026-05-01,signal_scaled_scalp:strategy=opening_range_sweep_fade_30m_0.5pt:direction=all:first_target_points=2:stop_points=10:runner_target_points=5:runner_stop_mode=initial,opening_range_sweep_fade_30m_0.5pt,all,2,10,5,initial,65,65,65,10,55,46,9,0,0,46,0.70769231,2500,420,6.46153846,28,37,"two-contract post-signal scalp: one contract exits at first target, one runner uses selected stop mode and runner target"
1,scaled_scalp_walk_forward_window=96:train_dates=20:holdout_dates=5,holdout,true,2026-05-04;2026-05-05;2026-05-06;2026-05-07;2026-05-08,signal_scaled_scalp:strategy=opening_range_sweep_fade_30m_0.5pt:direction=all:first_target_points=2:stop_points=10:runner_target_points=5:runner_stop_mode=initial,opening_range_sweep_fade_30m_0.5pt,all,2,10,5,initial,13,13,13,5,8,6,2,0,0,6,0.46153846,-3700,-4116,-316.61538462,2,11,"two-contract post-signal scalp: one contract exits at first target, one runner uses selected stop mode and runner target"
1,scaled_scalp_walk_forward_window=101:train_dates=20:holdout_dates=5,train,true,2026-04-09;2026-04-10;2026-04-13;2026-04-15;2026-04-16;2026-04-20;2026-04-21;2026-04-22;2026-04-23;2026-04-24;2026-04-27;2026-04-28;2026-04-29;2026-04-30;2026-05-01;2026-05-04;2026-05-05;2026-05-06;2026-05-07;2026-05-08,signal_scaled_scalp:strategy=opening_range_sweep_fade_30m_0.5pt:direction=all:first_target_points=2:stop_points=4:runner_target_points=15:runner_stop_mode=initial,opening_range_sweep_fade_30m_0.5pt,all,2,4,15,initial,65,65,65,22,43,14,28,1,0,15,0.23076923,937.5,-1142.5,-17.57692308,24,41,"two-contract post-signal scalp: one contract exits at first target, one runner uses selected stop mode and runner target"
1,scaled_scalp_walk_forward_window=101:train_dates=20:holdout_dates=5,holdout,true,2026-05-11;2026-05-12;2026-05-13;2026-05-14;2026-05-15,signal_scaled_scalp:strategy=opening_range_sweep_fade_30m_0.5pt:direction=all:first_target_points=2:stop_points=4:runner_target_points=15:runner_stop_mode=initial,opening_range_sweep_fade_30m_0.5pt,all,2,4,15,initial,14,14,14,2,12,4,8,0,0,4,0.28571429,1800,1352,96.57142857,3,11,"two-contract post-signal scalp: one contract exits at first target, one runner uses selected stop mode and runner target"
1,scaled_scalp_walk_forward_window=106:train_dates=20:holdout_dates=5,train,true,2026-04-20;2026-04-21;2026-04-22;2026-04-23;2026-04-24;2026-04-27;2026-04-28;2026-04-29;2026-04-30;2026-05-01;2026-05-04;2026-05-05;2026-05-06;2026-05-07;2026-05-08;2026-05-11;2026-05-12;2026-05-13;2026-05-14;2026-05-15,signal_scaled_scalp:strategy=opening_range_sweep_fade_30m_0.5pt:direction=all:first_target_points=5:stop_points=4:runner_target_points=20:runner_stop_mode=initial,opening_range_sweep_fade_30m_0.5pt,all,5,4,20,initial,63,63,63,32,31,12,18,1,0,31,0.49206349,3887.5,1871.5,29.70634921,23,40,"two-contract post-signal scalp: one contract exits at first target, one runner uses selected stop mode and runner target"
1,scaled_scalp_walk_forward_window=106:train_dates=20:holdout_dates=5,holdout,true,2026-05-18;2026-05-19;2026-05-20;2026-05-21;2026-05-22,signal_scaled_scalp:strategy=opening_range_sweep_fade_30m_0.5pt:direction=all:first_target_points=5:stop_points=4:runner_target_points=20:runner_stop_mode=initial,opening_range_sweep_fade_30m_0.5pt,all,5,4,20,initial,18,18,18,13,5,5,0,0,0,5,0.27777778,1050,474,26.33333333,14,4,"two-contract post-signal scalp: one contract exits at first target, one runner uses selected stop mode and runner target"
1,scaled_scalp_walk_forward_window=111:train_dates=20:holdout_dates=5,train,true,2026-04-27;2026-04-28;2026-04-29;2026-04-30;2026-05-01;2026-05-04;2026-05-05;2026-05-06;2026-05-07;2026-05-08;2026-05-11;2026-05-12;2026-05-13;2026-05-14;2026-05-15;2026-05-18;2026-05-19;2026-05-20;2026-05-21;2026-05-22,signal_scaled_scalp:strategy=opening_range_sweep_fade_30m_0.5pt:direction=all:first_target_points=5:stop_points=5:runner_target_points=20:runner_stop_mode=initial,opening_range_sweep_fade_30m_0.5pt,all,5,5,20,initial,64,64,64,28,36,17,18,1,0,18,0.28125,8037.5,5989.5,93.5859375,29,35,"two-contract post-signal scalp: one contract exits at first target, one runner uses selected stop mode and runner target"
1,scaled_scalp_walk_forward_window=111:train_dates=20:holdout_dates=5,holdout,true,2026-05-25;2026-05-26;2026-05-27;2026-05-28;2026-05-29,signal_scaled_scalp:strategy=opening_range_sweep_fade_30m_0.5pt:direction=all:first_target_points=5:stop_points=5:runner_target_points=20:runner_stop_mode=initial,opening_range_sweep_fade_30m_0.5pt,all,5,5,20,initial,25,25,25,7,17,4,3,11,0,15,0.6,9562.5,8762.5,350.5,21,4,"two-contract post-signal scalp: one contract exits at first target, one runner uses selected stop mode and runner target"
1,scaled_scalp_walk_forward_window=116:train_dates=20:holdout_dates=5,train,true,2026-05-04;2026-05-05;2026-05-06;2026-05-07;2026-05-08;2026-05-11;2026-05-12;2026-05-13;2026-05-14;2026-05-15;2026-05-18;2026-05-19;2026-05-20;2026-05-21;2026-05-22;2026-05-25;2026-05-26;2026-05-27;2026-05-28;2026-05-29,signal_scaled_scalp:strategy=opening_range_sweep_fade_30m_0.5pt:direction=all:first_target_points=5:stop_points=5:runner_target_points=20:runner_stop_mode=initial,opening_range_sweep_fade_30m_0.5pt,all,5,5,20,initial,70,70,70,30,39,17,12,11,0,28,0.4,14312.5,12072.5,172.46428571,40,30,"two-contract post-signal scalp: one contract exits at first target, one runner uses selected stop mode and runner target"
1,scaled_scalp_walk_forward_window=116:train_dates=20:holdout_dates=5,holdout,true,2026-06-01;2026-06-02;2026-06-03;2026-06-04;2026-06-05,signal_scaled_scalp:strategy=opening_range_sweep_fade_30m_0.5pt:direction=all:first_target_points=5:stop_points=5:runner_target_points=20:runner_stop_mode=initial,opening_range_sweep_fade_30m_0.5pt,all,5,5,20,initial,9,9,9,8,1,0,1,0,0,0,0,-4000,-4288,-476.44444444,4,5,"two-contract post-signal scalp: one contract exits at first target, one runner uses selected stop mode and runner target"
1,scaled_scalp_walk_forward_window=121:train_dates=20:holdout_dates=5,train,true,2026-05-11;2026-05-12;2026-05-13;2026-05-14;2026-05-15;2026-05-18;2026-05-19;2026-05-20;2026-05-21;2026-05-22;2026-05-25;2026-05-26;2026-05-27;2026-05-28;2026-05-29;2026-06-01;2026-06-02;2026-06-03;2026-06-04;2026-06-05,signal_scaled_scalp:strategy=opening_range_sweep_fade_30m_0.5pt:direction=all:first_target_points=2:stop_points=10:runner_target_points=15:runner_stop_mode=initial,opening_range_sweep_fade_30m_0.5pt,all,2,10,15,initial,66,66,66,5,61,30,23,8,0,35,0.53030303,12212.5,10100.5,153.03787879,42,24,"two-contract post-signal scalp: one contract exits at first target, one runner uses selected stop mode and runner target"
1,scaled_scalp_walk_forward_window=121:train_dates=20:holdout_dates=5,holdout,true,2026-06-08;2026-06-10;2026-06-11;2026-06-12;2026-06-17,signal_scaled_scalp:strategy=opening_range_sweep_fade_30m_0.5pt:direction=all:first_target_points=2:stop_points=10:runner_target_points=15:runner_stop_mode=initial,opening_range_sweep_fade_30m_0.5pt,all,2,10,15,initial,27,27,27,8,19,7,12,0,0,7,0.25925926,-6850,-7714,-285.7037037,16,11,"two-contract post-signal scalp: one contract exits at first target, one runner uses selected stop mode and runner target"
1,scaled_scalp_walk_forward_window=126:train_dates=20:holdout_dates=5,train,true,2026-05-18;2026-05-19;2026-05-20;2026-05-21;2026-05-22;2026-05-25;2026-05-26;2026-05-27;2026-05-28;2026-05-29;2026-06-01;2026-06-02;2026-06-03;2026-06-04;2026-06-05;2026-06-08;2026-06-10;2026-06-11;2026-06-12;2026-06-17,signal_scaled_scalp:strategy=opening_range_sweep_fade_30m_0.5pt:direction=all:first_target_points=5:stop_points=5:runner_target_points=20:runner_stop_mode=initial,opening_range_sweep_fade_30m_0.5pt,all,5,5,20,initial,79,79,79,42,36,16,10,11,0,27,0.34177215,7062.5,4534.5,57.39873418,55,24,"two-contract post-signal scalp: one contract exits at first target, one runner uses selected stop mode and runner target"
1,scaled_scalp_walk_forward_window=126:train_dates=20:holdout_dates=5,holdout,true,2026-06-19;2026-06-22;2026-06-23;2026-06-24;2026-06-29,signal_scaled_scalp:strategy=opening_range_sweep_fade_30m_0.5pt:direction=all:first_target_points=5:stop_points=5:runner_target_points=20:runner_stop_mode=initial,opening_range_sweep_fade_30m_0.5pt,all,5,5,20,initial,18,18,18,9,9,5,0,4,0,9,0.5,3600,3024,168,4,14,"two-contract post-signal scalp: one contract exits at first target, one runner uses selected stop mode and runner target"
1,scaled_scalp_walk_forward_window=1:train_dates=20:holdout_dates=5,train,true,2025-11-05;2025-11-06;2025-11-07;2025-11-12;2025-11-17;2025-11-18;2025-11-19;2025-11-20;2025-11-21;2025-11-24;2025-11-25;2025-11-26;2025-12-01;2025-12-02;2025-12-03;2025-12-10;2025-12-11;2025-12-15;2025-12-18;2025-12-19,signal_scaled_scalp:strategy=vwap_pullback_continue_8pt_pb2pt:direction=all:first_target_points=5:stop_points=10:runner_target_points=20:runner_stop_mode=initial,vwap_pullback_continue_8pt_pb2pt,all,5,10,20,initial,31,31,31,9,22,15,6,1,0,16,0.51612903,8787.5,7795.5,251.46774194,16,15,"two-contract post-signal scalp: one contract exits at first target, one runner uses selected stop mode and runner target"
1,scaled_scalp_walk_forward_window=1:train_dates=20:holdout_dates=5,holdout,true,2025-12-26;2026-01-02;2026-01-08;2026-01-09;2026-01-14,signal_scaled_scalp:strategy=vwap_pullback_continue_8pt_pb2pt:direction=all:first_target_points=5:stop_points=10:runner_target_points=20:runner_stop_mode=initial,vwap_pullback_continue_8pt_pb2pt,all,5,10,20,initial,9,9,9,4,5,2,2,1,0,3,0.33333333,-1187.5,-1475.5,-163.94444444,5,4,"two-contract post-signal scalp: one contract exits at first target, one runner uses selected stop mode and runner target"
1,scaled_scalp_walk_forward_window=6:train_dates=20:holdout_dates=5,train,true,2025-11-18;2025-11-19;2025-11-20;2025-11-21;2025-11-24;2025-11-25;2025-11-26;2025-12-01;2025-12-02;2025-12-03;2025-12-10;2025-12-11;2025-12-15;2025-12-18;2025-12-19;2025-12-26;2026-01-02;2026-01-08;2026-01-09;2026-01-14,signal_scaled_scalp:strategy=vwap_pullback_continue_8pt_pb2pt:direction=all:first_target_points=5:stop_points=4:runner_target_points=20:runner_stop_mode=initial,vwap_pullback_continue_8pt_pb2pt,all,5,4,20,initial,31,31,31,15,16,8,8,0,0,16,0.51612903,4400,3408,109.93548387,17,14,"two-contract post-signal scalp: one contract exits at first target, one runner uses selected stop mode and runner target"
1,scaled_scalp_walk_forward_window=6:train_dates=20:holdout_dates=5,holdout,true,2026-01-20;2026-01-21;2026-01-30;2026-02-02;2026-02-03,signal_scaled_scalp:strategy=vwap_pullback_continue_8pt_pb2pt:direction=all:first_target_points=5:stop_points=4:runner_target_points=20:runner_stop_mode=initial,vwap_pullback_continue_8pt_pb2pt,all,5,4,20,initial,9,9,9,6,3,2,1,0,0,3,0.33333333,150,-138,-15.33333333,7,2,"two-contract post-signal scalp: one contract exits at first target, one runner uses selected stop mode and runner target"
1,scaled_scalp_walk_forward_window=11:train_dates=20:holdout_dates=5,train,true,2025-11-25;2025-11-26;2025-12-01;2025-12-02;2025-12-03;2025-12-10;2025-12-11;2025-12-15;2025-12-18;2025-12-19;2025-12-26;2026-01-02;2026-01-08;2026-01-09;2026-01-14;2026-01-20;2026-01-21;2026-01-30;2026-02-02;2026-02-03,signal_scaled_scalp:strategy=vwap_pullback_continue_8pt_pb2pt:direction=all:first_target_points=4:stop_points=4:runner_target_points=20:runner_stop_mode=initial,vwap_pullback_continue_8pt_pb2pt,all,4,4,20,initial,31,31,31,14,17,9,8,0,0,9,0.29032258,5200,4208,135.74193548,20,11,"two-contract post-signal scalp: one contract exits at first target, one runner uses selected stop mode and runner target"
1,scaled_scalp_walk_forward_window=11:train_dates=20:holdout_dates=5,holdout,true,2026-02-04;2026-02-05;2026-02-06;2026-02-09;2026-02-10,signal_scaled_scalp:strategy=vwap_pullback_continue_8pt_pb2pt:direction=all:first_target_points=4:stop_points=4:runner_target_points=20:runner_stop_mode=initial,vwap_pullback_continue_8pt_pb2pt,all,4,4,20,initial,11,11,11,5,6,1,5,0,0,1,0.09090909,-800,-1152,-104.72727273,8,3,"two-contract post-signal scalp: one contract exits at first target, one runner uses selected stop mode and runner target"
1,scaled_scalp_walk_forward_window=16:train_dates=20:holdout_dates=5,train,true,2025-12-10;2025-12-11;2025-12-15;2025-12-18;2025-12-19;2025-12-26;2026-01-02;2026-01-08;2026-01-09;2026-01-14;2026-01-20;2026-01-21;2026-01-30;2026-02-02;2026-02-03;2026-02-04;2026-02-05;2026-02-06;2026-02-09;2026-02-10,signal_scaled_scalp:strategy=vwap_pullback_continue_8pt_pb2pt:direction=all:first_target_points=5:stop_points=4:runner_target_points=10:runner_stop_mode=initial,vwap_pullback_continue_8pt_pb2pt,all,5,4,10,initial,35,35,35,17,18,15,3,0,0,18,0.51428571,4600,3480,99.42857143,24,11,"two-contract post-signal scalp: one contract exits at first target, one runner uses selected stop mode and runner target"
1,scaled_scalp_walk_forward_window=16:train_dates=20:holdout_dates=5,holdout,true,2026-02-11;2026-02-12;2026-02-13;2026-02-17;2026-02-19,signal_scaled_scalp:strategy=vwap_pullback_continue_8pt_pb2pt:direction=all:first_target_points=5:stop_points=4:runner_target_points=10:runner_stop_mode=initial,vwap_pullback_continue_8pt_pb2pt,all,5,4,10,initial,10,10,10,5,5,4,1,0,0,5,0.5,1050,730,73,6,4,"two-contract post-signal scalp: one contract exits at first target, one runner uses selected stop mode and runner target"
1,scaled_scalp_walk_forward_window=21:train_dates=20:holdout_dates=5,train,true,2025-12-26;2026-01-02;2026-01-08;2026-01-09;2026-01-14;2026-01-20;2026-01-21;2026-01-30;2026-02-02;2026-02-03;2026-02-04;2026-02-05;2026-02-06;2026-02-09;2026-02-10;2026-02-11;2026-02-12;2026-02-13;2026-02-17;2026-02-19,signal_scaled_scalp:strategy=vwap_pullback_continue_8pt_pb2pt:direction=all:first_target_points=5:stop_points=4:runner_target_points=20:runner_stop_mode=initial,vwap_pullback_continue_8pt_pb2pt,all,5,4,20,initial,39,39,39,20,19,9,10,0,0,19,0.48717949,3750,2502,64.15384615,26,13,"two-contract post-signal scalp: one contract exits at first target, one runner uses selected stop mode and runner target"
1,scaled_scalp_walk_forward_window=21:train_dates=20:holdout_dates=5,holdout,true,2026-02-20;2026-02-27;2026-03-02;2026-03-03;2026-03-04,signal_scaled_scalp:strategy=vwap_pullback_continue_8pt_pb2pt:direction=all:first_target_points=5:stop_points=4:runner_target_points=20:runner_stop_mode=initial,vwap_pullback_continue_8pt_pb2pt,all,5,4,20,initial,11,11,11,6,5,3,2,0,0,5,0.45454545,1450,1098,99.81818182,11,0,"two-contract post-signal scalp: one contract exits at first target, one runner uses selected stop mode and runner target"
1,scaled_scalp_walk_forward_window=26:train_dates=20:holdout_dates=5,train,true,2026-01-20;2026-01-21;2026-01-30;2026-02-02;2026-02-03;2026-02-04;2026-02-05;2026-02-06;2026-02-09;2026-02-10;2026-02-11;2026-02-12;2026-02-13;2026-02-17;2026-02-19;2026-02-20;2026-02-27;2026-03-02;2026-03-03;2026-03-04,signal_scaled_scalp:strategy=vwap_pullback_continue_8pt_pb2pt:direction=all:first_target_points=5:stop_points=4:runner_target_points=20:runner_stop_mode=initial,vwap_pullback_continue_8pt_pb2pt,all,5,4,20,initial,41,41,41,22,19,10,9,0,0,19,0.46341463,4150,2838,69.2195122,32,9,"two-contract post-signal scalp: one contract exits at first target, one runner uses selected stop mode and runner target"
1,scaled_scalp_walk_forward_window=26:train_dates=20:holdout_dates=5,holdout,true,2026-03-05;2026-03-06;2026-03-09;2026-03-10;2026-03-11,signal_scaled_scalp:strategy=vwap_pullback_continue_8pt_pb2pt:direction=all:first_target_points=5:stop_points=4:runner_target_points=20:runner_stop_mode=initial,vwap_pullback_continue_8pt_pb2pt,all,5,4,20,initial,10,10,10,7,3,1,2,0,0,3,0.3,-1450,-1770,-177,3,7,"two-contract post-signal scalp: one contract exits at first target, one runner uses selected stop mode and runner target"
1,scaled_scalp_walk_forward_window=31:train_dates=20:holdout_dates=5,train,true,2026-02-04;2026-02-05;2026-02-06;2026-02-09;2026-02-10;2026-02-11;2026-02-12;2026-02-13;2026-02-17;2026-02-19;2026-02-20;2026-02-27;2026-03-02;2026-03-03;2026-03-04;2026-03-05;2026-03-06;2026-03-09;2026-03-10;2026-03-11,signal_scaled_scalp:strategy=vwap_pullback_continue_8pt_pb2pt:direction=all:first_target_points=5:stop_points=4:runner_target_points=20:runner_stop_mode=initial,vwap_pullback_continue_8pt_pb2pt,all,5,4,20,initial,42,42,42,23,19,9,10,0,0,19,0.45238095,2550,1206,28.71428571,28,14,"two-contract post-signal scalp: one contract exits at first target, one runner uses selected stop mode and runner target"
1,scaled_scalp_walk_forward_window=31:train_dates=20:holdout_dates=5,holdout,true,2026-03-12;2026-03-13;2026-03-16;2026-03-17;2026-03-18,signal_scaled_scalp:strategy=vwap_pullback_continue_8pt_pb2pt:direction=all:first_target_points=5:stop_points=4:runner_target_points=20:runner_stop_mode=initial,vwap_pullback_continue_8pt_pb2pt,all,5,4,20,initial,11,11,11,10,1,0,1,0,0,1,0.09090909,-3950,-4302,-391.09090909,1,10,"two-contract post-signal scalp: one contract exits at first target, one runner uses selected stop mode and runner target"
1,scaled_scalp_walk_forward_window=36:train_dates=20:holdout_dates=5,train,true,2026-02-11;2026-02-12;2026-02-13;2026-02-17;2026-02-19;2026-02-20;2026-02-27;2026-03-02;2026-03-03;2026-03-04;2026-03-05;2026-03-06;2026-03-09;2026-03-10;2026-03-11;2026-03-12;2026-03-13;2026-03-16;2026-03-17;2026-03-18,signal_scaled_scalp:strategy=vwap_pullback_continue_8pt_pb2pt:direction=all:first_target_points=5:stop_points=10:runner_target_points=20:runner_stop_mode=initial,vwap_pullback_continue_8pt_pb2pt,all,5,10,20,initial,42,42,42,15,27,18,9,0,0,18,0.42857143,5250,3906,93,21,21,"two-contract post-signal scalp: one contract exits at first target, one runner uses selected stop mode and runner target"
1,scaled_scalp_walk_forward_window=36:train_dates=20:holdout_dates=5,holdout,true,2026-03-19;2026-03-20;2026-03-24;2026-03-25;2026-03-27,signal_scaled_scalp:strategy=vwap_pullback_continue_8pt_pb2pt:direction=all:first_target_points=5:stop_points=10:runner_target_points=20:runner_stop_mode=initial,vwap_pullback_continue_8pt_pb2pt,all,5,10,20,initial,14,14,14,9,5,1,4,0,0,1,0.07142857,-8750,-9198,-657,7,7,"two-contract post-signal scalp: one contract exits at first target, one runner uses selected stop mode and runner target"
1,scaled_scalp_walk_forward_window=41:train_dates=20:holdout_dates=5,train,true,2026-02-20;2026-02-27;2026-03-02;2026-03-03;2026-03-04;2026-03-05;2026-03-06;2026-03-09;2026-03-10;2026-03-11;2026-03-12;2026-03-13;2026-03-16;2026-03-17;2026-03-18;2026-03-19;2026-03-20;2026-03-24;2026-03-25;2026-03-27,signal_scaled_scalp:strategy=vwap_pullback_continue_8pt_pb2pt:direction=all:first_target_points=2:stop_points=10:runner_target_points=15:runner_stop_mode=initial,vwap_pullback_continue_8pt_pb2pt,all,2,10,15,initial,46,46,46,12,34,18,16,0,0,18,0.39130435,-3100,-4572,-99.39130435,22,24,"two-contract post-signal scalp: one contract exits at first target, one runner uses selected stop mode and runner target"
1,scaled_scalp_walk_forward_window=41:train_dates=20:holdout_dates=5,holdout,true,2026-03-30;2026-03-31;2026-04-02;2026-04-06;2026-04-07,signal_scaled_scalp:strategy=vwap_pullback_continue_8pt_pb2pt:direction=all:first_target_points=2:stop_points=10:runner_target_points=15:runner_stop_mode=initial,vwap_pullback_continue_8pt_pb2pt,all,2,10,15,initial,12,12,12,2,10,1,9,0,0,1,0.08333333,-4750,-5134,-427.83333333,5,7,"two-contract post-signal scalp: one contract exits at first target, one runner uses selected stop mode and runner target"
1,scaled_scalp_walk_forward_window=46:train_dates=20:holdout_dates=5,train,true,2026-03-05;2026-03-06;2026-03-09;2026-03-10;2026-03-11;2026-03-12;2026-03-13;2026-03-16;2026-03-17;2026-03-18;2026-03-19;2026-03-20;2026-03-24;2026-03-25;2026-03-27;2026-03-30;2026-03-31;2026-04-02;2026-04-06;2026-04-07,signal_scaled_scalp:strategy=vwap_pullback_continue_8pt_pb2pt:direction=all:first_target_points=2:stop_points=10:runner_target_points=5:runner_stop_mode=breakeven,vwap_pullback_continue_8pt_pb2pt,all,2,10,5,breakeven,47,47,47,11,36,0,36,0,0,36,0.76595745,-7400,-8904,-189.44680851,16,31,"two-contract post-signal scalp: one contract exits at first target, one runner uses selected stop mode and runner target"
1,scaled_scalp_walk_forward_window=46:train_dates=20:holdout_dates=5,holdout,true,2026-04-08;2026-04-09;2026-04-23;2026-04-29;2026-04-30,signal_scaled_scalp:strategy=vwap_pullback_continue_8pt_pb2pt:direction=all:first_target_points=2:stop_points=10:runner_target_points=5:runner_stop_mode=breakeven,vwap_pullback_continue_8pt_pb2pt,all,2,10,5,breakeven,7,7,7,1,6,0,6,0,0,6,0.85714286,-400,-624,-89.14285714,2,5,"two-contract post-signal scalp: one contract exits at first target, one runner uses selected stop mode and runner target"
1,scaled_scalp_walk_forward_window=51:train_dates=20:holdout_dates=5,train,true,2026-03-12;2026-03-13;2026-03-16;2026-03-17;2026-03-18;2026-03-19;2026-03-20;2026-03-24;2026-03-25;2026-03-27;2026-03-30;2026-03-31;2026-04-02;2026-04-06;2026-04-07;2026-04-08;2026-04-09;2026-04-23;2026-04-29;2026-04-30,signal_scaled_scalp:strategy=vwap_pullback_continue_8pt_pb2pt:direction=all:first_target_points=2:stop_points=10:runner_target_points=20:runner_stop_mode=initial,vwap_pullback_continue_8pt_pb2pt,all,2,10,20,initial,44,44,44,9,35,12,23,0,0,12,0.27272727,-5000,-6408,-145.63636364,15,29,"two-contract post-signal scalp: one contract exits at first target, one runner uses selected stop mode and runner target"
1,scaled_scalp_walk_forward_window=51:train_dates=20:holdout_dates=5,holdout,true,2026-05-04;2026-05-07;2026-05-08;2026-05-18;2026-05-19,signal_scaled_scalp:strategy=vwap_pullback_continue_8pt_pb2pt:direction=all:first_target_points=2:stop_points=10:runner_target_points=20:runner_stop_mode=initial,vwap_pullback_continue_8pt_pb2pt,all,2,10,20,initial,10,10,10,0,10,4,6,0,0,4,0.4,2000,1680,168,3,7,"two-contract post-signal scalp: one contract exits at first target, one runner uses selected stop mode and runner target"
1,scaled_scalp_walk_forward_window=56:train_dates=20:holdout_dates=5,train,true,2026-03-19;2026-03-20;2026-03-24;2026-03-25;2026-03-27;2026-03-30;2026-03-31;2026-04-02;2026-04-06;2026-04-07;2026-04-08;2026-04-09;2026-04-23;2026-04-29;2026-04-30;2026-05-04;2026-05-07;2026-05-08;2026-05-18;2026-05-19,signal_scaled_scalp:strategy=vwap_pullback_continue_8pt_pb2pt:direction=all:first_target_points=5:stop_points=4:runner_target_points=20:runner_stop_mode=initial,vwap_pullback_continue_8pt_pb2pt,all,5,4,20,initial,43,43,43,28,15,8,7,0,0,15,0.34883721,-850,-2226,-51.76744186,17,26,"two-contract post-signal scalp: one contract exits at first target, one runner uses selected stop mode and runner target"
1,scaled_scalp_walk_forward_window=56:train_dates=20:holdout_dates=5,holdout,true,2026-05-20;2026-05-21;2026-05-22;2026-05-27;2026-05-28,signal_scaled_scalp:strategy=vwap_pullback_continue_8pt_pb2pt:direction=all:first_target_points=5:stop_points=4:runner_target_points=20:runner_stop_mode=initial,vwap_pullback_continue_8pt_pb2pt,all,5,4,20,initial,8,8,8,5,3,1,2,0,0,3,0.375,-650,-906,-113.25,3,5,"two-contract post-signal scalp: one contract exits at first target, one runner uses selected stop mode and runner target"
1,scaled_scalp_walk_forward_window=61:train_dates=20:holdout_dates=5,train,true,2026-03-30;2026-03-31;2026-04-02;2026-04-06;2026-04-07;2026-04-08;2026-04-09;2026-04-23;2026-04-29;2026-04-30;2026-05-04;2026-05-07;2026-05-08;2026-05-18;2026-05-19;2026-05-20;2026-05-21;2026-05-22;2026-05-27;2026-05-28,signal_scaled_scalp:strategy=vwap_pullback_continue_8pt_pb2pt:direction=all:first_target_points=5:stop_points=4:runner_target_points=20:runner_stop_mode=initial,vwap_pullback_continue_8pt_pb2pt,all,5,4,20,initial,37,37,37,22,15,8,7,0,0,15,0.40540541,1550,366,9.89189189,13,24,"two-contract post-signal scalp: one contract exits at first target, one runner uses selected stop mode and runner target"
1,scaled_scalp_walk_forward_window=61:train_dates=20:holdout_dates=5,holdout,true,2026-06-01;2026-06-04;2026-06-08;2026-06-09;2026-06-10,signal_scaled_scalp:strategy=vwap_pullback_continue_8pt_pb2pt:direction=all:first_target_points=5:stop_points=4:runner_target_points=20:runner_stop_mode=initial,vwap_pullback_continue_8pt_pb2pt,all,5,4,20,initial,9,9,9,6,3,2,1,0,0,3,0.33333333,150,-138,-15.33333333,4,5,"two-contract post-signal scalp: one contract exits at first target, one runner uses selected stop mode and runner target"
1,scaled_scalp_walk_forward_window=66:train_dates=20:holdout_dates=5,train,true,2026-04-08;2026-04-09;2026-04-23;2026-04-29;2026-04-30;2026-05-04;2026-05-07;2026-05-08;2026-05-18;2026-05-19;2026-05-20;2026-05-21;2026-05-22;2026-05-27;2026-05-28;2026-06-01;2026-06-04;2026-06-08;2026-06-09;2026-06-10,signal_scaled_scalp:strategy=vwap_pullback_continue_8pt_pb2pt:direction=all:first_target_points=3:stop_points=10:runner_target_points=20:runner_stop_mode=initial,vwap_pullback_continue_8pt_pb2pt,all,3,10,20,initial,34,34,34,3,31,15,16,0,0,15,0.44117647,8650,7562,222.41176471,12,22,"two-contract post-signal scalp: one contract exits at first target, one runner uses selected stop mode and runner target"
1,scaled_scalp_walk_forward_window=66:train_dates=20:holdout_dates=5,holdout,true,2026-06-11;2026-06-12;2026-06-16;2026-06-17;2026-06-18,signal_scaled_scalp:strategy=vwap_pullback_continue_8pt_pb2pt:direction=all:first_target_points=3:stop_points=10:runner_target_points=20:runner_stop_mode=initial,vwap_pullback_continue_8pt_pb2pt,all,3,10,20,initial,15,15,15,3,12,5,7,0,0,5,0.33333333,300,-180,-12,6,9,"two-contract post-signal scalp: one contract exits at first target, one runner uses selected stop mode and runner target"
